ISO-10303-21;
HEADER;
FILE_DESCRIPTION (( 'STEP AP214' ),
    '1' );
FILE_NAME ('MTR-HLD_ASM.STEP',
    '2025-07-15T13:07:12',
    ( '' ),
    ( '' ),
    'SwSTEP 2.0',
    'SolidWorks 2023',
    '' );
FILE_SCHEMA (( 'AUTOMOTIVE_DESIGN' ));
ENDSEC;

DATA;
#1 = ORIENTED_EDGE ( 'NONE', *, *, #3852, .F. ) ;
#2 = PLANE ( 'NONE',  #7668 ) ;
#3 = CARTESIAN_POINT ( 'NONE',  ( 4.000000000000000000, -3.380207847158609940E-15, -3.047500000000000764 ) ) ;
#4 = PLANE ( 'NONE',  #8025 ) ;
#5 = ORIENTED_EDGE ( 'NONE', *, *, #1555, .T. ) ;
#6 = DIRECTION ( 'NONE',  ( -0.000000000000000000, -0.000000000000000000, 1.000000000000000000 ) ) ;
#7 = DIRECTION ( 'NONE',  ( 0.000000000000000000, 0.000000000000000000, 1.000000000000000000 ) ) ;
#8 = CIRCLE ( 'NONE', #803, 3.000000000000004441 ) ;
#9 = DIRECTION ( 'NONE',  ( 0.000000000000000000, -1.000000000000000000, 0.000000000000000000 ) ) ;
#10 = AXIS2_PLACEMENT_3D ( 'NONE', #6785, #1188, #3682 ) ;
#11 = EDGE_LOOP ( 'NONE', ( #116, #990, #7474, #5822 ) ) ;
#12 = ORIENTED_EDGE ( 'NONE', *, *, #3426, .T. ) ;
#13 = PLANE ( 'NONE',  #6783 ) ;
#14 = LINE ( 'NONE', #2523, #6182 ) ;
#15 = ORIENTED_EDGE ( 'NONE', *, *, #3347, .F. ) ;
#16 = ORIENTED_EDGE ( 'NONE', *, *, #4521, .T. ) ;
#17 = DIRECTION ( 'NONE',  ( -0.000000000000000000, 0.000000000000000000, 1.000000000000000000 ) ) ;
#18 = LINE ( 'NONE', #4977, #3692 ) ;
#19 = LINE ( 'NONE', #1311, #7228 ) ;
#20 = ORIENTED_EDGE ( 'NONE', *, *, #4555, .F. ) ;
#21 = CIRCLE ( 'NONE', #818, 4.000000000000001776 ) ;
#22 = DIRECTION ( 'NONE',  ( 0.000000000000000000, 0.000000000000000000, 1.000000000000000000 ) ) ;
#23 = FACE_BOUND ( 'NONE', #6819, .T. ) ;
#24 = ORIENTED_EDGE ( 'NONE', *, *, #7733, .F. ) ;
#25 = DIRECTION ( 'NONE',  ( -1.000000000000000000, 0.000000000000000000, 0.000000000000000000 ) ) ;
#26 = DIRECTION ( 'NONE',  ( -0.000000000000000000, -0.000000000000000000, -1.000000000000000000 ) ) ;
#27 = DIRECTION ( 'NONE',  ( 1.000000000000000000, -0.000000000000000000, -0.000000000000000000 ) ) ;
#28 = DIRECTION ( 'NONE',  ( -0.000000000000000000, -0.000000000000000000, 1.000000000000000000 ) ) ;
#29 = AXIS2_PLACEMENT_3D ( 'NONE', #630, #4485, #5138 ) ;
#30 = AXIS2_PLACEMENT_3D ( 'NONE', #539, #8075, #1783 ) ;
#31 = AXIS2_PLACEMENT_3D ( 'NONE', #4966, #1299, #3164 ) ;
#32 = VERTEX_POINT ( 'NONE', #1562 ) ;
#33 = VECTOR ( 'NONE', #3123, 1000.000000000000000 ) ;
#34 = CARTESIAN_POINT ( 'NONE',  ( -25.00000000000000355, -1.387778780781445676E-14, 0.5000000000000004441 ) ) ;
#35 = EDGE_CURVE ( 'NONE', #6974, #3115, #7159, .T. ) ;
#36 = VECTOR ( 'NONE', #3206, 1000.000000000000000 ) ;
#37 = VERTEX_POINT ( 'NONE', #869 ) ;
#38 = FACE_OUTER_BOUND ( 'NONE', #1439, .T. ) ;
#39 = DIRECTION ( 'NONE',  ( -0.000000000000000000, 0.000000000000000000, 1.000000000000000000 ) ) ;
#40 = CARTESIAN_POINT ( 'NONE',  ( 7.000000000000002665, 0.000000000000000000, 0.000000000000000000 ) ) ;
#41 = CIRCLE ( 'NONE', #3320, 0.2500000000000002220 ) ;
#42 = ADVANCED_FACE ( 'NONE', ( #207 ), #5900, .T. ) ;
#43 = CIRCLE ( 'NONE', #2926, 2.042000000000000259 ) ;
#44 = EDGE_CURVE ( 'NONE', #6833, #2520, #320, .T. ) ;
#45 = EDGE_LOOP ( 'NONE', ( #3158, #5968 ) ) ;
#46 = EDGE_CURVE ( 'NONE', #4552, #7302, #161, .T. ) ;
#47 = AXIS2_PLACEMENT_3D ( 'NONE', #7430, #514, #6206 ) ;
#48 = CARTESIAN_POINT ( 'NONE',  ( 33.49999999999998579, 15.00000000000000000, 7.500000000000000000 ) ) ;
#49 = CYLINDRICAL_SURFACE ( 'NONE', #2360, 7.500000000000000000 ) ;
#50 = CARTESIAN_POINT ( 'NONE',  ( 0.000000000000000000, 0.000000000000000000, 0.000000000000000000 ) ) ;
#51 = AXIS2_PLACEMENT_3D ( 'NONE', #3488, #329, #5333 ) ;
#52 = ORIENTED_EDGE ( 'NONE', *, *, #5309, .T. ) ;
#53 = DIRECTION ( 'NONE',  ( 1.000000000000000000, 0.000000000000000000, 0.000000000000000000 ) ) ;
#54 = CARTESIAN_POINT ( 'NONE',  ( 2.500000000000000000, 1.768423874527822237, -1.021000000000002572 ) ) ;
#55 = CARTESIAN_POINT ( 'NONE',  ( 0.000000000000000000, 0.000000000000000000, -5.700000000000001066 ) ) ;
#56 = ORIENTED_EDGE ( 'NONE', *, *, #2855, .F. ) ;
#57 = VERTEX_POINT ( 'NONE', #4017 ) ;
#58 = DIRECTION ( 'NONE',  ( -0.000000000000000000, -0.000000000000000000, 1.000000000000000000 ) ) ;
#59 = PLANE ( 'NONE',  #5676 ) ;
#60 = ORIENTED_EDGE ( 'NONE', *, *, #5302, .T. ) ;
#61 = EDGE_LOOP ( 'NONE', ( #4936, #7663, #4368, #4056 ) ) ;
#62 = DIRECTION ( 'NONE',  ( -0.000000000000000000, -0.000000000000000000, 1.000000000000000000 ) ) ;
#63 = CARTESIAN_POINT ( 'NONE',  ( 25.00000000000000711, 33.51954211927168359, 24.99999999999999645 ) ) ;
#64 = ORIENTED_EDGE ( 'NONE', *, *, #3393, .F. ) ;
#65 = ADVANCED_FACE ( 'NONE', ( #2748 ), #5860, .T. ) ;
#66 = DIRECTION ( 'NONE',  ( -0.7222162265635112544, -0.6916673493004875661, 0.000000000000000000 ) ) ;
#67 = CARTESIAN_POINT ( 'NONE',  ( 19.30950000000002120, 4.898587196589415787E-16, -4.000000000000001776 ) ) ;
#68 = ORIENTED_EDGE ( 'NONE', *, *, #3608, .T. ) ;
#69 = LINE ( 'NONE', #6253, #2241 ) ;
#70 = CARTESIAN_POINT ( 'NONE',  ( 3.750000000000006661, 1.951563910473911531E-15, 7.249999999999999112 ) ) ;
#71 = DIRECTION ( 'NONE',  ( -1.000000000000000000, 0.000000000000000000, -0.000000000000000000 ) ) ;
#72 = VECTOR ( 'NONE', #971, 1000.000000000000000 ) ;
#73 = ORIENTED_EDGE ( 'NONE', *, *, #798, .T. ) ;
#74 = CIRCLE ( 'NONE', #6093, 5.000000000000001776 ) ;
#75 = FACE_OUTER_BOUND ( 'NONE', #3904, .T. ) ;
#76 = ORIENTED_EDGE ( 'NONE', *, *, #4253, .F. ) ;
#77 = CARTESIAN_POINT ( 'NONE',  ( -40.00000000000000000, -15.00000000000000000, -15.50000000000000355 ) ) ;
#78 = ORIENTED_EDGE ( 'NONE', *, *, #6366, .T. ) ;
#79 = CARTESIAN_POINT ( 'NONE',  ( 25.00000000000000711, 32.50000000000000000, -120.0000000000000000 ) ) ;
#80 = EDGE_CURVE ( 'NONE', #6037, #5513, #7817, .T. ) ;
#81 = CARTESIAN_POINT ( 'NONE',  ( -31.74999999999995737, 0.000000000000000000, 4.000000000000001776 ) ) ;
#82 = DIRECTION ( 'NONE',  ( 0.000000000000000000, 0.000000000000000000, -1.000000000000000000 ) ) ;
#83 = AXIS2_PLACEMENT_3D ( 'NONE', #3757, #140, #601 ) ;
#84 = VERTEX_POINT ( 'NONE', #3893 ) ;
#85 = DIRECTION ( 'NONE',  ( 1.000000000000000000, 0.000000000000000000, 0.000000000000000000 ) ) ;
#86 = ADVANCED_FACE ( 'NONE', ( #6426 ), #1199, .T. ) ;
#87 = CARTESIAN_POINT ( 'NONE',  ( 45.00000000000002132, -40.00000000000000711, 7.500000000000000000 ) ) ;
#88 = ADVANCED_FACE ( 'NONE', ( #7691 ), #2093, .F. ) ;
#89 = DIRECTION ( 'NONE',  ( 1.000000000000000000, 0.000000000000000000, 0.000000000000000000 ) ) ;
#90 = ORIENTED_EDGE ( 'NONE', *, *, #1105, .T. ) ;
#91 = DIRECTION ( 'NONE',  ( 1.224646799147353207E-16, 1.000000000000000000, -0.000000000000000000 ) ) ;
#92 = CARTESIAN_POINT ( 'NONE',  ( -40.00000000000000711, -25.00000000000000000, -120.0000000000000000 ) ) ;
#93 = LINE ( 'NONE', #2597, #7751 ) ;
#94 = ADVANCED_FACE ( 'NONE', ( #1524 ), #3022, .F. ) ;
#95 = EDGE_CURVE ( 'NONE', #3770, #1500, #669, .T. ) ;
#96 = AXIS2_PLACEMENT_3D ( 'NONE', #5692, #654, #3768 ) ;
#97 = EDGE_LOOP ( 'NONE', ( #4335, #5842, #3153, #6220, #3932 ) ) ;
#98 = EDGE_LOOP ( 'NONE', ( #7577, #4748, #2525, #850 ) ) ;
#99 = DIRECTION ( 'NONE',  ( 0.000000000000000000, 0.000000000000000000, -1.000000000000000000 ) ) ;
#100 = CARTESIAN_POINT ( 'NONE',  ( 8.000000000000000000, 0.000000000000000000, -4.400000000000002132 ) ) ;
#101 = EDGE_LOOP ( 'NONE', ( #7517, #7806 ) ) ;
#102 = ORIENTED_EDGE ( 'NONE', *, *, #1723, .F. ) ;
#103 = CARTESIAN_POINT ( 'NONE',  ( 32.50000000000000711, 32.50000000000000000, -123.0000000000000000 ) ) ;
#104 = AXIS2_PLACEMENT_3D ( 'NONE', #2023, #1370, #6389 ) ;
#105 = ADVANCED_FACE ( 'NONE', ( #2906 ), #1602, .T. ) ;
#106 = VERTEX_POINT ( 'NONE', #7324 ) ;
#107 = DIRECTION ( 'NONE',  ( 0.000000000000000000, -0.000000000000000000, -1.000000000000000000 ) ) ;
#108 = FACE_OUTER_BOUND ( 'NONE', #1685, .T. ) ;
#109 = ORIENTED_EDGE ( 'NONE', *, *, #5003, .T. ) ;
#110 = CYLINDRICAL_SURFACE ( 'NONE', #6275, 0.2500000000000002220 ) ;
#111 = CYLINDRICAL_SURFACE ( 'NONE', #5634, 25.00000000000000000 ) ;
#112 = CARTESIAN_POINT ( 'NONE',  ( 0.000000000000000000, 0.000000000000000000, -135.0000000000000000 ) ) ;
#113 = AXIS2_PLACEMENT_3D ( 'NONE', #7063, #4582, #5235 ) ;
#114 = ORIENTED_EDGE ( 'NONE', *, *, #1353, .T. ) ;
#115 = DIRECTION ( 'NONE',  ( -0.000000000000000000, -0.000000000000000000, 1.000000000000000000 ) ) ;
#116 = ORIENTED_EDGE ( 'NONE', *, *, #3250, .F. ) ;
#117 = ORIENTED_EDGE ( 'NONE', *, *, #863, .T. ) ;
#118 = PLANE ( 'NONE',  #3589 ) ;
#119 = DIRECTION ( 'NONE',  ( -0.000000000000000000, -0.000000000000000000, 1.000000000000000000 ) ) ;
#120 = SPHERICAL_SURFACE ( 'NONE', #2155, 0.2500000000000000000 ) ;
#121 = AXIS2_PLACEMENT_3D ( 'NONE', #3064, #1186, #2257 ) ;
#122 = EDGE_LOOP ( 'NONE', ( #216, #1795, #1458, #3225 ) ) ;
#123 = CARTESIAN_POINT ( 'NONE',  ( 40.00000000000000711, 25.00000000000000000, -15.00000000000001421 ) ) ;
#124 = EDGE_CURVE ( 'NONE', #6840, #5895, #4220, .T. ) ;
#125 = DIRECTION ( 'NONE',  ( -1.000000000000000000, 0.000000000000000000, 0.000000000000000000 ) ) ;
#126 = LINE ( 'NONE', #1947, #5159 ) ;
#127 = ORIENTED_EDGE ( 'NONE', *, *, #6790, .T. ) ;
#128 = CARTESIAN_POINT ( 'NONE',  ( 4.000000000000000000, 1.759474945355386621, 3.047499999999995435 ) ) ;
#129 = DIRECTION ( 'NONE',  ( 1.000000000000000000, 0.000000000000000000, 0.000000000000000000 ) ) ;
#130 = FACE_OUTER_BOUND ( 'NONE', #1113, .T. ) ;
#131 = ADVANCED_FACE ( 'NONE', ( #3642 ), #2871, .F. ) ;
#132 = AXIS2_PLACEMENT_3D ( 'NONE', #3065, #1805, #7438 ) ;
#133 = EDGE_CURVE ( 'NONE', #5777, #1756, #7901, .T. ) ;
#134 = EDGE_LOOP ( 'NONE', ( #5589, #6526, #6390, #7216 ) ) ;
#135 = ORIENTED_EDGE ( 'NONE', *, *, #7784, .T. ) ;
#136 = DIRECTION ( 'NONE',  ( -0.000000000000000000, -0.000000000000000000, 1.000000000000000000 ) ) ;
#137 = EDGE_CURVE ( 'NONE', #6377, #4660, #7200, .T. ) ;
#138 = EDGE_LOOP ( 'NONE', ( #4852, #7591, #6308, #3626 ) ) ;
#139 = ORIENTED_EDGE ( 'NONE', *, *, #2108, .T. ) ;
#140 = DIRECTION ( 'NONE',  ( 0.000000000000000000, 1.000000000000000000, 0.000000000000000000 ) ) ;
#141 = VECTOR ( 'NONE', #2578, 1000.000000000000000 ) ;
#142 = CARTESIAN_POINT ( 'NONE',  ( 32.50000000000000000, -32.50000000000000000, -123.0000000000000000 ) ) ;
#143 = CLOSED_SHELL ( 'NONE', ( #2458, #1445, #1291, #5733, #2399, #536, #3059, #676, #1910, #4719, #2910, #6072, #4410, #1132, #7913, #1365, #2017, #4039, #487, #5361, #2801, #3899, #1315, #4254, #4550, #3616, #7896, #3634, #4154, #6194, #3465, #2111, #5389, #2166, #7989, #6967, #3943, #478, #268, #1964, #561, #6936, #1271, #7351, #3356, #7000 ) ) ;
#144 = ORIENTED_EDGE ( 'NONE', *, *, #5666, .T. ) ;
#145 = EDGE_CURVE ( 'NONE', #7016, #458, #1332, .T. ) ;
#146 = CARTESIAN_POINT ( 'NONE',  ( -27.48053287425020841, 26.92730318665038070, 0.000000000000000000 ) ) ;
#147 = ADVANCED_FACE ( 'NONE', ( #1030 ), #2378, .F. ) ;
#148 = CARTESIAN_POINT ( 'NONE',  ( 35.99999999999998579, 15.00000000000000000, -8.500000000000000000 ) ) ;
#149 = EDGE_LOOP ( 'NONE', ( #1775, #3788, #1058, #6938 ) ) ;
#150 = DIRECTION ( 'NONE',  ( 0.000000000000000000, 0.000000000000000000, -1.000000000000000000 ) ) ;
#151 = CARTESIAN_POINT ( 'NONE',  ( 25.00000000000000711, 32.50000000000000000, -15.00000000000001421 ) ) ;
#152 = FACE_OUTER_BOUND ( 'NONE', #867, .T. ) ;
#153 = ADVANCED_FACE ( 'NONE', ( #4799 ), #7285, .T. ) ;
#154 = ORIENTED_EDGE ( 'NONE', *, *, #2704, .T. ) ;
#155 = AXIS2_PLACEMENT_3D ( 'NONE', #3483, #6635, #1484 ) ;
#156 = VECTOR ( 'NONE', #7774, 1000.000000000000000 ) ;
#157 = VECTOR ( 'NONE', #2001, 1000.000000000000000 ) ;
#158 = DIRECTION ( 'NONE',  ( -1.000000000000000000, 0.000000000000000000, 0.000000000000000000 ) ) ;
#159 = VERTEX_POINT ( 'NONE', #5981 ) ;
#160 =( NAMED_UNIT ( * ) SI_UNIT ( $, .STERADIAN. ) SOLID_ANGLE_UNIT ( ) );
#161 = LINE ( 'NONE', #3364, #7205 ) ;
#162 = FACE_OUTER_BOUND ( 'NONE', #7131, .T. ) ;
#163 = LINE ( 'NONE', #1941, #3961 ) ;
#164 = DIRECTION ( 'NONE',  ( 1.000000000000000000, 0.000000000000000000, 0.000000000000000000 ) ) ;
#165 = CIRCLE ( 'NONE', #7620, 10.00000000000000178 ) ;
#166 = CIRCLE ( 'NONE', #1223, 6.500000000000000000 ) ;
#167 = AXIS2_PLACEMENT_3D ( 'NONE', #7585, #1301, #3908 ) ;
#168 = AXIS2_PLACEMENT_3D ( 'NONE', #3547, #4249, #7389 ) ;
#169 = ORIENTED_EDGE ( 'NONE', *, *, #2414, .F. ) ;
#170 = AXIS2_PLACEMENT_3D ( 'NONE', #7111, #4623, #4006 ) ;
#171 = TOROIDAL_SURFACE ( 'NONE', #3841, 0.7500000000000000000, 0.2500000000000000000 ) ;
#172 = CARTESIAN_POINT ( 'NONE',  ( -40.00000000000000711, 39.99999999999999289, -120.0000000000000000 ) ) ;
#173 = EDGE_CURVE ( 'NONE', #735, #6704, #2889, .T. ) ;
#174 = VECTOR ( 'NONE', #2386, 1000.000000000000000 ) ;
#175 = DIRECTION ( 'NONE',  ( 0.000000000000000000, 0.000000000000000000, 1.000000000000000000 ) ) ;
#176 = ORIENTED_EDGE ( 'NONE', *, *, #3949, .F. ) ;
#177 = LINE ( 'NONE', #5912, #2918 ) ;
#178 = PLANE ( 'NONE',  #7749 ) ;
#179 = DIRECTION ( 'NONE',  ( -1.000000000000000000, -0.000000000000000000, -0.000000000000000000 ) ) ;
#180 = CIRCLE ( 'NONE', #3325, 3.999999999999988010 ) ;
#181 = AXIS2_PLACEMENT_3D ( 'NONE', #6548, #1142, #6868 ) ;
#182 = ORIENTED_EDGE ( 'NONE', *, *, #4206, .T. ) ;
#183 = VERTEX_POINT ( 'NONE', #6749 ) ;
#184 = CARTESIAN_POINT ( 'NONE',  ( 32.50000000000000711, -32.50000000000000000, -15.00000000000001421 ) ) ;
#185 = DIRECTION ( 'NONE',  ( 0.000000000000000000, 0.000000000000000000, 1.000000000000000000 ) ) ;
#186 = ORIENTED_EDGE ( 'NONE', *, *, #6790, .F. ) ;
#187 = ORIENTED_EDGE ( 'NONE', *, *, #6466, .F. ) ;
#188 = DIRECTION ( 'NONE',  ( 0.000000000000000000, 0.000000000000000000, 1.000000000000000000 ) ) ;
#189 = ADVANCED_FACE ( 'NONE', ( #1691 ), #4871, .F. ) ;
#190 = SURFACE_STYLE_FILL_AREA ( #1961 ) ;
#191 = VECTOR ( 'NONE', #4230, 1000.000000000000000 ) ;
#192 = EDGE_CURVE ( 'NONE', #5818, #3548, #2629, .T. ) ;
#193 = ORIENTED_EDGE ( 'NONE', *, *, #5595, .T. ) ;
#194 = DIRECTION ( 'NONE',  ( -1.000000000000000000, 0.000000000000000000, 0.000000000000000000 ) ) ;
#195 = ADVANCED_FACE ( 'NONE', ( #6633 ), #2985, .F. ) ;
#196 = SURFACE_STYLE_FILL_AREA ( #7236 ) ;
#197 = ORIENTED_EDGE ( 'NONE', *, *, #5963, .T. ) ;
#198 = FACE_OUTER_BOUND ( 'NONE', #6008, .T. ) ;
#199 = LINE ( 'NONE', #2127, #6422 ) ;
#200 =( NAMED_UNIT ( * ) SI_UNIT ( $, .STERADIAN. ) SOLID_ANGLE_UNIT ( ) );
#201 = EDGE_CURVE ( 'NONE', #5313, #269, #450, .T. ) ;
#202 = VERTEX_POINT ( 'NONE', #4834 ) ;
#203 = DIRECTION ( 'NONE',  ( -0.000000000000000000, 0.000000000000000000, 1.000000000000000000 ) ) ;
#204 = AXIS2_PLACEMENT_3D ( 'NONE', #6311, #6432, #5745 ) ;
#205 = ORIENTED_EDGE ( 'NONE', *, *, #5888, .T. ) ;
#206 = SHAPE_DEFINITION_REPRESENTATION ( #5021, #5518 ) ;
#207 = FACE_OUTER_BOUND ( 'NONE', #3163, .T. ) ;
#208 = CARTESIAN_POINT ( 'NONE',  ( 6.750000000000001776, -4.750000000000000000, 7.249999999999999112 ) ) ;
#209 = CARTESIAN_POINT ( 'NONE',  ( -38.00000000000000711, 39.99999999999999289, -130.0000000000000000 ) ) ;
#210 = FACE_OUTER_BOUND ( 'NONE', #6467, .T. ) ;
#211 = ADVANCED_FACE ( 'NONE', ( #1729 ), #7368, .T. ) ;
#212 = AXIS2_PLACEMENT_3D ( 'NONE', #1405, #7609, #5041 ) ;
#213 = VERTEX_POINT ( 'NONE', #1894 ) ;
#214 = CARTESIAN_POINT ( 'NONE',  ( -15.00000000000000000, -2.500000000000002665, 3.000000000000004441 ) ) ;
#215 = FACE_OUTER_BOUND ( 'NONE', #3724, .T. ) ;
#216 = ORIENTED_EDGE ( 'NONE', *, *, #6312, .T. ) ;
#217 = DIRECTION ( 'NONE',  ( -0.000000000000000000, 1.000000000000000000, -0.000000000000000000 ) ) ;
#218 = CIRCLE ( 'NONE', #749, 2.500000000000009326 ) ;
#219 = LINE ( 'NONE', #3375, #2962 ) ;
#220 = EDGE_LOOP ( 'NONE', ( #4954, #7027, #4828, #1954, #4814 ) ) ;
#221 = ORIENTED_EDGE ( 'NONE', *, *, #5503, .F. ) ;
#222 = FACE_OUTER_BOUND ( 'NONE', #5326, .T. ) ;
#223 = DIRECTION ( 'NONE',  ( -1.000000000000000000, 0.000000000000000000, 0.000000000000000000 ) ) ;
#224 = ORIENTED_EDGE ( 'NONE', *, *, #3406, .F. ) ;
#225 = VERTEX_POINT ( 'NONE', #1970 ) ;
#226 = CARTESIAN_POINT ( 'NONE',  ( 1.000000000000001998, -9.000000000000001776, 7.500000000000000000 ) ) ;
#227 = DIRECTION ( 'NONE',  ( -0.000000000000000000, -0.000000000000000000, 1.000000000000000000 ) ) ;
#228 = VECTOR ( 'NONE', #3927, 1000.000000000000000 ) ;
#229 = EDGE_CURVE ( 'NONE', #1427, #1140, #3939, .T. ) ;
#230 = ORIENTED_EDGE ( 'NONE', *, *, #7256, .F. ) ;
#231 = CARTESIAN_POINT ( 'NONE',  ( 3.000000000000003109, 9.539392014169456147, -142.0000000000000284 ) ) ;
#232 = CARTESIAN_POINT ( 'NONE',  ( 39.99999999999998579, 15.00000000000000000, 7.500000000000000000 ) ) ;
#233 = ORIENTED_EDGE ( 'NONE', *, *, #5379, .F. ) ;
#234 = CARTESIAN_POINT ( 'NONE',  ( 6.750000000000001776, 0.000000000000000000, 7.249999999999999112 ) ) ;
#235 = VERTEX_POINT ( 'NONE', #8060 ) ;
#236 = EDGE_CURVE ( 'NONE', #5265, #1232, #4381, .T. ) ;
#237 = DIRECTION ( 'NONE',  ( 0.000000000000000000, -1.000000000000000000, 0.000000000000000000 ) ) ;
#238 = DIRECTION ( 'NONE',  ( 0.000000000000000000, 0.000000000000000000, 1.000000000000000000 ) ) ;
#239 = EDGE_CURVE ( 'NONE', #4650, #1019, #4724, .T. ) ;
#240 = VERTEX_POINT ( 'NONE', #5602 ) ;
#241 = PRODUCT_CONTEXT ( 'NONE', #3194, 'mechanical' ) ;
#242 = ORIENTED_EDGE ( 'NONE', *, *, #6820, .T. ) ;
#243 = CARTESIAN_POINT ( 'NONE',  ( 0.2500000000000019984, -9.000000000000003553, 7.500000000000000000 ) ) ;
#244 = DIRECTION ( 'NONE',  ( -1.000000000000000000, -0.000000000000000000, -0.000000000000000000 ) ) ;
#245 = DIRECTION ( 'NONE',  ( -1.000000000000000000, 0.000000000000000000, 1.879283765641541183E-16 ) ) ;
#246 = ORIENTED_EDGE ( 'NONE', *, *, #6792, .F. ) ;
#247 = AXIS2_PLACEMENT_3D ( 'NONE', #2776, #4701, #6579 ) ;
#248 = ORIENTED_EDGE ( 'NONE', *, *, #3193, .F. ) ;
#249 = LINE ( 'NONE', #4600, #3349 ) ;
#250 = EDGE_CURVE ( 'NONE', #2393, #4256, #1844, .T. ) ;
#251 = DIRECTION ( 'NONE',  ( 1.000000000000000000, 0.000000000000000000, 0.000000000000000000 ) ) ;
#252 = LINE ( 'NONE', #2802, #1623 ) ;
#253 = ORIENTED_EDGE ( 'NONE', *, *, #5650, .F. ) ;
#254 = LINE ( 'NONE', #7170, #5020 ) ;
#255 = CARTESIAN_POINT ( 'NONE',  ( -15.00000000000000000, 3.500000000000000000, -2.000000000000007105 ) ) ;
#256 = COLOUR_RGB ( '',0.7921568627450980005, 0.8196078431372548767, 0.9333333333333333481 ) ;
#257 = ORIENTED_EDGE ( 'NONE', *, *, #5954, .F. ) ;
#258 = EDGE_LOOP ( 'NONE', ( #4993, #1168, #7117 ) ) ;
#259 = CARTESIAN_POINT ( 'NONE',  ( -40.00000000000000711, -25.00000000000000000, -120.0000000000000000 ) ) ;
#260 = DIRECTION ( 'NONE',  ( -0.000000000000000000, 0.000000000000000000, 1.000000000000000000 ) ) ;
#261 = ORIENTED_EDGE ( 'NONE', *, *, #6760, .T. ) ;
#262 = CARTESIAN_POINT ( 'NONE',  ( 2.500000000000000000, -1.178949249685215417, 2.042000000000003812 ) ) ;
#263 =( REPRESENTATION_RELATIONSHIP ('NONE','NONE', #4940, #4687 ) REPRESENTATION_RELATIONSHIP_WITH_TRANSFORMATION ( #4273 )SHAPE_REPRESENTATION_RELATIONSHIP( ) );
#264 = DIRECTION ( 'NONE',  ( 9.251858538542963939E-16, 1.000000000000000000, 0.000000000000000000 ) ) ;
#265 = AXIS2_PLACEMENT_3D ( 'NONE', #7876, #2285, #5117 ) ;
#266 = VERTEX_POINT ( 'NONE', #1321 ) ;
#267 = FACE_BOUND ( 'NONE', #7966, .T. ) ;
#268 = ADVANCED_FACE ( 'NONE', ( #2453 ), #5890, .T. ) ;
#269 = VERTEX_POINT ( 'NONE', #2493 ) ;
#270 = CARTESIAN_POINT ( 'NONE',  ( 35.00000000000000000, -32.50000000000000000, 7.500000000000000888 ) ) ;
#271 = CARTESIAN_POINT ( 'NONE',  ( -25.00000000000000711, -32.50000000000000000, -120.0000000000000000 ) ) ;
#272 = AXIS2_PLACEMENT_3D ( 'NONE', #7482, #3105, #7369 ) ;
#273 = EDGE_CURVE ( 'NONE', #4322, #3801, #4299, .T. ) ;
#274 = EDGE_LOOP ( 'NONE', ( #5934, #1885, #6260, #6211 ) ) ;
#275 = DIRECTION ( 'NONE',  ( -1.000000000000000000, 0.000000000000000000, -0.000000000000000000 ) ) ;
#276 = CARTESIAN_POINT ( 'NONE',  ( 0.000000000000000000, -1.178949249685215417, 2.042000000000003812 ) ) ;
#277 = ORIENTED_EDGE ( 'NONE', *, *, #4851, .T. ) ;
#278 = DIRECTION ( 'NONE',  ( -5.551115123125782702E-17, -2.775557561562891351E-17, -1.000000000000000000 ) ) ;
#279 = EDGE_LOOP ( 'NONE', ( #6886, #1872, #4004, #4969 ) ) ;
#280 = DIRECTION ( 'NONE',  ( 0.000000000000000000, 0.000000000000000000, 1.000000000000000000 ) ) ;
#281 = CARTESIAN_POINT ( 'NONE',  ( 25.00000000000000711, -40.00000000000000711, -120.0000000000000000 ) ) ;
#282 = LINE ( 'NONE', #4523, #440 ) ;
#283 = VERTEX_POINT ( 'NONE', #5565 ) ;
#284 = EDGE_CURVE ( 'NONE', #479, #3957, #69, .T. ) ;
#285 = CARTESIAN_POINT ( 'NONE',  ( 30.00000000000000000, 32.50000000000000000, -120.0000000000000000 ) ) ;
#286 = VECTOR ( 'NONE', #6351, 1000.000000000000000 ) ;
#287 = FACE_OUTER_BOUND ( 'NONE', #7713, .T. ) ;
#288 = VECTOR ( 'NONE', #3101, 1000.000000000000000 ) ;
#289 = LINE ( 'NONE', #7786, #4363 ) ;
#290 = ORIENTED_EDGE ( 'NONE', *, *, #6956, .F. ) ;
#291 = DIRECTION ( 'NONE',  ( 0.000000000000000000, 0.000000000000000000, 1.000000000000000000 ) ) ;
#292 = STYLED_ITEM ( 'NONE', ( #2527 ), #3651 ) ;
#293 = EDGE_CURVE ( 'NONE', #1706, #7709, #6952, .T. ) ;
#294 = DIRECTION ( 'NONE',  ( -0.000000000000000000, -0.000000000000000000, 1.000000000000000000 ) ) ;
#295 = EDGE_CURVE ( 'NONE', #4738, #4026, #3278, .T. ) ;
#296 = VECTOR ( 'NONE', #5501, 1000.000000000000000 ) ;
#297 = CIRCLE ( 'NONE', #960, 2.499999999999988454 ) ;
#298 = ORIENTED_EDGE ( 'NONE', *, *, #5098, .F. ) ;
#299 = CARTESIAN_POINT ( 'NONE',  ( -6.938893903907228378E-15, -1.387778780781445676E-14, 7.500000000000000000 ) ) ;
#300 = CARTESIAN_POINT ( 'NONE',  ( -35.00000000000000711, 33.51954211927168359, -120.0000000000000000 ) ) ;
#301 = ORIENTED_EDGE ( 'NONE', *, *, #6279, .T. ) ;
#302 = CARTESIAN_POINT ( 'NONE',  ( -10.00000000000000000, 1.224646799147353059E-15, -170.0000000000000853 ) ) ;
#303 = AXIS2_PLACEMENT_3D ( 'NONE', #2679, #1338, #3820 ) ;
#304 = DIRECTION ( 'NONE',  ( -9.251858538542963939E-16, 1.000000000000000000, 0.000000000000000000 ) ) ;
#305 = CIRCLE ( 'NONE', #2799, 19.00000000000000000 ) ;
#306 = EDGE_CURVE ( 'NONE', #5416, #7605, #5730, .T. ) ;
#307 = ORIENTED_EDGE ( 'NONE', *, *, #1944, .T. ) ;
#308 = ORIENTED_EDGE ( 'NONE', *, *, #2752, .F. ) ;
#309 = FACE_BOUND ( 'NONE', #3891, .T. ) ;
#310 = FILL_AREA_STYLE_COLOUR ( '', #4102 ) ;
#311 = ORIENTED_EDGE ( 'NONE', *, *, #798, .F. ) ;
#312 = ORIENTED_EDGE ( 'NONE', *, *, #779, .F. ) ;
#313 = LINE ( 'NONE', #6010, #3280 ) ;
#314 = AXIS2_PLACEMENT_3D ( 'NONE', #620, #6139, #579 ) ;
#315 = PRODUCT_RELATED_PRODUCT_CATEGORY ( 'part', '', ( #1026 ) ) ;
#316 = ORIENTED_EDGE ( 'NONE', *, *, #4881, .T. ) ;
#317 = CARTESIAN_POINT ( 'NONE',  ( 0.9710068298685607946, 9.954402273917159150, -139.1547743572896536 ) ) ;
#318 = LINE ( 'NONE', #276, #156 ) ;
#319 = ORIENTED_EDGE ( 'NONE', *, *, #2708, .T. ) ;
#320 = LINE ( 'NONE', #6472, #7722 ) ;
#321 = CARTESIAN_POINT ( 'NONE',  ( 40.00000000000000711, -25.00000000000000000, -120.0000000000000000 ) ) ;
#322 = DIRECTION ( 'NONE',  ( -0.000000000000000000, 0.000000000000000000, 1.000000000000000000 ) ) ;
#323 = PLANE ( 'NONE',  #6067 ) ;
#324 = EDGE_LOOP ( 'NONE', ( #2237, #2077, #6901, #4620 ) ) ;
#325 = VERTEX_POINT ( 'NONE', #651 ) ;
#326 = CIRCLE ( 'NONE', #204, 4.400000000000002132 ) ;
#327 = CARTESIAN_POINT ( 'NONE',  ( 5.000000000000004441, 5.204748896376250699E-16, -4.250000000000000000 ) ) ;
#328 = EDGE_CURVE ( 'NONE', #1185, #2959, #2498, .T. ) ;
#329 = DIRECTION ( 'NONE',  ( -0.000000000000000000, 0.000000000000000000, 1.000000000000000000 ) ) ;
#330 = DIRECTION ( 'NONE',  ( 0.000000000000000000, 0.000000000000000000, 1.000000000000000000 ) ) ;
#331 = VERTEX_POINT ( 'NONE', #7563 ) ;
#332 = LINE ( 'NONE', #4882, #1625 ) ;
#333 = LINE ( 'NONE', #5301, #6834 ) ;
#334 = VECTOR ( 'NONE', #5695, 1000.000000000000114 ) ;
#335 = VECTOR ( 'NONE', #480, 1000.000000000000000 ) ;
#336 = ORIENTED_EDGE ( 'NONE', *, *, #239, .T. ) ;
#337 = DIRECTION ( 'NONE',  ( -0.000000000000000000, -0.000000000000000000, 1.000000000000000000 ) ) ;
#338 = ADVANCED_FACE ( 'NONE', ( #5645 ), #2419, .F. ) ;
#339 = VERTEX_POINT ( 'NONE', #3681 ) ;
#340 = DIRECTION ( 'NONE',  ( 0.000000000000000000, 0.000000000000000000, 1.000000000000000000 ) ) ;
#341 = DIRECTION ( 'NONE',  ( -0.000000000000000000, -0.000000000000000000, 1.000000000000000000 ) ) ;
#342 = DIRECTION ( 'NONE',  ( -9.251858538542963939E-16, -1.000000000000000000, 0.000000000000000000 ) ) ;
#343 = CIRCLE ( 'NONE', #1143, 2.499999999999995115 ) ;
#344 = CARTESIAN_POINT ( 'NONE',  ( 2.500000000000000000, 1.178949249685217415, 2.042000000000000259 ) ) ;
#345 = VERTEX_POINT ( 'NONE', #7525 ) ;
#346 = ORIENTED_EDGE ( 'NONE', *, *, #4695, .F. ) ;
#347 = LINE ( 'NONE', #1792, #7961 ) ;
#348 = SURFACE_STYLE_FILL_AREA ( #2819 ) ;
#349 = VERTEX_POINT ( 'NONE', #4911 ) ;
#350 = VERTEX_POINT ( 'NONE', #4423 ) ;
#351 = DIRECTION ( 'NONE',  ( -0.000000000000000000, -0.000000000000000000, 1.000000000000000000 ) ) ;
#352 = ADVANCED_FACE ( 'NONE', ( #6912 ), #7403, .T. ) ;
#353 =( NAMED_UNIT ( * ) PLANE_ANGLE_UNIT ( ) SI_UNIT ( $, .RADIAN. ) );
#354 = CIRCLE ( 'NONE', #4553, 5.000000000000000888 ) ;
#355 = EDGE_LOOP ( 'NONE', ( #3958, #7054, #7905, #4208 ) ) ;
#356 = PRODUCT_DEFINITION_FORMATION_WITH_SPECIFIED_SOURCE ( 'ANY', '', #4366, .NOT_KNOWN. ) ;
#357 = CARTESIAN_POINT ( 'NONE',  ( -25.00000000000000711, 33.51954211927168359, -120.0000000000000000 ) ) ;
#358 = DIRECTION ( 'NONE',  ( 1.000000000000000000, -0.000000000000000000, -0.000000000000000000 ) ) ;
#359 = ORIENTED_EDGE ( 'NONE', *, *, #5494, .T. ) ;
#360 = DIRECTION ( 'NONE',  ( 0.9315336530023403672, 0.3636551296546161050, 0.000000000000000000 ) ) ;
#361 = DIRECTION ( 'NONE',  ( -0.000000000000000000, -0.000000000000000000, 1.000000000000000000 ) ) ;
#362 = CARTESIAN_POINT ( 'NONE',  ( 32.50000000000000711, 32.50000000000000000, -120.0000000000000000 ) ) ;
#363 = CARTESIAN_POINT ( 'NONE',  ( -32.50000000000000711, 32.50000000000000000, 0.000000000000000000 ) ) ;
#364 = EDGE_LOOP ( 'NONE', ( #290, #1181, #6622, #7137 ) ) ;
#365 = LINE ( 'NONE', #2186, #6878 ) ;
#366 = DIRECTION ( 'NONE',  ( -0.000000000000000000, 0.000000000000000000, -1.000000000000000000 ) ) ;
#367 = LINE ( 'NONE', #6556, #5153 ) ;
#368 = VERTEX_POINT ( 'NONE', #695 ) ;
#369 = CARTESIAN_POINT ( 'NONE',  ( 0.5000000000000004441, 0.000000000000000000, -4.250000000000000000 ) ) ;
#370 = CARTESIAN_POINT ( 'NONE',  ( 32.50000000000000711, 32.50000000000000711, -8.500000000000000000 ) ) ;
#371 = AXIS2_PLACEMENT_3D ( 'NONE', #1687, #6664, #2902 ) ;
#372 = ORIENTED_EDGE ( 'NONE', *, *, #7649, .T. ) ;
#373 = CARTESIAN_POINT ( 'NONE',  ( -15.00000000000000000, -2.500000000000002665, -3.000000000000004441 ) ) ;
#374 = CIRCLE ( 'NONE', #1043, 0.9999999999999997780 ) ;
#375 = CARTESIAN_POINT ( 'NONE',  ( 38.00000000000000711, 39.99999999999999289, -130.0000000000000000 ) ) ;
#376 = ORIENTED_EDGE ( 'NONE', *, *, #5594, .F. ) ;
#377 = FACE_OUTER_BOUND ( 'NONE', #1939, .T. ) ;
#378 = CARTESIAN_POINT ( 'NONE',  ( 35.00000000000000711, 33.51954211927168359, 30.00000000000000000 ) ) ;
#379 = DIRECTION ( 'NONE',  ( 1.000000000000000000, -9.251858538542963939E-16, 0.000000000000000000 ) ) ;
#380 = ADVANCED_FACE ( 'NONE', ( #3187 ), #2577, .F. ) ;
#381 = VECTOR ( 'NONE', #8074, 1000.000000000000114 ) ;
#382 = ADVANCED_FACE ( 'NONE', ( #6419 ), #7179, .F. ) ;
#383 = DIRECTION ( 'NONE',  ( 0.000000000000000000, 0.000000000000000000, -1.000000000000000000 ) ) ;
#384 = EDGE_CURVE ( 'NONE', #3591, #3840, #7268, .T. ) ;
#385 = ORIENTED_EDGE ( 'NONE', *, *, #5223, .F. ) ;
#386 = VERTEX_POINT ( 'NONE', #2239 ) ;
#387 = DIRECTION ( 'NONE',  ( 1.000000000000000000, 0.000000000000000000, 0.000000000000000000 ) ) ;
#388 = DIRECTION ( 'NONE',  ( -0.000000000000000000, -0.000000000000000000, 1.000000000000000000 ) ) ;
#389 = ORIENTED_EDGE ( 'NONE', *, *, #2273, .T. ) ;
#390 = ORIENTED_EDGE ( 'NONE', *, *, #2193, .T. ) ;
#391 = LINE ( 'NONE', #1472, #5505 ) ;
#392 =( NAMED_UNIT ( * ) SI_UNIT ( $, .STERADIAN. ) SOLID_ANGLE_UNIT ( ) );
#393 = EDGE_CURVE ( 'NONE', #875, #4067, #7980, .T. ) ;
#394 = EDGE_CURVE ( 'NONE', #4650, #7744, #5164, .T. ) ;
#395 = AXIS2_PLACEMENT_3D ( 'NONE', #4549, #815, #3314 ) ;
#396 = ORIENTED_EDGE ( 'NONE', *, *, #7080, .T. ) ;
#397 = AXIS2_PLACEMENT_3D ( 'NONE', #1235, #571, #612 ) ;
#398 = LINE ( 'NONE', #5404, #3879 ) ;
#399 = CARTESIAN_POINT ( 'NONE',  ( 8.000000000000000000, 5.388445916248356971E-16, 4.400000000000002132 ) ) ;
#400 = ORIENTED_EDGE ( 'NONE', *, *, #5019, .T. ) ;
#401 = CYLINDRICAL_SURFACE ( 'NONE', #1613, 2.500000000000015987 ) ;
#402 = VECTOR ( 'NONE', #3066, 1000.000000000000000 ) ;
#403 = CARTESIAN_POINT ( 'NONE',  ( 3.000000000000002220, -9.000000000000001776, 7.249999999999999112 ) ) ;
#404 = PLANE ( 'NONE',  #2808 ) ;
#405 = CARTESIAN_POINT ( 'NONE',  ( 6.750000000000001776, -4.750000000000000000, -7.249999999999999112 ) ) ;
#406 = EDGE_CURVE ( 'NONE', #8088, #7046, #1399, .T. ) ;
#407 = VERTEX_POINT ( 'NONE', #4509 ) ;
#408 = FACE_OUTER_BOUND ( 'NONE', #5765, .T. ) ;
#409 = DIRECTION ( 'NONE',  ( -0.000000000000000000, 0.000000000000000000, 1.000000000000000000 ) ) ;
#410 = DIRECTION ( 'NONE',  ( 0.000000000000000000, 1.000000000000000000, -1.355657144061423890E-15 ) ) ;
#411 = ORIENTED_EDGE ( 'NONE', *, *, #8081, .F. ) ;
#412 = CARTESIAN_POINT ( 'NONE',  ( -20.00000000000000711, 33.51954211927168359, 30.00000000000000000 ) ) ;
#413 = APPLICATION_CONTEXT ( 'automotive_design' ) ;
#414 = EDGE_CURVE ( 'NONE', #5170, #2270, #1062, .T. ) ;
#415 = CIRCLE ( 'NONE', #6821, 0.9999999999999997780 ) ;
#416 = VECTOR ( 'NONE', #5522, 1000.000000000000000 ) ;
#417 = TOROIDAL_SURFACE ( 'NONE', #5139, 33.46194077712560500, 5.000000000000000000 ) ;
#418 = CARTESIAN_POINT ( 'NONE',  ( 0.000000000000000000, 0.000000000000000000, -172.0000000000000000 ) ) ;
#419 = CIRCLE ( 'NONE', #1883, 4.000000000000001776 ) ;
#420 = CARTESIAN_POINT ( 'NONE',  ( -32.50000000000000000, -25.00000000000000711, -120.0000000000000000 ) ) ;
#421 = EDGE_LOOP ( 'NONE', ( #4960, #2809, #7408, #1819 ) ) ;
#422 = FACE_OUTER_BOUND ( 'NONE', #6968, .T. ) ;
#423 = DIRECTION ( 'NONE',  ( 0.000000000000000000, 0.000000000000000000, 1.000000000000000000 ) ) ;
#424 = DIRECTION ( 'NONE',  ( 0.000000000000000000, 0.000000000000000000, -1.000000000000000000 ) ) ;
#425 = VECTOR ( 'NONE', #6934, 1000.000000000000000 ) ;
#426 = AXIS2_PLACEMENT_3D ( 'NONE', #4647, #291, #3993 ) ;
#427 = CIRCLE ( 'NONE', #167, 10.00000000000000000 ) ;
#428 = PRODUCT_DEFINITION_SHAPE ( 'NONE', 'NONE',  #8097 ) ;
#429 = AXIS2_PLACEMENT_3D ( 'NONE', #7701, #4601, #7740 ) ;
#430 = DIRECTION ( 'NONE',  ( 0.000000000000000000, 0.000000000000000000, -1.000000000000000000 ) ) ;
#431 = PRESENTATION_LAYER_ASSIGNMENT (  '', '', ( #2529 ) ) ;
#432 = CIRCLE ( 'NONE', #5018, 4.375000000000000000 ) ;
#433 = EDGE_LOOP ( 'NONE', ( #4293, #1309, #6657, #3756 ) ) ;
#434 = EDGE_LOOP ( 'NONE', ( #806, #3764, #6815, #4160 ) ) ;
#435 = DIRECTION ( 'NONE',  ( 0.000000000000000000, -0.4999999999999990008, 0.8660254037844391517 ) ) ;
#436 = ADVANCED_FACE ( 'NONE', ( #2617 ), #4124, .F. ) ;
#437 = CARTESIAN_POINT ( 'NONE',  ( 25.00000000000000711, 33.51954211927168359, -115.0000000000000142 ) ) ;
#438 = ORIENTED_EDGE ( 'NONE', *, *, #1986, .T. ) ;
#439 = ORIENTED_EDGE ( 'NONE', *, *, #2586, .F. ) ;
#440 = VECTOR ( 'NONE', #7657, 1000.000000000000000 ) ;
#441 = DIRECTION ( 'NONE',  ( 1.000000000000000000, 0.000000000000000000, 0.000000000000000000 ) ) ;
#442 = CIRCLE ( 'NONE', #6847, 25.00000000000000000 ) ;
#443 = ORIENTED_EDGE ( 'NONE', *, *, #2951, .T. ) ;
#444 = ADVANCED_FACE ( 'NONE', ( #4078 ), #7642, .F. ) ;
#445 = DIRECTION ( 'NONE',  ( -0.000000000000000000, -1.000000000000000000, -0.000000000000000000 ) ) ;
#446 = ADVANCED_FACE ( 'NONE', ( #6613 ), #2661, .F. ) ;
#447 = DIRECTION ( 'NONE',  ( 0.000000000000000000, -0.000000000000000000, -1.000000000000000000 ) ) ;
#448 = VERTEX_POINT ( 'NONE', #775 ) ;
#449 = DIRECTION ( 'NONE',  ( -0.000000000000000000, 0.000000000000000000, 1.000000000000000000 ) ) ;
#450 = LINE ( 'NONE', #7937, #4066 ) ;
#451 = CARTESIAN_POINT ( 'NONE',  ( 8.000000000000000000, 0.000000000000000000, 0.000000000000000000 ) ) ;
#452 = CARTESIAN_POINT ( 'NONE',  ( 0.000000000000000000, 1.759474945355379294, -3.047500000000001652 ) ) ;
#453 = EDGE_CURVE ( 'NONE', #3515, #6942, #5203, .T. ) ;
#454 = ORIENTED_EDGE ( 'NONE', *, *, #5262, .F. ) ;
#455 = CARTESIAN_POINT ( 'NONE',  ( 45.00000000000002132, -40.00000000000000711, 7.500000000000000000 ) ) ;
#456 = CARTESIAN_POINT ( 'NONE',  ( 0.000000000000000000, 0.000000000000000000, -130.0000000000000000 ) ) ;
#457 = CARTESIAN_POINT ( 'NONE',  ( 40.00000000000000711, 25.00000000000000000, -120.0000000000000000 ) ) ;
#458 = VERTEX_POINT ( 'NONE', #2886 ) ;
#459 = CARTESIAN_POINT ( 'NONE',  ( -3.000000000000000444, 8.129259989140331655, -171.3389742959163868 ) ) ;
#460 = EDGE_CURVE ( 'NONE', #84, #4469, #3537, .T. ) ;
#461 = ITEM_DEFINED_TRANSFORMATION ( 'NONE', 'NONE', #7421,  #5854 ) ;
#462 = CARTESIAN_POINT ( 'NONE',  ( -32.49999999999999289, -32.50000000000000000, 7.500000000000000888 ) ) ;
#463 = DIRECTION ( 'NONE',  ( -0.000000000000000000, -0.000000000000000000, 1.000000000000000000 ) ) ;
#464 = AXIS2_PLACEMENT_3D ( 'NONE', #2678, #6397, #3159 ) ;
#465 = ORIENTED_EDGE ( 'NONE', *, *, #3950, .F. ) ;
#466 = CARTESIAN_POINT ( 'NONE',  ( 3.750000000000002220, 9.000000000000001776, 7.500000000000000000 ) ) ;
#467 = CARTESIAN_POINT ( 'NONE',  ( 40.00000000000000711, -25.00000000000000000, -115.0000000000000000 ) ) ;
#468 = DIRECTION ( 'NONE',  ( -0.000000000000000000, -0.000000000000000000, 1.000000000000000000 ) ) ;
#469 = EDGE_LOOP ( 'NONE', ( #595, #2106, #5322, #3834 ) ) ;
#470 = ORIENTED_EDGE ( 'NONE', *, *, #1302, .F. ) ;
#471 = PLANE ( 'NONE',  #1567 ) ;
#472 = LINE ( 'NONE', #8044, #832 ) ;
#473 = ORIENTED_EDGE ( 'NONE', *, *, #3204, .T. ) ;
#474 = ORIENTED_EDGE ( 'NONE', *, *, #5948, .T. ) ;
#475 = DIRECTION ( 'NONE',  ( -0.000000000000000000, -0.000000000000000000, 1.000000000000000000 ) ) ;
#476 = FACE_BOUND ( 'NONE', #1877, .T. ) ;
#477 = AXIS2_PLACEMENT_3D ( 'NONE', #5843, #2773, #927 ) ;
#478 = ADVANCED_FACE ( 'NONE', ( #2850 ), #110, .T. ) ;
#479 = VERTEX_POINT ( 'NONE', #5815 ) ;
#480 = DIRECTION ( 'NONE',  ( -0.000000000000000000, -0.000000000000000000, -1.000000000000000000 ) ) ;
#481 = DIRECTION ( 'NONE',  ( -0.000000000000000000, 0.000000000000000000, 1.000000000000000000 ) ) ;
#482 = ORIENTED_EDGE ( 'NONE', *, *, #1001, .T. ) ;
#483 = LINE ( 'NONE', #5407, #7443 ) ;
#484 = CARTESIAN_POINT ( 'NONE',  ( -15.00000000000000000, 3.500000000000000000, 0.000000000000000000 ) ) ;
#485 = CARTESIAN_POINT ( 'NONE',  ( -6.938893903907228378E-15, -1.387778780781445676E-14, 0.5000000000000004441 ) ) ;
#486 = DIRECTION ( 'NONE',  ( -1.000000000000000000, 0.000000000000000000, 0.000000000000000000 ) ) ;
#487 = ADVANCED_FACE ( 'NONE', ( #198 ), #5383, .T. ) ;
#488 = AXIS2_PLACEMENT_3D ( 'NONE', #2054, #3806, #614 ) ;
#489 = VERTEX_POINT ( 'NONE', #4783 ) ;
#490 = EDGE_CURVE ( 'NONE', #3007, #8088, #4848, .T. ) ;
#491 = DIRECTION ( 'NONE',  ( -1.000000000000000000, -0.000000000000000000, -0.000000000000000000 ) ) ;
#492 = CARTESIAN_POINT ( 'NONE',  ( 40.00000000000000711, -38.00000000000000711, -130.0000000000000000 ) ) ;
#493 = LINE ( 'NONE', #6758, #3564 ) ;
#494 = DIRECTION ( 'NONE',  ( -1.000000000000000000, -9.251858538542963939E-16, -1.705250471592863254E-32 ) ) ;
#495 = AXIS2_PLACEMENT_3D ( 'NONE', #7073, #4636, #1560 ) ;
#496 = CONTEXT_DEPENDENT_SHAPE_REPRESENTATION ( #2411, #632 ) ;
#497 = EDGE_CURVE ( 'NONE', #713, #3591, #3885, .T. ) ;
#498 = DIRECTION ( 'NONE',  ( -1.000000000000000000, 0.000000000000000000, 1.879283765641541183E-16 ) ) ;
#499 = LINE ( 'NONE', #1167, #4353 ) ;
#500 = VERTEX_POINT ( 'NONE', #4929 ) ;
#501 = CYLINDRICAL_SURFACE ( 'NONE', #4998, 2.499999999999995115 ) ;
#502 = LINE ( 'NONE', #3003, #296 ) ;
#503 = CIRCLE ( 'NONE', #5744, 4.000000000000003553 ) ;
#504 = DIRECTION ( 'NONE',  ( 1.000000000000000000, -5.204170427930413395E-16, 0.000000000000000000 ) ) ;
#505 = EDGE_CURVE ( 'NONE', #3377, #7238, #5582, .T. ) ;
#506 = AXIS2_PLACEMENT_3D ( 'NONE', #7018, #2161, #3417 ) ;
#507 = ORIENTED_EDGE ( 'NONE', *, *, #95, .T. ) ;
#508 = ORIENTED_EDGE ( 'NONE', *, *, #5348, .F. ) ;
#509 = DIRECTION ( 'NONE',  ( -0.000000000000000000, -0.000000000000000000, 1.000000000000000000 ) ) ;
#510 = DIRECTION ( 'NONE',  ( -1.000000000000000000, -0.000000000000000000, -0.000000000000000000 ) ) ;
#511 = EDGE_LOOP ( 'NONE', ( #2975, #1424, #1699, #5586 ) ) ;
#512 = ORIENTED_EDGE ( 'NONE', *, *, #7420, .T. ) ;
#513 = DIRECTION ( 'NONE',  ( -0.000000000000000000, -0.000000000000000000, 1.000000000000000000 ) ) ;
#514 = DIRECTION ( 'NONE',  ( -5.204170427930421283E-16, 1.000000000000000000, -0.000000000000000000 ) ) ;
#515 = STYLED_ITEM ( 'NONE', ( #4074 ), #6357 ) ;
#516 = PRODUCT_DEFINITION_CONTEXT ( 'detailed design', #3358, 'design' ) ;
#517 = VERTEX_POINT ( 'NONE', #8037 ) ;
#518 = ADVANCED_FACE ( 'NONE', ( #7343, #1256 ), #4361, .F. ) ;
#519 = DIRECTION ( 'NONE',  ( -0.000000000000000000, -0.000000000000000000, 1.000000000000000000 ) ) ;
#520 = AXIS2_PLACEMENT_3D ( 'NONE', #6130, #1690, #7249 ) ;
#521 = CARTESIAN_POINT ( 'NONE',  ( 0.000000000000000000, 0.000000000000000000, 30.00000000000000000 ) ) ;
#522 = VERTEX_POINT ( 'NONE', #1207 ) ;
#523 = CARTESIAN_POINT ( 'NONE',  ( 27.77783773436489767, 26.60286862626680815, 24.99999999999999645 ) ) ;
#524 = CARTESIAN_POINT ( 'NONE',  ( -25.00000000000000711, -32.50000000000000000, -120.0000000000000000 ) ) ;
#525 = LINE ( 'NONE', #4872, #1992 ) ;
#526 = DIRECTION ( 'NONE',  ( -1.000000000000000000, 0.000000000000000000, 0.000000000000000000 ) ) ;
#527 = VECTOR ( 'NONE', #7460, 1000.000000000000114 ) ;
#528 = ORIENTED_EDGE ( 'NONE', *, *, #7904, .T. ) ;
#529 = LINE ( 'NONE', #1193, #5187 ) ;
#530 = DIRECTION ( 'NONE',  ( -0.000000000000000000, -0.000000000000000000, -1.000000000000000000 ) ) ;
#531 = DIRECTION ( 'NONE',  ( -0.000000000000000000, -0.000000000000000000, 1.000000000000000000 ) ) ;
#532 = VECTOR ( 'NONE', #4557, 1000.000000000000000 ) ;
#533 = DIRECTION ( 'NONE',  ( -0.000000000000000000, -0.000000000000000000, 1.000000000000000000 ) ) ;
#534 = ITEM_DEFINED_TRANSFORMATION ( 'NONE', 'NONE', #495,  #5854 ) ;
#535 = EDGE_CURVE ( 'NONE', #5391, #6476, #3586, .T. ) ;
#536 = ADVANCED_FACE ( 'NONE', ( #2434, #7995 ), #2967, .F. ) ;
#537 = DIRECTION ( 'NONE',  ( -0.000000000000000000, -0.000000000000000000, 1.000000000000000000 ) ) ;
#538 = EDGE_CURVE ( 'NONE', #792, #6530, #4279, .T. ) ;
#539 = CARTESIAN_POINT ( 'NONE',  ( 3.000000000000002220, 9.000000000000001776, 7.249999999999999112 ) ) ;
#540 = ORIENTED_EDGE ( 'NONE', *, *, #7677, .T. ) ;
#541 = CARTESIAN_POINT ( 'NONE',  ( -15.00000000000000000, 3.500000000000000000, 2.000000000000007105 ) ) ;
#542 = CARTESIAN_POINT ( 'NONE',  ( 3.000000000000002220, 9.000000000000001776, 7.249999999999999112 ) ) ;
#543 = FACE_OUTER_BOUND ( 'NONE', #3499, .T. ) ;
#544 = EDGE_CURVE ( 'NONE', #7233, #624, #6192, .T. ) ;
#545 = EDGE_CURVE ( 'NONE', #7518, #6450, #1087, .T. ) ;
#546 = AXIS2_PLACEMENT_3D ( 'NONE', #1564, #3442, #2095 ) ;
#547 = VECTOR ( 'NONE', #4754, 1000.000000000000000 ) ;
#548 = AXIS2_PLACEMENT_3D ( 'NONE', #4252, #513, #8090 ) ;
#549 = ORIENTED_EDGE ( 'NONE', *, *, #5901, .T. ) ;
#550 = ORIENTED_EDGE ( 'NONE', *, *, #2993, .F. ) ;
#551 = DIRECTION ( 'NONE',  ( 1.000000000000000000, 0.000000000000000000, 0.000000000000000000 ) ) ;
#552 = VECTOR ( 'NONE', #3868, 1000.000000000000000 ) ;
#553 = DIRECTION ( 'NONE',  ( -0.000000000000000000, -0.000000000000000000, 1.000000000000000000 ) ) ;
#554 = ORIENTED_EDGE ( 'NONE', *, *, #4307, .T. ) ;
#555 = VERTEX_POINT ( 'NONE', #1743 ) ;
#556 = AXIS2_PLACEMENT_3D ( 'NONE', #2337, #7323, #4870 ) ;
#557 = FACE_OUTER_BOUND ( 'NONE', #3630, .T. ) ;
#558 = CIRCLE ( 'NONE', #4355, 10.00000000000000178 ) ;
#559 = SURFACE_STYLE_FILL_AREA ( #1760 ) ;
#560 = AXIS2_PLACEMENT_3D ( 'NONE', #142, #7635, #7022 ) ;
#561 = ADVANCED_FACE ( 'NONE', ( #2473 ), #7383, .T. ) ;
#562 = STYLED_ITEM ( 'NONE', ( #1639 ), #989 ) ;
#563 = ORIENTED_EDGE ( 'NONE', *, *, #4048, .T. ) ;
#564 = AXIS2_PLACEMENT_3D ( 'NONE', #3409, #5910, #330 ) ;
#565 = FACE_OUTER_BOUND ( 'NONE', #1752, .T. ) ;
#566 = PRODUCT_DEFINITION_SHAPE ( 'NONE', 'NONE',  #8098 ) ;
#567 = CARTESIAN_POINT ( 'NONE',  ( -29.99999999999998224, 32.50000000000000000, -123.0000000000000000 ) ) ;
#568 = ORIENTED_EDGE ( 'NONE', *, *, #4105, .T. ) ;
#569 = VECTOR ( 'NONE', #388, 1000.000000000000000 ) ;
#570 = DIRECTION ( 'NONE',  ( -0.000000000000000000, -1.000000000000000000, -0.000000000000000000 ) ) ;
#571 = DIRECTION ( 'NONE',  ( -0.000000000000000000, -0.000000000000000000, 1.000000000000000000 ) ) ;
#572 = CARTESIAN_POINT ( 'NONE',  ( 7.000000000000001776, 5.000000000000000000, 7.249999999999999112 ) ) ;
#573 = CARTESIAN_POINT ( 'NONE',  ( 0.000000000000000000, -1.759474945355389064, -3.047499999999997655 ) ) ;
#574 = PRODUCT_RELATED_PRODUCT_CATEGORY ( 'part', '', ( #4883 ) ) ;
#575 = VECTOR ( 'NONE', #910, 1000.000000000000000 ) ;
#576 = ORIENTED_EDGE ( 'NONE', *, *, #1260, .F. ) ;
#577 = DIRECTION ( 'NONE',  ( 1.000000000000000000, 0.000000000000000000, 0.000000000000000000 ) ) ;
#578 = ORIENTED_EDGE ( 'NONE', *, *, #6990, .T. ) ;
#579 = DIRECTION ( 'NONE',  ( -0.000000000000000000, 0.000000000000000000, -1.000000000000000000 ) ) ;
#580 = PLANE ( 'NONE',  #1490 ) ;
#581 = CARTESIAN_POINT ( 'NONE',  ( 0.5000000000000004441, 0.000000000000000000, 0.000000000000000000 ) ) ;
#582 = VECTOR ( 'NONE', #1444, 1000.000000000000000 ) ;
#583 = CONTEXT_DEPENDENT_SHAPE_REPRESENTATION ( #2101, #4820 ) ;
#584 = EDGE_CURVE ( 'NONE', #2082, #6121, #2139, .T. ) ;
#585 = FACE_OUTER_BOUND ( 'NONE', #7623, .T. ) ;
#586 = CARTESIAN_POINT ( 'NONE',  ( -40.00000000000000711, 25.00000000000000000, -115.0000000000000142 ) ) ;
#587 = DIRECTION ( 'NONE',  ( -0.000000000000000000, 1.000000000000000000, -0.000000000000000000 ) ) ;
#588 = VERTEX_POINT ( 'NONE', #6148 ) ;
#589 = DIRECTION ( 'NONE',  ( -0.000000000000000000, -0.000000000000000000, 1.000000000000000000 ) ) ;
#590 = DIRECTION ( 'NONE',  ( 0.000000000000000000, -0.5000000000000012212, -0.8660254037844380415 ) ) ;
#591 = CARTESIAN_POINT ( 'NONE',  ( -27.77783773436489767, 26.60286862626680815, 30.00000000000000000 ) ) ;
#592 = EDGE_CURVE ( 'NONE', #4598, #1185, #1821, .T. ) ;
#593 = AXIS2_PLACEMENT_3D ( 'NONE', #1569, #2875, #4721 ) ;
#594 = EDGE_CURVE ( 'NONE', #5313, #84, #4241, .T. ) ;
#595 = ORIENTED_EDGE ( 'NONE', *, *, #7345, .T. ) ;
#596 = EDGE_LOOP ( 'NONE', ( #4525, #1647 ) ) ;
#597 = DIRECTION ( 'NONE',  ( -0.000000000000000000, -0.000000000000000000, 1.000000000000000000 ) ) ;
#598 = FACE_OUTER_BOUND ( 'NONE', #4794, .T. ) ;
#599 = VERTEX_POINT ( 'NONE', #1708 ) ;
#600 = EDGE_LOOP ( 'NONE', ( #6152, #5364 ) ) ;
#601 = DIRECTION ( 'NONE',  ( 0.000000000000000000, 0.000000000000000000, 1.000000000000000000 ) ) ;
#602 = DIRECTION ( 'NONE',  ( 0.000000000000000000, 0.000000000000000000, 1.000000000000000000 ) ) ;
#603 = SURFACE_STYLE_USAGE ( .BOTH. , #5558 ) ;
#604 = AXIS2_PLACEMENT_3D ( 'NONE', #1557, #2214, #4051 ) ;
#605 = ORIENTED_EDGE ( 'NONE', *, *, #7607, .F. ) ;
#606 = CARTESIAN_POINT ( 'NONE',  ( -30.00000000000000000, -32.50000000000000000, -120.0000000000000000 ) ) ;
#607 = EDGE_CURVE ( 'NONE', #183, #7458, #2522, .T. ) ;
#608 = CARTESIAN_POINT ( 'NONE',  ( 1.000000000000001998, -9.000000000000001776, -7.249999999999999112 ) ) ;
#609 = ORIENTED_EDGE ( 'NONE', *, *, #4202, .T. ) ;
#610 = CARTESIAN_POINT ( 'NONE',  ( -36.87500000000000711, -32.50000000000000000, -120.0000000000000000 ) ) ;
#611 = AXIS2_PLACEMENT_3D ( 'NONE', #2274, #4115, #6604 ) ;
#612 = DIRECTION ( 'NONE',  ( 1.000000000000000000, 0.000000000000000000, 0.000000000000000000 ) ) ;
#613 = CARTESIAN_POINT ( 'NONE',  ( 25.00000000000000711, -32.50000000000000000, -15.00000000000001421 ) ) ;
#614 = DIRECTION ( 'NONE',  ( 1.000000000000000000, 0.000000000000000000, 0.000000000000000000 ) ) ;
#615 = VERTEX_POINT ( 'NONE', #6805 ) ;
#616 = AXIS2_PLACEMENT_3D ( 'NONE', #4480, #1295, #1334 ) ;
#617 = CARTESIAN_POINT ( 'NONE',  ( -2.999999999999994671, 9.539392014169454370, -142.0000000000000284 ) ) ;
#618 =( NAMED_UNIT ( * ) PLANE_ANGLE_UNIT ( ) SI_UNIT ( $, .RADIAN. ) );
#619 = ORIENTED_EDGE ( 'NONE', *, *, #6954, .T. ) ;
#620 = CARTESIAN_POINT ( 'NONE',  ( 1.979845658621553928E-15, 10.00000000000000000, 7.500000000000000000 ) ) ;
#621 = CARTESIAN_POINT ( 'NONE',  ( -25.00000000000000711, 32.50000000000000000, -120.0000000000000000 ) ) ;
#622 = DIRECTION ( 'NONE',  ( -8.673617379884034239E-17, 1.000000000000000000, 2.168404344971008560E-17 ) ) ;
#623 =( GEOMETRIC_REPRESENTATION_CONTEXT ( 3 ) GLOBAL_UNCERTAINTY_ASSIGNED_CONTEXT ( ( #2979 ) ) GLOBAL_UNIT_ASSIGNED_CONTEXT ( ( #897, #5932, #861 ) ) REPRESENTATION_CONTEXT ( 'NONE', 'WORKASPACE' ) );
#624 = VERTEX_POINT ( 'NONE', #467 ) ;
#625 = CARTESIAN_POINT ( 'NONE',  ( -40.00000000000000711, 25.00000000000000000, -120.0000000000000000 ) ) ;
#626 = CARTESIAN_POINT ( 'NONE',  ( -25.00000000000000000, 3.061616997868383043E-15, -135.0000000000000000 ) ) ;
#627 = CARTESIAN_POINT ( 'NONE',  ( 25.00000000000000711, -32.50000000000000000, -120.0000000000000000 ) ) ;
#628 = ORIENTED_EDGE ( 'NONE', *, *, #4886, .T. ) ;
#629 = CARTESIAN_POINT ( 'NONE',  ( -28.12499999999999289, 32.50000000000000000, -120.0000000000000000 ) ) ;
#630 = CARTESIAN_POINT ( 'NONE',  ( 39.99999999999998579, 15.00000000000000000, 7.500000000000000000 ) ) ;
#631 = DIRECTION ( 'NONE',  ( 1.000000000000000000, -9.251858538542963939E-16, -2.307103579213874458E-32 ) ) ;
#632 = PRODUCT_DEFINITION_SHAPE ( 'NONE', 'NONE',  #8106 ) ;
#633 = ORIENTED_EDGE ( 'NONE', *, *, #1053, .T. ) ;
#634 = ORIENTED_EDGE ( 'NONE', *, *, #3138, .T. ) ;
#635 = DIRECTION ( 'NONE',  ( 1.000000000000000000, 0.000000000000000000, 0.000000000000000000 ) ) ;
#636 = CARTESIAN_POINT ( 'NONE',  ( -25.00000000000000000, 3.061616997868383043E-15, -130.0000000000000000 ) ) ;
#637 = ORIENTED_EDGE ( 'NONE', *, *, #7338, .T. ) ;
#638 = ORIENTED_EDGE ( 'NONE', *, *, #5178, .T. ) ;
#639 = DIRECTION ( 'NONE',  ( 0.000000000000000000, 0.5000000000000008882, 0.8660254037844381525 ) ) ;
#640 = DIRECTION ( 'NONE',  ( 1.000000000000000000, 0.000000000000000000, 0.000000000000000000 ) ) ;
#641 = EDGE_CURVE ( 'NONE', #2512, #2401, #7878, .T. ) ;
#642 = FACE_OUTER_BOUND ( 'NONE', #5056, .T. ) ;
#643 = AXIS2_PLACEMENT_3D ( 'NONE', #772, #5314, #4084 ) ;
#644 = EDGE_CURVE ( 'NONE', #5024, #5356, #4854, .T. ) ;
#645 = VERTEX_POINT ( 'NONE', #6114 ) ;
#646 = CARTESIAN_POINT ( 'NONE',  ( 24.16675660154734118, 23.14453187976436865, 24.99999999999999645 ) ) ;
#647 = DIRECTION ( 'NONE',  ( 1.000000000000000000, 0.000000000000000000, 0.000000000000000000 ) ) ;
#648 = EDGE_LOOP ( 'NONE', ( #5392, #1790, #400, #4649 ) ) ;
#649 = CYLINDRICAL_SURFACE ( 'NONE', #2656, 10.00000000000000178 ) ;
#650 = VECTOR ( 'NONE', #509, 1000.000000000000000 ) ;
#651 = CARTESIAN_POINT ( 'NONE',  ( 36.87500000000000711, 32.50000000000000000, -120.0000000000000000 ) ) ;
#652 = DIRECTION ( 'NONE',  ( 1.000000000000000000, 0.000000000000000000, 0.000000000000000000 ) ) ;
#653 = EDGE_CURVE ( 'NONE', #1034, #7972, #502, .T. ) ;
#654 = DIRECTION ( 'NONE',  ( 1.000000000000000000, 0.000000000000000000, 0.000000000000000000 ) ) ;
#655 = EDGE_CURVE ( 'NONE', #4650, #202, #6570, .T. ) ;
#656 = ORIENTED_EDGE ( 'NONE', *, *, #6398, .T. ) ;
#657 = AXIS2_PLACEMENT_3D ( 'NONE', #4925, #3079, #1782 ) ;
#658 = DIRECTION ( 'NONE',  ( 0.000000000000000000, -0.000000000000000000, -1.000000000000000000 ) ) ;
#659 = DIRECTION ( 'NONE',  ( -6.184765482036564818E-17, -5.169862860402924695E-18, 0.9999999999999998890 ) ) ;
#660 = VERTEX_POINT ( 'NONE', #3248 ) ;
#661 = CARTESIAN_POINT ( 'NONE',  ( 4.000000000000000000, 1.759474945355386621, 3.047499999999995435 ) ) ;
#662 = LINE ( 'NONE', #7534, #3032 ) ;
#663 = DIRECTION ( 'NONE',  ( 0.000000000000000000, -1.000000000000000000, 0.000000000000000000 ) ) ;
#664 = ADVANCED_FACE ( 'NONE', ( #5713 ), #5750, .F. ) ;
#665 = ORIENTED_EDGE ( 'NONE', *, *, #4091, .F. ) ;
#666 = CIRCLE ( 'NONE', #3938, 2.500000000000009326 ) ;
#667 = LINE ( 'NONE', #7538, #8040 ) ;
#668 = VECTOR ( 'NONE', #5850, 1000.000000000000000 ) ;
#669 = CIRCLE ( 'NONE', #2765, 0.9999999999999995559 ) ;
#670 =( NAMED_UNIT ( * ) SI_UNIT ( $, .STERADIAN. ) SOLID_ANGLE_UNIT ( ) );
#671 = LINE ( 'NONE', #5747, #6839 ) ;
#672 = ORIENTED_EDGE ( 'NONE', *, *, #7212, .T. ) ;
#673 = LINE ( 'NONE', #5622, #5796 ) ;
#674 = LINE ( 'NONE', #5058, #4487 ) ;
#675 = CARTESIAN_POINT ( 'NONE',  ( -40.00000000000000711, 39.99999999999999289, -130.0000000000000000 ) ) ;
#676 = ADVANCED_FACE ( 'NONE', ( #4568 ), #2514, .F. ) ;
#677 = ORIENTED_EDGE ( 'NONE', *, *, #2163, .T. ) ;
#678 = ORIENTED_EDGE ( 'NONE', *, *, #584, .T. ) ;
#679 = DIRECTION ( 'NONE',  ( 0.000000000000000000, 0.000000000000000000, -1.000000000000000000 ) ) ;
#680 = DIRECTION ( 'NONE',  ( 0.000000000000000000, 1.000000000000000000, -1.471414886128460880E-15 ) ) ;
#681 = EDGE_LOOP ( 'NONE', ( #4119, #6370, #7854, #5066 ) ) ;
#682 = ORIENTED_EDGE ( 'NONE', *, *, #8085, .F. ) ;
#683 = FACE_OUTER_BOUND ( 'NONE', #2448, .T. ) ;
#684 =( NAMED_UNIT ( * ) SI_UNIT ( $, .STERADIAN. ) SOLID_ANGLE_UNIT ( ) );
#685 = UNCERTAINTY_MEASURE_WITH_UNIT (LENGTH_MEASURE( 1.000000000000000082E-05 ), #3273, 'distance_accuracy_value', 'NONE');
#686 = ADVANCED_BREP_SHAPE_REPRESENTATION ( '', ( #989, #5854 ), #4685 ) ;
#687 = EDGE_LOOP ( 'NONE', ( #4379, #1220, #1835, #895 ) ) ;
#688 = EDGE_CURVE ( 'NONE', #4861, #6631, #5924, .T. ) ;
#689 = VECTOR ( 'NONE', #1807, 1000.000000000000000 ) ;
#690 = DIRECTION ( 'NONE',  ( -0.000000000000000000, -0.000000000000000000, 1.000000000000000000 ) ) ;
#691 = CIRCLE ( 'NONE', #5785, 0.9999999999999997780 ) ;
#692 = DIRECTION ( 'NONE',  ( 0.000000000000000000, 0.000000000000000000, -1.000000000000000000 ) ) ;
#693 = VERTEX_POINT ( 'NONE', #3784 ) ;
#694 = VECTOR ( 'NONE', #1089, 1000.000000000000000 ) ;
#695 = CARTESIAN_POINT ( 'NONE',  ( -34.99999999999999289, -32.50000000000000000, -8.500000000000000000 ) ) ;
#696 = CARTESIAN_POINT ( 'NONE',  ( 20.00000000000000711, 40.00000000000000711, 30.00000000000000000 ) ) ;
#697 = DIRECTION ( 'NONE',  ( -0.000000000000000000, -0.000000000000000000, 1.000000000000000000 ) ) ;
#698 = ADVANCED_FACE ( 'NONE', ( #4442, #1420 ), #178, .F. ) ;
#699 = ORIENTED_EDGE ( 'NONE', *, *, #4050, .T. ) ;
#700 = AXIS2_PLACEMENT_3D ( 'NONE', #1709, #5502, #6686 ) ;
#701 = EDGE_CURVE ( 'NONE', #4608, #37, #5184, .T. ) ;
#702 = DIRECTION ( 'NONE',  ( 1.000000000000000000, 0.000000000000000000, 0.000000000000000000 ) ) ;
#703 = ADVANCED_FACE ( 'NONE', ( #3209 ), #3172, .F. ) ;
#704 = CARTESIAN_POINT ( 'NONE',  ( 0.000000000000000000, 0.000000000000000000, 0.000000000000000000 ) ) ;
#705 = AXIS2_PLACEMENT_3D ( 'NONE', #2150, #1663, #916 ) ;
#706 = EDGE_CURVE ( 'NONE', #5170, #213, #4531, .T. ) ;
#707 = ORIENTED_EDGE ( 'NONE', *, *, #3006, .F. ) ;
#708 = DIRECTION ( 'NONE',  ( -0.000000000000000000, 0.000000000000000000, 1.000000000000000000 ) ) ;
#709 = LINE ( 'NONE', #7656, #6043 ) ;
#710 = CARTESIAN_POINT ( 'NONE',  ( 4.000000000000000000, -3.518949890710769246, 3.035766082959412415E-15 ) ) ;
#711 = CONICAL_SURFACE ( 'NONE', #2279, 2.000000000000007105, 0.7853981633974447263 ) ;
#712 = AXIS2_PLACEMENT_3D ( 'NONE', #2606, #3990, #5588 ) ;
#713 = VERTEX_POINT ( 'NONE', #54 ) ;
#714 = VECTOR ( 'NONE', #2676, 1000.000000000000000 ) ;
#715 = PLANE ( 'NONE',  #616 ) ;
#716 = FILL_AREA_STYLE_COLOUR ( '', #6014 ) ;
#717 = ADVANCED_FACE ( 'NONE', ( #3165 ), #3823, .F. ) ;
#718 = DIRECTION ( 'NONE',  ( -0.000000000000000000, -0.000000000000000000, 1.000000000000000000 ) ) ;
#719 = VECTOR ( 'NONE', #3327, 1000.000000000000000 ) ;
#720 = ORIENTED_EDGE ( 'NONE', *, *, #3552, .T. ) ;
#721 = DIRECTION ( 'NONE',  ( 1.000000000000000000, 0.000000000000000000, 0.000000000000000000 ) ) ;
#722 = DIRECTION ( 'NONE',  ( -0.000000000000000000, -0.000000000000000000, 1.000000000000000000 ) ) ;
#723 = DIRECTION ( 'NONE',  ( -0.000000000000000000, -0.000000000000000000, 1.000000000000000000 ) ) ;
#724 = ORIENTED_EDGE ( 'NONE', *, *, #7794, .F. ) ;
#725 = ORIENTED_EDGE ( 'NONE', *, *, #2048, .T. ) ;
#726 = CARTESIAN_POINT ( 'NONE',  ( 4.000000000000000000, 3.518949890710767470, -4.553649124439118623E-15 ) ) ;
#727 = CARTESIAN_POINT ( 'NONE',  ( -20.00000000000000711, 34.99999999999999289, 30.00000000000000000 ) ) ;
#728 = ORIENTED_EDGE ( 'NONE', *, *, #7314, .F. ) ;
#729 = EDGE_LOOP ( 'NONE', ( #1102, #1609, #6961, #1791 ) ) ;
#730 = CARTESIAN_POINT ( 'NONE',  ( 2.500000000000000000, -1.178949249685215417, 2.042000000000003812 ) ) ;
#731 = DIRECTION ( 'NONE',  ( 1.000000000000000000, 0.000000000000000000, 0.000000000000000000 ) ) ;
#732 = VERTEX_POINT ( 'NONE', #3906 ) ;
#733 = DIRECTION ( 'NONE',  ( -1.000000000000000000, -0.000000000000000000, -0.000000000000000000 ) ) ;
#734 = CARTESIAN_POINT ( 'NONE',  ( 0.000000000000000000, 0.000000000000000000, 7.500000000000000000 ) ) ;
#735 = VERTEX_POINT ( 'NONE', #6402 ) ;
#736 = CARTESIAN_POINT ( 'NONE',  ( -6.938893903907228378E-15, -1.387778780781445676E-14, -8.500000000000000000 ) ) ;
#737 = DIRECTION ( 'NONE',  ( -0.000000000000000000, -0.000000000000000000, 1.000000000000000000 ) ) ;
#738 = CYLINDRICAL_SURFACE ( 'NONE', #2844, 4.374999999999997335 ) ;
#739 = EDGE_CURVE ( 'NONE', #6917, #522, #794, .T. ) ;
#740 = ORIENTED_EDGE ( 'NONE', *, *, #1153, .F. ) ;
#741 = CONICAL_SURFACE ( 'NONE', #8051, 2.042000000000000259, 1.047197551196593635 ) ;
#742 = CARTESIAN_POINT ( 'NONE',  ( -44.99999999999998579, -40.00000000000000711, 7.500000000000000000 ) ) ;
#743 = ORIENTED_EDGE ( 'NONE', *, *, #1657, .T. ) ;
#744 =( NAMED_UNIT ( * ) PLANE_ANGLE_UNIT ( ) SI_UNIT ( $, .RADIAN. ) );
#745 = VERTEX_POINT ( 'NONE', #1300 ) ;
#746 = FACE_OUTER_BOUND ( 'NONE', #4344, .T. ) ;
#747 = LINE ( 'NONE', #1411, #4874 ) ;
#748 = CYLINDRICAL_SURFACE ( 'NONE', #7764, 4.250000000000000000 ) ;
#749 = AXIS2_PLACEMENT_3D ( 'NONE', #103, #2609, #2646 ) ;
#750 = ADVANCED_FACE ( 'NONE', ( #758, #6232 ), #6364, .T. ) ;
#751 = ORIENTED_EDGE ( 'NONE', *, *, #6706, .F. ) ;
#752 = ADVANCED_FACE ( 'NONE', ( #3747 ), #5015, .F. ) ;
#753 = CARTESIAN_POINT ( 'NONE',  ( -39.99999999999999289, -40.00000000000000711, -115.0000000000000000 ) ) ;
#754 = CARTESIAN_POINT ( 'NONE',  ( 19.30950000000002120, 0.000000000000000000, 0.000000000000000000 ) ) ;
#755 = CARTESIAN_POINT ( 'NONE',  ( 7.000000000000001776, -4.750000000000000000, 7.249999999999999112 ) ) ;
#756 = VERTEX_POINT ( 'NONE', #1914 ) ;
#757 = CARTESIAN_POINT ( 'NONE',  ( -15.00000000000000000, 2.499999999999995559, -3.000000000000004441 ) ) ;
#758 = FACE_BOUND ( 'NONE', #2462, .T. ) ;
#759 = DIRECTION ( 'NONE',  ( 0.000000000000000000, 1.000000000000000000, 0.000000000000000000 ) ) ;
#760 = EDGE_CURVE ( 'NONE', #4076, #6942, #674, .T. ) ;
#761 = EDGE_CURVE ( 'NONE', #225, #8082, #6976, .T. ) ;
#762 = AXIS2_PLACEMENT_3D ( 'NONE', #7644, #3887, #777 ) ;
#763 = ORIENTED_EDGE ( 'NONE', *, *, #5459, .F. ) ;
#764 = ORIENTED_EDGE ( 'NONE', *, *, #4840, .F. ) ;
#765 = CARTESIAN_POINT ( 'NONE',  ( 1.000000000000001998, 9.750000000000001776, -7.500000000000000000 ) ) ;
#766 = VERTEX_POINT ( 'NONE', #842 ) ;
#767 = ORIENTED_EDGE ( 'NONE', *, *, #4173, .F. ) ;
#768 = CARTESIAN_POINT ( 'NONE',  ( -39.99999999999999289, -40.00000000000000711, -130.0000000000000000 ) ) ;
#769 = FACE_OUTER_BOUND ( 'NONE', #7796, .T. ) ;
#770 = ADVANCED_FACE ( 'NONE', ( #3338 ), #5833, .F. ) ;
#771 = ORIENTED_EDGE ( 'NONE', *, *, #4939, .F. ) ;
#772 = CARTESIAN_POINT ( 'NONE',  ( 4.653657836759939574E-15, 6.000000000000000000, -142.0000000000000284 ) ) ;
#773 = FACE_OUTER_BOUND ( 'NONE', #2245, .T. ) ;
#774 = ORIENTED_EDGE ( 'NONE', *, *, #1916, .F. ) ;
#775 = CARTESIAN_POINT ( 'NONE',  ( 34.99999999999999289, 32.50000000000000711, 7.500000000000000888 ) ) ;
#776 = DIRECTION ( 'NONE',  ( 0.000000000000000000, 0.000000000000000000, 1.000000000000000000 ) ) ;
#777 = DIRECTION ( 'NONE',  ( 1.000000000000000000, 0.000000000000000000, 0.000000000000000000 ) ) ;
#778 = AXIS2_PLACEMENT_3D ( 'NONE', #975, #7720, #1469 ) ;
#779 = EDGE_CURVE ( 'NONE', #2904, #4210, #3441, .T. ) ;
#780 = ORIENTED_EDGE ( 'NONE', *, *, #3563, .T. ) ;
#781 = DIRECTION ( 'NONE',  ( 0.7222162265635112544, -0.6916673493004875661, 0.000000000000000000 ) ) ;
#782 = CIRCLE ( 'NONE', #2477, 2.700000000000000622 ) ;
#783 = ORIENTED_EDGE ( 'NONE', *, *, #1137, .T. ) ;
#784 =( LENGTH_UNIT ( ) NAMED_UNIT ( * ) SI_UNIT ( .MILLI., .METRE. ) );
#785 = ORIENTED_EDGE ( 'NONE', *, *, #4657, .T. ) ;
#786 = DIRECTION ( 'NONE',  ( 1.000000000000000000, 0.000000000000000000, 0.000000000000000000 ) ) ;
#787 = FACE_OUTER_BOUND ( 'NONE', #6690, .T. ) ;
#788 = AXIS2_PLACEMENT_3D ( 'NONE', #6972, #1148, #3680 ) ;
#789 = VERTEX_POINT ( 'NONE', #7640 ) ;
#790 = CARTESIAN_POINT ( 'NONE',  ( 24.99999999999998934, -1.081617080994607490E-14, 0.5000000000000004441 ) ) ;
#791 = CARTESIAN_POINT ( 'NONE',  ( 40.00000000000000711, 25.00000000000000000, -120.0000000000000000 ) ) ;
#792 = VERTEX_POINT ( 'NONE', #5162 ) ;
#793 = CARTESIAN_POINT ( 'NONE',  ( 32.50000000000000000, -25.00000000000000711, -120.0000000000000000 ) ) ;
#794 = LINE ( 'NONE', #92, #4494 ) ;
#795 = DIRECTION ( 'NONE',  ( 1.000000000000000000, 0.000000000000000000, 0.000000000000000000 ) ) ;
#796 = ADVANCED_FACE ( 'NONE', ( #7600 ), #1967, .F. ) ;
#797 = EDGE_CURVE ( 'NONE', #6418, #2299, #2659, .T. ) ;
#798 = EDGE_CURVE ( 'NONE', #6770, #1953, #5142, .T. ) ;
#799 = ADVANCED_FACE ( 'NONE', ( #5642 ), #812, .F. ) ;
#800 = ORIENTED_EDGE ( 'NONE', *, *, #4762, .T. ) ;
#801 = VERTEX_POINT ( 'NONE', #2010 ) ;
#802 = CARTESIAN_POINT ( 'NONE',  ( -40.00000000000000711, -38.00000000000000711, -120.0000000000000000 ) ) ;
#803 = AXIS2_PLACEMENT_3D ( 'NONE', #5328, #4716, #5982 ) ;
#804 = ADVANCED_FACE ( 'NONE', ( #1434 ), #7477, .T. ) ;
#805 = CARTESIAN_POINT ( 'NONE',  ( 8.399999999999998579, 0.000000000000000000, 4.000000000000001776 ) ) ;
#806 = ORIENTED_EDGE ( 'NONE', *, *, #3608, .F. ) ;
#807 = ORIENTED_EDGE ( 'NONE', *, *, #6605, .T. ) ;
#808 = CARTESIAN_POINT ( 'NONE',  ( -6.938893903907228378E-15, -1.387778780781445676E-14, 2.499999999999999556 ) ) ;
#809 = LINE ( 'NONE', #3297, #6307 ) ;
#810 = ORIENTED_EDGE ( 'NONE', *, *, #6312, .F. ) ;
#811 = FACE_OUTER_BOUND ( 'NONE', #7513, .T. ) ;
#812 = PLANE ( 'NONE',  #3694 ) ;
#813 = ORIENTED_EDGE ( 'NONE', *, *, #5607, .T. ) ;
#814 = DIRECTION ( 'NONE',  ( 1.000000000000000000, 0.000000000000000000, 0.000000000000000000 ) ) ;
#815 = DIRECTION ( 'NONE',  ( 1.000000000000000000, -0.000000000000000000, -0.000000000000000000 ) ) ;
#816 = EDGE_CURVE ( 'NONE', #2761, #6490, #1090, .T. ) ;
#817 = ORIENTED_EDGE ( 'NONE', *, *, #6560, .F. ) ;
#818 = AXIS2_PLACEMENT_3D ( 'NONE', #3775, #5700, #2675 ) ;
#819 = VECTOR ( 'NONE', #6612, 1000.000000000000000 ) ;
#820 = CIRCLE ( 'NONE', #6827, 5.000000000000000888 ) ;
#821 = CIRCLE ( 'NONE', #1870, 33.46194077712560500 ) ;
#822 = DIRECTION ( 'NONE',  ( 0.000000000000000000, 0.000000000000000000, -1.000000000000000000 ) ) ;
#823 = ORIENTED_EDGE ( 'NONE', *, *, #5169, .F. ) ;
#824 = APPLICATION_PROTOCOL_DEFINITION ( 'draft international standard', 'automotive_design', 1998, #3506 ) ;
#825 = CARTESIAN_POINT ( 'NONE',  ( 0.000000000000000000, 0.000000000000000000, -172.0000000000000000 ) ) ;
#826 = LINE ( 'NONE', #4431, #4641 ) ;
#827 = CARTESIAN_POINT ( 'NONE',  ( 32.50000000000000711, 32.50000000000000000, -130.0000000000000000 ) ) ;
#828 = CARTESIAN_POINT ( 'NONE',  ( 24.55500000000001393, 0.000000000000000000, 0.000000000000000000 ) ) ;
#829 = AXIS2_PLACEMENT_3D ( 'NONE', #4926, #6726, #3744 ) ;
#830 = CIRCLE ( 'NONE', #3034, 4.375000000000003553 ) ;
#831 = AXIS2_PLACEMENT_3D ( 'NONE', #675, #759, #4362 ) ;
#832 = VECTOR ( 'NONE', #2440, 1000.000000000000000 ) ;
#833 = VERTEX_POINT ( 'NONE', #1317 ) ;
#834 = VECTOR ( 'NONE', #7945, 1000.000000000000000 ) ;
#835 = LINE ( 'NONE', #2590, #7265 ) ;
#836 = CIRCLE ( 'NONE', #8026, 4.250000000000000000 ) ;
#837 = PRODUCT_RELATED_PRODUCT_CATEGORY ( 'part', '', ( #7297 ) ) ;
#838 = CARTESIAN_POINT ( 'NONE',  ( 4.000000000000004441, -5.000000000000000000, 7.500000000000000000 ) ) ;
#839 = VERTEX_POINT ( 'NONE', #3845 ) ;
#840 = CARTESIAN_POINT ( 'NONE',  ( 2.500000000000004441, 0.000000000000000000, 0.000000000000000000 ) ) ;
#841 = AXIS2_PLACEMENT_3D ( 'NONE', #6068, #2267, #4111 ) ;
#842 = CARTESIAN_POINT ( 'NONE',  ( 3.750000000000003997, 4.750000000000000000, -7.500000000000000000 ) ) ;
#843 = CARTESIAN_POINT ( 'NONE',  ( -55.00000000000000000, 39.99999999999999289, 7.500000000000000000 ) ) ;
#844 = ADVANCED_FACE ( 'NONE', ( #1279, #2534, #3763, #23, #4982, #6380, #6250, #3800, #7561, #773 ), #3263, .T. ) ;
#845 =( GEOMETRIC_REPRESENTATION_CONTEXT ( 3 ) GLOBAL_UNCERTAINTY_ASSIGNED_CONTEXT ( ( #7473 ) ) GLOBAL_UNIT_ASSIGNED_CONTEXT ( ( #8048, #1798, #4290 ) ) REPRESENTATION_CONTEXT ( 'NONE', 'WORKASPACE' ) );
#846 = ORIENTED_EDGE ( 'NONE', *, *, #2716, .T. ) ;
#847 = VERTEX_POINT ( 'NONE', #148 ) ;
#848 = DIRECTION ( 'NONE',  ( -0.7071067811865376918, 8.659560562355054885E-17, -0.7071067811865574537 ) ) ;
#849 = FACE_OUTER_BOUND ( 'NONE', #2974, .T. ) ;
#850 = ORIENTED_EDGE ( 'NONE', *, *, #2551, .F. ) ;
#851 = VERTEX_POINT ( 'NONE', #7523 ) ;
#852 = CARTESIAN_POINT ( 'NONE',  ( -30.00000000000000000, -32.50000000000000000, -8.500000000000000000 ) ) ;
#853 = APPLICATION_CONTEXT ( 'automotive_design' ) ;
#854 = PLANE ( 'NONE',  #5145 ) ;
#855 = ADVANCED_FACE ( 'NONE', ( #4545 ), #2915, .T. ) ;
#856 = ORIENTED_EDGE ( 'NONE', *, *, #816, .F. ) ;
#857 = DIRECTION ( 'NONE',  ( -5.204170427930421283E-16, -1.000000000000000000, 0.000000000000000000 ) ) ;
#858 = DIRECTION ( 'NONE',  ( 1.000000000000000000, 0.000000000000000000, 0.000000000000000000 ) ) ;
#859 = ORIENTED_EDGE ( 'NONE', *, *, #2446, .F. ) ;
#860 = DIRECTION ( 'NONE',  ( 0.000000000000000000, 0.000000000000000000, -1.000000000000000000 ) ) ;
#861 =( NAMED_UNIT ( * ) SI_UNIT ( $, .STERADIAN. ) SOLID_ANGLE_UNIT ( ) );
#862 = ORIENTED_EDGE ( 'NONE', *, *, #5359, .T. ) ;
#863 = EDGE_CURVE ( 'NONE', #4827, #4738, #6909, .T. ) ;
#864 = CARTESIAN_POINT ( 'NONE',  ( 2.258029293598270648, 9.742747549313516942, -140.0152730247749560 ) ) ;
#865 = DIRECTION ( 'NONE',  ( -0.000000000000000000, -0.000000000000000000, 1.000000000000000000 ) ) ;
#866 = CIRCLE ( 'NONE', #6346, 38.46194077712559789 ) ;
#867 = EDGE_LOOP ( 'NONE', ( #438, #1038 ) ) ;
#868 = APPLICATION_PROTOCOL_DEFINITION ( 'draft international standard', 'automotive_design', 1998, #3194 ) ;
#869 = CARTESIAN_POINT ( 'NONE',  ( -36.87499999999999289, 32.50000000000000000, -120.0000000000000000 ) ) ;
#870 = FACE_OUTER_BOUND ( 'NONE', #6896, .T. ) ;
#871 = CARTESIAN_POINT ( 'NONE',  ( 30.00000000000002842, -32.50000000000000000, 7.500000000000000888 ) ) ;
#872 = FACE_OUTER_BOUND ( 'NONE', #5037, .T. ) ;
#873 = EDGE_CURVE ( 'NONE', #6942, #7237, #3316, .T. ) ;
#874 = VECTOR ( 'NONE', #2500, 1000.000000000000000 ) ;
#875 = VERTEX_POINT ( 'NONE', #67 ) ;
#876 = ORIENTED_EDGE ( 'NONE', *, *, #7196, .T. ) ;
#877 = CARTESIAN_POINT ( 'NONE',  ( 7.000000000000001776, 0.000000000000000000, -3.999999999999993339 ) ) ;
#878 = DIRECTION ( 'NONE',  ( 1.000000000000000000, 0.000000000000000000, 0.000000000000000000 ) ) ;
#879 = CARTESIAN_POINT ( 'NONE',  ( 4.000000000000000000, -1.759474945355381736, 3.047500000000000320 ) ) ;
#880 = ORIENTED_EDGE ( 'NONE', *, *, #4866, .T. ) ;
#881 = CARTESIAN_POINT ( 'NONE',  ( 0.000000000000000000, 0.000000000000000000, -172.0000000000000000 ) ) ;
#882 = VECTOR ( 'NONE', #5376, 1000.000000000000000 ) ;
#883 = CARTESIAN_POINT ( 'NONE',  ( 3.896446609406730488, -4.896446609406726047, -7.500000000000000000 ) ) ;
#884 = ORIENTED_EDGE ( 'NONE', *, *, #3244, .F. ) ;
#885 = ORIENTED_EDGE ( 'NONE', *, *, #2973, .T. ) ;
#886 = CARTESIAN_POINT ( 'NONE',  ( 4.000000000000000000, 3.518949890710767470, -4.553649124439118623E-15 ) ) ;
#887 = CARTESIAN_POINT ( 'NONE',  ( 1.000000000000001998, -10.00000000000000000, 7.500000000000000000 ) ) ;
#888 = ORIENTED_EDGE ( 'NONE', *, *, #4307, .F. ) ;
#889 = DIRECTION ( 'NONE',  ( 0.000000000000000000, 0.000000000000000000, -1.000000000000000000 ) ) ;
#890 = PLANE ( 'NONE',  #6046 ) ;
#891 = AXIS2_PLACEMENT_3D ( 'NONE', #5773, #7031, #1896 ) ;
#892 = VERTEX_POINT ( 'NONE', #2574 ) ;
#893 = DIRECTION ( 'NONE',  ( 1.000000000000000000, 0.000000000000000000, 0.000000000000000000 ) ) ;
#894 =( NAMED_UNIT ( * ) PLANE_ANGLE_UNIT ( ) SI_UNIT ( $, .RADIAN. ) );
#895 = ORIENTED_EDGE ( 'NONE', *, *, #3415, .F. ) ;
#896 = DIRECTION ( 'NONE',  ( 0.000000000000000000, -1.000000000000000000, 0.000000000000000000 ) ) ;
#897 =( LENGTH_UNIT ( ) NAMED_UNIT ( * ) SI_UNIT ( .MILLI., .METRE. ) );
#898 = EDGE_CURVE ( 'NONE', #6566, #1959, #7883, .T. ) ;
#899 = EDGE_LOOP ( 'NONE', ( #312, #6153 ) ) ;
#900 = ADVANCED_FACE ( 'NONE', ( #108 ), #2697, .F. ) ;
#901 = DIRECTION ( 'NONE',  ( -1.000000000000000000, 0.000000000000000000, 0.000000000000000000 ) ) ;
#902 = ADVANCED_FACE ( 'NONE', ( #1590 ), #5848, .F. ) ;
#903 = CARTESIAN_POINT ( 'NONE',  ( 33.49999999999998579, 15.00000000000000000, 7.500000000000000000 ) ) ;
#904 = EDGE_LOOP ( 'NONE', ( #474, #7827, #6347 ) ) ;
#905 = APPLICATION_PROTOCOL_DEFINITION ( 'draft international standard', 'automotive_design', 1998, #3928 ) ;
#906 = ORIENTED_EDGE ( 'NONE', *, *, #3539, .F. ) ;
#907 = CARTESIAN_POINT ( 'NONE',  ( 25.00000000000000711, 39.99999999999999289, 27.92893218813452094 ) ) ;
#908 = EDGE_CURVE ( 'NONE', #847, #912, #4760, .T. ) ;
#909 = CARTESIAN_POINT ( 'NONE',  ( 2.500000000000004441, 0.000000000000000000, 0.000000000000000000 ) ) ;
#910 = DIRECTION ( 'NONE',  ( -0.000000000000000000, -0.000000000000000000, 1.000000000000000000 ) ) ;
#911 = ADVANCED_FACE ( 'NONE', ( #4130 ), #1489, .T. ) ;
#912 = VERTEX_POINT ( 'NONE', #7064 ) ;
#913 = AXIS2_PLACEMENT_3D ( 'NONE', #4933, #4537, #2726 ) ;
#914 = PLANE ( 'NONE',  #4272 ) ;
#915 = PLANE ( 'NONE',  #841 ) ;
#916 = DIRECTION ( 'NONE',  ( 0.000000000000000000, 1.000000000000000000, 0.000000000000000000 ) ) ;
#917 = VERTEX_POINT ( 'NONE', #1513 ) ;
#918 = DIRECTION ( 'NONE',  ( 1.000000000000000000, 0.000000000000000000, 0.000000000000000000 ) ) ;
#919 = VECTOR ( 'NONE', #5543, 1000.000000000000114 ) ;
#920 = FACE_BOUND ( 'NONE', #101, .T. ) ;
#921 = CIRCLE ( 'NONE', #121, 4.000000000000003553 ) ;
#922 = ORIENTED_EDGE ( 'NONE', *, *, #3455, .F. ) ;
#923 = EDGE_LOOP ( 'NONE', ( #1227, #6731, #6864 ) ) ;
#924 = DIRECTION ( 'NONE',  ( 9.251858538542963939E-16, 1.000000000000000000, 0.000000000000000000 ) ) ;
#925 = CARTESIAN_POINT ( 'NONE',  ( 3.750000000000002220, 9.000000000000001776, 7.249999999999999112 ) ) ;
#926 = ORIENTED_EDGE ( 'NONE', *, *, #6809, .F. ) ;
#927 = DIRECTION ( 'NONE',  ( -1.000000000000000000, 0.000000000000000000, 0.000000000000000000 ) ) ;
#928 = PLANE ( 'NONE',  #1477 ) ;
#929 = EDGE_CURVE ( 'NONE', #2878, #5287, #5411, .T. ) ;
#930 = AXIS2_PLACEMENT_3D ( 'NONE', #3729, #6828, #1840 ) ;
#931 = ORIENTED_EDGE ( 'NONE', *, *, #4767, .F. ) ;
#932 = CARTESIAN_POINT ( 'NONE',  ( -28.12500000000000711, -32.50000000000000000, -120.0000000000000000 ) ) ;
#933 = VECTOR ( 'NONE', #2250, 1000.000000000000000 ) ;
#934 =( LENGTH_UNIT ( ) NAMED_UNIT ( * ) SI_UNIT ( .MILLI., .METRE. ) );
#935 = ORIENTED_EDGE ( 'NONE', *, *, #3146, .T. ) ;
#936 = DIRECTION ( 'NONE',  ( -0.000000000000000000, 1.000000000000000000, 0.000000000000000000 ) ) ;
#937 = CARTESIAN_POINT ( 'NONE',  ( -44.99999999999998579, -40.00000000000000711, -8.500000000000000000 ) ) ;
#938 = AXIS2_PLACEMENT_3D ( 'NONE', #2494, #5566, #4382 ) ;
#939 = ADVANCED_FACE ( 'NONE', ( #2736 ), #3425, .F. ) ;
#940 = ORIENTED_EDGE ( 'NONE', *, *, #6554, .F. ) ;
#941 = FACE_OUTER_BOUND ( 'NONE', #1593, .T. ) ;
#942 = CARTESIAN_POINT ( 'NONE',  ( 36.87500000000000711, -32.50000000000000000, -120.0000000000000000 ) ) ;
#943 = ORIENTED_EDGE ( 'NONE', *, *, #2900, .F. ) ;
#944 = VERTEX_POINT ( 'NONE', #6580 ) ;
#945 = CARTESIAN_POINT ( 'NONE',  ( 32.50000000000000000, -32.50000000000000000, -120.0000000000000000 ) ) ;
#946 = PLANE ( 'NONE',  #1209 ) ;
#947 = FACE_BOUND ( 'NONE', #2442, .T. ) ;
#948 = ORIENTED_EDGE ( 'NONE', *, *, #7949, .F. ) ;
#949 = EDGE_CURVE ( 'NONE', #963, #801, #2924, .T. ) ;
#950 = CARTESIAN_POINT ( 'NONE',  ( 4.000000000000004441, -5.000000000000000000, 7.249999999999999112 ) ) ;
#951 = CIRCLE ( 'NONE', #2909, 7.500000000000000000 ) ;
#952 = FACE_OUTER_BOUND ( 'NONE', #2594, .T. ) ;
#953 = AXIS2_PLACEMENT_3D ( 'NONE', #7320, #3019, #1725 ) ;
#954 = DIRECTION ( 'NONE',  ( -0.000000000000000000, -0.000000000000000000, 1.000000000000000000 ) ) ;
#955 = ORIENTED_EDGE ( 'NONE', *, *, #7068, .F. ) ;
#956 = CARTESIAN_POINT ( 'NONE',  ( -2.259994686617932569, 9.742302321122505049, -140.0174019813553343 ) ) ;
#957 = AXIS2_PLACEMENT_3D ( 'NONE', #4696, #4579, #5310 ) ;
#958 = CARTESIAN_POINT ( 'NONE',  ( -20.00000000000000000, 2.449293598294706513E-15, 2.499999999999999556 ) ) ;
#959 = AXIS2_PLACEMENT_3D ( 'NONE', #542, #6685, #3041 ) ;
#960 = AXIS2_PLACEMENT_3D ( 'NONE', #5228, #2281, #5957 ) ;
#961 = EDGE_CURVE ( 'NONE', #7632, #5873, #6837, .T. ) ;
#962 = CONICAL_SURFACE ( 'NONE', #6056, 3.309499999999999886, 0.7853981633974621568 ) ;
#963 = VERTEX_POINT ( 'NONE', #7150 ) ;
#964 = DIRECTION ( 'NONE',  ( -0.000000000000000000, -0.000000000000000000, 1.000000000000000000 ) ) ;
#965 = DIRECTION ( 'NONE',  ( 0.000000000000000000, 1.000000000000000000, 0.000000000000000000 ) ) ;
#966 = ORIENTED_EDGE ( 'NONE', *, *, #5606, .F. ) ;
#967 = DIRECTION ( 'NONE',  ( -0.000000000000000000, -0.000000000000000000, 1.000000000000000000 ) ) ;
#968 = CARTESIAN_POINT ( 'NONE',  ( 4.000000000000000000, 3.518949890710767470, -4.553649124439118623E-15 ) ) ;
#969 = DIRECTION ( 'NONE',  ( -0.000000000000000000, 0.000000000000000000, 1.000000000000000000 ) ) ;
#970 = AXIS2_PLACEMENT_3D ( 'NONE', #5457, #1619, #5375 ) ;
#971 = DIRECTION ( 'NONE',  ( 1.734723475976807094E-16, -1.000000000000000000, 0.000000000000000000 ) ) ;
#972 = MANIFOLD_SOLID_BREP ( 'Split Line1', #5121 ) ;
#973 = ORIENTED_EDGE ( 'NONE', *, *, #545, .T. ) ;
#974 = ORIENTED_EDGE ( 'NONE', *, *, #2476, .F. ) ;
#975 = CARTESIAN_POINT ( 'NONE',  ( 15.00000000000000000, 3.500000000000000000, -5.510910596163088767E-15 ) ) ;
#976 = SURFACE_STYLE_USAGE ( .BOTH. , #2859 ) ;
#977 = ORIENTED_EDGE ( 'NONE', *, *, #898, .T. ) ;
#978 = ORIENTED_EDGE ( 'NONE', *, *, #6887, .F. ) ;
#979 = CARTESIAN_POINT ( 'NONE',  ( 7.000000000000002665, 0.000000000000000000, -3.999999999999988010 ) ) ;
#980 =( LENGTH_UNIT ( ) NAMED_UNIT ( * ) SI_UNIT ( .MILLI., .METRE. ) );
#981 = EDGE_LOOP ( 'NONE', ( #2644, #5787, #3875, #3439 ) ) ;
#982 = CARTESIAN_POINT ( 'NONE',  ( -27.48053287425020841, 26.92730318665038070, -120.0000000000000000 ) ) ;
#983 = PLANE ( 'NONE',  #6163 ) ;
#984 = ORIENTED_EDGE ( 'NONE', *, *, #994, .F. ) ;
#985 = PRODUCT_CONTEXT ( 'NONE', #2000, 'mechanical' ) ;
#986 = DIRECTION ( 'NONE',  ( -0.000000000000000000, -0.000000000000000000, 1.000000000000000000 ) ) ;
#987 = FACE_OUTER_BOUND ( 'NONE', #8004, .T. ) ;
#988 = DIRECTION ( 'NONE',  ( 0.000000000000000000, 1.000000000000000000, 0.000000000000000000 ) ) ;
#989 = MANIFOLD_SOLID_BREP ( 'Fillet2', #143 ) ;
#990 = ORIENTED_EDGE ( 'NONE', *, *, #5001, .T. ) ;
#991 = CIRCLE ( 'NONE', #2428, 2.042000000000000259 ) ;
#992 = CARTESIAN_POINT ( 'NONE',  ( 0.000000000000000000, 4.750000000000000000, -7.500000000000000000 ) ) ;
#993 = DIRECTION ( 'NONE',  ( -1.000000000000000000, 0.000000000000000000, 0.000000000000000000 ) ) ;
#994 = EDGE_CURVE ( 'NONE', #386, #225, #4629, .T. ) ;
#995 = ORIENTED_EDGE ( 'NONE', *, *, #306, .T. ) ;
#996 = CARTESIAN_POINT ( 'NONE',  ( -40.00000000000000711, 39.99999999999999289, -130.0000000000000000 ) ) ;
#997 = CARTESIAN_POINT ( 'NONE',  ( 3.000000000000000444, 6.000000000000000000, -172.0000000000000000 ) ) ;
#998 = AXIS2_PLACEMENT_3D ( 'NONE', #2058, #4428, #158 ) ;
#999 = ADVANCED_FACE ( 'NONE', ( #4899 ), #2896, .T. ) ;
#1000 = EDGE_CURVE ( 'NONE', #6840, #7237, #6084, .T. ) ;
#1001 = EDGE_CURVE ( 'NONE', #5870, #2363, #5554, .T. ) ;
#1002 = ORIENTED_EDGE ( 'NONE', *, *, #5111, .F. ) ;
#1003 = CARTESIAN_POINT ( 'NONE',  ( -40.00000000000000711, 39.99999999999999289, 24.99999999999999289 ) ) ;
#1004 = ADVANCED_FACE ( 'NONE', ( #1755 ), #6155, .F. ) ;
#1005 = FACE_OUTER_BOUND ( 'NONE', #5343, .T. ) ;
#1006 = ORIENTED_EDGE ( 'NONE', *, *, #1259, .T. ) ;
#1007 = CARTESIAN_POINT ( 'NONE',  ( 25.00000000000000000, 0.000000000000000000, 0.000000000000000000 ) ) ;
#1008 = DIRECTION ( 'NONE',  ( -1.000000000000000000, 0.000000000000000000, 0.000000000000000000 ) ) ;
#1009 = CARTESIAN_POINT ( 'NONE',  ( 40.00000000000000711, -25.00000000000000000, -120.0000000000000000 ) ) ;
#1010 = EDGE_CURVE ( 'NONE', #489, #4239, #3711, .T. ) ;
#1011 = CIRCLE ( 'NONE', #6628, 2.000000000000000000 ) ;
#1012 = CARTESIAN_POINT ( 'NONE',  ( 0.000000000000000000, 9.750000000000000000, -7.500000000000000000 ) ) ;
#1013 = ORIENTED_EDGE ( 'NONE', *, *, #4807, .F. ) ;
#1014 = ORIENTED_EDGE ( 'NONE', *, *, #1156, .T. ) ;
#1015 = LINE ( 'NONE', #4739, #4306 ) ;
#1016 = PRESENTATION_STYLE_ASSIGNMENT (( #976 ) ) ;
#1017 = ORIENTED_EDGE ( 'NONE', *, *, #2950, .F. ) ;
#1018 = ADVANCED_FACE ( 'NONE', ( #4789 ), #6693, .F. ) ;
#1019 = VERTEX_POINT ( 'NONE', #3595 ) ;
#1020 = CYLINDRICAL_SURFACE ( 'NONE', #2372, 7.499999999999996447 ) ;
#1021 =( NAMED_UNIT ( * ) PLANE_ANGLE_UNIT ( ) SI_UNIT ( $, .RADIAN. ) );
#1022 = AXIS2_PLACEMENT_3D ( 'NONE', #7527, #1323, #3189 ) ;
#1023 = ORIENTED_EDGE ( 'NONE', *, *, #6208, .T. ) ;
#1024 = PRODUCT_DEFINITION_FORMATION_WITH_SPECIFIED_SOURCE ( 'ANY', '', #4883, .NOT_KNOWN. ) ;
#1025 = CARTESIAN_POINT ( 'NONE',  ( -15.00000000000000000, 3.500000000000000000, 0.000000000000000000 ) ) ;
#1026 = PRODUCT ( 'PRT-21', 'PRT-21', '', ( #241 ) ) ;
#1027 = FACE_OUTER_BOUND ( 'NONE', #1501, .T. ) ;
#1028 = ORIENTED_EDGE ( 'NONE', *, *, #2600, .T. ) ;
#1029 = CARTESIAN_POINT ( 'NONE',  ( 8.399999999999998579, 5.388445916248356971E-16, 4.400000000000002132 ) ) ;
#1030 = FACE_OUTER_BOUND ( 'NONE', #2690, .T. ) ;
#1031 = DIRECTION ( 'NONE',  ( -0.000000000000000000, -0.000000000000000000, 1.000000000000000000 ) ) ;
#1032 = DIRECTION ( 'NONE',  ( 1.000000000000000000, 0.000000000000000000, 0.000000000000000000 ) ) ;
#1033 = EDGE_CURVE ( 'NONE', #5513, #3270, #472, .T. ) ;
#1034 = VERTEX_POINT ( 'NONE', #4171 ) ;
#1035 = LINE ( 'NONE', #285, #3739 ) ;
#1036 = CARTESIAN_POINT ( 'NONE',  ( 4.653657836759939574E-15, 6.000000000000000000, -139.0000000000000000 ) ) ;
#1037 = CARTESIAN_POINT ( 'NONE',  ( 4.000000000000004441, 5.000000000000000000, -7.396446609406725159 ) ) ;
#1038 = ORIENTED_EDGE ( 'NONE', *, *, #3647, .T. ) ;
#1039 = DIRECTION ( 'NONE',  ( -1.000000000000000000, -0.000000000000000000, -0.000000000000000000 ) ) ;
#1040 = VECTOR ( 'NONE', #3761, 1000.000000000000000 ) ;
#1041 = EDGE_CURVE ( 'NONE', #5386, #3087, #2276, .T. ) ;
#1042 = DIRECTION ( 'NONE',  ( -0.000000000000000000, -0.000000000000000000, 1.000000000000000000 ) ) ;
#1043 = AXIS2_PLACEMENT_3D ( 'NONE', #5511, #4859, #8001 ) ;
#1044 = EDGE_CURVE ( 'NONE', #3377, #159, #1828, .T. ) ;
#1045 = LINE ( 'NONE', #7219, #4229 ) ;
#1046 = ORIENTED_EDGE ( 'NONE', *, *, #5132, .F. ) ;
#1047 = CYLINDRICAL_SURFACE ( 'NONE', #4751, 38.46194077712559789 ) ;
#1048 = DIRECTION ( 'NONE',  ( 1.000000000000000000, 0.000000000000000000, 0.000000000000000000 ) ) ;
#1049 = FACE_OUTER_BOUND ( 'NONE', #2224, .T. ) ;
#1050 = EDGE_CURVE ( 'NONE', #3279, #693, #7489, .T. ) ;
#1051 = VECTOR ( 'NONE', #5052, 1000.000000000000000 ) ;
#1052 = DIRECTION ( 'NONE',  ( -0.000000000000000000, -0.000000000000000000, 1.000000000000000000 ) ) ;
#1053 = EDGE_CURVE ( 'NONE', #386, #1019, #6735, .T. ) ;
#1054 = ORIENTED_EDGE ( 'NONE', *, *, #4801, .T. ) ;
#1055 = ORIENTED_EDGE ( 'NONE', *, *, #7263, .F. ) ;
#1056 = DIRECTION ( 'NONE',  ( 5.204170427930421283E-16, -1.000000000000000000, -0.000000000000000000 ) ) ;
#1057 = DIRECTION ( 'NONE',  ( 1.000000000000000000, 0.000000000000000000, 0.000000000000000000 ) ) ;
#1058 = ORIENTED_EDGE ( 'NONE', *, *, #6947, .F. ) ;
#1059 = VERTEX_POINT ( 'NONE', #6040 ) ;
#1060 = DIRECTION ( 'NONE',  ( 1.000000000000000000, 0.000000000000000000, 0.000000000000000000 ) ) ;
#1061 = ORIENTED_EDGE ( 'NONE', *, *, #961, .F. ) ;
#1062 = CIRCLE ( 'NONE', #5637, 0.2500000000000002220 ) ;
#1063 = FACE_OUTER_BOUND ( 'NONE', #1205, .T. ) ;
#1064 = ADVANCED_FACE ( 'NONE', ( #1794 ), #1138, .F. ) ;
#1065 = CARTESIAN_POINT ( 'NONE',  ( -31.74999999999995737, 0.000000000000000000, 0.000000000000000000 ) ) ;
#1066 = ORIENTED_EDGE ( 'NONE', *, *, #4325, .F. ) ;
#1067 = DIRECTION ( 'NONE',  ( 1.000000000000000000, 0.000000000000000000, 0.000000000000000000 ) ) ;
#1068 = CIRCLE ( 'NONE', #2770, 2.500000000000012434 ) ;
#1069 = CARTESIAN_POINT ( 'NONE',  ( 45.00000000000000711, 29.99999999999999289, -8.500000000000000000 ) ) ;
#1070 = LINE ( 'NONE', #2907, #5774 ) ;
#1071 = CYLINDRICAL_SURFACE ( 'NONE', #7941, 10.00000000000000178 ) ;
#1072 = ORIENTED_EDGE ( 'NONE', *, *, #7345, .F. ) ;
#1073 =( BOUNDED_CURVE ( )  B_SPLINE_CURVE ( 3, ( #3833, #2149, #2565, #727 ),
 .UNSPECIFIED., .F., .F. ) 
 B_SPLINE_CURVE_WITH_KNOTS ( ( 4, 4 ),
 ( 0.000000000000000000, 1.570796326794896558 ),
 .UNSPECIFIED. ) 
 CURVE ( )  GEOMETRIC_REPRESENTATION_ITEM ( )  RATIONAL_B_SPLINE_CURVE ( ( 1.000000000000000000, 0.8047378541243649375, 0.8047378541243649375, 1.000000000000000000 ) ) 
 REPRESENTATION_ITEM ( '' )  );
#1074 = DIRECTION ( 'NONE',  ( 0.000000000000000000, 0.000000000000000000, 1.000000000000000000 ) ) ;
#1075 = CYLINDRICAL_SURFACE ( 'NONE', #3979, 0.2500000000000002220 ) ;
#1076 = DIRECTION ( 'NONE',  ( 0.000000000000000000, 0.000000000000000000, 1.000000000000000000 ) ) ;
#1077 = ORIENTED_EDGE ( 'NONE', *, *, #6336, .F. ) ;
#1078 = FACE_OUTER_BOUND ( 'NONE', #364, .T. ) ;
#1079 = CONTEXT_DEPENDENT_SHAPE_REPRESENTATION ( #1530, #8017 ) ;
#1080 = CIRCLE ( 'NONE', #3690, 2.499999999999995115 ) ;
#1081 = AXIS2_PLACEMENT_3D ( 'NONE', #1558, #2255, #5243 ) ;
#1082 = CARTESIAN_POINT ( 'NONE',  ( 2.500000000000000000, 1.178949249685217415, 2.042000000000000259 ) ) ;
#1083 = VECTOR ( 'NONE', #227, 1000.000000000000000 ) ;
#1084 = CARTESIAN_POINT ( 'NONE',  ( 39.99999999999998579, -15.00000000000000000, 7.500000000000000000 ) ) ;
#1085 = VERTEX_POINT ( 'NONE', #437 ) ;
#1086 = DIRECTION ( 'NONE',  ( 1.734723475976807094E-16, -1.000000000000000000, 0.000000000000000000 ) ) ;
#1087 = LINE ( 'NONE', #1865, #6309 ) ;
#1088 = ADVANCED_FACE ( 'NONE', ( #6119 ), #4501, .F. ) ;
#1089 = DIRECTION ( 'NONE',  ( -1.000000000000000000, 9.251858538542963939E-16, -0.000000000000000000 ) ) ;
#1090 = CIRCLE ( 'NONE', #7359, 10.00000000000000178 ) ;
#1091 = AXIS2_PLACEMENT_3D ( 'NONE', #925, #965, #7834 ) ;
#1092 = AXIS2_PLACEMENT_3D ( 'NONE', #2472, #1255, #3746 ) ;
#1093 = AXIS2_PLACEMENT_3D ( 'NONE', #7051, #179, #7747 ) ;
#1094 = AXIS2_PLACEMENT_3D ( 'NONE', #2777, #553, #6772 ) ;
#1095 = CARTESIAN_POINT ( 'NONE',  ( -55.00000000000000000, 39.99999999999999289, -8.500000000000000000 ) ) ;
#1096 = VECTOR ( 'NONE', #5181, 1000.000000000000114 ) ;
#1097 = EDGE_LOOP ( 'NONE', ( #6591, #5802, #926, #3490 ) ) ;
#1098 = ORIENTED_EDGE ( 'NONE', *, *, #4158, .T. ) ;
#1099 = DIRECTION ( 'NONE',  ( 1.000000000000000000, 0.000000000000000000, -8.673617379884035472E-17 ) ) ;
#1100 = DIRECTION ( 'NONE',  ( -0.000000000000000000, -0.000000000000000000, 1.000000000000000000 ) ) ;
#1101 = EDGE_LOOP ( 'NONE', ( #677, #2717, #1055, #2159, #3945 ) ) ;
#1102 = ORIENTED_EDGE ( 'NONE', *, *, #4512, .T. ) ;
#1103 = CIRCLE ( 'NONE', #6062, 19.00000000000000000 ) ;
#1104 = LINE ( 'NONE', #1797, #2651 ) ;
#1105 = EDGE_CURVE ( 'NONE', #6418, #6377, #5434, .T. ) ;
#1106 = AXIS2_PLACEMENT_3D ( 'NONE', #3129, #5026, #1921 ) ;
#1107 = EDGE_CURVE ( 'NONE', #6121, #2082, #3974, .T. ) ;
#1108 = EDGE_LOOP ( 'NONE', ( #4797, #6957, #5883, #2170 ) ) ;
#1109 = AXIS2_PLACEMENT_3D ( 'NONE', #5177, #3860, #4560 ) ;
#1110 = CARTESIAN_POINT ( 'NONE',  ( -31.74999999999995737, 0.000000000000000000, 0.000000000000000000 ) ) ;
#1111 = DIRECTION ( 'NONE',  ( -1.000000000000000000, -0.000000000000000000, -0.000000000000000000 ) ) ;
#1112 = AXIS2_PLACEMENT_3D ( 'NONE', #1980, #7037, #3365 ) ;
#1113 = EDGE_LOOP ( 'NONE', ( #7120, #465, #7567, #7260 ) ) ;
#1114 = DIRECTION ( 'NONE',  ( -0.000000000000000000, 0.000000000000000000, 1.000000000000000000 ) ) ;
#1115 = DIRECTION ( 'NONE',  ( 1.000000000000000000, -1.734723475976806700E-15, 0.000000000000000000 ) ) ;
#1116 = DIRECTION ( 'NONE',  ( 0.000000000000000000, -0.000000000000000000, 1.000000000000000000 ) ) ;
#1117 = DIRECTION ( 'NONE',  ( -0.000000000000000000, -0.000000000000000000, 1.000000000000000000 ) ) ;
#1118 = EDGE_CURVE ( 'NONE', #1339, #6498, #1073, .T. ) ;
#1119 = EDGE_LOOP ( 'NONE', ( #2130, #3512, #5436, #3217 ) ) ;
#1120 = LINE ( 'NONE', #455, #2702 ) ;
#1121 = CARTESIAN_POINT ( 'NONE',  ( 32.50000000000000000, -25.00000000000000711, -120.0000000000000000 ) ) ;
#1122 = FACE_OUTER_BOUND ( 'NONE', #2824, .T. ) ;
#1123 = PLANE ( 'NONE',  #7372 ) ;
#1124 = EDGE_CURVE ( 'NONE', #6027, #283, #8020, .T. ) ;
#1125 = DIRECTION ( 'NONE',  ( 1.000000000000000000, 0.000000000000000000, 0.000000000000000000 ) ) ;
#1126 = DIRECTION ( 'NONE',  ( -0.000000000000000000, 1.471414886128460880E-15, 1.000000000000000000 ) ) ;
#1127 = AXIS2_PLACEMENT_3D ( 'NONE', #6036, #3742, #2891 ) ;
#1128 = ORIENTED_EDGE ( 'NONE', *, *, #4058, .F. ) ;
#1129 = CARTESIAN_POINT ( 'NONE',  ( 40.00000000000000711, 25.00000000000000000, -115.0000000000000142 ) ) ;
#1130 = CARTESIAN_POINT ( 'NONE',  ( -27.48053287425020841, 26.92730318665038070, 0.000000000000000000 ) ) ;
#1131 = LINE ( 'NONE', #2435, #1359 ) ;
#1132 = ADVANCED_FACE ( 'NONE', ( #598 ), #5065, .T. ) ;
#1133 = VECTOR ( 'NONE', #6958, 1000.000000000000000 ) ;
#1134 = ORIENTED_EDGE ( 'NONE', *, *, #8054, .T. ) ;
#1135 = ORIENTED_EDGE ( 'NONE', *, *, #1376, .T. ) ;
#1136 = FACE_OUTER_BOUND ( 'NONE', #3295, .T. ) ;
#1137 = EDGE_CURVE ( 'NONE', #32, #4741, #14, .T. ) ;
#1138 = CYLINDRICAL_SURFACE ( 'NONE', #5670, 6.499999999999999112 ) ;
#1139 = ORIENTED_EDGE ( 'NONE', *, *, #2766, .F. ) ;
#1140 = VERTEX_POINT ( 'NONE', #100 ) ;
#1141 = CARTESIAN_POINT ( 'NONE',  ( 0.000000000000000000, 0.000000000000000000, -7.499999999999999112 ) ) ;
#1142 = DIRECTION ( 'NONE',  ( -0.000000000000000000, 0.000000000000000000, 1.000000000000000000 ) ) ;
#1143 = AXIS2_PLACEMENT_3D ( 'NONE', #370, #6902, #1878 ) ;
#1144 = ORIENTED_EDGE ( 'NONE', *, *, #7146, .T. ) ;
#1145 = CARTESIAN_POINT ( 'NONE',  ( 4.000000000000004441, 5.000000000000000000, 7.500000000000000000 ) ) ;
#1146 = DIRECTION ( 'NONE',  ( -0.000000000000000000, -0.000000000000000000, 1.000000000000000000 ) ) ;
#1147 = ORIENTED_EDGE ( 'NONE', *, *, #5819, .T. ) ;
#1148 = DIRECTION ( 'NONE',  ( -0.000000000000000000, -0.000000000000000000, 1.000000000000000000 ) ) ;
#1149 = DIRECTION ( 'NONE',  ( 0.000000000000000000, -0.000000000000000000, -1.000000000000000000 ) ) ;
#1150 = CARTESIAN_POINT ( 'NONE',  ( 20.00000000000000355, 0.000000000000000000, 0.000000000000000000 ) ) ;
#1151 = ADVANCED_FACE ( 'NONE', ( #6239 ), #962, .T. ) ;
#1152 = CARTESIAN_POINT ( 'NONE',  ( 32.50000000000000711, -32.50000000000000000, 0.000000000000000000 ) ) ;
#1153 = EDGE_CURVE ( 'NONE', #615, #5769, #7094, .T. ) ;
#1154 = AXIS2_PLACEMENT_3D ( 'NONE', #6877, #2540, #1972 ) ;
#1155 = VERTEX_POINT ( 'NONE', #1218 ) ;
#1156 = EDGE_CURVE ( 'NONE', #5450, #1587, #1493, .T. ) ;
#1157 = DIRECTION ( 'NONE',  ( -0.000000000000000000, -0.000000000000000000, 1.000000000000000000 ) ) ;
#1158 = EDGE_CURVE ( 'NONE', #6032, #37, #6318, .T. ) ;
#1159 = APPLICATION_CONTEXT ( 'automotive_design' ) ;
#1160 = CARTESIAN_POINT ( 'NONE',  ( -39.99999999999999289, -40.00000000000000711, -130.0000000000000000 ) ) ;
#1161 = PLANE ( 'NONE',  #7493 ) ;
#1162 = CARTESIAN_POINT ( 'NONE',  ( -40.00000000000000711, 25.00000000000000000, -120.0000000000000000 ) ) ;
#1163 = AXIS2_PLACEMENT_3D ( 'NONE', #5082, #3772, #659 ) ;
#1164 = PRODUCT_DEFINITION_SHAPE ( 'NONE', 'NONE',  #8101 ) ;
#1165 = ITEM_DEFINED_TRANSFORMATION ( 'NONE', 'NONE', #1163,  #5854 ) ;
#1166 = EDGE_CURVE ( 'NONE', #7391, #1765, #3173, .T. ) ;
#1167 = CARTESIAN_POINT ( 'NONE',  ( -40.00000000000000711, 39.99999999999999289, -130.0000000000000000 ) ) ;
#1168 = ORIENTED_EDGE ( 'NONE', *, *, #7556, .T. ) ;
#1169 = CARTESIAN_POINT ( 'NONE',  ( 15.00000000000000000, 2.499999999999995559, -3.000000000000010214 ) ) ;
#1170 = DIRECTION ( 'NONE',  ( -1.000000000000000000, 0.000000000000000000, -0.000000000000000000 ) ) ;
#1171 = VECTOR ( 'NONE', #6822, 999.9999999999998863 ) ;
#1172 = CYLINDRICAL_SURFACE ( 'NONE', #2264, 24.99999999999999645 ) ;
#1173 = CIRCLE ( 'NONE', #6131, 8.000000000000117240 ) ;
#1174 = ORIENTED_EDGE ( 'NONE', *, *, #4652, .F. ) ;
#1175 = EDGE_LOOP ( 'NONE', ( #823, #1572, #6737, #3381, #8000, #3359 ) ) ;
#1176 = FACE_OUTER_BOUND ( 'NONE', #7571, .T. ) ;
#1177 = ORIENTED_EDGE ( 'NONE', *, *, #6581, .F. ) ;
#1178 = ORIENTED_EDGE ( 'NONE', *, *, #1379, .F. ) ;
#1179 = FACE_OUTER_BOUND ( 'NONE', #2822, .T. ) ;
#1180 = CYLINDRICAL_SURFACE ( 'NONE', #5030, 0.2500000000000002220 ) ;
#1181 = ORIENTED_EDGE ( 'NONE', *, *, #797, .T. ) ;
#1182 = DIRECTION ( 'NONE',  ( 0.000000000000000000, 0.8660254037844380415, -0.5000000000000012212 ) ) ;
#1183 = PRODUCT_RELATED_PRODUCT_CATEGORY ( 'part', '', ( #4366 ) ) ;
#1184 = DIRECTION ( 'NONE',  ( -0.000000000000000000, -0.000000000000000000, 1.000000000000000000 ) ) ;
#1185 = VERTEX_POINT ( 'NONE', #5256 ) ;
#1186 = DIRECTION ( 'NONE',  ( -0.000000000000000000, 0.000000000000000000, 1.000000000000000000 ) ) ;
#1187 = CARTESIAN_POINT ( 'NONE',  ( 35.00000000000000711, 33.51954211927168359, 30.00000000000000000 ) ) ;
#1188 = DIRECTION ( 'NONE',  ( 0.000000000000000000, -0.000000000000000000, -1.000000000000000000 ) ) ;
#1189 = CARTESIAN_POINT ( 'NONE',  ( -32.49999999999999289, 32.50000000000000000, 7.500000000000000000 ) ) ;
#1190 = ADVANCED_FACE ( 'NONE', ( #6941 ), #7763, .T. ) ;
#1191 = VECTOR ( 'NONE', #6784, 1000.000000000000000 ) ;
#1192 = ORIENTED_EDGE ( 'NONE', *, *, #2752, .T. ) ;
#1193 = CARTESIAN_POINT ( 'NONE',  ( -8.000000000000117240, 9.797174393178967652E-16, -172.0000000000000000 ) ) ;
#1194 = AXIS2_PLACEMENT_3D ( 'NONE', #2259, #5941, #7251 ) ;
#1195 = VECTOR ( 'NONE', #3926, 1000.000000000000000 ) ;
#1196 = EDGE_LOOP ( 'NONE', ( #2085, #3472 ) ) ;
#1197 = DIRECTION ( 'NONE',  ( -0.000000000000000000, -0.000000000000000000, 1.000000000000000000 ) ) ;
#1198 = LINE ( 'NONE', #6179, #3976 ) ;
#1199 = CONICAL_SURFACE ( 'NONE', #5507, 8.000000000000117240, 0.7853981633974396193 ) ;
#1200 = DIRECTION ( 'NONE',  ( 0.000000000000000000, 0.000000000000000000, -1.000000000000000000 ) ) ;
#1201 = EDGE_CURVE ( 'NONE', #6237, #3915, #7366, .T. ) ;
#1202 = ADVANCED_FACE ( 'NONE', ( #1957 ), #6456, .T. ) ;
#1203 = FILL_AREA_STYLE ('',( #716 ) ) ;
#1204 = CARTESIAN_POINT ( 'NONE',  ( -30.00000000000000000, 32.50000000000000000, -8.500000000000000000 ) ) ;
#1205 = EDGE_LOOP ( 'NONE', ( #4041, #78, #6948, #5655, #24, #6120 ) ) ;
#1206 = CARTESIAN_POINT ( 'NONE',  ( 35.00000000000001421, 32.50000000000000000, -130.0000000000000000 ) ) ;
#1207 = CARTESIAN_POINT ( 'NONE',  ( -40.00000000000000711, -25.00000000000000000, 0.000000000000000000 ) ) ;
#1208 = LINE ( 'NONE', #4280, #5273 ) ;
#1209 = AXIS2_PLACEMENT_3D ( 'NONE', #5212, #4761, #7819 ) ;
#1210 = EDGE_CURVE ( 'NONE', #32, #5972, #43, .T. ) ;
#1211 = VECTOR ( 'NONE', #865, 1000.000000000000000 ) ;
#1212 = VECTOR ( 'NONE', #3362, 1000.000000000000000 ) ;
#1213 = AXIS2_PLACEMENT_3D ( 'NONE', #2814, #2731, #1507 ) ;
#1214 = ORIENTED_EDGE ( 'NONE', *, *, #8085, .T. ) ;
#1215 = ORIENTED_EDGE ( 'NONE', *, *, #2163, .F. ) ;
#1216 = FACE_BOUND ( 'NONE', #3872, .T. ) ;
#1217 = AXIS2_PLACEMENT_3D ( 'NONE', #734, #5767, #3922 ) ;
#1218 = CARTESIAN_POINT ( 'NONE',  ( -27.77783773436489767, 26.60286862626680815, 24.99999999999999645 ) ) ;
#1219 = ORIENTED_EDGE ( 'NONE', *, *, #3287, .T. ) ;
#1220 = ORIENTED_EDGE ( 'NONE', *, *, #4772, .T. ) ;
#1221 = VECTOR ( 'NONE', #2162, 1000.000000000000000 ) ;
#1222 = CARTESIAN_POINT ( 'NONE',  ( -20.00000000000000711, 33.51954211927168359, 24.99999999999999645 ) ) ;
#1223 = AXIS2_PLACEMENT_3D ( 'NONE', #1419, #4567, #3374 ) ;
#1224 = CARTESIAN_POINT ( 'NONE',  ( 0.000000000000000000, 0.000000000000000000, 0.000000000000000000 ) ) ;
#1225 = AXIS2_PLACEMENT_3D ( 'NONE', #6320, #723, #5140 ) ;
#1226 = AXIS2_PLACEMENT_3D ( 'NONE', #232, #3388, #7805 ) ;
#1227 = ORIENTED_EDGE ( 'NONE', *, *, #4050, .F. ) ;
#1228 = VECTOR ( 'NONE', #1245, 1000.000000000000000 ) ;
#1229 = AXIS2_PLACEMENT_3D ( 'NONE', #1162, #6602, #7295 ) ;
#1230 = DIRECTION ( 'NONE',  ( -0.000000000000000000, -0.000000000000000000, 1.000000000000000000 ) ) ;
#1231 = CARTESIAN_POINT ( 'NONE',  ( 15.00000000000000000, 2.499999999999995559, -5.510910596163088767E-15 ) ) ;
#1232 = VERTEX_POINT ( 'NONE', #5630 ) ;
#1233 = TOROIDAL_SURFACE ( 'NONE', #6716, 0.7500000000000000000, 0.2500000000000000000 ) ;
#1234 = DIRECTION ( 'NONE',  ( 5.204170427930421283E-16, 1.000000000000000000, 0.000000000000000000 ) ) ;
#1235 = CARTESIAN_POINT ( 'NONE',  ( -40.00000000000001421, 15.00000000000000000, -0.5000000000000004441 ) ) ;
#1236 = DIRECTION ( 'NONE',  ( 1.000000000000000000, -0.000000000000000000, 0.000000000000000000 ) ) ;
#1237 = DIRECTION ( 'NONE',  ( -0.000000000000000000, -0.000000000000000000, 1.000000000000000000 ) ) ;
#1238 = AXIS2_PLACEMENT_3D ( 'NONE', #3028, #3614, #6107 ) ;
#1239 = AXIS2_PLACEMENT_3D ( 'NONE', #3277, #5781, #245 ) ;
#1240 = VERTEX_POINT ( 'NONE', #636 ) ;
#1241 = DIRECTION ( 'NONE',  ( 0.000000000000000000, 1.000000000000000000, 0.000000000000000000 ) ) ;
#1242 = DIRECTION ( 'NONE',  ( 1.000000000000000000, 0.000000000000000000, 0.000000000000000000 ) ) ;
#1243 = ORIENTED_EDGE ( 'NONE', *, *, #3949, .T. ) ;
#1244 = LINE ( 'NONE', #4955, #3062 ) ;
#1245 = DIRECTION ( 'NONE',  ( -1.000000000000000000, -0.000000000000000000, -0.000000000000000000 ) ) ;
#1246 = LINE ( 'NONE', #3738, #7106 ) ;
#1247 = VECTOR ( 'NONE', #7375, 1000.000000000000000 ) ;
#1248 = ORIENTED_EDGE ( 'NONE', *, *, #1860, .F. ) ;
#1249 = CARTESIAN_POINT ( 'NONE',  ( 35.00000000000000711, 33.51954211927168359, -15.00000000000001421 ) ) ;
#1250 = EDGE_CURVE ( 'NONE', #5853, #1395, #5415, .T. ) ;
#1251 = CARTESIAN_POINT ( 'NONE',  ( 40.00000000000000711, -25.00000000000000000, 0.000000000000000000 ) ) ;
#1252 = SPHERICAL_SURFACE ( 'NONE', #6705, 0.2500000000000000000 ) ;
#1253 = EDGE_CURVE ( 'NONE', #624, #3718, #4411, .T. ) ;
#1254 = ORIENTED_EDGE ( 'NONE', *, *, #4542, .F. ) ;
#1255 = DIRECTION ( 'NONE',  ( 0.000000000000000000, -0.000000000000000000, -1.000000000000000000 ) ) ;
#1256 = FACE_OUTER_BOUND ( 'NONE', #4440, .T. ) ;
#1257 = CARTESIAN_POINT ( 'NONE',  ( 39.99999999999998579, -15.00000000000000000, -0.5000000000000004441 ) ) ;
#1258 = ADVANCED_FACE ( 'NONE', ( #3791, #6280 ), #59, .F. ) ;
#1259 = EDGE_CURVE ( 'NONE', #1543, #2983, #6064, .T. ) ;
#1260 = EDGE_CURVE ( 'NONE', #5510, #3548, #1697, .T. ) ;
#1261 = CIRCLE ( 'NONE', #4914, 7.500000000000000000 ) ;
#1262 = ORIENTED_EDGE ( 'NONE', *, *, #7298, .T. ) ;
#1263 = ORIENTED_EDGE ( 'NONE', *, *, #6143, .T. ) ;
#1264 = PLANE ( 'NONE',  #1703 ) ;
#1265 = EDGE_CURVE ( 'NONE', #5040, #7158, #3186, .T. ) ;
#1266 = DIRECTION ( 'NONE',  ( 1.000000000000000000, 9.251858538542963939E-16, 0.000000000000000000 ) ) ;
#1267 = ORIENTED_EDGE ( 'NONE', *, *, #4625, .F. ) ;
#1268 = ORIENTED_EDGE ( 'NONE', *, *, #1379, .T. ) ;
#1269 = DIRECTION ( 'NONE',  ( 1.000000000000000000, 0.000000000000000000, 0.000000000000000000 ) ) ;
#1270 = FACE_OUTER_BOUND ( 'NONE', #3880, .T. ) ;
#1271 = ADVANCED_FACE ( 'NONE', ( #2187 ), #1233, .T. ) ;
#1272 = FILL_AREA_STYLE_COLOUR ( '', #3168 ) ;
#1273 = UNCERTAINTY_MEASURE_WITH_UNIT (LENGTH_MEASURE( 1.000000000000000082E-05 ), #4812, 'distance_accuracy_value', 'NONE');
#1274 = AXIS2_PLACEMENT_3D ( 'NONE', #4188, #1241, #5488 ) ;
#1275 =( REPRESENTATION_RELATIONSHIP ('NONE','NONE', #4940, #4426 ) REPRESENTATION_RELATIONSHIP_WITH_TRANSFORMATION ( #1165 )SHAPE_REPRESENTATION_RELATIONSHIP( ) );
#1276 = ORIENTED_EDGE ( 'NONE', *, *, #6647, .T. ) ;
#1277 = ADVANCED_FACE ( 'NONE', ( #952 ), #7909, .T. ) ;
#1278 = CARTESIAN_POINT ( 'NONE',  ( 3.000000000000002220, -9.750000000000001776, 7.249999999999999112 ) ) ;
#1279 = FACE_BOUND ( 'NONE', #2970, .T. ) ;
#1280 = VERTEX_POINT ( 'NONE', #4806 ) ;
#1281 = DIRECTION ( 'NONE',  ( -0.000000000000000000, -0.000000000000000000, 1.000000000000000000 ) ) ;
#1282 = AXIS2_PLACEMENT_3D ( 'NONE', #4000, #5231, #1544 ) ;
#1283 = CARTESIAN_POINT ( 'NONE',  ( 30.00000000000001776, 32.50000000000000711, 7.500000000000000000 ) ) ;
#1284 = DIRECTION ( 'NONE',  ( 0.000000000000000000, 1.000000000000000000, 0.000000000000000000 ) ) ;
#1285 = DIRECTION ( 'NONE',  ( 1.000000000000000000, 0.000000000000000000, 0.000000000000000000 ) ) ;
#1286 = ORIENTED_EDGE ( 'NONE', *, *, #4164, .T. ) ;
#1287 = DIRECTION ( 'NONE',  ( 0.000000000000000000, 0.000000000000000000, 1.000000000000000000 ) ) ;
#1288 = ORIENTED_EDGE ( 'NONE', *, *, #1033, .T. ) ;
#1289 = LINE ( 'NONE', #5489, #5944 ) ;
#1290 = DIRECTION ( 'NONE',  ( -1.000000000000000000, -0.000000000000000000, -0.000000000000000000 ) ) ;
#1291 = ADVANCED_FACE ( 'NONE', ( #6025 ), #915, .F. ) ;
#1292 = PLANE ( 'NONE',  #7239 ) ;
#1293 = CIRCLE ( 'NONE', #3494, 6.500000000000000000 ) ;
#1294 = ORIENTED_EDGE ( 'NONE', *, *, #1554, .T. ) ;
#1295 = DIRECTION ( 'NONE',  ( 0.000000000000000000, 1.000000000000000000, 0.000000000000000000 ) ) ;
#1296 = CARTESIAN_POINT ( 'NONE',  ( 4.000000000000000000, -1.759474945355389064, -3.047499999999997655 ) ) ;
#1297 = LINE ( 'NONE', #3162, #5540 ) ;
#1298 = ORIENTED_EDGE ( 'NONE', *, *, #3955, .T. ) ;
#1299 = DIRECTION ( 'NONE',  ( 1.000000000000000000, 0.000000000000000000, 0.000000000000000000 ) ) ;
#1300 = CARTESIAN_POINT ( 'NONE',  ( 3.000000000000002220, 9.750000000000000000, -7.500000000000000000 ) ) ;
#1301 = DIRECTION ( 'NONE',  ( 0.000000000000000000, 0.000000000000000000, 1.000000000000000000 ) ) ;
#1302 = EDGE_CURVE ( 'NONE', #645, #7310, #5988, .T. ) ;
#1303 = PRODUCT_DEFINITION_SHAPE ( 'NONE', 'NONE',  #6127 ) ;
#1304 = ORIENTED_EDGE ( 'NONE', *, *, #2414, .T. ) ;
#1305 = EDGE_LOOP ( 'NONE', ( #2507, #1997, #1077, #2901 ) ) ;
#1306 = LINE ( 'NONE', #6238, #2225 ) ;
#1307 = DIRECTION ( 'NONE',  ( -8.673617379884034239E-17, 1.000000000000000000, -1.734723475976806848E-16 ) ) ;
#1308 = ORIENTED_EDGE ( 'NONE', *, *, #2855, .T. ) ;
#1309 = ORIENTED_EDGE ( 'NONE', *, *, #3645, .F. ) ;
#1310 = DIRECTION ( 'NONE',  ( 1.000000000000000000, 0.000000000000000000, 0.000000000000000000 ) ) ;
#1311 = CARTESIAN_POINT ( 'NONE',  ( 1.979845658621553928E-15, 10.00000000000000000, -7.249999999999999112 ) ) ;
#1312 = EDGE_CURVE ( 'NONE', #5450, #522, #6675, .T. ) ;
#1313 = ADVANCED_FACE ( 'NONE', ( #7863 ), #5909, .F. ) ;
#1314 = ORIENTED_EDGE ( 'NONE', *, *, #7908, .F. ) ;
#1315 = ADVANCED_FACE ( 'NONE', ( #287 ), #1075, .T. ) ;
#1316 = CARTESIAN_POINT ( 'NONE',  ( -30.00000000000000000, -32.50000000000000000, -130.0000000000000000 ) ) ;
#1317 = CARTESIAN_POINT ( 'NONE',  ( 40.00000000000000000, 37.99999999999999289, -130.0000000000000000 ) ) ;
#1318 = ORIENTED_EDGE ( 'NONE', *, *, #5122, .F. ) ;
#1319 = DIRECTION ( 'NONE',  ( -1.000000000000000000, 9.251858538542963939E-16, 2.307103579213874458E-32 ) ) ;
#1320 = VECTOR ( 'NONE', #4238, 1000.000000000000000 ) ;
#1321 = CARTESIAN_POINT ( 'NONE',  ( -37.99999999999999289, -40.00000000000000711, -120.0000000000000000 ) ) ;
#1322 = CARTESIAN_POINT ( 'NONE',  ( 33.49999999999998579, -15.00000000000000000, -0.5000000000000004441 ) ) ;
#1323 = DIRECTION ( 'NONE',  ( -0.000000000000000000, -0.000000000000000000, 1.000000000000000000 ) ) ;
#1324 = ORIENTED_EDGE ( 'NONE', *, *, #2973, .F. ) ;
#1325 = AXIS2_PLACEMENT_3D ( 'NONE', #5424, #2999, #7871 ) ;
#1326 = EDGE_CURVE ( 'NONE', #1240, #2980, #442, .T. ) ;
#1327 = LINE ( 'NONE', #2253, #6485 ) ;
#1328 = ORIENTED_EDGE ( 'NONE', *, *, #5061, .F. ) ;
#1329 = LINE ( 'NONE', #6427, #719 ) ;
#1330 = DIRECTION ( 'NONE',  ( 0.000000000000000000, -0.000000000000000000, -1.000000000000000000 ) ) ;
#1331 = CARTESIAN_POINT ( 'NONE',  ( 0.000000000000000000, -1.759474945355381736, 3.047500000000000320 ) ) ;
#1332 = CIRCLE ( 'NONE', #2112, 2.499999999999995115 ) ;
#1333 = VERTEX_POINT ( 'NONE', #4773 ) ;
#1334 = DIRECTION ( 'NONE',  ( 0.000000000000000000, -0.000000000000000000, 1.000000000000000000 ) ) ;
#1335 = AXIS2_PLACEMENT_3D ( 'NONE', #5357, #1515, #4008 ) ;
#1336 = AXIS2_PLACEMENT_3D ( 'NONE', #2947, #3605, #6096 ) ;
#1337 = CARTESIAN_POINT ( 'NONE',  ( 3.000000000000000444, 9.539392014169484568, -170.0000000000000568 ) ) ;
#1338 = DIRECTION ( 'NONE',  ( 0.000000000000000000, 1.000000000000000000, -0.000000000000000000 ) ) ;
#1339 = VERTEX_POINT ( 'NONE', #1533 ) ;
#1340 = CARTESIAN_POINT ( 'NONE',  ( 32.50000000000000000, -25.00000000000000711, -15.00000000000001421 ) ) ;
#1341 = CARTESIAN_POINT ( 'NONE',  ( 1.979845658621553928E-15, -10.00000000000000000, -7.249999999999999112 ) ) ;
#1342 = CIRCLE ( 'NONE', #4331, 4.375000000000003553 ) ;
#1343 = CARTESIAN_POINT ( 'NONE',  ( 0.000000000000000000, -2.357898499370434386, 3.686287386450715076E-15 ) ) ;
#1344 = ORIENTED_EDGE ( 'NONE', *, *, #5995, .F. ) ;
#1345 = EDGE_LOOP ( 'NONE', ( #1901, #7524 ) ) ;
#1346 = CARTESIAN_POINT ( 'NONE',  ( 15.00000000000000000, -3.500000000000000000, -2.000000000000005773 ) ) ;
#1347 = EDGE_CURVE ( 'NONE', #3610, #4297, #1497, .T. ) ;
#1348 = CARTESIAN_POINT ( 'NONE',  ( 32.50000000000000711, 32.50000000000000000, -120.0000000000000000 ) ) ;
#1349 = EDGE_LOOP ( 'NONE', ( #3170, #16, #935, #454 ) ) ;
#1350 = ORIENTED_EDGE ( 'NONE', *, *, #4173, .T. ) ;
#1351 = DIRECTION ( 'NONE',  ( 1.879283765641541183E-16, -0.000000000000000000, 1.000000000000000000 ) ) ;
#1352 = CARTESIAN_POINT ( 'NONE',  ( -40.00000000000000711, 39.99999999999999289, -115.0000000000000142 ) ) ;
#1353 = EDGE_CURVE ( 'NONE', #4660, #4635, #7107, .T. ) ;
#1354 = EDGE_LOOP ( 'NONE', ( #5173, #4539, #7935, #4566 ) ) ;
#1355 = AXIS2_PLACEMENT_3D ( 'NONE', #1774, #3562, #6751 ) ;
#1356 = CARTESIAN_POINT ( 'NONE',  ( 0.000000000000000000, 2.357898499370432166, -1.951563910473907981E-15 ) ) ;
#1357 = DIRECTION ( 'NONE',  ( 1.000000000000000000, 0.000000000000000000, 0.000000000000000000 ) ) ;
#1358 = ORIENTED_EDGE ( 'NONE', *, *, #394, .T. ) ;
#1359 = VECTOR ( 'NONE', #5464, 1000.000000000000000 ) ;
#1360 = CARTESIAN_POINT ( 'NONE',  ( 25.00000000000000711, 40.00000000000000711, -120.0000000000000000 ) ) ;
#1361 = FACE_OUTER_BOUND ( 'NONE', #6038, .T. ) ;
#1362 = DIRECTION ( 'NONE',  ( -1.000000000000000000, 0.000000000000000000, 0.000000000000000000 ) ) ;
#1363 = ADVANCED_FACE ( 'NONE', ( #1570 ), #5947, .T. ) ;
#1364 = AXIS2_PLACEMENT_3D ( 'NONE', #7957, #2356, #6729 ) ;
#1365 = ADVANCED_FACE ( 'NONE', ( #2227 ), #4722, .T. ) ;
#1366 = CIRCLE ( 'NONE', #2397, 2.000000000000001776 ) ;
#1367 = ORIENTED_EDGE ( 'NONE', *, *, #3741, .T. ) ;
#1368 = CARTESIAN_POINT ( 'NONE',  ( -24.16675660154734118, 23.14453187976436865, 24.99999999999999645 ) ) ;
#1369 = EDGE_LOOP ( 'NONE', ( #2625, #5737 ) ) ;
#1370 = DIRECTION ( 'NONE',  ( 0.2843313721399121086, 0.9587260666201972148, 0.000000000000000000 ) ) ;
#1371 = CIRCLE ( 'NONE', #2278, 4.000000000000003553 ) ;
#1372 = EDGE_LOOP ( 'NONE', ( #8019, #5110 ) ) ;
#1373 = CARTESIAN_POINT ( 'NONE',  ( 28.12500000000001066, 32.50000000000000000, -120.0000000000000000 ) ) ;
#1374 = CARTESIAN_POINT ( 'NONE',  ( -44.99999999999998579, -40.00000000000000711, 7.500000000000000000 ) ) ;
#1375 = DIRECTION ( 'NONE',  ( -1.000000000000000000, -0.000000000000000000, -0.000000000000000000 ) ) ;
#1376 = EDGE_CURVE ( 'NONE', #349, #4890, #4345, .T. ) ;
#1377 = ORIENTED_EDGE ( 'NONE', *, *, #1696, .F. ) ;
#1378 = DIRECTION ( 'NONE',  ( -0.000000000000000000, -0.000000000000000000, -1.000000000000000000 ) ) ;
#1379 = EDGE_CURVE ( 'NONE', #6522, #1280, #3154, .T. ) ;
#1380 = DIRECTION ( 'NONE',  ( 1.000000000000000000, 0.000000000000000000, 0.000000000000000000 ) ) ;
#1381 = DIRECTION ( 'NONE',  ( -0.000000000000000000, -0.000000000000000000, 1.000000000000000000 ) ) ;
#1382 = VECTOR ( 'NONE', #6301, 1000.000000000000000 ) ;
#1383 = ORIENTED_EDGE ( 'NONE', *, *, #4819, .T. ) ;
#1384 = DIRECTION ( 'NONE',  ( 0.000000000000000000, -0.8660254037844390407, -0.4999999999999993339 ) ) ;
#1385 = CARTESIAN_POINT ( 'NONE',  ( 4.000000000000004441, 5.000000000000000000, -7.249999999999999112 ) ) ;
#1386 = LINE ( 'NONE', #3869, #4752 ) ;
#1387 = ORIENTED_EDGE ( 'NONE', *, *, #5899, .T. ) ;
#1388 = ORIENTED_EDGE ( 'NONE', *, *, #1723, .T. ) ;
#1389 = FACE_BOUND ( 'NONE', #3735, .T. ) ;
#1390 = VERTEX_POINT ( 'NONE', #1852 ) ;
#1391 = ORIENTED_EDGE ( 'NONE', *, *, #3318, .F. ) ;
#1392 = CARTESIAN_POINT ( 'NONE',  ( 0.000000000000000000, 0.000000000000000000, -170.0000000000000853 ) ) ;
#1393 = ADVANCED_FACE ( 'NONE', ( #38 ), #2384, .T. ) ;
#1394 = AXIS2_PLACEMENT_3D ( 'NONE', #3332, #3203, #6971 ) ;
#1395 = VERTEX_POINT ( 'NONE', #2992 ) ;
#1396 = CARTESIAN_POINT ( 'NONE',  ( 45.00000000000000711, 39.99999999999999289, 7.500000000000000000 ) ) ;
#1397 = DIRECTION ( 'NONE',  ( -1.000000000000000000, 0.000000000000000000, 1.879283765641541183E-16 ) ) ;
#1398 = ORIENTED_EDGE ( 'NONE', *, *, #4680, .T. ) ;
#1399 = LINE ( 'NONE', #6650, #1720 ) ;
#1400 = CYLINDRICAL_SURFACE ( 'NONE', #2370, 0.2500000000000002220 ) ;
#1401 = DIRECTION ( 'NONE',  ( -0.000000000000000000, -0.000000000000000000, 1.000000000000000000 ) ) ;
#1402 = AXIS2_PLACEMENT_3D ( 'NONE', #7852, #2707, #275 ) ;
#1403 = EDGE_LOOP ( 'NONE', ( #4683, #4259, #5268, #6300, #856, #7078 ) ) ;
#1404 = VECTOR ( 'NONE', #445, 1000.000000000000000 ) ;
#1405 = CARTESIAN_POINT ( 'NONE',  ( -35.00000000000000711, 33.51954211927168359, -15.00000000000001421 ) ) ;
#1406 = EDGE_CURVE ( 'NONE', #2868, #3671, #6720, .T. ) ;
#1407 = ORIENTED_EDGE ( 'NONE', *, *, #4500, .F. ) ;
#1408 = DIRECTION ( 'NONE',  ( 0.000000000000000000, 5.551115123125782702E-17, -1.000000000000000000 ) ) ;
#1409 = CARTESIAN_POINT ( 'NONE',  ( 32.50000000000000000, 25.00000000000000711, -120.0000000000000000 ) ) ;
#1410 = CARTESIAN_POINT ( 'NONE',  ( -32.50000000000000000, 25.00000000000000711, 0.000000000000000000 ) ) ;
#1411 = CARTESIAN_POINT ( 'NONE',  ( 3.000000000000002220, 10.00000000000000000, 7.249999999999999112 ) ) ;
#1412 = DIRECTION ( 'NONE',  ( 0.000000000000000000, 0.000000000000000000, 1.000000000000000000 ) ) ;
#1413 = CIRCLE ( 'NONE', #2191, 6.499999999999999112 ) ;
#1414 = ORIENTED_EDGE ( 'NONE', *, *, #1855, .T. ) ;
#1415 = EDGE_CURVE ( 'NONE', #2126, #6694, #1289, .T. ) ;
#1416 = FACE_OUTER_BOUND ( 'NONE', #3445, .T. ) ;
#1417 = DIRECTION ( 'NONE',  ( 0.000000000000000000, 0.000000000000000000, 1.000000000000000000 ) ) ;
#1418 = ORIENTED_EDGE ( 'NONE', *, *, #5141, .F. ) ;
#1419 = CARTESIAN_POINT ( 'NONE',  ( 0.8000000000000020428, 0.000000000000000000, 0.000000000000000000 ) ) ;
#1420 = FACE_OUTER_BOUND ( 'NONE', #7373, .T. ) ;
#1421 = LINE ( 'NONE', #1343, #33 ) ;
#1422 = AXIS2_PLACEMENT_3D ( 'NONE', #3233, #6960, #2671 ) ;
#1423 = EDGE_CURVE ( 'NONE', #4082, #3420, #3335, .T. ) ;
#1424 = ORIENTED_EDGE ( 'NONE', *, *, #2251, .T. ) ;
#1425 = ORIENTED_EDGE ( 'NONE', *, *, #4916, .T. ) ;
#1426 = CYLINDRICAL_SURFACE ( 'NONE', #2997, 0.2500000000000002220 ) ;
#1427 = VERTEX_POINT ( 'NONE', #3736 ) ;
#1428 = EDGE_LOOP ( 'NONE', ( #3866, #8041, #6870, #2608 ) ) ;
#1429 = CYLINDRICAL_SURFACE ( 'NONE', #4547, 6.499999999999999112 ) ;
#1430 = CARTESIAN_POINT ( 'NONE',  ( 55.00000000000000000, 29.99999999999999645, 7.500000000000000000 ) ) ;
#1431 = UNCERTAINTY_MEASURE_WITH_UNIT (LENGTH_MEASURE( 1.000000000000000082E-05 ), #934, 'distance_accuracy_value', 'NONE');
#1432 = ORIENTED_EDGE ( 'NONE', *, *, #6143, .F. ) ;
#1433 = CARTESIAN_POINT ( 'NONE',  ( 24.55500000000001393, 3.061616997868383634E-16, -2.500000000000000444 ) ) ;
#1434 = FACE_OUTER_BOUND ( 'NONE', #1449, .T. ) ;
#1435 = ORIENTED_EDGE ( 'NONE', *, *, #5954, .T. ) ;
#1436 = DIRECTION ( 'NONE',  ( 0.000000000000000000, 0.8660254037844380415, -0.5000000000000012212 ) ) ;
#1437 = DIRECTION ( 'NONE',  ( 0.000000000000000000, 0.000000000000000000, 1.000000000000000000 ) ) ;
#1438 = VECTOR ( 'NONE', #8094, 1000.000000000000000 ) ;
#1439 = EDGE_LOOP ( 'NONE', ( #3303, #1344, #7588, #2090, #2641, #4211, #884, #3274 ) ) ;
#1440 = CARTESIAN_POINT ( 'NONE',  ( 20.00000000000000711, 0.000000000000000000, 24.99999999999999645 ) ) ;
#1441 = VECTOR ( 'NONE', #597, 1000.000000000000000 ) ;
#1442 = ORIENTED_EDGE ( 'NONE', *, *, #7696, .F. ) ;
#1443 = ORIENTED_EDGE ( 'NONE', *, *, #3457, .T. ) ;
#1444 = DIRECTION ( 'NONE',  ( -0.000000000000000000, -0.000000000000000000, 1.000000000000000000 ) ) ;
#1445 = ADVANCED_FACE ( 'NONE', ( #1902, #6261 ), #3027, .F. ) ;
#1446 = DIRECTION ( 'NONE',  ( 1.000000000000000000, 0.000000000000000000, 0.000000000000000000 ) ) ;
#1447 = DIRECTION ( 'NONE',  ( -1.000000000000000000, 0.000000000000000000, 0.000000000000000000 ) ) ;
#1448 = CIRCLE ( 'NONE', #2733, 3.047500000000000764 ) ;
#1449 = EDGE_LOOP ( 'NONE', ( #6993, #5627, #3846, #385 ) ) ;
#1450 = DIRECTION ( 'NONE',  ( 0.000000000000000000, 0.000000000000000000, 1.000000000000000000 ) ) ;
#1451 = DIRECTION ( 'NONE',  ( 0.000000000000000000, 0.000000000000000000, -1.000000000000000000 ) ) ;
#1452 = ORIENTED_EDGE ( 'NONE', *, *, #2211, .T. ) ;
#1453 = CARTESIAN_POINT ( 'NONE',  ( -0.3967043541039763643, 9.993992243805815079, -139.0198587217626027 ) ) ;
#1454 = CARTESIAN_POINT ( 'NONE',  ( 4.000000000000000000, -1.759474945355381736, 3.047500000000000320 ) ) ;
#1455 = DIRECTION ( 'NONE',  ( 1.000000000000000000, 0.000000000000000000, 0.000000000000000000 ) ) ;
#1456 = EDGE_CURVE ( 'NONE', #4906, #2487, #1244, .T. ) ;
#1457 = VECTOR ( 'NONE', #2086, 1000.000000000000000 ) ;
#1458 = ORIENTED_EDGE ( 'NONE', *, *, #3077, .T. ) ;
#1459 = ORIENTED_EDGE ( 'NONE', *, *, #7645, .T. ) ;
#1460 = DIRECTION ( 'NONE',  ( -0.000000000000000000, -0.000000000000000000, 1.000000000000000000 ) ) ;
#1461 = CIRCLE ( 'NONE', #272, 2.000000000000000000 ) ;
#1462 = CARTESIAN_POINT ( 'NONE',  ( 3.000000000000002220, -9.750000000000000000, -7.249999999999999112 ) ) ;
#1463 = ORIENTED_EDGE ( 'NONE', *, *, #6639, .F. ) ;
#1464 = ORIENTED_EDGE ( 'NONE', *, *, #7813, .F. ) ;
#1465 = CARTESIAN_POINT ( 'NONE',  ( 4.000000000000004441, -4.750000000000000000, -7.249999999999999112 ) ) ;
#1466 = CARTESIAN_POINT ( 'NONE',  ( -40.00000000000000711, -25.00000000000000000, -120.0000000000000000 ) ) ;
#1467 = EDGE_CURVE ( 'NONE', #875, #1427, #8029, .T. ) ;
#1468 = ORIENTED_EDGE ( 'NONE', *, *, #2444, .F. ) ;
#1469 = DIRECTION ( 'NONE',  ( 0.000000000000000000, 0.000000000000000000, -1.000000000000000000 ) ) ;
#1470 =( LENGTH_UNIT ( ) NAMED_UNIT ( * ) SI_UNIT ( .MILLI., .METRE. ) );
#1471 = VERTEX_POINT ( 'NONE', #661 ) ;
#1472 = CARTESIAN_POINT ( 'NONE',  ( 40.00000000000000000, 39.99999999999999289, -130.0000000000000000 ) ) ;
#1473 = CARTESIAN_POINT ( 'NONE',  ( -32.50000000000000000, 25.00000000000000711, -120.0000000000000000 ) ) ;
#1474 = ORIENTED_EDGE ( 'NONE', *, *, #2550, .T. ) ;
#1475 = VECTOR ( 'NONE', #3366, 1000.000000000000000 ) ;
#1476 = VECTOR ( 'NONE', #5382, 1000.000000000000000 ) ;
#1477 = AXIS2_PLACEMENT_3D ( 'NONE', #1466, #264, #3464 ) ;
#1478 = CARTESIAN_POINT ( 'NONE',  ( -34.99999999999998579, 32.50000000000000000, 7.500000000000000888 ) ) ;
#1479 = PLANE ( 'NONE',  #7356 ) ;
#1480 = VERTEX_POINT ( 'NONE', #6757 ) ;
#1481 = DIRECTION ( 'NONE',  ( -1.011922027653137636E-16, 1.232595164407830672E-32, 1.000000000000000000 ) ) ;
#1482 = ORIENTED_EDGE ( 'NONE', *, *, #6102, .F. ) ;
#1483 = FACE_OUTER_BOUND ( 'NONE', #5865, .T. ) ;
#1484 = DIRECTION ( 'NONE',  ( -9.251858538542975772E-16, 1.000000000000000000, 0.000000000000000000 ) ) ;
#1485 = DIRECTION ( 'NONE',  ( 0.000000000000000000, 1.000000000000000000, -1.734723475976806848E-16 ) ) ;
#1486 = CIRCLE ( 'NONE', #426, 7.500000000000000000 ) ;
#1487 = TOROIDAL_SURFACE ( 'NONE', #5403, 0.7500000000000000000, 0.2500000000000000000 ) ;
#1488 = ORIENTED_EDGE ( 'NONE', *, *, #505, .F. ) ;
#1489 = CONICAL_SURFACE ( 'NONE', #6060, 8.000000000000117240, 0.7853981633974396193 ) ;
#1490 = AXIS2_PLACEMENT_3D ( 'NONE', #621, #5614, #4190 ) ;
#1491 = DIRECTION ( 'NONE',  ( 1.000000000000000000, -0.000000000000000000, 0.000000000000000000 ) ) ;
#1492 = AXIS2_PLACEMENT_3D ( 'NONE', #2107, #3946, #1573 ) ;
#1493 = LINE ( 'NONE', #7552, #6835 ) ;
#1494 = CARTESIAN_POINT ( 'NONE',  ( 1.000000000000001998, 9.750000000000001776, -7.249999999999999112 ) ) ;
#1495 = ORIENTED_EDGE ( 'NONE', *, *, #2998, .F. ) ;
#1496 = DIRECTION ( 'NONE',  ( 1.000000000000000000, -0.000000000000000000, -0.000000000000000000 ) ) ;
#1497 = CIRCLE ( 'NONE', #2536, 0.2500000000000002220 ) ;
#1498 = DIRECTION ( 'NONE',  ( 0.000000000000000000, 0.000000000000000000, -1.000000000000000000 ) ) ;
#1499 = STYLED_ITEM ( 'NONE', ( #6699 ), #3635 ) ;
#1500 = VERTEX_POINT ( 'NONE', #6221 ) ;
#1501 = EDGE_LOOP ( 'NONE', ( #2709, #7397, #7929, #4965 ) ) ;
#1502 = DIRECTION ( 'NONE',  ( 0.000000000000000000, 0.000000000000000000, -1.000000000000000000 ) ) ;
#1503 = ADVANCED_FACE ( 'NONE', ( #3774 ), #7410, .F. ) ;
#1504 = DIRECTION ( 'NONE',  ( 0.000000000000000000, 0.000000000000000000, 1.000000000000000000 ) ) ;
#1505 = EDGE_LOOP ( 'NONE', ( #1350, #743 ) ) ;
#1506 = CARTESIAN_POINT ( 'NONE',  ( -25.00000000000000711, 40.00000000000000711, -115.0000000000000142 ) ) ;
#1507 = DIRECTION ( 'NONE',  ( 0.000000000000000000, 0.000000000000000000, -1.000000000000000000 ) ) ;
#1508 = EDGE_CURVE ( 'NONE', #3373, #5509, #4780, .T. ) ;
#1509 = EDGE_CURVE ( 'NONE', #5551, #660, #2297, .T. ) ;
#1510 = EDGE_CURVE ( 'NONE', #7846, #2761, #5613, .T. ) ;
#1511 = VERTEX_POINT ( 'NONE', #2505 ) ;
#1512 = CARTESIAN_POINT ( 'NONE',  ( 43.99999999999998579, 15.00000000000000000, -0.5000000000000004441 ) ) ;
#1513 = CARTESIAN_POINT ( 'NONE',  ( 27.48053287425020841, 26.92730318665038070, -120.0000000000000000 ) ) ;
#1514 = EDGE_LOOP ( 'NONE', ( #3969, #1383, #3289, #6198, #5778, #144, #1581, #1006 ) ) ;
#1515 = DIRECTION ( 'NONE',  ( -0.000000000000000000, -0.000000000000000000, 1.000000000000000000 ) ) ;
#1516 = DIRECTION ( 'NONE',  ( 1.000000000000000000, 0.000000000000000000, 0.000000000000000000 ) ) ;
#1517 = ADVANCED_FACE ( 'NONE', ( #1777 ), #4268, .F. ) ;
#1518 = EDGE_LOOP ( 'NONE', ( #308, #1061 ) ) ;
#1519 = CARTESIAN_POINT ( 'NONE',  ( -32.50000000000000000, -25.00000000000000711, -120.0000000000000000 ) ) ;
#1520 = CARTESIAN_POINT ( 'NONE',  ( 4.000000000000004441, -5.000000000000000000, 7.500000000000000000 ) ) ;
#1521 = TOROIDAL_SURFACE ( 'NONE', #6089, 2.700000000000000622, 0.2000000000000000111 ) ;
#1522 = ORIENTED_EDGE ( 'NONE', *, *, #2381, .T. ) ;
#1523 = SHAPE_DEFINITION_REPRESENTATION ( #3504, #4940 ) ;
#1524 = FACE_OUTER_BOUND ( 'NONE', #5399, .T. ) ;
#1525 = DIRECTION ( 'NONE',  ( 1.000000000000000000, 0.000000000000000000, 0.000000000000000000 ) ) ;
#1526 = CARTESIAN_POINT ( 'NONE',  ( 0.000000000000000000, 0.000000000000000000, 0.000000000000000000 ) ) ;
#1527 = DIRECTION ( 'NONE',  ( 1.000000000000000000, 0.000000000000000000, 0.000000000000000000 ) ) ;
#1528 = VECTOR ( 'NONE', #5891, 1000.000000000000000 ) ;
#1529 = ORIENTED_EDGE ( 'NONE', *, *, #688, .F. ) ;
#1530 =( REPRESENTATION_RELATIONSHIP ('NONE','NONE', #4940, #3269 ) REPRESENTATION_RELATIONSHIP_WITH_TRANSFORMATION ( #461 )SHAPE_REPRESENTATION_RELATIONSHIP( ) );
#1531 = CARTESIAN_POINT ( 'NONE',  ( 8.000000000000000000, 0.000000000000000000, 0.000000000000000000 ) ) ;
#1532 = ADVANCED_FACE ( 'NONE', ( #1815 ), #4994, .F. ) ;
#1533 = CARTESIAN_POINT ( 'NONE',  ( -25.00000000000000711, 40.00000000000000711, 24.99999999999999289 ) ) ;
#1534 = DIRECTION ( 'NONE',  ( 1.000000000000000000, -0.000000000000000000, 0.000000000000000000 ) ) ;
#1535 = ORIENTED_EDGE ( 'NONE', *, *, #2358, .F. ) ;
#1536 = CARTESIAN_POINT ( 'NONE',  ( 7.000000000000001776, 4.898587196589404940E-16, 3.999999999999993339 ) ) ;
#1537 = VECTOR ( 'NONE', #4540, 1000.000000000000000 ) ;
#1538 = DIRECTION ( 'NONE',  ( 0.000000000000000000, 1.000000000000000000, 0.000000000000000000 ) ) ;
#1539 = ORIENTED_EDGE ( 'NONE', *, *, #6368, .T. ) ;
#1540 = EDGE_LOOP ( 'NONE', ( #3369, #1919, #6662, #1367 ) ) ;
#1541 = CARTESIAN_POINT ( 'NONE',  ( -15.00000000000000000, 3.500000000000000000, 2.000000000000007105 ) ) ;
#1542 = CARTESIAN_POINT ( 'NONE',  ( 25.00000000000000711, 40.00000000000000711, -120.0000000000000000 ) ) ;
#1543 = VERTEX_POINT ( 'NONE', #492 ) ;
#1544 = DIRECTION ( 'NONE',  ( 1.000000000000000000, 0.000000000000000000, 0.000000000000000000 ) ) ;
#1545 = ADVANCED_FACE ( 'NONE', ( #1483 ), #118, .F. ) ;
#1546 = FACE_OUTER_BOUND ( 'NONE', #7448, .T. ) ;
#1547 = CIRCLE ( 'NONE', #1809, 2.499999999999988454 ) ;
#1548 = ORIENTED_EDGE ( 'NONE', *, *, #293, .F. ) ;
#1549 = CARTESIAN_POINT ( 'NONE',  ( -54.99999999999998579, -30.00000000000001421, 7.500000000000000000 ) ) ;
#1550 = ADVANCED_FACE ( 'NONE', ( #746 ), #2626, .F. ) ;
#1551 = VERTEX_POINT ( 'NONE', #5779 ) ;
#1552 = CARTESIAN_POINT ( 'NONE',  ( 6.750000000000001776, -4.750000000000000000, 7.249999999999999112 ) ) ;
#1553 = EDGE_CURVE ( 'NONE', #407, #1339, #3935, .T. ) ;
#1554 = EDGE_CURVE ( 'NONE', #5696, #6522, #3894, .T. ) ;
#1555 = EDGE_CURVE ( 'NONE', #4897, #4906, #826, .T. ) ;
#1556 = ORIENTED_EDGE ( 'NONE', *, *, #7061, .T. ) ;
#1557 = CARTESIAN_POINT ( 'NONE',  ( 0.000000000000000000, 0.000000000000000000, 0.000000000000000000 ) ) ;
#1558 = CARTESIAN_POINT ( 'NONE',  ( 45.00000000000002132, -30.00000000000001421, -8.500000000000000000 ) ) ;
#1559 = ORIENTED_EDGE ( 'NONE', *, *, #4680, .F. ) ;
#1560 = DIRECTION ( 'NONE',  ( 0.000000000000000000, 5.551115123125782702E-17, -1.000000000000000000 ) ) ;
#1561 = AXIS2_PLACEMENT_3D ( 'NONE', #5160, #7025, #5200 ) ;
#1562 = CARTESIAN_POINT ( 'NONE',  ( 2.500000000000000000, 3.004629197474320429E-15, 2.042000000000002036 ) ) ;
#1563 = CARTESIAN_POINT ( 'NONE',  ( -32.50000000000000711, 32.50000000000000000, -120.0000000000000000 ) ) ;
#1564 = CARTESIAN_POINT ( 'NONE',  ( -32.49999999999999289, 32.50000000000000000, -120.0000000000000000 ) ) ;
#1565 = EDGE_CURVE ( 'NONE', #1713, #7188, #4515, .T. ) ;
#1566 = ORIENTED_EDGE ( 'NONE', *, *, #1611, .F. ) ;
#1567 = AXIS2_PLACEMENT_3D ( 'NONE', #2971, #1754, #4248 ) ;
#1568 = VERTEX_POINT ( 'NONE', #7654 ) ;
#1569 = CARTESIAN_POINT ( 'NONE',  ( 24.55500000000001393, 0.000000000000000000, 0.000000000000000000 ) ) ;
#1570 = FACE_OUTER_BOUND ( 'NONE', #5220, .T. ) ;
#1571 = CARTESIAN_POINT ( 'NONE',  ( 4.653657838896438385E-15, 10.00000000000000000, -139.0000000000000000 ) ) ;
#1572 = ORIENTED_EDGE ( 'NONE', *, *, #3138, .F. ) ;
#1573 = DIRECTION ( 'NONE',  ( 1.000000000000000000, 0.000000000000000000, 0.000000000000000000 ) ) ;
#1574 = CIRCLE ( 'NONE', #7707, 8.000000000000117240 ) ;
#1575 = DIRECTION ( 'NONE',  ( 0.000000000000000000, -0.000000000000000000, -1.000000000000000000 ) ) ;
#1576 =( REPRESENTATION_RELATIONSHIP ('NONE','NONE', #4940, #4426 ) REPRESENTATION_RELATIONSHIP_WITH_TRANSFORMATION ( #6625 )SHAPE_REPRESENTATION_RELATIONSHIP( ) );
#1577 = VECTOR ( 'NONE', #1651, 1000.000000000000000 ) ;
#1578 = VERTEX_POINT ( 'NONE', #5211 ) ;
#1579 = LINE ( 'NONE', #7832, #4047 ) ;
#1580 = PLANE ( 'NONE',  #3837 ) ;
#1581 = ORIENTED_EDGE ( 'NONE', *, *, #2211, .F. ) ;
#1582 = LINE ( 'NONE', #5269, #2576 ) ;
#1583 = DIRECTION ( 'NONE',  ( 1.000000000000000000, -0.000000000000000000, 0.000000000000000000 ) ) ;
#1584 = CARTESIAN_POINT ( 'NONE',  ( 25.00000000000000711, -32.50000000000000000, -120.0000000000000000 ) ) ;
#1585 = AXIS2_PLACEMENT_3D ( 'NONE', #2258, #361, #4141 ) ;
#1586 = DIRECTION ( 'NONE',  ( -1.000000000000000000, 0.000000000000000000, 0.000000000000000000 ) ) ;
#1587 = VERTEX_POINT ( 'NONE', #1410 ) ;
#1588 = ORIENTED_EDGE ( 'NONE', *, *, #2570, .T. ) ;
#1589 = DIRECTION ( 'NONE',  ( -1.000000000000000000, 5.204170427930421283E-16, 0.000000000000000000 ) ) ;
#1590 = FACE_OUTER_BOUND ( 'NONE', #4062, .T. ) ;
#1591 = VECTOR ( 'NONE', #6132, 1000.000000000000000 ) ;
#1592 = VERTEX_POINT ( 'NONE', #2674 ) ;
#1593 = EDGE_LOOP ( 'NONE', ( #3778, #3252, #2812, #7861 ) ) ;
#1594 = FACE_OUTER_BOUND ( 'NONE', #7019, .T. ) ;
#1595 = EDGE_LOOP ( 'NONE', ( #3468, #5885, #6282, #1002 ) ) ;
#1596 = EDGE_CURVE ( 'NONE', #2689, #1551, #1329, .T. ) ;
#1597 = PLANE ( 'NONE',  #4138 ) ;
#1598 = FACE_OUTER_BOUND ( 'NONE', #3111, .T. ) ;
#1599 = EDGE_CURVE ( 'NONE', #3508, #2270, #3814, .T. ) ;
#1600 = EDGE_LOOP ( 'NONE', ( #4176, #277, #1838, #3053 ) ) ;
#1601 = APPLICATION_PROTOCOL_DEFINITION ( 'draft international standard', 'automotive_design', 1998, #3358 ) ;
#1602 = PLANE ( 'NONE',  #1336 ) ;
#1603 = DIRECTION ( 'NONE',  ( -0.000000000000000000, -0.000000000000000000, 1.000000000000000000 ) ) ;
#1604 = CARTESIAN_POINT ( 'NONE',  ( -25.00000000000000711, 40.00000000000000711, 24.99999999999999645 ) ) ;
#1605 = EDGE_CURVE ( 'NONE', #7158, #5040, #5549, .T. ) ;
#1606 = FACE_OUTER_BOUND ( 'NONE', #1514, .T. ) ;
#1607 = AXIS2_PLACEMENT_3D ( 'NONE', #6923, #1330, #7573 ) ;
#1608 = CIRCLE ( 'NONE', #3827, 2.042000000000000259 ) ;
#1609 = ORIENTED_EDGE ( 'NONE', *, *, #6234, .T. ) ;
#1610 = DIRECTION ( 'NONE',  ( -0.000000000000000000, 0.8660254037844391517, 0.4999999999999990563 ) ) ;
#1611 = EDGE_CURVE ( 'NONE', #489, #1958, #5044, .T. ) ;
#1612 = VECTOR ( 'NONE', #4319, 1000.000000000000000 ) ;
#1613 = AXIS2_PLACEMENT_3D ( 'NONE', #4180, #6668, #1067 ) ;
#1614 = EDGE_CURVE ( 'NONE', #5738, #1713, #7075, .T. ) ;
#1615 = DIRECTION ( 'NONE',  ( 0.000000000000000000, 0.000000000000000000, -1.000000000000000000 ) ) ;
#1616 = AXIS2_PLACEMENT_3D ( 'NONE', #5581, #2595, #6804 ) ;
#1617 = DIRECTION ( 'NONE',  ( -0.000000000000000000, -0.000000000000000000, -1.000000000000000000 ) ) ;
#1618 = ORIENTED_EDGE ( 'NONE', *, *, #250, .T. ) ;
#1619 = DIRECTION ( 'NONE',  ( 0.000000000000000000, 0.000000000000000000, 1.000000000000000000 ) ) ;
#1620 = VECTOR ( 'NONE', #7384, 1000.000000000000000 ) ;
#1621 = DIRECTION ( 'NONE',  ( -0.000000000000000000, -0.000000000000000000, 1.000000000000000000 ) ) ;
#1622 = AXIS2_PLACEMENT_3D ( 'NONE', #1930, #2614, #4419 ) ;
#1623 = VECTOR ( 'NONE', #2759, 1000.000000000000000 ) ;
#1624 = ADVANCED_FACE ( 'NONE', ( #162 ), #5175, .F. ) ;
#1625 = VECTOR ( 'NONE', #494, 1000.000000000000000 ) ;
#1626 = VERTEX_POINT ( 'NONE', #1373 ) ;
#1627 = FILL_AREA_STYLE ('',( #7339 ) ) ;
#1628 = DIRECTION ( 'NONE',  ( 0.000000000000000000, 0.000000000000000000, 1.000000000000000000 ) ) ;
#1629 = ORIENTED_EDGE ( 'NONE', *, *, #6799, .T. ) ;
#1630 = PLANE ( 'NONE',  #2132 ) ;
#1631 = AXIS2_PLACEMENT_3D ( 'NONE', #4956, #1076, #5490 ) ;
#1632 = DIRECTION ( 'NONE',  ( 0.000000000000000000, 0.000000000000000000, -1.000000000000000000 ) ) ;
#1633 = FACE_OUTER_BOUND ( 'NONE', #4612, .T. ) ;
#1634 = CIRCLE ( 'NONE', #970, 2.000000000000001776 ) ;
#1635 = DIRECTION ( 'NONE',  ( -0.000000000000000000, 0.000000000000000000, 1.000000000000000000 ) ) ;
#1636 = ORIENTED_EDGE ( 'NONE', *, *, #3033, .F. ) ;
#1637 = ORIENTED_EDGE ( 'NONE', *, *, #3146, .F. ) ;
#1638 = CARTESIAN_POINT ( 'NONE',  ( 0.000000000000000000, 1.178949249685212974, -2.042000000000001148 ) ) ;
#1639 = PRESENTATION_STYLE_ASSIGNMENT (( #6532 ) ) ;
#1640 = EDGE_CURVE ( 'NONE', #1333, #6165, #5084, .T. ) ;
#1641 = ORIENTED_EDGE ( 'NONE', *, *, #3645, .T. ) ;
#1642 = ORIENTED_EDGE ( 'NONE', *, *, #706, .T. ) ;
#1643 = CARTESIAN_POINT ( 'NONE',  ( 20.00000000000000355, 4.475777889183789793E-16, -3.309499999999999886 ) ) ;
#1644 =( LENGTH_UNIT ( ) NAMED_UNIT ( * ) SI_UNIT ( .MILLI., .METRE. ) );
#1645 = AXIS2_PLACEMENT_3D ( 'NONE', #6391, #708, #786 ) ;
#1646 = ADVANCED_FACE ( 'NONE', ( #870 ), #7572, .T. ) ;
#1647 = ORIENTED_EDGE ( 'NONE', *, *, #4895, .T. ) ;
#1648 = LINE ( 'NONE', #4867, #7698 ) ;
#1649 = DIRECTION ( 'NONE',  ( -0.000000000000000000, 0.000000000000000000, 1.000000000000000000 ) ) ;
#1650 = ORIENTED_EDGE ( 'NONE', *, *, #7406, .F. ) ;
#1651 = DIRECTION ( 'NONE',  ( 0.000000000000000000, -1.000000000000000000, 0.000000000000000000 ) ) ;
#1652 = DIRECTION ( 'NONE',  ( 1.000000000000000000, 0.000000000000000000, 0.000000000000000000 ) ) ;
#1653 = CARTESIAN_POINT ( 'NONE',  ( 28.12499999999999645, -32.50000000000000000, -120.0000000000000000 ) ) ;
#1654 = CARTESIAN_POINT ( 'NONE',  ( 3.750000000000003997, 4.750000000000000000, 7.500000000000000000 ) ) ;
#1655 = EDGE_CURVE ( 'NONE', #4822, #4067, #5861, .T. ) ;
#1656 = ORIENTED_EDGE ( 'NONE', *, *, #3455, .T. ) ;
#1657 = EDGE_CURVE ( 'NONE', #2022, #5930, #6723, .T. ) ;
#1658 = ADVANCED_FACE ( 'NONE', ( #4520 ), #7004, .F. ) ;
#1659 = AXIS2_PLACEMENT_3D ( 'NONE', #5050, #85, #7009 ) ;
#1660 = DIRECTION ( 'NONE',  ( -0.000000000000000000, -0.000000000000000000, 1.000000000000000000 ) ) ;
#1661 = DIRECTION ( 'NONE',  ( -1.000000000000000000, 0.000000000000000000, 0.000000000000000000 ) ) ;
#1662 = ADVANCED_FACE ( 'NONE', ( #5290 ), #3440, .F. ) ;
#1663 = DIRECTION ( 'NONE',  ( -2.407412430484044543E-32, 1.734723475976806848E-16, 1.000000000000000000 ) ) ;
#1664 = ORIENTED_EDGE ( 'NONE', *, *, #3578, .F. ) ;
#1665 = CARTESIAN_POINT ( 'NONE',  ( 30.00000000000000000, 32.50000000000000000, -123.0000000000000000 ) ) ;
#1666 = ADVANCED_FACE ( 'NONE', ( #4759, #2872 ), #404, .T. ) ;
#1667 = CIRCLE ( 'NONE', #6218, 7.499999999999992895 ) ;
#1668 = EDGE_CURVE ( 'NONE', #4179, #3840, #4674, .T. ) ;
#1669 = AXIS2_PLACEMENT_3D ( 'NONE', #4497, #1351, #1960 ) ;
#1670 = DIRECTION ( 'NONE',  ( -1.000000000000000000, -0.000000000000000000, -0.000000000000000000 ) ) ;
#1671 = CYLINDRICAL_SURFACE ( 'NONE', #3045, 6.499999999999999112 ) ;
#1672 = ORIENTED_EDGE ( 'NONE', *, *, #7447, .F. ) ;
#1673 = FACE_OUTER_BOUND ( 'NONE', #4435, .T. ) ;
#1674 = CARTESIAN_POINT ( 'NONE',  ( 19.30950000000002120, 0.000000000000000000, 0.000000000000000000 ) ) ;
#1675 = CARTESIAN_POINT ( 'NONE',  ( 6.750000000000001776, 0.000000000000000000, -7.500000000000000000 ) ) ;
#1676 = EDGE_CURVE ( 'NONE', #6430, #1240, #1070, .T. ) ;
#1677 = CARTESIAN_POINT ( 'NONE',  ( 30.00000000000000000, 32.50000000000000000, -130.0000000000000000 ) ) ;
#1678 = ORIENTED_EDGE ( 'NONE', *, *, #7172, .F. ) ;
#1679 = ORIENTED_EDGE ( 'NONE', *, *, #4542, .T. ) ;
#1680 = CARTESIAN_POINT ( 'NONE',  ( 45.00000000000000711, 39.99999999999999289, -8.500000000000000000 ) ) ;
#1681 = ORIENTED_EDGE ( 'NONE', *, *, #4904, .T. ) ;
#1682 = ORIENTED_EDGE ( 'NONE', *, *, #4325, .T. ) ;
#1683 = CARTESIAN_POINT ( 'NONE',  ( 4.000000000000000000, 3.518949890710767470, -4.553649124439118623E-15 ) ) ;
#1684 = AXIS2_PLACEMENT_3D ( 'NONE', #2421, #2456, #4800 ) ;
#1685 = EDGE_LOOP ( 'NONE', ( #6695, #3813, #3751, #5938 ) ) ;
#1686 = CARTESIAN_POINT ( 'NONE',  ( -19.00000000000000000, 2.326828918379970970E-15, -130.0000000000000000 ) ) ;
#1687 = CARTESIAN_POINT ( 'NONE',  ( 0.000000000000000000, 0.000000000000000000, -135.0000000000000000 ) ) ;
#1688 = CARTESIAN_POINT ( 'NONE',  ( 28.12500000000001066, 32.50000000000000000, -120.0000000000000000 ) ) ;
#1689 = ORIENTED_EDGE ( 'NONE', *, *, #7762, .F. ) ;
#1690 = DIRECTION ( 'NONE',  ( -0.000000000000000000, -0.000000000000000000, 1.000000000000000000 ) ) ;
#1691 = FACE_OUTER_BOUND ( 'NONE', #4692, .T. ) ;
#1692 = DIRECTION ( 'NONE',  ( -9.251858538542963939E-16, 1.000000000000000000, 0.000000000000000000 ) ) ;
#1693 = CYLINDRICAL_SURFACE ( 'NONE', #5075, 1.000000000000000000 ) ;
#1694 = ORIENTED_EDGE ( 'NONE', *, *, #5888, .F. ) ;
#1695 = CARTESIAN_POINT ( 'NONE',  ( 0.000000000000000000, 0.000000000000000000, -130.0000000000000000 ) ) ;
#1696 = EDGE_CURVE ( 'NONE', #7352, #3108, #1917, .T. ) ;
#1697 = LINE ( 'NONE', #4148, #6323 ) ;
#1698 = CARTESIAN_POINT ( 'NONE',  ( 25.00000000000000711, 40.00000000000000711, 24.99999999999999289 ) ) ;
#1699 = ORIENTED_EDGE ( 'NONE', *, *, #2122, .T. ) ;
#1700 = DIRECTION ( 'NONE',  ( 1.734723475976806848E-16, -1.000000000000000000, 0.000000000000000000 ) ) ;
#1701 = VECTOR ( 'NONE', #5884, 1000.000000000000000 ) ;
#1702 = EDGE_CURVE ( 'NONE', #2945, #2689, #2501, .T. ) ;
#1703 = AXIS2_PLACEMENT_3D ( 'NONE', #7424, #7590, #3790 ) ;
#1704 = CARTESIAN_POINT ( 'NONE',  ( -40.00000000000000000, -15.00000000000000000, 7.500000000000000000 ) ) ;
#1705 = EDGE_CURVE ( 'NONE', #5874, #2401, #2305, .T. ) ;
#1706 = VERTEX_POINT ( 'NONE', #2181 ) ;
#1707 = DIRECTION ( 'NONE',  ( -0.000000000000000000, -0.000000000000000000, 1.000000000000000000 ) ) ;
#1708 = CARTESIAN_POINT ( 'NONE',  ( -25.00000000000000711, -40.00000000000000711, -15.00000000000001421 ) ) ;
#1709 = CARTESIAN_POINT ( 'NONE',  ( 0.2500000000000019984, 10.00000000000000000, -7.249999999999999112 ) ) ;
#1710 = AXIS2_PLACEMENT_3D ( 'NONE', #462, #964, #7914 ) ;
#1711 = FACE_OUTER_BOUND ( 'NONE', #1428, .T. ) ;
#1712 = ORIENTED_EDGE ( 'NONE', *, *, #2598, .T. ) ;
#1713 = VERTEX_POINT ( 'NONE', #4101 ) ;
#1714 = PLANE ( 'NONE',  #4697 ) ;
#1715 = CARTESIAN_POINT ( 'NONE',  ( 39.99999999999998579, -15.00000000000000000, -8.500000000000000000 ) ) ;
#1716 = ORIENTED_EDGE ( 'NONE', *, *, #8031, .T. ) ;
#1717 = EDGE_LOOP ( 'NONE', ( #4609, #5858, #7659, #1459 ) ) ;
#1718 = DIRECTION ( 'NONE',  ( 0.000000000000000000, 0.000000000000000000, 1.000000000000000000 ) ) ;
#1719 = EDGE_CURVE ( 'NONE', #1863, #7679, #7286, .T. ) ;
#1720 = VECTOR ( 'NONE', #2699, 1000.000000000000114 ) ;
#1721 = AXIS2_PLACEMENT_3D ( 'NONE', #1552, #936, #5318 ) ;
#1722 = ORIENTED_EDGE ( 'NONE', *, *, #2550, .F. ) ;
#1723 = EDGE_CURVE ( 'NONE', #5743, #7963, #2242, .T. ) ;
#1724 = CARTESIAN_POINT ( 'NONE',  ( -32.50000000000000711, -32.50000000000000000, -120.0000000000000000 ) ) ;
#1725 = DIRECTION ( 'NONE',  ( -8.673617379884034239E-17, 1.000000000000000000, 0.000000000000000000 ) ) ;
#1726 = ORIENTED_EDGE ( 'NONE', *, *, #4117, .T. ) ;
#1727 = DIRECTION ( 'NONE',  ( 1.000000000000000000, 0.000000000000000000, 0.000000000000000000 ) ) ;
#1728 = AXIS2_PLACEMENT_3D ( 'NONE', #5896, #2831, #7818 ) ;
#1729 = FACE_OUTER_BOUND ( 'NONE', #7109, .T. ) ;
#1730 = PLANE ( 'NONE',  #5903 ) ;
#1731 = FACE_OUTER_BOUND ( 'NONE', #923, .T. ) ;
#1732 = ORIENTED_EDGE ( 'NONE', *, *, #6928, .T. ) ;
#1733 = CARTESIAN_POINT ( 'NONE',  ( -38.00000000000000711, 39.99999999999999289, -120.0000000000000000 ) ) ;
#1734 = DIRECTION ( 'NONE',  ( 1.000000000000000000, 0.000000000000000000, 0.000000000000000000 ) ) ;
#1735 = DIRECTION ( 'NONE',  ( -1.734723475976807094E-16, 1.000000000000000000, 0.000000000000000000 ) ) ;
#1736 = ADVANCED_FACE ( 'NONE', ( #6545 ), #6509, .F. ) ;
#1737 = CARTESIAN_POINT ( 'NONE',  ( -25.00000000000000711, 40.00000000000000711, -120.0000000000000000 ) ) ;
#1738 = CONTEXT_DEPENDENT_SHAPE_REPRESENTATION ( #7116, #5675 ) ;
#1739 = SURFACE_STYLE_FILL_AREA ( #1627 ) ;
#1740 = AXIS2_PLACEMENT_3D ( 'NONE', #7557, #3178, #731 ) ;
#1741 = CARTESIAN_POINT ( 'NONE',  ( 4.000000000000000000, 3.518949890710767470, -4.553649124439118623E-15 ) ) ;
#1742 = ORIENTED_EDGE ( 'NONE', *, *, #6492, .T. ) ;
#1743 = CARTESIAN_POINT ( 'NONE',  ( 2.500000000000000000, 2.357898499370432166, -1.951563910473907981E-15 ) ) ;
#1744 = LINE ( 'NONE', #1675, #6573 ) ;
#1745 = VECTOR ( 'NONE', #722, 1000.000000000000000 ) ;
#1746 = VECTOR ( 'NONE', #7915, 1000.000000000000000 ) ;
#1747 = AXIS2_PLACEMENT_3D ( 'NONE', #843, #5261, #1575 ) ;
#1748 = PRODUCT_DEFINITION_SHAPE ( 'NONE', 'NONE',  #7225 ) ;
#1749 =( GEOMETRIC_REPRESENTATION_CONTEXT ( 3 ) GLOBAL_UNCERTAINTY_ASSIGNED_CONTEXT ( ( #1431 ) ) GLOBAL_UNIT_ASSIGNED_CONTEXT ( ( #934, #3010, #2365 ) ) REPRESENTATION_CONTEXT ( 'NONE', 'WORKASPACE' ) );
#1750 = EDGE_CURVE ( 'NONE', #2401, #2512, #1342, .T. ) ;
#1751 = AXIS2_PLACEMENT_3D ( 'NONE', #1494, #1534, #4025 ) ;
#1752 = EDGE_LOOP ( 'NONE', ( #4172, #2229, #139, #316 ) ) ;
#1753 = ORIENTED_EDGE ( 'NONE', *, *, #2358, .T. ) ;
#1754 = DIRECTION ( 'NONE',  ( 0.000000000000000000, 0.000000000000000000, -1.000000000000000000 ) ) ;
#1755 = FACE_OUTER_BOUND ( 'NONE', #6240, .T. ) ;
#1756 = VERTEX_POINT ( 'NONE', #243 ) ;
#1757 = ORIENTED_EDGE ( 'NONE', *, *, #7639, .T. ) ;
#1758 = VECTOR ( 'NONE', #1200, 1000.000000000000000 ) ;
#1759 = LINE ( 'NONE', #5592, #3300 ) ;
#1760 = FILL_AREA_STYLE ('',( #7394 ) ) ;
#1761 = EDGE_CURVE ( 'NONE', #4210, #2904, #6946, .T. ) ;
#1762 = VECTOR ( 'NONE', #2917, 1000.000000000000000 ) ;
#1763 = ADVANCED_FACE ( 'NONE', ( #4018 ), #3401, .F. ) ;
#1764 = EDGE_CURVE ( 'NONE', #7709, #4906, #8, .T. ) ;
#1765 = VERTEX_POINT ( 'NONE', #3482 ) ;
#1766 = EDGE_CURVE ( 'NONE', #5002, #4420, #4856, .T. ) ;
#1767 = LINE ( 'NONE', #4257, #8092 ) ;
#1768 = CYLINDRICAL_SURFACE ( 'NONE', #3565, 2.500000000000000444 ) ;
#1769 = VECTOR ( 'NONE', #2424, 1000.000000000000000 ) ;
#1770 = EDGE_LOOP ( 'NONE', ( #6355, #7165, #5841, #6081, #2467 ) ) ;
#1771 = CARTESIAN_POINT ( 'NONE',  ( -2.999999999999994671, 6.000000000000000000, -142.0000000000000284 ) ) ;
#1772 = CARTESIAN_POINT ( 'NONE',  ( 0.2500000000000019984, -9.000000000000003553, 7.500000000000000000 ) ) ;
#1773 = DIRECTION ( 'NONE',  ( 0.000000000000000000, -1.000000000000000000, 0.000000000000000000 ) ) ;
#1774 = CARTESIAN_POINT ( 'NONE',  ( 40.00000000000000711, 25.00000000000000000, -120.0000000000000000 ) ) ;
#1775 = ORIENTED_EDGE ( 'NONE', *, *, #7040, .F. ) ;
#1776 = CARTESIAN_POINT ( 'NONE',  ( -32.50000000000000711, -32.50000000000000000, -120.0000000000000000 ) ) ;
#1777 = FACE_OUTER_BOUND ( 'NONE', #7069, .T. ) ;
#1778 = LINE ( 'NONE', #4842, #2284 ) ;
#1779 = CARTESIAN_POINT ( 'NONE',  ( 3.750000000000002665, -9.000000000000001776, 7.249999999999999112 ) ) ;
#1780 = AXIS2_PLACEMENT_3D ( 'NONE', #4126, #1052, #3542 ) ;
#1781 = PRODUCT_DEFINITION ( 'UNKNOWN', '', #4818, #6987 ) ;
#1782 = DIRECTION ( 'NONE',  ( 0.000000000000000000, 0.000000000000000000, -1.000000000000000000 ) ) ;
#1783 = DIRECTION ( 'NONE',  ( 1.000000000000000000, 0.000000000000000000, 0.000000000000000000 ) ) ;
#1784 = CIRCLE ( 'NONE', #604, 38.46194077712559789 ) ;
#1785 = ORIENTED_EDGE ( 'NONE', *, *, #7502, .F. ) ;
#1786 = CARTESIAN_POINT ( 'NONE',  ( -35.00000000000000000, 32.50000000000000000, -130.0000000000000000 ) ) ;
#1787 = CARTESIAN_POINT ( 'NONE',  ( 7.000000000000001776, 5.000000000000000000, 7.500000000000000000 ) ) ;
#1788 = DIRECTION ( 'NONE',  ( 0.000000000000000000, 0.000000000000000000, -1.000000000000000000 ) ) ;
#1789 = AXIS2_PLACEMENT_3D ( 'NONE', #2669, #658, #702 ) ;
#1790 = ORIENTED_EDGE ( 'NONE', *, *, #2100, .F. ) ;
#1791 = ORIENTED_EDGE ( 'NONE', *, *, #1655, .F. ) ;
#1792 = CARTESIAN_POINT ( 'NONE',  ( 4.000000000000001776, 10.00000000000000000, -7.249999999999999112 ) ) ;
#1793 = ADVANCED_FACE ( 'NONE', ( #987 ), #7725, .F. ) ;
#1794 = FACE_OUTER_BOUND ( 'NONE', #1826, .T. ) ;
#1795 = ORIENTED_EDGE ( 'NONE', *, *, #653, .T. ) ;
#1796 = ORIENTED_EDGE ( 'NONE', *, *, #1614, .F. ) ;
#1797 = CARTESIAN_POINT ( 'NONE',  ( 27.48053287425020841, 26.92730318665038070, -120.0000000000000000 ) ) ;
#1798 =( NAMED_UNIT ( * ) PLANE_ANGLE_UNIT ( ) SI_UNIT ( $, .RADIAN. ) );
#1799 = AXIS2_PLACEMENT_3D ( 'NONE', #6242, #5633, #4077 ) ;
#1800 = ORIENTED_EDGE ( 'NONE', *, *, #2704, .F. ) ;
#1801 = CARTESIAN_POINT ( 'NONE',  ( 30.00000000000001776, 32.50000000000000711, -8.500000000000000000 ) ) ;
#1802 = LINE ( 'NONE', #2335, #288 ) ;
#1803 = ORIENTED_EDGE ( 'NONE', *, *, #5302, .F. ) ;
#1804 = CARTESIAN_POINT ( 'NONE',  ( -40.00000000000000711, -40.00000000000000711, -120.0000000000000000 ) ) ;
#1805 = DIRECTION ( 'NONE',  ( 0.000000000000000000, -1.000000000000000000, 0.000000000000000000 ) ) ;
#1806 = DIRECTION ( 'NONE',  ( 1.000000000000000000, -0.000000000000000000, 0.000000000000000000 ) ) ;
#1807 = DIRECTION ( 'NONE',  ( -0.000000000000000000, -0.000000000000000000, 1.000000000000000000 ) ) ;
#1808 = EDGE_CURVE ( 'NONE', #2438, #4827, #3541, .T. ) ;
#1809 = AXIS2_PLACEMENT_3D ( 'NONE', #6295, #28, #5167 ) ;
#1810 = ORIENTED_EDGE ( 'NONE', *, *, #5459, .T. ) ;
#1811 = DIRECTION ( 'NONE',  ( 1.000000000000000000, 0.000000000000000000, 0.000000000000000000 ) ) ;
#1812 = DIRECTION ( 'NONE',  ( -1.000000000000000000, 0.000000000000000000, -0.000000000000000000 ) ) ;
#1813 = PLANE ( 'NONE',  #6848 ) ;
#1814 = CARTESIAN_POINT ( 'NONE',  ( 7.000000000000001776, -4.750000000000000000, 7.500000000000000000 ) ) ;
#1815 = FACE_OUTER_BOUND ( 'NONE', #2745, .T. ) ;
#1816 = EDGE_CURVE ( 'NONE', #3222, #2983, #525, .T. ) ;
#1817 = CARTESIAN_POINT ( 'NONE',  ( 3.000000000000000444, 8.129089125005661387, -171.3391326912085049 ) ) ;
#1818 = LINE ( 'NONE', #2470, #7879 ) ;
#1819 = ORIENTED_EDGE ( 'NONE', *, *, #7904, .F. ) ;
#1820 = CARTESIAN_POINT ( 'NONE',  ( 0.000000000000000000, 0.000000000000000000, -7.500000000000000000 ) ) ;
#1821 = LINE ( 'NONE', #4816, #1612 ) ;
#1822 = AXIS2_PLACEMENT_3D ( 'NONE', #3509, #387, #4209 ) ;
#1823 = CARTESIAN_POINT ( 'NONE',  ( 5.000000000000002665, 0.000000000000000000, -2.700000000000000622 ) ) ;
#1824 = CIRCLE ( 'NONE', #4959, 2.500000000000009326 ) ;
#1825 = ORIENTED_EDGE ( 'NONE', *, *, #1000, .T. ) ;
#1826 = EDGE_LOOP ( 'NONE', ( #2325, #6959, #6270, #6395 ) ) ;
#1827 = CARTESIAN_POINT ( 'NONE',  ( 7.000000000000001776, 0.000000000000000000, 0.000000000000000000 ) ) ;
#1828 = LINE ( 'NONE', #6813, #7241 ) ;
#1829 = ORIENTED_EDGE ( 'NONE', *, *, #6478, .T. ) ;
#1830 = ORIENTED_EDGE ( 'NONE', *, *, #5240, .F. ) ;
#1831 = LINE ( 'NONE', #3721, #5000 ) ;
#1832 = CARTESIAN_POINT ( 'NONE',  ( 3.000000000000000444, 9.539392014169454370, -172.0000000000000000 ) ) ;
#1833 = AXIS2_PLACEMENT_3D ( 'NONE', #4356, #537, #4396 ) ;
#1834 =( REPRESENTATION_RELATIONSHIP ('NONE','NONE', #4940, #5518 ) REPRESENTATION_RELATIONSHIP_WITH_TRANSFORMATION ( #4846 )SHAPE_REPRESENTATION_RELATIONSHIP( ) );
#1835 = ORIENTED_EDGE ( 'NONE', *, *, #961, .T. ) ;
#1836 = LINE ( 'NONE', #606, #2604 ) ;
#1837 = DIRECTION ( 'NONE',  ( 1.000000000000000000, 0.000000000000000000, 0.000000000000000000 ) ) ;
#1838 = ORIENTED_EDGE ( 'NONE', *, *, #5758, .T. ) ;
#1839 = DIRECTION ( 'NONE',  ( 1.000000000000000000, 0.000000000000000000, 0.000000000000000000 ) ) ;
#1840 = DIRECTION ( 'NONE',  ( 1.000000000000000000, 0.000000000000000000, 0.000000000000000000 ) ) ;
#1841 = DIRECTION ( 'NONE',  ( 0.000000000000000000, 0.000000000000000000, -1.000000000000000000 ) ) ;
#1842 = LINE ( 'NONE', #2908, #689 ) ;
#1843 = ADVANCED_FACE ( 'NONE', ( #2420 ), #6679, .T. ) ;
#1844 = CIRCLE ( 'NONE', #397, 3.999999999999996447 ) ;
#1845 = ORIENTED_EDGE ( 'NONE', *, *, #6852, .T. ) ;
#1846 = EDGE_CURVE ( 'NONE', #1578, #1568, #3151, .T. ) ;
#1847 = CARTESIAN_POINT ( 'NONE',  ( -15.00000000000000000, 2.499999999999995559, 3.000000000000004441 ) ) ;
#1848 = CIRCLE ( 'NONE', #6286, 4.400000000000002132 ) ;
#1849 = EDGE_CURVE ( 'NONE', #2336, #7633, #2379, .T. ) ;
#1850 = AXIS2_PLACEMENT_3D ( 'NONE', #7030, #6384, #776 ) ;
#1851 = ORIENTED_EDGE ( 'NONE', *, *, #4934, .T. ) ;
#1852 = CARTESIAN_POINT ( 'NONE',  ( -39.99999999999999289, -38.00000000000000711, -130.0000000000000000 ) ) ;
#1853 = DIRECTION ( 'NONE',  ( -0.000000000000000000, -0.000000000000000000, 1.000000000000000000 ) ) ;
#1854 = DIRECTION ( 'NONE',  ( 1.000000000000000000, 0.000000000000000000, 0.000000000000000000 ) ) ;
#1855 = EDGE_CURVE ( 'NONE', #789, #5738, #7404, .T. ) ;
#1856 = ADVANCED_FACE ( 'NONE', ( #7439 ), #1895, .F. ) ;
#1857 = ORIENTED_EDGE ( 'NONE', *, *, #7292, .F. ) ;
#1858 = EDGE_CURVE ( 'NONE', #1140, #2491, #1848, .T. ) ;
#1859 = DIRECTION ( 'NONE',  ( 1.000000000000000000, 0.000000000000000000, 0.000000000000000000 ) ) ;
#1860 = EDGE_CURVE ( 'NONE', #1551, #2630, #1068, .T. ) ;
#1861 = CARTESIAN_POINT ( 'NONE',  ( -32.50000000000000000, 25.00000000000000711, -115.0000000000000142 ) ) ;
#1862 = DIRECTION ( 'NONE',  ( -1.000000000000000000, 9.251858538542963939E-16, -1.845682863371099566E-31 ) ) ;
#1863 = VERTEX_POINT ( 'NONE', #2339 ) ;
#1864 = CARTESIAN_POINT ( 'NONE',  ( 3.896446609406730488, -4.896446609406726047, 7.500000000000000000 ) ) ;
#1865 = CARTESIAN_POINT ( 'NONE',  ( -54.99999999999998579, -40.00000000000000711, 7.500000000000000000 ) ) ;
#1866 = PLANE ( 'NONE',  #831 ) ;
#1867 = EDGE_CURVE ( 'NONE', #7999, #225, #7337, .T. ) ;
#1868 = TOROIDAL_SURFACE ( 'NONE', #4997, 15.00000000000000000, 5.000000000000000000 ) ;
#1869 = AXIS2_PLACEMENT_3D ( 'NONE', #1007, #6147, #3622 ) ;
#1870 = AXIS2_PLACEMENT_3D ( 'NONE', #2322, #3624, #5548 ) ;
#1871 = VERTEX_POINT ( 'NONE', #5447 ) ;
#1872 = ORIENTED_EDGE ( 'NONE', *, *, #6186, .T. ) ;
#1873 = CARTESIAN_POINT ( 'NONE',  ( -6.938893903907228378E-15, -1.387778780781445676E-14, 0.5000000000000004441 ) ) ;
#1874 = VECTOR ( 'NONE', #692, 1000.000000000000000 ) ;
#1875 = DIRECTION ( 'NONE',  ( -0.000000000000000000, -0.000000000000000000, 1.000000000000000000 ) ) ;
#1876 = ORIENTED_EDGE ( 'NONE', *, *, #6760, .F. ) ;
#1877 = EDGE_LOOP ( 'NONE', ( #6667, #6754 ) ) ;
#1878 = DIRECTION ( 'NONE',  ( 1.000000000000000000, 0.000000000000000000, 0.000000000000000000 ) ) ;
#1879 = VECTOR ( 'NONE', #1319, 1000.000000000000000 ) ;
#1880 = CARTESIAN_POINT ( 'NONE',  ( 25.00000000000000000, 0.000000000000000000, 2.055000000000000160 ) ) ;
#1881 = VECTOR ( 'NONE', #1496, 1000.000000000000000 ) ;
#1882 = SURFACE_SIDE_STYLE ('',( #190 ) ) ;
#1883 = AXIS2_PLACEMENT_3D ( 'NONE', #4893, #6935, #3166 ) ;
#1884 = AXIS2_PLACEMENT_3D ( 'NONE', #5073, #4461, #1357 ) ;
#1885 = ORIENTED_EDGE ( 'NONE', *, *, #1605, .F. ) ;
#1886 = VECTOR ( 'NONE', #6931, 1000.000000000000114 ) ;
#1887 = EDGE_CURVE ( 'NONE', #5303, #1871, #6829, .T. ) ;
#1888 = VECTOR ( 'NONE', #5898, 1000.000000000000000 ) ;
#1889 = DIRECTION ( 'NONE',  ( -1.000000000000000000, 9.251858538542963939E-16, 0.000000000000000000 ) ) ;
#1890 = PRODUCT_DEFINITION_SHAPE ( 'NONE', 'NONE',  #8099 ) ;
#1891 = DIRECTION ( 'NONE',  ( -0.000000000000000000, -0.000000000000000000, 1.000000000000000000 ) ) ;
#1892 = ORIENTED_EDGE ( 'NONE', *, *, #80, .T. ) ;
#1893 = CARTESIAN_POINT ( 'NONE',  ( -35.00000000000000711, 33.51954211927168359, 30.00000000000000000 ) ) ;
#1894 = CARTESIAN_POINT ( 'NONE',  ( 3.000000000000002220, -10.00000000000000000, -7.249999999999999112 ) ) ;
#1895 = PLANE ( 'NONE',  #3941 ) ;
#1896 = DIRECTION ( 'NONE',  ( -1.000000000000000000, 0.000000000000000000, -0.000000000000000000 ) ) ;
#1897 = CIRCLE ( 'NONE', #7895, 6.499999999999999112 ) ;
#1898 = EDGE_LOOP ( 'NONE', ( #1262, #4729, #5545, #4787 ) ) ;
#1899 = CARTESIAN_POINT ( 'NONE',  ( 1.000000000000001998, -10.00000000000000000, -7.249999999999999112 ) ) ;
#1900 = SHAPE_REPRESENTATION_RELATIONSHIP ( 'NONE' , 'NONE' ,  #4116, #4010 ) ;
#1901 = ORIENTED_EDGE ( 'NONE', *, *, #3157, .T. ) ;
#1902 = FACE_BOUND ( 'NONE', #8035, .T. ) ;
#1903 = EDGE_CURVE ( 'NONE', #2060, #7508, #6421, .T. ) ;
#1904 = CARTESIAN_POINT ( 'NONE',  ( 35.00000000000001421, 32.50000000000000000, -123.0000000000000000 ) ) ;
#1905 = CARTESIAN_POINT ( 'NONE',  ( -25.00000000000000711, -40.00000000000000711, -120.0000000000000000 ) ) ;
#1906 = VERTEX_POINT ( 'NONE', #4835 ) ;
#1907 = DIRECTION ( 'NONE',  ( 0.000000000000000000, -0.000000000000000000, -1.000000000000000000 ) ) ;
#1908 = EDGE_CURVE ( 'NONE', #5971, #2660, #1461, .T. ) ;
#1909 = CARTESIAN_POINT ( 'NONE',  ( 35.00000000000000711, 33.51954211927168359, -120.0000000000000000 ) ) ;
#1910 = ADVANCED_FACE ( 'NONE', ( #7325 ), #1730, .F. ) ;
#1911 = CARTESIAN_POINT ( 'NONE',  ( -40.00000000000000711, -25.00000000000000000, -15.00000000000001421 ) ) ;
#1912 = EDGE_LOOP ( 'NONE', ( #5182, #4932, #7541, #5959, #5798, #6989, #7697, #7020, #3977, #109, #7003, #862 ) ) ;
#1913 = CARTESIAN_POINT ( 'NONE',  ( 3.750000000000003997, -4.750000000000000000, 7.500000000000000000 ) ) ;
#1914 = CARTESIAN_POINT ( 'NONE',  ( -46.50000000000001421, 15.00000000000000000, 7.500000000000000000 ) ) ;
#1915 = LINE ( 'NONE', #7626, #2528 ) ;
#1916 = EDGE_CURVE ( 'NONE', #792, #2174, #5484, .T. ) ;
#1917 =( BOUNDED_CURVE ( )  B_SPLINE_CURVE ( 3, ( #6020, #907, #7732, #7778 ),
 .UNSPECIFIED., .F., .F. ) 
 B_SPLINE_CURVE_WITH_KNOTS ( ( 4, 4 ),
 ( 3.141592653589793116, 4.712388980384689674 ),
 .UNSPECIFIED. ) 
 CURVE ( )  GEOMETRIC_REPRESENTATION_ITEM ( )  RATIONAL_B_SPLINE_CURVE ( ( 1.000000000000000000, 0.8047378541243649375, 0.8047378541243649375, 1.000000000000000000 ) ) 
 REPRESENTATION_ITEM ( '' )  );
#1918 = ORIENTED_EDGE ( 'NONE', *, *, #4340, .T. ) ;
#1919 = ORIENTED_EDGE ( 'NONE', *, *, #7781, .T. ) ;
#1920 = LINE ( 'NONE', #4449, #1441 ) ;
#1921 = DIRECTION ( 'NONE',  ( 1.000000000000000000, 0.000000000000000000, 0.000000000000000000 ) ) ;
#1922 = ORIENTED_EDGE ( 'NONE', *, *, #6799, .F. ) ;
#1923 = ORIENTED_EDGE ( 'NONE', *, *, #7050, .F. ) ;
#1924 = CARTESIAN_POINT ( 'NONE',  ( -40.00000000000000000, -15.00000000000000000, 7.500000000000000000 ) ) ;
#1925 = EDGE_CURVE ( 'NONE', #6430, #892, #5508, .T. ) ;
#1926 = UNCERTAINTY_MEASURE_WITH_UNIT (LENGTH_MEASURE( 1.000000000000000082E-05 ), #3219, 'distance_accuracy_value', 'NONE');
#1927 = CIRCLE ( 'NONE', #1789, 2.000000000000001776 ) ;
#1928 = ORIENTED_EDGE ( 'NONE', *, *, #1259, .F. ) ;
#1929 = CARTESIAN_POINT ( 'NONE',  ( 4.000000000000000000, 0.000000000000000000, 0.000000000000000000 ) ) ;
#1930 = CARTESIAN_POINT ( 'NONE',  ( 0.000000000000000000, 0.000000000000000000, -172.0000000000000000 ) ) ;
#1931 = ORIENTED_EDGE ( 'NONE', *, *, #5166, .F. ) ;
#1932 = DIRECTION ( 'NONE',  ( 1.000000000000000000, 0.000000000000000000, 0.000000000000000000 ) ) ;
#1933 = AXIS2_PLACEMENT_3D ( 'NONE', #5185, #7667, #1455 ) ;
#1934 = DIRECTION ( 'NONE',  ( 1.000000000000000000, 0.000000000000000000, 0.000000000000000000 ) ) ;
#1935 = PLANE ( 'NONE',  #5504 ) ;
#1936 = FACE_OUTER_BOUND ( 'NONE', #279, .T. ) ;
#1937 = EDGE_LOOP ( 'NONE', ( #1135, #3354, #605, #4283 ) ) ;
#1938 = DIRECTION ( 'NONE',  ( -0.000000000000000000, -0.000000000000000000, 1.000000000000000000 ) ) ;
#1939 = EDGE_LOOP ( 'NONE', ( #7710, #4529, #7353, #6329 ) ) ;
#1940 = CARTESIAN_POINT ( 'NONE',  ( -25.00000000000000711, 40.00000000000000711, -120.0000000000000000 ) ) ;
#1941 = CARTESIAN_POINT ( 'NONE',  ( 40.00000000000000711, 25.00000000000000000, -120.0000000000000000 ) ) ;
#1942 = CARTESIAN_POINT ( 'NONE',  ( 32.50000000000000711, 32.50000000000000000, 0.000000000000000000 ) ) ;
#1943 = ORIENTED_EDGE ( 'NONE', *, *, #6200, .T. ) ;
#1944 = EDGE_CURVE ( 'NONE', #240, #7981, #7597, .T. ) ;
#1945 = CARTESIAN_POINT ( 'NONE',  ( 2.500000000000004441, 0.000000000000000000, 0.000000000000000000 ) ) ;
#1946 = LINE ( 'NONE', #3161, #3898 ) ;
#1947 = CARTESIAN_POINT ( 'NONE',  ( 35.00000000000000000, 32.50000000000000711, 7.500000000000000000 ) ) ;
#1948 = ORIENTED_EDGE ( 'NONE', *, *, #3160, .T. ) ;
#1949 = PLANE ( 'NONE',  #6050 ) ;
#1950 = DIRECTION ( 'NONE',  ( -1.000000000000000000, 0.000000000000000000, 0.000000000000000000 ) ) ;
#1951 = LINE ( 'NONE', #5059, #3179 ) ;
#1952 = EDGE_CURVE ( 'NONE', #6445, #202, #6169, .T. ) ;
#1953 = VERTEX_POINT ( 'NONE', #7066 ) ;
#1954 = ORIENTED_EDGE ( 'NONE', *, *, #2619, .T. ) ;
#1955 = CARTESIAN_POINT ( 'NONE',  ( 8.399999999999998579, 0.000000000000000000, 0.000000000000000000 ) ) ;
#1956 = AXIS2_PLACEMENT_3D ( 'NONE', #1724, #7362, #5520 ) ;
#1957 = FACE_OUTER_BOUND ( 'NONE', #5569, .T. ) ;
#1958 = VERTEX_POINT ( 'NONE', #1971 ) ;
#1959 = VERTEX_POINT ( 'NONE', #4510 ) ;
#1960 = DIRECTION ( 'NONE',  ( 1.000000000000000000, 0.000000000000000000, -1.879283765641541183E-16 ) ) ;
#1961 = FILL_AREA_STYLE ('',( #1272 ) ) ;
#1962 = VECTOR ( 'NONE', #498, 1000.000000000000000 ) ;
#1963 = ORIENTED_EDGE ( 'NONE', *, *, #1952, .F. ) ;
#1964 = ADVANCED_FACE ( 'NONE', ( #3804 ), #1400, .T. ) ;
#1965 = CARTESIAN_POINT ( 'NONE',  ( -32.50000000000000711, -32.50000000000000000, -120.0000000000000000 ) ) ;
#1966 = EDGE_CURVE ( 'NONE', #458, #5370, #4424, .T. ) ;
#1967 = CYLINDRICAL_SURFACE ( 'NONE', #7224, 4.375000000000003553 ) ;
#1968 = ORIENTED_EDGE ( 'NONE', *, *, #2110, .F. ) ;
#1969 = AXIS2_PLACEMENT_3D ( 'NONE', #6313, #5578, #6228 ) ;
#1970 = CARTESIAN_POINT ( 'NONE',  ( 6.750000000000001776, 5.000000000000000000, -7.249999999999999112 ) ) ;
#1971 = CARTESIAN_POINT ( 'NONE',  ( 43.99999999999998579, -15.00000000000000000, -0.5000000000000004441 ) ) ;
#1972 = DIRECTION ( 'NONE',  ( 1.000000000000000000, 0.000000000000000000, 0.000000000000000000 ) ) ;
#1973 = ADVANCED_FACE ( 'NONE', ( #3886, #2700 ), #1935, .T. ) ;
#1974 = ORIENTED_EDGE ( 'NONE', *, *, #6512, .F. ) ;
#1975 = VECTOR ( 'NONE', #570, 1000.000000000000000 ) ;
#1976 = LINE ( 'NONE', #5776, #5443 ) ;
#1977 = ORIENTED_EDGE ( 'NONE', *, *, #5638, .F. ) ;
#1978 = DIRECTION ( 'NONE',  ( -1.570874681152832348E-17, -5.324211852125041423E-17, 1.000000000000000000 ) ) ;
#1979 = ORIENTED_EDGE ( 'NONE', *, *, #6500, .T. ) ;
#1980 = CARTESIAN_POINT ( 'NONE',  ( 0.000000000000000000, 0.000000000000000000, 30.00000000000000000 ) ) ;
#1981 = CARTESIAN_POINT ( 'NONE',  ( -6.938893903907228378E-15, -1.387778780781445676E-14, 2.499999999999999556 ) ) ;
#1982 = CARTESIAN_POINT ( 'NONE',  ( 4.000000000000000000, -2.639212418033074936, 1.523750000000003046 ) ) ;
#1983 = AXIS2_PLACEMENT_3D ( 'NONE', #7683, #7602, #6994 ) ;
#1984 = ORIENTED_EDGE ( 'NONE', *, *, #394, .F. ) ;
#1985 = DIRECTION ( 'NONE',  ( 1.000000000000000000, -0.000000000000000000, 0.000000000000000000 ) ) ;
#1986 = EDGE_CURVE ( 'NONE', #2417, #5289, #6150, .T. ) ;
#1987 = CARTESIAN_POINT ( 'NONE',  ( 1.000000000000001998, 9.000000000000001776, 7.500000000000000000 ) ) ;
#1988 = CYLINDRICAL_SURFACE ( 'NONE', #7759, 2.499999999999988454 ) ;
#1989 = ORIENTED_EDGE ( 'NONE', *, *, #5306, .T. ) ;
#1990 = CARTESIAN_POINT ( 'NONE',  ( -33.46194077712560500, 4.097905866596515946E-15, 24.99999999999999645 ) ) ;
#1991 = DIRECTION ( 'NONE',  ( -0.000000000000000000, -0.000000000000000000, 1.000000000000000000 ) ) ;
#1992 = VECTOR ( 'NONE', #4338, 1000.000000000000000 ) ;
#1993 = DIRECTION ( 'NONE',  ( 0.000000000000000000, 0.000000000000000000, 1.000000000000000000 ) ) ;
#1994 = EDGE_LOOP ( 'NONE', ( #5717, #6386, #5071, #6335 ) ) ;
#1995 = EDGE_LOOP ( 'NONE', ( #6197, #6042, #3169, #1948 ) ) ;
#1996 = FACE_OUTER_BOUND ( 'NONE', #433, .T. ) ;
#1997 = ORIENTED_EDGE ( 'NONE', *, *, #6597, .F. ) ;
#1998 = ORIENTED_EDGE ( 'NONE', *, *, #7824, .T. ) ;
#1999 = CARTESIAN_POINT ( 'NONE',  ( -40.00000000000000711, 25.00000000000000000, -120.0000000000000000 ) ) ;
#2000 = APPLICATION_CONTEXT ( 'automotive_design' ) ;
#2001 = DIRECTION ( 'NONE',  ( -0.000000000000000000, -0.000000000000000000, -1.000000000000000000 ) ) ;
#2002 = CIRCLE ( 'NONE', #3299, 6.499999999999999112 ) ;
#2003 = UNCERTAINTY_MEASURE_WITH_UNIT (LENGTH_MEASURE( 1.000000000000000082E-05 ), #2554, 'distance_accuracy_value', 'NONE');
#2004 = EDGE_CURVE ( 'NONE', #693, #3108, #6913, .T. ) ;
#2005 = ORIENTED_EDGE ( 'NONE', *, *, #2110, .T. ) ;
#2006 = AXIS2_PLACEMENT_3D ( 'NONE', #7919, #4967, #1170 ) ;
#2007 = CIRCLE ( 'NONE', #6965, 3.999999999999996447 ) ;
#2008 = CARTESIAN_POINT ( 'NONE',  ( 0.5000000000000004441, 5.204748896376250699E-16, 4.250000000000000000 ) ) ;
#2009 = CIRCLE ( 'NONE', #5922, 33.46194077712560500 ) ;
#2010 = CARTESIAN_POINT ( 'NONE',  ( 33.49999999999998579, -15.00000000000000000, 7.500000000000000000 ) ) ;
#2011 = ORIENTED_EDGE ( 'NONE', *, *, #4012, .T. ) ;
#2012 = VECTOR ( 'NONE', #3918, 1000.000000000000000 ) ;
#2013 = CARTESIAN_POINT ( 'NONE',  ( 1.000000000000001998, -9.750000000000000000, -7.249999999999999112 ) ) ;
#2014 = DIRECTION ( 'NONE',  ( -1.000000000000000000, -0.000000000000000000, -0.000000000000000000 ) ) ;
#2015 = ADVANCED_FACE ( 'NONE', ( #1361 ), #111, .T. ) ;
#2016 = DIRECTION ( 'NONE',  ( 0.000000000000000000, 0.000000000000000000, 1.000000000000000000 ) ) ;
#2017 = ADVANCED_FACE ( 'NONE', ( #2539 ), #3147, .T. ) ;
#2018 = TOROIDAL_SURFACE ( 'NONE', #7361, 15.00000000000000000, 5.000000000000000000 ) ;
#2019 = ORIENTED_EDGE ( 'NONE', *, *, #1849, .T. ) ;
#2020 = AXIS2_PLACEMENT_3D ( 'NONE', #2938, #510, #4825 ) ;
#2021 = FACE_OUTER_BOUND ( 'NONE', #5990, .T. ) ;
#2022 = VERTEX_POINT ( 'NONE', #1322 ) ;
#2023 = CARTESIAN_POINT ( 'NONE',  ( 39.99999999999998579, 15.00000000000000000, 7.500000000000001776 ) ) ;
#2024 = AXIS2_PLACEMENT_3D ( 'NONE', #2392, #7380, #3700 ) ;
#2025 = ORIENTED_EDGE ( 'NONE', *, *, #4819, .F. ) ;
#2026 = CARTESIAN_POINT ( 'NONE',  ( 20.00000000000000355, 0.000000000000000000, 3.309499999999999886 ) ) ;
#2027 = DIRECTION ( 'NONE',  ( 1.000000000000000000, 0.000000000000000000, 0.000000000000000000 ) ) ;
#2028 = DIRECTION ( 'NONE',  ( 0.000000000000000000, -0.7071067811865500152, 0.7071067811865451302 ) ) ;
#2029 = VECTOR ( 'NONE', #2314, 1000.000000000000000 ) ;
#2030 = ADVANCED_FACE ( 'NONE', ( #2618 ), #6294, .F. ) ;
#2031 = ORIENTED_EDGE ( 'NONE', *, *, #2708, .F. ) ;
#2032 = LINE ( 'NONE', #5180, #7385 ) ;
#2033 = DIRECTION ( 'NONE',  ( 1.000000000000000000, 0.000000000000000000, 0.000000000000000000 ) ) ;
#2034 = AXIS2_PLACEMENT_3D ( 'NONE', #79, #2062, #2585 ) ;
#2035 = ORIENTED_EDGE ( 'NONE', *, *, #6356, .T. ) ;
#2036 = CARTESIAN_POINT ( 'NONE',  ( 1.979845658621553928E-15, 9.000000000000001776, 7.500000000000000000 ) ) ;
#2037 = DIRECTION ( 'NONE',  ( 0.000000000000000000, 0.000000000000000000, -1.000000000000000000 ) ) ;
#2038 = CARTESIAN_POINT ( 'NONE',  ( 19.30950000000002120, 0.000000000000000000, 4.000000000000001776 ) ) ;
#2039 = VERTEX_POINT ( 'NONE', #5077 ) ;
#2040 = ORIENTED_EDGE ( 'NONE', *, *, #1124, .T. ) ;
#2041 = DIRECTION ( 'NONE',  ( 3.009265538105055678E-33, -2.168404344971008560E-17, 1.000000000000000000 ) ) ;
#2042 = ORIENTED_EDGE ( 'NONE', *, *, #7327, .T. ) ;
#2043 = VERTEX_POINT ( 'NONE', #5816 ) ;
#2044 = LINE ( 'NONE', #2568, #1537 ) ;
#2045 = DIRECTION ( 'NONE',  ( 1.000000000000000000, 0.000000000000000000, 0.000000000000000000 ) ) ;
#2046 = AXIS2_PLACEMENT_3D ( 'NONE', #7044, #1907, #4394 ) ;
#2047 = ORIENTED_EDGE ( 'NONE', *, *, #3852, .T. ) ;
#2048 = EDGE_CURVE ( 'NONE', #1871, #4572, #6341, .T. ) ;
#2049 = DIRECTION ( 'NONE',  ( -0.000000000000000000, -0.000000000000000000, 1.000000000000000000 ) ) ;
#2050 = DIRECTION ( 'NONE',  ( -1.879283765641541183E-16, 0.000000000000000000, -1.000000000000000000 ) ) ;
#2051 = ORIENTED_EDGE ( 'NONE', *, *, #5541, .T. ) ;
#2052 = DIRECTION ( 'NONE',  ( 1.000000000000000000, 0.000000000000000000, 0.000000000000000000 ) ) ;
#2053 = CARTESIAN_POINT ( 'NONE',  ( -32.49999999999999289, 32.50000000000000000, -130.0000000000000000 ) ) ;
#2054 = CARTESIAN_POINT ( 'NONE',  ( -32.50000000000000711, -32.50000000000000000, -120.0000000000000000 ) ) ;
#2055 = AXIS2_PLACEMENT_3D ( 'NONE', #6918, #115, #7648 ) ;
#2056 = ORIENTED_EDGE ( 'NONE', *, *, #35, .F. ) ;
#2057 = EDGE_CURVE ( 'NONE', #4420, #5002, #7718, .T. ) ;
#2058 = CARTESIAN_POINT ( 'NONE',  ( 32.50000000000000711, 32.50000000000000000, -120.0000000000000000 ) ) ;
#2059 = EDGE_CURVE ( 'NONE', #386, #7999, #6283, .T. ) ;
#2060 = VERTEX_POINT ( 'NONE', #3267 ) ;
#2061 = DIRECTION ( 'NONE',  ( 0.000000000000000000, 0.4999999999999990563, -0.8660254037844391517 ) ) ;
#2062 = DIRECTION ( 'NONE',  ( -1.000000000000000000, 0.000000000000000000, 0.000000000000000000 ) ) ;
#2063 = CARTESIAN_POINT ( 'NONE',  ( 35.00000000000000711, 33.51954211927168359, 24.99999999999999645 ) ) ;
#2064 = FACE_OUTER_BOUND ( 'NONE', #2209, .T. ) ;
#2065 = EDGE_LOOP ( 'NONE', ( #5028, #2952, #233, #1923 ) ) ;
#2066 = CARTESIAN_POINT ( 'NONE',  ( -38.00000000000000711, 37.99999999999999289, -120.0000000000000000 ) ) ;
#2067 = EDGE_CURVE ( 'NONE', #3801, #4332, #5771, .T. ) ;
#2068 = CYLINDRICAL_SURFACE ( 'NONE', #3046, 7.500000000000000000 ) ;
#2069 = ORIENTED_EDGE ( 'NONE', *, *, #6792, .T. ) ;
#2070 = CARTESIAN_POINT ( 'NONE',  ( -2.999999999999995115, 9.539392014169459699, -141.8007170001126553 ) ) ;
#2071 = DIRECTION ( 'NONE',  ( -0.000000000000000000, -0.000000000000000000, 1.000000000000000000 ) ) ;
#2072 = VERTEX_POINT ( 'NONE', #937 ) ;
#2073 = VERTEX_POINT ( 'NONE', #2662 ) ;
#2074 = ORIENTED_EDGE ( 'NONE', *, *, #2447, .T. ) ;
#2075 = DIRECTION ( 'NONE',  ( -1.000000000000000000, 0.000000000000000000, 1.879283765641541183E-16 ) ) ;
#2076 = FACE_OUTER_BOUND ( 'NONE', #3984, .T. ) ;
#2077 = ORIENTED_EDGE ( 'NONE', *, *, #7545, .T. ) ;
#2078 = EDGE_LOOP ( 'NONE', ( #4376, #3272, #176, #846 ) ) ;
#2079 = DIRECTION ( 'NONE',  ( 0.000000000000000000, 0.000000000000000000, 1.000000000000000000 ) ) ;
#2080 = CARTESIAN_POINT ( 'NONE',  ( 32.50000000000000711, 32.50000000000000000, -120.0000000000000000 ) ) ;
#2081 = UNCERTAINTY_MEASURE_WITH_UNIT (LENGTH_MEASURE( 1.000000000000000082E-05 ), #7115, 'distance_accuracy_value', 'NONE');
#2082 = VERTEX_POINT ( 'NONE', #5165 ) ;
#2083 = PLANE ( 'NONE',  #113 ) ;
#2084 = DIRECTION ( 'NONE',  ( 1.000000000000000000, 0.000000000000000000, 0.000000000000000000 ) ) ;
#2085 = ORIENTED_EDGE ( 'NONE', *, *, #4512, .F. ) ;
#2086 = DIRECTION ( 'NONE',  ( 0.000000000000000000, -1.000000000000000000, 9.196343038302880251E-16 ) ) ;
#2087 = DIRECTION ( 'NONE',  ( 1.000000000000000000, 5.204170427930413395E-16, 0.000000000000000000 ) ) ;
#2088 = DIRECTION ( 'NONE',  ( -0.000000000000000000, 1.000000000000000000, -0.000000000000000000 ) ) ;
#2089 = CIRCLE ( 'NONE', #3785, 3.047500000000000764 ) ;
#2090 = ORIENTED_EDGE ( 'NONE', *, *, #3972, .T. ) ;
#2091 = VECTOR ( 'NONE', #4971, 1000.000000000000114 ) ;
#2092 = ORIENTED_EDGE ( 'NONE', *, *, #7300, .F. ) ;
#2093 = CYLINDRICAL_SURFACE ( 'NONE', #4468, 2.500000000000009326 ) ;
#2094 = CARTESIAN_POINT ( 'NONE',  ( 43.99999999999999289, -15.00000000000000000, 7.500000000000000000 ) ) ;
#2095 = DIRECTION ( 'NONE',  ( 1.000000000000000000, 0.000000000000000000, 0.000000000000000000 ) ) ;
#2096 = CARTESIAN_POINT ( 'NONE',  ( 6.750000000000001776, 4.750000000000000000, -7.249999999999999112 ) ) ;
#2097 = EDGE_CURVE ( 'NONE', #2689, #2945, #666, .T. ) ;
#2098 =( GEOMETRIC_REPRESENTATION_CONTEXT ( 3 ) GLOBAL_UNCERTAINTY_ASSIGNED_CONTEXT ( ( #1273 ) ) GLOBAL_UNIT_ASSIGNED_CONTEXT ( ( #4812, #5956, #7299 ) ) REPRESENTATION_CONTEXT ( 'NONE', 'WORKASPACE' ) );
#2099 = EDGE_LOOP ( 'NONE', ( #7723, #859, #1268, #7548, #6932, #376 ) ) ;
#2100 = EDGE_CURVE ( 'NONE', #1568, #1578, #5250, .T. ) ;
#2101 =( REPRESENTATION_RELATIONSHIP ('NONE','NONE', #4940, #3269 ) REPRESENTATION_RELATIONSHIP_WITH_TRANSFORMATION ( #4923 )SHAPE_REPRESENTATION_RELATIONSHIP( ) );
#2102 = DIRECTION ( 'NONE',  ( -1.000000000000000000, 0.000000000000000000, 1.879283765641541183E-16 ) ) ;
#2103 = DIRECTION ( 'NONE',  ( 0.000000000000000000, 0.000000000000000000, 1.000000000000000000 ) ) ;
#2104 = DIRECTION ( 'NONE',  ( -0.000000000000000000, -0.000000000000000000, -1.000000000000000000 ) ) ;
#2105 = AXIS2_PLACEMENT_3D ( 'NONE', #968, #2052, #150 ) ;
#2106 = ORIENTED_EDGE ( 'NONE', *, *, #7596, .F. ) ;
#2107 = CARTESIAN_POINT ( 'NONE',  ( -32.50000000000000711, -32.50000000000000000, -120.0000000000000000 ) ) ;
#2108 = EDGE_CURVE ( 'NONE', #1185, #851, #199, .T. ) ;
#2109 = DIRECTION ( 'NONE',  ( -0.000000000000000000, -0.000000000000000000, 1.000000000000000000 ) ) ;
#2110 = EDGE_CURVE ( 'NONE', #6476, #3345, #3355, .T. ) ;
#2111 = ADVANCED_FACE ( 'NONE', ( #7113 ), #4665, .T. ) ;
#2112 = AXIS2_PLACEMENT_3D ( 'NONE', #7250, #2304, #6712 ) ;
#2113 = ORIENTED_EDGE ( 'NONE', *, *, #6500, .F. ) ;
#2114 = VERTEX_POINT ( 'NONE', #270 ) ;
#2115 = FACE_OUTER_BOUND ( 'NONE', #3234, .T. ) ;
#2116 = AXIS2_PLACEMENT_3D ( 'NONE', #1150, #6133, #8023 ) ;
#2117 = FACE_OUTER_BOUND ( 'NONE', #2615, .T. ) ;
#2118 = ORIENTED_EDGE ( 'NONE', *, *, #1253, .T. ) ;
#2119 = VERTEX_POINT ( 'NONE', #979 ) ;
#2120 = CYLINDRICAL_SURFACE ( 'NONE', #8064, 0.2500000000000002220 ) ;
#2121 = DIRECTION ( 'NONE',  ( 0.000000000000000000, 0.000000000000000000, 1.000000000000000000 ) ) ;
#2122 = EDGE_CURVE ( 'NONE', #6237, #6563, #2244, .T. ) ;
#2123 = ORIENTED_EDGE ( 'NONE', *, *, #1855, .F. ) ;
#2124 = LINE ( 'NONE', #4661, #4040 ) ;
#2125 = CARTESIAN_POINT ( 'NONE',  ( 32.50000000000000000, -32.50000000000000000, -120.0000000000000000 ) ) ;
#2126 = VERTEX_POINT ( 'NONE', #6584 ) ;
#2127 = CARTESIAN_POINT ( 'NONE',  ( 10.00000000000000000, 0.000000000000000000, -172.0000000000000000 ) ) ;
#2128 = SHAPE_REPRESENTATION_RELATIONSHIP ( 'NONE' , 'NONE' ,  #4426, #686 ) ;
#2129 = EDGE_CURVE ( 'NONE', #213, #1500, #313, .T. ) ;
#2130 = ORIENTED_EDGE ( 'NONE', *, *, #453, .T. ) ;
#2131 = AXIS2_PLACEMENT_3D ( 'NONE', #1526, #244, #2750 ) ;
#2132 = AXIS2_PLACEMENT_3D ( 'NONE', #5427, #3002, #3536 ) ;
#2133 = CARTESIAN_POINT ( 'NONE',  ( 1.512186260109971148, 9.891673685135838667, -139.3797050545622653 ) ) ;
#2134 = CARTESIAN_POINT ( 'NONE',  ( -36.00000000000002132, 15.00000000000000000, -0.5000000000000004441 ) ) ;
#2135 = ORIENTED_EDGE ( 'NONE', *, *, #6398, .F. ) ;
#2136 =( NAMED_UNIT ( * ) SI_UNIT ( $, .STERADIAN. ) SOLID_ANGLE_UNIT ( ) );
#2137 = DIRECTION ( 'NONE',  ( -0.000000000000000000, -1.000000000000000000, -0.000000000000000000 ) ) ;
#2138 = DIRECTION ( 'NONE',  ( 1.000000000000000000, 0.000000000000000000, 0.000000000000000000 ) ) ;
#2139 = CIRCLE ( 'NONE', #7613, 6.499999999999999112 ) ;
#2140 = CARTESIAN_POINT ( 'NONE',  ( -31.74999999999995737, 0.000000000000000000, 0.000000000000000000 ) ) ;
#2141 = DIRECTION ( 'NONE',  ( 0.000000000000000000, 0.000000000000000000, 1.000000000000000000 ) ) ;
#2142 = VECTOR ( 'NONE', #6076, 1000.000000000000000 ) ;
#2143 = CIRCLE ( 'NONE', #1225, 2.499999999999988454 ) ;
#2144 = ORIENTED_EDGE ( 'NONE', *, *, #3352, .F. ) ;
#2145 = ORIENTED_EDGE ( 'NONE', *, *, #6947, .T. ) ;
#2146 = DIRECTION ( 'NONE',  ( -0.000000000000000000, -0.000000000000000000, 1.000000000000000000 ) ) ;
#2147 = EDGE_CURVE ( 'NONE', #1592, #1863, #7859, .T. ) ;
#2148 = VECTOR ( 'NONE', #533, 1000.000000000000000 ) ;
#2149 = CARTESIAN_POINT ( 'NONE',  ( -25.00000000000000711, 39.99999999999999289, 27.92893218813452094 ) ) ;
#2150 = CARTESIAN_POINT ( 'NONE',  ( -32.50000000000000711, 32.50000000000000000, -115.0000000000000142 ) ) ;
#2151 = ORIENTED_EDGE ( 'NONE', *, *, #5494, .F. ) ;
#2152 = CARTESIAN_POINT ( 'NONE',  ( 15.00000000000000000, -2.500000000000002665, -5.510910596163088767E-15 ) ) ;
#2153 = AXIS2_PLACEMENT_3D ( 'NONE', #7466, #5218, #6863 ) ;
#2154 = FACE_OUTER_BOUND ( 'NONE', #98, .T. ) ;
#2155 = AXIS2_PLACEMENT_3D ( 'NONE', #2096, #2628, #1447 ) ;
#2156 = ADVANCED_FACE ( 'NONE', ( #2863 ), #7892, .F. ) ;
#2157 = EDGE_CURVE ( 'NONE', #4713, #4650, #6535, .T. ) ;
#2158 = VECTOR ( 'NONE', #1197, 1000.000000000000000 ) ;
#2159 = ORIENTED_EDGE ( 'NONE', *, *, #7393, .F. ) ;
#2160 = ORIENTED_EDGE ( 'NONE', *, *, #544, .F. ) ;
#2161 = DIRECTION ( 'NONE',  ( -1.000000000000000000, -0.000000000000000000, -0.000000000000000000 ) ) ;
#2162 = DIRECTION ( 'NONE',  ( -0.000000000000000000, -0.000000000000000000, 1.000000000000000000 ) ) ;
#2163 = EDGE_CURVE ( 'NONE', #6165, #4106, #2210, .T. ) ;
#2164 = VERTEX_POINT ( 'NONE', #3971 ) ;
#2165 = CARTESIAN_POINT ( 'NONE',  ( -40.00000000000001421, 15.00000000000000000, 7.500000000000000000 ) ) ;
#2166 = ADVANCED_FACE ( 'NONE', ( #6499 ), #4133, .T. ) ;
#2167 = DIRECTION ( 'NONE',  ( 0.000000000000000000, 1.000000000000000000, 0.000000000000000000 ) ) ;
#2168 = ORIENTED_EDGE ( 'NONE', *, *, #6663, .T. ) ;
#2169 = CARTESIAN_POINT ( 'NONE',  ( 32.50000000000000711, 32.50000000000000000, -123.0000000000000000 ) ) ;
#2170 = ORIENTED_EDGE ( 'NONE', *, *, #4625, .T. ) ;
#2171 = CARTESIAN_POINT ( 'NONE',  ( 0.000000000000000000, -1.759474945355381736, 3.047500000000000320 ) ) ;
#2172 = ADVANCED_FACE ( 'NONE', ( #1594 ), #2295, .T. ) ;
#2173 = LINE ( 'NONE', #1473, #228 ) ;
#2174 = VERTEX_POINT ( 'NONE', #3390 ) ;
#2175 = CYLINDRICAL_SURFACE ( 'NONE', #7400, 0.2500000000000002220 ) ;
#2176 = CARTESIAN_POINT ( 'NONE',  ( 32.50000000000000000, -32.50000000000000000, -123.0000000000000000 ) ) ;
#2177 = AXIS2_PLACEMENT_3D ( 'NONE', #1249, #7453, #2324 ) ;
#2178 = ORIENTED_EDGE ( 'NONE', *, *, #5263, .T. ) ;
#2179 = APPLICATION_PROTOCOL_DEFINITION ( 'draft international standard', 'automotive_design', 1998, #853 ) ;
#2180 = EDGE_LOOP ( 'NONE', ( #3475, #1147, #4703, #4277 ) ) ;
#2181 = CARTESIAN_POINT ( 'NONE',  ( -15.00000000000000000, -3.500000000000000000, -2.000000000000000000 ) ) ;
#2182 = CYLINDRICAL_SURFACE ( 'NONE', #546, 2.500000000000009326 ) ;
#2183 = DIRECTION ( 'NONE',  ( 0.000000000000000000, 0.000000000000000000, -1.000000000000000000 ) ) ;
#2184 = AXIS2_PLACEMENT_3D ( 'NONE', #4918, #6718, #7409 ) ;
#2185 = VERTEX_POINT ( 'NONE', #5973 ) ;
#2186 = CARTESIAN_POINT ( 'NONE',  ( -15.00000000000000000, -3.500000000000000000, 2.000000000000000000 ) ) ;
#2187 = FACE_OUTER_BOUND ( 'NONE', #2530, .T. ) ;
#2188 = DIRECTION ( 'NONE',  ( 0.000000000000000000, 0.000000000000000000, 1.000000000000000000 ) ) ;
#2189 = ORIENTED_EDGE ( 'NONE', *, *, #688, .T. ) ;
#2190 = CARTESIAN_POINT ( 'NONE',  ( -2.844781409746442780, 9.587144297273091809, -141.0276516042948742 ) ) ;
#2191 = AXIS2_PLACEMENT_3D ( 'NONE', #1924, #3794, #1269 ) ;
#2192 = CARTESIAN_POINT ( 'NONE',  ( 0.000000000000000000, 1.178949249685212974, -2.042000000000001148 ) ) ;
#2193 = EDGE_CURVE ( 'NONE', #6190, #386, #7847, .T. ) ;
#2194 = VERTEX_POINT ( 'NONE', #1643 ) ;
#2195 = DIRECTION ( 'NONE',  ( -0.000000000000000000, -0.000000000000000000, 1.000000000000000000 ) ) ;
#2196 = CARTESIAN_POINT ( 'NONE',  ( -19.00000000000000000, 2.326828918379970970E-15, -135.0000000000000000 ) ) ;
#2197 = ORIENTED_EDGE ( 'NONE', *, *, #7596, .T. ) ;
#2198 = DIRECTION ( 'NONE',  ( -0.000000000000000000, -0.000000000000000000, 1.000000000000000000 ) ) ;
#2199 = DIRECTION ( 'NONE',  ( -0.000000000000000000, -0.000000000000000000, 1.000000000000000000 ) ) ;
#2200 = VECTOR ( 'NONE', #4263, 1000.000000000000000 ) ;
#2201 = ADVANCED_FACE ( 'NONE', ( #2738, #5887 ), #5238, .T. ) ;
#2202 = ADVANCED_FACE ( 'NONE', ( #7724 ), #1020, .F. ) ;
#2203 = ORIENTED_EDGE ( 'NONE', *, *, #4404, .F. ) ;
#2204 = ORIENTED_EDGE ( 'NONE', *, *, #414, .F. ) ;
#2205 = FACE_OUTER_BOUND ( 'NONE', #3953, .T. ) ;
#2206 = CARTESIAN_POINT ( 'NONE',  ( 0.000000000000000000, 0.000000000000000000, 0.000000000000000000 ) ) ;
#2207 = ORIENTED_EDGE ( 'NONE', *, *, #5702, .T. ) ;
#2208 = APPLICATION_CONTEXT ( 'automotive_design' ) ;
#2209 = EDGE_LOOP ( 'NONE', ( #7899, #3599, #3008, #56 ) ) ;
#2210 = LINE ( 'NONE', #2171, #6945 ) ;
#2211 = EDGE_CURVE ( 'NONE', #1543, #833, #391, .T. ) ;
#2212 = ORIENTED_EDGE ( 'NONE', *, *, #393, .F. ) ;
#2213 = ADVANCED_FACE ( 'NONE', ( #1179 ), #7930, .F. ) ;
#2214 = DIRECTION ( 'NONE',  ( 0.000000000000000000, 0.000000000000000000, 1.000000000000000000 ) ) ;
#2215 = DIRECTION ( 'NONE',  ( -1.000000000000000000, -9.251858538542971828E-16, -0.000000000000000000 ) ) ;
#2216 = ORIENTED_EDGE ( 'NONE', *, *, #6554, .T. ) ;
#2217 = APPLICATION_PROTOCOL_DEFINITION ( 'draft international standard', 'automotive_design', 1998, #2208 ) ;
#2218 = VECTOR ( 'NONE', #4129, 1000.000000000000000 ) ;
#2219 = DIRECTION ( 'NONE',  ( 0.000000000000000000, 0.000000000000000000, 1.000000000000000000 ) ) ;
#2220 = CARTESIAN_POINT ( 'NONE',  ( 5.000000000000004441, 0.000000000000000000, 0.000000000000000000 ) ) ;
#2221 = DIRECTION ( 'NONE',  ( 1.000000000000000000, 0.000000000000000000, 0.000000000000000000 ) ) ;
#2222 = DIRECTION ( 'NONE',  ( -0.000000000000000000, 0.000000000000000000, 1.000000000000000000 ) ) ;
#2223 = ADVANCED_FACE ( 'NONE', ( #6816 ), #7355, .T. ) ;
#2224 = EDGE_LOOP ( 'NONE', ( #6747, #117, #3851, #2817 ) ) ;
#2225 = VECTOR ( 'NONE', #5719, 1000.000000000000000 ) ;
#2226 = DIRECTION ( 'NONE',  ( 0.000000000000000000, 0.000000000000000000, 1.000000000000000000 ) ) ;
#2227 = FACE_OUTER_BOUND ( 'NONE', #7432, .T. ) ;
#2228 = FACE_OUTER_BOUND ( 'NONE', #469, .T. ) ;
#2229 = ORIENTED_EDGE ( 'NONE', *, *, #4149, .T. ) ;
#2230 = DIRECTION ( 'NONE',  ( -1.000000000000000000, -1.734723475976806848E-16, 0.000000000000000000 ) ) ;
#2231 = CIRCLE ( 'NONE', #657, 0.2500000000000002220 ) ;
#2232 = LINE ( 'NONE', #5222, #6367 ) ;
#2233 = ADVANCED_FACE ( 'NONE', ( #6158 ), #6044, .F. ) ;
#2234 = EDGE_LOOP ( 'NONE', ( #1214, #5705, #3174, #6710 ) ) ;
#2235 = LINE ( 'NONE', #7217, #4446 ) ;
#2236 = DIRECTION ( 'NONE',  ( 1.000000000000000000, 0.000000000000000000, 0.000000000000000000 ) ) ;
#2237 = ORIENTED_EDGE ( 'NONE', *, *, #5369, .F. ) ;
#2238 = DIRECTION ( 'NONE',  ( 0.000000000000000000, 0.000000000000000000, 1.000000000000000000 ) ) ;
#2239 = CARTESIAN_POINT ( 'NONE',  ( 7.000000000000001776, 4.750000000000000000, -7.249999999999999112 ) ) ;
#2240 = CARTESIAN_POINT ( 'NONE',  ( 36.87500000000000711, 32.50000000000000000, -120.0000000000000000 ) ) ;
#2241 = VECTOR ( 'NONE', #4985, 1000.000000000000000 ) ;
#2242 = CIRCLE ( 'NONE', #6806, 4.375000000000000000 ) ;
#2243 = DIRECTION ( 'NONE',  ( -1.000000000000000000, 0.000000000000000000, -0.000000000000000000 ) ) ;
#2244 = CIRCLE ( 'NONE', #6808, 2.500000000000000444 ) ;
#2245 = EDGE_LOOP ( 'NONE', ( #973, #540, #12, #977, #4113, #5721, #2289, #5608 ) ) ;
#2246 = ORIENTED_EDGE ( 'NONE', *, *, #2853, .F. ) ;
#2247 = LINE ( 'NONE', #7274, #5096 ) ;
#2248 = ORIENTED_EDGE ( 'NONE', *, *, #1908, .F. ) ;
#2249 = EDGE_LOOP ( 'NONE', ( #1267, #1 ) ) ;
#2250 = DIRECTION ( 'NONE',  ( 0.000000000000000000, 1.000000000000000000, 0.000000000000000000 ) ) ;
#2251 = EDGE_CURVE ( 'NONE', #5698, #6237, #7429, .T. ) ;
#2252 = ORIENTED_EDGE ( 'NONE', *, *, #6706, .T. ) ;
#2253 = CARTESIAN_POINT ( 'NONE',  ( -15.00000000000000000, 2.499999999999995559, 3.000000000000004441 ) ) ;
#2254 = ADVANCED_FACE ( 'NONE', ( #4328 ), #3672, .T. ) ;
#2255 = DIRECTION ( 'NONE',  ( 0.000000000000000000, -0.000000000000000000, -1.000000000000000000 ) ) ;
#2256 = ORIENTED_EDGE ( 'NONE', *, *, #3909, .F. ) ;
#2257 = DIRECTION ( 'NONE',  ( 1.000000000000000000, 0.000000000000000000, 0.000000000000000000 ) ) ;
#2258 = CARTESIAN_POINT ( 'NONE',  ( -32.49999999999999289, 32.50000000000000000, -120.0000000000000000 ) ) ;
#2259 = CARTESIAN_POINT ( 'NONE',  ( -32.49999999999999289, 32.50000000000000000, -130.0000000000000000 ) ) ;
#2260 = ADVANCED_FACE ( 'NONE', ( #557 ), #5396, .T. ) ;
#2261 = LINE ( 'NONE', #4019, #3826 ) ;
#2262 = CIRCLE ( 'NONE', #1607, 10.00000000000000000 ) ;
#2263 = ORIENTED_EDGE ( 'NONE', *, *, #2496, .T. ) ;
#2264 = AXIS2_PLACEMENT_3D ( 'NONE', #3538, #424, #6149 ) ;
#2265 = CARTESIAN_POINT ( 'NONE',  ( 5.200000000000002842, 0.000000000000000000, 0.000000000000000000 ) ) ;
#2266 = VECTOR ( 'NONE', #5996, 1000.000000000000000 ) ;
#2267 = DIRECTION ( 'NONE',  ( 0.000000000000000000, 1.000000000000000000, 0.000000000000000000 ) ) ;
#2268 = AXIS2_PLACEMENT_3D ( 'NONE', #1820, #4400, #4318 ) ;
#2269 = DIRECTION ( 'NONE',  ( 1.000000000000000000, 0.000000000000000000, 0.000000000000000000 ) ) ;
#2270 = VERTEX_POINT ( 'NONE', #2368 ) ;
#2271 = LINE ( 'NONE', #6028, #2029 ) ;
#2272 = CIRCLE ( 'NONE', #5010, 2.500000000000012434 ) ;
#2273 = EDGE_CURVE ( 'NONE', #1765, #3264, #820, .T. ) ;
#2274 = CARTESIAN_POINT ( 'NONE',  ( -32.49999999999999289, 32.50000000000000000, -8.500000000000000000 ) ) ;
#2275 = ITEM_DEFINED_TRANSFORMATION ( 'NONE', 'NONE', #2333,  #5854 ) ;
#2276 = CIRCLE ( 'NONE', #2796, 6.499999999999999112 ) ;
#2277 = AXIS2_PLACEMENT_3D ( 'NONE', #2125, #7767, #6621 ) ;
#2278 = AXIS2_PLACEMENT_3D ( 'NONE', #7045, #4603, #2555 ) ;
#2279 = AXIS2_PLACEMENT_3D ( 'NONE', #6303, #663, #2549 ) ;
#2280 = AXIS2_PLACEMENT_3D ( 'NONE', #5372, #7825, #6640 ) ;
#2281 = DIRECTION ( 'NONE',  ( -0.000000000000000000, -0.000000000000000000, 1.000000000000000000 ) ) ;
#2282 = ORIENTED_EDGE ( 'NONE', *, *, #7338, .F. ) ;
#2283 = CARTESIAN_POINT ( 'NONE',  ( -55.00000000000000000, 39.99999999999999289, 7.500000000000000000 ) ) ;
#2284 = VECTOR ( 'NONE', #531, 1000.000000000000000 ) ;
#2285 = DIRECTION ( 'NONE',  ( 1.000000000000000000, -0.000000000000000000, 0.000000000000000000 ) ) ;
#2286 = DIRECTION ( 'NONE',  ( 1.000000000000000000, 0.000000000000000000, 0.000000000000000000 ) ) ;
#2287 = VECTOR ( 'NONE', #1485, 1000.000000000000000 ) ;
#2288 = CYLINDRICAL_SURFACE ( 'NONE', #7931, 24.99999999999999645 ) ;
#2289 = ORIENTED_EDGE ( 'NONE', *, *, #2667, .T. ) ;
#2290 = ORIENTED_EDGE ( 'NONE', *, *, #6015, .T. ) ;
#2291 = DIRECTION ( 'NONE',  ( -0.000000000000000000, 0.8660254037844392627, 0.4999999999999990563 ) ) ;
#2292 = DIRECTION ( 'NONE',  ( 1.000000000000000000, 0.000000000000000000, 0.000000000000000000 ) ) ;
#2293 = ORIENTED_EDGE ( 'NONE', *, *, #7172, .T. ) ;
#2294 = VERTEX_POINT ( 'NONE', #7316 ) ;
#2295 = CYLINDRICAL_SURFACE ( 'NONE', #3808, 5.000000000000000888 ) ;
#2296 = PRODUCT_DEFINITION ( 'UNKNOWN', '', #356, #6333 ) ;
#2297 = CIRCLE ( 'NONE', #4245, 2.499999999999988454 ) ;
#2298 = EDGE_CURVE ( 'NONE', #847, #615, #1831, .T. ) ;
#2299 = VERTEX_POINT ( 'NONE', #7968 ) ;
#2300 = CARTESIAN_POINT ( 'NONE',  ( 15.00000000000000000, 3.500000000000000000, 2.999999999999998668 ) ) ;
#2301 = DIRECTION ( 'NONE',  ( 0.000000000000000000, 0.000000000000000000, 1.000000000000000000 ) ) ;
#2302 = ORIENTED_EDGE ( 'NONE', *, *, #3308, .T. ) ;
#2303 = CARTESIAN_POINT ( 'NONE',  ( 7.000000000000001776, -5.000000000000000000, 7.249999999999999112 ) ) ;
#2304 = DIRECTION ( 'NONE',  ( -0.000000000000000000, 0.000000000000000000, 1.000000000000000000 ) ) ;
#2305 = LINE ( 'NONE', #1653, #7067 ) ;
#2306 = CYLINDRICAL_SURFACE ( 'NONE', #5921, 6.499999999999999112 ) ;
#2307 = ORIENTED_EDGE ( 'NONE', *, *, #5881, .F. ) ;
#2308 = AXIS2_PLACEMENT_3D ( 'NONE', #7783, #7128, #5332 ) ;
#2309 = ADVANCED_FACE ( 'NONE', ( #6122 ), #3550, .F. ) ;
#2310 = DIRECTION ( 'NONE',  ( 0.000000000000000000, 0.000000000000000000, 1.000000000000000000 ) ) ;
#2311 = DIRECTION ( 'NONE',  ( 0.000000000000000000, -0.000000000000000000, -1.000000000000000000 ) ) ;
#2312 = DIRECTION ( 'NONE',  ( -1.000000000000000000, -0.000000000000000000, -0.000000000000000000 ) ) ;
#2313 = ORIENTED_EDGE ( 'NONE', *, *, #2807, .F. ) ;
#2314 = DIRECTION ( 'NONE',  ( 0.000000000000000000, 0.000000000000000000, -1.000000000000000000 ) ) ;
#2315 = CIRCLE ( 'NONE', #3478, 4.375000000000000000 ) ;
#2316 = EDGE_CURVE ( 'NONE', #2983, #6550, #1759, .T. ) ;
#2317 = VECTOR ( 'NONE', #4821, 1000.000000000000000 ) ;
#2318 = CARTESIAN_POINT ( 'NONE',  ( -44.00000000000002132, 15.00000000000000000, 7.500000000000000000 ) ) ;
#2319 = ORIENTED_EDGE ( 'NONE', *, *, #7696, .T. ) ;
#2320 = DIRECTION ( 'NONE',  ( -1.000000000000000000, 0.000000000000000000, 0.000000000000000000 ) ) ;
#2321 = DIRECTION ( 'NONE',  ( -0.000000000000000000, -0.000000000000000000, 1.000000000000000000 ) ) ;
#2322 = CARTESIAN_POINT ( 'NONE',  ( 0.000000000000000000, 0.000000000000000000, 30.00000000000000000 ) ) ;
#2323 = EDGE_CURVE ( 'NONE', #37, #6032, #3963, .T. ) ;
#2324 = DIRECTION ( 'NONE',  ( 0.000000000000000000, 1.000000000000000000, 0.000000000000000000 ) ) ;
#2325 = ORIENTED_EDGE ( 'NONE', *, *, #7444, .F. ) ;
#2326 = ORIENTED_EDGE ( 'NONE', *, *, #7574, .T. ) ;
#2327 = CARTESIAN_POINT ( 'NONE',  ( 28.12499999999999645, -32.50000000000000000, -123.0000000000000000 ) ) ;
#2328 = CARTESIAN_POINT ( 'NONE',  ( -40.00000000000000711, 25.00000000000000000, -115.0000000000000142 ) ) ;
#2329 = EDGE_LOOP ( 'NONE', ( #1314, #4416, #6048, #6487 ) ) ;
#2330 = EDGE_LOOP ( 'NONE', ( #3070, #1407 ) ) ;
#2331 = DIRECTION ( 'NONE',  ( 0.000000000000000000, 0.000000000000000000, 1.000000000000000000 ) ) ;
#2332 = ORIENTED_EDGE ( 'NONE', *, *, #2048, .F. ) ;
#2333 = AXIS2_PLACEMENT_3D ( 'NONE', #4518, #7002, #1408 ) ;
#2334 = CYLINDRICAL_SURFACE ( 'NONE', #4922, 7.500000000000000000 ) ;
#2335 = CARTESIAN_POINT ( 'NONE',  ( -40.00000000000000711, 25.00000000000000000, -120.0000000000000000 ) ) ;
#2336 = VERTEX_POINT ( 'NONE', #7278 ) ;
#2337 = CARTESIAN_POINT ( 'NONE',  ( 2.500000000000004441, 0.000000000000000000, 0.000000000000000000 ) ) ;
#2338 = DIRECTION ( 'NONE',  ( 1.000000000000000000, 0.000000000000000000, 0.000000000000000000 ) ) ;
#2339 = CARTESIAN_POINT ( 'NONE',  ( -32.50000000000000000, -25.00000000000000711, -15.00000000000001421 ) ) ;
#2340 = DIRECTION ( 'NONE',  ( -1.000000000000000000, 0.000000000000000000, 0.000000000000000000 ) ) ;
#2341 = ORIENTED_EDGE ( 'NONE', *, *, #284, .T. ) ;
#2342 = DIRECTION ( 'NONE',  ( 1.734723475976806848E-16, -1.000000000000000000, 0.000000000000000000 ) ) ;
#2343 = DIRECTION ( 'NONE',  ( 1.734723475976807094E-16, -1.000000000000000000, 0.000000000000000000 ) ) ;
#2344 = CARTESIAN_POINT ( 'NONE',  ( 4.000000000000000000, -1.759474945355381736, 3.047500000000000320 ) ) ;
#2345 = ORIENTED_EDGE ( 'NONE', *, *, #5648, .T. ) ;
#2346 = DIRECTION ( 'NONE',  ( 1.000000000000000000, 0.000000000000000000, 0.000000000000000000 ) ) ;
#2347 = CIRCLE ( 'NONE', #3391, 4.374999999999997335 ) ;
#2348 = ADVANCED_FACE ( 'NONE', ( #8047 ), #4175, .T. ) ;
#2349 = ADVANCED_FACE ( 'NONE', ( #5515 ), #417, .T. ) ;
#2350 = LINE ( 'NONE', #5460, #6925 ) ;
#2351 = CONICAL_SURFACE ( 'NONE', #7970, 5.700000000000001066, 0.7853981633974461696 ) ;
#2352 = EDGE_CURVE ( 'NONE', #448, #7605, #5790, .T. ) ;
#2353 = CARTESIAN_POINT ( 'NONE',  ( 2.500000000000000000, -1.178949249685215417, 2.042000000000003812 ) ) ;
#2354 = ORIENTED_EDGE ( 'NONE', *, *, #453, .F. ) ;
#2355 = DIRECTION ( 'NONE',  ( 3.009265538105055678E-33, -2.168404344971008560E-17, 1.000000000000000000 ) ) ;
#2356 = DIRECTION ( 'NONE',  ( -0.000000000000000000, -0.000000000000000000, 1.000000000000000000 ) ) ;
#2357 = LINE ( 'NONE', #3587, #1620 ) ;
#2358 = EDGE_CURVE ( 'NONE', #917, #2294, #1104, .T. ) ;
#2359 = ADVANCED_FACE ( 'NONE', ( #1270 ), #6867, .F. ) ;
#2360 = AXIS2_PLACEMENT_3D ( 'NONE', #4438, #6267, #7455 ) ;
#2361 = APPLICATION_CONTEXT ( 'automotive_design' ) ;
#2362 = ORIENTED_EDGE ( 'NONE', *, *, #7992, .T. ) ;
#2363 = VERTEX_POINT ( 'NONE', #4374 ) ;
#2364 = LINE ( 'NONE', #7844, #650 ) ;
#2365 =( NAMED_UNIT ( * ) SI_UNIT ( $, .STERADIAN. ) SOLID_ANGLE_UNIT ( ) );
#2366 = EDGE_LOOP ( 'NONE', ( #3545, #3911 ) ) ;
#2367 = ORIENTED_EDGE ( 'NONE', *, *, #3972, .F. ) ;
#2368 = CARTESIAN_POINT ( 'NONE',  ( 1.000000000000001998, -9.750000000000000000, -7.500000000000000000 ) ) ;
#2369 = FACE_OUTER_BOUND ( 'NONE', #5209, .T. ) ;
#2370 = AXIS2_PLACEMENT_3D ( 'NONE', #70, #5731, #2087 ) ;
#2371 = ORIENTED_EDGE ( 'NONE', *, *, #4456, .F. ) ;
#2372 = AXIS2_PLACEMENT_3D ( 'NONE', #5394, #7770, #3513 ) ;
#2373 = AXIS2_PLACEMENT_3D ( 'NONE', #2830, #2137, #2673 ) ;
#2374 = PLANE ( 'NONE',  #8057 ) ;
#2375 = CYLINDRICAL_SURFACE ( 'NONE', #2784, 2.499999999999995115 ) ;
#2376 = EDGE_LOOP ( 'NONE', ( #4699, #5649, #3549, #7802 ) ) ;
#2377 = FACE_OUTER_BOUND ( 'NONE', #1995, .T. ) ;
#2378 = CYLINDRICAL_SURFACE ( 'NONE', #5115, 2.499999999999995115 ) ;
#2379 = LINE ( 'NONE', #3730, #6029 ) ;
#2380 = DIRECTION ( 'NONE',  ( 1.000000000000000000, 0.000000000000000000, 0.000000000000000000 ) ) ;
#2381 = EDGE_CURVE ( 'NONE', #5889, #2174, #18, .T. ) ;
#2382 = ORIENTED_EDGE ( 'NONE', *, *, #4594, .T. ) ;
#2383 = DIRECTION ( 'NONE',  ( -1.000000000000000000, 0.000000000000000000, 0.000000000000000000 ) ) ;
#2384 = PLANE ( 'NONE',  #4118 ) ;
#2385 = CARTESIAN_POINT ( 'NONE',  ( -55.00000000000000000, 39.99999999999999289, 7.500000000000000000 ) ) ;
#2386 = DIRECTION ( 'NONE',  ( 1.000000000000000000, -0.000000000000000000, -0.000000000000000000 ) ) ;
#2387 = EDGE_CURVE ( 'NONE', #1953, #5123, #7471, .T. ) ;
#2388 = VECTOR ( 'NONE', #6393, 1000.000000000000000 ) ;
#2389 = AXIS2_PLACEMENT_3D ( 'NONE', #2966, #6649, #7267 ) ;
#2390 = DIRECTION ( 'NONE',  ( 1.000000000000000000, 0.000000000000000000, 0.000000000000000000 ) ) ;
#2391 = VECTOR ( 'NONE', #7419, 1000.000000000000000 ) ;
#2392 = CARTESIAN_POINT ( 'NONE',  ( 39.99999999999998579, 15.00000000000000000, 7.500000000000000000 ) ) ;
#2393 = VERTEX_POINT ( 'NONE', #2134 ) ;
#2394 = CARTESIAN_POINT ( 'NONE',  ( -40.00000000000000000, -15.00000000000000000, -0.5000000000000004441 ) ) ;
#2395 = CARTESIAN_POINT ( 'NONE',  ( 40.00000000000000711, -25.00000000000000000, -120.0000000000000000 ) ) ;
#2396 = PLANE ( 'NONE',  #4350 ) ;
#2397 = AXIS2_PLACEMENT_3D ( 'NONE', #3998, #185, #5601 ) ;
#2398 = PRODUCT_DEFINITION_SHAPE ( 'NONE', 'NONE',  #4080 ) ;
#2399 = ADVANCED_FACE ( 'NONE', ( #1598 ), #983, .F. ) ;
#2400 = VECTOR ( 'NONE', #4723, 1000.000000000000000 ) ;
#2401 = VERTEX_POINT ( 'NONE', #4634 ) ;
#2402 = ORIENTED_EDGE ( 'NONE', *, *, #5517, .T. ) ;
#2403 = CARTESIAN_POINT ( 'NONE',  ( -34.99999999999998579, -32.50000000000000000, 7.500000000000000888 ) ) ;
#2404 = DIRECTION ( 'NONE',  ( 1.000000000000000000, 0.000000000000000000, 0.000000000000000000 ) ) ;
#2405 = VERTEX_POINT ( 'NONE', #6630 ) ;
#2406 = ORIENTED_EDGE ( 'NONE', *, *, #929, .T. ) ;
#2407 = CIRCLE ( 'NONE', #3843, 7.499999999999996447 ) ;
#2408 = CARTESIAN_POINT ( 'NONE',  ( -31.74999999999995737, 3.061616997868383634E-16, -2.500000000000000444 ) ) ;
#2409 = DIRECTION ( 'NONE',  ( 1.000000000000000000, 0.000000000000000000, 0.000000000000000000 ) ) ;
#2410 = UNCERTAINTY_MEASURE_WITH_UNIT (LENGTH_MEASURE( 1.000000000000000082E-05 ), #784, 'distance_accuracy_value', 'NONE');
#2411 =( REPRESENTATION_RELATIONSHIP ('NONE','NONE', #4940, #5518 ) REPRESENTATION_RELATIONSHIP_WITH_TRANSFORMATION ( #6796 )SHAPE_REPRESENTATION_RELATIONSHIP( ) );
#2412 = VERTEX_POINT ( 'NONE', #5892 ) ;
#2413 = DIRECTION ( 'NONE',  ( -1.000000000000000000, -0.000000000000000000, -0.000000000000000000 ) ) ;
#2414 = EDGE_CURVE ( 'NONE', #84, #5136, #3517, .T. ) ;
#2415 = CARTESIAN_POINT ( 'NONE',  ( 2.500000000000004441, 0.000000000000000000, 0.000000000000000000 ) ) ;
#2416 = VECTOR ( 'NONE', #4593, 1000.000000000000000 ) ;
#2417 = VERTEX_POINT ( 'NONE', #2903 ) ;
#2418 = LINE ( 'NONE', #6166, #1577 ) ;
#2419 = CYLINDRICAL_SURFACE ( 'NONE', #7851, 10.00000000000000178 ) ;
#2420 = FACE_OUTER_BOUND ( 'NONE', #729, .T. ) ;
#2421 = CARTESIAN_POINT ( 'NONE',  ( 0.5000000000000004441, 0.000000000000000000, 0.000000000000000000 ) ) ;
#2422 = VERTEX_POINT ( 'NONE', #7853 ) ;
#2423 = DIRECTION ( 'NONE',  ( 0.000000000000000000, 0.000000000000000000, -1.000000000000000000 ) ) ;
#2424 = DIRECTION ( 'NONE',  ( -1.000000000000000000, -0.000000000000000000, -0.000000000000000000 ) ) ;
#2425 = CARTESIAN_POINT ( 'NONE',  ( 4.000000000000002665, 9.000000000000001776, 7.249999999999999112 ) ) ;
#2426 = DIRECTION ( 'NONE',  ( -0.000000000000000000, -0.000000000000000000, 1.000000000000000000 ) ) ;
#2427 = CONTEXT_DEPENDENT_SHAPE_REPRESENTATION ( #1576, #428 ) ;
#2428 = AXIS2_PLACEMENT_3D ( 'NONE', #1945, #5707, #7660 ) ;
#2429 = CARTESIAN_POINT ( 'NONE',  ( 4.000000000000004441, 5.000000000000000000, 7.249999999999999112 ) ) ;
#2430 = LINE ( 'NONE', #6188, #7232 ) ;
#2431 = CIRCLE ( 'NONE', #5570, 19.00000000000000000 ) ;
#2432 = EDGE_LOOP ( 'NONE', ( #3255, #2483 ) ) ;
#2433 = DIRECTION ( 'NONE',  ( -5.204170427930421283E-16, 1.000000000000000000, -0.000000000000000000 ) ) ;
#2434 = FACE_OUTER_BOUND ( 'NONE', #3876, .T. ) ;
#2435 = CARTESIAN_POINT ( 'NONE',  ( 6.750000000000001776, 5.000000000000000000, 7.500000000000000000 ) ) ;
#2436 = AXIS2_PLACEMENT_3D ( 'NONE', #3677, #7246, #3018 ) ;
#2437 = ORIENTED_EDGE ( 'NONE', *, *, #1001, .F. ) ;
#2438 = VERTEX_POINT ( 'NONE', #7814 ) ;
#2439 = CARTESIAN_POINT ( 'NONE',  ( -1.903831259309746200E-17, 0.000000000000000000, 0.000000000000000000 ) ) ;
#2440 = DIRECTION ( 'NONE',  ( 1.000000000000000000, -9.251858538542963939E-16, -0.000000000000000000 ) ) ;
#2441 = ORIENTED_EDGE ( 'NONE', *, *, #6603, .T. ) ;
#2442 = EDGE_LOOP ( 'NONE', ( #3437, #4011 ) ) ;
#2443 = DIRECTION ( 'NONE',  ( 1.000000000000000000, 0.000000000000000000, 0.000000000000000000 ) ) ;
#2444 = EDGE_CURVE ( 'NONE', #5895, #2299, #3477, .T. ) ;
#2445 = CIRCLE ( 'NONE', #3618, 0.7500000000000000000 ) ;
#2446 = EDGE_CURVE ( 'NONE', #6522, #2520, #318, .T. ) ;
#2447 = EDGE_CURVE ( 'NONE', #5510, #6202, #4090, .T. ) ;
#2448 = EDGE_LOOP ( 'NONE', ( #1178, #5353, #7886, #4032, #6041 ) ) ;
#2449 = FACE_OUTER_BOUND ( 'NONE', #1540, .T. ) ;
#2450 = DIRECTION ( 'NONE',  ( -0.000000000000000000, -0.000000000000000000, 1.000000000000000000 ) ) ;
#2451 = ORIENTED_EDGE ( 'NONE', *, *, #497, .F. ) ;
#2452 = DIRECTION ( 'NONE',  ( -0.000000000000000000, 1.000000000000000000, -0.000000000000000000 ) ) ;
#2453 = FACE_OUTER_BOUND ( 'NONE', #4792, .T. ) ;
#2454 = DIRECTION ( 'NONE',  ( 0.000000000000000000, 0.000000000000000000, 1.000000000000000000 ) ) ;
#2455 = EDGE_CURVE ( 'NONE', #3091, #7315, #4744, .T. ) ;
#2456 = DIRECTION ( 'NONE',  ( -1.000000000000000000, -0.000000000000000000, -0.000000000000000000 ) ) ;
#2457 = EDGE_CURVE ( 'NONE', #839, #766, #2867, .T. ) ;
#2458 = ADVANCED_FACE ( 'NONE', ( #1027 ), #7071, .F. ) ;
#2459 = PRODUCT_DEFINITION_FORMATION_WITH_SPECIFIED_SOURCE ( 'ANY', '', #7297, .NOT_KNOWN. ) ;
#2460 = VERTEX_POINT ( 'NONE', #4137 ) ;
#2461 = DIRECTION ( 'NONE',  ( -0.000000000000000000, -0.000000000000000000, 1.000000000000000000 ) ) ;
#2462 = EDGE_LOOP ( 'NONE', ( #1810, #1023 ) ) ;
#2463 = CARTESIAN_POINT ( 'NONE',  ( 27.48053287425020841, 26.92730318665038070, -120.0000000000000000 ) ) ;
#2464 = LINE ( 'NONE', #6069, #4768 ) ;
#2465 = CARTESIAN_POINT ( 'NONE',  ( -44.99999999999998579, -30.00000000000000711, 7.500000000000000000 ) ) ;
#2466 = EDGE_CURVE ( 'NONE', #4584, #2422, #7898, .T. ) ;
#2467 = ORIENTED_EDGE ( 'NONE', *, *, #3563, .F. ) ;
#2468 = DIRECTION ( 'NONE',  ( 1.000000000000000000, 1.776356839400250465E-15, 0.000000000000000000 ) ) ;
#2469 = CARTESIAN_POINT ( 'NONE',  ( 32.50000000000000000, -25.00000000000000711, -120.0000000000000000 ) ) ;
#2470 = CARTESIAN_POINT ( 'NONE',  ( -40.00000000000000711, -25.00000000000000000, -115.0000000000000000 ) ) ;
#2471 = ORIENTED_EDGE ( 'NONE', *, *, #7784, .F. ) ;
#2472 = CARTESIAN_POINT ( 'NONE',  ( -44.99999999999998579, -30.00000000000000711, -8.500000000000000000 ) ) ;
#2473 = FACE_OUTER_BOUND ( 'NONE', #3701, .T. ) ;
#2474 = VECTOR ( 'NONE', #733, 1000.000000000000000 ) ;
#2475 = DIRECTION ( 'NONE',  ( 1.000000000000000000, 0.000000000000000000, 0.000000000000000000 ) ) ;
#2476 = EDGE_CURVE ( 'NONE', #1019, #202, #5530, .T. ) ;
#2477 = AXIS2_PLACEMENT_3D ( 'NONE', #4651, #3954, #2643 ) ;
#2478 = ORIENTED_EDGE ( 'NONE', *, *, #6102, .T. ) ;
#2479 = EDGE_LOOP ( 'NONE', ( #6637, #7008, #7173, #4393 ) ) ;
#2480 = CARTESIAN_POINT ( 'NONE',  ( 32.50000000000000000, 25.00000000000000711, -15.00000000000001421 ) ) ;
#2481 = DIRECTION ( 'NONE',  ( 0.000000000000000000, 0.000000000000000000, 1.000000000000000000 ) ) ;
#2482 = ORIENTED_EDGE ( 'NONE', *, *, #3244, .T. ) ;
#2483 = ORIENTED_EDGE ( 'NONE', *, *, #1766, .F. ) ;
#2484 = DIRECTION ( 'NONE',  ( -0.000000000000000000, 0.000000000000000000, -1.000000000000000000 ) ) ;
#2485 = DIRECTION ( 'NONE',  ( -1.000000000000000000, -0.000000000000000000, -0.000000000000000000 ) ) ;
#2486 = DIRECTION ( 'NONE',  ( -1.000000000000000000, -0.000000000000000000, 1.879283765641541183E-16 ) ) ;
#2487 = VERTEX_POINT ( 'NONE', #2826 ) ;
#2488 = ADVANCED_FACE ( 'NONE', ( #6505 ), #1479, .T. ) ;
#2489 = CARTESIAN_POINT ( 'NONE',  ( -40.00000000000000711, 39.99999999999999289, -130.0000000000000000 ) ) ;
#2490 = DIRECTION ( 'NONE',  ( -0.000000000000000000, 0.000000000000000000, 1.000000000000000000 ) ) ;
#2491 = VERTEX_POINT ( 'NONE', #399 ) ;
#2492 = LINE ( 'NONE', #6449, #6831 ) ;
#2493 = CARTESIAN_POINT ( 'NONE',  ( -25.00000000000000711, 33.51954211927168359, -115.0000000000000142 ) ) ;
#2494 = CARTESIAN_POINT ( 'NONE',  ( 2.602085213965210642E-15, 0.000000000000000000, 0.000000000000000000 ) ) ;
#2495 = DIRECTION ( 'NONE',  ( 0.000000000000000000, 0.000000000000000000, -1.000000000000000000 ) ) ;
#2496 = EDGE_CURVE ( 'NONE', #2082, #4861, #4097, .T. ) ;
#2497 = EDGE_CURVE ( 'NONE', #7016, #5193, #7197, .T. ) ;
#2498 = CIRCLE ( 'NONE', #3410, 10.00000000000000000 ) ;
#2499 = ORIENTED_EDGE ( 'NONE', *, *, #295, .T. ) ;
#2500 = DIRECTION ( 'NONE',  ( -0.000000000000000000, 0.000000000000000000, -1.000000000000000000 ) ) ;
#2501 = CIRCLE ( 'NONE', #1194, 2.500000000000009326 ) ;
#2502 = EDGE_CURVE ( 'NONE', #5874, #6981, #7215, .T. ) ;
#2503 = AXIS2_PLACEMENT_3D ( 'NONE', #4300, #4262, #6750 ) ;
#2504 = ORIENTED_EDGE ( 'NONE', *, *, #5964, .F. ) ;
#2505 = CARTESIAN_POINT ( 'NONE',  ( 0.000000000000000000, 7.470345474798855279E-16, 5.700000000000001066 ) ) ;
#2506 = DIRECTION ( 'NONE',  ( -0.000000000000000000, -0.000000000000000000, 1.000000000000000000 ) ) ;
#2507 = ORIENTED_EDGE ( 'NONE', *, *, #173, .T. ) ;
#2508 = FACE_OUTER_BOUND ( 'NONE', #1175, .T. ) ;
#2509 = CARTESIAN_POINT ( 'NONE',  ( 4.000000000000000000, 3.518949890710767470, -4.553649124439118623E-15 ) ) ;
#2510 = EDGE_CURVE ( 'NONE', #213, #3610, #6045, .T. ) ;
#2511 = CARTESIAN_POINT ( 'NONE',  ( 1.000000000000001998, 9.000000000000001776, 7.249999999999999112 ) ) ;
#2512 = VERTEX_POINT ( 'NONE', #942 ) ;
#2513 = CARTESIAN_POINT ( 'NONE',  ( 4.000000000000004441, -5.000000000000000000, 7.249999999999999112 ) ) ;
#2514 = PLANE ( 'NONE',  #6440 ) ;
#2515 = DIRECTION ( 'NONE',  ( 1.000000000000000000, 0.000000000000000000, 0.000000000000000000 ) ) ;
#2516 = AXIS2_PLACEMENT_3D ( 'NONE', #909, #7858, #5485 ) ;
#2517 = CIRCLE ( 'NONE', #6562, 3.000000000000004441 ) ;
#2518 = AXIS2_PLACEMENT_3D ( 'NONE', #7959, #1788, #6080 ) ;
#2519 = EDGE_LOOP ( 'NONE', ( #2685, #1689, #5188, #5251 ) ) ;
#2520 = VERTEX_POINT ( 'NONE', #5325 ) ;
#2521 = DIRECTION ( 'NONE',  ( -0.000000000000000000, 0.000000000000000000, 1.000000000000000000 ) ) ;
#2522 = CIRCLE ( 'NONE', #959, 0.9999999999999995559 ) ;
#2523 = CARTESIAN_POINT ( 'NONE',  ( 2.500000000000000000, -1.178949249685215417, 2.042000000000003812 ) ) ;
#2524 = ORIENTED_EDGE ( 'NONE', *, *, #6895, .T. ) ;
#2525 = ORIENTED_EDGE ( 'NONE', *, *, #7992, .F. ) ;
#2526 = PLANE ( 'NONE',  #5716 ) ;
#2527 = PRESENTATION_STYLE_ASSIGNMENT (( #4454 ) ) ;
#2528 = VECTOR ( 'NONE', #3085, 1000.000000000000000 ) ;
#2529 = STYLED_ITEM ( 'NONE', ( #1016 ), #972 ) ;
#2530 = EDGE_LOOP ( 'NONE', ( #2478, #7807, #4055, #6596 ) ) ;
#2531 = AXIS2_PLACEMENT_3D ( 'NONE', #627, #3118, #4889 ) ;
#2532 = AXIS2_PLACEMENT_3D ( 'NONE', #4434, #3689, #6180 ) ;
#2533 = CARTESIAN_POINT ( 'NONE',  ( 55.00000000000002132, -30.00000000000001421, -8.500000000000000000 ) ) ;
#2534 = FACE_BOUND ( 'NONE', #4250, .T. ) ;
#2535 = ORIENTED_EDGE ( 'NONE', *, *, #5034, .T. ) ;
#2536 = AXIS2_PLACEMENT_3D ( 'NONE', #7258, #4024, #2838 ) ;
#2537 = CARTESIAN_POINT ( 'NONE',  ( -32.50000000000000711, -32.50000000000000000, -123.0000000000000000 ) ) ;
#2538 = DIRECTION ( 'NONE',  ( -1.000000000000000000, 0.000000000000000000, 0.000000000000000000 ) ) ;
#2539 = FACE_OUTER_BOUND ( 'NONE', #6023, .T. ) ;
#2540 = DIRECTION ( 'NONE',  ( -0.000000000000000000, 0.000000000000000000, 1.000000000000000000 ) ) ;
#2541 = EDGE_CURVE ( 'NONE', #2487, #2660, #3639, .T. ) ;
#2542 = ORIENTED_EDGE ( 'NONE', *, *, #8081, .T. ) ;
#2543 = AXIS2_PLACEMENT_3D ( 'NONE', #7495, #6883, #6106 ) ;
#2544 = ADVANCED_BREP_SHAPE_REPRESENTATION ( '', ( #6375, #5854 ), #623 ) ;
#2545 = DIRECTION ( 'NONE',  ( 0.000000000000000000, 0.000000000000000000, -1.000000000000000000 ) ) ;
#2546 = VERTEX_POINT ( 'NONE', #4178 ) ;
#2547 = DIRECTION ( 'NONE',  ( -0.000000000000000000, -0.000000000000000000, 1.000000000000000000 ) ) ;
#2548 = CARTESIAN_POINT ( 'NONE',  ( 45.00000000000002132, -30.00000000000001421, 7.500000000000000000 ) ) ;
#2549 = DIRECTION ( 'NONE',  ( 0.000000000000000000, 0.000000000000000000, -1.000000000000000000 ) ) ;
#2550 = EDGE_CURVE ( 'NONE', #6704, #5170, #691, .T. ) ;
#2551 = EDGE_CURVE ( 'NONE', #745, #839, #5134, .T. ) ;
#2552 = ORIENTED_EDGE ( 'NONE', *, *, #35, .T. ) ;
#2553 = PLANE ( 'NONE',  #1659 ) ;
#2554 =( LENGTH_UNIT ( ) NAMED_UNIT ( * ) SI_UNIT ( .MILLI., .METRE. ) );
#2555 = DIRECTION ( 'NONE',  ( 1.000000000000000000, 0.000000000000000000, 0.000000000000000000 ) ) ;
#2556 = ORIENTED_EDGE ( 'NONE', *, *, #3708, .T. ) ;
#2557 = CARTESIAN_POINT ( 'NONE',  ( 3.000000000000000444, 9.539392014169484568, -170.0000000000000568 ) ) ;
#2558 = CARTESIAN_POINT ( 'NONE',  ( 4.000000000000001776, 10.00000000000000000, 7.500000000000000000 ) ) ;
#2559 = LINE ( 'NONE', #6857, #6314 ) ;
#2560 = ADVANCED_FACE ( 'NONE', ( #5599 ), #1768, .T. ) ;
#2561 = CIRCLE ( 'NONE', #7916, 2.000000000000001776 ) ;
#2562 = EDGE_LOOP ( 'NONE', ( #6156, #578, #6951 ) ) ;
#2563 = ORIENTED_EDGE ( 'NONE', *, *, #1415, .F. ) ;
#2564 = DIRECTION ( 'NONE',  ( -0.000000000000000000, -0.000000000000000000, -1.000000000000000000 ) ) ;
#2565 = CARTESIAN_POINT ( 'NONE',  ( -22.92893218813453515, 37.92893218813451739, 30.00000000000000000 ) ) ;
#2566 = ORIENTED_EDGE ( 'NONE', *, *, #8039, .T. ) ;
#2567 = VERTEX_POINT ( 'NONE', #4944 ) ;
#2568 = CARTESIAN_POINT ( 'NONE',  ( -31.74999999999995737, 0.000000000000000000, 2.500000000000000444 ) ) ;
#2569 =( NAMED_UNIT ( * ) PLANE_ANGLE_UNIT ( ) SI_UNIT ( $, .RADIAN. ) );
#2570 = EDGE_CURVE ( 'NONE', #7046, #6769, #2517, .T. ) ;
#2571 = VECTOR ( 'NONE', #2955, 1000.000000000000000 ) ;
#2572 = ORIENTED_EDGE ( 'NONE', *, *, #3098, .F. ) ;
#2573 = DIRECTION ( 'NONE',  ( 0.000000000000000000, 0.000000000000000000, 1.000000000000000000 ) ) ;
#2574 = CARTESIAN_POINT ( 'NONE',  ( 25.00000000000000000, 0.000000000000000000, -135.0000000000000000 ) ) ;
#2575 = ORIENTED_EDGE ( 'NONE', *, *, #3038, .T. ) ;
#2576 = VECTOR ( 'NONE', #7102, 1000.000000000000000 ) ;
#2577 = CYLINDRICAL_SURFACE ( 'NONE', #7454, 10.00000000000000178 ) ;
#2578 = DIRECTION ( 'NONE',  ( -0.000000000000000000, -0.000000000000000000, 1.000000000000000000 ) ) ;
#2579 = DIRECTION ( 'NONE',  ( 0.000000000000000000, 0.000000000000000000, 1.000000000000000000 ) ) ;
#2580 = EDGE_CURVE ( 'NONE', #6470, #500, #5479, .T. ) ;
#2581 = ORIENTED_EDGE ( 'NONE', *, *, #293, .T. ) ;
#2582 = CARTESIAN_POINT ( 'NONE',  ( 0.000000000000000000, 0.000000000000000000, 30.00000000000000000 ) ) ;
#2583 = ORIENTED_EDGE ( 'NONE', *, *, #4395, .F. ) ;
#2584 = EDGE_LOOP ( 'NONE', ( #1243, #2893, #2092, #885 ) ) ;
#2585 = DIRECTION ( 'NONE',  ( 0.000000000000000000, 0.000000000000000000, 1.000000000000000000 ) ) ;
#2586 = EDGE_CURVE ( 'NONE', #3087, #756, #3557, .T. ) ;
#2587 = LINE ( 'NONE', #5085, #7606 ) ;
#2588 = DIRECTION ( 'NONE',  ( 0.000000000000000000, -0.5000000000000009992, -0.8660254037844380415 ) ) ;
#2589 = ORIENTED_EDGE ( 'NONE', *, *, #1050, .T. ) ;
#2590 = CARTESIAN_POINT ( 'NONE',  ( -44.00000000000000711, -15.00000000000000000, 7.500000000000000000 ) ) ;
#2591 = AXIS2_PLACEMENT_3D ( 'NONE', #704, #3195, #4429 ) ;
#2592 = FACE_OUTER_BOUND ( 'NONE', #3047, .T. ) ;
#2593 = CARTESIAN_POINT ( 'NONE',  ( 32.50000000000000711, 32.50000000000000000, -120.0000000000000000 ) ) ;
#2594 = EDGE_LOOP ( 'NONE', ( #3745, #1328, #4970, #76 ) ) ;
#2595 = DIRECTION ( 'NONE',  ( -0.000000000000000000, 1.000000000000000000, -0.000000000000000000 ) ) ;
#2596 = DIRECTION ( 'NONE',  ( 0.000000000000000000, 0.000000000000000000, 1.000000000000000000 ) ) ;
#2597 = CARTESIAN_POINT ( 'NONE',  ( 35.00000000000001421, -32.50000000000000000, -120.0000000000000000 ) ) ;
#2598 = EDGE_CURVE ( 'NONE', #801, #963, #2002, .T. ) ;
#2599 = ADVANCED_FACE ( 'NONE', ( #6709 ), #6128, .F. ) ;
#2600 = EDGE_CURVE ( 'NONE', #7562, #4688, #2009, .T. ) ;
#2601 = ORIENTED_EDGE ( 'NONE', *, *, #6916, .T. ) ;
#2602 = ORIENTED_EDGE ( 'NONE', *, *, #6615, .T. ) ;
#2603 = FACE_OUTER_BOUND ( 'NONE', #6406, .T. ) ;
#2604 = VECTOR ( 'NONE', #1230, 1000.000000000000000 ) ;
#2605 = ADVANCED_FACE ( 'NONE', ( #2944 ), #5442, .T. ) ;
#2606 = CARTESIAN_POINT ( 'NONE',  ( 15.00000000000000000, -2.500000000000002665, -5.510910596163088767E-15 ) ) ;
#2607 = ORIENTED_EDGE ( 'NONE', *, *, #1903, .F. ) ;
#2608 = ORIENTED_EDGE ( 'NONE', *, *, #295, .F. ) ;
#2609 = DIRECTION ( 'NONE',  ( -0.000000000000000000, -0.000000000000000000, 1.000000000000000000 ) ) ;
#2610 = EDGE_CURVE ( 'NONE', #7348, #1626, #3602, .T. ) ;
#2611 = AXIS2_PLACEMENT_3D ( 'NONE', #3715, #7515, #635 ) ;
#2612 = ORIENTED_EDGE ( 'NONE', *, *, #2732, .F. ) ;
#2613 = CARTESIAN_POINT ( 'NONE',  ( -25.00000000000000355, -1.081617080994607490E-14, 2.499999999999999556 ) ) ;
#2614 = DIRECTION ( 'NONE',  ( 0.000000000000000000, 0.000000000000000000, 1.000000000000000000 ) ) ;
#2615 = EDGE_LOOP ( 'NONE', ( #1637, #2019, #656, #4983 ) ) ;
#2616 = MECHANICAL_DESIGN_GEOMETRIC_PRESENTATION_REPRESENTATION (  '', ( #6137 ), #4193 ) ;
#2617 = FACE_OUTER_BOUND ( 'NONE', #3461, .T. ) ;
#2618 = FACE_OUTER_BOUND ( 'NONE', #6100, .T. ) ;
#2619 = EDGE_CURVE ( 'NONE', #4552, #7890, #1608, .T. ) ;
#2620 = DIRECTION ( 'NONE',  ( 0.000000000000000000, -1.000000000000000000, 0.000000000000000000 ) ) ;
#2621 = ORIENTED_EDGE ( 'NONE', *, *, #5914, .F. ) ;
#2622 = DIRECTION ( 'NONE',  ( -0.7071067811865414665, 8.659560562354856437E-17, 0.7071067811865536790 ) ) ;
#2623 = ORIENTED_EDGE ( 'NONE', *, *, #1105, .F. ) ;
#2624 = DIRECTION ( 'NONE',  ( 1.000000000000000000, 1.665334536937734811E-16, 0.000000000000000000 ) ) ;
#2625 = ORIENTED_EDGE ( 'NONE', *, *, #6547, .T. ) ;
#2626 = PLANE ( 'NONE',  #6988 ) ;
#2627 = CARTESIAN_POINT ( 'NONE',  ( -44.00000000000000000, -15.00000000000000000, -0.5000000000000004441 ) ) ;
#2628 = DIRECTION ( 'NONE',  ( 0.000000000000000000, 1.000000000000000000, 0.000000000000000000 ) ) ;
#2629 = CIRCLE ( 'NONE', #6937, 10.00000000000000178 ) ;
#2630 = VERTEX_POINT ( 'NONE', #567 ) ;
#2631 = AXIS2_PLACEMENT_3D ( 'NONE', #4586, #3848, #7684 ) ;
#2632 = CYLINDRICAL_SURFACE ( 'NONE', #6999, 10.00000000000000178 ) ;
#2633 = AXIS2_PLACEMENT_3D ( 'NONE', #3521, #4100, #4182 ) ;
#2634 = PRODUCT_RELATED_PRODUCT_CATEGORY ( 'part', '', ( #8080 ) ) ;
#2635 = LINE ( 'NONE', #3334, #4503 ) ;
#2636 = EDGE_LOOP ( 'NONE', ( #7184, #1892, #1288, #2282 ) ) ;
#2637 = DIRECTION ( 'NONE',  ( 1.000000000000000000, -9.251858538542963939E-16, -0.000000000000000000 ) ) ;
#2638 = DIRECTION ( 'NONE',  ( 5.204170427930421283E-16, -1.000000000000000000, 0.000000000000000000 ) ) ;
#2639 = DIRECTION ( 'NONE',  ( 1.000000000000000000, -0.000000000000000000, 0.000000000000000000 ) ) ;
#2640 = EDGE_CURVE ( 'NONE', #3855, #5450, #1802, .T. ) ;
#2641 = ORIENTED_EDGE ( 'NONE', *, *, #1816, .T. ) ;
#2642 = ORIENTED_EDGE ( 'NONE', *, *, #7135, .T. ) ;
#2643 = DIRECTION ( 'NONE',  ( 0.000000000000000000, 0.000000000000000000, -1.000000000000000000 ) ) ;
#2644 = ORIENTED_EDGE ( 'NONE', *, *, #4905, .T. ) ;
#2645 = EDGE_LOOP ( 'NONE', ( #2728, #3290 ) ) ;
#2646 = DIRECTION ( 'NONE',  ( 1.000000000000000000, 0.000000000000000000, 0.000000000000000000 ) ) ;
#2647 = DIRECTION ( 'NONE',  ( -1.000000000000000000, 0.000000000000000000, -2.407412430484044543E-32 ) ) ;
#2648 = VECTOR ( 'NONE', #3986, 1000.000000000000000 ) ;
#2649 = ADVANCED_FACE ( 'NONE', ( #4296 ), #2375, .F. ) ;
#2650 = VECTOR ( 'NONE', #5286, 1000.000000000000000 ) ;
#2651 = VECTOR ( 'NONE', #5635, 1000.000000000000000 ) ;
#2652 = VECTOR ( 'NONE', #6115, 1000.000000000000000 ) ;
#2653 = ADVANCED_FACE ( 'NONE', ( #6092 ), #7364, .T. ) ;
#2654 = VERTEX_POINT ( 'NONE', #3726 ) ;
#2655 = VECTOR ( 'NONE', #3623, 1000.000000000000000 ) ;
#2656 = AXIS2_PLACEMENT_3D ( 'NONE', #1893, #4380, #25 ) ;
#2657 = LINE ( 'NONE', #3424, #1701 ) ;
#2658 = AXIS2_PLACEMENT_3D ( 'NONE', #3247, #6, #721 ) ;
#2659 = LINE ( 'NONE', #5114, #5528 ) ;
#2660 = VERTEX_POINT ( 'NONE', #6210 ) ;
#2661 = PLANE ( 'NONE',  #6672 ) ;
#2662 = CARTESIAN_POINT ( 'NONE',  ( -27.19669914110090403, -27.19669914110090048, 0.000000000000000000 ) ) ;
#2663 = CYLINDRICAL_SURFACE ( 'NONE', #4421, 0.2500000000000002220 ) ;
#2664 = VECTOR ( 'NONE', #175, 1000.000000000000000 ) ;
#2665 = EDGE_LOOP ( 'NONE', ( #3386, #6460, #638, #7058 ) ) ;
#2666 = AXIS2_PLACEMENT_3D ( 'NONE', #2995, #4232, #2841 ) ;
#2667 = EDGE_CURVE ( 'NONE', #4479, #5725, #7282, .T. ) ;
#2668 = VECTOR ( 'NONE', #7312, 1000.000000000000000 ) ;
#2669 = CARTESIAN_POINT ( 'NONE',  ( -38.00000000000000711, 37.99999999999999289, -130.0000000000000000 ) ) ;
#2670 = ORIENTED_EDGE ( 'NONE', *, *, #236, .F. ) ;
#2671 = DIRECTION ( 'NONE',  ( 0.000000000000000000, 0.000000000000000000, -1.000000000000000000 ) ) ;
#2672 = CIRCLE ( 'NONE', #1238, 15.00000000000000000 ) ;
#2673 = DIRECTION ( 'NONE',  ( 0.000000000000000000, 0.000000000000000000, -1.000000000000000000 ) ) ;
#2674 = CARTESIAN_POINT ( 'NONE',  ( -25.00000000000000711, -32.50000000000000000, -15.00000000000001421 ) ) ;
#2675 = DIRECTION ( 'NONE',  ( 0.000000000000000000, 0.000000000000000000, -1.000000000000000000 ) ) ;
#2676 = DIRECTION ( 'NONE',  ( -1.000000000000000000, 0.000000000000000000, 0.000000000000000000 ) ) ;
#2677 = ORIENTED_EDGE ( 'NONE', *, *, #3708, .F. ) ;
#2678 = CARTESIAN_POINT ( 'NONE',  ( -37.99999999999999289, -38.00000000000000711, -130.0000000000000000 ) ) ;
#2679 = CARTESIAN_POINT ( 'NONE',  ( 0.2500000000000019984, -9.000000000000003553, 7.249999999999999112 ) ) ;
#2680 = VECTOR ( 'NONE', #7612, 1000.000000000000000 ) ;
#2681 = ORIENTED_EDGE ( 'NONE', *, *, #3333, .T. ) ;
#2682 = CARTESIAN_POINT ( 'NONE',  ( 4.653657838896438385E-15, 10.00000000000000000, -139.0000000000000000 ) ) ;
#2683 = CARTESIAN_POINT ( 'NONE',  ( 6.750000000000001776, 4.750000000000000000, 7.249999999999999112 ) ) ;
#2684 = DIRECTION ( 'NONE',  ( 0.000000000000000000, 0.000000000000000000, -1.000000000000000000 ) ) ;
#2685 = ORIENTED_EDGE ( 'NONE', *, *, #2887, .F. ) ;
#2686 = ORIENTED_EDGE ( 'NONE', *, *, #5793, .F. ) ;
#2687 = DIRECTION ( 'NONE',  ( 1.000000000000000000, 0.000000000000000000, 0.000000000000000000 ) ) ;
#2688 = CARTESIAN_POINT ( 'NONE',  ( -40.00000000000001421, 15.00000000000000000, 7.500000000000000000 ) ) ;
#2689 = VERTEX_POINT ( 'NONE', #1786 ) ;
#2690 = EDGE_LOOP ( 'NONE', ( #8083, #2862, #1989, #2035 ) ) ;
#2691 = FACE_BOUND ( 'NONE', #5258, .T. ) ;
#2692 = DIRECTION ( 'NONE',  ( -0.5000000000000035527, 0.000000000000000000, 0.8660254037844365982 ) ) ;
#2693 = AXIS2_PLACEMENT_3D ( 'NONE', #7882, #6227, #3590 ) ;
#2694 = ORIENTED_EDGE ( 'NONE', *, *, #2352, .T. ) ;
#2695 = FACE_OUTER_BOUND ( 'NONE', #61, .T. ) ;
#2696 = ADVANCED_FACE ( 'NONE', ( #377 ), #4161, .F. ) ;
#2697 = PLANE ( 'NONE',  #7098 ) ;
#2698 = ORIENTED_EDGE ( 'NONE', *, *, #701, .F. ) ;
#2699 = DIRECTION ( 'NONE',  ( 0.000000000000000000, -0.7071067811865500152, -0.7071067811865451302 ) ) ;
#2700 = FACE_OUTER_BOUND ( 'NONE', #3640, .T. ) ;
#2701 = CARTESIAN_POINT ( 'NONE',  ( 15.00000000000000000, 3.500000000000000000, -2.000000000000012434 ) ) ;
#2702 = VECTOR ( 'NONE', #4342, 1000.000000000000000 ) ;
#2703 = EDGE_CURVE ( 'NONE', #4890, #3718, #5546, .T. ) ;
#2704 = EDGE_CURVE ( 'NONE', #7885, #7894, #7956, .T. ) ;
#2705 = ORIENTED_EDGE ( 'NONE', *, *, #2323, .F. ) ;
#2706 = AXIS2_PLACEMENT_3D ( 'NONE', #1392, #6330, #5723 ) ;
#2707 = DIRECTION ( 'NONE',  ( 0.000000000000000000, 0.000000000000000000, -1.000000000000000000 ) ) ;
#2708 = EDGE_CURVE ( 'NONE', #1953, #6770, #3031, .T. ) ;
#2709 = ORIENTED_EDGE ( 'NONE', *, *, #1846, .F. ) ;
#2710 = SHAPE_DEFINITION_REPRESENTATION ( #4166, #3269 ) ;
#2711 = DIRECTION ( 'NONE',  ( 1.000000000000000000, 0.000000000000000000, 0.000000000000000000 ) ) ;
#2712 = CARTESIAN_POINT ( 'NONE',  ( 0.000000000000000000, -9.750000000000000000, -7.500000000000000000 ) ) ;
#2713 = EDGE_CURVE ( 'NONE', #7302, #7072, #8036, .T. ) ;
#2714 = DIRECTION ( 'NONE',  ( 0.000000000000000000, -0.000000000000000000, 1.000000000000000000 ) ) ;
#2715 = CARTESIAN_POINT ( 'NONE',  ( -36.00000000000000000, -15.00000000000000000, 7.500000000000000000 ) ) ;
#2716 = EDGE_CURVE ( 'NONE', #2546, #7046, #3662, .T. ) ;
#2717 = ORIENTED_EDGE ( 'NONE', *, *, #2821, .F. ) ;
#2718 = DIRECTION ( 'NONE',  ( 0.000000000000000000, 0.000000000000000000, 1.000000000000000000 ) ) ;
#2719 = ADVANCED_FACE ( 'NONE', ( #5500 ), #501, .F. ) ;
#2720 = DIRECTION ( 'NONE',  ( 0.000000000000000000, 0.000000000000000000, -1.000000000000000000 ) ) ;
#2721 = ORIENTED_EDGE ( 'NONE', *, *, #6647, .F. ) ;
#2722 = CARTESIAN_POINT ( 'NONE',  ( 15.00000000000000000, 3.500000000000000000, 2.000000000000001332 ) ) ;
#2723 = DIRECTION ( 'NONE',  ( -0.000000000000000000, 1.000000000000000000, -0.000000000000000000 ) ) ;
#2724 = ORIENTED_EDGE ( 'NONE', *, *, #6257, .F. ) ;
#2725 = ORIENTED_EDGE ( 'NONE', *, *, #592, .F. ) ;
#2726 = DIRECTION ( 'NONE',  ( 0.000000000000000000, 0.000000000000000000, 1.000000000000000000 ) ) ;
#2727 = DIRECTION ( 'NONE',  ( 1.000000000000000000, 0.000000000000000000, -3.009265538105055678E-33 ) ) ;
#2728 = ORIENTED_EDGE ( 'NONE', *, *, #1010, .T. ) ;
#2729 = VERTEX_POINT ( 'NONE', #7994 ) ;
#2730 = LINE ( 'NONE', #4613, #4803 ) ;
#2731 = DIRECTION ( 'NONE',  ( 1.000000000000000000, 0.000000000000000000, 0.000000000000000000 ) ) ;
#2732 = EDGE_CURVE ( 'NONE', #7744, #2654, #6728, .T. ) ;
#2733 = AXIS2_PLACEMENT_3D ( 'NONE', #7284, #3519, #3641 ) ;
#2734 = ORIENTED_EDGE ( 'NONE', *, *, #4521, .F. ) ;
#2735 = FACE_BOUND ( 'NONE', #3323, .T. ) ;
#2736 = FACE_OUTER_BOUND ( 'NONE', #421, .T. ) ;
#2737 = ORIENTED_EDGE ( 'NONE', *, *, #2157, .T. ) ;
#2738 = FACE_BOUND ( 'NONE', #600, .T. ) ;
#2739 = LINE ( 'NONE', #271, #7678 ) ;
#2740 = EDGE_CURVE ( 'NONE', #1500, #57, #2885, .T. ) ;
#2741 = ORIENTED_EDGE ( 'NONE', *, *, #7263, .T. ) ;
#2742 = FACE_BOUND ( 'NONE', #3592, .T. ) ;
#2743 = AXIS2_PLACEMENT_3D ( 'NONE', #3049, #5553, #8043 ) ;
#2744 = CARTESIAN_POINT ( 'NONE',  ( 7.000000000000001776, 0.000000000000000000, 0.000000000000000000 ) ) ;
#2745 = EDGE_LOOP ( 'NONE', ( #7151, #4720, #2836 ) ) ;
#2746 = APPLICATION_PROTOCOL_DEFINITION ( 'draft international standard', 'automotive_design', 1998, #413 ) ;
#2747 =( BOUNDED_CURVE ( )  B_SPLINE_CURVE ( 3, ( #7084, #5257, #1037, #2919 ),
 .UNSPECIFIED., .F., .F. ) 
 B_SPLINE_CURVE_WITH_KNOTS ( ( 4, 4 ),
 ( 1.570796326794896558, 3.141592653589793116 ),
 .UNSPECIFIED. ) 
 CURVE ( )  GEOMETRIC_REPRESENTATION_ITEM ( )  RATIONAL_B_SPLINE_CURVE ( ( 1.000000000000000000, 0.8047378541243649375, 0.8047378541243649375, 1.000000000000000000 ) ) 
 REPRESENTATION_ITEM ( '' )  );
#2748 = FACE_OUTER_BOUND ( 'NONE', #4823, .T. ) ;
#2749 = CARTESIAN_POINT ( 'NONE',  ( 0.000000000000000000, 0.000000000000000000, 2.499999999999999556 ) ) ;
#2750 = DIRECTION ( 'NONE',  ( 0.000000000000000000, 0.000000000000000000, 1.000000000000000000 ) ) ;
#2751 = DIRECTION ( 'NONE',  ( -1.000000000000000000, -0.000000000000000000, -0.000000000000000000 ) ) ;
#2752 = EDGE_CURVE ( 'NONE', #5873, #7632, #4616, .T. ) ;
#2753 = CIRCLE ( 'NONE', #1710, 2.499999999999988454 ) ;
#2754 = ORIENTED_EDGE ( 'NONE', *, *, #505, .T. ) ;
#2755 = EDGE_LOOP ( 'NONE', ( #7911, #1248 ) ) ;
#2756 = ADVANCED_FACE ( 'NONE', ( #4199 ), #1630, .F. ) ;
#2757 = CARTESIAN_POINT ( 'NONE',  ( -27.48053287425020841, 26.92730318665038070, -115.0000000000000142 ) ) ;
#2758 = DIRECTION ( 'NONE',  ( 1.000000000000000000, 0.000000000000000000, 0.000000000000000000 ) ) ;
#2759 = DIRECTION ( 'NONE',  ( -0.000000000000000000, -0.000000000000000000, 1.000000000000000000 ) ) ;
#2760 = AXIS2_PLACEMENT_3D ( 'NONE', #524, #3560, #5483 ) ;
#2761 = VERTEX_POINT ( 'NONE', #6766 ) ;
#2762 = CARTESIAN_POINT ( 'NONE',  ( -46.50000000000001421, 15.00000000000000000, -0.5000000000000004441 ) ) ;
#2763 = DIRECTION ( 'NONE',  ( 1.000000000000000000, 0.000000000000000000, -1.879283765641541183E-16 ) ) ;
#2764 = AXIS2_PLACEMENT_3D ( 'NONE', #6738, #3013, #1060 ) ;
#2765 = AXIS2_PLACEMENT_3D ( 'NONE', #403, #1149, #2338 ) ;
#2766 = EDGE_CURVE ( 'NONE', #7846, #6037, #8009, .T. ) ;
#2767 = VERTEX_POINT ( 'NONE', #6684 ) ;
#2768 = ORIENTED_EDGE ( 'NONE', *, *, #6366, .F. ) ;
#2769 = CARTESIAN_POINT ( 'NONE',  ( 0.000000000000000000, -1.759474945355381736, 3.047500000000000320 ) ) ;
#2770 = AXIS2_PLACEMENT_3D ( 'NONE', #6059, #4912, #2948 ) ;
#2771 = LINE ( 'NONE', #7301, #2916 ) ;
#2772 = EDGE_LOOP ( 'NONE', ( #443, #1974, #3646, #5694 ) ) ;
#2773 = DIRECTION ( 'NONE',  ( -0.000000000000000000, -0.000000000000000000, -1.000000000000000000 ) ) ;
#2774 = CARTESIAN_POINT ( 'NONE',  ( 25.00000000000000711, 40.00000000000000711, -15.00000000000001421 ) ) ;
#2775 = VERTEX_POINT ( 'NONE', #541 ) ;
#2776 = CARTESIAN_POINT ( 'NONE',  ( -32.49999999999999289, 32.50000000000000000, 7.500000000000000000 ) ) ;
#2777 = CARTESIAN_POINT ( 'NONE',  ( 6.750000000000001776, 4.750000000000000000, -7.249999999999999112 ) ) ;
#2778 = ORIENTED_EDGE ( 'NONE', *, *, #3393, .T. ) ;
#2779 = CARTESIAN_POINT ( 'NONE',  ( 32.50000000000000711, -32.50000000000000000, -120.0000000000000000 ) ) ;
#2780 = CARTESIAN_POINT ( 'NONE',  ( 33.46194077712560500, 0.000000000000000000, 30.00000000000000000 ) ) ;
#2781 = APPLICATION_CONTEXT ( 'automotive_design' ) ;
#2782 = ORIENTED_EDGE ( 'NONE', *, *, #1553, .T. ) ;
#2783 = CIRCLE ( 'NONE', #2131, 5.700000000000001066 ) ;
#2784 = AXIS2_PLACEMENT_3D ( 'NONE', #3061, #4830, #4217 ) ;
#2785 = VECTOR ( 'NONE', #2647, 1000.000000000000000 ) ;
#2786 = DIRECTION ( 'NONE',  ( 1.000000000000000000, 0.000000000000000000, 0.000000000000000000 ) ) ;
#2787 = DIRECTION ( 'NONE',  ( 1.000000000000000000, 0.000000000000000000, 0.000000000000000000 ) ) ;
#2788 = EDGE_LOOP ( 'NONE', ( #4556, #2583, #764, #7822, #1732, #5803, #6732, #6654 ) ) ;
#2789 = VERTEX_POINT ( 'NONE', #4853 ) ;
#2790 = DIRECTION ( 'NONE',  ( 1.000000000000000000, 0.000000000000000000, -0.000000000000000000 ) ) ;
#2791 = EDGE_CURVE ( 'NONE', #3995, #3511, #3571, .T. ) ;
#2792 = AXIS2_PLACEMENT_3D ( 'NONE', #7682, #6992, #647 ) ;
#2793 = CARTESIAN_POINT ( 'NONE',  ( -32.49999999999999289, -32.50000000000000000, -8.500000000000000000 ) ) ;
#2794 = CARTESIAN_POINT ( 'NONE',  ( -3.000000000000000444, 7.416198487095789105, -172.0000000000000000 ) ) ;
#2795 = AXIS2_PLACEMENT_3D ( 'NONE', #4035, #5305, #7795 ) ;
#2796 = AXIS2_PLACEMENT_3D ( 'NONE', #7965, #7426, #1057 ) ;
#2797 = ORIENTED_EDGE ( 'NONE', *, *, #5561, .T. ) ;
#2798 = CARTESIAN_POINT ( 'NONE',  ( -15.00000000000000000, -2.500000000000002665, 3.000000000000004441 ) ) ;
#2799 = AXIS2_PLACEMENT_3D ( 'NONE', #7006, #2183, #5213 ) ;
#2800 = CARTESIAN_POINT ( 'NONE',  ( -32.50000000000000711, 32.50000000000000000, -15.00000000000001421 ) ) ;
#2801 = ADVANCED_FACE ( 'NONE', ( #1673 ), #3309, .T. ) ;
#2802 = CARTESIAN_POINT ( 'NONE',  ( 25.00000000000000711, 40.00000000000000711, -120.0000000000000000 ) ) ;
#2803 = ORIENTED_EDGE ( 'NONE', *, *, #46, .T. ) ;
#2804 = CARTESIAN_POINT ( 'NONE',  ( -2.694477494710575183, 9.630467697701561747, -140.6665706983992266 ) ) ;
#2805 = DIRECTION ( 'NONE',  ( 1.000000000000000000, 0.000000000000000000, 0.000000000000000000 ) ) ;
#2806 = ADVANCED_FACE ( 'NONE', ( #422 ), #1047, .T. ) ;
#2807 = EDGE_CURVE ( 'NONE', #345, #2405, #7445, .T. ) ;
#2808 = AXIS2_PLACEMENT_3D ( 'NONE', #1563, #280, #2790 ) ;
#2809 = ORIENTED_EDGE ( 'NONE', *, *, #1705, .T. ) ;
#2810 = CARTESIAN_POINT ( 'NONE',  ( 32.50000000000000711, 32.50000000000000000, -123.0000000000000000 ) ) ;
#2811 = CARTESIAN_POINT ( 'NONE',  ( -44.00000000000000711, -15.00000000000000000, -8.500000000000000000 ) ) ;
#2812 = ORIENTED_EDGE ( 'NONE', *, *, #2067, .T. ) ;
#2813 = CARTESIAN_POINT ( 'NONE',  ( 20.00000000000000355, 0.000000000000000000, 0.000000000000000000 ) ) ;
#2814 = CARTESIAN_POINT ( 'NONE',  ( 0.000000000000000000, 0.000000000000000000, 0.000000000000000000 ) ) ;
#2815 = EDGE_CURVE ( 'NONE', #2072, #4604, #6443, .T. ) ;
#2816 = ORIENTED_EDGE ( 'NONE', *, *, #1846, .T. ) ;
#2817 = ORIENTED_EDGE ( 'NONE', *, *, #5296, .F. ) ;
#2818 = PLANE ( 'NONE',  #1561 ) ;
#2819 = FILL_AREA_STYLE ('',( #4663 ) ) ;
#2820 = ORIENTED_EDGE ( 'NONE', *, *, #7838, .T. ) ;
#2821 = EDGE_CURVE ( 'NONE', #1471, #4106, #3120, .T. ) ;
#2822 = EDGE_LOOP ( 'NONE', ( #6727, #1298, #6618, #2504 ) ) ;
#2823 = CARTESIAN_POINT ( 'NONE',  ( 6.750000000000001776, 5.000000000000000000, 7.500000000000000000 ) ) ;
#2824 = EDGE_LOOP ( 'NONE', ( #6627, #4384, #135, #3479 ) ) ;
#2825 = CARTESIAN_POINT ( 'NONE',  ( 0.7805591905925090002, 9.971383561082387104, -139.0965785619205803 ) ) ;
#2826 = CARTESIAN_POINT ( 'NONE',  ( 15.00000000000000000, -2.500000000000002665, 2.999999999999998668 ) ) ;
#2827 = VECTOR ( 'NONE', #5080, 1000.000000000000000 ) ;
#2828 = VERTEX_POINT ( 'NONE', #6271 ) ;
#2829 = DIRECTION ( 'NONE',  ( -1.000000000000000000, -1.232595164407830946E-32, -1.011922027653137636E-16 ) ) ;
#2830 = CARTESIAN_POINT ( 'NONE',  ( 15.00000000000000000, 3.500000000000000000, -5.510910596163088767E-15 ) ) ;
#2831 = DIRECTION ( 'NONE',  ( -0.000000000000000000, -0.000000000000000000, -1.000000000000000000 ) ) ;
#2832 = FACE_OUTER_BOUND ( 'NONE', #6117, .T. ) ;
#2833 = CARTESIAN_POINT ( 'NONE',  ( 0.000000000000000000, 0.000000000000000000, -130.0000000000000000 ) ) ;
#2834 =( REPRESENTATION_RELATIONSHIP ('NONE','NONE', #4940, #5518 ) REPRESENTATION_RELATIONSHIP_WITH_TRANSFORMATION ( #6074 )SHAPE_REPRESENTATION_RELATIONSHIP( ) );
#2835 = ADVANCED_FACE ( 'NONE', ( #3208 ), #1949, .T. ) ;
#2836 = ORIENTED_EDGE ( 'NONE', *, *, #4847, .F. ) ;
#2837 = LINE ( 'NONE', #992, #5048 ) ;
#2838 = DIRECTION ( 'NONE',  ( 0.000000000000000000, 0.000000000000000000, 1.000000000000000000 ) ) ;
#2839 = CARTESIAN_POINT ( 'NONE',  ( -25.00000000000000711, 33.51954211927168359, 30.00000000000000000 ) ) ;
#2840 = EDGE_LOOP ( 'NONE', ( #5596, #3629, #2935, #1522, #774 ) ) ;
#2841 = DIRECTION ( 'NONE',  ( 0.000000000000000000, 0.000000000000000000, -1.000000000000000000 ) ) ;
#2842 = AXIS2_PLACEMENT_3D ( 'NONE', #7797, #7178, #7675 ) ;
#2843 = FACE_OUTER_BOUND ( 'NONE', #97, .T. ) ;
#2844 = AXIS2_PLACEMENT_3D ( 'NONE', #4987, #3145, #4551 ) ;
#2845 = ORIENTED_EDGE ( 'NONE', *, *, #5648, .F. ) ;
#2846 = SURFACE_SIDE_STYLE ('',( #1739 ) ) ;
#2847 = CARTESIAN_POINT ( 'NONE',  ( 2.500000000000000000, 2.357898499370432166, -1.951563910473907981E-15 ) ) ;
#2848 = EDGE_LOOP ( 'NONE', ( #6065, #5590, #4732, #2566 ) ) ;
#2849 = LINE ( 'NONE', #3462, #3096 ) ;
#2850 = FACE_OUTER_BOUND ( 'NONE', #5206, .T. ) ;
#2851 = CARTESIAN_POINT ( 'NONE',  ( 40.00000000000000000, 37.99999999999999289, -130.0000000000000000 ) ) ;
#2852 = AXIS2_PLACEMENT_3D ( 'NONE', #7855, #6543, #5288 ) ;
#2853 = EDGE_CURVE ( 'NONE', #4577, #6032, #6191, .T. ) ;
#2854 = CARTESIAN_POINT ( 'NONE',  ( -27.48053287425020841, 26.92730318665038070, -15.00000000000001421 ) ) ;
#2855 = EDGE_CURVE ( 'NONE', #4420, #5678, #673, .T. ) ;
#2856 = EDGE_LOOP ( 'NONE', ( #6343, #4399, #6984, #1679 ) ) ;
#2857 = ORIENTED_EDGE ( 'NONE', *, *, #6852, .F. ) ;
#2858 = CARTESIAN_POINT ( 'NONE',  ( 4.000000000000000000, -3.518949890710769246, 3.035766082959412415E-15 ) ) ;
#2859 = SURFACE_SIDE_STYLE ('',( #348 ) ) ;
#2860 = ORIENTED_EDGE ( 'NONE', *, *, #5640, .F. ) ;
#2861 =( GEOMETRIC_REPRESENTATION_CONTEXT ( 3 ) GLOBAL_UNCERTAINTY_ASSIGNED_CONTEXT ( ( #2410 ) ) GLOBAL_UNIT_ASSIGNED_CONTEXT ( ( #784, #744, #6920 ) ) REPRESENTATION_CONTEXT ( 'NONE', 'WORKASPACE' ) );
#2862 = ORIENTED_EDGE ( 'NONE', *, *, #8054, .F. ) ;
#2863 = FACE_OUTER_BOUND ( 'NONE', #3398, .T. ) ;
#2864 = ORIENTED_EDGE ( 'NONE', *, *, #8095, .F. ) ;
#2865 = CARTESIAN_POINT ( 'NONE',  ( 0.3925754528584875502, 9.994180671073314315, -139.0192260718177977 ) ) ;
#2866 = ADVANCED_FACE ( 'NONE', ( #4441 ), #6933, .F. ) ;
#2867 = LINE ( 'NONE', #6016, #547 ) ;
#2868 = VERTEX_POINT ( 'NONE', #1340 ) ;
#2869 = DIRECTION ( 'NONE',  ( 1.000000000000000000, 0.000000000000000000, 0.000000000000000000 ) ) ;
#2870 = AXIS2_PLACEMENT_3D ( 'NONE', #2858, #2291, #435 ) ;
#2871 = PLANE ( 'NONE',  #4072 ) ;
#2872 = FACE_OUTER_BOUND ( 'NONE', #4413, .T. ) ;
#2873 = DIRECTION ( 'NONE',  ( -0.000000000000000000, -1.000000000000000000, -0.000000000000000000 ) ) ;
#2874 = ORIENTED_EDGE ( 'NONE', *, *, #2387, .T. ) ;
#2875 = DIRECTION ( 'NONE',  ( -1.000000000000000000, -0.000000000000000000, -0.000000000000000000 ) ) ;
#2876 = CARTESIAN_POINT ( 'NONE',  ( -40.00000000000000711, 39.99999999999999289, 0.000000000000000000 ) ) ;
#2877 = CARTESIAN_POINT ( 'NONE',  ( 0.000000000000000000, 9.750000000000000000, 7.249999999999999112 ) ) ;
#2878 = VERTEX_POINT ( 'NONE', #3083 ) ;
#2879 = CARTESIAN_POINT ( 'NONE',  ( 40.00000000000000711, -40.00000000000000711, -120.0000000000000000 ) ) ;
#2880 = PRESENTATION_LAYER_ASSIGNMENT (  '', '', ( #515 ) ) ;
#2881 = DIRECTION ( 'NONE',  ( -0.000000000000000000, -0.000000000000000000, 1.000000000000000000 ) ) ;
#2882 = DIRECTION ( 'NONE',  ( 0.000000000000000000, 0.000000000000000000, -1.000000000000000000 ) ) ;
#2883 = CARTESIAN_POINT ( 'NONE',  ( 25.00000000000000000, 2.789133085058097101E-16, -2.055000000000000160 ) ) ;
#2884 = ORIENTED_EDGE ( 'NONE', *, *, #641, .T. ) ;
#2885 = LINE ( 'NONE', #2930, #1476 ) ;
#2886 = CARTESIAN_POINT ( 'NONE',  ( -34.99999999999999289, 32.50000000000000000, -8.500000000000000000 ) ) ;
#2887 = EDGE_CURVE ( 'NONE', #2126, #7562, #6832, .T. ) ;
#2888 = LINE ( 'NONE', #4930, #2391 ) ;
#2889 = CIRCLE ( 'NONE', #7194, 0.2500000000000002220 ) ;
#2890 = AXIS2_PLACEMENT_3D ( 'NONE', #321, #1692, #4183 ) ;
#2891 = DIRECTION ( 'NONE',  ( 1.000000000000000000, 0.000000000000000000, 0.000000000000000000 ) ) ;
#2892 = AXIS2_PLACEMENT_3D ( 'NONE', #4045, #5931, #7808 ) ;
#2893 = ORIENTED_EDGE ( 'NONE', *, *, #1764, .T. ) ;
#2894 = VERTEX_POINT ( 'NONE', #3822 ) ;
#2895 = CARTESIAN_POINT ( 'NONE',  ( -40.00000000000000711, -25.00000000000000000, -120.0000000000000000 ) ) ;
#2896 = PLANE ( 'NONE',  #5155 ) ;
#2897 = ORIENTED_EDGE ( 'NONE', *, *, #6142, .T. ) ;
#2898 = ORIENTED_EDGE ( 'NONE', *, *, #5497, .T. ) ;
#2899 = DIRECTION ( 'NONE',  ( -1.000000000000000000, 0.000000000000000000, 0.000000000000000000 ) ) ;
#2900 = EDGE_CURVE ( 'NONE', #5639, #4479, #558, .T. ) ;
#2901 = ORIENTED_EDGE ( 'NONE', *, *, #4513, .F. ) ;
#2902 = DIRECTION ( 'NONE',  ( -1.000000000000000000, 0.000000000000000000, 0.000000000000000000 ) ) ;
#2903 = CARTESIAN_POINT ( 'NONE',  ( -33.50000000000000000, -15.00000000000000000, -0.5000000000000004441 ) ) ;
#2904 = VERTEX_POINT ( 'NONE', #7417 ) ;
#2905 = DIRECTION ( 'NONE',  ( 1.000000000000000000, 0.000000000000000000, 0.000000000000000000 ) ) ;
#2906 = FACE_OUTER_BOUND ( 'NONE', #1196, .T. ) ;
#2907 = CARTESIAN_POINT ( 'NONE',  ( -25.00000000000000000, 3.061616997868383043E-15, -135.0000000000000000 ) ) ;
#2908 = CARTESIAN_POINT ( 'NONE',  ( 36.87500000000000711, -32.50000000000000000, -120.0000000000000000 ) ) ;
#2909 = AXIS2_PLACEMENT_3D ( 'NONE', #1152, #6786, #3644 ) ;
#2910 = ADVANCED_FACE ( 'NONE', ( #6363 ), #5712, .F. ) ;
#2911 = ORIENTED_EDGE ( 'NONE', *, *, #2740, .F. ) ;
#2912 = AXIS2_PLACEMENT_3D ( 'NONE', #5437, #2485, #602 ) ;
#2913 = CIRCLE ( 'NONE', #1740, 4.374999999999997335 ) ;
#2914 = LINE ( 'NONE', #4267, #2571 ) ;
#2915 = CONICAL_SURFACE ( 'NONE', #1622, 8.000000000000117240, 0.7853981633974396193 ) ;
#2916 = VECTOR ( 'NONE', #6646, 1000.000000000000000 ) ;
#2917 = DIRECTION ( 'NONE',  ( -0.000000000000000000, 1.000000000000000000, -0.000000000000000000 ) ) ;
#2918 = VECTOR ( 'NONE', #3284, 1000.000000000000000 ) ;
#2919 = CARTESIAN_POINT ( 'NONE',  ( 4.000000000000004441, 5.000000000000000000, -7.249999999999999112 ) ) ;
#2920 = ORIENTED_EDGE ( 'NONE', *, *, #6560, .T. ) ;
#2921 = CARTESIAN_POINT ( 'NONE',  ( -3.000000000000000000, 8.835868062956448554, -170.6711190761979537 ) ) ;
#2922 = CIRCLE ( 'NONE', #7880, 5.000000000000000888 ) ;
#2923 = CONTEXT_DEPENDENT_SHAPE_REPRESENTATION ( #6431, #6249 ) ;
#2924 = CIRCLE ( 'NONE', #170, 6.499999999999999112 ) ;
#2925 = VECTOR ( 'NONE', #4844, 1000.000000000000000 ) ;
#2926 = AXIS2_PLACEMENT_3D ( 'NONE', #3371, #3754, #4450 ) ;
#2927 = LINE ( 'NONE', #3619, #1320 ) ;
#2928 = CARTESIAN_POINT ( 'NONE',  ( 25.00000000000000711, 33.51954211927168359, 0.000000000000000000 ) ) ;
#2929 = ORIENTED_EDGE ( 'NONE', *, *, #6047, .F. ) ;
#2930 = CARTESIAN_POINT ( 'NONE',  ( 1.000000000000001998, -10.00000000000000000, 7.249999999999999112 ) ) ;
#2931 = CARTESIAN_POINT ( 'NONE',  ( 39.99999999999998579, 15.00000000000000000, -0.5000000000000004441 ) ) ;
#2932 = CARTESIAN_POINT ( 'NONE',  ( -25.00000000000000711, -32.50000000000000000, -120.0000000000000000 ) ) ;
#2933 = AXIS2_PLACEMENT_3D ( 'NONE', #6475, #6511, #164 ) ;
#2934 = CARTESIAN_POINT ( 'NONE',  ( 0.000000000000000000, 0.000000000000000000, 24.99999999999999645 ) ) ;
#2935 = ORIENTED_EDGE ( 'NONE', *, *, #7456, .T. ) ;
#2936 = ORIENTED_EDGE ( 'NONE', *, *, #6356, .F. ) ;
#2937 = CARTESIAN_POINT ( 'NONE',  ( -36.00000000000000711, -15.00000000000000000, -0.5000000000000004441 ) ) ;
#2938 = CARTESIAN_POINT ( 'NONE',  ( 4.000000000000000000, 0.000000000000000000, 0.000000000000000000 ) ) ;
#2939 = ORIENTED_EDGE ( 'NONE', *, *, #4406, .T. ) ;
#2940 = VERTEX_POINT ( 'NONE', #1206 ) ;
#2941 = DIRECTION ( 'NONE',  ( 0.000000000000000000, 0.000000000000000000, 1.000000000000000000 ) ) ;
#2942 = ORIENTED_EDGE ( 'NONE', *, *, #5398, .F. ) ;
#2943 = PLANE ( 'NONE',  #3254 ) ;
#2944 = FACE_OUTER_BOUND ( 'NONE', #3535, .T. ) ;
#2945 = VERTEX_POINT ( 'NONE', #5094 ) ;
#2946 = CARTESIAN_POINT ( 'NONE',  ( 46.49999999999998579, 15.00000000000000000, 7.500000000000000000 ) ) ;
#2947 = CARTESIAN_POINT ( 'NONE',  ( 20.00000000000000000, 3.309499999999999886, 0.000000000000000000 ) ) ;
#2948 = DIRECTION ( 'NONE',  ( 1.000000000000000000, 0.000000000000000000, 0.000000000000000000 ) ) ;
#2949 = CARTESIAN_POINT ( 'NONE',  ( 2.500000000000000000, -1.768423874527825124, 1.021000000000003238 ) ) ;
#2950 = EDGE_CURVE ( 'NONE', #2546, #6425, #6975, .T. ) ;
#2951 = EDGE_CURVE ( 'NONE', #4713, #7188, #7486, .T. ) ;
#2952 = ORIENTED_EDGE ( 'NONE', *, *, #1302, .T. ) ;
#2953 = ADVANCED_FACE ( 'NONE', ( #8077 ), #3783, .T. ) ;
#2954 = AXIS2_PLACEMENT_3D ( 'NONE', #6653, #4081, #1859 ) ;
#2955 = DIRECTION ( 'NONE',  ( -5.204170427930421283E-16, -1.000000000000000000, -0.000000000000000000 ) ) ;
#2956 = EDGE_CURVE ( 'NONE', #6981, #5874, #830, .T. ) ;
#2957 = DIRECTION ( 'NONE',  ( 0.000000000000000000, -0.000000000000000000, -1.000000000000000000 ) ) ;
#2958 = DIRECTION ( 'NONE',  ( -9.251858538542963939E-16, -1.000000000000000000, 0.000000000000000000 ) ) ;
#2959 = VERTEX_POINT ( 'NONE', #2557 ) ;
#2960 = CARTESIAN_POINT ( 'NONE',  ( -3.000000000000000000, 9.539392014169456147, -170.0000000000000853 ) ) ;
#2961 = AXIS2_PLACEMENT_3D ( 'NONE', #2582, #3107, #6998 ) ;
#2962 = VECTOR ( 'NONE', #2723, 1000.000000000000000 ) ;
#2963 = FACE_OUTER_BOUND ( 'NONE', #5926, .T. ) ;
#2964 = LINE ( 'NONE', #1741, #3177 ) ;
#2965 = EDGE_LOOP ( 'NONE', ( #3485, #90, #4463, #7387 ) ) ;
#2966 = CARTESIAN_POINT ( 'NONE',  ( -6.938893903907228378E-15, -1.387778780781445676E-14, 2.499999999999999556 ) ) ;
#2967 = PLANE ( 'NONE',  #4878 ) ;
#2968 = CARTESIAN_POINT ( 'NONE',  ( -40.00000000000000711, -40.00000000000000711, -120.0000000000000000 ) ) ;
#2969 = ORIENTED_EDGE ( 'NONE', *, *, #1467, .F. ) ;
#2970 = EDGE_LOOP ( 'NONE', ( #6369, #7153 ) ) ;
#2971 = CARTESIAN_POINT ( 'NONE',  ( 43.99999999999998579, -15.00000000000000000, -0.5000000000000004441 ) ) ;
#2972 = CARTESIAN_POINT ( 'NONE',  ( 4.000000000000000000, 3.518949890710767470, -4.553649124439118623E-15 ) ) ;
#2973 = EDGE_CURVE ( 'NONE', #5151, #2546, #5144, .T. ) ;
#2974 = EDGE_LOOP ( 'NONE', ( #6788, #7554, #2989, #4191 ) ) ;
#2975 = ORIENTED_EDGE ( 'NONE', *, *, #3539, .T. ) ;
#2976 = CARTESIAN_POINT ( 'NONE',  ( 38.00000000000000000, 37.99999999999999289, -130.0000000000000000 ) ) ;
#2977 = CARTESIAN_POINT ( 'NONE',  ( 2.500000000000000000, 1.178949249685212974, -2.042000000000001148 ) ) ;
#2978 = CIRCLE ( 'NONE', #4028, 7.500000000000000000 ) ;
#2979 = UNCERTAINTY_MEASURE_WITH_UNIT (LENGTH_MEASURE( 1.000000000000000082E-05 ), #897, 'distance_accuracy_value', 'NONE');
#2980 = VERTEX_POINT ( 'NONE', #4360 ) ;
#2981 = FACE_OUTER_BOUND ( 'NONE', #5728, .T. ) ;
#2982 = DIRECTION ( 'NONE',  ( 0.000000000000000000, -1.000000000000000000, 0.000000000000000000 ) ) ;
#2983 = VERTEX_POINT ( 'NONE', #6855 ) ;
#2984 = DIRECTION ( 'NONE',  ( -1.000000000000000000, -9.251858538542963939E-16, 1.364200377274290603E-31 ) ) ;
#2985 = PLANE ( 'NONE',  #2760 ) ;
#2986 = DIRECTION ( 'NONE',  ( -1.000000000000000000, -0.000000000000000000, -0.000000000000000000 ) ) ;
#2987 = PLANE ( 'NONE',  #96 ) ;
#2988 = EDGE_CURVE ( 'NONE', #1578, #339, #5788, .T. ) ;
#2989 = ORIENTED_EDGE ( 'NONE', *, *, #5169, .T. ) ;
#2990 = PLANE ( 'NONE',  #2184 ) ;
#2991 = CIRCLE ( 'NONE', #7566, 3.047500000000000764 ) ;
#2992 = CARTESIAN_POINT ( 'NONE',  ( -46.50000000000000000, -15.00000000000000000, 7.500000000000000000 ) ) ;
#2993 = EDGE_CURVE ( 'NONE', #7233, #3091, #177, .T. ) ;
#2994 = DIRECTION ( 'NONE',  ( 0.000000000000000000, 0.000000000000000000, -1.000000000000000000 ) ) ;
#2995 = CARTESIAN_POINT ( 'NONE',  ( 3.000000000000002220, 9.750000000000000000, -7.249999999999999112 ) ) ;
#2996 = ADVANCED_FACE ( 'NONE', ( #4027 ), #7624, .T. ) ;
#2997 = AXIS2_PLACEMENT_3D ( 'NONE', #5839, #4573, #7055 ) ;
#2998 = EDGE_CURVE ( 'NONE', #2073, #7679, #1486, .T. ) ;
#2999 = DIRECTION ( 'NONE',  ( 0.000000000000000000, 1.000000000000000000, 0.000000000000000000 ) ) ;
#3000 = DIRECTION ( 'NONE',  ( 1.000000000000000000, 0.000000000000000000, 0.000000000000000000 ) ) ;
#3001 = ORIENTED_EDGE ( 'NONE', *, *, #1153, .T. ) ;
#3002 = DIRECTION ( 'NONE',  ( 9.251858538542963939E-16, -1.000000000000000000, 0.000000000000000000 ) ) ;
#3003 = CARTESIAN_POINT ( 'NONE',  ( 1.979845658621553928E-15, 9.000000000000001776, 7.249999999999999112 ) ) ;
#3004 = FACE_OUTER_BOUND ( 'NONE', #1305, .T. ) ;
#3005 = AXIS2_PLACEMENT_3D ( 'NONE', #4140, #5481, #6632 ) ;
#3006 = EDGE_CURVE ( 'NONE', #2487, #7318, #5008, .T. ) ;
#3007 = VERTEX_POINT ( 'NONE', #2722 ) ;
#3008 = ORIENTED_EDGE ( 'NONE', *, *, #3407, .F. ) ;
#3009 = DIRECTION ( 'NONE',  ( 1.000000000000000000, 0.000000000000000000, 0.000000000000000000 ) ) ;
#3010 =( NAMED_UNIT ( * ) PLANE_ANGLE_UNIT ( ) SI_UNIT ( $, .RADIAN. ) );
#3011 = ORIENTED_EDGE ( 'NONE', *, *, #929, .F. ) ;
#3012 = ORIENTED_EDGE ( 'NONE', *, *, #2097, .T. ) ;
#3013 = DIRECTION ( 'NONE',  ( -0.000000000000000000, -0.000000000000000000, 1.000000000000000000 ) ) ;
#3014 = LINE ( 'NONE', #3722, #6719 ) ;
#3015 = AXIS2_PLACEMENT_3D ( 'NONE', #484, #6019, #6058 ) ;
#3016 = ORIENTED_EDGE ( 'NONE', *, *, #4607, .T. ) ;
#3017 = AXIS2_PLACEMENT_3D ( 'NONE', #6087, #4938, #6775 ) ;
#3018 = DIRECTION ( 'NONE',  ( 0.000000000000000000, 0.000000000000000000, -1.000000000000000000 ) ) ;
#3019 = DIRECTION ( 'NONE',  ( 1.000000000000000000, 8.673617379884034239E-17, -0.000000000000000000 ) ) ;
#3020 = ORIENTED_EDGE ( 'NONE', *, *, #538, .F. ) ;
#3021 = CARTESIAN_POINT ( 'NONE',  ( -35.00000000000000711, 33.51954211927168359, 0.000000000000000000 ) ) ;
#3022 = CYLINDRICAL_SURFACE ( 'NONE', #2633, 2.500000000000009326 ) ;
#3023 = CARTESIAN_POINT ( 'NONE',  ( -15.00000000000000000, -3.500000000000000000, 0.000000000000000000 ) ) ;
#3024 = FACE_OUTER_BOUND ( 'NONE', #7811, .T. ) ;
#3025 = ORIENTED_EDGE ( 'NONE', *, *, #4417, .T. ) ;
#3026 = CARTESIAN_POINT ( 'NONE',  ( -40.00000000000001421, 15.00000000000000000, 7.500000000000000000 ) ) ;
#3027 = PLANE ( 'NONE',  #314 ) ;
#3028 = CARTESIAN_POINT ( 'NONE',  ( -35.00000000000000711, 33.51954211927168359, 30.00000000000000000 ) ) ;
#3029 = LINE ( 'NONE', #8032, #6845 ) ;
#3030 = VECTOR ( 'NONE', #1290, 1000.000000000000000 ) ;
#3031 = CIRCLE ( 'NONE', #1869, 2.055000000000000160 ) ;
#3032 = VECTOR ( 'NONE', #7005, 1000.000000000000000 ) ;
#3033 = EDGE_CURVE ( 'NONE', #7310, #5275, #3759, .T. ) ;
#3034 = AXIS2_PLACEMENT_3D ( 'NONE', #6317, #5669, #7583 ) ;
#3035 = LINE ( 'NONE', #1251, #1051 ) ;
#3036 =( GEOMETRIC_REPRESENTATION_CONTEXT ( 3 ) GLOBAL_UNCERTAINTY_ASSIGNED_CONTEXT ( ( #1926 ) ) GLOBAL_UNIT_ASSIGNED_CONTEXT ( ( #3219, #2569, #684 ) ) REPRESENTATION_CONTEXT ( 'NONE', 'WORKASPACE' ) );
#3037 = CARTESIAN_POINT ( 'NONE',  ( 0.000000000000000000, 0.000000000000000000, 24.99999999999999645 ) ) ;
#3038 = EDGE_CURVE ( 'NONE', #2043, #6577, #166, .T. ) ;
#3039 = ORIENTED_EDGE ( 'NONE', *, *, #1210, .T. ) ;
#3040 = CARTESIAN_POINT ( 'NONE',  ( 0.000000000000000000, 0.000000000000000000, 30.00000000000000000 ) ) ;
#3041 = DIRECTION ( 'NONE',  ( 1.000000000000000000, 0.000000000000000000, 0.000000000000000000 ) ) ;
#3042 = DIRECTION ( 'NONE',  ( 1.000000000000000000, 0.000000000000000000, 0.000000000000000000 ) ) ;
#3043 = AXIS2_PLACEMENT_3D ( 'NONE', #5727, #3184, #5688 ) ;
#3044 = EDGE_CURVE ( 'NONE', #555, #5972, #254, .T. ) ;
#3045 = AXIS2_PLACEMENT_3D ( 'NONE', #3419, #5917, #2236 ) ;
#3046 = AXIS2_PLACEMENT_3D ( 'NONE', #2593, #5092, #7622 ) ;
#3047 = EDGE_LOOP ( 'NONE', ( #3471, #7843, #3256, #2820, #3996 ) ) ;
#3048 = VERTEX_POINT ( 'NONE', #3454 ) ;
#3049 = CARTESIAN_POINT ( 'NONE',  ( 39.99999999999998579, 15.00000000000000000, 7.500000000000000000 ) ) ;
#3050 = ADVANCED_FACE ( 'NONE', ( #4530 ), #7047, .F. ) ;
#3051 = DIRECTION ( 'NONE',  ( 1.000000000000000000, 0.000000000000000000, 0.000000000000000000 ) ) ;
#3052 = EDGE_LOOP ( 'NONE', ( #336, #5381, #5312 ) ) ;
#3053 = ORIENTED_EDGE ( 'NONE', *, *, #6753, .F. ) ;
#3054 = CIRCLE ( 'NONE', #4237, 3.047500000000000764 ) ;
#3055 = DIRECTION ( 'NONE',  ( 0.000000000000000000, 1.000000000000000000, 0.000000000000000000 ) ) ;
#3056 = EDGE_CURVE ( 'NONE', #7890, #32, #7628, .T. ) ;
#3057 = LINE ( 'NONE', #1832, #7108 ) ;
#3058 = ORIENTED_EDGE ( 'NONE', *, *, #3762, .T. ) ;
#3059 = ADVANCED_FACE ( 'NONE', ( #5871 ), #6401, .F. ) ;
#3060 = DIRECTION ( 'NONE',  ( 0.000000000000000000, 0.000000000000000000, 1.000000000000000000 ) ) ;
#3061 = CARTESIAN_POINT ( 'NONE',  ( -32.49999999999999289, -32.50000000000000000, 7.500000000000000000 ) ) ;
#3062 = VECTOR ( 'NONE', #5535, 1000.000000000000000 ) ;
#3063 = ORIENTED_EDGE ( 'NONE', *, *, #6660, .T. ) ;
#3064 = CARTESIAN_POINT ( 'NONE',  ( -40.00000000000001421, 15.00000000000000000, -8.500000000000000000 ) ) ;
#3065 = CARTESIAN_POINT ( 'NONE',  ( 8.399999999999998579, 0.000000000000000000, -4.400000000000002132 ) ) ;
#3066 = DIRECTION ( 'NONE',  ( 0.000000000000000000, -1.000000000000000000, -2.168404344971008560E-17 ) ) ;
#3067 = CARTESIAN_POINT ( 'NONE',  ( -20.00000000000000711, 33.51954211927168359, 30.00000000000000000 ) ) ;
#3068 = ORIENTED_EDGE ( 'NONE', *, *, #6289, .F. ) ;
#3069 = CARTESIAN_POINT ( 'NONE',  ( 0.000000000000000000, 0.000000000000000000, 24.99999999999999645 ) ) ;
#3070 = ORIENTED_EDGE ( 'NONE', *, *, #250, .F. ) ;
#3071 = CARTESIAN_POINT ( 'NONE',  ( 0.000000000000000000, -1.178949249685215417, 2.042000000000003812 ) ) ;
#3072 = CARTESIAN_POINT ( 'NONE',  ( -32.50000000000000711, -32.50000000000000000, -123.0000000000000000 ) ) ;
#3073 = EDGE_CURVE ( 'NONE', #349, #5870, #6558, .T. ) ;
#3074 = CARTESIAN_POINT ( 'NONE',  ( -32.50000000000000711, 32.50000000000000000, -120.0000000000000000 ) ) ;
#3075 = CONTEXT_DEPENDENT_SHAPE_REPRESENTATION ( #6689, #566 ) ;
#3076 = CIRCLE ( 'NONE', #593, 2.500000000000000444 ) ;
#3077 = EDGE_CURVE ( 'NONE', #7972, #3511, #3337, .T. ) ;
#3078 = CARTESIAN_POINT ( 'NONE',  ( 35.00000000000001421, 32.50000000000000000, -123.0000000000000000 ) ) ;
#3079 = DIRECTION ( 'NONE',  ( -0.000000000000000000, 1.000000000000000000, -0.000000000000000000 ) ) ;
#3080 = DIRECTION ( 'NONE',  ( -0.000000000000000000, 1.000000000000000000, 0.000000000000000000 ) ) ;
#3081 = AXIS2_PLACEMENT_3D ( 'NONE', #3026, #2461, #577 ) ;
#3082 = ORIENTED_EDGE ( 'NONE', *, *, #5260, .F. ) ;
#3083 = CARTESIAN_POINT ( 'NONE',  ( 27.19669914110090403, -27.19669914110090048, 0.000000000000000000 ) ) ;
#3084 = CARTESIAN_POINT ( 'NONE',  ( 2.500000000000000000, 2.357898499370432166, -1.951563910473907981E-15 ) ) ;
#3085 = DIRECTION ( 'NONE',  ( 0.000000000000000000, 0.4999999999999990563, -0.8660254037844391517 ) ) ;
#3086 = APPLICATION_CONTEXT ( 'automotive_design' ) ;
#3087 = VERTEX_POINT ( 'NONE', #2762 ) ;
#3088 = ORIENTED_EDGE ( 'NONE', *, *, #5594, .T. ) ;
#3089 = DIRECTION ( 'NONE',  ( 0.000000000000000000, 0.000000000000000000, -1.000000000000000000 ) ) ;
#3090 = DIRECTION ( 'NONE',  ( -0.000000000000000000, -0.000000000000000000, 1.000000000000000000 ) ) ;
#3091 = VERTEX_POINT ( 'NONE', #793 ) ;
#3092 = ORIENTED_EDGE ( 'NONE', *, *, #607, .T. ) ;
#3093 = LINE ( 'NONE', #5591, #5062 ) ;
#3094 = DIRECTION ( 'NONE',  ( -0.000000000000000000, -0.000000000000000000, 1.000000000000000000 ) ) ;
#3095 = CARTESIAN_POINT ( 'NONE',  ( 5.200000000000002842, 3.306546357697854226E-16, 2.700000000000000622 ) ) ;
#3096 = VECTOR ( 'NONE', #5344, 1000.000000000000000 ) ;
#3097 = ADVANCED_FACE ( 'NONE', ( #1078 ), #7828, .T. ) ;
#3098 = EDGE_CURVE ( 'NONE', #6550, #5246, #1634, .T. ) ;
#3099 = ORIENTED_EDGE ( 'NONE', *, *, #4988, .F. ) ;
#3100 = CARTESIAN_POINT ( 'NONE',  ( -40.00000000000000711, -25.00000000000000000, -120.0000000000000000 ) ) ;
#3101 = DIRECTION ( 'NONE',  ( -0.000000000000000000, -0.000000000000000000, 1.000000000000000000 ) ) ;
#3102 = ORIENTED_EDGE ( 'NONE', *, *, #5819, .F. ) ;
#3103 = LINE ( 'NONE', #4422, #1879 ) ;
#3104 = DIRECTION ( 'NONE',  ( -0.000000000000000000, 0.000000000000000000, 1.000000000000000000 ) ) ;
#3105 = DIRECTION ( 'NONE',  ( -0.000000000000000000, -1.000000000000000000, -0.000000000000000000 ) ) ;
#3106 = FACE_OUTER_BOUND ( 'NONE', #7729, .T. ) ;
#3107 = DIRECTION ( 'NONE',  ( 0.000000000000000000, 0.000000000000000000, 1.000000000000000000 ) ) ;
#3108 = VERTEX_POINT ( 'NONE', #3654 ) ;
#3109 = EDGE_CURVE ( 'NONE', #6939, #3830, #5674, .T. ) ;
#3110 = CARTESIAN_POINT ( 'NONE',  ( 1.000000000000001998, 10.00000000000000000, 7.249999999999999112 ) ) ;
#3111 = EDGE_LOOP ( 'NONE', ( #8067, #3558, #6811, #1414 ) ) ;
#3112 = CARTESIAN_POINT ( 'NONE',  ( 25.00000000000000711, -32.50000000000000000, -120.0000000000000000 ) ) ;
#3113 = FACE_OUTER_BOUND ( 'NONE', #2788, .T. ) ;
#3114 = CARTESIAN_POINT ( 'NONE',  ( 8.399999999999998579, 0.000000000000000000, 0.000000000000000000 ) ) ;
#3115 = VERTEX_POINT ( 'NONE', #369 ) ;
#3116 = DIRECTION ( 'NONE',  ( 0.000000000000000000, 0.000000000000000000, 1.000000000000000000 ) ) ;
#3117 = CARTESIAN_POINT ( 'NONE',  ( 3.000000000000000444, 7.416198487095789105, -172.0000000000000000 ) ) ;
#3118 = DIRECTION ( 'NONE',  ( -1.000000000000000000, 0.000000000000000000, -0.000000000000000000 ) ) ;
#3119 = ORIENTED_EDGE ( 'NONE', *, *, #5497, .F. ) ;
#3120 = LINE ( 'NONE', #128, #5401 ) ;
#3121 = CARTESIAN_POINT ( 'NONE',  ( -40.00000000000001421, 15.00000000000000000, 7.500000000000000000 ) ) ;
#3122 = AXIS2_PLACEMENT_3D ( 'NONE', #1278, #5035, #22 ) ;
#3123 = DIRECTION ( 'NONE',  ( 0.000000000000000000, 0.4999999999999990563, -0.8660254037844391517 ) ) ;
#3124 = CIRCLE ( 'NONE', #3395, 2.500000000000000444 ) ;
#3125 = VERTEX_POINT ( 'NONE', #7866 ) ;
#3126 = ORIENTED_EDGE ( 'NONE', *, *, #2807, .T. ) ;
#3127 = FACE_OUTER_BOUND ( 'NONE', #2366, .T. ) ;
#3128 = EDGE_CURVE ( 'NONE', #3392, #3377, #6678, .T. ) ;
#3129 = CARTESIAN_POINT ( 'NONE',  ( -40.00000000000000000, -15.00000000000000000, 7.500000000000000000 ) ) ;
#3130 = ORIENTED_EDGE ( 'NONE', *, *, #3910, .F. ) ;
#3131 = ORIENTED_EDGE ( 'NONE', *, *, #5901, .F. ) ;
#3132 = DIRECTION ( 'NONE',  ( 0.000000000000000000, -0.000000000000000000, -1.000000000000000000 ) ) ;
#3133 = DIRECTION ( 'NONE',  ( -8.673617379884035472E-17, -0.000000000000000000, -1.000000000000000000 ) ) ;
#3134 = CARTESIAN_POINT ( 'NONE',  ( 25.00000000000000711, 33.51954211927168359, 0.000000000000000000 ) ) ;
#3135 = AXIS2_PLACEMENT_3D ( 'NONE', #4730, #2882, #5496 ) ;
#3136 = EDGE_LOOP ( 'NONE', ( #5677, #7085, #4107, #6980, #3389, #2406 ) ) ;
#3137 = PLANE ( 'NONE',  #4574 ) ;
#3138 = EDGE_CURVE ( 'NONE', #5628, #4635, #2271, .T. ) ;
#3139 = CARTESIAN_POINT ( 'NONE',  ( 25.00000000000000000, 0.000000000000000000, 0.000000000000000000 ) ) ;
#3140 = AXIS2_PLACEMENT_3D ( 'NONE', #6168, #3803, #6293 ) ;
#3141 = ORIENTED_EDGE ( 'NONE', *, *, #1156, .F. ) ;
#3142 = DIRECTION ( 'NONE',  ( -0.000000000000000000, 0.000000000000000000, 1.000000000000000000 ) ) ;
#3143 = DIRECTION ( 'NONE',  ( 0.000000000000000000, 0.000000000000000000, 1.000000000000000000 ) ) ;
#3144 = DIRECTION ( 'NONE',  ( -0.000000000000000000, 0.000000000000000000, 1.000000000000000000 ) ) ;
#3145 = DIRECTION ( 'NONE',  ( -0.000000000000000000, -0.000000000000000000, 1.000000000000000000 ) ) ;
#3146 = EDGE_CURVE ( 'NONE', #2336, #2868, #332, .T. ) ;
#3147 = TOROIDAL_SURFACE ( 'NONE', #4071, 0.7500000000000000000, 0.2500000000000000000 ) ;
#3148 = AXIS2_PLACEMENT_3D ( 'NONE', #2779, #5279, #6624 ) ;
#3149 = ORIENTED_EDGE ( 'NONE', *, *, #6660, .F. ) ;
#3150 = LINE ( 'NONE', #5736, #1133 ) ;
#3151 = CIRCLE ( 'NONE', #938, 3.999999999999998224 ) ;
#3152 = CARTESIAN_POINT ( 'NONE',  ( 0.000000000000000000, 6.938893903907228378E-15, 137.5000000000000000 ) ) ;
#3153 = ORIENTED_EDGE ( 'NONE', *, *, #4770, .T. ) ;
#3154 = LINE ( 'NONE', #3071, #6595 ) ;
#3155 = LINE ( 'NONE', #6884, #5393 ) ;
#3156 = LINE ( 'NONE', #1331, #6184 ) ;
#3157 = EDGE_CURVE ( 'NONE', #2767, #7360, #1103, .T. ) ;
#3158 = ORIENTED_EDGE ( 'NONE', *, *, #4881, .F. ) ;
#3159 = DIRECTION ( 'NONE',  ( 1.000000000000000000, 0.000000000000000000, 0.000000000000000000 ) ) ;
#3160 = EDGE_CURVE ( 'NONE', #5125, #5902, #5935, .T. ) ;
#3161 = CARTESIAN_POINT ( 'NONE',  ( 46.49999999999998579, 15.00000000000000000, 7.500000000000000000 ) ) ;
#3162 = CARTESIAN_POINT ( 'NONE',  ( 4.000000000000000000, 3.732111120401559695E-16, -3.047500000000000764 ) ) ;
#3163 = EDGE_LOOP ( 'NONE', ( #5, #7220, #1548, #4937 ) ) ;
#3164 = DIRECTION ( 'NONE',  ( 0.000000000000000000, 0.000000000000000000, -1.000000000000000000 ) ) ;
#3165 = FACE_OUTER_BOUND ( 'NONE', #7065, .T. ) ;
#3166 = DIRECTION ( 'NONE',  ( 0.000000000000000000, 0.000000000000000000, -1.000000000000000000 ) ) ;
#3167 = VECTOR ( 'NONE', #5363, 1000.000000000000000 ) ;
#3168 = COLOUR_RGB ( '',0.7921568627450980005, 0.8196078431372548767, 0.9333333333333333481 ) ;
#3169 = ORIENTED_EDGE ( 'NONE', *, *, #4058, .T. ) ;
#3170 = ORIENTED_EDGE ( 'NONE', *, *, #6553, .F. ) ;
#3171 = DIRECTION ( 'NONE',  ( -1.000000000000000000, 0.000000000000000000, -0.000000000000000000 ) ) ;
#3172 = CONICAL_SURFACE ( 'NONE', #4092, 2.042000000000000259, 1.047197551196593635 ) ;
#3173 = LINE ( 'NONE', #6201, #3575 ) ;
#3174 = ORIENTED_EDGE ( 'NONE', *, *, #1696, .T. ) ;
#3175 = ORIENTED_EDGE ( 'NONE', *, *, #4527, .T. ) ;
#3176 = DIRECTION ( 'NONE',  ( 0.000000000000000000, 0.000000000000000000, -1.000000000000000000 ) ) ;
#3177 = VECTOR ( 'NONE', #8034, 1000.000000000000114 ) ;
#3178 = DIRECTION ( 'NONE',  ( -0.000000000000000000, -0.000000000000000000, 1.000000000000000000 ) ) ;
#3179 = VECTOR ( 'NONE', #6365, 1000.000000000000000 ) ;
#3180 = VERTEX_POINT ( 'NONE', #1665 ) ;
#3181 = AXIS2_PLACEMENT_3D ( 'NONE', #4112, #4150, #7910 ) ;
#3182 = AXIS2_PLACEMENT_3D ( 'NONE', #996, #2230, #1700 ) ;
#3183 = LINE ( 'NONE', #3223, #1438 ) ;
#3184 = DIRECTION ( 'NONE',  ( -2.407412430484044543E-32, 1.734723475976806848E-16, 1.000000000000000000 ) ) ;
#3185 = ORIENTED_EDGE ( 'NONE', *, *, #5652, .T. ) ;
#3186 = CIRCLE ( 'NONE', #5022, 20.00000000000000000 ) ;
#3187 = FACE_OUTER_BOUND ( 'NONE', #1403, .T. ) ;
#3188 = CARTESIAN_POINT ( 'NONE',  ( 32.50000000000000711, 32.50000000000000000, -120.0000000000000000 ) ) ;
#3189 = DIRECTION ( 'NONE',  ( 1.000000000000000000, 0.000000000000000000, 0.000000000000000000 ) ) ;
#3190 = EDGE_LOOP ( 'NONE', ( #4654, #2705 ) ) ;
#3191 = AXIS2_PLACEMENT_3D ( 'NONE', #4309, #4841, #6178 ) ;
#3192 = DIRECTION ( 'NONE',  ( 1.000000000000000000, 0.000000000000000000, 0.000000000000000000 ) ) ;
#3193 = EDGE_CURVE ( 'NONE', #4469, #407, #7211, .T. ) ;
#3194 = APPLICATION_CONTEXT ( 'automotive_design' ) ;
#3195 = DIRECTION ( 'NONE',  ( 0.000000000000000000, 0.000000000000000000, 1.000000000000000000 ) ) ;
#3196 = ORIENTED_EDGE ( 'NONE', *, *, #1312, .T. ) ;
#3197 = DIRECTION ( 'NONE',  ( -0.000000000000000000, 0.000000000000000000, 1.000000000000000000 ) ) ;
#3198 = CARTESIAN_POINT ( 'NONE',  ( -32.50000000000000000, -25.00000000000000711, 0.000000000000000000 ) ) ;
#3199 = FACE_OUTER_BOUND ( 'NONE', #6691, .T. ) ;
#3200 = ADVANCED_FACE ( 'NONE', ( #4114 ), #3615, .F. ) ;
#3201 = VERTEX_POINT ( 'NONE', #3574 ) ;
#3202 = EDGE_CURVE ( 'NONE', #745, #283, #6588, .T. ) ;
#3203 = DIRECTION ( 'NONE',  ( -1.000000000000000000, -0.000000000000000000, -0.000000000000000000 ) ) ;
#3204 = EDGE_CURVE ( 'NONE', #3420, #1059, #6001, .T. ) ;
#3205 = DIRECTION ( 'NONE',  ( -0.000000000000000000, -0.000000000000000000, 1.000000000000000000 ) ) ;
#3206 = DIRECTION ( 'NONE',  ( -8.673617379884035472E-17, 1.000000000000000000, -0.000000000000000000 ) ) ;
#3207 = ORIENTED_EDGE ( 'NONE', *, *, #6457, .F. ) ;
#3208 = FACE_OUTER_BOUND ( 'NONE', #6177, .T. ) ;
#3209 = FACE_OUTER_BOUND ( 'NONE', #7185, .T. ) ;
#3210 = FACE_OUTER_BOUND ( 'NONE', #258, .T. ) ;
#3211 = VECTOR ( 'NONE', #5987, 1000.000000000000000 ) ;
#3212 = ORIENTED_EDGE ( 'NONE', *, *, #3854, .T. ) ;
#3213 = ORIENTED_EDGE ( 'NONE', *, *, #1508, .F. ) ;
#3214 = FACE_OUTER_BOUND ( 'NONE', #3246, .T. ) ;
#3215 = DIRECTION ( 'NONE',  ( -0.000000000000000000, 0.000000000000000000, 1.000000000000000000 ) ) ;
#3216 = ORIENTED_EDGE ( 'NONE', *, *, #3609, .F. ) ;
#3217 = ORIENTED_EDGE ( 'NONE', *, *, #5652, .F. ) ;
#3218 = FACE_OUTER_BOUND ( 'NONE', #2078, .T. ) ;
#3219 =( LENGTH_UNIT ( ) NAMED_UNIT ( * ) SI_UNIT ( .MILLI., .METRE. ) );
#3220 = CIRCLE ( 'NONE', #3357, 2.499999999999988454 ) ;
#3221 = ADVANCED_BREP_SHAPE_REPRESENTATION ( '', ( #972, #5854 ), #7155 ) ;
#3222 = VERTEX_POINT ( 'NONE', #6722 ) ;
#3223 = CARTESIAN_POINT ( 'NONE',  ( 4.000000000000000000, -1.759474945355381736, 3.047500000000000320 ) ) ;
#3224 = CARTESIAN_POINT ( 'NONE',  ( 24.99999999999998934, -1.081617080994607490E-14, 0.5000000000000004441 ) ) ;
#3225 = ORIENTED_EDGE ( 'NONE', *, *, #6597, .T. ) ;
#3226 = CIRCLE ( 'NONE', #2706, 10.00000000000000000 ) ;
#3227 = DIRECTION ( 'NONE',  ( 0.000000000000000000, 1.000000000000000000, 0.000000000000000000 ) ) ;
#3228 = DIRECTION ( 'NONE',  ( 0.000000000000000000, 1.000000000000000000, -0.000000000000000000 ) ) ;
#3229 = CYLINDRICAL_SURFACE ( 'NONE', #488, 7.499999999999996447 ) ;
#3230 = ORIENTED_EDGE ( 'NONE', *, *, #414, .T. ) ;
#3231 = CARTESIAN_POINT ( 'NONE',  ( 25.00000000000000711, 40.00000000000000711, -120.0000000000000000 ) ) ;
#3232 = EDGE_LOOP ( 'NONE', ( #7442, #2203 ) ) ;
#3233 = CARTESIAN_POINT ( 'NONE',  ( -40.00000000000001421, 15.00000000000000000, 7.500000000000000000 ) ) ;
#3234 = EDGE_LOOP ( 'NONE', ( #187, #724, #1726, #3835 ) ) ;
#3235 = DIRECTION ( 'NONE',  ( -1.000000000000000000, -0.000000000000000000, -0.000000000000000000 ) ) ;
#3236 = ADVANCED_FACE ( 'NONE', ( #4152 ), #1123, .T. ) ;
#3237 = CARTESIAN_POINT ( 'NONE',  ( 35.00000000000000711, -32.50000000000000000, -130.0000000000000000 ) ) ;
#3238 = PLANE ( 'NONE',  #1239 ) ;
#3239 = AXIS2_PLACEMENT_3D ( 'NONE', #6671, #2380, #7326 ) ;
#3240 = ORIENTED_EDGE ( 'NONE', *, *, #1858, .F. ) ;
#3241 = DIRECTION ( 'NONE',  ( 1.000000000000000000, 0.000000000000000000, 2.407412430484044543E-32 ) ) ;
#3242 = AXIS2_PLACEMENT_3D ( 'NONE', #5697, #6299, #1242 ) ;
#3243 = DIRECTION ( 'NONE',  ( 0.000000000000000000, 0.000000000000000000, 1.000000000000000000 ) ) ;
#3244 = EDGE_CURVE ( 'NONE', #7689, #6550, #7986, .T. ) ;
#3245 = LINE ( 'NONE', #6315, #7103 ) ;
#3246 = EDGE_LOOP ( 'NONE', ( #6736, #4367 ) ) ;
#3247 = CARTESIAN_POINT ( 'NONE',  ( -32.49999999999999289, 32.50000000000000000, -120.0000000000000000 ) ) ;
#3248 = CARTESIAN_POINT ( 'NONE',  ( 30.00000000000002487, -32.50000000000000000, -8.500000000000000000 ) ) ;
#3249 = PLANE ( 'NONE',  #5797 ) ;
#3250 = EDGE_CURVE ( 'NONE', #6533, #6577, #6643, .T. ) ;
#3251 = ORIENTED_EDGE ( 'NONE', *, *, #6104, .T. ) ;
#3252 = ORIENTED_EDGE ( 'NONE', *, *, #273, .T. ) ;
#3253 = CARTESIAN_POINT ( 'NONE',  ( 7.000000000000001776, -4.750000000000000000, -7.249999999999999112 ) ) ;
#3254 = AXIS2_PLACEMENT_3D ( 'NONE', #5441, #4829, #6126 ) ;
#3255 = ORIENTED_EDGE ( 'NONE', *, *, #2057, .F. ) ;
#3256 = ORIENTED_EDGE ( 'NONE', *, *, #8015, .T. ) ;
#3257 = PLANE ( 'NONE',  #5197 ) ;
#3258 = DIRECTION ( 'NONE',  ( -0.000000000000000000, -0.000000000000000000, 1.000000000000000000 ) ) ;
#3259 = EDGE_CURVE ( 'NONE', #3770, #2828, #41, .T. ) ;
#3260 = CIRCLE ( 'NONE', #7175, 24.99999999999999645 ) ;
#3261 = EDGE_LOOP ( 'NONE', ( #482, #4174, #5967, #4989, #1742, #4246, #4033 ) ) ;
#3262 = DIRECTION ( 'NONE',  ( 0.000000000000000000, 0.000000000000000000, 1.000000000000000000 ) ) ;
#3263 = PLANE ( 'NONE',  #1217 ) ;
#3264 = VERTEX_POINT ( 'NONE', #412 ) ;
#3265 = CIRCLE ( 'NONE', #1325, 0.2500000000000002220 ) ;
#3266 = DIRECTION ( 'NONE',  ( -0.000000000000000000, -0.000000000000000000, 1.000000000000000000 ) ) ;
#3267 = CARTESIAN_POINT ( 'NONE',  ( -29.99999999999999645, -32.50000000000000000, -123.0000000000000000 ) ) ;
#3268 = CARTESIAN_POINT ( 'NONE',  ( 3.750000000000002220, 9.000000000000001776, -7.249999999999999112 ) ) ;
#3269 = SHAPE_REPRESENTATION ( 'socket head cap screw_am_B18.3.1M - 8 x 1.25 x 12 Hex SHCS -- 12NHX', ( #5854 ), #5729 ) ;
#3270 = VERTEX_POINT ( 'NONE', #5421 ) ;
#3271 = CARTESIAN_POINT ( 'NONE',  ( -30.00000000000000711, 32.50000000000000000, 7.500000000000000888 ) ) ;
#3272 = ORIENTED_EDGE ( 'NONE', *, *, #6245, .T. ) ;
#3273 =( LENGTH_UNIT ( ) NAMED_UNIT ( * ) SI_UNIT ( .MILLI., .METRE. ) );
#3274 = ORIENTED_EDGE ( 'NONE', *, *, #6541, .T. ) ;
#3275 = DIRECTION ( 'NONE',  ( -0.000000000000000000, -0.000000000000000000, 1.000000000000000000 ) ) ;
#3276 = CARTESIAN_POINT ( 'NONE',  ( -33.46194077712560500, 4.404067566383354605E-15, 30.00000000000000000 ) ) ;
#3277 = CARTESIAN_POINT ( 'NONE',  ( -15.00000000000000000, -2.500000000000002665, -3.000000000000004441 ) ) ;
#3278 = CIRCLE ( 'NONE', #4330, 24.99999999999999645 ) ;
#3279 = VERTEX_POINT ( 'NONE', #7912 ) ;
#3280 = VECTOR ( 'NONE', #3428, 1000.000000000000000 ) ;
#3281 = DIRECTION ( 'NONE',  ( 0.000000000000000000, -1.000000000000000000, 0.000000000000000000 ) ) ;
#3282 = CYLINDRICAL_SURFACE ( 'NONE', #3181, 4.374999999999997335 ) ;
#3283 = VERTEX_POINT ( 'NONE', #7535 ) ;
#3284 = DIRECTION ( 'NONE',  ( -1.000000000000000000, -9.251858538542963939E-16, 0.000000000000000000 ) ) ;
#3285 = DIRECTION ( 'NONE',  ( 0.000000000000000000, 0.000000000000000000, -1.000000000000000000 ) ) ;
#3286 = DIRECTION ( 'NONE',  ( 1.000000000000000000, 0.000000000000000000, 0.000000000000000000 ) ) ;
#3287 = EDGE_CURVE ( 'NONE', #6165, #159, #3156, .T. ) ;
#3288 = EDGE_CURVE ( 'NONE', #5725, #7518, #7891, .T. ) ;
#3289 = ORIENTED_EDGE ( 'NONE', *, *, #6928, .F. ) ;
#3290 = ORIENTED_EDGE ( 'NONE', *, *, #5503, .T. ) ;
#3291 = FACE_OUTER_BOUND ( 'NONE', #4980, .T. ) ;
#3292 = EDGE_CURVE ( 'NONE', #3431, #2043, #3816, .T. ) ;
#3293 = FACE_OUTER_BOUND ( 'NONE', #5202, .T. ) ;
#3294 = ORIENTED_EDGE ( 'NONE', *, *, #4570, .T. ) ;
#3295 = EDGE_LOOP ( 'NONE', ( #4742, #5759, #2754, #4802, #5093 ) ) ;
#3296 = DIRECTION ( 'NONE',  ( 1.000000000000000000, 0.000000000000000000, 0.000000000000000000 ) ) ;
#3297 = CARTESIAN_POINT ( 'NONE',  ( 2.500000000000004441, 0.000000000000000000, 2.042000000000000259 ) ) ;
#3298 = VECTOR ( 'NONE', #5291, 1000.000000000000000 ) ;
#3299 = AXIS2_PLACEMENT_3D ( 'NONE', #4868, #1184, #1837 ) ;
#3300 = VECTOR ( 'NONE', #2331, 1000.000000000000000 ) ;
#3301 = VECTOR ( 'NONE', #2121, 1000.000000000000000 ) ;
#3302 = ADVANCED_FACE ( 'NONE', ( #7451 ), #5537, .F. ) ;
#3303 = ORIENTED_EDGE ( 'NONE', *, *, #4851, .F. ) ;
#3304 = ADVANCED_FACE ( 'NONE', ( #5658 ), #1292, .T. ) ;
#3305 = VECTOR ( 'NONE', #8078, 1000.000000000000000 ) ;
#3306 = CIRCLE ( 'NONE', #8014, 0.7500000000000002220 ) ;
#3307 = FACE_BOUND ( 'NONE', #5225, .T. ) ;
#3308 = EDGE_CURVE ( 'NONE', #2567, #517, #3054, .T. ) ;
#3309 = TOROIDAL_SURFACE ( 'NONE', #6572, 0.7500000000000000000, 0.2500000000000000000 ) ;
#3310 = DIRECTION ( 'NONE',  ( -1.000000000000000000, 0.000000000000000000, 0.000000000000000000 ) ) ;
#3311 = EDGE_LOOP ( 'NONE', ( #6265, #2248, #1977, #707 ) ) ;
#3312 = CIRCLE ( 'NONE', #1093, 3.047500000000000764 ) ;
#3313 = DIRECTION ( 'NONE',  ( 0.000000000000000000, 0.000000000000000000, -1.000000000000000000 ) ) ;
#3314 = DIRECTION ( 'NONE',  ( 0.000000000000000000, 0.000000000000000000, -1.000000000000000000 ) ) ;
#3315 =( NAMED_UNIT ( * ) SI_UNIT ( $, .STERADIAN. ) SOLID_ANGLE_UNIT ( ) );
#3316 = CIRCLE ( 'NONE', #3043, 7.499999999999996447 ) ;
#3317 = VECTOR ( 'NONE', #2188, 1000.000000000000000 ) ;
#3318 = EDGE_CURVE ( 'NONE', #2761, #5513, #2407, .T. ) ;
#3319 = ORIENTED_EDGE ( 'NONE', *, *, #5606, .T. ) ;
#3320 = AXIS2_PLACEMENT_3D ( 'NONE', #1779, #4270, #3530 ) ;
#3321 = VECTOR ( 'NONE', #1307, 1000.000000000000000 ) ;
#3322 = FACE_OUTER_BOUND ( 'NONE', #7138, .T. ) ;
#3323 = EDGE_LOOP ( 'NONE', ( #1641, #6070 ) ) ;
#3324 = APPLICATION_PROTOCOL_DEFINITION ( 'draft international standard', 'automotive_design', 1998, #2361 ) ;
#3325 = AXIS2_PLACEMENT_3D ( 'NONE', #7333, #4231, #4269 ) ;
#3326 = DIRECTION ( 'NONE',  ( 0.000000000000000000, 0.000000000000000000, 1.000000000000000000 ) ) ;
#3327 = DIRECTION ( 'NONE',  ( -0.000000000000000000, -0.000000000000000000, 1.000000000000000000 ) ) ;
#3328 = CARTESIAN_POINT ( 'NONE',  ( 32.50000000000000711, 32.50000000000000000, -120.0000000000000000 ) ) ;
#3329 = CARTESIAN_POINT ( 'NONE',  ( 1.979845658621553928E-15, 9.000000000000001776, -7.249999999999999112 ) ) ;
#3330 = MECHANICAL_DESIGN_GEOMETRIC_PRESENTATION_REPRESENTATION (  '', ( #1499 ), #845 ) ;
#3331 = EDGE_LOOP ( 'NONE', ( #5838, #359, #2782, #1539 ) ) ;
#3332 = CARTESIAN_POINT ( 'NONE',  ( -31.74999999999995737, 0.000000000000000000, 0.000000000000000000 ) ) ;
#3333 = EDGE_CURVE ( 'NONE', #2894, #4106, #6844, .T. ) ;
#3334 = CARTESIAN_POINT ( 'NONE',  ( -15.00000000000000000, -3.500000000000000000, -2.000000000000000000 ) ) ;
#3335 = CIRCLE ( 'NONE', #3191, 8.000000000000117240 ) ;
#3336 = EDGE_LOOP ( 'NONE', ( #783, #6287, #7993 ) ) ;
#3337 = LINE ( 'NONE', #2036, #4632 ) ;
#3338 = FACE_OUTER_BOUND ( 'NONE', #1101, .T. ) ;
#3339 = DIRECTION ( 'NONE',  ( 0.000000000000000000, -1.000000000000000000, 9.196343038302880251E-16 ) ) ;
#3340 = EDGE_LOOP ( 'NONE', ( #7611, #3989 ) ) ;
#3341 = ORIENTED_EDGE ( 'NONE', *, *, #384, .T. ) ;
#3342 = DIRECTION ( 'NONE',  ( -2.407412430484044543E-32, 1.734723475976806848E-16, 1.000000000000000000 ) ) ;
#3343 = CARTESIAN_POINT ( 'NONE',  ( -6.938893903907228378E-15, -1.387778780781445676E-14, 0.5000000000000004441 ) ) ;
#3344 = ORIENTED_EDGE ( 'NONE', *, *, #6990, .F. ) ;
#3345 = VERTEX_POINT ( 'NONE', #1296 ) ;
#3346 = DIRECTION ( 'NONE',  ( -1.000000000000000000, -0.000000000000000000, -0.000000000000000000 ) ) ;
#3347 = EDGE_CURVE ( 'NONE', #2336, #4858, #1246, .T. ) ;
#3348 = FACE_OUTER_BOUND ( 'NONE', #1898, .T. ) ;
#3349 = VECTOR ( 'NONE', #4679, 1000.000000000000000 ) ;
#3350 = EDGE_LOOP ( 'NONE', ( #7112, #5556, #7787, #7428 ) ) ;
#3351 = DIRECTION ( 'NONE',  ( -5.204170427930421283E-16, -1.000000000000000000, -0.000000000000000000 ) ) ;
#3352 = EDGE_CURVE ( 'NONE', #339, #2119, #4504, .T. ) ;
#3353 = DIRECTION ( 'NONE',  ( -0.000000000000000000, -0.000000000000000000, 1.000000000000000000 ) ) ;
#3354 = ORIENTED_EDGE ( 'NONE', *, *, #2703, .T. ) ;
#3355 = LINE ( 'NONE', #4743, #4976 ) ;
#3356 = ADVANCED_FACE ( 'NONE', ( #6885 ), #6263, .T. ) ;
#3357 = AXIS2_PLACEMENT_3D ( 'NONE', #5417, #1157, #1811 ) ;
#3358 = APPLICATION_CONTEXT ( 'automotive_design' ) ;
#3359 = ORIENTED_EDGE ( 'NONE', *, *, #1166, .F. ) ;
#3360 = CIRCLE ( 'NONE', #1127, 4.374999999999997335 ) ;
#3361 = LINE ( 'NONE', #1519, #6361 ) ;
#3362 = DIRECTION ( 'NONE',  ( -0.7071067811865369146, 0.000000000000000000, 0.7071067811865582309 ) ) ;
#3363 = ORIENTED_EDGE ( 'NONE', *, *, #1253, .F. ) ;
#3364 = CARTESIAN_POINT ( 'NONE',  ( 2.500000000000000000, -2.357898499370434386, 3.686287386450715076E-15 ) ) ;
#3365 = DIRECTION ( 'NONE',  ( -1.000000000000000000, 0.000000000000000000, 0.000000000000000000 ) ) ;
#3366 = DIRECTION ( 'NONE',  ( -1.000000000000000000, 0.000000000000000000, 1.879283765641541183E-16 ) ) ;
#3367 = CARTESIAN_POINT ( 'NONE',  ( -25.00000000000000711, -32.50000000000000000, -120.0000000000000000 ) ) ;
#3368 = ADVANCED_FACE ( 'NONE', ( #6141 ), #711, .T. ) ;
#3369 = ORIENTED_EDGE ( 'NONE', *, *, #490, .T. ) ;
#3370 = DIRECTION ( 'NONE',  ( 1.000000000000000000, 0.000000000000000000, -1.879283765641541183E-16 ) ) ;
#3371 = CARTESIAN_POINT ( 'NONE',  ( 2.500000000000004441, 0.000000000000000000, 0.000000000000000000 ) ) ;
#3372 = DIRECTION ( 'NONE',  ( -0.000000000000000000, -0.000000000000000000, 1.000000000000000000 ) ) ;
#3373 = VERTEX_POINT ( 'NONE', #5575 ) ;
#3374 = DIRECTION ( 'NONE',  ( 0.000000000000000000, 0.000000000000000000, 1.000000000000000000 ) ) ;
#3375 = CARTESIAN_POINT ( 'NONE',  ( -25.00000000000000711, -32.50000000000000000, 0.000000000000000000 ) ) ;
#3376 = AXIS2_PLACEMENT_3D ( 'NONE', #77, #6348, #7652 ) ;
#3377 = VERTEX_POINT ( 'NONE', #710 ) ;
#3378 = ORIENTED_EDGE ( 'NONE', *, *, #7824, .F. ) ;
#3379 = DIRECTION ( 'NONE',  ( 0.000000000000000000, 1.000000000000000000, 0.000000000000000000 ) ) ;
#3380 = CARTESIAN_POINT ( 'NONE',  ( 40.00000000000000711, -25.00000000000000000, -120.0000000000000000 ) ) ;
#3381 = ORIENTED_EDGE ( 'NONE', *, *, #4164, .F. ) ;
#3382 = DIRECTION ( 'NONE',  ( 1.000000000000000000, 0.000000000000000000, 0.000000000000000000 ) ) ;
#3383 = PLANE ( 'NONE',  #8011 ) ;
#3384 = CIRCLE ( 'NONE', #371, 19.00000000000000000 ) ;
#3385 = ADVANCED_FACE ( 'NONE', ( #3199 ), #5414, .F. ) ;
#3386 = ORIENTED_EDGE ( 'NONE', *, *, #7748, .F. ) ;
#3387 = LINE ( 'NONE', #7638, #6915 ) ;
#3388 = DIRECTION ( 'NONE',  ( -0.000000000000000000, -0.000000000000000000, 1.000000000000000000 ) ) ;
#3389 = ORIENTED_EDGE ( 'NONE', *, *, #4958, .T. ) ;
#3390 = CARTESIAN_POINT ( 'NONE',  ( 3.000000000000000444, 6.000000000000000000, -172.0000000000000000 ) ) ;
#3391 = AXIS2_PLACEMENT_3D ( 'NONE', #2169, #2049, #893 ) ;
#3392 = VERTEX_POINT ( 'NONE', #1982 ) ;
#3393 = EDGE_CURVE ( 'NONE', #599, #235, #4996, .T. ) ;
#3394 = DIRECTION ( 'NONE',  ( -0.000000000000000000, -0.000000000000000000, 1.000000000000000000 ) ) ;
#3395 = AXIS2_PLACEMENT_3D ( 'NONE', #5587, #3831, #99 ) ;
#3396 = CARTESIAN_POINT ( 'NONE',  ( 3.000000000000002220, -9.000000000000001776, -7.249999999999999112 ) ) ;
#3397 = EDGE_CURVE ( 'NONE', #7315, #4519, #3029, .T. ) ;
#3398 = EDGE_LOOP ( 'NONE', ( #5523, #6157, #7452, #6611 ) ) ;
#3399 = SHAPE_DEFINITION_REPRESENTATION ( #2398, #4687 ) ;
#3400 = ORIENTED_EDGE ( 'NONE', *, *, #393, .T. ) ;
#3401 = CYLINDRICAL_SURFACE ( 'NONE', #1728, 10.00000000000000178 ) ;
#3402 = DIRECTION ( 'NONE',  ( 0.000000000000000000, -0.000000000000000000, -1.000000000000000000 ) ) ;
#3403 = LINE ( 'NONE', #5827, #714 ) ;
#3404 = ORIENTED_EDGE ( 'NONE', *, *, #6413, .T. ) ;
#3405 = CARTESIAN_POINT ( 'NONE',  ( 2.500000000000000000, 2.357898499370432166, -1.951563910473907981E-15 ) ) ;
#3406 = EDGE_CURVE ( 'NONE', #7188, #6190, #4921, .T. ) ;
#3407 = EDGE_CURVE ( 'NONE', #5678, #3115, #836, .T. ) ;
#3408 = DIRECTION ( 'NONE',  ( 1.000000000000000000, 0.000000000000000000, 0.000000000000000000 ) ) ;
#3409 = CARTESIAN_POINT ( 'NONE',  ( 3.000000000000002220, 9.750000000000001776, 7.249999999999999112 ) ) ;
#3410 = AXIS2_PLACEMENT_3D ( 'NONE', #6340, #3143, #4464 ) ;
#3411 = ORIENTED_EDGE ( 'NONE', *, *, #7769, .F. ) ;
#3412 = CARTESIAN_POINT ( 'NONE',  ( -1.830906825857606224, 9.832328817281835498, -139.6155357844821481 ) ) ;
#3413 = CARTESIAN_POINT ( 'NONE',  ( 0.000000000000000000, 0.000000000000000000, -135.0000000000000000 ) ) ;
#3414 = VECTOR ( 'NONE', #5525, 1000.000000000000000 ) ;
#3415 = EDGE_CURVE ( 'NONE', #350, #5873, #3896, .T. ) ;
#3416 = ORIENTED_EDGE ( 'NONE', *, *, #5199, .T. ) ;
#3417 = DIRECTION ( 'NONE',  ( 0.000000000000000000, 0.000000000000000000, 1.000000000000000000 ) ) ;
#3418 = VECTOR ( 'NONE', #4638, 1000.000000000000000 ) ;
#3419 = CARTESIAN_POINT ( 'NONE',  ( 39.99999999999998579, 15.00000000000000000, 7.500000000000000000 ) ) ;
#3420 = VERTEX_POINT ( 'NONE', #2794 ) ;
#3421 = CARTESIAN_POINT ( 'NONE',  ( 25.00000000000000711, -40.00000000000000711, 0.000000000000000000 ) ) ;
#3422 = PLANE ( 'NONE',  #7872 ) ;
#3423 = ORIENTED_EDGE ( 'NONE', *, *, #4772, .F. ) ;
#3424 = CARTESIAN_POINT ( 'NONE',  ( 7.000000000000001776, -4.750000000000000000, 7.500000000000000000 ) ) ;
#3425 = CYLINDRICAL_SURFACE ( 'NONE', #2277, 4.375000000000003553 ) ;
#3426 = EDGE_CURVE ( 'NONE', #2789, #6566, #7125, .T. ) ;
#3427 = ORIENTED_EDGE ( 'NONE', *, *, #6458, .F. ) ;
#3428 = DIRECTION ( 'NONE',  ( -0.000000000000000000, -0.000000000000000000, 1.000000000000000000 ) ) ;
#3429 = LINE ( 'NONE', #5280, #4156 ) ;
#3430 = EDGE_CURVE ( 'NONE', #3125, #944, #305, .T. ) ;
#3431 = VERTEX_POINT ( 'NONE', #5249 ) ;
#3432 = AXIS2_PLACEMENT_3D ( 'NONE', #2548, #39, #5046 ) ;
#3433 = VECTOR ( 'NONE', #2433, 1000.000000000000000 ) ;
#3434 = PRESENTATION_LAYER_ASSIGNMENT (  '', '', ( #292 ) ) ;
#3435 = CARTESIAN_POINT ( 'NONE',  ( 25.00000000000000711, 32.50000000000000000, -120.0000000000000000 ) ) ;
#3436 = DIRECTION ( 'NONE',  ( 0.000000000000000000, -0.000000000000000000, 1.000000000000000000 ) ) ;
#3437 = ORIENTED_EDGE ( 'NONE', *, *, #6457, .T. ) ;
#3438 = CARTESIAN_POINT ( 'NONE',  ( -32.49999999999999289, 32.50000000000000711, 19.50000000000001066 ) ) ;
#3439 = ORIENTED_EDGE ( 'NONE', *, *, #4459, .F. ) ;
#3440 = CYLINDRICAL_SURFACE ( 'NONE', #7378, 2.500000000000009326 ) ;
#3441 = CIRCLE ( 'NONE', #2792, 20.00000000000000000 ) ;
#3442 = DIRECTION ( 'NONE',  ( -0.000000000000000000, -0.000000000000000000, 1.000000000000000000 ) ) ;
#3443 = FACE_BOUND ( 'NONE', #4876, .T. ) ;
#3444 = CIRCLE ( 'NONE', #1091, 0.2500000000000002220 ) ;
#3445 = EDGE_LOOP ( 'NONE', ( #2898, #4900, #3923, #4475 ) ) ;
#3446 = EDGE_LOOP ( 'NONE', ( #102, #5686 ) ) ;
#3447 = EDGE_CURVE ( 'NONE', #4608, #4577, #6455, .T. ) ;
#3448 = VECTOR ( 'NONE', #5298, 1000.000000000000000 ) ;
#3449 = CARTESIAN_POINT ( 'NONE',  ( -54.99999999999998579, -30.00000000000001421, 7.500000000000000000 ) ) ;
#3450 = VECTOR ( 'NONE', #1039, 1000.000000000000000 ) ;
#3451 = DIRECTION ( 'NONE',  ( 1.000000000000000000, 0.000000000000000000, 0.000000000000000000 ) ) ;
#3452 = CARTESIAN_POINT ( 'NONE',  ( 28.12500000000001066, 32.50000000000000000, -123.0000000000000000 ) ) ;
#3453 = VERTEX_POINT ( 'NONE', #5742 ) ;
#3454 = CARTESIAN_POINT ( 'NONE',  ( 5.759474945355412601, 0.000000000000000000, 0.000000000000000000 ) ) ;
#3455 = EDGE_CURVE ( 'NONE', #3007, #6769, #7735, .T. ) ;
#3456 = CARTESIAN_POINT ( 'NONE',  ( 40.00000000000000711, -40.00000000000000711, -120.0000000000000000 ) ) ;
#3457 = EDGE_CURVE ( 'NONE', #5391, #7885, #282, .T. ) ;
#3458 = AXIS2_PLACEMENT_3D ( 'NONE', #7208, #1615, #6599 ) ;
#3459 = ORIENTED_EDGE ( 'NONE', *, *, #6305, .T. ) ;
#3460 = CARTESIAN_POINT ( 'NONE',  ( 3.000000000000002220, -9.000000000000001776, 7.500000000000000000 ) ) ;
#3461 = EDGE_LOOP ( 'NONE', ( #4775, #7845, #512, #248 ) ) ;
#3462 = CARTESIAN_POINT ( 'NONE',  ( 35.00000000000001421, 32.50000000000000000, -120.0000000000000000 ) ) ;
#3463 = DIRECTION ( 'NONE',  ( 0.000000000000000000, 0.5000000000000011102, 0.8660254037844379305 ) ) ;
#3464 = DIRECTION ( 'NONE',  ( -1.000000000000000000, 9.251858538542963939E-16, 0.000000000000000000 ) ) ;
#3465 = ADVANCED_FACE ( 'NONE', ( #787 ), #120, .T. ) ;
#3466 = CARTESIAN_POINT ( 'NONE',  ( -30.00000000000000711, -32.50000000000000000, 7.500000000000000888 ) ) ;
#3467 = ORIENTED_EDGE ( 'NONE', *, *, #7253, .F. ) ;
#3468 = ORIENTED_EDGE ( 'NONE', *, *, #6895, .F. ) ;
#3469 = DIRECTION ( 'NONE',  ( 0.000000000000000000, 0.000000000000000000, 1.000000000000000000 ) ) ;
#3470 = CARTESIAN_POINT ( 'NONE',  ( -40.00000000000000000, -15.00000000000000000, -0.5000000000000004441 ) ) ;
#3471 = ORIENTED_EDGE ( 'NONE', *, *, #6104, .F. ) ;
#3472 = ORIENTED_EDGE ( 'NONE', *, *, #4886, .F. ) ;
#3473 = CARTESIAN_POINT ( 'NONE',  ( 0.000000000000000000, 34.99999999999999289, 24.99999999999999645 ) ) ;
#3474 = VECTOR ( 'NONE', #1985, 1000.000000000000000 ) ;
#3475 = ORIENTED_EDGE ( 'NONE', *, *, #3854, .F. ) ;
#3476 = CARTESIAN_POINT ( 'NONE',  ( 2.601731063447928261, 9.656274622360582427, -140.4935783046195183 ) ) ;
#3477 = LINE ( 'NONE', #5857, #1211 ) ;
#3478 = AXIS2_PLACEMENT_3D ( 'NONE', #6298, #7531, #3853 ) ;
#3479 = ORIENTED_EDGE ( 'NONE', *, *, #1553, .F. ) ;
#3480 = DIRECTION ( 'NONE',  ( 0.9999674980010681002, -0.008062440169347623309, -2.730711816840637634E-17 ) ) ;
#3481 = CARTESIAN_POINT ( 'NONE',  ( 0.2500000000000019984, -9.000000000000003553, -7.249999999999999112 ) ) ;
#3482 = CARTESIAN_POINT ( 'NONE',  ( -25.00000000000000711, 33.51954211927168359, 24.99999999999999645 ) ) ;
#3483 = CARTESIAN_POINT ( 'NONE',  ( 32.50000000000000711, -32.50000000000000000, -115.0000000000000000 ) ) ;
#3484 = AXIS2_PLACEMENT_3D ( 'NONE', #6779, #519, #6052 ) ;
#3485 = ORIENTED_EDGE ( 'NONE', *, *, #4395, .T. ) ;
#3486 = FACE_OUTER_BOUND ( 'NONE', #434, .T. ) ;
#3487 = ADVANCED_FACE ( 'NONE', ( #2064 ), #748, .T. ) ;
#3488 = CARTESIAN_POINT ( 'NONE',  ( 0.000000000000000000, 0.000000000000000000, 0.000000000000000000 ) ) ;
#3489 = LINE ( 'NONE', #879, #5933 ) ;
#3490 = ORIENTED_EDGE ( 'NONE', *, *, #2791, .T. ) ;
#3491 = DIRECTION ( 'NONE',  ( 0.000000000000000000, 1.000000000000000000, 0.000000000000000000 ) ) ;
#3492 = AXIS2_PLACEMENT_3D ( 'NONE', #5804, #6452, #188 ) ;
#3493 = DIRECTION ( 'NONE',  ( -1.000000000000000000, 0.000000000000000000, -0.000000000000000000 ) ) ;
#3494 = AXIS2_PLACEMENT_3D ( 'NONE', #7440, #4184, #6830 ) ;
#3495 = EDGE_LOOP ( 'NONE', ( #6012, #6136, #7255, #7835 ) ) ;
#3496 = DIRECTION ( 'NONE',  ( 1.000000000000000000, -0.000000000000000000, -0.000000000000000000 ) ) ;
#3497 = CARTESIAN_POINT ( 'NONE',  ( 25.00000000000000000, 0.000000000000000000, -135.0000000000000000 ) ) ;
#3498 = ADVANCED_FACE ( 'NONE', ( #210 ), #7077, .T. ) ;
#3499 = EDGE_LOOP ( 'NONE', ( #1785, #2778, #4843, #3529 ) ) ;
#3500 = DIRECTION ( 'NONE',  ( 1.000000000000000000, 0.000000000000000000, 0.000000000000000000 ) ) ;
#3501 = CARTESIAN_POINT ( 'NONE',  ( -25.00000000000000711, 40.00000000000000711, -120.0000000000000000 ) ) ;
#3502 = DIRECTION ( 'NONE',  ( 0.000000000000000000, -1.000000000000000000, 1.734723475976806848E-16 ) ) ;
#3503 = AXIS2_PLACEMENT_3D ( 'NONE', #3152, #5653, #4474 ) ;
#3504 = PRODUCT_DEFINITION_SHAPE ( 'NONE', 'NONE',  #7467 ) ;
#3505 = LINE ( 'NONE', #5385, #6740 ) ;
#3506 = APPLICATION_CONTEXT ( 'automotive_design' ) ;
#3507 = EDGE_LOOP ( 'NONE', ( #4624, #3900, #3789, #2123 ) ) ;
#3508 = VERTEX_POINT ( 'NONE', #6429 ) ;
#3509 = CARTESIAN_POINT ( 'NONE',  ( 5.200000000000002842, 0.000000000000000000, 0.000000000000000000 ) ) ;
#3510 = DIRECTION ( 'NONE',  ( -1.000000000000000000, -0.000000000000000000, -0.000000000000000000 ) ) ;
#3511 = VERTEX_POINT ( 'NONE', #3329 ) ;
#3512 = ORIENTED_EDGE ( 'NONE', *, *, #873, .T. ) ;
#3513 = DIRECTION ( 'NONE',  ( 1.000000000000000000, 0.000000000000000000, 0.000000000000000000 ) ) ;
#3514 = EDGE_CURVE ( 'NONE', #269, #4469, #5292, .T. ) ;
#3515 = VERTEX_POINT ( 'NONE', #3367 ) ;
#3516 = DIRECTION ( 'NONE',  ( 0.000000000000000000, 1.000000000000000000, 0.000000000000000000 ) ) ;
#3517 = LINE ( 'NONE', #4054, #7608 ) ;
#3518 = EDGE_LOOP ( 'NONE', ( #4207, #6325, #2897, #7210 ) ) ;
#3519 = DIRECTION ( 'NONE',  ( -1.000000000000000000, -0.000000000000000000, -0.000000000000000000 ) ) ;
#3520 = AXIS2_PLACEMENT_3D ( 'NONE', #5641, #6906, #5687 ) ;
#3521 = CARTESIAN_POINT ( 'NONE',  ( -32.50000000000000711, -32.50000000000000000, -120.0000000000000000 ) ) ;
#3522 = DIRECTION ( 'NONE',  ( 1.000000000000000000, 0.000000000000000000, 0.000000000000000000 ) ) ;
#3523 = LINE ( 'NONE', #209, #8006 ) ;
#3524 = ORIENTED_EDGE ( 'NONE', *, *, #2273, .F. ) ;
#3525 = AXIS2_PLACEMENT_3D ( 'NONE', #6447, #3342, #3379 ) ;
#3526 = DIRECTION ( 'NONE',  ( -0.000000000000000000, -0.000000000000000000, 1.000000000000000000 ) ) ;
#3527 = CARTESIAN_POINT ( 'NONE',  ( 1.000000000000001998, -9.000000000000001776, 7.249999999999999112 ) ) ;
#3528 = LINE ( 'NONE', #3991, #2400 ) ;
#3529 = ORIENTED_EDGE ( 'NONE', *, *, #3951, .F. ) ;
#3530 = DIRECTION ( 'NONE',  ( 0.000000000000000000, 0.000000000000000000, -1.000000000000000000 ) ) ;
#3531 = CIRCLE ( 'NONE', #1969, 4.000000000000003553 ) ;
#3532 = ITEM_DEFINED_TRANSFORMATION ( 'NONE', 'NONE', #5593,  #5854 ) ;
#3533 = DIRECTION ( 'NONE',  ( 0.000000000000000000, -0.000000000000000000, 1.000000000000000000 ) ) ;
#3534 = FACE_OUTER_BOUND ( 'NONE', #4869, .T. ) ;
#3535 = EDGE_LOOP ( 'NONE', ( #3363, #2160, #7126, #4581, #1452, #3058, #2437, #7032 ) ) ;
#3536 = DIRECTION ( 'NONE',  ( 1.000000000000000000, 9.251858538542963939E-16, 0.000000000000000000 ) ) ;
#3537 = LINE ( 'NONE', #3501, #7587 ) ;
#3538 = CARTESIAN_POINT ( 'NONE',  ( -6.938893903907228378E-15, -1.387778780781445676E-14, 0.5000000000000004441 ) ) ;
#3539 = EDGE_CURVE ( 'NONE', #5123, #5698, #3588, .T. ) ;
#3540 = VECTOR ( 'NONE', #5690, 1000.000000000000000 ) ;
#3541 = CIRCLE ( 'NONE', #4204, 24.99999999999999645 ) ;
#3542 = DIRECTION ( 'NONE',  ( 1.000000000000000000, 0.000000000000000000, 0.000000000000000000 ) ) ;
#3543 = ADVANCED_FACE ( 'NONE', ( #872 ), #3238, .F. ) ;
#3544 = ORIENTED_EDGE ( 'NONE', *, *, #2455, .F. ) ;
#3545 = ORIENTED_EDGE ( 'NONE', *, *, #1808, .F. ) ;
#3546 = CARTESIAN_POINT ( 'NONE',  ( 29.99999999999998579, -32.50000000000000000, -123.0000000000000000 ) ) ;
#3547 = CARTESIAN_POINT ( 'NONE',  ( 35.00000000000000711, 33.51954211927168359, 30.00000000000000000 ) ) ;
#3548 = VERTEX_POINT ( 'NONE', #3987 ) ;
#3549 = ORIENTED_EDGE ( 'NONE', *, *, #5452, .F. ) ;
#3550 = PLANE ( 'NONE',  #7480 ) ;
#3551 = EDGE_CURVE ( 'NONE', #500, #3453, #4244, .T. ) ;
#3552 = EDGE_CURVE ( 'NONE', #5818, #7981, #3403, .T. ) ;
#3553 = ADVANCED_FACE ( 'NONE', ( #7162 ), #6352, .F. ) ;
#3554 = ORIENTED_EDGE ( 'NONE', *, *, #4271, .F. ) ;
#3555 = ADVANCED_FACE ( 'NONE', ( #6776 ), #6088, .F. ) ;
#3556 = CARTESIAN_POINT ( 'NONE',  ( 4.000000000000000000, 1.759474945355379294, -3.047500000000001652 ) ) ;
#3557 = LINE ( 'NONE', #8018, #6823 ) ;
#3558 = ORIENTED_EDGE ( 'NONE', *, *, #4999, .T. ) ;
#3559 = CARTESIAN_POINT ( 'NONE',  ( 1.000000000000001998, -9.750000000000001776, 7.500000000000000000 ) ) ;
#3560 = DIRECTION ( 'NONE',  ( 1.000000000000000000, 0.000000000000000000, 0.000000000000000000 ) ) ;
#3561 = DIRECTION ( 'NONE',  ( -0.000000000000000000, -0.000000000000000000, 1.000000000000000000 ) ) ;
#3562 = DIRECTION ( 'NONE',  ( -9.251858538542963939E-16, -1.000000000000000000, 0.000000000000000000 ) ) ;
#3563 = EDGE_CURVE ( 'NONE', #2959, #5775, #3057, .T. ) ;
#3564 = VECTOR ( 'NONE', #6794, 1000.000000000000000 ) ;
#3565 = AXIS2_PLACEMENT_3D ( 'NONE', #1065, #1111, #5562 ) ;
#3566 = ORIENTED_EDGE ( 'NONE', *, *, #3842, .F. ) ;
#3567 = CIRCLE ( 'NONE', #3964, 25.00000000000000000 ) ;
#3568 = CARTESIAN_POINT ( 'NONE',  ( 0.2500000000000019984, 9.000000000000001776, -7.500000000000000000 ) ) ;
#3569 = TOROIDAL_SURFACE ( 'NONE', #30, 0.7500000000000000000, 0.2500000000000000000 ) ;
#3570 = CARTESIAN_POINT ( 'NONE',  ( 3.750000000000003997, -5.000000000000000000, -7.249999999999999112 ) ) ;
#3571 = CIRCLE ( 'NONE', #3967, 0.9999999999999997780 ) ;
#3572 = FACE_OUTER_BOUND ( 'NONE', #5831, .T. ) ;
#3573 = ORIENTED_EDGE ( 'NONE', *, *, #3447, .F. ) ;
#3574 = CARTESIAN_POINT ( 'NONE',  ( -27.77783773436489767, 26.60286862626680815, 0.000000000000000000 ) ) ;
#3575 = VECTOR ( 'NONE', #2103, 1000.000000000000000 ) ;
#3576 = AXIS2_PLACEMENT_3D ( 'NONE', #2206, #4740, #5970 ) ;
#3577 = CONICAL_SURFACE ( 'NONE', #6715, 5.700000000000001066, 0.7853981633974461696 ) ;
#3578 = EDGE_CURVE ( 'NONE', #6769, #5151, #6123, .T. ) ;
#3579 = AXIS2_PLACEMENT_3D ( 'NONE', #3114, #7412, #7575 ) ;
#3580 = AXIS2_PLACEMENT_3D ( 'NONE', #2800, #4681, #7167 ) ;
#3581 = CARTESIAN_POINT ( 'NONE',  ( 6.750000000000001776, -4.750000000000000000, -7.249999999999999112 ) ) ;
#3582 = CARTESIAN_POINT ( 'NONE',  ( -40.00000000000000711, 25.00000000000000000, -120.0000000000000000 ) ) ;
#3583 = ORIENTED_EDGE ( 'NONE', *, *, #4904, .F. ) ;
#3584 = CARTESIAN_POINT ( 'NONE',  ( 32.50000000000000711, 32.50000000000000000, -15.00000000000001421 ) ) ;
#3585 =( BOUNDED_CURVE ( )  B_SPLINE_CURVE ( 3, ( #4029, #6519, #883, #7829 ),
 .UNSPECIFIED., .F., .F. ) 
 B_SPLINE_CURVE_WITH_KNOTS ( ( 4, 4 ),
 ( 3.141592653589793116, 4.712388980384689674 ),
 .UNSPECIFIED. ) 
 CURVE ( )  GEOMETRIC_REPRESENTATION_ITEM ( )  RATIONAL_B_SPLINE_CURVE ( ( 1.000000000000000000, 0.8047378541243649375, 0.8047378541243649375, 1.000000000000000000 ) ) 
 REPRESENTATION_ITEM ( '' )  );
#3586 = LINE ( 'NONE', #4892, #3832 ) ;
#3587 = CARTESIAN_POINT ( 'NONE',  ( 30.00000000000002487, -32.50000000000000000, 7.500000000000000000 ) ) ;
#3588 = CIRCLE ( 'NONE', #4771, 2.500000000000000444 ) ;
#3589 = AXIS2_PLACEMENT_3D ( 'NONE', #4558, #3858, #3985 ) ;
#3590 = DIRECTION ( 'NONE',  ( 1.000000000000000000, 0.000000000000000000, 0.000000000000000000 ) ) ;
#3591 = VERTEX_POINT ( 'NONE', #2977 ) ;
#3592 = EDGE_LOOP ( 'NONE', ( #6765, #740 ) ) ;
#3593 = DIRECTION ( 'NONE',  ( -8.673617379884035472E-17, 0.000000000000000000, -1.000000000000000000 ) ) ;
#3594 = ADVANCED_FACE ( 'NONE', ( #476, #3443, #4213, #947, #7204, #1606 ), #323, .F. ) ;
#3595 = CARTESIAN_POINT ( 'NONE',  ( 7.000000000000001776, 4.750000000000000000, 7.249999999999999112 ) ) ;
#3596 = ORIENTED_EDGE ( 'NONE', *, *, #2956, .T. ) ;
#3597 = ORIENTED_EDGE ( 'NONE', *, *, #4185, .T. ) ;
#3598 = DIRECTION ( 'NONE',  ( -8.673617379884035472E-17, 1.000000000000000000, -0.000000000000000000 ) ) ;
#3599 = ORIENTED_EDGE ( 'NONE', *, *, #7499, .T. ) ;
#3600 = ADVANCED_FACE ( 'NONE', ( #4329 ), #7357, .T. ) ;
#3601 = LINE ( 'NONE', #2300, #1404 ) ;
#3602 = LINE ( 'NONE', #1688, #416 ) ;
#3603 = ORIENTED_EDGE ( 'NONE', *, *, #3910, .T. ) ;
#3604 = FACE_OUTER_BOUND ( 'NONE', #6803, .T. ) ;
#3605 = DIRECTION ( 'NONE',  ( 1.000000000000000000, 0.000000000000000000, 0.000000000000000000 ) ) ;
#3606 = DIRECTION ( 'NONE',  ( 0.000000000000000000, 0.000000000000000000, -1.000000000000000000 ) ) ;
#3607 = FACE_OUTER_BOUND ( 'NONE', #1097, .T. ) ;
#3608 = EDGE_CURVE ( 'NONE', #6563, #5986, #7504, .T. ) ;
#3609 = EDGE_CURVE ( 'NONE', #944, #2767, #3014, .T. ) ;
#3610 = VERTEX_POINT ( 'NONE', #5474 ) ;
#3611 = AXIS2_PLACEMENT_3D ( 'NONE', #7308, #1635, #6185 ) ;
#3612 = DIRECTION ( 'NONE',  ( -1.000000000000000000, -0.000000000000000000, -0.000000000000000000 ) ) ;
#3613 = CARTESIAN_POINT ( 'NONE',  ( -40.00000000000000000, -15.00000000000000000, 7.500000000000000000 ) ) ;
#3614 = DIRECTION ( 'NONE',  ( -0.000000000000000000, -0.000000000000000000, -1.000000000000000000 ) ) ;
#3615 = PLANE ( 'NONE',  #1229 ) ;
#3616 = ADVANCED_FACE ( 'NONE', ( #2369 ), #3673, .T. ) ;
#3617 = CIRCLE ( 'NONE', #4398, 2.499999999999988454 ) ;
#3618 = AXIS2_PLACEMENT_3D ( 'NONE', #226, #4733, #3382 ) ;
#3619 = CARTESIAN_POINT ( 'NONE',  ( 4.000000000000000000, -1.759474945355389064, -3.047499999999997655 ) ) ;
#3620 = DIRECTION ( 'NONE',  ( 0.000000000000000000, -1.000000000000000000, 1.471414886128460880E-15 ) ) ;
#3621 = ORIENTED_EDGE ( 'NONE', *, *, #3318, .T. ) ;
#3622 = DIRECTION ( 'NONE',  ( 0.000000000000000000, 0.000000000000000000, 1.000000000000000000 ) ) ;
#3623 = DIRECTION ( 'NONE',  ( 0.000000000000000000, 0.000000000000000000, -1.000000000000000000 ) ) ;
#3624 = DIRECTION ( 'NONE',  ( 0.000000000000000000, 0.000000000000000000, 1.000000000000000000 ) ) ;
#3625 = EDGE_LOOP ( 'NONE', ( #1928, #6446, #2572, #3916 ) ) ;
#3626 = ORIENTED_EDGE ( 'NONE', *, *, #3204, .F. ) ;
#3627 = DIRECTION ( 'NONE',  ( -5.204170427930421283E-16, 1.000000000000000000, 0.000000000000000000 ) ) ;
#3628 = DIRECTION ( 'NONE',  ( 1.000000000000000000, 0.000000000000000000, 0.000000000000000000 ) ) ;
#3629 = ORIENTED_EDGE ( 'NONE', *, *, #5867, .T. ) ;
#3630 = EDGE_LOOP ( 'NONE', ( #7553, #73, #2874, #5718 ) ) ;
#3631 = DIRECTION ( 'NONE',  ( 1.000000000000000000, 0.000000000000000000, 0.000000000000000000 ) ) ;
#3632 = DIRECTION ( 'NONE',  ( 0.000000000000000000, 0.000000000000000000, -1.000000000000000000 ) ) ;
#3633 = PRODUCT_DEFINITION_CONTEXT ( 'detailed design', #5762, 'design' ) ;
#3634 = ADVANCED_FACE ( 'NONE', ( #8091 ), #1180, .T. ) ;
#3635 = MANIFOLD_SOLID_BREP ( 'Hex', #7334 ) ;
#3636 = ORIENTED_EDGE ( 'NONE', *, *, #5963, .F. ) ;
#3637 =( GEOMETRIC_REPRESENTATION_CONTEXT ( 3 ) GLOBAL_UNCERTAINTY_ASSIGNED_CONTEXT ( ( #5032 ) ) GLOBAL_UNIT_ASSIGNED_CONTEXT ( ( #5365, #7035, #2136 ) ) REPRESENTATION_CONTEXT ( 'NONE', 'WORKASPACE' ) );
#3638 = DIRECTION ( 'NONE',  ( 1.000000000000000000, 0.000000000000000000, 0.000000000000000000 ) ) ;
#3639 = LINE ( 'NONE', #7975, #4224 ) ;
#3640 = EDGE_LOOP ( 'NONE', ( #2207, #5531 ) ) ;
#3641 = DIRECTION ( 'NONE',  ( 0.000000000000000000, 0.000000000000000000, 1.000000000000000000 ) ) ;
#3642 = FACE_OUTER_BOUND ( 'NONE', #4371, .T. ) ;
#3643 = DIRECTION ( 'NONE',  ( -0.000000000000000000, 0.000000000000000000, 1.000000000000000000 ) ) ;
#3644 = DIRECTION ( 'NONE',  ( 1.000000000000000000, 0.000000000000000000, 0.000000000000000000 ) ) ;
#3645 = EDGE_CURVE ( 'NONE', #912, #847, #3720, .T. ) ;
#3646 = ORIENTED_EDGE ( 'NONE', *, *, #239, .F. ) ;
#3647 = EDGE_CURVE ( 'NONE', #5289, #2417, #1897, .T. ) ;
#3648 = CARTESIAN_POINT ( 'NONE',  ( 24.55500000000001393, 0.000000000000000000, 2.500000000000000444 ) ) ;
#3649 = CIRCLE ( 'NONE', #7042, 2.500000000000009326 ) ;
#3650 = ADVANCED_FACE ( 'NONE', ( #7520, #642 ), #7472, .F. ) ;
#3651 = MANIFOLD_SOLID_BREP ( 'Chamfer1', #7985 ) ;
#3652 = DIRECTION ( 'NONE',  ( 0.000000000000000000, -1.000000000000000000, 0.000000000000000000 ) ) ;
#3653 = LINE ( 'NONE', #5536, #7081 ) ;
#3654 = CARTESIAN_POINT ( 'NONE',  ( 20.00000000000000711, 34.99999999999999289, 30.00000000000000000 ) ) ;
#3655 = AXIS2_PLACEMENT_3D ( 'NONE', #2439, #3171, #2521 ) ;
#3656 = EDGE_CURVE ( 'NONE', #4322, #4469, #6244, .T. ) ;
#3657 = EDGE_CURVE ( 'NONE', #331, #7348, #2913, .T. ) ;
#3658 = DIRECTION ( 'NONE',  ( 1.000000000000000000, 0.000000000000000000, 0.000000000000000000 ) ) ;
#3659 = VECTOR ( 'NONE', #7367, 1000.000000000000000 ) ;
#3660 = FACE_OUTER_BOUND ( 'NONE', #4826, .T. ) ;
#3661 = ORIENTED_EDGE ( 'NONE', *, *, #3699, .T. ) ;
#3662 = LINE ( 'NONE', #1169, #6434 ) ;
#3663 = DIRECTION ( 'NONE',  ( 1.000000000000000000, 0.000000000000000000, 0.000000000000000000 ) ) ;
#3664 = DIRECTION ( 'NONE',  ( -5.204170427930421283E-16, -1.000000000000000000, 0.000000000000000000 ) ) ;
#3665 = EDGE_CURVE ( 'NONE', #892, #6430, #3567, .T. ) ;
#3666 = ORIENTED_EDGE ( 'NONE', *, *, #7307, .F. ) ;
#3667 = ORIENTED_EDGE ( 'NONE', *, *, #5948, .F. ) ;
#3668 = DIRECTION ( 'NONE',  ( 0.000000000000000000, 1.000000000000000000, 0.000000000000000000 ) ) ;
#3669 = DIRECTION ( 'NONE',  ( -0.000000000000000000, -0.000000000000000000, 1.000000000000000000 ) ) ;
#3670 = ORIENTED_EDGE ( 'NONE', *, *, #4500, .T. ) ;
#3671 = VERTEX_POINT ( 'NONE', #4541 ) ;
#3672 = CYLINDRICAL_SURFACE ( 'NONE', #6284, 2.000000000000001776 ) ;
#3673 = CYLINDRICAL_SURFACE ( 'NONE', #47, 0.2500000000000002220 ) ;
#3674 = AXIS2_PLACEMENT_3D ( 'NONE', #3188, #5118, #5691 ) ;
#3675 = ORIENTED_EDGE ( 'NONE', *, *, #2100, .T. ) ;
#3676 = EDGE_CURVE ( 'NONE', #4332, #1085, #5685, .T. ) ;
#3677 = CARTESIAN_POINT ( 'NONE',  ( 5.000000000000000888, 0.000000000000000000, 0.000000000000000000 ) ) ;
#3678 = CARTESIAN_POINT ( 'NONE',  ( 55.00000000000000000, 39.99999999999999289, 7.500000000000000000 ) ) ;
#3679 = ORIENTED_EDGE ( 'NONE', *, *, #1719, .T. ) ;
#3680 = DIRECTION ( 'NONE',  ( 1.000000000000000000, 0.000000000000000000, 0.000000000000000000 ) ) ;
#3681 = CARTESIAN_POINT ( 'NONE',  ( 7.000000000000002665, 4.898587196589401982E-16, 3.999999999999988010 ) ) ;
#3682 = DIRECTION ( 'NONE',  ( 1.000000000000000000, 0.000000000000000000, 0.000000000000000000 ) ) ;
#3683 = CARTESIAN_POINT ( 'NONE',  ( 39.99999999999998579, -15.00000000000000000, 7.500000000000000000 ) ) ;
#3684 = EDGE_LOOP ( 'NONE', ( #3294, #396, #7889, #6006 ) ) ;
#3685 = PLANE ( 'NONE',  #1274 ) ;
#3686 = ORIENTED_EDGE ( 'NONE', *, *, #544, .T. ) ;
#3687 = DIRECTION ( 'NONE',  ( -0.000000000000000000, -0.000000000000000000, 1.000000000000000000 ) ) ;
#3688 = DIRECTION ( 'NONE',  ( 1.000000000000000000, 0.000000000000000000, 0.000000000000000000 ) ) ;
#3689 = DIRECTION ( 'NONE',  ( 0.000000000000000000, 1.000000000000000000, 0.000000000000000000 ) ) ;
#3690 = AXIS2_PLACEMENT_3D ( 'NONE', #2793, #322, #6594 ) ;
#3691 = AXIS2_PLACEMENT_3D ( 'NONE', #2176, #6469, #6590 ) ;
#3692 = VECTOR ( 'NONE', #3133, 1000.000000000000000 ) ;
#3693 = CIRCLE ( 'NONE', #560, 2.500000000000015987 ) ;
#3694 = AXIS2_PLACEMENT_3D ( 'NONE', #6950, #2050, #1397 ) ;
#3695 = AXIS2_PLACEMENT_3D ( 'NONE', #7056, #1504, #7436 ) ;
#3696 = AXIS2_PLACEMENT_3D ( 'NONE', #2152, #217, #7132 ) ;
#3697 = CARTESIAN_POINT ( 'NONE',  ( 24.99999999999998934, -1.387778780781445676E-14, 2.499999999999999556 ) ) ;
#3698 = VECTOR ( 'NONE', #5097, 1000.000000000000114 ) ;
#3699 = EDGE_CURVE ( 'NONE', #7352, #7669, #3878, .T. ) ;
#3700 = DIRECTION ( 'NONE',  ( 1.000000000000000000, 0.000000000000000000, 0.000000000000000000 ) ) ;
#3701 = EDGE_LOOP ( 'NONE', ( #7592, #4491, #1482, #2911 ) ) ;
#3702 = DIRECTION ( 'NONE',  ( -1.000000000000000000, -0.000000000000000000, -0.000000000000000000 ) ) ;
#3703 = VECTOR ( 'NONE', #3669, 1000.000000000000000 ) ;
#3704 = CARTESIAN_POINT ( 'NONE',  ( -3.000000000000000444, 6.000000000000000000, -172.0000000000000000 ) ) ;
#3705 = FACE_OUTER_BOUND ( 'NONE', #5456, .T. ) ;
#3706 = ADVANCED_FACE ( 'NONE', ( #769 ), #5069, .F. ) ;
#3707 = CIRCLE ( 'NONE', #303, 0.2500000000000002220 ) ;
#3708 = EDGE_CURVE ( 'NONE', #5902, #5125, #3693, .T. ) ;
#3709 = EDGE_CURVE ( 'NONE', #3548, #6566, #5031, .T. ) ;
#3710 = AXIS2_PLACEMENT_3D ( 'NONE', #6071, #5991, #4776 ) ;
#3711 = CIRCLE ( 'NONE', #3839, 4.000000000000003553 ) ;
#3712 = CIRCLE ( 'NONE', #6183, 3.000000000000002665 ) ;
#3713 = ORIENTED_EDGE ( 'NONE', *, *, #2352, .F. ) ;
#3714 = EDGE_LOOP ( 'NONE', ( #6160, #1851, #5711, #2326 ) ) ;
#3715 = CARTESIAN_POINT ( 'NONE',  ( 0.000000000000000000, 0.000000000000000000, 0.000000000000000000 ) ) ;
#3716 = CARTESIAN_POINT ( 'NONE',  ( -32.49999999999999289, 32.50000000000000000, -120.0000000000000000 ) ) ;
#3717 = ORIENTED_EDGE ( 'NONE', *, *, #5852, .T. ) ;
#3718 = VERTEX_POINT ( 'NONE', #4415 ) ;
#3719 = CARTESIAN_POINT ( 'NONE',  ( 5.000000000000004441, 0.000000000000000000, 4.250000000000000000 ) ) ;
#3720 = CIRCLE ( 'NONE', #181, 4.000000000000003553 ) ;
#3721 = CARTESIAN_POINT ( 'NONE',  ( 35.99999999999998579, 15.00000000000000000, 7.500000000000000000 ) ) ;
#3722 = CARTESIAN_POINT ( 'NONE',  ( 19.00000000000000000, 0.000000000000000000, -135.0000000000000000 ) ) ;
#3723 = EDGE_CURVE ( 'NONE', #4179, #32, #809, .T. ) ;
#3724 = EDGE_LOOP ( 'NONE', ( #3666, #7034, #2575, #4667 ) ) ;
#3725 = CARTESIAN_POINT ( 'NONE',  ( 32.50000000000000000, -32.50000000000000000, -130.0000000000000000 ) ) ;
#3726 = CARTESIAN_POINT ( 'NONE',  ( 3.750000000000002220, 9.000000000000001776, 7.500000000000000000 ) ) ;
#3727 = ORIENTED_EDGE ( 'NONE', *, *, #5141, .T. ) ;
#3728 = DIRECTION ( 'NONE',  ( 0.000000000000000000, 0.000000000000000000, 1.000000000000000000 ) ) ;
#3729 = CARTESIAN_POINT ( 'NONE',  ( -38.00000000000000711, 37.99999999999999289, -130.0000000000000000 ) ) ;
#3730 = CARTESIAN_POINT ( 'NONE',  ( 40.00000000000000711, -25.00000000000000000, -120.0000000000000000 ) ) ;
#3731 = CARTESIAN_POINT ( 'NONE',  ( 6.750000000000001776, -4.750000000000000000, 7.249999999999999112 ) ) ;
#3732 = PRODUCT_RELATED_PRODUCT_CATEGORY ( 'part', '', ( #3777 ) ) ;
#3733 = ORIENTED_EDGE ( 'NONE', *, *, #2323, .T. ) ;
#3734 = LINE ( 'NONE', #6387, #2827 ) ;
#3735 = EDGE_LOOP ( 'NONE', ( #5331, #7313 ) ) ;
#3736 = CARTESIAN_POINT ( 'NONE',  ( 8.399999999999998579, 4.898587196589415787E-16, -4.000000000000001776 ) ) ;
#3737 = CARTESIAN_POINT ( 'NONE',  ( -25.00000000000000711, 33.51954211927168359, -15.00000000000001421 ) ) ;
#3738 = CARTESIAN_POINT ( 'NONE',  ( 40.00000000000000000, 39.99999999999999289, -15.00000000000001421 ) ) ;
#3739 = VECTOR ( 'NONE', #1660, 1000.000000000000000 ) ;
#3740 = ORIENTED_EDGE ( 'NONE', *, *, #173, .F. ) ;
#3741 = EDGE_CURVE ( 'NONE', #2775, #3007, #6903, .T. ) ;
#3742 = DIRECTION ( 'NONE',  ( -0.000000000000000000, -0.000000000000000000, 1.000000000000000000 ) ) ;
#3743 = PRESENTATION_STYLE_ASSIGNMENT (( #8033 ) ) ;
#3744 = DIRECTION ( 'NONE',  ( 1.000000000000000000, 0.000000000000000000, 0.000000000000000000 ) ) ;
#3745 = ORIENTED_EDGE ( 'NONE', *, *, #7677, .F. ) ;
#3746 = DIRECTION ( 'NONE',  ( 1.000000000000000000, 0.000000000000000000, 0.000000000000000000 ) ) ;
#3747 = FACE_OUTER_BOUND ( 'NONE', #8087, .T. ) ;
#3748 = DIRECTION ( 'NONE',  ( -0.000000000000000000, -0.000000000000000000, 1.000000000000000000 ) ) ;
#3749 = CIRCLE ( 'NONE', #3492, 3.749999999999999112 ) ;
#3750 = EDGE_CURVE ( 'NONE', #283, #3995, #19, .T. ) ;
#3751 = ORIENTED_EDGE ( 'NONE', *, *, #460, .F. ) ;
#3752 = ORIENTED_EDGE ( 'NONE', *, *, #6442, .F. ) ;
#3753 = FACE_OUTER_BOUND ( 'NONE', #648, .T. ) ;
#3754 = DIRECTION ( 'NONE',  ( -1.000000000000000000, -0.000000000000000000, -0.000000000000000000 ) ) ;
#3755 = ORIENTED_EDGE ( 'NONE', *, *, #1944, .F. ) ;
#3756 = ORIENTED_EDGE ( 'NONE', *, *, #6378, .T. ) ;
#3757 = CARTESIAN_POINT ( 'NONE',  ( -15.00000000000000000, 3.500000000000000000, 0.000000000000000000 ) ) ;
#3758 = CARTESIAN_POINT ( 'NONE',  ( 32.50000000000000711, 32.50000000000000000, -120.0000000000000000 ) ) ;
#3759 = B_SPLINE_CURVE_WITH_KNOTS ( 'NONE', 3,
 ( #2682, #5221, #1453, #7745, #4684, #5300, #7013, #3412, #5183, #956, #6482, #7788, #2804, #2190, #5137, #7664, #2070, #3905 ),
 .UNSPECIFIED., .F., .F.,
 ( 4, 2, 2, 2, 2, 2, 2, 2, 4 ),
 ( 0.004718227149633133326, 0.005307267187501994894, 0.005896307225370857330, 0.006485347263239718898, 0.007074387301108580467, 0.007663427338977442903, 0.008252467376846303604, 0.008841507414715166907, 0.009430547452584028476 ),
 .UNSPECIFIED. ) ;
#3760 = ORIENTED_EDGE ( 'NONE', *, *, #6142, .F. ) ;
#3761 = DIRECTION ( 'NONE',  ( -0.000000000000000000, -0.000000000000000000, 1.000000000000000000 ) ) ;
#3762 = EDGE_CURVE ( 'NONE', #833, #2363, #4735, .T. ) ;
#3763 = FACE_BOUND ( 'NONE', #6362, .T. ) ;
#3764 = ORIENTED_EDGE ( 'NONE', *, *, #2122, .F. ) ;
#3765 = DIRECTION ( 'NONE',  ( 1.000000000000000000, 0.000000000000000000, 0.000000000000000000 ) ) ;
#3766 = DIRECTION ( 'NONE',  ( 0.000000000000000000, 0.000000000000000000, 1.000000000000000000 ) ) ;
#3767 = CARTESIAN_POINT ( 'NONE',  ( 1.348775258146750770E-17, 0.000000000000000000, 0.000000000000000000 ) ) ;
#3768 = DIRECTION ( 'NONE',  ( 0.000000000000000000, 0.000000000000000000, -1.000000000000000000 ) ) ;
#3769 = ADVANCED_FACE ( 'NONE', ( #4125, #7716 ), #3383, .T. ) ;
#3770 = VERTEX_POINT ( 'NONE', #7060 ) ;
#3771 = CARTESIAN_POINT ( 'NONE',  ( 2.500000000000000000, 2.357898499370432166, -1.951563910473907981E-15 ) ) ;
#3772 = DIRECTION ( 'NONE',  ( 0.9999999999999998890, 1.665334536937734071E-16, 6.184765482036564818E-17 ) ) ;
#3773 = ORIENTED_EDGE ( 'NONE', *, *, #594, .T. ) ;
#3774 = FACE_OUTER_BOUND ( 'NONE', #4407, .T. ) ;
#3775 = CARTESIAN_POINT ( 'NONE',  ( 8.399999999999998579, 0.000000000000000000, 0.000000000000000000 ) ) ;
#3776 = DIRECTION ( 'NONE',  ( 1.000000000000000000, 8.673617379884034239E-17, -0.000000000000000000 ) ) ;
#3777 = PRODUCT ( 'PRT-20', 'PRT-20', '', ( #4591 ) ) ;
#3778 = ORIENTED_EDGE ( 'NONE', *, *, #3796, .F. ) ;
#3779 = CIRCLE ( 'NONE', #520, 6.499999999999999112 ) ;
#3780 = CARTESIAN_POINT ( 'NONE',  ( 20.00000000000000355, 0.000000000000000000, 0.000000000000000000 ) ) ;
#3781 = DIRECTION ( 'NONE',  ( 0.000000000000000000, 0.4999999999999990008, -0.8660254037844391517 ) ) ;
#3782 = ORIENTED_EDGE ( 'NONE', *, *, #5706, .F. ) ;
#3783 = PLANE ( 'NONE',  #31 ) ;
#3784 = CARTESIAN_POINT ( 'NONE',  ( 20.00000000000001066, 33.51954211927168359, 30.00000000000000000 ) ) ;
#3785 = AXIS2_PLACEMENT_3D ( 'NONE', #3881, #4333, #3262 ) ;
#3786 = LINE ( 'NONE', #3824, #4233 ) ;
#3787 = AXIS2_PLACEMENT_3D ( 'NONE', #259, #924, #6371 ) ;
#3788 = ORIENTED_EDGE ( 'NONE', *, *, #2887, .T. ) ;
#3789 = ORIENTED_EDGE ( 'NONE', *, *, #6332, .F. ) ;
#3790 = DIRECTION ( 'NONE',  ( 0.000000000000000000, 0.5000000000000009992, 0.8660254037844380415 ) ) ;
#3791 = FACE_OUTER_BOUND ( 'NONE', #3261, .T. ) ;
#3792 = ORIENTED_EDGE ( 'NONE', *, *, #2815, .T. ) ;
#3793 = ORIENTED_EDGE ( 'NONE', *, *, #5199, .F. ) ;
#3794 = DIRECTION ( 'NONE',  ( -0.000000000000000000, -0.000000000000000000, 1.000000000000000000 ) ) ;
#3795 = VECTOR ( 'NONE', #6782, 1000.000000000000000 ) ;
#3796 = EDGE_CURVE ( 'NONE', #4322, #1085, #6454, .T. ) ;
#3797 = ORIENTED_EDGE ( 'NONE', *, *, #6842, .T. ) ;
#3798 = DIRECTION ( 'NONE',  ( -0.000000000000000000, -0.000000000000000000, 1.000000000000000000 ) ) ;
#3799 = ADVANCED_FACE ( 'NONE', ( #1546 ), #928, .F. ) ;
#3800 = FACE_BOUND ( 'NONE', #8058, .T. ) ;
#3801 = VERTEX_POINT ( 'NONE', #2774 ) ;
#3802 = CARTESIAN_POINT ( 'NONE',  ( -35.00000000000000711, 33.51954211927168359, 24.99999999999999645 ) ) ;
#3803 = DIRECTION ( 'NONE',  ( 0.000000000000000000, 0.000000000000000000, -1.000000000000000000 ) ) ;
#3804 = FACE_OUTER_BOUND ( 'NONE', #7782, .T. ) ;
#3805 = ADVANCED_FACE ( 'NONE', ( #4656 ), #3422, .F. ) ;
#3806 = DIRECTION ( 'NONE',  ( -0.000000000000000000, -0.000000000000000000, 1.000000000000000000 ) ) ;
#3807 = ADVANCED_FACE ( 'NONE', ( #5920 ), #890, .F. ) ;
#3808 = AXIS2_PLACEMENT_3D ( 'NONE', #3473, #2899, #6464 ) ;
#3809 = CLOSED_SHELL ( 'NONE', ( #1793, #6004, #7154, #2348, #5465, #1843, #5953, #105, #1151, #2653, #4779, #4708, #6235, #3385, #999, #770, #6063, #5862, #1545, #446, #5810, #3555, #444, #2309, #6196, #4351, #1088 ) ) ;
#3810 = ORIENTED_EDGE ( 'NONE', *, *, #1565, .F. ) ;
#3811 = LINE ( 'NONE', #3771, #5836 ) ;
#3812 = AXIS2_PLACEMENT_3D ( 'NONE', #2749, #5247, #2138 ) ;
#3813 = ORIENTED_EDGE ( 'NONE', *, *, #3514, .T. ) ;
#3814 = LINE ( 'NONE', #2712, #1382 ) ;
#3815 = DIRECTION ( 'NONE',  ( 0.000000000000000000, 1.000000000000000000, -1.471414886128460880E-15 ) ) ;
#3816 = LINE ( 'NONE', #7497, #6322 ) ;
#3817 = ORIENTED_EDGE ( 'NONE', *, *, #739, .T. ) ;
#3818 = CARTESIAN_POINT ( 'NONE',  ( 20.00000000000000355, 0.000000000000000000, 3.309499999999999886 ) ) ;
#3819 = CARTESIAN_POINT ( 'NONE',  ( -32.50000000000000711, -32.50000000000000000, -130.0000000000000000 ) ) ;
#3820 = DIRECTION ( 'NONE',  ( 0.000000000000000000, 0.000000000000000000, 1.000000000000000000 ) ) ;
#3821 = ORIENTED_EDGE ( 'NONE', *, *, #4459, .T. ) ;
#3822 = CARTESIAN_POINT ( 'NONE',  ( 0.000000000000000000, 3.518949890710767470, -4.553649124439118623E-15 ) ) ;
#3823 = CYLINDRICAL_SURFACE ( 'NONE', #5794, 2.499999999999988454 ) ;
#3824 = CARTESIAN_POINT ( 'NONE',  ( 25.00000000000000711, -32.50000000000000000, 0.000000000000000000 ) ) ;
#3825 = ADVANCED_FACE ( 'NONE', ( #1633 ), #7746, .T. ) ;
#3826 = VECTOR ( 'NONE', #2873, 1000.000000000000000 ) ;
#3827 = AXIS2_PLACEMENT_3D ( 'NONE', #2415, #4908, #2301 ) ;
#3828 = AXIS2_PLACEMENT_3D ( 'NONE', #4499, #3258, #2045 ) ;
#3829 = ORIENTED_EDGE ( 'NONE', *, *, #1858, .T. ) ;
#3830 = VERTEX_POINT ( 'NONE', #5346 ) ;
#3831 = DIRECTION ( 'NONE',  ( 1.000000000000000000, 0.000000000000000000, 0.000000000000000000 ) ) ;
#3832 = VECTOR ( 'NONE', #5547, 1000.000000000000000 ) ;
#3833 = CARTESIAN_POINT ( 'NONE',  ( -25.00000000000000711, 40.00000000000000711, 24.99999999999999289 ) ) ;
#3834 = ORIENTED_EDGE ( 'NONE', *, *, #284, .F. ) ;
#3835 = ORIENTED_EDGE ( 'NONE', *, *, #6189, .T. ) ;
#3836 = LINE ( 'NONE', #1999, #5976 ) ;
#3837 = AXIS2_PLACEMENT_3D ( 'NONE', #2847, #7954, #6853 ) ;
#3838 = CARTESIAN_POINT ( 'NONE',  ( 0.000000000000000000, 0.000000000000000000, -135.0000000000000000 ) ) ;
#3839 = AXIS2_PLACEMENT_3D ( 'NONE', #1715, #5470, #2292 ) ;
#3840 = VERTEX_POINT ( 'NONE', #5232 ) ;
#3841 = AXIS2_PLACEMENT_3D ( 'NONE', #2511, #7507, #6145 ) ;
#3842 = EDGE_CURVE ( 'NONE', #5738, #6190, #4490, .T. ) ;
#3843 = AXIS2_PLACEMENT_3D ( 'NONE', #1942, #4478, #5047 ) ;
#3844 = CARTESIAN_POINT ( 'NONE',  ( -45.00000000000000000, 39.99999999999999289, 7.500000000000000000 ) ) ;
#3845 = CARTESIAN_POINT ( 'NONE',  ( 3.750000000000002220, 9.000000000000001776, -7.500000000000000000 ) ) ;
#3846 = ORIENTED_EDGE ( 'NONE', *, *, #2815, .F. ) ;
#3847 = DIRECTION ( 'NONE',  ( 1.000000000000000000, 0.000000000000000000, 0.000000000000000000 ) ) ;
#3848 = DIRECTION ( 'NONE',  ( -0.000000000000000000, -0.000000000000000000, 1.000000000000000000 ) ) ;
#3849 = PLANE ( 'NONE',  #891 ) ;
#3850 = SHAPE_REPRESENTATION ( 'PRT-21', ( #5854 ), #623 ) ;
#3851 = ORIENTED_EDGE ( 'NONE', *, *, #4105, .F. ) ;
#3852 = EDGE_CURVE ( 'NONE', #1626, #325, #7618, .T. ) ;
#3853 = DIRECTION ( 'NONE',  ( 1.000000000000000000, 0.000000000000000000, 0.000000000000000000 ) ) ;
#3854 = EDGE_CURVE ( 'NONE', #4519, #4495, #5196, .T. ) ;
#3855 = VERTEX_POINT ( 'NONE', #3960 ) ;
#3856 = CARTESIAN_POINT ( 'NONE',  ( 0.000000000000000000, 0.000000000000000000, 0.000000000000000000 ) ) ;
#3857 = VERTEX_POINT ( 'NONE', #4614 ) ;
#3858 = DIRECTION ( 'NONE',  ( 0.000000000000000000, -1.109174026959346783E-15, -1.000000000000000000 ) ) ;
#3859 = LINE ( 'NONE', #4522, #286 ) ;
#3860 = DIRECTION ( 'NONE',  ( -0.000000000000000000, 1.000000000000000000, -0.000000000000000000 ) ) ;
#3861 = ORIENTED_EDGE ( 'NONE', *, *, #6820, .F. ) ;
#3862 = CYLINDRICAL_SURFACE ( 'NONE', #1394, 2.500000000000000444 ) ;
#3863 = FACE_OUTER_BOUND ( 'NONE', #274, .T. ) ;
#3864 = EDGE_CURVE ( 'NONE', #5024, #269, #5532, .T. ) ;
#3865 = CARTESIAN_POINT ( 'NONE',  ( 32.50000000000001421, -32.50000000000000000, 7.500000000000000000 ) ) ;
#3866 = ORIENTED_EDGE ( 'NONE', *, *, #863, .F. ) ;
#3867 = DIRECTION ( 'NONE',  ( -0.000000000000000000, 0.000000000000000000, 1.000000000000000000 ) ) ;
#3868 = DIRECTION ( 'NONE',  ( -1.000000000000000000, 0.000000000000000000, 0.000000000000000000 ) ) ;
#3869 = CARTESIAN_POINT ( 'NONE',  ( 3.000000000000002220, -9.750000000000000000, 7.500000000000000000 ) ) ;
#3870 = CIRCLE ( 'NONE', #2693, 2.499999999999995115 ) ;
#3871 = TOROIDAL_SURFACE ( 'NONE', #4917, 0.7500000000000000000, 0.2500000000000000000 ) ;
#3872 = EDGE_LOOP ( 'NONE', ( #2681, #1215, #1219, #1556, #1800, #7053 ) ) ;
#3873 = ORIENTED_EDGE ( 'NONE', *, *, #133, .F. ) ;
#3874 = DIRECTION ( 'NONE',  ( 0.000000000000000000, -0.5000000000000008882, -0.8660254037844380415 ) ) ;
#3875 = ORIENTED_EDGE ( 'NONE', *, *, #644, .T. ) ;
#3876 = EDGE_LOOP ( 'NONE', ( #8046, #5264, #390, #633 ) ) ;
#3877 = CARTESIAN_POINT ( 'NONE',  ( 25.00000000000000711, 33.51954211927168359, -15.00000000000001421 ) ) ;
#3878 = LINE ( 'NONE', #63, #4746 ) ;
#3879 = VECTOR ( 'NONE', #8055, 1000.000000000000000 ) ;
#3880 = EDGE_LOOP ( 'NONE', ( #1139, #7206, #3621, #5102 ) ) ;
#3881 = CARTESIAN_POINT ( 'NONE',  ( 4.000000000000000000, 0.000000000000000000, 0.000000000000000000 ) ) ;
#3882 = DIRECTION ( 'NONE',  ( -0.000000000000000000, 0.000000000000000000, -1.000000000000000000 ) ) ;
#3883 = EDGE_LOOP ( 'NONE', ( #576, #2074, #3119, #3792, #7559, #307, #6251, #4427 ) ) ;
#3884 = CIRCLE ( 'NONE', #7145, 3.309499999999999886 ) ;
#3885 = LINE ( 'NONE', #3084, #6538 ) ;
#3886 = FACE_BOUND ( 'NONE', #2099, .T. ) ;
#3887 = DIRECTION ( 'NONE',  ( 0.000000000000000000, -0.000000000000000000, -1.000000000000000000 ) ) ;
#3888 = ORIENTED_EDGE ( 'NONE', *, *, #3656, .F. ) ;
#3889 = AXIS2_PLACEMENT_3D ( 'NONE', #3731, #6246, #2495 ) ;
#3890 = DIRECTION ( 'NONE',  ( -0.6916673493004876772, -0.7222162265635113654, 0.000000000000000000 ) ) ;
#3891 = EDGE_LOOP ( 'NONE', ( #7946, #1144 ) ) ;
#3892 = CARTESIAN_POINT ( 'NONE',  ( -40.00000000000000000, -15.00000000000000000, 7.500000000000001776 ) ) ;
#3893 = CARTESIAN_POINT ( 'NONE',  ( -25.00000000000000711, 40.00000000000000711, -120.0000000000000000 ) ) ;
#3894 = LINE ( 'NONE', #7533, #5171 ) ;
#3895 = CARTESIAN_POINT ( 'NONE',  ( 38.46194077712559789, 4.710229266170193264E-15, 30.00000000000000000 ) ) ;
#3896 = LINE ( 'NONE', #2715, #575 ) ;
#3897 = ADVANCED_FACE ( 'NONE', ( #7143 ), #854, .F. ) ;
#3898 = VECTOR ( 'NONE', #6929, 1000.000000000000000 ) ;
#3899 = ADVANCED_FACE ( 'NONE', ( #3348 ), #7105, .T. ) ;
#3900 = ORIENTED_EDGE ( 'NONE', *, *, #5359, .F. ) ;
#3901 = EDGE_CURVE ( 'NONE', #331, #325, #7676, .T. ) ;
#3902 = FACE_OUTER_BOUND ( 'NONE', #511, .T. ) ;
#3903 = FACE_OUTER_BOUND ( 'NONE', #5327, .T. ) ;
#3904 = EDGE_LOOP ( 'NONE', ( #3930, #346, #2642, #2694 ) ) ;
#3905 = CARTESIAN_POINT ( 'NONE',  ( -2.999999999999994671, 9.539392014169454370, -142.0000000000000284 ) ) ;
#3906 = CARTESIAN_POINT ( 'NONE',  ( 2.500000000000000000, -2.357898499370434386, 3.686287386450715076E-15 ) ) ;
#3907 = EDGE_CURVE ( 'NONE', #7679, #522, #6493, .T. ) ;
#3908 = DIRECTION ( 'NONE',  ( -1.000000000000000000, 0.000000000000000000, 0.000000000000000000 ) ) ;
#3909 = EDGE_CURVE ( 'NONE', #183, #283, #2888, .T. ) ;
#3910 = EDGE_CURVE ( 'NONE', #660, #7703, #2357, .T. ) ;
#3911 = ORIENTED_EDGE ( 'NONE', *, *, #6703, .F. ) ;
#3912 = EDGE_LOOP ( 'NONE', ( #3416, #5316 ) ) ;
#3913 = CARTESIAN_POINT ( 'NONE',  ( 2.500000000000000000, -1.178949249685215417, 2.042000000000003812 ) ) ;
#3914 = AXIS2_PLACEMENT_3D ( 'NONE', #1110, #2413, #3060 ) ;
#3915 = VERTEX_POINT ( 'NONE', #1823 ) ;
#3916 = ORIENTED_EDGE ( 'NONE', *, *, #2316, .F. ) ;
#3917 = LINE ( 'NONE', #4693, #6101 ) ;
#3918 = DIRECTION ( 'NONE',  ( -0.000000000000000000, -0.000000000000000000, 1.000000000000000000 ) ) ;
#3919 = ADVANCED_FACE ( 'NONE', ( #4784, #4855 ), #7344, .F. ) ;
#3920 = EDGE_LOOP ( 'NONE', ( #2741, #6373, #6778 ) ) ;
#3921 = CARTESIAN_POINT ( 'NONE',  ( 0.2500000000000019984, 9.000000000000001776, 7.500000000000000000 ) ) ;
#3922 = DIRECTION ( 'NONE',  ( 1.000000000000000000, 0.000000000000000000, 0.000000000000000000 ) ) ;
#3923 = ORIENTED_EDGE ( 'NONE', *, *, #545, .F. ) ;
#3924 = AXIS2_PLACEMENT_3D ( 'NONE', #4757, #449, #1727 ) ;
#3925 = CARTESIAN_POINT ( 'NONE',  ( -25.00000000000000711, -32.50000000000000000, -120.0000000000000000 ) ) ;
#3926 = DIRECTION ( 'NONE',  ( 0.000000000000000000, -1.000000000000000000, -2.168404344971008560E-17 ) ) ;
#3927 = DIRECTION ( 'NONE',  ( -0.000000000000000000, -0.000000000000000000, 1.000000000000000000 ) ) ;
#3928 = APPLICATION_CONTEXT ( 'automotive_design' ) ;
#3929 = EDGE_CURVE ( 'NONE', #266, #2460, #4320, .T. ) ;
#3930 = ORIENTED_EDGE ( 'NONE', *, *, #306, .F. ) ;
#3931 = DIRECTION ( 'NONE',  ( 0.000000000000000000, 0.7071067811865500152, -0.7071067811865451302 ) ) ;
#3932 = ORIENTED_EDGE ( 'NONE', *, *, #1719, .F. ) ;
#3933 = DIRECTION ( 'NONE',  ( -2.775557561562903677E-17, -5.551115123125804889E-17, -1.000000000000000000 ) ) ;
#3934 = ORIENTED_EDGE ( 'NONE', *, *, #2993, .T. ) ;
#3935 = LINE ( 'NONE', #1940, #582 ) ;
#3936 = DIRECTION ( 'NONE',  ( -0.000000000000000000, -0.000000000000000000, 1.000000000000000000 ) ) ;
#3937 = DIRECTION ( 'NONE',  ( 1.000000000000000000, 8.673617379884034239E-17, -0.000000000000000000 ) ) ;
#3938 = AXIS2_PLACEMENT_3D ( 'NONE', #2053, #7643, #6420 ) ;
#3939 = CIRCLE ( 'NONE', #132, 0.4000000000000001887 ) ;
#3940 = ORIENTED_EDGE ( 'NONE', *, *, #5369, .T. ) ;
#3941 = AXIS2_PLACEMENT_3D ( 'NONE', #3023, #1284, #1116 ) ;
#3942 = DIRECTION ( 'NONE',  ( -0.000000000000000000, -0.000000000000000000, 1.000000000000000000 ) ) ;
#3943 = ADVANCED_FACE ( 'NONE', ( #3705 ), #6193, .T. ) ;
#3944 = DIRECTION ( 'NONE',  ( 1.000000000000000000, 0.000000000000000000, -1.879283765641541183E-16 ) ) ;
#3945 = ORIENTED_EDGE ( 'NONE', *, *, #1640, .T. ) ;
#3946 = DIRECTION ( 'NONE',  ( -0.000000000000000000, -0.000000000000000000, 1.000000000000000000 ) ) ;
#3947 = DIRECTION ( 'NONE',  ( -0.000000000000000000, 1.355657144061423890E-15, 1.000000000000000000 ) ) ;
#3948 = PLANE ( 'NONE',  #1747 ) ;
#3949 = EDGE_CURVE ( 'NONE', #2546, #7709, #1208, .T. ) ;
#3950 = EDGE_CURVE ( 'NONE', #7999, #2039, #1744, .T. ) ;
#3951 = EDGE_CURVE ( 'NONE', #1592, #3283, #6730, .T. ) ;
#3952 = EDGE_LOOP ( 'NONE', ( #2482, #7062, #5755, #3934, #4562, #2069 ) ) ;
#3953 = EDGE_LOOP ( 'NONE', ( #1656, #6879, #7529, #5580 ) ) ;
#3954 = DIRECTION ( 'NONE',  ( -1.000000000000000000, -0.000000000000000000, -0.000000000000000000 ) ) ;
#3955 = EDGE_CURVE ( 'NONE', #5040, #4210, #4163, .T. ) ;
#3956 = CARTESIAN_POINT ( 'NONE',  ( 35.00000000000000711, 33.51954211927168359, 30.00000000000000000 ) ) ;
#3957 = VERTEX_POINT ( 'NONE', #6651 ) ;
#3958 = ORIENTED_EDGE ( 'NONE', *, *, #5666, .F. ) ;
#3959 = FACE_OUTER_BOUND ( 'NONE', #3136, .T. ) ;
#3960 = CARTESIAN_POINT ( 'NONE',  ( -40.00000000000000711, 25.00000000000000000, -15.00000000000001421 ) ) ;
#3961 = VECTOR ( 'NONE', #119, 1000.000000000000000 ) ;
#3962 = VECTOR ( 'NONE', #6078, 1000.000000000000000 ) ;
#3963 = CIRCLE ( 'NONE', #548, 4.375000000000000000 ) ;
#3964 = AXIS2_PLACEMENT_3D ( 'NONE', #3838, #6331, #7594 ) ;
#3965 = CIRCLE ( 'NONE', #2795, 0.7500000000000002220 ) ;
#3966 = PLANE ( 'NONE',  #5876 ) ;
#3967 = AXIS2_PLACEMENT_3D ( 'NONE', #7875, #4891, #7918 ) ;
#3968 = SURFACE_SIDE_STYLE ('',( #196 ) ) ;
#3969 = ORIENTED_EDGE ( 'NONE', *, *, #1816, .F. ) ;
#3970 = AXIS2_PLACEMENT_3D ( 'NONE', #5583, #4402, #2475 ) ;
#3971 = CARTESIAN_POINT ( 'NONE',  ( -38.00000000000000711, 39.99999999999999289, -130.0000000000000000 ) ) ;
#3972 = EDGE_CURVE ( 'NONE', #266, #3222, #4243, .T. ) ;
#3973 = CARTESIAN_POINT ( 'NONE',  ( 4.000000000000004441, 5.000000000000000000, -7.249999999999999112 ) ) ;
#3974 = CIRCLE ( 'NONE', #7752, 6.499999999999999112 ) ;
#3975 = AXIS2_PLACEMENT_3D ( 'NONE', #4085, #6462, #2084 ) ;
#3976 = VECTOR ( 'NONE', #7293, 1000.000000000000000 ) ;
#3977 = ORIENTED_EDGE ( 'NONE', *, *, #2457, .T. ) ;
#3978 = VECTOR ( 'NONE', #2028, 1000.000000000000114 ) ;
#3979 = AXIS2_PLACEMENT_3D ( 'NONE', #3570, #7129, #993 ) ;
#3980 = CARTESIAN_POINT ( 'NONE',  ( 3.000000000000005329, 9.539392014169454370, -141.8004802496956245 ) ) ;
#3981 = DIRECTION ( 'NONE',  ( -0.000000000000000000, -0.000000000000000000, 1.000000000000000000 ) ) ;
#3982 = EDGE_LOOP ( 'NONE', ( #7503, #3099, #7928, #5106 ) ) ;
#3983 = APPLICATION_PROTOCOL_DEFINITION ( 'draft international standard', 'automotive_design', 1998, #5762 ) ;
#3984 = EDGE_LOOP ( 'NONE', ( #6926, #6983, #5431, #7765 ) ) ;
#3985 = DIRECTION ( 'NONE',  ( 0.000000000000000000, 1.000000000000000000, -1.109174026959346783E-15 ) ) ;
#3986 = DIRECTION ( 'NONE',  ( -0.000000000000000000, 1.000000000000000000, -0.000000000000000000 ) ) ;
#3987 = CARTESIAN_POINT ( 'NONE',  ( 55.00000000000000000, 29.99999999999999645, -8.500000000000000000 ) ) ;
#3988 = AXIS2_PLACEMENT_3D ( 'NONE', #3095, #4060, #4903 ) ;
#3989 = ORIENTED_EDGE ( 'NONE', *, *, #7688, .T. ) ;
#3990 = DIRECTION ( 'NONE',  ( -0.000000000000000000, 1.000000000000000000, -0.000000000000000000 ) ) ;
#3991 = CARTESIAN_POINT ( 'NONE',  ( -15.00000000000000000, 3.500000000000000000, 3.000000000000004441 ) ) ;
#3992 = ORIENTED_EDGE ( 'NONE', *, *, #7586, .T. ) ;
#3993 = DIRECTION ( 'NONE',  ( -1.000000000000000000, 0.000000000000000000, 0.000000000000000000 ) ) ;
#3994 = CARTESIAN_POINT ( 'NONE',  ( 4.000000000000000000, 3.518949890710767470, -4.553649124439118623E-15 ) ) ;
#3995 = VERTEX_POINT ( 'NONE', #6035 ) ;
#3996 = ORIENTED_EDGE ( 'NONE', *, *, #4301, .F. ) ;
#3997 = CARTESIAN_POINT ( 'NONE',  ( 5.200000000000002842, 3.061616997868383634E-16, -2.500000000000000444 ) ) ;
#3998 = CARTESIAN_POINT ( 'NONE',  ( -37.99999999999999289, -38.00000000000000711, -120.0000000000000000 ) ) ;
#3999 = ORIENTED_EDGE ( 'NONE', *, *, #1041, .F. ) ;
#4000 = CARTESIAN_POINT ( 'NONE',  ( 39.99999999999998579, 15.00000000000000000, 7.500000000000000000 ) ) ;
#4001 = CARTESIAN_POINT ( 'NONE',  ( 1.979845658621553928E-15, 9.750000000000000000, -7.249999999999999112 ) ) ;
#4002 = CIRCLE ( 'NONE', #5703, 2.499999999999988454 ) ;
#4003 = ADVANCED_FACE ( 'NONE', ( #1049 ), #1172, .F. ) ;
#4004 = ORIENTED_EDGE ( 'NONE', *, *, #2147, .T. ) ;
#4005 = CARTESIAN_POINT ( 'NONE',  ( 2.500000000000000000, -1.178949249685215417, 2.042000000000003812 ) ) ;
#4006 = DIRECTION ( 'NONE',  ( 1.000000000000000000, 0.000000000000000000, 0.000000000000000000 ) ) ;
#4007 = ORIENTED_EDGE ( 'NONE', *, *, #3109, .F. ) ;
#4008 = DIRECTION ( 'NONE',  ( 1.000000000000000000, 0.000000000000000000, 0.000000000000000000 ) ) ;
#4009 = CIRCLE ( 'NONE', #998, 7.499999999999996447 ) ;
#4010 = ADVANCED_BREP_SHAPE_REPRESENTATION ( '', ( #3651, #5854 ), #4294 ) ;
#4011 = ORIENTED_EDGE ( 'NONE', *, *, #1508, .T. ) ;
#4012 = EDGE_CURVE ( 'NONE', #202, #225, #1131, .T. ) ;
#4013 = CARTESIAN_POINT ( 'NONE',  ( 0.000000000000000000, -4.750000000000000000, -7.500000000000000000 ) ) ;
#4014 = DIRECTION ( 'NONE',  ( 0.000000000000000000, 0.000000000000000000, 1.000000000000000000 ) ) ;
#4015 = ORIENTED_EDGE ( 'NONE', *, *, #7551, .F. ) ;
#4016 = APPLICATION_PROTOCOL_DEFINITION ( 'draft international standard', 'automotive_design', 1998, #3086 ) ;
#4017 = CARTESIAN_POINT ( 'NONE',  ( 1.000000000000001998, -10.00000000000000000, 7.249999999999999112 ) ) ;
#4018 = FACE_OUTER_BOUND ( 'NONE', #4225, .T. ) ;
#4019 = CARTESIAN_POINT ( 'NONE',  ( 15.00000000000000000, 3.500000000000000000, -3.000000000000010214 ) ) ;
#4020 = CARTESIAN_POINT ( 'NONE',  ( 15.00000000000000000, 3.500000000000000000, 2.000000000000001332 ) ) ;
#4021 = ADVANCED_FACE ( 'NONE', ( #543 ), #2396, .F. ) ;
#4022 = ORIENTED_EDGE ( 'NONE', *, *, #1509, .F. ) ;
#4023 = CARTESIAN_POINT ( 'NONE',  ( -20.00000000000000000, 2.449293598294706513E-15, 0.5000000000000013323 ) ) ;
#4024 = DIRECTION ( 'NONE',  ( -0.000000000000000000, 1.000000000000000000, 0.000000000000000000 ) ) ;
#4025 = DIRECTION ( 'NONE',  ( 0.000000000000000000, 0.000000000000000000, -1.000000000000000000 ) ) ;
#4026 = VERTEX_POINT ( 'NONE', #7920 ) ;
#4027 = FACE_OUTER_BOUND ( 'NONE', #4448, .T. ) ;
#4028 = AXIS2_PLACEMENT_3D ( 'NONE', #7565, #2016, #1285 ) ;
#4029 = CARTESIAN_POINT ( 'NONE',  ( 4.000000000000004441, -5.000000000000000000, -7.249999999999999112 ) ) ;
#4030 = EDGE_CURVE ( 'NONE', #4688, #3279, #821, .T. ) ;
#4031 = AXIS2_PLACEMENT_3D ( 'NONE', #5611, #4992, #4386 ) ;
#4032 = ORIENTED_EDGE ( 'NONE', *, *, #4561, .T. ) ;
#4033 = ORIENTED_EDGE ( 'NONE', *, *, #3073, .T. ) ;
#4034 = CARTESIAN_POINT ( 'NONE',  ( 20.00000000000000355, 4.052968581778165278E-16, -3.309499999999999886 ) ) ;
#4035 = CARTESIAN_POINT ( 'NONE',  ( 3.000000000000002220, -9.000000000000001776, -7.500000000000000000 ) ) ;
#4036 = VERTEX_POINT ( 'NONE', #4817 ) ;
#4037 = DIRECTION ( 'NONE',  ( -0.000000000000000000, -1.000000000000000000, -0.000000000000000000 ) ) ;
#4038 = DIRECTION ( 'NONE',  ( -1.000000000000000000, 0.000000000000000000, 0.000000000000000000 ) ) ;
#4039 = ADVANCED_FACE ( 'NONE', ( #3004 ), #7306, .T. ) ;
#4040 = VECTOR ( 'NONE', #7110, 1000.000000000000000 ) ;
#4041 = ORIENTED_EDGE ( 'NONE', *, *, #4308, .T. ) ;
#4042 = LINE ( 'NONE', #7186, #7958 ) ;
#4043 = CARTESIAN_POINT ( 'NONE',  ( -25.00000000000000711, 32.50000000000000000, -120.0000000000000000 ) ) ;
#4044 = ORIENTED_EDGE ( 'NONE', *, *, #2510, .F. ) ;
#4045 = CARTESIAN_POINT ( 'NONE',  ( -32.50000000000000711, -32.50000000000000000, -15.00000000000001421 ) ) ;
#4046 = SHAPE_REPRESENTATION_RELATIONSHIP ( 'NONE' , 'NONE' ,  #4687, #3221 ) ;
#4047 = VECTOR ( 'NONE', #3533, 1000.000000000000000 ) ;
#4048 = EDGE_CURVE ( 'NONE', #1427, #6717, #419, .T. ) ;
#4049 = ORIENTED_EDGE ( 'NONE', *, *, #5053, .T. ) ;
#4050 = EDGE_CURVE ( 'NONE', #732, #4552, #1915, .T. ) ;
#4051 = DIRECTION ( 'NONE',  ( 1.000000000000000000, 0.000000000000000000, 0.000000000000000000 ) ) ;
#4052 = MECHANICAL_DESIGN_GEOMETRIC_PRESENTATION_REPRESENTATION (  '', ( #515 ), #2098 ) ;
#4053 = EDGE_CURVE ( 'NONE', #6037, #4858, #2559, .T. ) ;
#4054 = CARTESIAN_POINT ( 'NONE',  ( -40.00000000000000711, 39.99999999999999289, -120.0000000000000000 ) ) ;
#4055 = ORIENTED_EDGE ( 'NONE', *, *, #7104, .F. ) ;
#4056 = ORIENTED_EDGE ( 'NONE', *, *, #5763, .T. ) ;
#4057 = DIRECTION ( 'NONE',  ( -0.5000000000000035527, 1.060575238724904450E-16, -0.8660254037844365982 ) ) ;
#4058 = EDGE_CURVE ( 'NONE', #7549, #5125, #93, .T. ) ;
#4059 = DIRECTION ( 'NONE',  ( 0.000000000000000000, 0.000000000000000000, 1.000000000000000000 ) ) ;
#4060 = DIRECTION ( 'NONE',  ( 0.000000000000000000, 1.000000000000000000, -1.224646799147353207E-16 ) ) ;
#4061 = CIRCLE ( 'NONE', #3005, 0.7500000000000000000 ) ;
#4062 = EDGE_LOOP ( 'NONE', ( #7341, #5049, #3001, #728 ) ) ;
#4063 = DIRECTION ( 'NONE',  ( -1.328854294458919816E-16, 0.7071067811865500152, -0.7071067811865451302 ) ) ;
#4064 = DIRECTION ( 'NONE',  ( -2.602085213965210642E-16, 1.000000000000000000, -0.000000000000000000 ) ) ;
#4065 = DIRECTION ( 'NONE',  ( 0.000000000000000000, 0.000000000000000000, 1.000000000000000000 ) ) ;
#4066 = VECTOR ( 'NONE', #5446, 1000.000000000000000 ) ;
#4067 = VERTEX_POINT ( 'NONE', #2038 ) ;
#4068 = DIRECTION ( 'NONE',  ( 0.000000000000000000, -1.000000000000000000, 0.000000000000000000 ) ) ;
#4069 = EDGE_CURVE ( 'NONE', #5461, #4688, #2922, .T. ) ;
#4070 = CARTESIAN_POINT ( 'NONE',  ( 3.750000000000002220, -9.000000000000001776, -7.500000000000000000 ) ) ;
#4071 = AXIS2_PLACEMENT_3D ( 'NONE', #7564, #7526, #6995 ) ;
#4072 = AXIS2_PLACEMENT_3D ( 'NONE', #8022, #6669, #4715 ) ;
#4073 = ORIENTED_EDGE ( 'NONE', *, *, #7906, .T. ) ;
#4074 = PRESENTATION_STYLE_ASSIGNMENT (( #4888 ) ) ;
#4075 = DIRECTION ( 'NONE',  ( 0.000000000000000000, -1.000000000000000000, 0.000000000000000000 ) ) ;
#4076 = VERTEX_POINT ( 'NONE', #5752 ) ;
#4077 = DIRECTION ( 'NONE',  ( 1.000000000000000000, 0.000000000000000000, 0.000000000000000000 ) ) ;
#4078 = FACE_OUTER_BOUND ( 'NONE', #4786, .T. ) ;
#4079 = DIRECTION ( 'NONE',  ( 1.000000000000000000, 0.000000000000000000, 0.000000000000000000 ) ) ;
#4080 = PRODUCT_DEFINITION ( 'UNKNOWN', '', #1024, #7971 ) ;
#4081 = DIRECTION ( 'NONE',  ( -0.000000000000000000, -0.000000000000000000, 1.000000000000000000 ) ) ;
#4082 = VERTEX_POINT ( 'NONE', #6233 ) ;
#4083 = ORIENTED_EDGE ( 'NONE', *, *, #3665, .T. ) ;
#4084 = DIRECTION ( 'NONE',  ( 0.000000000000000000, 0.000000000000000000, 1.000000000000000000 ) ) ;
#4085 = CARTESIAN_POINT ( 'NONE',  ( 39.99999999999998579, 15.00000000000000000, -8.500000000000000000 ) ) ;
#4086 = ORIENTED_EDGE ( 'NONE', *, *, #6547, .F. ) ;
#4087 = ORIENTED_EDGE ( 'NONE', *, *, #4840, .T. ) ;
#4088 = CIRCLE ( 'NONE', #6161, 24.99999999999999645 ) ;
#4089 = DIRECTION ( 'NONE',  ( 0.000000000000000000, -1.000000000000000000, 1.109174026959346783E-15 ) ) ;
#4090 = CIRCLE ( 'NONE', #1081, 10.00000000000000178 ) ;
#4091 = EDGE_CURVE ( 'NONE', #1280, #7072, #1421, .T. ) ;
#4092 = AXIS2_PLACEMENT_3D ( 'NONE', #6319, #7665, #7 ) ;
#4093 = ORIENTED_EDGE ( 'NONE', *, *, #5477, .T. ) ;
#4094 = VECTOR ( 'NONE', #6891, 1000.000000000000114 ) ;
#4095 = VECTOR ( 'NONE', #5844, 1000.000000000000000 ) ;
#4096 = CYLINDRICAL_SURFACE ( 'NONE', #5055, 5.000000000000000888 ) ;
#4097 = LINE ( 'NONE', #903, #2650 ) ;
#4098 = ORIENTED_EDGE ( 'NONE', *, *, #3397, .F. ) ;
#4099 = APPLICATION_PROTOCOL_DEFINITION ( 'draft international standard', 'automotive_design', 1998, #2781 ) ;
#4100 = DIRECTION ( 'NONE',  ( -0.000000000000000000, -0.000000000000000000, 1.000000000000000000 ) ) ;
#4101 = CARTESIAN_POINT ( 'NONE',  ( 6.750000000000001776, -5.000000000000000000, 7.249999999999999112 ) ) ;
#4102 = COLOUR_RGB ( '',0.7921568627450980005, 0.8196078431372548767, 0.9333333333333333481 ) ;
#4103 = PLANE ( 'NONE',  #6433 ) ;
#4104 = AXIS2_PLACEMENT_3D ( 'NONE', #2688, #6212, #5191 ) ;
#4105 = EDGE_CURVE ( 'NONE', #4026, #4738, #7488, .T. ) ;
#4106 = VERTEX_POINT ( 'NONE', #7544 ) ;
#4107 = ORIENTED_EDGE ( 'NONE', *, *, #1415, .T. ) ;
#4108 = EDGE_CURVE ( 'NONE', #3857, #5902, #6893, .T. ) ;
#4109 = VECTOR ( 'NONE', #1381, 1000.000000000000000 ) ;
#4110 = LINE ( 'NONE', #950, #4392 ) ;
#4111 = DIRECTION ( 'NONE',  ( 0.000000000000000000, -0.000000000000000000, 1.000000000000000000 ) ) ;
#4112 = CARTESIAN_POINT ( 'NONE',  ( 32.50000000000000711, 32.50000000000000000, -120.0000000000000000 ) ) ;
#4113 = ORIENTED_EDGE ( 'NONE', *, *, #4652, .T. ) ;
#4114 = FACE_OUTER_BOUND ( 'NONE', #4247, .T. ) ;
#4115 = DIRECTION ( 'NONE',  ( -0.000000000000000000, 0.000000000000000000, 1.000000000000000000 ) ) ;
#4116 = SHAPE_REPRESENTATION ( 'PRT-24', ( #5854 ), #4294 ) ;
#4117 = EDGE_CURVE ( 'NONE', #588, #6577, #5624, .T. ) ;
#4118 = AXIS2_PLACEMENT_3D ( 'NONE', #1160, #3652, #5573 ) ;
#4119 = ORIENTED_EDGE ( 'NONE', *, *, #6336, .T. ) ;
#4120 = LINE ( 'NONE', #1003, #6529 ) ;
#4121 = LINE ( 'NONE', #2928, #7616 ) ;
#4122 = ORIENTED_EDGE ( 'NONE', *, *, #7801, .T. ) ;
#4123 = DIRECTION ( 'NONE',  ( -0.000000000000000000, 0.000000000000000000, 1.000000000000000000 ) ) ;
#4124 = PLANE ( 'NONE',  #4462 ) ;
#4125 = FACE_BOUND ( 'NONE', #899, .T. ) ;
#4126 = CARTESIAN_POINT ( 'NONE',  ( -32.50000000000000711, -32.50000000000000000, -120.0000000000000000 ) ) ;
#4127 = EDGE_LOOP ( 'NONE', ( #6436, #2197, #5585, #4931 ) ) ;
#4128 = ORIENTED_EDGE ( 'NONE', *, *, #3415, .T. ) ;
#4129 = DIRECTION ( 'NONE',  ( -0.000000000000000000, -0.000000000000000000, 1.000000000000000000 ) ) ;
#4130 = FACE_OUTER_BOUND ( 'NONE', #138, .T. ) ;
#4131 = ORIENTED_EDGE ( 'NONE', *, *, #1137, .F. ) ;
#4132 = ORIENTED_EDGE ( 'NONE', *, *, #3250, .T. ) ;
#4133 = CYLINDRICAL_SURFACE ( 'NONE', #4467, 0.2500000000000002220 ) ;
#4134 = AXIS2_PLACEMENT_3D ( 'NONE', #3780, #6266, #2718 ) ;
#4135 = ORIENTED_EDGE ( 'NONE', *, *, #3657, .T. ) ;
#4136 = DIRECTION ( 'NONE',  ( 0.000000000000000000, 0.5000000000000012212, 0.8660254037844380415 ) ) ;
#4137 = CARTESIAN_POINT ( 'NONE',  ( -25.00000000000000711, -40.00000000000000711, -120.0000000000000000 ) ) ;
#4138 = AXIS2_PLACEMENT_3D ( 'NONE', #3435, #7687, #7812 ) ;
#4139 = ORIENTED_EDGE ( 'NONE', *, *, #4281, .T. ) ;
#4140 = CARTESIAN_POINT ( 'NONE',  ( 1.000000000000001998, 9.000000000000001776, -7.500000000000000000 ) ) ;
#4141 = DIRECTION ( 'NONE',  ( 1.000000000000000000, 0.000000000000000000, 0.000000000000000000 ) ) ;
#4142 = DIRECTION ( 'NONE',  ( -0.000000000000000000, -0.000000000000000000, 1.000000000000000000 ) ) ;
#4143 = DIRECTION ( 'NONE',  ( 1.000000000000000000, 0.000000000000000000, 0.000000000000000000 ) ) ;
#4144 = EDGE_CURVE ( 'NONE', #6770, #5698, #1951, .T. ) ;
#4145 = ORIENTED_EDGE ( 'NONE', *, *, #137, .T. ) ;
#4146 = VECTOR ( 'NONE', #1538, 1000.000000000000000 ) ;
#4147 = PLANE ( 'NONE',  #6216 ) ;
#4148 = CARTESIAN_POINT ( 'NONE',  ( 55.00000000000000000, 39.99999999999999289, -8.500000000000000000 ) ) ;
#4149 = EDGE_CURVE ( 'NONE', #4584, #1185, #427, .T. ) ;
#4150 = DIRECTION ( 'NONE',  ( -0.000000000000000000, -0.000000000000000000, 1.000000000000000000 ) ) ;
#4151 = ORIENTED_EDGE ( 'NONE', *, *, #7810, .T. ) ;
#4152 = FACE_OUTER_BOUND ( 'NONE', #2840, .T. ) ;
#4153 = AXIS2_PLACEMENT_3D ( 'NONE', #7555, #2484, #4453 ) ;
#4154 = ADVANCED_FACE ( 'NONE', ( #130 ), #4486, .T. ) ;
#4155 = EDGE_CURVE ( 'NONE', #4387, #4572, #3786, .T. ) ;
#4156 = VECTOR ( 'NONE', #5817, 999.9999999999998863 ) ;
#4157 = LINE ( 'NONE', #7990, #4443 ) ;
#4158 = EDGE_CURVE ( 'NONE', #6544, #5824, #1386, .T. ) ;
#4159 = DIRECTION ( 'NONE',  ( 1.000000000000000000, 0.000000000000000000, 0.000000000000000000 ) ) ;
#4160 = ORIENTED_EDGE ( 'NONE', *, *, #6208, .F. ) ;
#4161 = CYLINDRICAL_SURFACE ( 'NONE', #2389, 24.99999999999999645 ) ;
#4162 = CARTESIAN_POINT ( 'NONE',  ( 4.000000000000004441, 4.750000000000000000, 7.500000000000000000 ) ) ;
#4163 = LINE ( 'NONE', #8038, #2652 ) ;
#4164 = EDGE_CURVE ( 'NONE', #1155, #3201, #6273, .T. ) ;
#4165 = ADVANCED_FACE ( 'NONE', ( #5714 ), #1866, .T. ) ;
#4166 = PRODUCT_DEFINITION_SHAPE ( 'NONE', 'NONE',  #1781 ) ;
#4167 = DIRECTION ( 'NONE',  ( -1.000000000000000000, -0.000000000000000000, -0.000000000000000000 ) ) ;
#4168 = ORIENTED_EDGE ( 'NONE', *, *, #584, .F. ) ;
#4169 = ORIENTED_EDGE ( 'NONE', *, *, #6015, .F. ) ;
#4170 = DIRECTION ( 'NONE',  ( -0.000000000000000000, 0.000000000000000000, -1.000000000000000000 ) ) ;
#4171 = CARTESIAN_POINT ( 'NONE',  ( 1.979845658621553928E-15, -9.000000000000003553, 7.249999999999999112 ) ) ;
#4172 = ORIENTED_EDGE ( 'NONE', *, *, #2466, .F. ) ;
#4173 = EDGE_CURVE ( 'NONE', #5930, #2022, #6051, .T. ) ;
#4174 = ORIENTED_EDGE ( 'NONE', *, *, #7425, .T. ) ;
#4175 = CYLINDRICAL_SURFACE ( 'NONE', #7870, 6.500000000000000000 ) ;
#4176 = ORIENTED_EDGE ( 'NONE', *, *, #5070, .F. ) ;
#4177 = FACE_OUTER_BOUND ( 'NONE', #4543, .T. ) ;
#4178 = CARTESIAN_POINT ( 'NONE',  ( -15.00000000000000000, 2.499999999999995559, -3.000000000000004441 ) ) ;
#4179 = VERTEX_POINT ( 'NONE', #5672 ) ;
#4180 = CARTESIAN_POINT ( 'NONE',  ( 32.50000000000000000, -32.50000000000000000, -120.0000000000000000 ) ) ;
#4181 = AXIS2_PLACEMENT_3D ( 'NONE', #7560, #107, #4460 ) ;
#4182 = DIRECTION ( 'NONE',  ( 1.000000000000000000, 0.000000000000000000, 0.000000000000000000 ) ) ;
#4183 = DIRECTION ( 'NONE',  ( -1.000000000000000000, -9.251858538542963939E-16, 0.000000000000000000 ) ) ;
#4184 = DIRECTION ( 'NONE',  ( -1.000000000000000000, -0.000000000000000000, -0.000000000000000000 ) ) ;
#4185 = EDGE_CURVE ( 'NONE', #5370, #5193, #2143, .T. ) ;
#4186 = ORIENTED_EDGE ( 'NONE', *, *, #2713, .F. ) ;
#4187 = CIRCLE ( 'NONE', #7317, 7.499999999999996447 ) ;
#4188 = CARTESIAN_POINT ( 'NONE',  ( -40.00000000000000711, 39.99999999999999289, -130.0000000000000000 ) ) ;
#4189 = DIRECTION ( 'NONE',  ( -0.000000000000000000, -0.000000000000000000, 1.000000000000000000 ) ) ;
#4190 = DIRECTION ( 'NONE',  ( 0.000000000000000000, 0.000000000000000000, -1.000000000000000000 ) ) ;
#4191 = ORIENTED_EDGE ( 'NONE', *, *, #7243, .F. ) ;
#4192 = DIRECTION ( 'NONE',  ( -0.000000000000000000, -0.000000000000000000, 1.000000000000000000 ) ) ;
#4193 =( GEOMETRIC_REPRESENTATION_CONTEXT ( 3 ) GLOBAL_UNCERTAINTY_ASSIGNED_CONTEXT ( ( #2003 ) ) GLOBAL_UNIT_ASSIGNED_CONTEXT ( ( #2554, #6144, #670 ) ) REPRESENTATION_CONTEXT ( 'NONE', 'WORKASPACE' ) );
#4194 = ADVANCED_FACE ( 'NONE', ( #3210 ), #3249, .F. ) ;
#4195 = VECTOR ( 'NONE', #3266, 1000.000000000000000 ) ;
#4196 = DIRECTION ( 'NONE',  ( 0.000000000000000000, 0.000000000000000000, -1.000000000000000000 ) ) ;
#4197 = DIRECTION ( 'NONE',  ( 0.000000000000000000, 0.000000000000000000, 1.000000000000000000 ) ) ;
#4198 = VERTEX_POINT ( 'NONE', #3994 ) ;
#4199 = FACE_OUTER_BOUND ( 'NONE', #7198, .T. ) ;
#4200 = DIRECTION ( 'NONE',  ( 1.000000000000000000, 0.000000000000000000, 0.000000000000000000 ) ) ;
#4201 = CARTESIAN_POINT ( 'NONE',  ( -25.00000000000000711, -32.50000000000000000, -120.0000000000000000 ) ) ;
#4202 = EDGE_CURVE ( 'NONE', #7508, #2060, #2272, .T. ) ;
#4203 = ADVANCED_FACE ( 'NONE', ( #6483 ), #5952, .T. ) ;
#4204 = AXIS2_PLACEMENT_3D ( 'NONE', #485, #3643, #8061 ) ;
#4205 = CARTESIAN_POINT ( 'NONE',  ( -36.87500000000000711, -32.50000000000000000, -123.0000000000000000 ) ) ;
#4206 = EDGE_CURVE ( 'NONE', #517, #5116, #3312, .T. ) ;
#4207 = ORIENTED_EDGE ( 'NONE', *, *, #7688, .F. ) ;
#4208 = ORIENTED_EDGE ( 'NONE', *, *, #3762, .F. ) ;
#4209 = DIRECTION ( 'NONE',  ( 0.000000000000000000, 0.000000000000000000, -1.000000000000000000 ) ) ;
#4210 = VERTEX_POINT ( 'NONE', #958 ) ;
#4211 = ORIENTED_EDGE ( 'NONE', *, *, #2316, .T. ) ;
#4212 = DIRECTION ( 'NONE',  ( 1.000000000000000000, 0.000000000000000000, 0.000000000000000000 ) ) ;
#4213 = FACE_BOUND ( 'NONE', #6900, .T. ) ;
#4214 = ORIENTED_EDGE ( 'NONE', *, *, #5240, .T. ) ;
#4215 = DIRECTION ( 'NONE',  ( -0.000000000000000000, -0.000000000000000000, 1.000000000000000000 ) ) ;
#4216 = ADVANCED_FACE ( 'NONE', ( #2843 ), #6439, .F. ) ;
#4217 = DIRECTION ( 'NONE',  ( 1.000000000000000000, 0.000000000000000000, 0.000000000000000000 ) ) ;
#4218 = ORIENTED_EDGE ( 'NONE', *, *, #8052, .F. ) ;
#4219 = DIRECTION ( 'NONE',  ( 1.000000000000000000, 0.000000000000000000, 0.000000000000000000 ) ) ;
#4220 = LINE ( 'NONE', #4758, #6549 ) ;
#4221 = CARTESIAN_POINT ( 'NONE',  ( 1.979845658621553928E-15, 10.00000000000000000, 7.500000000000000000 ) ) ;
#4222 = CARTESIAN_POINT ( 'NONE',  ( -45.00000000000000000, 29.99999999999999289, 7.500000000000000000 ) ) ;
#4223 = CIRCLE ( 'NONE', #6304, 10.00000000000000178 ) ;
#4224 = VECTOR ( 'NONE', #8056, 1000.000000000000114 ) ;
#4225 = EDGE_LOOP ( 'NONE', ( #7415, #7955, #4452, #1922 ) ) ;
#4226 = AXIS2_PLACEMENT_3D ( 'NONE', #2080, #2199, #4079 ) ;
#4227 = LINE ( 'NONE', #6024, #7921 ) ;
#4228 = AXIS2_PLACEMENT_3D ( 'NONE', #3121, #1991, #129 ) ;
#4229 = VECTOR ( 'NONE', #4075, 1000.000000000000000 ) ;
#4230 = DIRECTION ( 'NONE',  ( -0.000000000000000000, -0.000000000000000000, 1.000000000000000000 ) ) ;
#4231 = DIRECTION ( 'NONE',  ( 1.000000000000000000, -0.000000000000000000, -0.000000000000000000 ) ) ;
#4232 = DIRECTION ( 'NONE',  ( 1.000000000000000000, -0.000000000000000000, 0.000000000000000000 ) ) ;
#4233 = VECTOR ( 'NONE', #9, 1000.000000000000000 ) ;
#4234 = CONTEXT_DEPENDENT_SHAPE_REPRESENTATION ( #2834, #5466 ) ;
#4235 = AXIS2_PLACEMENT_3D ( 'NONE', #7516, #3215, #878 ) ;
#4236 = CIRCLE ( 'NONE', #705, 7.499999999999992895 ) ;
#4237 = AXIS2_PLACEMENT_3D ( 'NONE', #4311, #1375, #5615 ) ;
#4238 = DIRECTION ( 'NONE',  ( -1.000000000000000000, -0.000000000000000000, -0.000000000000000000 ) ) ;
#4239 = VERTEX_POINT ( 'NONE', #4686 ) ;
#4240 = DIRECTION ( 'NONE',  ( 1.000000000000000000, 0.000000000000000000, -1.879283765641541183E-16 ) ) ;
#4241 = LINE ( 'NONE', #6767, #6171 ) ;
#4242 = ADVANCED_FACE ( 'NONE', ( #4727 ), #3948, .F. ) ;
#4243 = LINE ( 'NONE', #7996, #5791 ) ;
#4244 = CIRCLE ( 'NONE', #2933, 24.99999999999999645 ) ;
#4245 = AXIS2_PLACEMENT_3D ( 'NONE', #4388, #7983, #1734 ) ;
#4246 = ORIENTED_EDGE ( 'NONE', *, *, #5253, .T. ) ;
#4247 = EDGE_LOOP ( 'NONE', ( #2623, #6673, #3175, #7321 ) ) ;
#4248 = DIRECTION ( 'NONE',  ( -1.000000000000000000, 0.000000000000000000, -0.000000000000000000 ) ) ;
#4249 = DIRECTION ( 'NONE',  ( -0.000000000000000000, -0.000000000000000000, -1.000000000000000000 ) ) ;
#4250 = EDGE_LOOP ( 'NONE', ( #3713, #1318 ) ) ;
#4251 = ORIENTED_EDGE ( 'NONE', *, *, #124, .T. ) ;
#4252 = CARTESIAN_POINT ( 'NONE',  ( -32.49999999999999289, 32.50000000000000000, -120.0000000000000000 ) ) ;
#4253 = EDGE_CURVE ( 'NONE', #2789, #5510, #333, .T. ) ;
#4254 = ADVANCED_FACE ( 'NONE', ( #2154 ), #1487, .T. ) ;
#4255 = ADVANCED_FACE ( 'NONE', ( #5792 ), #5338, .T. ) ;
#4256 = VERTEX_POINT ( 'NONE', #4648 ) ;
#4257 = CARTESIAN_POINT ( 'NONE',  ( -54.99999999999998579, -40.00000000000000711, -8.500000000000000000 ) ) ;
#4258 = DIRECTION ( 'NONE',  ( 0.000000000000000000, 0.000000000000000000, 1.000000000000000000 ) ) ;
#4259 = ORIENTED_EDGE ( 'NONE', *, *, #6842, .F. ) ;
#4260 = LINE ( 'NONE', #4910, #3659 ) ;
#4261 = DIRECTION ( 'NONE',  ( 0.000000000000000000, -0.000000000000000000, -1.000000000000000000 ) ) ;
#4262 = DIRECTION ( 'NONE',  ( 0.000000000000000000, 0.000000000000000000, -1.000000000000000000 ) ) ;
#4263 = DIRECTION ( 'NONE',  ( -0.000000000000000000, -1.000000000000000000, 0.000000000000000000 ) ) ;
#4264 = EDGE_CURVE ( 'NONE', #5246, #7233, #7213, .T. ) ;
#4265 = ORIENTED_EDGE ( 'NONE', *, *, #3157, .F. ) ;
#4266 = VECTOR ( 'NONE', #3281, 1000.000000000000000 ) ;
#4267 = CARTESIAN_POINT ( 'NONE',  ( 4.000000000000002665, -9.000000000000001776, 7.249999999999999112 ) ) ;
#4268 = CYLINDRICAL_SURFACE ( 'NONE', #6073, 6.499999999999999112 ) ;
#4269 = DIRECTION ( 'NONE',  ( 0.000000000000000000, 0.000000000000000000, -1.000000000000000000 ) ) ;
#4270 = DIRECTION ( 'NONE',  ( 0.000000000000000000, -1.000000000000000000, 0.000000000000000000 ) ) ;
#4271 = EDGE_CURVE ( 'NONE', #789, #7266, #3585, .T. ) ;
#4272 = AXIS2_PLACEMENT_3D ( 'NONE', #3405, #7290, #8066 ) ;
#4273 = ITEM_DEFINED_TRANSFORMATION ( 'NONE', 'NONE', #3503,  #5854 ) ;
#4274 = CIRCLE ( 'NONE', #2842, 3.999999999999996447 ) ;
#4275 = SURFACE_SIDE_STYLE ('',( #7506 ) ) ;
#4276 = CARTESIAN_POINT ( 'NONE',  ( 6.750000000000001776, 4.750000000000000000, 7.249999999999999112 ) ) ;
#4277 = ORIENTED_EDGE ( 'NONE', *, *, #5758, .F. ) ;
#4278 = DIRECTION ( 'NONE',  ( 1.000000000000000000, 0.000000000000000000, 0.000000000000000000 ) ) ;
#4279 = LINE ( 'NONE', #3704, #3305 ) ;
#4280 = CARTESIAN_POINT ( 'NONE',  ( -15.00000000000000000, 3.500000000000000000, -3.000000000000004441 ) ) ;
#4281 = EDGE_CURVE ( 'NONE', #5811, #7072, #4569, .T. ) ;
#4282 = EDGE_LOOP ( 'NONE', ( #5631, #1857 ) ) ;
#4283 = ORIENTED_EDGE ( 'NONE', *, *, #3073, .F. ) ;
#4284 = CARTESIAN_POINT ( 'NONE',  ( 0.000000000000000000, 0.000000000000000000, -172.0000000000000000 ) ) ;
#4285 = EDGE_CURVE ( 'NONE', #235, #3283, #219, .T. ) ;
#4286 = CARTESIAN_POINT ( 'NONE',  ( -40.00000000000000000, -15.00000000000000000, 7.500000000000000000 ) ) ;
#4287 = ORIENTED_EDGE ( 'NONE', *, *, #1467, .T. ) ;
#4288 = ORIENTED_EDGE ( 'NONE', *, *, #4991, .F. ) ;
#4289 = DIRECTION ( 'NONE',  ( -1.000000000000000000, -0.000000000000000000, -0.000000000000000000 ) ) ;
#4290 =( NAMED_UNIT ( * ) SI_UNIT ( $, .STERADIAN. ) SOLID_ANGLE_UNIT ( ) );
#4291 = CIRCLE ( 'NONE', #6376, 0.2500000000000002220 ) ;
#4292 = UNCERTAINTY_MEASURE_WITH_UNIT (LENGTH_MEASURE( 1.000000000000000082E-05 ), #1644, 'distance_accuracy_value', 'NONE');
#4293 = ORIENTED_EDGE ( 'NONE', *, *, #2298, .F. ) ;
#4294 =( GEOMETRIC_REPRESENTATION_CONTEXT ( 3 ) GLOBAL_UNCERTAINTY_ASSIGNED_CONTEXT ( ( #685 ) ) GLOBAL_UNIT_ASSIGNED_CONTEXT ( ( #3273, #618, #160 ) ) REPRESENTATION_CONTEXT ( 'NONE', 'WORKASPACE' ) );
#4295 = DIRECTION ( 'NONE',  ( -0.000000000000000000, 0.000000000000000000, 1.000000000000000000 ) ) ;
#4296 = FACE_OUTER_BOUND ( 'NONE', #2665, .T. ) ;
#4297 = VERTEX_POINT ( 'NONE', #4070 ) ;
#4298 = LINE ( 'NONE', #2303, #3795 ) ;
#4299 = LINE ( 'NONE', #1360, #1191 ) ;
#4300 = CARTESIAN_POINT ( 'NONE',  ( 0.000000000000000000, 0.000000000000000000, -135.0000000000000000 ) ) ;
#4301 = EDGE_CURVE ( 'NONE', #5303, #4387, #2232, .T. ) ;
#4302 = PLANE ( 'NONE',  #1355 ) ;
#4303 = ORIENTED_EDGE ( 'NONE', *, *, #2510, .T. ) ;
#4304 = ADVANCED_FACE ( 'NONE', ( #6559, #920 ), #4606, .T. ) ;
#4305 = CARTESIAN_POINT ( 'NONE',  ( 4.000000000000000000, 3.518949890710767470, -4.553649124439118623E-15 ) ) ;
#4306 = VECTOR ( 'NONE', #4170, 1000.000000000000000 ) ;
#4307 = EDGE_CURVE ( 'NONE', #3857, #7549, #7666, .T. ) ;
#4308 = EDGE_CURVE ( 'NONE', #2174, #4036, #7262, .T. ) ;
#4309 = CARTESIAN_POINT ( 'NONE',  ( 0.000000000000000000, 0.000000000000000000, -172.0000000000000000 ) ) ;
#4310 = DIRECTION ( 'NONE',  ( 0.000000000000000000, 1.000000000000000000, 2.168404344971008560E-17 ) ) ;
#4311 = CARTESIAN_POINT ( 'NONE',  ( 4.000000000000000000, 0.000000000000000000, 0.000000000000000000 ) ) ;
#4312 = AXIS2_PLACEMENT_3D ( 'NONE', #886, #6408, #5800 ) ;
#4313 = LINE ( 'NONE', #6801, #381 ) ;
#4314 = CONICAL_SURFACE ( 'NONE', #6665, 3.749999999999999112, 0.7853981633974491672 ) ;
#4315 = EDGE_CURVE ( 'NONE', #458, #7016, #6755, .T. ) ;
#4316 = FACE_OUTER_BOUND ( 'NONE', #3052, .T. ) ;
#4317 = ORIENTED_EDGE ( 'NONE', *, *, #7499, .F. ) ;
#4318 = DIRECTION ( 'NONE',  ( 1.000000000000000000, 0.000000000000000000, 0.000000000000000000 ) ) ;
#4319 = DIRECTION ( 'NONE',  ( 0.7071067811865414665, 0.000000000000000000, 0.7071067811865536790 ) ) ;
#4320 = LINE ( 'NONE', #2968, #6701 ) ;
#4321 = EDGE_LOOP ( 'NONE', ( #4083, #6090 ) ) ;
#4322 = VERTEX_POINT ( 'NONE', #5992 ) ;
#4323 = PLANE ( 'NONE',  #3655 ) ;
#4324 = DIRECTION ( 'NONE',  ( 0.000000000000000000, 0.4999999999999992784, -0.8660254037844389297 ) ) ;
#4325 = EDGE_CURVE ( 'NONE', #5416, #6277, #343, .T. ) ;
#4326 = EDGE_LOOP ( 'NONE', ( #5918, #3873, #5426, #5406 ) ) ;
#4327 = ORIENTED_EDGE ( 'NONE', *, *, #5638, .T. ) ;
#4328 = FACE_OUTER_BOUND ( 'NONE', #355, .T. ) ;
#4329 = FACE_OUTER_BOUND ( 'NONE', #6324, .T. ) ;
#4330 = AXIS2_PLACEMENT_3D ( 'NONE', #736, #6875, #3847 ) ;
#4331 = AXIS2_PLACEMENT_3D ( 'NONE', #6670, #3561, #7160 ) ;
#4332 = VERTEX_POINT ( 'NONE', #3877 ) ;
#4333 = DIRECTION ( 'NONE',  ( -1.000000000000000000, -0.000000000000000000, -0.000000000000000000 ) ) ;
#4334 = DIRECTION ( 'NONE',  ( -1.000000000000000000, -0.000000000000000000, -0.000000000000000000 ) ) ;
#4335 = ORIENTED_EDGE ( 'NONE', *, *, #2147, .F. ) ;
#4336 = DIRECTION ( 'NONE',  ( 1.000000000000000000, 0.000000000000000000, 0.000000000000000000 ) ) ;
#4337 = CARTESIAN_POINT ( 'NONE',  ( -15.00000000000000000, -3.500000000000000000, -2.000000000000000000 ) ) ;
#4338 = DIRECTION ( 'NONE',  ( 1.000000000000000000, 0.000000000000000000, 0.000000000000000000 ) ) ;
#4339 = DIRECTION ( 'NONE',  ( 0.000000000000000000, 0.000000000000000000, -1.000000000000000000 ) ) ;
#4340 = EDGE_CURVE ( 'NONE', #7744, #6445, #5214, .T. ) ;
#4341 = ORIENTED_EDGE ( 'NONE', *, *, #6223, .T. ) ;
#4342 = DIRECTION ( 'NONE',  ( -0.000000000000000000, -0.000000000000000000, 1.000000000000000000 ) ) ;
#4343 = APPLICATION_CONTEXT ( 'automotive_design' ) ;
#4344 = EDGE_LOOP ( 'NONE', ( #4139, #4186, #3667, #5230, #6905 ) ) ;
#4345 = LINE ( 'NONE', #6841, #191 ) ;
#4346 = DIRECTION ( 'NONE',  ( 1.000000000000000000, 1.734723475976807094E-16, -0.000000000000000000 ) ) ;
#4347 = DIRECTION ( 'NONE',  ( -1.000000000000000000, -0.000000000000000000, -0.000000000000000000 ) ) ;
#4348 = AXIS2_PLACEMENT_3D ( 'NONE', #363, #4059, #4143 ) ;
#4349 = AXIS2_PLACEMENT_3D ( 'NONE', #3678, #7934, #7399 ) ;
#4350 = AXIS2_PLACEMENT_3D ( 'NONE', #2932, #3042, #5429 ) ;
#4351 = ADVANCED_FACE ( 'NONE', ( #7021 ), #2526, .F. ) ;
#4352 = ORIENTED_EDGE ( 'NONE', *, *, #4301, .T. ) ;
#4353 = VECTOR ( 'NONE', #4850, 1000.000000000000000 ) ;
#4354 = CARTESIAN_POINT ( 'NONE',  ( -32.50000000000000000, 25.00000000000000711, -15.00000000000001421 ) ) ;
#4355 = AXIS2_PLACEMENT_3D ( 'NONE', #7509, #3867, #53 ) ;
#4356 = CARTESIAN_POINT ( 'NONE',  ( 39.99999999999998579, 15.00000000000000000, -0.5000000000000004441 ) ) ;
#4357 = AXIS2_PLACEMENT_3D ( 'NONE', #1257, #3748, #2515 ) ;
#4358 = LINE ( 'NONE', #4397, #2142 ) ;
#4359 = ORIENTED_EDGE ( 'NONE', *, *, #4999, .F. ) ;
#4360 = CARTESIAN_POINT ( 'NONE',  ( 25.00000000000000000, 0.000000000000000000, -130.0000000000000000 ) ) ;
#4361 = PLANE ( 'NONE',  #2006 ) ;
#4362 = DIRECTION ( 'NONE',  ( 0.000000000000000000, -0.000000000000000000, 1.000000000000000000 ) ) ;
#4363 = VECTOR ( 'NONE', #4065, 1000.000000000000000 ) ;
#4364 = VECTOR ( 'NONE', #6759, 1000.000000000000000 ) ;
#4365 = ADVANCED_FACE ( 'NONE', ( #5152, #7634 ), #3257, .F. ) ;
#4366 = PRODUCT ( 'PRT-24', 'PRT-24', '', ( #5823 ) ) ;
#4367 = ORIENTED_EDGE ( 'NONE', *, *, #7307, .T. ) ;
#4368 = ORIENTED_EDGE ( 'NONE', *, *, #5398, .T. ) ;
#4369 = DIRECTION ( 'NONE',  ( -0.000000000000000000, 0.000000000000000000, 1.000000000000000000 ) ) ;
#4370 = ORIENTED_EDGE ( 'NONE', *, *, #1702, .T. ) ;
#4371 = EDGE_LOOP ( 'NONE', ( #3149, #3020, #4590, #473, #5012 ) ) ;
#4372 = CARTESIAN_POINT ( 'NONE',  ( 4.000000000000000000, 3.518949890710767470, -4.553649124439118623E-15 ) ) ;
#4373 = AXIS2_PLACEMENT_3D ( 'NONE', #5129, #3937, #4640 ) ;
#4374 = CARTESIAN_POINT ( 'NONE',  ( 40.00000000000000000, 37.99999999999999289, -120.0000000000000000 ) ) ;
#4375 = CARTESIAN_POINT ( 'NONE',  ( 15.00000000000000000, 3.500000000000000000, 2.000000000000001332 ) ) ;
#4376 = ORIENTED_EDGE ( 'NONE', *, *, #7813, .T. ) ;
#4377 = LINE ( 'NONE', #6871, #6124 ) ;
#4378 = CARTESIAN_POINT ( 'NONE',  ( 35.00000000000000711, 33.51954211927168359, 0.000000000000000000 ) ) ;
#4379 = ORIENTED_EDGE ( 'NONE', *, *, #7146, .F. ) ;
#4380 = DIRECTION ( 'NONE',  ( -0.000000000000000000, -0.000000000000000000, -1.000000000000000000 ) ) ;
#4381 = LINE ( 'NONE', #6213, #3540 ) ;
#4382 = DIRECTION ( 'NONE',  ( 0.000000000000000000, 0.000000000000000000, -1.000000000000000000 ) ) ;
#4383 = CARTESIAN_POINT ( 'NONE',  ( -36.87500000000000711, -32.50000000000000000, -120.0000000000000000 ) ) ;
#4384 = ORIENTED_EDGE ( 'NONE', *, *, #1166, .T. ) ;
#4385 = DIRECTION ( 'NONE',  ( -0.000000000000000000, -0.000000000000000000, 1.000000000000000000 ) ) ;
#4386 = DIRECTION ( 'NONE',  ( 2.174335527053352712E-17, 1.097532283812037369E-16, 1.000000000000000000 ) ) ;
#4387 = VERTEX_POINT ( 'NONE', #6985 ) ;
#4388 = CARTESIAN_POINT ( 'NONE',  ( 32.50000000000001421, -32.50000000000000000, -8.500000000000000000 ) ) ;
#4389 = ADVANCED_FACE ( 'NONE', ( #3218 ), #6944, .F. ) ;
#4390 = FACE_OUTER_BOUND ( 'NONE', #7248, .T. ) ;
#4391 = DIRECTION ( 'NONE',  ( -8.673617379884034239E-17, 1.000000000000000000, 0.000000000000000000 ) ) ;
#4392 = VECTOR ( 'NONE', #7079, 1000.000000000000000 ) ;
#4393 = ORIENTED_EDGE ( 'NONE', *, *, #6186, .F. ) ;
#4394 = DIRECTION ( 'NONE',  ( 1.000000000000000000, 0.000000000000000000, 0.000000000000000000 ) ) ;
#4395 = EDGE_CURVE ( 'NONE', #2729, #6418, #3836, .T. ) ;
#4396 = DIRECTION ( 'NONE',  ( 1.000000000000000000, 0.000000000000000000, 0.000000000000000000 ) ) ;
#4397 = CARTESIAN_POINT ( 'NONE',  ( -39.99999999999999289, -40.00000000000000711, 0.000000000000000000 ) ) ;
#4398 = AXIS2_PLACEMENT_3D ( 'NONE', #7033, #1938, #3192 ) ;
#4399 = ORIENTED_EDGE ( 'NONE', *, *, #1107, .F. ) ;
#4400 = DIRECTION ( 'NONE',  ( -0.000000000000000000, 0.000000000000000000, 1.000000000000000000 ) ) ;
#4401 = CARTESIAN_POINT ( 'NONE',  ( -32.50000000000000711, -32.50000000000000000, -120.0000000000000000 ) ) ;
#4402 = DIRECTION ( 'NONE',  ( -0.000000000000000000, 0.000000000000000000, 1.000000000000000000 ) ) ;
#4403 = ADVANCED_FACE ( 'NONE', ( #683 ), #4975, .T. ) ;
#4404 = EDGE_CURVE ( 'NONE', #1395, #5853, #1413, .T. ) ;
#4405 = AXIS2_PLACEMENT_3D ( 'NONE', #768, #5761, #3132 ) ;
#4406 = EDGE_CURVE ( 'NONE', #5123, #6563, #2044, .T. ) ;
#4407 = EDGE_LOOP ( 'NONE', ( #4451, #4352, #5234, #2332 ) ) ;
#4408 = ORIENTED_EDGE ( 'NONE', *, *, #4594, .F. ) ;
#4409 = CARTESIAN_POINT ( 'NONE',  ( 2.500000000000000000, 1.768423874527825346, 1.020999999999998797 ) ) ;
#4410 = ADVANCED_FACE ( 'NONE', ( #4414 ), #5068, .T. ) ;
#4411 = LINE ( 'NONE', #6899, #3321 ) ;
#4412 = ORIENTED_EDGE ( 'NONE', *, *, #3033, .T. ) ;
#4413 = EDGE_LOOP ( 'NONE', ( #1304, #880, #4087, #7177, #3821, #1629, #3773 ) ) ;
#4414 = FACE_OUTER_BOUND ( 'NONE', #6854, .T. ) ;
#4415 = CARTESIAN_POINT ( 'NONE',  ( 40.00000000000000711, 25.00000000000000000, -115.0000000000000142 ) ) ;
#4416 = ORIENTED_EDGE ( 'NONE', *, *, #2586, .T. ) ;
#4417 = EDGE_CURVE ( 'NONE', #1059, #4584, #3226, .T. ) ;
#4418 = DIRECTION ( 'NONE',  ( -1.000000000000000000, -0.000000000000000000, -0.000000000000000000 ) ) ;
#4419 = DIRECTION ( 'NONE',  ( 1.000000000000000000, 0.000000000000000000, 0.000000000000000000 ) ) ;
#4420 = VERTEX_POINT ( 'NONE', #3719 ) ;
#4421 = AXIS2_PLACEMENT_3D ( 'NONE', #4425, #71, #2579 ) ;
#4422 = CARTESIAN_POINT ( 'NONE',  ( -40.00000000000000711, -25.00000000000000000, -15.00000000000001421 ) ) ;
#4423 = CARTESIAN_POINT ( 'NONE',  ( -36.00000000000000000, -15.00000000000000000, -8.500000000000000000 ) ) ;
#4424 = LINE ( 'NONE', #4465, #141 ) ;
#4425 = CARTESIAN_POINT ( 'NONE',  ( 0.000000000000000000, -4.750000000000000000, 7.249999999999999112 ) ) ;
#4426 = SHAPE_REPRESENTATION ( 'PRT-20', ( #5854 ), #4685 ) ;
#4427 = ORIENTED_EDGE ( 'NONE', *, *, #192, .T. ) ;
#4428 = DIRECTION ( 'NONE',  ( 0.000000000000000000, 0.000000000000000000, 1.000000000000000000 ) ) ;
#4429 = DIRECTION ( 'NONE',  ( 1.000000000000000000, 0.000000000000000000, 0.000000000000000000 ) ) ;
#4430 = ORIENTED_EDGE ( 'NONE', *, *, #6234, .F. ) ;
#4431 = CARTESIAN_POINT ( 'NONE',  ( -15.00000000000000000, -3.500000000000000000, 2.000000000000000000 ) ) ;
#4432 = CARTESIAN_POINT ( 'NONE',  ( 40.00000000000000711, -25.00000000000000000, 0.000000000000000000 ) ) ;
#4433 = EDGE_CURVE ( 'NONE', #3180, #7673, #218, .T. ) ;
#4434 = CARTESIAN_POINT ( 'NONE',  ( 0.2500000000000019984, 0.000000000000000000, 7.249999999999999112 ) ) ;
#4435 = EDGE_LOOP ( 'NONE', ( #4700, #5950, #4901, #4044 ) ) ;
#4436 = CONICAL_SURFACE ( 'NONE', #778, 2.000000000000007105, 0.7853981633974447263 ) ;
#4437 = CARTESIAN_POINT ( 'NONE',  ( -35.00000000000000711, 33.51954211927168359, 30.00000000000000000 ) ) ;
#4438 = CARTESIAN_POINT ( 'NONE',  ( 32.50000000000000711, -32.50000000000000000, -120.0000000000000000 ) ) ;
#4439 = CARTESIAN_POINT ( 'NONE',  ( 4.000000000000000000, 3.518949890710767470, -4.553649124439118623E-15 ) ) ;
#4440 = EDGE_LOOP ( 'NONE', ( #7842, #6536 ) ) ;
#4441 = FACE_OUTER_BOUND ( 'NONE', #5355, .T. ) ;
#4442 = FACE_BOUND ( 'NONE', #3446, .T. ) ;
#4443 = VECTOR ( 'NONE', #6681, 1000.000000000000000 ) ;
#4444 = DIRECTION ( 'NONE',  ( 0.000000000000000000, 1.000000000000000000, 0.000000000000000000 ) ) ;
#4445 = ADVANCED_FACE ( 'NONE', ( #7593 ), #6374, .T. ) ;
#4446 = VECTOR ( 'NONE', #1042, 1000.000000000000000 ) ;
#4447 = ORIENTED_EDGE ( 'NONE', *, *, #4527, .F. ) ;
#4448 = EDGE_LOOP ( 'NONE', ( #3025, #5979, #7244, #7386, #5432, #780, #5519, #4412, #7024 ) ) ;
#4449 = CARTESIAN_POINT ( 'NONE',  ( 20.00000000000000000, 0.000000000000000000, -7.499999999999999112 ) ) ;
#4450 = DIRECTION ( 'NONE',  ( 0.000000000000000000, 0.000000000000000000, 1.000000000000000000 ) ) ;
#4451 = ORIENTED_EDGE ( 'NONE', *, *, #1887, .F. ) ;
#4452 = ORIENTED_EDGE ( 'NONE', *, *, #201, .F. ) ;
#4453 = DIRECTION ( 'NONE',  ( -1.000000000000000000, 0.000000000000000000, 0.000000000000000000 ) ) ;
#4454 = SURFACE_STYLE_USAGE ( .BOTH. , #1882 ) ;
#4455 = AXIS2_PLACEMENT_3D ( 'NONE', #7900, #4798, #4219 ) ;
#4456 = EDGE_CURVE ( 'NONE', #6425, #2775, #5323, .T. ) ;
#4457 = EDGE_CURVE ( 'NONE', #5972, #4741, #3093, .T. ) ;
#4458 = EDGE_LOOP ( 'NONE', ( #2031, #311 ) ) ;
#4459 = EDGE_CURVE ( 'NONE', #8042, #5356, #5451, .T. ) ;
#4460 = DIRECTION ( 'NONE',  ( 1.000000000000000000, 0.000000000000000000, 0.000000000000000000 ) ) ;
#4461 = DIRECTION ( 'NONE',  ( -0.000000000000000000, 0.000000000000000000, 1.000000000000000000 ) ) ;
#4462 = AXIS2_PLACEMENT_3D ( 'NONE', #4548, #1583, #4734 ) ;
#4463 = ORIENTED_EDGE ( 'NONE', *, *, #4905, .F. ) ;
#4464 = DIRECTION ( 'NONE',  ( -1.000000000000000000, 0.000000000000000000, 0.000000000000000000 ) ) ;
#4465 = CARTESIAN_POINT ( 'NONE',  ( -34.99999999999999289, 32.50000000000000000, 7.500000000000000000 ) ) ;
#4466 = CARTESIAN_POINT ( 'NONE',  ( -40.00000000000000711, -25.00000000000000000, -120.0000000000000000 ) ) ;
#4467 = AXIS2_PLACEMENT_3D ( 'NONE', #234, #896, #7190 ) ;
#4468 = AXIS2_PLACEMENT_3D ( 'NONE', #4592, #7074, #7122 ) ;
#4469 = VERTEX_POINT ( 'NONE', #1506 ) ;
#4470 = EDGE_CURVE ( 'NONE', #6470, #8063, #7279, .T. ) ;
#4471 = DIRECTION ( 'NONE',  ( 1.000000000000000000, 0.000000000000000000, 0.000000000000000000 ) ) ;
#4472 = VECTOR ( 'NONE', #1806, 1000.000000000000000 ) ;
#4473 = ORIENTED_EDGE ( 'NONE', *, *, #4762, .F. ) ;
#4474 = DIRECTION ( 'NONE',  ( 1.000000000000000000, 0.000000000000000000, 0.000000000000000000 ) ) ;
#4475 = ORIENTED_EDGE ( 'NONE', *, *, #5223, .T. ) ;
#4476 = CARTESIAN_POINT ( 'NONE',  ( 39.99999999999998579, -15.00000000000000000, -0.5000000000000004441 ) ) ;
#4477 = DIRECTION ( 'NONE',  ( 0.000000000000000000, 0.000000000000000000, 1.000000000000000000 ) ) ;
#4478 = DIRECTION ( 'NONE',  ( 0.000000000000000000, 0.000000000000000000, 1.000000000000000000 ) ) ;
#4479 = VERTEX_POINT ( 'NONE', #4578 ) ;
#4480 = CARTESIAN_POINT ( 'NONE',  ( -54.99999999999998579, -40.00000000000000711, 7.500000000000000000 ) ) ;
#4481 = DIRECTION ( 'NONE',  ( -0.000000000000000000, 0.000000000000000000, 1.000000000000000000 ) ) ;
#4482 = CARTESIAN_POINT ( 'NONE',  ( 27.77783773436489767, 26.60286862626680815, 30.00000000000000000 ) ) ;
#4483 = ORIENTED_EDGE ( 'NONE', *, *, #1376, .F. ) ;
#4484 = CARTESIAN_POINT ( 'NONE',  ( 4.000000000000004441, -5.000000000000000000, 7.396446609406725159 ) ) ;
#4485 = DIRECTION ( 'NONE',  ( -0.000000000000000000, -0.000000000000000000, 1.000000000000000000 ) ) ;
#4486 = CYLINDRICAL_SURFACE ( 'NONE', #6444, 0.2500000000000002220 ) ;
#4487 = VECTOR ( 'NONE', #7584, 1000.000000000000000 ) ;
#4488 = AXIS2_PLACEMENT_3D ( 'NONE', #2140, #5942, #7076 ) ;
#4489 = AXIS2_PLACEMENT_3D ( 'NONE', #3584, #2355, #4815 ) ;
#4490 = CIRCLE ( 'NONE', #957, 0.2500000000000002220 ) ;
#4491 = ORIENTED_EDGE ( 'NONE', *, *, #4158, .F. ) ;
#4492 = VERTEX_POINT ( 'NONE', #852 ) ;
#4493 = CYLINDRICAL_SURFACE ( 'NONE', #6661, 3.999999999999993339 ) ;
#4494 = VECTOR ( 'NONE', #5623, 1000.000000000000000 ) ;
#4495 = VERTEX_POINT ( 'NONE', #6411 ) ;
#4496 = ORIENTED_EDGE ( 'NONE', *, *, #949, .F. ) ;
#4497 = CARTESIAN_POINT ( 'NONE',  ( -15.00000000000000000, 3.500000000000000000, -3.000000000000004441 ) ) ;
#4498 = TOROIDAL_SURFACE ( 'NONE', #3695, 33.46194077712560500, 5.000000000000000000 ) ;
#4499 = CARTESIAN_POINT ( 'NONE',  ( 32.50000000000000711, -32.50000000000000000, -120.0000000000000000 ) ) ;
#4500 = EDGE_CURVE ( 'NONE', #4256, #2393, #4274, .T. ) ;
#4501 = CONICAL_SURFACE ( 'NONE', #2020, 3.047500000000000764, 1.047197551196590970 ) ;
#4502 = ORIENTED_EDGE ( 'NONE', *, *, #761, .T. ) ;
#4503 = VECTOR ( 'NONE', #3944, 1000.000000000000000 ) ;
#4504 = CIRCLE ( 'NONE', #5542, 3.999999999999988010 ) ;
#4505 = FACE_OUTER_BOUND ( 'NONE', #5735, .T. ) ;
#4506 = ADVANCED_FACE ( 'NONE', ( #3959 ), #5308, .T. ) ;
#4507 = DIRECTION ( 'NONE',  ( -1.000000000000000000, -0.000000000000000000, -0.000000000000000000 ) ) ;
#4508 = ORIENTED_EDGE ( 'NONE', *, *, #6700, .T. ) ;
#4509 = CARTESIAN_POINT ( 'NONE',  ( -25.00000000000000711, 40.00000000000000711, -15.00000000000001421 ) ) ;
#4510 = CARTESIAN_POINT ( 'NONE',  ( 45.00000000000000711, 39.99999999999999289, 7.500000000000000000 ) ) ;
#4511 = CARTESIAN_POINT ( 'NONE',  ( 1.000000000000001998, 9.750000000000000000, 7.249999999999999112 ) ) ;
#4512 = EDGE_CURVE ( 'NONE', #4822, #2194, #3884, .T. ) ;
#4513 = EDGE_CURVE ( 'NONE', #735, #5067, #2730, .T. ) ;
#4514 = ORIENTED_EDGE ( 'NONE', *, *, #6753, .T. ) ;
#4515 = CIRCLE ( 'NONE', #4894, 0.2500000000000002220 ) ;
#4516 = CYLINDRICAL_SURFACE ( 'NONE', #4666, 2.000000000000001776 ) ;
#4517 = EDGE_LOOP ( 'NONE', ( #5064, #1425, #2939, #2290 ) ) ;
#4518 = CARTESIAN_POINT ( 'NONE',  ( 39.99999999999998579, -15.00000000000000000, 7.499999999999998224 ) ) ;
#4519 = VERTEX_POINT ( 'NONE', #7715 ) ;
#4520 = FACE_OUTER_BOUND ( 'NONE', #4671, .T. ) ;
#4521 = EDGE_CURVE ( 'NONE', #624, #2336, #3917, .T. ) ;
#4522 = CARTESIAN_POINT ( 'NONE',  ( 46.49999999999998579, -15.00000000000000000, 7.500000000000000000 ) ) ;
#4523 = CARTESIAN_POINT ( 'NONE',  ( 4.000000000000000000, 1.759474945355379294, -3.047500000000001652 ) ) ;
#4524 = EDGE_CURVE ( 'NONE', #1756, #6544, #2445, .T. ) ;
#4525 = ORIENTED_EDGE ( 'NONE', *, *, #1509, .T. ) ;
#4526 = DIRECTION ( 'NONE',  ( -0.5000000000000058842, 0.000000000000000000, 0.8660254037844351549 ) ) ;
#4527 = EDGE_CURVE ( 'NONE', #3855, #4660, #1582, .T. ) ;
#4528 = CARTESIAN_POINT ( 'NONE',  ( 0.2500000000000019984, 9.000000000000001776, 7.249999999999999112 ) ) ;
#4529 = ORIENTED_EDGE ( 'NONE', *, *, #4470, .F. ) ;
#4530 = FACE_OUTER_BOUND ( 'NONE', #5893, .T. ) ;
#4531 = LINE ( 'NONE', #1341, #425 ) ;
#4532 = CARTESIAN_POINT ( 'NONE',  ( 29.99999999999998934, -32.50000000000000000, -120.0000000000000000 ) ) ;
#4533 = VECTOR ( 'NONE', #4785, 1000.000000000000000 ) ;
#4534 = AXIS2_PLACEMENT_3D ( 'NONE', #1776, #6066, #6174 ) ;
#4535 = EDGE_LOOP ( 'NONE', ( #7619, #1681, #7589, #4408 ) ) ;
#4536 = ORIENTED_EDGE ( 'NONE', *, *, #1347, .T. ) ;
#4537 = DIRECTION ( 'NONE',  ( -1.000000000000000000, 0.000000000000000000, 0.000000000000000000 ) ) ;
#4538 = EDGE_LOOP ( 'NONE', ( #257, #807, #7001, #3141, #3196, #4862, #1495, #508 ) ) ;
#4539 = ORIENTED_EDGE ( 'NONE', *, *, #4253, .T. ) ;
#4540 = DIRECTION ( 'NONE',  ( -1.000000000000000000, -0.000000000000000000, -0.000000000000000000 ) ) ;
#4541 = CARTESIAN_POINT ( 'NONE',  ( 32.50000000000000000, -25.00000000000000711, 0.000000000000000000 ) ) ;
#4542 = EDGE_CURVE ( 'NONE', #6631, #4861, #4668, .T. ) ;
#4543 = EDGE_LOOP ( 'NONE', ( #5079, #7874, #3251, #3102 ) ) ;
#4544 = DIRECTION ( 'NONE',  ( 5.204170427930421283E-16, 1.000000000000000000, 0.000000000000000000 ) ) ;
#4545 = FACE_OUTER_BOUND ( 'NONE', #5435, .T. ) ;
#4546 = ORIENTED_EDGE ( 'NONE', *, *, #6688, .F. ) ;
#4547 = AXIS2_PLACEMENT_3D ( 'NONE', #2165, #967, #4655 ) ;
#4548 = CARTESIAN_POINT ( 'NONE',  ( -25.00000000000000711, 32.50000000000000000, -120.0000000000000000 ) ) ;
#4549 = CARTESIAN_POINT ( 'NONE',  ( 2.602085213965210642E-15, 0.000000000000000000, 0.000000000000000000 ) ) ;
#4550 = ADVANCED_FACE ( 'NONE', ( #7059 ), #2120, .T. ) ;
#4551 = DIRECTION ( 'NONE',  ( 1.000000000000000000, 0.000000000000000000, 0.000000000000000000 ) ) ;
#4552 = VERTEX_POINT ( 'NONE', #6567 ) ;
#4553 = AXIS2_PLACEMENT_3D ( 'NONE', #4628, #7809, #6465 ) ;
#4554 = PLANE ( 'NONE',  #2961 ) ;
#4555 = EDGE_CURVE ( 'NONE', #5499, #6974, #3749, .T. ) ;
#4556 = ORIENTED_EDGE ( 'NONE', *, *, #797, .F. ) ;
#4557 = DIRECTION ( 'NONE',  ( -0.000000000000000000, -0.000000000000000000, 1.000000000000000000 ) ) ;
#4558 = CARTESIAN_POINT ( 'NONE',  ( 4.000000000000000000, 1.759474945355379294, -3.047500000000001652 ) ) ;
#4559 = DIRECTION ( 'NONE',  ( -0.000000000000000000, -0.000000000000000000, 1.000000000000000000 ) ) ;
#4560 = DIRECTION ( 'NONE',  ( 0.000000000000000000, 0.000000000000000000, 1.000000000000000000 ) ) ;
#4561 = EDGE_CURVE ( 'NONE', #7890, #732, #5879, .T. ) ;
#4562 = ORIENTED_EDGE ( 'NONE', *, *, #2455, .T. ) ;
#4563 = ADVANCED_FACE ( 'NONE', ( #5960 ), #1429, .F. ) ;
#4564 = DIRECTION ( 'NONE',  ( 1.000000000000000000, 0.000000000000000000, 0.000000000000000000 ) ) ;
#4565 = CARTESIAN_POINT ( 'NONE',  ( 0.000000000000000000, -1.178949249685219858, -2.041999999999998927 ) ) ;
#4566 = ORIENTED_EDGE ( 'NONE', *, *, #3709, .T. ) ;
#4567 = DIRECTION ( 'NONE',  ( -1.000000000000000000, -0.000000000000000000, -0.000000000000000000 ) ) ;
#4568 = FACE_OUTER_BOUND ( 'NONE', #7469, .T. ) ;
#4569 = LINE ( 'NONE', #2192, #6494 ) ;
#4570 = EDGE_CURVE ( 'NONE', #4897, #1706, #1011, .T. ) ;
#4571 = ORIENTED_EDGE ( 'NONE', *, *, #6869, .F. ) ;
#4572 = VERTEX_POINT ( 'NONE', #3421 ) ;
#4573 = DIRECTION ( 'NONE',  ( 0.000000000000000000, 0.000000000000000000, -1.000000000000000000 ) ) ;
#4574 = AXIS2_PLACEMENT_3D ( 'NONE', #3100, #7475, #1889 ) ;
#4575 = CYLINDRICAL_SURFACE ( 'NONE', #6441, 10.00000000000000178 ) ;
#4576 = ORIENTED_EDGE ( 'NONE', *, *, #4524, .T. ) ;
#4577 = VERTEX_POINT ( 'NONE', #5919 ) ;
#4578 = CARTESIAN_POINT ( 'NONE',  ( -55.00000000000000000, 29.99999999999999289, 7.500000000000000000 ) ) ;
#4579 = DIRECTION ( 'NONE',  ( -0.000000000000000000, -0.000000000000000000, 1.000000000000000000 ) ) ;
#4580 = CIRCLE ( 'NONE', #913, 0.2500000000000002220 ) ;
#4581 = ORIENTED_EDGE ( 'NONE', *, *, #7347, .T. ) ;
#4582 = DIRECTION ( 'NONE',  ( 0.000000000000000000, -1.000000000000000000, 0.000000000000000000 ) ) ;
#4583 = CARTESIAN_POINT ( 'NONE',  ( 0.000000000000000000, 0.000000000000000000, -172.0000000000000000 ) ) ;
#4584 = VERTEX_POINT ( 'NONE', #302 ) ;
#4585 = AXIS2_PLACEMENT_3D ( 'NONE', #1909, #3243, #125 ) ;
#4586 = CARTESIAN_POINT ( 'NONE',  ( -40.00000000000000000, -15.00000000000000000, -0.5000000000000004441 ) ) ;
#4587 = ORIENTED_EDGE ( 'NONE', *, *, #6200, .F. ) ;
#4588 = CARTESIAN_POINT ( 'NONE',  ( 1.000000000000001998, 9.000000000000001776, -7.249999999999999112 ) ) ;
#4589 = CARTESIAN_POINT ( 'NONE',  ( -30.00000000000000000, 32.50000000000000000, 7.500000000000000000 ) ) ;
#4590 = ORIENTED_EDGE ( 'NONE', *, *, #7733, .T. ) ;
#4591 = PRODUCT_CONTEXT ( 'NONE', #853, 'mechanical' ) ;
#4592 = CARTESIAN_POINT ( 'NONE',  ( -32.50000000000000711, -32.50000000000000000, -120.0000000000000000 ) ) ;
#4593 = DIRECTION ( 'NONE',  ( -0.000000000000000000, -0.000000000000000000, 1.000000000000000000 ) ) ;
#4594 = EDGE_CURVE ( 'NONE', #2940, #7673, #2849, .T. ) ;
#4595 = CYLINDRICAL_SURFACE ( 'NONE', #4488, 4.250000000000000000 ) ;
#4596 = CARTESIAN_POINT ( 'NONE',  ( -31.74999999999995737, 0.000000000000000000, 0.000000000000000000 ) ) ;
#4597 = VECTOR ( 'NONE', #1008, 1000.000000000000000 ) ;
#4598 = VERTEX_POINT ( 'NONE', #7836 ) ;
#4599 = VECTOR ( 'NONE', #1236, 1000.000000000000000 ) ;
#4600 = CARTESIAN_POINT ( 'NONE',  ( 2.500000000000000000, -2.357898499370434386, 3.686287386450715076E-15 ) ) ;
#4601 = DIRECTION ( 'NONE',  ( 0.000000000000000000, 0.000000000000000000, -1.000000000000000000 ) ) ;
#4602 = ADVANCED_FACE ( 'NONE', ( #2691, #5194 ), #2, .F. ) ;
#4603 = DIRECTION ( 'NONE',  ( -0.000000000000000000, 0.000000000000000000, 1.000000000000000000 ) ) ;
#4604 = VERTEX_POINT ( 'NONE', #6003 ) ;
#4605 = DIRECTION ( 'NONE',  ( -1.000000000000000000, -0.000000000000000000, -0.000000000000000000 ) ) ;
#4606 = PLANE ( 'NONE',  #6225 ) ;
#4607 = EDGE_CURVE ( 'NONE', #3855, #6917, #8072, .T. ) ;
#4608 = VERTEX_POINT ( 'NONE', #4736 ) ;
#4609 = ORIENTED_EDGE ( 'NONE', *, *, #7100, .F. ) ;
#4610 = CARTESIAN_POINT ( 'NONE',  ( 0.000000000000000000, 0.000000000000000000, 0.000000000000000000 ) ) ;
#4611 = DIRECTION ( 'NONE',  ( -0.000000000000000000, -0.000000000000000000, 1.000000000000000000 ) ) ;
#4612 = EDGE_LOOP ( 'NONE', ( #20, #7637, #6409, #2056 ) ) ;
#4613 = CARTESIAN_POINT ( 'NONE',  ( 0.2500000000000019984, 0.000000000000000000, -7.500000000000000000 ) ) ;
#4614 = CARTESIAN_POINT ( 'NONE',  ( 29.99999999999999289, -32.50000000000000000, -130.0000000000000000 ) ) ;
#4615 = ADVANCED_FACE ( 'NONE', ( #1711 ), #2288, .F. ) ;
#4616 = CIRCLE ( 'NONE', #5660, 3.999999999999996447 ) ;
#4617 = AXIS2_PLACEMENT_3D ( 'NONE', #4001, #4038, #7839 ) ;
#4618 = AXIS2_PLACEMENT_3D ( 'NONE', #1454, #3947, #6438 ) ;
#4619 = CIRCLE ( 'NONE', #829, 33.46194077712560500 ) ;
#4620 = ORIENTED_EDGE ( 'NONE', *, *, #7649, .F. ) ;
#4621 = CARTESIAN_POINT ( 'NONE',  ( 6.750000000000001776, -5.000000000000000000, -7.249999999999999112 ) ) ;
#4622 = AXIS2_PLACEMENT_3D ( 'NONE', #1990, #91, #5013 ) ;
#4623 = DIRECTION ( 'NONE',  ( -0.000000000000000000, -0.000000000000000000, 1.000000000000000000 ) ) ;
#4624 = ORIENTED_EDGE ( 'NONE', *, *, #4271, .T. ) ;
#4625 = EDGE_CURVE ( 'NONE', #325, #1626, #3360, .T. ) ;
#4626 = VECTOR ( 'NONE', #7462, 1000.000000000000000 ) ;
#4627 = DIRECTION ( 'NONE',  ( 1.000000000000000000, 0.000000000000000000, 0.000000000000000000 ) ) ;
#4628 = CARTESIAN_POINT ( 'NONE',  ( 20.00000000000001066, 33.51954211927168359, 24.99999999999999645 ) ) ;
#4629 = CIRCLE ( 'NONE', #1094, 0.2500000000000002220 ) ;
#4630 = CIRCLE ( 'NONE', #5413, 38.46194077712559789 ) ;
#4631 = ORIENTED_EDGE ( 'NONE', *, *, #2598, .F. ) ;
#4632 = VECTOR ( 'NONE', #5832, 1000.000000000000000 ) ;
#4633 = CARTESIAN_POINT ( 'NONE',  ( 6.750000000000001776, 4.750000000000000000, 7.500000000000000000 ) ) ;
#4634 = CARTESIAN_POINT ( 'NONE',  ( 28.12499999999999645, -32.50000000000000000, -120.0000000000000000 ) ) ;
#4635 = VERTEX_POINT ( 'NONE', #2854 ) ;
#4636 = DIRECTION ( 'NONE',  ( 0.9613751056062402878, 0.2752415417784720986, 1.527897485078933407E-17 ) ) ;
#4637 = DIRECTION ( 'NONE',  ( 0.000000000000000000, -0.4999999999999992784, 0.8660254037844390407 ) ) ;
#4638 = DIRECTION ( 'NONE',  ( -0.000000000000000000, -0.000000000000000000, 1.000000000000000000 ) ) ;
#4639 = CARTESIAN_POINT ( 'NONE',  ( -40.00000000000000711, 39.99999999999999289, -130.0000000000000000 ) ) ;
#4640 = DIRECTION ( 'NONE',  ( -8.673617379884034239E-17, 1.000000000000000000, 0.000000000000000000 ) ) ;
#4641 = VECTOR ( 'NONE', #5739, 1000.000000000000114 ) ;
#4642 = VERTEX_POINT ( 'NONE', #4205 ) ;
#4643 = DIRECTION ( 'NONE',  ( -1.000000000000000000, -0.000000000000000000, -0.000000000000000000 ) ) ;
#4644 = DIRECTION ( 'NONE',  ( -1.000000000000000000, -0.000000000000000000, -0.000000000000000000 ) ) ;
#4645 = CARTESIAN_POINT ( 'NONE',  ( -32.50000000000000000, -25.00000000000000711, -115.0000000000000000 ) ) ;
#4646 = ORIENTED_EDGE ( 'NONE', *, *, #2004, .T. ) ;
#4647 = CARTESIAN_POINT ( 'NONE',  ( -32.50000000000000711, -32.50000000000000000, 0.000000000000000000 ) ) ;
#4648 = CARTESIAN_POINT ( 'NONE',  ( -44.00000000000001421, 15.00000000000000000, -0.5000000000000004441 ) ) ;
#4649 = ORIENTED_EDGE ( 'NONE', *, *, #7447, .T. ) ;
#4650 = VERTEX_POINT ( 'NONE', #5576 ) ;
#4651 = CARTESIAN_POINT ( 'NONE',  ( 5.000000000000000888, 0.000000000000000000, 0.000000000000000000 ) ) ;
#4652 = EDGE_CURVE ( 'NONE', #1959, #5639, #3505, .T. ) ;
#4653 = LINE ( 'NONE', #1542, #2266 ) ;
#4654 = ORIENTED_EDGE ( 'NONE', *, *, #1158, .F. ) ;
#4655 = DIRECTION ( 'NONE',  ( 1.000000000000000000, 0.000000000000000000, 0.000000000000000000 ) ) ;
#4656 = FACE_OUTER_BOUND ( 'NONE', #1937, .T. ) ;
#4657 = EDGE_CURVE ( 'NONE', #6587, #5461, #866, .T. ) ;
#4658 = VECTOR ( 'NONE', #3241, 1000.000000000000000 ) ;
#4659 = EDGE_CURVE ( 'NONE', #240, #4604, #6851, .T. ) ;
#4660 = VERTEX_POINT ( 'NONE', #4354 ) ;
#4661 = CARTESIAN_POINT ( 'NONE',  ( 25.00000000000000711, -40.00000000000000711, -120.0000000000000000 ) ) ;
#4662 = EDGE_CURVE ( 'NONE', #4332, #7846, #5311, .T. ) ;
#4663 = FILL_AREA_STYLE_COLOUR ( '', #7491 ) ;
#4664 = EDGE_LOOP ( 'NONE', ( #3583, #1559, #2382, #1263 ) ) ;
#4665 = SPHERICAL_SURFACE ( 'NONE', #1721, 0.2500000000000000000 ) ;
#4666 = AXIS2_PLACEMENT_3D ( 'NONE', #7568, #1287, #4471 ) ;
#4667 = ORIENTED_EDGE ( 'NONE', *, *, #4117, .F. ) ;
#4668 = CIRCLE ( 'NONE', #1282, 6.499999999999999112 ) ;
#4669 = CARTESIAN_POINT ( 'NONE',  ( -30.00000000000000000, -32.50000000000000000, 7.500000000000000000 ) ) ;
#4670 = DIRECTION ( 'NONE',  ( -0.000000000000000000, 0.000000000000000000, 1.000000000000000000 ) ) ;
#4671 = EDGE_LOOP ( 'NONE', ( #888, #5087, #2556, #1128 ) ) ;
#4672 = ITEM_DEFINED_TRANSFORMATION ( 'NONE', 'NONE', #3242,  #5854 ) ;
#4673 = ORIENTED_EDGE ( 'NONE', *, *, #1640, .F. ) ;
#4674 = LINE ( 'NONE', #7857, #7254 ) ;
#4675 = LINE ( 'NONE', #7734, #1475 ) ;
#4676 = CARTESIAN_POINT ( 'NONE',  ( 55.00000000000000000, 39.99999999999999289, 7.500000000000000000 ) ) ;
#4677 = B_SPLINE_CURVE_WITH_KNOTS ( 'NONE', 3,
 ( #1337, #5708, #1817, #3117 ),
 .UNSPECIFIED., .F., .F.,
 ( 4, 4 ),
 ( 0.006423354529240529048, 0.009339012883614628349 ),
 .UNSPECIFIED. ) ;
#4678 = EDGE_LOOP ( 'NONE', ( #665, #4288, #699, #2803, #6997 ) ) ;
#4679 = DIRECTION ( 'NONE',  ( -1.000000000000000000, -0.000000000000000000, -0.000000000000000000 ) ) ;
#4680 = EDGE_CURVE ( 'NONE', #2940, #4725, #6484, .T. ) ;
#4681 = DIRECTION ( 'NONE',  ( 3.009265538105055678E-33, -2.168404344971008560E-17, 1.000000000000000000 ) ) ;
#4682 = CARTESIAN_POINT ( 'NONE',  ( -28.12500000000000711, -32.50000000000000000, -123.0000000000000000 ) ) ;
#4683 = ORIENTED_EDGE ( 'NONE', *, *, #4662, .F. ) ;
#4684 = CARTESIAN_POINT ( 'NONE',  ( -0.9695123129106584248, 9.954581448819471490, -139.1541285238720604 ) ) ;
#4685 =( GEOMETRIC_REPRESENTATION_CONTEXT ( 3 ) GLOBAL_UNCERTAINTY_ASSIGNED_CONTEXT ( ( #6818 ) ) GLOBAL_UNIT_ASSIGNED_CONTEXT ( ( #980, #5851, #200 ) ) REPRESENTATION_CONTEXT ( 'NONE', 'WORKASPACE' ) );
#4686 = CARTESIAN_POINT ( 'NONE',  ( 35.99999999999998579, -15.00000000000000000, -8.500000000000000000 ) ) ;
#4687 = SHAPE_REPRESENTATION ( 'MTR', ( #5854 ), #7155 ) ;
#4688 = VERTEX_POINT ( 'NONE', #2780 ) ;
#4689 = ORIENTED_EDGE ( 'NONE', *, *, #1118, .F. ) ;
#4690 = CARTESIAN_POINT ( 'NONE',  ( 46.49999999999998579, 15.00000000000000000, -0.5000000000000004441 ) ) ;
#4691 = DIRECTION ( 'NONE',  ( -0.000000000000000000, -0.000000000000000000, 1.000000000000000000 ) ) ;
#4692 = EDGE_LOOP ( 'NONE', ( #3573, #5927, #3733, #2246 ) ) ;
#4693 = CARTESIAN_POINT ( 'NONE',  ( 40.00000000000000711, -25.00000000000000000, -120.0000000000000000 ) ) ;
#4694 = DIRECTION ( 'NONE',  ( -1.000000000000000000, -0.000000000000000000, -0.000000000000000000 ) ) ;
#4695 = EDGE_CURVE ( 'NONE', #6277, #5416, #3870, .T. ) ;
#4696 = CARTESIAN_POINT ( 'NONE',  ( 6.750000000000001776, -4.750000000000000000, -7.249999999999999112 ) ) ;
#4697 = AXIS2_PLACEMENT_3D ( 'NONE', #7964, #3009, #5469 ) ;
#4698 = PLANE ( 'NONE',  #3611 ) ;
#4699 = ORIENTED_EDGE ( 'NONE', *, *, #7300, .T. ) ;
#4700 = ORIENTED_EDGE ( 'NONE', *, *, #6688, .T. ) ;
#4701 = DIRECTION ( 'NONE',  ( -0.000000000000000000, -0.000000000000000000, 1.000000000000000000 ) ) ;
#4702 = DIRECTION ( 'NONE',  ( 1.000000000000000000, -0.000000000000000000, 0.000000000000000000 ) ) ;
#4703 = ORIENTED_EDGE ( 'NONE', *, *, #1887, .T. ) ;
#4704 = ORIENTED_EDGE ( 'NONE', *, *, #535, .T. ) ;
#4705 = DIRECTION ( 'NONE',  ( 0.000000000000000000, 1.000000000000000000, -1.355657144061423890E-15 ) ) ;
#4706 = EDGE_CURVE ( 'NONE', #2729, #8042, #5618, .T. ) ;
#4707 = CIRCLE ( 'NONE', #2611, 38.46194077712559789 ) ;
#4708 = ADVANCED_FACE ( 'NONE', ( #5350 ), #7230, .T. ) ;
#4709 = ORIENTED_EDGE ( 'NONE', *, *, #5001, .F. ) ;
#4710 = PLANE ( 'NONE',  #1402 ) ;
#4711 = CIRCLE ( 'NONE', #1833, 3.999999999999996447 ) ;
#4712 = CARTESIAN_POINT ( 'NONE',  ( 0.000000000000000000, 0.000000000000000000, 0.000000000000000000 ) ) ;
#4713 = VERTEX_POINT ( 'NONE', #6574 ) ;
#4714 = APPLICATION_PROTOCOL_DEFINITION ( 'draft international standard', 'automotive_design', 1998, #2000 ) ;
#4715 = DIRECTION ( 'NONE',  ( 1.445602896647339410E-16, 0.000000000000000000, 1.000000000000000000 ) ) ;
#4716 = DIRECTION ( 'NONE',  ( -0.000000000000000000, 1.000000000000000000, -0.000000000000000000 ) ) ;
#4717 = FACE_OUTER_BOUND ( 'NONE', #3331, .T. ) ;
#4718 = DIRECTION ( 'NONE',  ( 1.000000000000000000, 0.000000000000000000, 0.000000000000000000 ) ) ;
#4719 = ADVANCED_FACE ( 'NONE', ( #7922 ), #4698, .T. ) ;
#4720 = ORIENTED_EDGE ( 'NONE', *, *, #5166, .T. ) ;
#4721 = DIRECTION ( 'NONE',  ( 0.000000000000000000, 0.000000000000000000, 1.000000000000000000 ) ) ;
#4722 = CYLINDRICAL_SURFACE ( 'NONE', #3458, 1.000000000000000000 ) ;
#4723 = DIRECTION ( 'NONE',  ( -0.000000000000000000, -1.000000000000000000, -0.000000000000000000 ) ) ;
#4724 = CIRCLE ( 'NONE', #5495, 0.2500000000000002220 ) ;
#4725 = VERTEX_POINT ( 'NONE', #1677 ) ;
#4726 = DIRECTION ( 'NONE',  ( -1.000000000000000000, 0.000000000000000000, 0.000000000000000000 ) ) ;
#4727 = FACE_OUTER_BOUND ( 'NONE', #7277, .T. ) ;
#4728 = CLOSED_SHELL ( 'NONE', ( #5715, #2719, #2649, #7192, #2213, #4003, #2233, #4563, #664, #1517, #6858, #6798, #902, #7860, #6552, #2599, #4242, #7395, #4790, #844, #5772, #382, #5907, #6787, #6099, #5347, #7043, #8065, #8049, #1064, #1004, #518, #6744, #1277, #804, #7951, #352, #2696, #3769, #4615, #5984, #6501, #717, #147, #5282, #7849 ) ) ;
#4729 = ORIENTED_EDGE ( 'NONE', *, *, #3750, .F. ) ;
#4730 = CARTESIAN_POINT ( 'NONE',  ( -29.99999999999998224, 32.50000000000000000, -123.0000000000000000 ) ) ;
#4731 = FACE_OUTER_BOUND ( 'NONE', #687, .T. ) ;
#4732 = ORIENTED_EDGE ( 'NONE', *, *, #6869, .T. ) ;
#4733 = DIRECTION ( 'NONE',  ( -0.000000000000000000, 0.000000000000000000, 1.000000000000000000 ) ) ;
#4734 = DIRECTION ( 'NONE',  ( 0.000000000000000000, 0.000000000000000000, -1.000000000000000000 ) ) ;
#4735 = LINE ( 'NONE', #2851, #3301 ) ;
#4736 = CARTESIAN_POINT ( 'NONE',  ( -36.87499999999999289, 32.50000000000000000, -123.0000000000000000 ) ) ;
#4737 = VERTEX_POINT ( 'NONE', #3466 ) ;
#4738 = VERTEX_POINT ( 'NONE', #5966 ) ;
#4739 = CARTESIAN_POINT ( 'NONE',  ( 38.00000000000000711, 39.99999999999999289, -130.0000000000000000 ) ) ;
#4740 = DIRECTION ( 'NONE',  ( 0.000000000000000000, 0.000000000000000000, 1.000000000000000000 ) ) ;
#4741 = VERTEX_POINT ( 'NONE', #344 ) ;
#4742 = ORIENTED_EDGE ( 'NONE', *, *, #7061, .F. ) ;
#4743 = CARTESIAN_POINT ( 'NONE',  ( 4.000000000000000000, 1.759474945355379294, -3.047500000000001652 ) ) ;
#4744 = CIRCLE ( 'NONE', #6306, 7.500000000000000000 ) ;
#4745 = AXIS2_PLACEMENT_3D ( 'NONE', #3758, #6243, #640 ) ;
#4746 = VECTOR ( 'NONE', #6412, 1000.000000000000000 ) ;
#4747 = AXIS2_PLACEMENT_3D ( 'NONE', #6338, #3882, #3310 ) ;
#4748 = ORIENTED_EDGE ( 'NONE', *, *, #1124, .F. ) ;
#4749 = VECTOR ( 'NONE', #1281, 1000.000000000000000 ) ;
#4750 = ADVANCED_FACE ( 'NONE', ( #585 ), #7841, .F. ) ;
#4751 = AXIS2_PLACEMENT_3D ( 'NONE', #3040, #5998, #2320 ) ;
#4752 = VECTOR ( 'NONE', #2639, 1000.000000000000000 ) ;
#4753 = FACE_OUTER_BOUND ( 'NONE', #2234, .T. ) ;
#4754 = DIRECTION ( 'NONE',  ( 5.204170427930421283E-16, -1.000000000000000000, 0.000000000000000000 ) ) ;
#4755 = EDGE_CURVE ( 'NONE', #6112, #745, #6617, .T. ) ;
#4756 = ORIENTED_EDGE ( 'NONE', *, *, #1201, .F. ) ;
#4757 = CARTESIAN_POINT ( 'NONE',  ( 3.000000000000002220, 9.000000000000001776, 7.500000000000000000 ) ) ;
#4758 = CARTESIAN_POINT ( 'NONE',  ( -40.00000000000000711, -25.00000000000000000, -120.0000000000000000 ) ) ;
#4759 = FACE_BOUND ( 'NONE', #3190, .T. ) ;
#4760 = CIRCLE ( 'NONE', #3975, 4.000000000000003553 ) ;
#4761 = DIRECTION ( 'NONE',  ( 1.000000000000000000, 0.000000000000000000, 0.000000000000000000 ) ) ;
#4762 = EDGE_CURVE ( 'NONE', #7981, #5639, #2032, .T. ) ;
#4763 = CIRCLE ( 'NONE', #6978, 5.700000000000001066 ) ;
#4764 = AXIS2_PLACEMENT_3D ( 'NONE', #3074, #6224, #1854 ) ;
#4765 = AXIS2_PLACEMENT_3D ( 'NONE', #7291, #4189, #5297 ) ;
#4766 = ORIENTED_EDGE ( 'NONE', *, *, #5995, .T. ) ;
#4767 = EDGE_CURVE ( 'NONE', #3048, #2567, #7578, .T. ) ;
#4768 = VECTOR ( 'NONE', #6676, 1000.000000000000000 ) ;
#4769 = DIRECTION ( 'NONE',  ( 0.000000000000000000, 0.000000000000000000, -1.000000000000000000 ) ) ;
#4770 = EDGE_CURVE ( 'NONE', #3283, #2073, #1261, .T. ) ;
#4771 = AXIS2_PLACEMENT_3D ( 'NONE', #828, #7780, #7615 ) ;
#4772 = EDGE_CURVE ( 'NONE', #6873, #7632, #835, .T. ) ;
#4773 = CARTESIAN_POINT ( 'NONE',  ( 4.000000000000000000, -1.759474945355381736, 3.047500000000000320 ) ) ;
#4774 = CARTESIAN_POINT ( 'NONE',  ( 0.000000000000000000, 0.000000000000000000, 0.000000000000000000 ) ) ;
#4775 = ORIENTED_EDGE ( 'NONE', *, *, #3514, .F. ) ;
#4776 = DIRECTION ( 'NONE',  ( 1.000000000000000000, 0.000000000000000000, 0.000000000000000000 ) ) ;
#4777 = DIRECTION ( 'NONE',  ( 1.000000000000000000, 0.000000000000000000, 0.000000000000000000 ) ) ;
#4778 =( REPRESENTATION_RELATIONSHIP ('NONE','NONE', #4940, #4426 ) REPRESENTATION_RELATIONSHIP_WITH_TRANSFORMATION ( #7336 )SHAPE_REPRESENTATION_RELATIONSHIP( ) );
#4779 = ADVANCED_FACE ( 'NONE', ( #6888, #5783 ), #2553, .T. ) ;
#4780 = CIRCLE ( 'NONE', #7636, 2.500000000000009326 ) ;
#4781 = DIRECTION ( 'NONE',  ( -0.000000000000000000, -0.000000000000000000, 1.000000000000000000 ) ) ;
#4782 = ORIENTED_EDGE ( 'NONE', *, *, #7327, .F. ) ;
#4783 = CARTESIAN_POINT ( 'NONE',  ( 43.99999999999999289, -15.00000000000000000, -8.500000000000000000 ) ) ;
#4784 = FACE_BOUND ( 'NONE', #5130, .T. ) ;
#4785 = DIRECTION ( 'NONE',  ( 1.000000000000000000, 9.251858538542963939E-16, 0.000000000000000000 ) ) ;
#4786 = EDGE_LOOP ( 'NONE', ( #966, #7570, #1418 ) ) ;
#4787 = ORIENTED_EDGE ( 'NONE', *, *, #4755, .F. ) ;
#4788 = DIRECTION ( 'NONE',  ( -0.000000000000000000, -0.000000000000000000, 1.000000000000000000 ) ) ;
#4789 = FACE_OUTER_BOUND ( 'NONE', #7095, .T. ) ;
#4790 = ADVANCED_FACE ( 'NONE', ( #1416 ), #715, .F. ) ;
#4791 = EDGE_LOOP ( 'NONE', ( #5252, #6125, #1387, #7463 ) ) ;
#4792 = EDGE_LOOP ( 'NONE', ( #5189, #3861, #253, #6814 ) ) ;
#4793 = CIRCLE ( 'NONE', #4134, 3.309499999999999886 ) ;
#4794 = EDGE_LOOP ( 'NONE', ( #2942, #507, #7942, #4303 ) ) ;
#4795 = CYLINDRICAL_SURFACE ( 'NONE', #3914, 4.000000000000001776 ) ;
#4796 = DIRECTION ( 'NONE',  ( 1.000000000000000000, 0.000000000000000000, 0.000000000000000000 ) ) ;
#4797 = ORIENTED_EDGE ( 'NONE', *, *, #2610, .F. ) ;
#4798 = DIRECTION ( 'NONE',  ( 0.000000000000000000, 0.000000000000000000, 1.000000000000000000 ) ) ;
#4799 = FACE_OUTER_BOUND ( 'NONE', #2584, .T. ) ;
#4800 = DIRECTION ( 'NONE',  ( 0.000000000000000000, 0.000000000000000000, 1.000000000000000000 ) ) ;
#4801 = EDGE_CURVE ( 'NONE', #2491, #1140, #326, .T. ) ;
#4802 = ORIENTED_EDGE ( 'NONE', *, *, #7092, .T. ) ;
#4803 = VECTOR ( 'NONE', #6527, 1000.000000000000000 ) ;
#4804 = ADVANCED_FACE ( 'NONE', ( #3902 ), #3862, .T. ) ;
#4805 = DIRECTION ( 'NONE',  ( -0.000000000000000000, -0.000000000000000000, 1.000000000000000000 ) ) ;
#4806 = CARTESIAN_POINT ( 'NONE',  ( 0.000000000000000000, -2.357898499370434386, 3.686287386450715076E-15 ) ) ;
#4807 = EDGE_CURVE ( 'NONE', #2412, #7427, #667, .T. ) ;
#4808 = LINE ( 'NONE', #6843, #1228 ) ;
#4809 = ORIENTED_EDGE ( 'NONE', *, *, #2716, .F. ) ;
#4810 = DIRECTION ( 'NONE',  ( 0.000000000000000000, 0.000000000000000000, -1.000000000000000000 ) ) ;
#4811 = CONTEXT_DEPENDENT_SHAPE_REPRESENTATION ( #1834, #6645 ) ;
#4812 =( LENGTH_UNIT ( ) NAMED_UNIT ( * ) SI_UNIT ( .MILLI., .METRE. ) );
#4813 = CARTESIAN_POINT ( 'NONE',  ( -20.00000000000000711, 0.000000000000000000, 24.99999999999999645 ) ) ;
#4814 = ORIENTED_EDGE ( 'NONE', *, *, #3056, .T. ) ;
#4815 = DIRECTION ( 'NONE',  ( 0.000000000000000000, 1.000000000000000000, 0.000000000000000000 ) ) ;
#4816 = CARTESIAN_POINT ( 'NONE',  ( 8.000000000000117240, 0.000000000000000000, -172.0000000000000000 ) ) ;
#4817 = CARTESIAN_POINT ( 'NONE',  ( 3.000000000000000444, 7.416198487095789105, -172.0000000000000000 ) ) ;
#4818 = PRODUCT_DEFINITION_FORMATION_WITH_SPECIFIED_SOURCE ( 'ANY', '', #7500, .NOT_KNOWN. ) ;
#4819 = EDGE_CURVE ( 'NONE', #3222, #1390, #5958, .T. ) ;
#4820 = PRODUCT_DEFINITION_SHAPE ( 'NONE', 'NONE',  #8102 ) ;
#4821 = DIRECTION ( 'NONE',  ( 1.734723475976806848E-16, -1.000000000000000000, -2.168404344971008560E-17 ) ) ;
#4822 = VERTEX_POINT ( 'NONE', #3818 ) ;
#4823 = EDGE_LOOP ( 'NONE', ( #6217, #5722, #1464, #1588 ) ) ;
#4824 = CARTESIAN_POINT ( 'NONE',  ( 3.000000000000000444, 6.000000000000000000, -172.0000000000000000 ) ) ;
#4825 = DIRECTION ( 'NONE',  ( 0.000000000000000000, 0.000000000000000000, 1.000000000000000000 ) ) ;
#4826 = EDGE_LOOP ( 'NONE', ( #7193, #5911, #4131, #6642, #1294 ) ) ;
#4827 = VERTEX_POINT ( 'NONE', #790 ) ;
#4828 = ORIENTED_EDGE ( 'NONE', *, *, #6636, .T. ) ;
#4829 = DIRECTION ( 'NONE',  ( 0.000000000000000000, 0.000000000000000000, -1.000000000000000000 ) ) ;
#4830 = DIRECTION ( 'NONE',  ( -0.000000000000000000, -0.000000000000000000, 1.000000000000000000 ) ) ;
#4831 = ORIENTED_EDGE ( 'NONE', *, *, #5410, .T. ) ;
#4832 = CYLINDRICAL_SURFACE ( 'NONE', #6789, 4.000000000000003553 ) ;
#4833 = CIRCLE ( 'NONE', #3520, 0.7500000000000000000 ) ;
#4834 = CARTESIAN_POINT ( 'NONE',  ( 6.750000000000001776, 5.000000000000000000, 7.249999999999999112 ) ) ;
#4835 = CARTESIAN_POINT ( 'NONE',  ( -33.50000000000001421, 15.00000000000000000, 7.500000000000000000 ) ) ;
#4836 = CYLINDRICAL_SURFACE ( 'NONE', #7739, 2.499999999999995115 ) ;
#4837 = ORIENTED_EDGE ( 'NONE', *, *, #7944, .F. ) ;
#4838 = CIRCLE ( 'NONE', #5882, 2.499999999999988454 ) ;
#4839 = LINE ( 'NONE', #4305, #5965 ) ;
#4840 = EDGE_CURVE ( 'NONE', #2412, #2729, #5665, .T. ) ;
#4841 = DIRECTION ( 'NONE',  ( 0.000000000000000000, 0.000000000000000000, -1.000000000000000000 ) ) ;
#4842 = CARTESIAN_POINT ( 'NONE',  ( -46.50000000000000000, -15.00000000000000000, 7.500000000000000000 ) ) ;
#4843 = ORIENTED_EDGE ( 'NONE', *, *, #4285, .T. ) ;
#4844 = DIRECTION ( 'NONE',  ( -0.000000000000000000, -0.000000000000000000, 1.000000000000000000 ) ) ;
#4845 = CIRCLE ( 'NONE', #6930, 4.000000000000001776 ) ;
#4846 = ITEM_DEFINED_TRANSFORMATION ( 'NONE', 'NONE', #8073,  #5854 ) ;
#4847 = EDGE_CURVE ( 'NONE', #5972, #713, #991, .T. ) ;
#4848 = CIRCLE ( 'NONE', #1983, 2.000000000000007105 ) ;
#4849 = DIRECTION ( 'NONE',  ( 0.000000000000000000, 0.000000000000000000, -1.000000000000000000 ) ) ;
#4850 = DIRECTION ( 'NONE',  ( 1.734723475976807094E-16, -1.000000000000000000, 0.000000000000000000 ) ) ;
#4851 = EDGE_CURVE ( 'NONE', #4076, #4495, #5829, .T. ) ;
#4852 = ORIENTED_EDGE ( 'NONE', *, *, #1423, .F. ) ;
#4853 = CARTESIAN_POINT ( 'NONE',  ( 55.00000000000002132, -30.00000000000001421, 7.500000000000000000 ) ) ;
#4854 = LINE ( 'NONE', #1130, #2655 ) ;
#4855 = FACE_OUTER_BOUND ( 'NONE', #6774, .T. ) ;
#4856 = CIRCLE ( 'NONE', #7461, 4.250000000000000000 ) ;
#4857 = ORIENTED_EDGE ( 'NONE', *, *, #7068, .T. ) ;
#4858 = VERTEX_POINT ( 'NONE', #123 ) ;
#4859 = DIRECTION ( 'NONE',  ( 0.000000000000000000, -0.000000000000000000, -1.000000000000000000 ) ) ;
#4860 = CARTESIAN_POINT ( 'NONE',  ( -40.00000000000001421, 15.00000000000000000, 7.500000000000000000 ) ) ;
#4861 = VERTEX_POINT ( 'NONE', #48 ) ;
#4862 = ORIENTED_EDGE ( 'NONE', *, *, #3907, .F. ) ;
#4863 = CARTESIAN_POINT ( 'NONE',  ( -31.74999999999995737, 0.000000000000000000, 0.000000000000000000 ) ) ;
#4864 = ADVANCED_FACE ( 'NONE', ( #2508 ), #2632, .F. ) ;
#4865 = ORIENTED_EDGE ( 'NONE', *, *, #5793, .T. ) ;
#4866 = EDGE_CURVE ( 'NONE', #5136, #2412, #2561, .T. ) ;
#4867 = CARTESIAN_POINT ( 'NONE',  ( -40.00000000000000711, 39.99999999999999289, -15.00000000000001421 ) ) ;
#4868 = CARTESIAN_POINT ( 'NONE',  ( 39.99999999999998579, -15.00000000000000000, 7.500000000000000000 ) ) ;
#4869 = EDGE_LOOP ( 'NONE', ( #4168, #2263, #2189, #3752 ) ) ;
#4870 = DIRECTION ( 'NONE',  ( 0.000000000000000000, 0.000000000000000000, 1.000000000000000000 ) ) ;
#4871 = CYLINDRICAL_SURFACE ( 'NONE', #1585, 4.375000000000000000 ) ;
#4872 = CARTESIAN_POINT ( 'NONE',  ( -39.99999999999999289, -40.00000000000000711, -130.0000000000000000 ) ) ;
#4873 = DIRECTION ( 'NONE',  ( 0.000000000000000000, 1.000000000000000000, 0.000000000000000000 ) ) ;
#4874 = VECTOR ( 'NONE', #5741, 1000.000000000000000 ) ;
#4875 = VECTOR ( 'NONE', #1086, 1000.000000000000000 ) ;
#4876 = EDGE_LOOP ( 'NONE', ( #1398, #7422 ) ) ;
#4877 = CARTESIAN_POINT ( 'NONE',  ( 2.500000000000000000, 2.357898499370432166, -1.951563910473907981E-15 ) ) ;
#4878 = AXIS2_PLACEMENT_3D ( 'NONE', #1787, #5463, #6079 ) ;
#4879 = DIRECTION ( 'NONE',  ( 0.000000000000000000, -0.5000000000000008882, -0.8660254037844380415 ) ) ;
#4880 = LINE ( 'NONE', #2344, #834 ) ;
#4881 = EDGE_CURVE ( 'NONE', #851, #2422, #5568, .T. ) ;
#4882 = CARTESIAN_POINT ( 'NONE',  ( 40.00000000000000711, -25.00000000000000000, -15.00000000000001421 ) ) ;
#4883 = PRODUCT ( 'MTR', 'MTR', '', ( #7199 ) ) ;
#4884 = AXIS2_PLACEMENT_3D ( 'NONE', #6479, #4972, #2758 ) ;
#4885 = AXIS2_PLACEMENT_3D ( 'NONE', #4528, #7011, #1417 ) ;
#4886 = EDGE_CURVE ( 'NONE', #2194, #4822, #4793, .T. ) ;
#4887 = AXIS2_PLACEMENT_3D ( 'NONE', #2465, #4957, #6795 ) ;
#4888 = SURFACE_STYLE_USAGE ( .BOTH. , #2846 ) ;
#4889 = DIRECTION ( 'NONE',  ( -0.000000000000000000, 0.000000000000000000, 1.000000000000000000 ) ) ;
#4890 = VERTEX_POINT ( 'NONE', #7166 ) ;
#4891 = DIRECTION ( 'NONE',  ( -0.000000000000000000, 0.000000000000000000, 1.000000000000000000 ) ) ;
#4892 = CARTESIAN_POINT ( 'NONE',  ( 4.000000000000000000, 1.759474945355379294, -3.047500000000001652 ) ) ;
#4893 = CARTESIAN_POINT ( 'NONE',  ( 8.399999999999998579, 0.000000000000000000, 0.000000000000000000 ) ) ;
#4894 = AXIS2_PLACEMENT_3D ( 'NONE', #208, #3197, #6922 ) ;
#4895 = EDGE_CURVE ( 'NONE', #660, #5551, #4002, .T. ) ;
#4896 = EDGE_LOOP ( 'NONE', ( #3467, #4145, #114, #5299 ) ) ;
#4897 = VERTEX_POINT ( 'NONE', #7823 ) ;
#4898 = DIRECTION ( 'NONE',  ( 1.000000000000000000, 0.000000000000000000, 0.000000000000000000 ) ) ;
#4899 = FACE_OUTER_BOUND ( 'NONE', #6381, .T. ) ;
#4900 = ORIENTED_EDGE ( 'NONE', *, *, #5061, .T. ) ;
#4901 = ORIENTED_EDGE ( 'NONE', *, *, #1347, .F. ) ;
#4902 = CARTESIAN_POINT ( 'NONE',  ( 0.000000000000000000, 0.000000000000000000, 24.99999999999999645 ) ) ;
#4903 = DIRECTION ( 'NONE',  ( 0.000000000000000000, 1.224646799147353207E-16, 1.000000000000000000 ) ) ;
#4904 = EDGE_CURVE ( 'NONE', #4725, #3180, #1035, .T. ) ;
#4905 = EDGE_CURVE ( 'NONE', #8042, #6377, #6551, .T. ) ;
#4906 = VERTEX_POINT ( 'NONE', #214 ) ;
#4907 = DIRECTION ( 'NONE',  ( 1.000000000000000000, -0.000000000000000000, 0.000000000000000000 ) ) ;
#4908 = DIRECTION ( 'NONE',  ( -1.000000000000000000, -0.000000000000000000, -0.000000000000000000 ) ) ;
#4909 = EDGE_LOOP ( 'NONE', ( #1672, #2144 ) ) ;
#4910 = CARTESIAN_POINT ( 'NONE',  ( 25.00000000000000711, -40.00000000000000711, -120.0000000000000000 ) ) ;
#4911 = CARTESIAN_POINT ( 'NONE',  ( 32.50000000000000000, 25.00000000000000711, -120.0000000000000000 ) ) ;
#4912 = DIRECTION ( 'NONE',  ( -0.000000000000000000, -0.000000000000000000, 1.000000000000000000 ) ) ;
#4913 = SPHERICAL_SURFACE ( 'NONE', #5529, 0.2500000000000000000 ) ;
#4914 = AXIS2_PLACEMENT_3D ( 'NONE', #5090, #1450, #6358 ) ;
#4915 = ORIENTED_EDGE ( 'NONE', *, *, #3741, .F. ) ;
#4916 = EDGE_CURVE ( 'NONE', #5698, #5123, #3076, .T. ) ;
#4917 = AXIS2_PLACEMENT_3D ( 'NONE', #4588, #203, #2786 ) ;
#4918 = CARTESIAN_POINT ( 'NONE',  ( -40.00000000000000711, 25.00000000000000000, -120.0000000000000000 ) ) ;
#4919 = CARTESIAN_POINT ( 'NONE',  ( -31.74999999999995737, 4.898587196589415787E-16, -4.000000000000001776 ) ) ;
#4920 = CARTESIAN_POINT ( 'NONE',  ( -40.00000000000000711, 39.99999999999999289, -130.0000000000000000 ) ) ;
#4921 = LINE ( 'NONE', #1814, #1758 ) ;
#4922 = AXIS2_PLACEMENT_3D ( 'NONE', #6708, #4215, #3638 ) ;
#4923 = ITEM_DEFINED_TRANSFORMATION ( 'NONE', 'NONE', #1422,  #5854 ) ;
#4924 = AXIS2_PLACEMENT_3D ( 'NONE', #7867, #2881, #4777 ) ;
#4925 = CARTESIAN_POINT ( 'NONE',  ( 6.750000000000001776, -4.750000000000000000, -7.249999999999999112 ) ) ;
#4926 = CARTESIAN_POINT ( 'NONE',  ( 0.000000000000000000, 0.000000000000000000, 30.00000000000000000 ) ) ;
#4927 = ORIENTED_EDGE ( 'NONE', *, *, #4866, .F. ) ;
#4928 = DIRECTION ( 'NONE',  ( 0.000000000000000000, 0.4999999999999993339, -0.8660254037844390407 ) ) ;
#4929 = CARTESIAN_POINT ( 'NONE',  ( 24.99999999999998934, -1.387778780781445676E-14, 7.500000000000000000 ) ) ;
#4930 = CARTESIAN_POINT ( 'NONE',  ( 3.000000000000002220, 10.00000000000000000, 7.500000000000000000 ) ) ;
#4931 = ORIENTED_EDGE ( 'NONE', *, *, #3750, .T. ) ;
#4932 = ORIENTED_EDGE ( 'NONE', *, *, #6894, .T. ) ;
#4933 = CARTESIAN_POINT ( 'NONE',  ( 1.000000000000001998, -9.750000000000000000, 7.249999999999999112 ) ) ;
#4934 = EDGE_CURVE ( 'NONE', #4604, #5725, #5946, .T. ) ;
#4935 = CARTESIAN_POINT ( 'NONE',  ( -32.50000000000000000, -25.00000000000000711, -120.0000000000000000 ) ) ;
#4936 = ORIENTED_EDGE ( 'NONE', *, *, #7114, .F. ) ;
#4937 = ORIENTED_EDGE ( 'NONE', *, *, #4570, .F. ) ;
#4938 = DIRECTION ( 'NONE',  ( -0.000000000000000000, -0.000000000000000000, 1.000000000000000000 ) ) ;
#4939 = EDGE_CURVE ( 'NONE', #2460, #3515, #2739, .T. ) ;
#4940 = SHAPE_REPRESENTATION ( 'MTR-HLD_ASM', ( #7948, #3242, #4031, #3376, #7821, #1163, #3503, #1422, #104, #2333, #7421, #7028, #2852, #495, #8073, #5593 ), #3637 ) ;
#4941 = ORIENTED_EDGE ( 'NONE', *, *, #4770, .F. ) ;
#4942 = LINE ( 'NONE', #7433, #1040 ) ;
#4943 = ADVANCED_FACE ( 'NONE', ( #5906 ), #4147, .F. ) ;
#4944 = CARTESIAN_POINT ( 'NONE',  ( 4.000000000000000000, 4.131365146527186596E-15, 3.047499999999998099 ) ) ;
#4945 = ORIENTED_EDGE ( 'NONE', *, *, #1053, .F. ) ;
#4946 = LINE ( 'NONE', #610, #4749 ) ;
#4947 = CARTESIAN_POINT ( 'NONE',  ( 3.000000000000002220, -9.000000000000001776, 7.249999999999999112 ) ) ;
#4948 = CARTESIAN_POINT ( 'NONE',  ( 6.750000000000001776, 4.750000000000000000, -7.249999999999999112 ) ) ;
#4949 = CARTESIAN_POINT ( 'NONE',  ( 1.000000000000001998, 9.000000000000001776, 7.500000000000000000 ) ) ;
#4950 = ADVANCED_FACE ( 'NONE', ( #5216 ), #6598, .T. ) ;
#4951 = ORIENTED_EDGE ( 'NONE', *, *, #4895, .F. ) ;
#4952 = FACE_OUTER_BOUND ( 'NONE', #220, .T. ) ;
#4953 = VECTOR ( 'NONE', #6949, 1000.000000000000000 ) ;
#4954 = ORIENTED_EDGE ( 'NONE', *, *, #3723, .F. ) ;
#4955 = CARTESIAN_POINT ( 'NONE',  ( -15.00000000000000000, -2.500000000000002665, 3.000000000000004441 ) ) ;
#4956 = CARTESIAN_POINT ( 'NONE',  ( 38.00000000000000000, 37.99999999999999289, -120.0000000000000000 ) ) ;
#4957 = DIRECTION ( 'NONE',  ( -0.000000000000000000, 0.000000000000000000, 1.000000000000000000 ) ) ;
#4958 = EDGE_CURVE ( 'NONE', #2073, #2878, #5835, .T. ) ;
#4959 = AXIS2_PLACEMENT_3D ( 'NONE', #2810, #136, #7671 ) ;
#4960 = ORIENTED_EDGE ( 'NONE', *, *, #2502, .F. ) ;
#4961 = CARTESIAN_POINT ( 'NONE',  ( -40.00000000000000711, 39.99999999999999289, -15.00000000000001421 ) ) ;
#4962 = DIRECTION ( 'NONE',  ( -0.000000000000000000, -0.000000000000000000, 1.000000000000000000 ) ) ;
#4963 = CIRCLE ( 'NONE', #7576, 0.2500000000000002220 ) ;
#4964 = FACE_OUTER_BOUND ( 'NONE', #5352, .T. ) ;
#4965 = ORIENTED_EDGE ( 'NONE', *, *, #5019, .F. ) ;
#4966 = CARTESIAN_POINT ( 'NONE',  ( 25.00000000000000000, 2.055000000000000160, 0.000000000000000000 ) ) ;
#4967 = DIRECTION ( 'NONE',  ( 0.000000000000000000, 0.000000000000000000, -1.000000000000000000 ) ) ;
#4968 = DIRECTION ( 'NONE',  ( -0.000000000000000000, -0.000000000000000000, 1.000000000000000000 ) ) ;
#4969 = ORIENTED_EDGE ( 'NONE', *, *, #5309, .F. ) ;
#4970 = ORIENTED_EDGE ( 'NONE', *, *, #2447, .F. ) ;
#4971 = DIRECTION ( 'NONE',  ( 0.000000000000000000, -0.5000000000000011102, -0.8660254037844379305 ) ) ;
#4972 = DIRECTION ( 'NONE',  ( -0.000000000000000000, -0.000000000000000000, 1.000000000000000000 ) ) ;
#4973 = ORIENTED_EDGE ( 'NONE', *, *, #3038, .F. ) ;
#4974 = ORIENTED_EDGE ( 'NONE', *, *, #2950, .T. ) ;
#4975 = PLANE ( 'NONE',  #7536 ) ;
#4976 = VECTOR ( 'NONE', #4089, 1000.000000000000000 ) ;
#4977 = CARTESIAN_POINT ( 'NONE',  ( 3.000000000000000444, 6.000000000000000000, -172.0000000000000000 ) ) ;
#4978 = DIRECTION ( 'NONE',  ( 0.000000000000000000, 0.000000000000000000, 1.000000000000000000 ) ) ;
#4979 = AXIS2_PLACEMENT_3D ( 'NONE', #6214, #7938, #4986 ) ;
#4980 = EDGE_LOOP ( 'NONE', ( #1803, #1664, #922, #4915 ) ) ;
#4981 = FACE_OUTER_BOUND ( 'NONE', #5236, .T. ) ;
#4982 = FACE_BOUND ( 'NONE', #7757, .T. ) ;
#4983 = ORIENTED_EDGE ( 'NONE', *, *, #1406, .F. ) ;
#4984 = DIRECTION ( 'NONE',  ( -0.000000000000000000, 0.000000000000000000, -1.000000000000000000 ) ) ;
#4985 = DIRECTION ( 'NONE',  ( -1.000000000000000000, 0.000000000000000000, 0.000000000000000000 ) ) ;
#4986 = DIRECTION ( 'NONE',  ( 1.000000000000000000, 0.000000000000000000, 0.000000000000000000 ) ) ;
#4987 = CARTESIAN_POINT ( 'NONE',  ( 32.50000000000000711, 32.50000000000000000, -120.0000000000000000 ) ) ;
#4988 = EDGE_CURVE ( 'NONE', #2660, #4897, #365, .T. ) ;
#4989 = ORIENTED_EDGE ( 'NONE', *, *, #236, .T. ) ;
#4990 = CARTESIAN_POINT ( 'NONE',  ( -46.50000000000000000, -15.00000000000000000, -0.5000000000000004441 ) ) ;
#4991 = EDGE_CURVE ( 'NONE', #732, #1280, #249, .T. ) ;
#4992 = DIRECTION ( 'NONE',  ( 1.000000000000000000, 1.665334536937734811E-16, -2.174335527053354561E-17 ) ) ;
#4993 = ORIENTED_EDGE ( 'NONE', *, *, #6135, .F. ) ;
#4994 = PLANE ( 'NONE',  #2543 ) ;
#4995 = DIRECTION ( 'NONE',  ( 1.000000000000000000, 0.000000000000000000, 0.000000000000000000 ) ) ;
#4996 = LINE ( 'NONE', #1905, #2148 ) ;
#4997 = AXIS2_PLACEMENT_3D ( 'NONE', #2063, #4477, #2027 ) ;
#4998 = AXIS2_PLACEMENT_3D ( 'NONE', #7303, #1707, #4278 ) ;
#4999 = EDGE_CURVE ( 'NONE', #1713, #345, #4110, .T. ) ;
#5000 = VECTOR ( 'NONE', #3094, 1000.000000000000000 ) ;
#5001 = EDGE_CURVE ( 'NONE', #6533, #3431, #5439, .T. ) ;
#5002 = VERTEX_POINT ( 'NONE', #327 ) ;
#5003 = EDGE_CURVE ( 'NONE', #766, #7999, #2837, .T. ) ;
#5004 = AXIS2_PLACEMENT_3D ( 'NONE', #5671, #7510, #2596 ) ;
#5005 = CIRCLE ( 'NONE', #6049, 24.99999999999999645 ) ;
#5006 = CARTESIAN_POINT ( 'NONE',  ( 4.000000000000000000, 0.000000000000000000, 3.047500000000000764 ) ) ;
#5007 = ADVANCED_FACE ( 'NONE', ( #3486 ), #1521, .F. ) ;
#5008 = CIRCLE ( 'NONE', #3696, 3.000000000000004441 ) ;
#5009 = CARTESIAN_POINT ( 'NONE',  ( 27.77783773436489767, 26.60286862626680815, 0.000000000000000000 ) ) ;
#5010 = AXIS2_PLACEMENT_3D ( 'NONE', #5872, #1621, #2805 ) ;
#5011 = CARTESIAN_POINT ( 'NONE',  ( 36.87500000000000711, -32.50000000000000000, -123.0000000000000000 ) ) ;
#5012 = ORIENTED_EDGE ( 'NONE', *, *, #7396, .F. ) ;
#5013 = DIRECTION ( 'NONE',  ( -1.000000000000000000, 1.224646799147354193E-16, 0.000000000000000000 ) ) ;
#5014 = AXIS2_PLACEMENT_3D ( 'NONE', #3716, #3090, #251 ) ;
#5015 = PLANE ( 'NONE',  #5004 ) ;
#5016 = CARTESIAN_POINT ( 'NONE',  ( 6.750000000000001776, 5.000000000000000000, -7.249999999999999112 ) ) ;
#5017 = MECHANICAL_DESIGN_GEOMETRIC_PRESENTATION_REPRESENTATION (  '', ( #2529 ), #6575 ) ;
#5018 = AXIS2_PLACEMENT_3D ( 'NONE', #3072, #1853, #3688 ) ;
#5019 = EDGE_CURVE ( 'NONE', #1568, #2119, #7862, .T. ) ;
#5020 = VECTOR ( 'NONE', #7704, 1000.000000000000000 ) ;
#5021 = PRODUCT_DEFINITION_SHAPE ( 'NONE', 'NONE',  #5438 ) ;
#5022 = AXIS2_PLACEMENT_3D ( 'NONE', #7785, #6515, #6555 ) ;
#5023 = ORIENTED_EDGE ( 'NONE', *, *, #7147, .F. ) ;
#5024 = VERTEX_POINT ( 'NONE', #2757 ) ;
#5025 = CARTESIAN_POINT ( 'NONE',  ( 2.500000000000000000, 1.178949249685212974, -2.042000000000001148 ) ) ;
#5026 = DIRECTION ( 'NONE',  ( -0.000000000000000000, -0.000000000000000000, 1.000000000000000000 ) ) ;
#5027 = ORIENTED_EDGE ( 'NONE', *, *, #6332, .T. ) ;
#5028 = ORIENTED_EDGE ( 'NONE', *, *, #7456, .F. ) ;
#5029 = CARTESIAN_POINT ( 'NONE',  ( 3.896446609406730488, 4.896446609406726047, 7.500000000000000000 ) ) ;
#5030 = AXIS2_PLACEMENT_3D ( 'NONE', #8010, #6159, #4978 ) ;
#5031 = LINE ( 'NONE', #1430, #2012 ) ;
#5032 = UNCERTAINTY_MEASURE_WITH_UNIT (LENGTH_MEASURE( 1.000000000000000082E-05 ), #5365, 'distance_accuracy_value', 'NONE');
#5033 = ORIENTED_EDGE ( 'NONE', *, *, #6700, .F. ) ;
#5034 = EDGE_CURVE ( 'NONE', #3830, #2393, #5255, .T. ) ;
#5035 = DIRECTION ( 'NONE',  ( -1.000000000000000000, 0.000000000000000000, 0.000000000000000000 ) ) ;
#5036 = DIRECTION ( 'NONE',  ( 1.734723475976806848E-16, -1.000000000000000000, 1.734723475976806848E-16 ) ) ;
#5037 = EDGE_LOOP ( 'NONE', ( #4327, #5955, #2581, #6781 ) ) ;
#5038 = CARTESIAN_POINT ( 'NONE',  ( 6.750000000000001776, 4.750000000000000000, 7.249999999999999112 ) ) ;
#5039 = CYLINDRICAL_SURFACE ( 'NONE', #1022, 4.000000000000003553 ) ;
#5040 = VERTEX_POINT ( 'NONE', #4023 ) ;
#5041 = DIRECTION ( 'NONE',  ( 0.000000000000000000, 1.000000000000000000, 0.000000000000000000 ) ) ;
#5042 = SHAPE_REPRESENTATION_RELATIONSHIP ( 'NONE' , 'NONE' ,  #3269, #7322 ) ;
#5043 = EDGE_LOOP ( 'NONE', ( #6825, #224, #3810, #1796 ) ) ;
#5044 = LINE ( 'NONE', #2094, #2416 ) ;
#5045 = ADVANCED_FACE ( 'NONE', ( #6514 ), #914, .F. ) ;
#5046 = DIRECTION ( 'NONE',  ( 1.000000000000000000, 0.000000000000000000, 0.000000000000000000 ) ) ;
#5047 = DIRECTION ( 'NONE',  ( -1.000000000000000000, 0.000000000000000000, 0.000000000000000000 ) ) ;
#5048 = VECTOR ( 'NONE', #1491, 1000.000000000000000 ) ;
#5049 = ORIENTED_EDGE ( 'NONE', *, *, #2298, .T. ) ;
#5050 = CARTESIAN_POINT ( 'NONE',  ( 8.000000000000000000, 6.500000000000000000, 0.000000000000000000 ) ) ;
#5051 = ADVANCED_FACE ( 'NONE', ( #4952 ), #741, .F. ) ;
#5052 = DIRECTION ( 'NONE',  ( -1.000000000000000000, -9.251858538542963939E-16, 0.000000000000000000 ) ) ;
#5053 = EDGE_CURVE ( 'NONE', #1906, #756, #7658, .T. ) ;
#5054 = CARTESIAN_POINT ( 'NONE',  ( -27.48053287425020841, 26.92730318665038070, 0.000000000000000000 ) ) ;
#5055 = AXIS2_PLACEMENT_3D ( 'NONE', #1440, #237, #822 ) ;
#5056 = EDGE_LOOP ( 'NONE', ( #3596, #6508 ) ) ;
#5057 = DIRECTION ( 'NONE',  ( 0.000000000000000000, -1.000000000000000000, 0.000000000000000000 ) ) ;
#5058 = CARTESIAN_POINT ( 'NONE',  ( -25.00000000000000711, -32.50000000000000000, -115.0000000000000000 ) ) ;
#5059 = CARTESIAN_POINT ( 'NONE',  ( 25.00000000000000000, 2.516649172247811061E-16, -2.055000000000000160 ) ) ;
#5060 = ADVANCED_FACE ( 'NONE', ( #408 ), #3685, .T. ) ;
#5061 = EDGE_CURVE ( 'NONE', #6202, #6450, #1120, .T. ) ;
#5062 = VECTOR ( 'NONE', #8089, 1000.000000000000000 ) ;
#5063 = ORIENTED_EDGE ( 'NONE', *, *, #2853, .T. ) ;
#5064 = ORIENTED_EDGE ( 'NONE', *, *, #2251, .F. ) ;
#5065 = CYLINDRICAL_SURFACE ( 'NONE', #429, 1.000000000000000000 ) ;
#5066 = ORIENTED_EDGE ( 'NONE', *, *, #6606, .F. ) ;
#5067 = VERTEX_POINT ( 'NONE', #3568 ) ;
#5068 = CYLINDRICAL_SURFACE ( 'NONE', #4153, 1.000000000000000000 ) ;
#5069 = CYLINDRICAL_SURFACE ( 'NONE', #3828, 7.500000000000000000 ) ;
#5070 = EDGE_CURVE ( 'NONE', #4076, #599, #4227, .T. ) ;
#5071 = ORIENTED_EDGE ( 'NONE', *, *, #192, .F. ) ;
#5072 = DIRECTION ( 'NONE',  ( 0.000000000000000000, 0.000000000000000000, 1.000000000000000000 ) ) ;
#5073 = CARTESIAN_POINT ( 'NONE',  ( 45.00000000000000711, 29.99999999999999289, 7.500000000000000000 ) ) ;
#5074 = EDGE_LOOP ( 'NONE', ( #6607, #3016, #3817, #5335 ) ) ;
#5075 = AXIS2_PLACEMENT_3D ( 'NONE', #4949, #4339, #486 ) ;
#5076 = DIRECTION ( 'NONE',  ( -0.000000000000000000, -0.000000000000000000, 1.000000000000000000 ) ) ;
#5077 = CARTESIAN_POINT ( 'NONE',  ( 6.750000000000001776, -4.750000000000000000, -7.500000000000000000 ) ) ;
#5078 = CARTESIAN_POINT ( 'NONE',  ( 1.979845658621553928E-15, 9.000000000000001776, 7.249999999999999112 ) ) ;
#5079 = ORIENTED_EDGE ( 'NONE', *, *, #7695, .F. ) ;
#5080 = DIRECTION ( 'NONE',  ( -0.000000000000000000, -0.000000000000000000, 1.000000000000000000 ) ) ;
#5081 = EDGE_LOOP ( 'NONE', ( #2969, #3400, #3992, #1757 ) ) ;
#5082 = CARTESIAN_POINT ( 'NONE',  ( 39.99999999999998579, 15.00000000000000000, -15.50000000000000178 ) ) ;
#5083 = ORIENTED_EDGE ( 'NONE', *, *, #3128, .T. ) ;
#5084 = LINE ( 'NONE', #6473, #2680 ) ;
#5085 = CARTESIAN_POINT ( 'NONE',  ( 27.48053287425020841, 26.92730318665038070, -120.0000000000000000 ) ) ;
#5086 = DIRECTION ( 'NONE',  ( 0.000000000000000000, -0.4999999999999992784, 0.8660254037844390407 ) ) ;
#5087 = ORIENTED_EDGE ( 'NONE', *, *, #4108, .T. ) ;
#5088 = CIRCLE ( 'NONE', #5227, 3.749999999999999112 ) ;
#5089 = EDGE_CURVE ( 'NONE', #7963, #5743, #7270, .T. ) ;
#5090 = CARTESIAN_POINT ( 'NONE',  ( -32.50000000000000711, -32.50000000000000000, 0.000000000000000000 ) ) ;
#5091 = DIRECTION ( 'NONE',  ( 0.000000000000000000, 0.000000000000000000, 1.000000000000000000 ) ) ;
#5092 = DIRECTION ( 'NONE',  ( -0.000000000000000000, -0.000000000000000000, 1.000000000000000000 ) ) ;
#5093 = ORIENTED_EDGE ( 'NONE', *, *, #6257, .T. ) ;
#5094 = CARTESIAN_POINT ( 'NONE',  ( -29.99999999999998579, 32.50000000000000000, -130.0000000000000000 ) ) ;
#5095 = DIRECTION ( 'NONE',  ( 1.000000000000000000, 0.000000000000000000, 0.000000000000000000 ) ) ;
#5096 = VECTOR ( 'NONE', #1056, 1000.000000000000000 ) ;
#5097 = DIRECTION ( 'NONE',  ( 0.7071067811865489050, 0.000000000000000000, -0.7071067811865460184 ) ) ;
#5098 = EDGE_CURVE ( 'NONE', #345, #3770, #2914, .T. ) ;
#5099 = AXIS2_PLACEMENT_3D ( 'NONE', #3819, #3205, #3658 ) ;
#5100 = ADVANCED_FACE ( 'NONE', ( #5453 ), #5533, .T. ) ;
#5101 = EDGE_LOOP ( 'NONE', ( #5023, #5174, #2302, #182, #2402 ) ) ;
#5102 = ORIENTED_EDGE ( 'NONE', *, *, #80, .F. ) ;
#5103 = CARTESIAN_POINT ( 'NONE',  ( -28.12499999999999289, 32.50000000000000000, -120.0000000000000000 ) ) ;
#5104 = ADVANCED_FACE ( 'NONE', ( #7446 ), #6746, .T. ) ;
#5105 = ORIENTED_EDGE ( 'NONE', *, *, #1705, .F. ) ;
#5106 = ORIENTED_EDGE ( 'NONE', *, *, #1456, .F. ) ;
#5107 = CARTESIAN_POINT ( 'NONE',  ( 0.000000000000000000, 0.000000000000000000, -130.0000000000000000 ) ) ;
#5108 = CARTESIAN_POINT ( 'NONE',  ( 35.00000000000001421, -32.50000000000000000, -123.0000000000000000 ) ) ;
#5109 = AXIS2_PLACEMENT_3D ( 'NONE', #1029, #8021, #7977 ) ;
#5110 = ORIENTED_EDGE ( 'NONE', *, *, #4315, .T. ) ;
#5111 = EDGE_CURVE ( 'NONE', #7360, #2767, #2431, .T. ) ;
#5112 = CARTESIAN_POINT ( 'NONE',  ( 35.00000000000000000, -32.50000000000000000, -8.500000000000000000 ) ) ;
#5113 = ADVANCED_FACE ( 'NONE', ( #7943 ), #2990, .F. ) ;
#5114 = CARTESIAN_POINT ( 'NONE',  ( -40.00000000000000711, 39.99999999999999289, -115.0000000000000142 ) ) ;
#5115 = AXIS2_PLACEMENT_3D ( 'NONE', #5366, #986, #1652 ) ;
#5116 = VERTEX_POINT ( 'NONE', #5571 ) ;
#5117 = DIRECTION ( 'NONE',  ( 0.000000000000000000, 0.000000000000000000, -1.000000000000000000 ) ) ;
#5118 = DIRECTION ( 'NONE',  ( -0.000000000000000000, -0.000000000000000000, 1.000000000000000000 ) ) ;
#5119 = FACE_OUTER_BOUND ( 'NONE', #1595, .T. ) ;
#5120 = VECTOR ( 'NONE', #737, 1000.000000000000000 ) ;
#5121 = CLOSED_SHELL ( 'NONE', ( #3553, #911, #86, #2996, #1018, #2015, #6724, #2349, #1646, #4506, #7202, #7655, #189, #2156, #4750, #94, #939, #1658, #3498, #4445, #3097, #4165, #2202, #3200, #436, #7181, #5319, #7441, #5449, #3807, #7010, #7960, #195, #3799, #6702, #6752, #7407, #3302, #2756, #5100, #5625, #4216, #4021, #5808, #1503, #6392, #6680, #752, #2359, #7848, #3304, #7800, #380, #4864, #3600, #1363, #2488, #1258, #2605, #1393, #7413, #5060, #3594, #1313, #5113, #900, #1666, #2030, #1624, #3805, #3706, #1736, #3897, #2201, #5493, #7940, #6105, #698, #6626, #3650, #796, #88, #3919, #3050, #7708, #6353, #2866, #1662, #4602, #7997, #2806, #5168, #1763, #338, #6734, #5104, #6797, #7547, #2172, #5351, #4304, #2223, #8002, #4365, #5161, #4255, #211, #2254, #5402, #5486, #855, #5693, #5905, #131, #3236 ) ) ;
#5122 = EDGE_CURVE ( 'NONE', #7605, #448, #3220, .T. ) ;
#5123 = VERTEX_POINT ( 'NONE', #3648 ) ;
#5124 = FACE_OUTER_BOUND ( 'NONE', #5444, .T. ) ;
#5125 = VERTEX_POINT ( 'NONE', #7907 ) ;
#5126 = ORIENTED_EDGE ( 'NONE', *, *, #4958, .F. ) ;
#5127 = CARTESIAN_POINT ( 'NONE',  ( 2.500000000000000000, 1.178949249685212974, -2.042000000000001148 ) ) ;
#5128 = LINE ( 'NONE', #3895, #2388 ) ;
#5129 = CARTESIAN_POINT ( 'NONE',  ( 40.00000000000000000, 39.99999999999999289, -130.0000000000000000 ) ) ;
#5130 = EDGE_LOOP ( 'NONE', ( #2607, #6810 ) ) ;
#5131 = DIRECTION ( 'NONE',  ( -1.000000000000000000, 0.000000000000000000, 0.000000000000000000 ) ) ;
#5132 = EDGE_CURVE ( 'NONE', #4198, #2894, #4839, .T. ) ;
#5133 = CIRCLE ( 'NONE', #6561, 2.500000000000009326 ) ;
#5134 = CIRCLE ( 'NONE', #5272, 0.7500000000000002220 ) ;
#5135 = LINE ( 'NONE', #4439, #1096 ) ;
#5136 = VERTEX_POINT ( 'NONE', #1733 ) ;
#5137 = CARTESIAN_POINT ( 'NONE',  ( -2.902061212005444535, 9.569728360619588869, -141.2145169608407400 ) ) ;
#5138 = DIRECTION ( 'NONE',  ( 1.000000000000000000, 0.000000000000000000, 0.000000000000000000 ) ) ;
#5139 = AXIS2_PLACEMENT_3D ( 'NONE', #4902, #1718, #4212 ) ;
#5140 = DIRECTION ( 'NONE',  ( 1.000000000000000000, 0.000000000000000000, 0.000000000000000000 ) ) ;
#5141 = EDGE_CURVE ( 'NONE', #3392, #2567, #5321, .T. ) ;
#5142 = CIRCLE ( 'NONE', #5274, 2.055000000000000160 ) ;
#5143 = VECTOR ( 'NONE', #2727, 1000.000000000000000 ) ;
#5144 = CIRCLE ( 'NONE', #7091, 3.000000000000004441 ) ;
#5145 = AXIS2_PLACEMENT_3D ( 'NONE', #1584, #6569, #969 ) ;
#5146 = EDGE_LOOP ( 'NONE', ( #7283, #2621, #5682, #6542 ) ) ;
#5147 = ORIENTED_EDGE ( 'NONE', *, *, #3901, .F. ) ;
#5148 = PLANE ( 'NONE',  #4312 ) ;
#5149 = PRESENTATION_LAYER_ASSIGNMENT (  '', '', ( #562 ) ) ;
#5150 = ORIENTED_EDGE ( 'NONE', *, *, #4030, .T. ) ;
#5151 = VERTEX_POINT ( 'NONE', #1847 ) ;
#5152 = FACE_BOUND ( 'NONE', #45, .T. ) ;
#5153 = VECTOR ( 'NONE', #1617, 1000.000000000000000 ) ;
#5154 = DIRECTION ( 'NONE',  ( -1.000000000000000000, 0.000000000000000000, -0.000000000000000000 ) ) ;
#5155 = AXIS2_PLACEMENT_3D ( 'NONE', #2972, #5390, #4324 ) ;
#5156 = EDGE_CURVE ( 'NONE', #555, #6833, #6836, .T. ) ;
#5157 = EDGE_CURVE ( 'NONE', #4082, #4584, #529, .T. ) ;
#5158 = EDGE_LOOP ( 'NONE', ( #1830, #3207, #2051, #7294 ) ) ;
#5159 = VECTOR ( 'NONE', #718, 1000.000000000000000 ) ;
#5160 = CARTESIAN_POINT ( 'NONE',  ( 0.000000000000000000, 0.000000000000000000, -8.500000000000000000 ) ) ;
#5161 = ADVANCED_FACE ( 'NONE', ( #2021 ), #4516, .T. ) ;
#5162 = CARTESIAN_POINT ( 'NONE',  ( -3.000000000000000444, 6.000000000000000000, -172.0000000000000000 ) ) ;
#5163 = EDGE_LOOP ( 'NONE', ( #3524, #3411, #7831, #6521 ) ) ;
#5164 = LINE ( 'NONE', #4162, #4597 ) ;
#5165 = CARTESIAN_POINT ( 'NONE',  ( 33.49999999999998579, 15.00000000000000000, -0.5000000000000004441 ) ) ;
#5166 = EDGE_CURVE ( 'NONE', #555, #713, #3811, .T. ) ;
#5167 = DIRECTION ( 'NONE',  ( 1.000000000000000000, 0.000000000000000000, 0.000000000000000000 ) ) ;
#5168 = ADVANCED_FACE ( 'NONE', ( #5124 ), #4554, .T. ) ;
#5169 = EDGE_CURVE ( 'NONE', #4635, #7391, #7007, .T. ) ;
#5170 = VERTEX_POINT ( 'NONE', #1899 ) ;
#5171 = VECTOR ( 'NONE', #3235, 1000.000000000000000 ) ;
#5172 = CARTESIAN_POINT ( 'NONE',  ( 0.000000000000000000, 3.518949890710767470, -4.553649124439118623E-15 ) ) ;
#5173 = ORIENTED_EDGE ( 'NONE', *, *, #3426, .F. ) ;
#5174 = ORIENTED_EDGE ( 'NONE', *, *, #4767, .T. ) ;
#5175 = PLANE ( 'NONE',  #2034 ) ;
#5176 = CARTESIAN_POINT ( 'NONE',  ( 30.00000000000002132, 32.50000000000000711, 7.500000000000000888 ) ) ;
#5177 = CARTESIAN_POINT ( 'NONE',  ( 4.653657836759939574E-15, 6.000000000000000000, -142.0000000000000284 ) ) ;
#5178 = EDGE_CURVE ( 'NONE', #5904, #4737, #3617, .T. ) ;
#5179 = ORIENTED_EDGE ( 'NONE', *, *, #3333, .F. ) ;
#5180 = CARTESIAN_POINT ( 'NONE',  ( -45.00000000000000000, 39.99999999999999289, 7.500000000000000000 ) ) ;
#5181 = DIRECTION ( 'NONE',  ( 0.000000000000000000, -0.4999999999999992784, 0.8660254037844390407 ) ) ;
#5182 = ORIENTED_EDGE ( 'NONE', *, *, #5754, .T. ) ;
#5183 = CARTESIAN_POINT ( 'NONE',  ( -1.983380768195833088, 9.802358452333862715, -139.7406922264937066 ) ) ;
#5184 = LINE ( 'NONE', #6272, #1745 ) ;
#5185 = CARTESIAN_POINT ( 'NONE',  ( 37.99999999999999289, -38.00000000000000711, -130.0000000000000000 ) ) ;
#5186 = AXIS2_PLACEMENT_3D ( 'NONE', #5430, #7271, #3116 ) ;
#5187 = VECTOR ( 'NONE', #2622, 1000.000000000000000 ) ;
#5188 = ORIENTED_EDGE ( 'NONE', *, *, #4069, .T. ) ;
#5189 = ORIENTED_EDGE ( 'NONE', *, *, #3259, .T. ) ;
#5190 = DIRECTION ( 'NONE',  ( -9.251858538542975772E-16, 1.000000000000000000, 0.000000000000000000 ) ) ;
#5191 = DIRECTION ( 'NONE',  ( 1.000000000000000000, 0.000000000000000000, 0.000000000000000000 ) ) ;
#5192 = ORIENTED_EDGE ( 'NONE', *, *, #2640, .T. ) ;
#5193 = VERTEX_POINT ( 'NONE', #3271 ) ;
#5194 = FACE_OUTER_BOUND ( 'NONE', #6897, .T. ) ;
#5195 =( REPRESENTATION_RELATIONSHIP ('NONE','NONE', #4940, #5518 ) REPRESENTATION_RELATIONSHIP_WITH_TRANSFORMATION ( #534 )SHAPE_REPRESENTATION_RELATIONSHIP( ) );
#5196 = LINE ( 'NONE', #7223, #5923 ) ;
#5197 = AXIS2_PLACEMENT_3D ( 'NONE', #5107, #17, #6866 ) ;
#5198 = ORIENTED_EDGE ( 'NONE', *, *, #4315, .F. ) ;
#5199 = EDGE_CURVE ( 'NONE', #4577, #4608, #2315, .T. ) ;
#5200 = DIRECTION ( 'NONE',  ( 1.000000000000000000, 0.000000000000000000, 0.000000000000000000 ) ) ;
#5201 = DIRECTION ( 'NONE',  ( 1.000000000000000000, 0.000000000000000000, 0.000000000000000000 ) ) ;
#5202 = EDGE_LOOP ( 'NONE', ( #439, #3999, #6583, #4049 ) ) ;
#5203 = LINE ( 'NONE', #3925, #4195 ) ;
#5204 = DIRECTION ( 'NONE',  ( -1.000000000000000000, 0.000000000000000000, -0.000000000000000000 ) ) ;
#5205 = CONTEXT_DEPENDENT_SHAPE_REPRESENTATION ( #6274, #6908 ) ;
#5206 = EDGE_LOOP ( 'NONE', ( #8027, #1963, #5799, #1984 ) ) ;
#5207 = DIRECTION ( 'NONE',  ( -2.407412430484044543E-32, 1.734723475976806848E-16, 1.000000000000000000 ) ) ;
#5208 = EDGE_CURVE ( 'NONE', #5386, #1906, #3734, .T. ) ;
#5209 = EDGE_LOOP ( 'NONE', ( #2362, #1694, #230, #6017 ) ) ;
#5210 = DIRECTION ( 'NONE',  ( 0.7071067811865469066, 0.000000000000000000, -0.7071067811865482389 ) ) ;
#5211 = CARTESIAN_POINT ( 'NONE',  ( 2.602085213965210642E-15, 4.898587196589411843E-16, 3.999999999999998224 ) ) ;
#5212 = CARTESIAN_POINT ( 'NONE',  ( 2.500000000000000000, 2.357898499370432166, -1.951563910473907981E-15 ) ) ;
#5213 = DIRECTION ( 'NONE',  ( -1.000000000000000000, 0.000000000000000000, 0.000000000000000000 ) ) ;
#5215 = ORIENTED_EDGE ( 'NONE', *, *, #5706, .T. ) ;
#5214 =( BOUNDED_CURVE ( )  B_SPLINE_CURVE ( 3, ( #5683, #5029, #7519, #6204 ),
 .UNSPECIFIED., .F., .F. ) 
 B_SPLINE_CURVE_WITH_KNOTS ( ( 4, 4 ),
 ( 1.570796326794896558, 3.141592653589793116 ),
 .UNSPECIFIED. ) 
 CURVE ( )  GEOMETRIC_REPRESENTATION_ITEM ( )  RATIONAL_B_SPLINE_CURVE ( ( 1.000000000000000000, 0.8047378541243649375, 0.8047378541243649375, 1.000000000000000000 ) ) 
 REPRESENTATION_ITEM ( '' )  );
#5216 = FACE_OUTER_BOUND ( 'NONE', #4678, .T. ) ;
#5217 = EDGE_CURVE ( 'NONE', #1480, #1155, #74, .T. ) ;
#5218 = DIRECTION ( 'NONE',  ( -1.000000000000000000, -0.000000000000000000, -0.000000000000000000 ) ) ;
#5219 = CARTESIAN_POINT ( 'NONE',  ( 40.00000000000000000, 39.99999999999999289, 0.000000000000000000 ) ) ;
#5220 = EDGE_LOOP ( 'NONE', ( #5126, #4941, #6173, #619, #5559, #6082 ) ) ;
#5221 = CARTESIAN_POINT ( 'NONE',  ( -0.1968026096072664488, 10.00000000000000178, -139.0000000000000000 ) ) ;
#5222 = CARTESIAN_POINT ( 'NONE',  ( 25.00000000000000711, -32.50000000000000000, -120.0000000000000000 ) ) ;
#5223 = EDGE_CURVE ( 'NONE', #7518, #2072, #6219, .T. ) ;
#5224 = ORIENTED_EDGE ( 'NONE', *, *, #2732, .T. ) ;
#5225 = EDGE_LOOP ( 'NONE', ( #568, #2499 ) ) ;
#5226 = DIRECTION ( 'NONE',  ( 0.000000000000000000, 0.000000000000000000, 1.000000000000000000 ) ) ;
#5227 = AXIS2_PLACEMENT_3D ( 'NONE', #7766, #7804, #3469 ) ;
#5228 = CARTESIAN_POINT ( 'NONE',  ( 32.50000000000001421, -32.50000000000000000, 7.500000000000000888 ) ) ;
#5229 = ORIENTED_EDGE ( 'NONE', *, *, #7781, .F. ) ;
#5230 = ORIENTED_EDGE ( 'NONE', *, *, #384, .F. ) ;
#5231 = DIRECTION ( 'NONE',  ( -0.000000000000000000, -0.000000000000000000, 1.000000000000000000 ) ) ;
#5232 = CARTESIAN_POINT ( 'NONE',  ( 2.500000000000004441, -1.877893248421448740E-15, -2.042000000000000259 ) ) ;
#5233 = CIRCLE ( 'NONE', #506, 6.500000000000000000 ) ;
#5234 = ORIENTED_EDGE ( 'NONE', *, *, #4155, .T. ) ;
#5235 = DIRECTION ( 'NONE',  ( 0.000000000000000000, -0.000000000000000000, -1.000000000000000000 ) ) ;
#5236 = EDGE_LOOP ( 'NONE', ( #5033, #3679, #6203, #7610 ) ) ;
#5237 = VECTOR ( 'NONE', #4962, 1000.000000000000000 ) ;
#5238 = PLANE ( 'NONE',  #3148 ) ;
#5239 = SHAPE_REPRESENTATION_RELATIONSHIP ( 'NONE' , 'NONE' ,  #3850, #2544 ) ;
#5240 = EDGE_CURVE ( 'NONE', #3373, #7508, #1976, .T. ) ;
#5241 = EDGE_LOOP ( 'NONE', ( #2178, #7850, #2929, #3344, #6486 ) ) ;
#5242 = CARTESIAN_POINT ( 'NONE',  ( -33.50000000000001421, 15.00000000000000000, -0.5000000000000004441 ) ) ;
#5243 = DIRECTION ( 'NONE',  ( 1.000000000000000000, 0.000000000000000000, 0.000000000000000000 ) ) ;
#5244 = ORIENTED_EDGE ( 'NONE', *, *, #5253, .F. ) ;
#5245 = SHAPE_DEFINITION_REPRESENTATION ( #1748, #3850 ) ;
#5246 = VERTEX_POINT ( 'NONE', #6258 ) ;
#5247 = DIRECTION ( 'NONE',  ( 0.000000000000000000, 0.000000000000000000, 1.000000000000000000 ) ) ;
#5248 = LINE ( 'NONE', #5897, #2648 ) ;
#5249 = CARTESIAN_POINT ( 'NONE',  ( 8.000000000000000000, 0.000000000000000000, 6.500000000000000000 ) ) ;
#5250 = CIRCLE ( 'NONE', #395, 3.999999999999998224 ) ;
#5251 = ORIENTED_EDGE ( 'NONE', *, *, #2600, .F. ) ;
#5252 = ORIENTED_EDGE ( 'NONE', *, *, #1596, .F. ) ;
#5253 = EDGE_CURVE ( 'NONE', #917, #349, #4009, .T. ) ;
#5254 = VECTOR ( 'NONE', #27, 1000.000000000000000 ) ;
#5255 = LINE ( 'NONE', #7738, #6880 ) ;
#5256 = CARTESIAN_POINT ( 'NONE',  ( 10.00000000000000000, 0.000000000000000000, -170.0000000000000853 ) ) ;
#5257 = CARTESIAN_POINT ( 'NONE',  ( 3.896446609406730488, 4.896446609406726047, -7.500000000000000000 ) ) ;
#5258 = EDGE_LOOP ( 'NONE', ( #1432, #7280 ) ) ;
#5259 = DIRECTION ( 'NONE',  ( 0.000000000000000000, -0.000000000000000000, -1.000000000000000000 ) ) ;
#5260 = EDGE_CURVE ( 'NONE', #7427, #2164, #1927, .T. ) ;
#5261 = DIRECTION ( 'NONE',  ( 0.000000000000000000, -1.000000000000000000, 0.000000000000000000 ) ) ;
#5262 = EDGE_CURVE ( 'NONE', #106, #2868, #3150, .T. ) ;
#5263 = EDGE_CURVE ( 'NONE', #2894, #7885, #6344, .T. ) ;
#5264 = ORIENTED_EDGE ( 'NONE', *, *, #3406, .T. ) ;
#5265 = VERTEX_POINT ( 'NONE', #3231 ) ;
#5266 = DIRECTION ( 'NONE',  ( 1.328854294458928937E-16, 0.7071067811865451302, 0.7071067811865500152 ) ) ;
#5267 = DIRECTION ( 'NONE',  ( 0.000000000000000000, 1.000000000000000000, -0.000000000000000000 ) ) ;
#5268 = ORIENTED_EDGE ( 'NONE', *, *, #7944, .T. ) ;
#5269 = CARTESIAN_POINT ( 'NONE',  ( -40.00000000000000711, 25.00000000000000000, -15.00000000000001421 ) ) ;
#5270 = DIRECTION ( 'NONE',  ( 0.000000000000000000, 0.000000000000000000, 1.000000000000000000 ) ) ;
#5271 = AXIS2_PLACEMENT_3D ( 'NONE', #3328, #6963, #1446 ) ;
#5272 = AXIS2_PLACEMENT_3D ( 'NONE', #6780, #447, #6666 ) ;
#5273 = VECTOR ( 'NONE', #7269, 1000.000000000000000 ) ;
#5274 = AXIS2_PLACEMENT_3D ( 'NONE', #3139, #4507, #6290 ) ;
#5275 = VERTEX_POINT ( 'NONE', #617 ) ;
#5276 = FACE_BOUND ( 'NONE', #7967, .T. ) ;
#5277 = ORIENTED_EDGE ( 'NONE', *, *, #2951, .F. ) ;
#5278 = AXIS2_PLACEMENT_3D ( 'NONE', #255, #5913, #2763 ) ;
#5279 = DIRECTION ( 'NONE',  ( 0.000000000000000000, 0.000000000000000000, 1.000000000000000000 ) ) ;
#5280 = CARTESIAN_POINT ( 'NONE',  ( 0.000000000000000000, 4.592425496802572986E-16, 3.749999999999999112 ) ) ;
#5281 = AXIS2_PLACEMENT_3D ( 'NONE', #7130, #954, #2269 ) ;
#5282 = ADVANCED_FACE ( 'NONE', ( #75 ), #5651, .F. ) ;
#5283 = VERTEX_POINT ( 'NONE', #3110 ) ;
#5284 = AXIS2_PLACEMENT_3D ( 'NONE', #5951, #4068, #5259 ) ;
#5285 = DIRECTION ( 'NONE',  ( 0.000000000000000000, 1.000000000000000000, 0.000000000000000000 ) ) ;
#5286 = DIRECTION ( 'NONE',  ( -0.000000000000000000, -0.000000000000000000, 1.000000000000000000 ) ) ;
#5287 = VERTEX_POINT ( 'NONE', #5609 ) ;
#5288 = DIRECTION ( 'NONE',  ( 0.000000000000000000, -2.775557561562891351E-17, -1.000000000000000000 ) ) ;
#5289 = VERTEX_POINT ( 'NONE', #4990 ) ;
#5290 = FACE_OUTER_BOUND ( 'NONE', #4664, .T. ) ;
#5291 = DIRECTION ( 'NONE',  ( 0.000000000000000000, 1.000000000000000000, -0.000000000000000000 ) ) ;
#5292 = LINE ( 'NONE', #6394, #2287 ) ;
#5293 = AXIS2_PLACEMENT_3D ( 'NONE', #1224, #5516, #4718 ) ;
#5294 = ORIENTED_EDGE ( 'NONE', *, *, #6742, .F. ) ;
#5295 = DIRECTION ( 'NONE',  ( 0.000000000000000000, -0.4999999999999990563, 0.8660254037844391517 ) ) ;
#5296 = EDGE_CURVE ( 'NONE', #2438, #4026, #7490, .T. ) ;
#5297 = DIRECTION ( 'NONE',  ( 1.000000000000000000, 0.000000000000000000, 0.000000000000000000 ) ) ;
#5298 = DIRECTION ( 'NONE',  ( -0.000000000000000000, -0.000000000000000000, 1.000000000000000000 ) ) ;
#5299 = ORIENTED_EDGE ( 'NONE', *, *, #7163, .T. ) ;
#5300 = CARTESIAN_POINT ( 'NONE',  ( -1.333927715381156842, 9.912329836935617422, -139.3056400697639106 ) ) ;
#5301 = CARTESIAN_POINT ( 'NONE',  ( 55.00000000000002132, -30.00000000000001421, 7.500000000000000000 ) ) ;
#5302 = EDGE_CURVE ( 'NONE', #5151, #2775, #1327, .T. ) ;
#5303 = VERTEX_POINT ( 'NONE', #7118 ) ;
#5304 = LINE ( 'NONE', #7793, #6011 ) ;
#5305 = DIRECTION ( 'NONE',  ( 0.000000000000000000, -0.000000000000000000, -1.000000000000000000 ) ) ;
#5306 = EDGE_CURVE ( 'NONE', #4492, #4737, #7156, .T. ) ;
#5307 = ORIENTED_EDGE ( 'NONE', *, *, #1766, .T. ) ;
#5308 = CYLINDRICAL_SURFACE ( 'NONE', #477, 38.46194077712559789 ) ;
#5309 = EDGE_CURVE ( 'NONE', #7237, #1863, #3361, .T. ) ;
#5310 = DIRECTION ( 'NONE',  ( -1.000000000000000000, 0.000000000000000000, 0.000000000000000000 ) ) ;
#5311 = CIRCLE ( 'NONE', #2177, 10.00000000000000178 ) ;
#5312 = ORIENTED_EDGE ( 'NONE', *, *, #655, .F. ) ;
#5313 = VERTEX_POINT ( 'NONE', #357 ) ;
#5314 = DIRECTION ( 'NONE',  ( -0.000000000000000000, 1.000000000000000000, -0.000000000000000000 ) ) ;
#5315 = DIRECTION ( 'NONE',  ( 0.000000000000000000, 0.000000000000000000, 1.000000000000000000 ) ) ;
#5316 = ORIENTED_EDGE ( 'NONE', *, *, #3447, .T. ) ;
#5317 = EDGE_LOOP ( 'NONE', ( #4951, #3603, #1943, #7674 ) ) ;
#5318 = DIRECTION ( 'NONE',  ( 0.000000000000000000, 0.000000000000000000, -1.000000000000000000 ) ) ;
#5319 = ADVANCED_FACE ( 'NONE', ( #941 ), #1597, .F. ) ;
#5320 = CARTESIAN_POINT ( 'NONE',  ( 0.000000000000000000, 0.000000000000000000, 0.000000000000000000 ) ) ;
#5321 = CIRCLE ( 'NONE', #6616, 3.047500000000000764 ) ;
#5322 = ORIENTED_EDGE ( 'NONE', *, *, #8031, .F. ) ;
#5323 = CIRCLE ( 'NONE', #83, 2.000000000000007105 ) ;
#5324 = CARTESIAN_POINT ( 'NONE',  ( 2.845051011038676858, 9.587067493405761809, -141.0282521034801562 ) ) ;
#5325 = CARTESIAN_POINT ( 'NONE',  ( 0.000000000000000000, 1.178949249685217415, 2.042000000000000259 ) ) ;
#5326 = EDGE_LOOP ( 'NONE', ( #1825, #2601, #1468, #7777 ) ) ;
#5327 = EDGE_LOOP ( 'NONE', ( #6648, #7630, #2047, #5147 ) ) ;
#5328 = CARTESIAN_POINT ( 'NONE',  ( -15.00000000000000000, -2.500000000000002665, 0.000000000000000000 ) ) ;
#5329 = DIRECTION ( 'NONE',  ( -0.000000000000000000, -0.000000000000000000, -1.000000000000000000 ) ) ;
#5330 = DIRECTION ( 'NONE',  ( 1.000000000000000000, 0.000000000000000000, 0.000000000000000000 ) ) ;
#5331 = ORIENTED_EDGE ( 'NONE', *, *, #1605, .T. ) ;
#5332 = DIRECTION ( 'NONE',  ( 1.000000000000000000, 0.000000000000000000, 0.000000000000000000 ) ) ;
#5333 = DIRECTION ( 'NONE',  ( 1.000000000000000000, 0.000000000000000000, 0.000000000000000000 ) ) ;
#5334 = CARTESIAN_POINT ( 'NONE',  ( 2.500000000000000000, -1.178949249685219858, -2.041999999999998927 ) ) ;
#5335 = ORIENTED_EDGE ( 'NONE', *, *, #1312, .F. ) ;
#5336 = CARTESIAN_POINT ( 'NONE',  ( -3.000000000000000444, 7.416198487095789105, -172.0000000000000000 ) ) ;
#5337 = AXIS2_PLACEMENT_3D ( 'NONE', #3268, #2620, #6215 ) ;
#5338 = CYLINDRICAL_SURFACE ( 'NONE', #1933, 2.000000000000001776 ) ;
#5339 = PRODUCT_DEFINITION_FORMATION_WITH_SPECIFIED_SOURCE ( 'ANY', '', #3777, .NOT_KNOWN. ) ;
#5340 = EDGE_LOOP ( 'NONE', ( #4766, #7629, #2354, #771 ) ) ;
#5341 = DIRECTION ( 'NONE',  ( -1.000000000000000000, 0.000000000000000000, 0.000000000000000000 ) ) ;
#5342 = CYLINDRICAL_SURFACE ( 'NONE', #7485, 6.499999999999999112 ) ;
#5343 = EDGE_LOOP ( 'NONE', ( #389, #5600, #4689, #2471 ) ) ;
#5344 = DIRECTION ( 'NONE',  ( -0.000000000000000000, -0.000000000000000000, 1.000000000000000000 ) ) ;
#5345 = DIRECTION ( 'NONE',  ( 1.000000000000000000, 0.000000000000000000, 0.000000000000000000 ) ) ;
#5346 = CARTESIAN_POINT ( 'NONE',  ( -36.00000000000001421, 15.00000000000000000, -8.500000000000000000 ) ) ;
#5347 = ADVANCED_FACE ( 'NONE', ( #2742, #3322 ), #4710, .F. ) ;
#5348 = EDGE_CURVE ( 'NONE', #6694, #2073, #1784, .T. ) ;
#5349 = TOROIDAL_SURFACE ( 'NONE', #1822, 2.700000000000000622, 0.2000000000000000111 ) ;
#5350 = FACE_OUTER_BOUND ( 'NONE', #11, .T. ) ;
#5351 = ADVANCED_FACE ( 'NONE', ( #4753 ), #4096, .T. ) ;
#5352 = EDGE_LOOP ( 'NONE', ( #127, #5915, #1072, #940 ) ) ;
#5353 = ORIENTED_EDGE ( 'NONE', *, *, #1554, .F. ) ;
#5354 = CARTESIAN_POINT ( 'NONE',  ( 3.000000000000003109, 6.000000000000000000, -142.0000000000000284 ) ) ;
#5355 = EDGE_LOOP ( 'NONE', ( #2698, #3793, #5063, #5632 ) ) ;
#5356 = VERTEX_POINT ( 'NONE', #982 ) ;
#5357 = CARTESIAN_POINT ( 'NONE',  ( -32.49999999999999289, 32.50000000000000000, -120.0000000000000000 ) ) ;
#5358 = CIRCLE ( 'NONE', #3525, 10.00000000000000178 ) ;
#5359 = EDGE_CURVE ( 'NONE', #2039, #7266, #7070, .T. ) ;
#5360 = ORIENTED_EDGE ( 'NONE', *, *, #2703, .F. ) ;
#5361 = ADVANCED_FACE ( 'NONE', ( #5821 ), #3871, .T. ) ;
#5362 = CARTESIAN_POINT ( 'NONE',  ( 0.1970492997231609311, 9.999999999999998224, -139.0000000000000000 ) ) ;
#5363 = DIRECTION ( 'NONE',  ( -0.000000000000000000, -0.000000000000000000, 1.000000000000000000 ) ) ;
#5364 = ORIENTED_EDGE ( 'NONE', *, *, #1750, .F. ) ;
#5365 =( LENGTH_UNIT ( ) NAMED_UNIT ( * ) SI_UNIT ( .MILLI., .METRE. ) );
#5366 = CARTESIAN_POINT ( 'NONE',  ( -32.49999999999999289, -32.50000000000000000, 7.500000000000000000 ) ) ;
#5367 = DIRECTION ( 'NONE',  ( -0.000000000000000000, -0.000000000000000000, 1.000000000000000000 ) ) ;
#5368 = CARTESIAN_POINT ( 'NONE',  ( -15.00000000000000000, -2.500000000000002665, -3.000000000000004441 ) ) ;
#5369 = EDGE_CURVE ( 'NONE', #2294, #4890, #1667, .T. ) ;
#5370 = VERTEX_POINT ( 'NONE', #1478 ) ;
#5371 = CARTESIAN_POINT ( 'NONE',  ( 2.500000000000000000, -2.357898499370434386, 3.686287386450715076E-15 ) ) ;
#5372 = CARTESIAN_POINT ( 'NONE',  ( 45.00000000000002132, -30.00000000000001421, 7.500000000000000000 ) ) ;
#5373 = LINE ( 'NONE', #5989, #6176 ) ;
#5374 = ORIENTED_EDGE ( 'NONE', *, *, #6492, .F. ) ;
#5375 = DIRECTION ( 'NONE',  ( 1.000000000000000000, 0.000000000000000000, 0.000000000000000000 ) ) ;
#5376 = DIRECTION ( 'NONE',  ( -0.000000000000000000, 1.000000000000000000, -0.000000000000000000 ) ) ;
#5377 = AXIS2_PLACEMENT_3D ( 'NONE', #5603, #5526, #2454 ) ;
#5378 = AXIS2_PLACEMENT_3D ( 'NONE', #7603, #2014, #1437 ) ;
#5379 = EDGE_CURVE ( 'NONE', #5775, #7310, #5908, .T. ) ;
#5380 = CARTESIAN_POINT ( 'NONE',  ( 15.00000000000000000, 2.499999999999995559, 2.999999999999998668 ) ) ;
#5381 = ORIENTED_EDGE ( 'NONE', *, *, #2476, .T. ) ;
#5382 = DIRECTION ( 'NONE',  ( -1.000000000000000000, 0.000000000000000000, -0.000000000000000000 ) ) ;
#5383 = CYLINDRICAL_SURFACE ( 'NONE', #265, 0.2500000000000002220 ) ;
#5384 = DIRECTION ( 'NONE',  ( -0.000000000000000000, -1.000000000000000000, -0.000000000000000000 ) ) ;
#5385 = CARTESIAN_POINT ( 'NONE',  ( -55.00000000000000000, 39.99999999999999289, 7.500000000000000000 ) ) ;
#5386 = VERTEX_POINT ( 'NONE', #5242 ) ;
#5387 = ORIENTED_EDGE ( 'NONE', *, *, #1565, .T. ) ;
#5388 = LINE ( 'NONE', #6039, #2218 ) ;
#5389 = ADVANCED_FACE ( 'NONE', ( #7727 ), #2175, .T. ) ;
#5390 = DIRECTION ( 'NONE',  ( 0.000000000000000000, -0.8660254037844390407, -0.4999999999999993339 ) ) ;
#5391 = VERTEX_POINT ( 'NONE', #3556 ) ;
#5392 = ORIENTED_EDGE ( 'NONE', *, *, #2988, .F. ) ;
#5393 = VECTOR ( 'NONE', #3815, 1000.000000000000000 ) ;
#5394 = CARTESIAN_POINT ( 'NONE',  ( -32.50000000000000711, 32.50000000000000000, -120.0000000000000000 ) ) ;
#5395 = VECTOR ( 'NONE', #7382, 1000.000000000000000 ) ;
#5396 = CONICAL_SURFACE ( 'NONE', #2912, 2.055000000000000160, 0.7853981633974633780 ) ;
#5397 = VECTOR ( 'NONE', #468, 1000.000000000000000 ) ;
#5398 = EDGE_CURVE ( 'NONE', #3770, #3610, #398, .T. ) ;
#5399 = EDGE_LOOP ( 'NONE', ( #3213, #4214, #609, #5617 ) ) ;
#5400 = VECTOR ( 'NONE', #463, 1000.000000000000000 ) ;
#5401 = VECTOR ( 'NONE', #3702, 1000.000000000000000 ) ;
#5402 = ADVANCED_FACE ( 'NONE', ( #565 ), #6743, .T. ) ;
#5403 = AXIS2_PLACEMENT_3D ( 'NONE', #6404, #7133, #3286 ) ;
#5404 = CARTESIAN_POINT ( 'NONE',  ( 4.000000000000002665, -9.000000000000001776, 7.500000000000000000 ) ) ;
#5405 = DIRECTION ( 'NONE',  ( 0.000000000000000000, 1.000000000000000000, 0.000000000000000000 ) ) ;
#5406 = ORIENTED_EDGE ( 'NONE', *, *, #653, .F. ) ;
#5407 = CARTESIAN_POINT ( 'NONE',  ( 40.00000000000000711, -25.00000000000000000, -115.0000000000000000 ) ) ;
#5408 = DIRECTION ( 'NONE',  ( -1.000000000000000000, 9.251858538542963939E-16, -0.000000000000000000 ) ) ;
#5409 = DIRECTION ( 'NONE',  ( -0.000000000000000000, -0.000000000000000000, 1.000000000000000000 ) ) ;
#5410 = EDGE_CURVE ( 'NONE', #6445, #8082, #7897, .T. ) ;
#5411 = CIRCLE ( 'NONE', #3576, 38.46194077712559789 ) ;
#5412 = DIRECTION ( 'NONE',  ( 1.000000000000000000, 0.000000000000000000, 0.000000000000000000 ) ) ;
#5413 = AXIS2_PLACEMENT_3D ( 'NONE', #3037, #6111, #3000 ) ;
#5414 = TOROIDAL_SURFACE ( 'NONE', #3579, 4.400000000000002132, 0.4000000000000000222 ) ;
#5415 = CIRCLE ( 'NONE', #1106, 6.499999999999999112 ) ;
#5416 = VERTEX_POINT ( 'NONE', #1801 ) ;
#5417 = CARTESIAN_POINT ( 'NONE',  ( 32.50000000000000711, 32.50000000000000711, 7.500000000000000888 ) ) ;
#5418 = CARTESIAN_POINT ( 'NONE',  ( 37.99999999999999289, -38.00000000000000711, -130.0000000000000000 ) ) ;
#5419 = DIRECTION ( 'NONE',  ( 0.000000000000000000, 0.000000000000000000, 1.000000000000000000 ) ) ;
#5420 = ORIENTED_EDGE ( 'NONE', *, *, #8050, .F. ) ;
#5421 = CARTESIAN_POINT ( 'NONE',  ( 40.00000000000000711, 25.00000000000000000, 0.000000000000000000 ) ) ;
#5422 = ADVANCED_FACE ( 'NONE', ( #7281 ), #2374, .F. ) ;
#5423 = ITEM_DEFINED_TRANSFORMATION ( 'NONE', 'NONE', #104,  #5854 ) ;
#5424 = CARTESIAN_POINT ( 'NONE',  ( 0.2500000000000019984, 9.000000000000001776, -7.249999999999999112 ) ) ;
#5425 = LINE ( 'NONE', #2318, #1746 ) ;
#5426 = ORIENTED_EDGE ( 'NONE', *, *, #7196, .F. ) ;
#5427 = CARTESIAN_POINT ( 'NONE',  ( -40.00000000000000711, 25.00000000000000000, -120.0000000000000000 ) ) ;
#5428 = DIRECTION ( 'NONE',  ( -0.000000000000000000, -0.000000000000000000, 1.000000000000000000 ) ) ;
#5429 = DIRECTION ( 'NONE',  ( 0.000000000000000000, 0.000000000000000000, -1.000000000000000000 ) ) ;
#5430 = CARTESIAN_POINT ( 'NONE',  ( -31.74999999999995737, 0.000000000000000000, 0.000000000000000000 ) ) ;
#5431 = ORIENTED_EDGE ( 'NONE', *, *, #4662, .T. ) ;
#5432 = ORIENTED_EDGE ( 'NONE', *, *, #328, .T. ) ;
#5433 = PLANE ( 'NONE',  #6524 ) ;
#5434 = LINE ( 'NONE', #2328, #2668 ) ;
#5435 = EDGE_LOOP ( 'NONE', ( #2725, #2768, #7416, #8076 ) ) ;
#5436 = ORIENTED_EDGE ( 'NONE', *, *, #1000, .F. ) ;
#5437 = CARTESIAN_POINT ( 'NONE',  ( 25.00000000000000000, 0.000000000000000000, 0.000000000000000000 ) ) ;
#5438 = PRODUCT_DEFINITION ( 'UNKNOWN', '', #2459, #3633 ) ;
#5439 = CIRCLE ( 'NONE', #7528, 6.500000000000000000 ) ;
#5440 = ORIENTED_EDGE ( 'NONE', *, *, #44, .F. ) ;
#5441 = CARTESIAN_POINT ( 'NONE',  ( 0.000000000000000000, 0.000000000000000000, -172.0000000000000000 ) ) ;
#5442 = PLANE ( 'NONE',  #953 ) ;
#5443 = VECTOR ( 'NONE', #4385, 1000.000000000000000 ) ;
#5444 = EDGE_LOOP ( 'NONE', ( #2589, #4646, #4865, #7017, #6861, #2145, #1028, #5150 ) ) ;
#5445 = CARTESIAN_POINT ( 'NONE',  ( 0.000000000000000000, -1.178949249685215417, 2.042000000000003812 ) ) ;
#5446 = DIRECTION ( 'NONE',  ( 0.000000000000000000, 0.000000000000000000, 1.000000000000000000 ) ) ;
#5447 = CARTESIAN_POINT ( 'NONE',  ( 25.00000000000000711, -40.00000000000000711, -15.00000000000001421 ) ) ;
#5448 = CARTESIAN_POINT ( 'NONE',  ( -40.00000000000001421, 15.00000000000000000, -0.5000000000000004441 ) ) ;
#5449 = ADVANCED_FACE ( 'NONE', ( #4177 ), #2334, .F. ) ;
#5450 = VERTEX_POINT ( 'NONE', #7319 ) ;
#5451 = CIRCLE ( 'NONE', #1799, 7.499999999999996447 ) ;
#5452 = EDGE_CURVE ( 'NONE', #6769, #2487, #3601, .T. ) ;
#5453 = FACE_OUTER_BOUND ( 'NONE', #5074, .T. ) ;
#5454 = DIRECTION ( 'NONE',  ( 1.000000000000000000, 0.000000000000000000, 0.000000000000000000 ) ) ;
#5455 = DIRECTION ( 'NONE',  ( 1.000000000000000000, -9.251858538542963939E-16, 0.000000000000000000 ) ) ;
#5456 = EDGE_LOOP ( 'NONE', ( #3126, #751, #6328, #298 ) ) ;
#5457 = CARTESIAN_POINT ( 'NONE',  ( 37.99999999999999289, -38.00000000000000711, -120.0000000000000000 ) ) ;
#5458 = CONTEXT_DEPENDENT_SHAPE_REPRESENTATION ( #5195, #5538 ) ;
#5459 = EDGE_CURVE ( 'NONE', #3915, #5986, #5974, .T. ) ;
#5460 = CARTESIAN_POINT ( 'NONE',  ( -28.12500000000000711, -32.50000000000000000, -120.0000000000000000 ) ) ;
#5461 = VERTEX_POINT ( 'NONE', #6162 ) ;
#5462 = CARTESIAN_POINT ( 'NONE',  ( 0.000000000000000000, 1.759474945355379294, -3.047500000000001652 ) ) ;
#5463 = DIRECTION ( 'NONE',  ( -1.000000000000000000, 0.000000000000000000, 0.000000000000000000 ) ) ;
#5464 = DIRECTION ( 'NONE',  ( 0.000000000000000000, 0.000000000000000000, -1.000000000000000000 ) ) ;
#5465 = ADVANCED_FACE ( 'NONE', ( #2981 ), #4795, .T. ) ;
#5466 = PRODUCT_DEFINITION_SHAPE ( 'NONE', 'NONE',  #8107 ) ;
#5467 = ORIENTED_EDGE ( 'NONE', *, *, #4695, .T. ) ;
#5468 = EDGE_LOOP ( 'NONE', ( #4007, #1845, #3670, #7435 ) ) ;
#5469 = DIRECTION ( 'NONE',  ( 0.000000000000000000, 0.000000000000000000, -1.000000000000000000 ) ) ;
#5470 = DIRECTION ( 'NONE',  ( -0.000000000000000000, 0.000000000000000000, 1.000000000000000000 ) ) ;
#5471 = EDGE_LOOP ( 'NONE', ( #4496, #4631 ) ) ;
#5472 = ORIENTED_EDGE ( 'NONE', *, *, #6541, .F. ) ;
#5473 = DIRECTION ( 'NONE',  ( 0.000000000000000000, 0.000000000000000000, 1.000000000000000000 ) ) ;
#5474 = CARTESIAN_POINT ( 'NONE',  ( 4.000000000000002665, -9.000000000000001776, -7.249999999999999112 ) ) ;
#5475 = CIRCLE ( 'NONE', #6396, 5.000000000000001776 ) ;
#5476 = ORIENTED_EDGE ( 'NONE', *, *, #2059, .T. ) ;
#5477 = EDGE_CURVE ( 'NONE', #944, #3125, #3384, .T. ) ;
#5478 = CARTESIAN_POINT ( 'NONE',  ( 2.500000000000000000, 2.357898499370432166, -1.951563910473907981E-15 ) ) ;
#5479 = LINE ( 'NONE', #6745, #7083 ) ;
#5480 = ORIENTED_EDGE ( 'NONE', *, *, #6497, .T. ) ;
#5481 = DIRECTION ( 'NONE',  ( 0.000000000000000000, -0.000000000000000000, -1.000000000000000000 ) ) ;
#5482 = VECTOR ( 'NONE', #848, 999.9999999999998863 ) ;
#5483 = DIRECTION ( 'NONE',  ( 0.000000000000000000, 0.000000000000000000, -1.000000000000000000 ) ) ;
#5484 = LINE ( 'NONE', #7979, #4472 ) ;
#5485 = DIRECTION ( 'NONE',  ( 0.000000000000000000, 0.000000000000000000, 1.000000000000000000 ) ) ;
#5486 = ADVANCED_FACE ( 'NONE', ( #1063 ), #2943, .T. ) ;
#5487 = ORIENTED_EDGE ( 'NONE', *, *, #1952, .T. ) ;
#5488 = DIRECTION ( 'NONE',  ( 0.000000000000000000, -0.000000000000000000, 1.000000000000000000 ) ) ;
#5489 = CARTESIAN_POINT ( 'NONE',  ( -38.46194077712559789, 0.000000000000000000, 30.00000000000000000 ) ) ;
#5490 = DIRECTION ( 'NONE',  ( -1.000000000000000000, 0.000000000000000000, 0.000000000000000000 ) ) ;
#5491 = DIRECTION ( 'NONE',  ( 0.000000000000000000, -0.000000000000000000, 1.000000000000000000 ) ) ;
#5492 = ITEM_DEFINED_TRANSFORMATION ( 'NONE', 'NONE', #3376,  #5854 ) ;
#5493 = ADVANCED_FACE ( 'NONE', ( #6091 ), #7973, .F. ) ;
#5494 = EDGE_CURVE ( 'NONE', #3801, #407, #1648, .T. ) ;
#5495 = AXIS2_PLACEMENT_3D ( 'NONE', #5038, #3227, #3766 ) ;
#5496 = DIRECTION ( 'NONE',  ( -1.000000000000000000, 0.000000000000000000, -0.000000000000000000 ) ) ;
#5497 = EDGE_CURVE ( 'NONE', #2072, #6202, #1767, .T. ) ;
#5498 = FACE_OUTER_BOUND ( 'NONE', #2856, .T. ) ;
#5499 = VERTEX_POINT ( 'NONE', #8016 ) ;
#5500 = FACE_OUTER_BOUND ( 'NONE', #7731, .T. ) ;
#5501 = DIRECTION ( 'NONE',  ( -0.000000000000000000, 1.000000000000000000, -0.000000000000000000 ) ) ;
#5502 = DIRECTION ( 'NONE',  ( 0.000000000000000000, -1.000000000000000000, 0.000000000000000000 ) ) ;
#5503 = EDGE_CURVE ( 'NONE', #4239, #489, #503, .T. ) ;
#5504 = AXIS2_PLACEMENT_3D ( 'NONE', #3767, #5204, #3144 ) ;
#5505 = VECTOR ( 'NONE', #3598, 1000.000000000000000 ) ;
#5506 = ADVANCED_FACE ( 'NONE', ( #2449 ), #6629, .T. ) ;
#5507 = AXIS2_PLACEMENT_3D ( 'NONE', #825, #3326, #2711 ) ;
#5508 = CIRCLE ( 'NONE', #2503, 25.00000000000000000 ) ;
#5509 = VERTEX_POINT ( 'NONE', #1316 ) ;
#5510 = VERTEX_POINT ( 'NONE', #2533 ) ;
#5511 = CARTESIAN_POINT ( 'NONE',  ( 1.000000000000001998, 9.000000000000001776, 7.249999999999999112 ) ) ;
#5512 = CARTESIAN_POINT ( 'NONE',  ( 40.00000000000000000, 39.99999999999999289, -120.0000000000000000 ) ) ;
#5513 = VERTEX_POINT ( 'NONE', #6209 ) ;
#5514 = ORIENTED_EDGE ( 'NONE', *, *, #706, .F. ) ;
#5515 = FACE_OUTER_BOUND ( 'NONE', #2519, .T. ) ;
#5516 = DIRECTION ( 'NONE',  ( -0.000000000000000000, 0.000000000000000000, 1.000000000000000000 ) ) ;
#5517 = EDGE_CURVE ( 'NONE', #5116, #6476, #2089, .T. ) ;
#5518 = SHAPE_REPRESENTATION ( 'socket head cap screw_am_B18.3.1M - 5 x 0.8 x 20 Hex SHCS -- 20NHX', ( #5854 ), #2861 ) ;
#5519 = ORIENTED_EDGE ( 'NONE', *, *, #5379, .T. ) ;
#5520 = DIRECTION ( 'NONE',  ( 1.000000000000000000, 0.000000000000000000, 0.000000000000000000 ) ) ;
#5521 = AXIS2_PLACEMENT_3D ( 'NONE', #2744, #358, #7119 ) ;
#5522 = DIRECTION ( 'NONE',  ( -0.000000000000000000, -0.000000000000000000, 1.000000000000000000 ) ) ;
#5523 = ORIENTED_EDGE ( 'NONE', *, *, #2097, .F. ) ;
#5524 = DIRECTION ( 'NONE',  ( 1.000000000000000000, 0.000000000000000000, 0.000000000000000000 ) ) ;
#5525 = DIRECTION ( 'NONE',  ( 0.000000000000000000, -1.000000000000000000, 0.000000000000000000 ) ) ;
#5526 = DIRECTION ( 'NONE',  ( -1.000000000000000000, -0.000000000000000000, -0.000000000000000000 ) ) ;
#5527 = DIRECTION ( 'NONE',  ( -0.000000000000000000, -0.000000000000000000, 1.000000000000000000 ) ) ;
#5528 = VECTOR ( 'NONE', #5036, 1000.000000000000000 ) ;
#5529 = AXIS2_PLACEMENT_3D ( 'NONE', #405, #4873, #2340 ) ;
#5530 = CIRCLE ( 'NONE', #6698, 0.2500000000000002220 ) ;
#5531 = ORIENTED_EDGE ( 'NONE', *, *, #4555, .T. ) ;
#5532 = CIRCLE ( 'NONE', #7358, 10.00000000000000178 ) ;
#5533 = PLANE ( 'NONE',  #7136 ) ;
#5534 = AXIS2_PLACEMENT_3D ( 'NONE', #1462, #3765, #7164 ) ;
#5535 = DIRECTION ( 'NONE',  ( 1.000000000000000000, 0.000000000000000000, -1.879283765641541183E-16 ) ) ;
#5536 = CARTESIAN_POINT ( 'NONE',  ( -25.00000000000000711, -32.50000000000000000, -15.00000000000001421 ) ) ;
#5537 = CYLINDRICAL_SURFACE ( 'NONE', #4764, 7.499999999999996447 ) ;
#5538 = PRODUCT_DEFINITION_SHAPE ( 'NONE', 'NONE',  #8108 ) ;
#5539 = PRODUCT_RELATED_PRODUCT_CATEGORY ( 'part', '', ( #7500 ) ) ;
#5540 = VECTOR ( 'NONE', #5667, 1000.000000000000114 ) ;
#5541 = EDGE_CURVE ( 'NONE', #5509, #2060, #1836, .T. ) ;
#5542 = AXIS2_PLACEMENT_3D ( 'NONE', #40, #6964, #82 ) ;
#5543 = DIRECTION ( 'NONE',  ( 0.000000000000000000, -0.4999999999999992784, 0.8660254037844390407 ) ) ;
#5544 = CARTESIAN_POINT ( 'NONE',  ( -25.00000000000000711, -32.50000000000000000, -115.0000000000000000 ) ) ;
#5545 = ORIENTED_EDGE ( 'NONE', *, *, #3202, .F. ) ;
#5546 = LINE ( 'NONE', #1129, #819 ) ;
#5547 = DIRECTION ( 'NONE',  ( 0.000000000000000000, -1.000000000000000000, 1.109174026959346783E-15 ) ) ;
#5548 = DIRECTION ( 'NONE',  ( 1.000000000000000000, 0.000000000000000000, 0.000000000000000000 ) ) ;
#5549 = CIRCLE ( 'NONE', #1645, 20.00000000000000000 ) ;
#5550 = EDGE_CURVE ( 'NONE', #8063, #3453, #7522, .T. ) ;
#5551 = VERTEX_POINT ( 'NONE', #5112 ) ;
#5552 = ORIENTED_EDGE ( 'NONE', *, *, #6615, .F. ) ;
#5553 = DIRECTION ( 'NONE',  ( -0.000000000000000000, -0.000000000000000000, 1.000000000000000000 ) ) ;
#5554 = LINE ( 'NONE', #5512, #6585 ) ;
#5555 = EDGE_LOOP ( 'NONE', ( #1488, #8093, #817 ) ) ;
#5556 = ORIENTED_EDGE ( 'NONE', *, *, #761, .F. ) ;
#5557 = DIRECTION ( 'NONE',  ( 0.000000000000000000, 0.000000000000000000, -1.000000000000000000 ) ) ;
#5558 = SURFACE_SIDE_STYLE ('',( #559 ) ) ;
#5559 = ORIENTED_EDGE ( 'NONE', *, *, #4155, .F. ) ;
#5560 = DIRECTION ( 'NONE',  ( 1.000000000000000000, 0.000000000000000000, 0.000000000000000000 ) ) ;
#5561 = EDGE_CURVE ( 'NONE', #1959, #5818, #5597, .T. ) ;
#5562 = DIRECTION ( 'NONE',  ( 0.000000000000000000, 0.000000000000000000, 1.000000000000000000 ) ) ;
#5563 = ORIENTED_EDGE ( 'NONE', *, *, #7551, .T. ) ;
#5564 = CARTESIAN_POINT ( 'NONE',  ( 39.99999999999998579, -15.00000000000000000, 7.500000000000000000 ) ) ;
#5565 = CARTESIAN_POINT ( 'NONE',  ( 3.000000000000002220, 10.00000000000000000, -7.249999999999999112 ) ) ;
#5566 = DIRECTION ( 'NONE',  ( 1.000000000000000000, -0.000000000000000000, -0.000000000000000000 ) ) ;
#5567 = DIRECTION ( 'NONE',  ( 1.000000000000000000, 0.000000000000000000, 0.000000000000000000 ) ) ;
#5568 = CIRCLE ( 'NONE', #2046, 10.00000000000000000 ) ;
#5569 = EDGE_LOOP ( 'NONE', ( #319, #8005, #906, #7127 ) ) ;
#5570 = AXIS2_PLACEMENT_3D ( 'NONE', #1695, #2423, #2383 ) ;
#5571 = CARTESIAN_POINT ( 'NONE',  ( 4.000000000000000000, 2.639212418033074048, -1.523750000000003268 ) ) ;
#5572 = ORIENTED_EDGE ( 'NONE', *, *, #3551, .F. ) ;
#5573 = DIRECTION ( 'NONE',  ( 0.000000000000000000, -0.000000000000000000, -1.000000000000000000 ) ) ;
#5574 = DIRECTION ( 'NONE',  ( -1.000000000000000000, -1.734723475976806848E-16, 0.000000000000000000 ) ) ;
#5575 = CARTESIAN_POINT ( 'NONE',  ( -35.00000000000001421, -32.50000000000000000, -130.0000000000000000 ) ) ;
#5576 = CARTESIAN_POINT ( 'NONE',  ( 6.750000000000001776, 4.750000000000000000, 7.500000000000000000 ) ) ;
#5577 = VECTOR ( 'NONE', #7758, 1000.000000000000227 ) ;
#5578 = DIRECTION ( 'NONE',  ( -0.000000000000000000, 0.000000000000000000, 1.000000000000000000 ) ) ;
#5579 = CARTESIAN_POINT ( 'NONE',  ( 0.000000000000000000, 0.000000000000000000, -3.749999999999999112 ) ) ;
#5580 = ORIENTED_EDGE ( 'NONE', *, *, #490, .F. ) ;
#5581 = CARTESIAN_POINT ( 'NONE',  ( 6.750000000000001776, -4.750000000000000000, 7.249999999999999112 ) ) ;
#5582 = LINE ( 'NONE', #6856, #527 ) ;
#5583 = CARTESIAN_POINT ( 'NONE',  ( -6.938893903907228378E-15, -1.387778780781445676E-14, -8.500000000000000000 ) ) ;
#5584 = CIRCLE ( 'NONE', #6382, 6.499999999999999112 ) ;
#5585 = ORIENTED_EDGE ( 'NONE', *, *, #3909, .T. ) ;
#5586 = ORIENTED_EDGE ( 'NONE', *, *, #4406, .F. ) ;
#5587 = CARTESIAN_POINT ( 'NONE',  ( 5.200000000000002842, 0.000000000000000000, 0.000000000000000000 ) ) ;
#5588 = DIRECTION ( 'NONE',  ( 0.000000000000000000, 0.000000000000000000, 1.000000000000000000 ) ) ;
#5589 = ORIENTED_EDGE ( 'NONE', *, *, #1966, .F. ) ;
#5590 = ORIENTED_EDGE ( 'NONE', *, *, #3665, .F. ) ;
#5591 = CARTESIAN_POINT ( 'NONE',  ( 2.500000000000000000, 2.357898499370432166, -1.951563910473907981E-15 ) ) ;
#5592 = CARTESIAN_POINT ( 'NONE',  ( 37.99999999999999289, -40.00000000000000711, -130.0000000000000000 ) ) ;
#5593 = AXIS2_PLACEMENT_3D ( 'NONE', #7730, #2829, #1481 ) ;
#5594 = EDGE_CURVE ( 'NONE', #6833, #5811, #5766, .T. ) ;
#5595 = EDGE_CURVE ( 'NONE', #7549, #3857, #3649, .T. ) ;
#5596 = ORIENTED_EDGE ( 'NONE', *, *, #538, .T. ) ;
#5597 = LINE ( 'NONE', #1396, #4953 ) ;
#5598 = PRODUCT_DEFINITION_SHAPE ( 'NONE', 'NONE',  #8104 ) ;
#5599 = FACE_OUTER_BOUND ( 'NONE', #4517, .T. ) ;
#5600 = ORIENTED_EDGE ( 'NONE', *, *, #7927, .F. ) ;
#5601 = DIRECTION ( 'NONE',  ( -1.000000000000000000, 0.000000000000000000, 0.000000000000000000 ) ) ;
#5602 = CARTESIAN_POINT ( 'NONE',  ( -55.00000000000000000, 29.99999999999999289, -8.500000000000000000 ) ) ;
#5603 = CARTESIAN_POINT ( 'NONE',  ( 4.000000000000000000, 0.000000000000000000, 0.000000000000000000 ) ) ;
#5604 = EDGE_CURVE ( 'NONE', #3279, #6587, #5475, .T. ) ;
#5605 = FACE_BOUND ( 'NONE', #1518, .T. ) ;
#5606 = EDGE_CURVE ( 'NONE', #1333, #3392, #3183, .T. ) ;
#5607 = EDGE_CURVE ( 'NONE', #6890, #2164, #6288, .T. ) ;
#5608 = ORIENTED_EDGE ( 'NONE', *, *, #3288, .T. ) ;
#5609 = CARTESIAN_POINT ( 'NONE',  ( 38.46194077712559789, 4.710229266170193264E-15, 0.000000000000000000 ) ) ;
#5610 = CIRCLE ( 'NONE', #3122, 0.2500000000000002220 ) ;
#5611 = CARTESIAN_POINT ( 'NONE',  ( -40.00000000000001421, 15.00000000000000000, -15.50000000000000355 ) ) ;
#5612 = VERTEX_POINT ( 'NONE', #7599 ) ;
#5613 = LINE ( 'NONE', #2463, #2158 ) ;
#5614 = DIRECTION ( 'NONE',  ( 1.000000000000000000, -0.000000000000000000, 0.000000000000000000 ) ) ;
#5615 = DIRECTION ( 'NONE',  ( 0.000000000000000000, 0.000000000000000000, 1.000000000000000000 ) ) ;
#5616 = VECTOR ( 'NONE', #2564, 1000.000000000000000 ) ;
#5617 = ORIENTED_EDGE ( 'NONE', *, *, #5541, .F. ) ;
#5618 = LINE ( 'NONE', #625, #4533 ) ;
#5619 = CIRCLE ( 'NONE', #6268, 0.7500000000000000000 ) ;
#5620 = DIRECTION ( 'NONE',  ( 0.000000000000000000, 0.000000000000000000, -1.000000000000000000 ) ) ;
#5621 = EDGE_LOOP ( 'NONE', ( #7924, #5487, #2011, #4502 ) ) ;
#5622 = CARTESIAN_POINT ( 'NONE',  ( -31.74999999999995737, 0.000000000000000000, 4.250000000000000000 ) ) ;
#5623 = DIRECTION ( 'NONE',  ( -0.000000000000000000, -0.000000000000000000, 1.000000000000000000 ) ) ;
#5624 = LINE ( 'NONE', #55, #3698 ) ;
#5625 = ADVANCED_FACE ( 'NONE', ( #4981 ), #3137, .F. ) ;
#5626 = AXIS2_PLACEMENT_3D ( 'NONE', #4947, #3104, #1934 ) ;
#5627 = ORIENTED_EDGE ( 'NONE', *, *, #4934, .F. ) ;
#5628 = VERTEX_POINT ( 'NONE', #146 ) ;
#5629 = LINE ( 'NONE', #6862, #5616 ) ;
#5630 = CARTESIAN_POINT ( 'NONE',  ( 25.00000000000000711, 33.51954211927168359, -120.0000000000000000 ) ) ;
#5631 = ORIENTED_EDGE ( 'NONE', *, *, #7645, .F. ) ;
#5632 = ORIENTED_EDGE ( 'NONE', *, *, #1158, .T. ) ;
#5633 = DIRECTION ( 'NONE',  ( 0.000000000000000000, 0.000000000000000000, 1.000000000000000000 ) ) ;
#5634 = AXIS2_PLACEMENT_3D ( 'NONE', #6254, #5646, #652 ) ;
#5635 = DIRECTION ( 'NONE',  ( -0.000000000000000000, -0.000000000000000000, 1.000000000000000000 ) ) ;
#5636 = DIRECTION ( 'NONE',  ( 1.000000000000000000, 0.000000000000000000, -1.879283765641541183E-16 ) ) ;
#5637 = AXIS2_PLACEMENT_3D ( 'NONE', #2013, #1048, #1632 ) ;
#5638 = EDGE_CURVE ( 'NONE', #7318, #5971, #4377, .T. ) ;
#5639 = VERTEX_POINT ( 'NONE', #3844 ) ;
#5640 = EDGE_CURVE ( 'NONE', #2270, #735, #4833, .T. ) ;
#5641 = CARTESIAN_POINT ( 'NONE',  ( 1.000000000000001998, -9.000000000000001776, -7.500000000000000000 ) ) ;
#5642 = FACE_OUTER_BOUND ( 'NONE', #2376, .T. ) ;
#5643 = ORIENTED_EDGE ( 'NONE', *, *, #6405, .F. ) ;
#5644 = LINE ( 'NONE', #887, #7090 ) ;
#5645 = FACE_OUTER_BOUND ( 'NONE', #6677, .T. ) ;
#5646 = DIRECTION ( 'NONE',  ( -0.000000000000000000, -0.000000000000000000, 1.000000000000000000 ) ) ;
#5647 = CARTESIAN_POINT ( 'NONE',  ( 6.750000000000001776, 4.750000000000000000, -7.500000000000000000 ) ) ;
#5648 = EDGE_CURVE ( 'NONE', #2022, #801, #4942, .T. ) ;
#5649 = ORIENTED_EDGE ( 'NONE', *, *, #1456, .T. ) ;
#5650 = EDGE_CURVE ( 'NONE', #1500, #5824, #5610, .T. ) ;
#5651 = CYLINDRICAL_SURFACE ( 'NONE', #2055, 2.499999999999995115 ) ;
#5652 = EDGE_CURVE ( 'NONE', #3515, #6840, #6259, .T. ) ;
#5653 = DIRECTION ( 'NONE',  ( 0.000000000000000000, 0.000000000000000000, 1.000000000000000000 ) ) ;
#5654 = EDGE_CURVE ( 'NONE', #6476, #7238, #2991, .T. ) ;
#5655 = ORIENTED_EDGE ( 'NONE', *, *, #1423, .T. ) ;
#5656 = DIRECTION ( 'NONE',  ( -0.000000000000000000, 0.000000000000000000, 1.000000000000000000 ) ) ;
#5657 = FACE_OUTER_BOUND ( 'NONE', #4535, .T. ) ;
#5658 = FACE_OUTER_BOUND ( 'NONE', #6910, .T. ) ;
#5659 = CIRCLE ( 'NONE', #5784, 38.46194077712559789 ) ;
#5660 = AXIS2_PLACEMENT_3D ( 'NONE', #2394, #7221, #6033 ) ;
#5661 = VECTOR ( 'NONE', #5636, 1000.000000000000000 ) ;
#5662 = ORIENTED_EDGE ( 'NONE', *, *, #5604, .T. ) ;
#5663 = AXIS2_PLACEMENT_3D ( 'NONE', #6034, #7418, #423 ) ;
#5664 = VECTOR ( 'NONE', #4691, 1000.000000000000000 ) ;
#5665 = LINE ( 'NONE', #172, #4266 ) ;
#5666 = EDGE_CURVE ( 'NONE', #6890, #833, #6919, .T. ) ;
#5667 = DIRECTION ( 'NONE',  ( -0.5000000000000058842, 1.060575238724902601E-16, -0.8660254037844351549 ) ) ;
#5668 = ORIENTED_EDGE ( 'NONE', *, *, #1050, .F. ) ;
#5669 = DIRECTION ( 'NONE',  ( -0.000000000000000000, -0.000000000000000000, 1.000000000000000000 ) ) ;
#5670 = AXIS2_PLACEMENT_3D ( 'NONE', #4286, #7926, #3628 ) ;
#5671 = CARTESIAN_POINT ( 'NONE',  ( 25.00000000000000711, 32.50000000000000000, -120.0000000000000000 ) ) ;
#5672 = CARTESIAN_POINT ( 'NONE',  ( 3.678949249685231848, 0.000000000000000000, 0.000000000000000000 ) ) ;
#5673 = VECTOR ( 'NONE', #2720, 1000.000000000000000 ) ;
#5674 = CIRCLE ( 'NONE', #3710, 4.000000000000003553 ) ;
#5675 = PRODUCT_DEFINITION_SHAPE ( 'NONE', 'NONE',  #8103 ) ;
#5676 = AXIS2_PLACEMENT_3D ( 'NONE', #1348, #366, #1661 ) ;
#5677 = ORIENTED_EDGE ( 'NONE', *, *, #7646, .F. ) ;
#5678 = VERTEX_POINT ( 'NONE', #2008 ) ;
#5679 = CARTESIAN_POINT ( 'NONE',  ( -34.99999999999999289, -32.50000000000000000, 7.500000000000000000 ) ) ;
#5680 = CARTESIAN_POINT ( 'NONE',  ( 5.200000000000002842, 0.000000000000000000, -2.700000000000000622 ) ) ;
#5681 = ORIENTED_EDGE ( 'NONE', *, *, #6916, .F. ) ;
#5682 = ORIENTED_EDGE ( 'NONE', *, *, #592, .T. ) ;
#5683 = CARTESIAN_POINT ( 'NONE',  ( 3.750000000000003997, 4.750000000000000000, 7.500000000000000000 ) ) ;
#5684 = VECTOR ( 'NONE', #2486, 1000.000000000000000 ) ;
#5685 = LINE ( 'NONE', #3134, #157 ) ;
#5686 = ORIENTED_EDGE ( 'NONE', *, *, #5089, .F. ) ;
#5687 = DIRECTION ( 'NONE',  ( 1.000000000000000000, 0.000000000000000000, 0.000000000000000000 ) ) ;
#5688 = DIRECTION ( 'NONE',  ( -2.775557561562892534E-15, 1.000000000000000000, 0.000000000000000000 ) ) ;
#5689 = ORIENTED_EDGE ( 'NONE', *, *, #7586, .F. ) ;
#5690 = DIRECTION ( 'NONE',  ( -0.000000000000000000, -1.000000000000000000, -0.000000000000000000 ) ) ;
#5691 = DIRECTION ( 'NONE',  ( 1.000000000000000000, 0.000000000000000000, 0.000000000000000000 ) ) ;
#5692 = CARTESIAN_POINT ( 'NONE',  ( 2.500000000000000000, 2.357898499370432166, -1.951563910473907981E-15 ) ) ;
#5693 = ADVANCED_FACE ( 'NONE', ( #4505 ), #6991, .F. ) ;
#5694 = ORIENTED_EDGE ( 'NONE', *, *, #2157, .F. ) ;
#5695 = DIRECTION ( 'NONE',  ( 0.000000000000000000, -0.5000000000000011102, -0.8660254037844379305 ) ) ;
#5696 = VERTEX_POINT ( 'NONE', #4005 ) ;
#5697 = CARTESIAN_POINT ( 'NONE',  ( 0.000000000000000000, 0.000000000000000000, 0.000000000000000000 ) ) ;
#5698 = VERTEX_POINT ( 'NONE', #1433 ) ;
#5699 = CARTESIAN_POINT ( 'NONE',  ( 6.750000000000001776, -5.000000000000000000, 7.500000000000000000 ) ) ;
#5700 = DIRECTION ( 'NONE',  ( 1.000000000000000000, 0.000000000000000000, 0.000000000000000000 ) ) ;
#5701 = CARTESIAN_POINT ( 'NONE',  ( 0.000000000000000000, 3.518949890710767470, -4.553649124439118623E-15 ) ) ;
#5702 = EDGE_CURVE ( 'NONE', #6974, #5499, #5088, .T. ) ;
#5703 = AXIS2_PLACEMENT_3D ( 'NONE', #7257, #7700, #6638 ) ;
#5704 = ADVANCED_FACE ( 'NONE', ( #2205 ), #4436, .T. ) ;
#5705 = ORIENTED_EDGE ( 'NONE', *, *, #3699, .F. ) ;
#5706 = EDGE_CURVE ( 'NONE', #2405, #4713, #2657, .T. ) ;
#5707 = DIRECTION ( 'NONE',  ( -1.000000000000000000, -0.000000000000000000, -0.000000000000000000 ) ) ;
#5708 = CARTESIAN_POINT ( 'NONE',  ( 3.000000000000000444, 8.835734946748091900, -170.6712460609674622 ) ) ;
#5709 = FACE_OUTER_BOUND ( 'NONE', #324, .T. ) ;
#5710 = VECTOR ( 'NONE', #2545, 1000.000000000000000 ) ;
#5711 = ORIENTED_EDGE ( 'NONE', *, *, #2667, .F. ) ;
#5712 = PLANE ( 'NONE',  #2268 ) ;
#5713 = FACE_OUTER_BOUND ( 'NONE', #5468, .T. ) ;
#5714 = FACE_OUTER_BOUND ( 'NONE', #6658, .T. ) ;
#5715 = ADVANCED_FACE ( 'NONE', ( #811 ), #6461, .F. ) ;
#5716 = AXIS2_PLACEMENT_3D ( 'NONE', #4372, #1310, #3176 ) ;
#5717 = ORIENTED_EDGE ( 'NONE', *, *, #898, .F. ) ;
#5718 = ORIENTED_EDGE ( 'NONE', *, *, #4916, .F. ) ;
#5719 = DIRECTION ( 'NONE',  ( -0.000000000000000000, -0.000000000000000000, 1.000000000000000000 ) ) ;
#5720 = DIRECTION ( 'NONE',  ( 1.000000000000000000, 0.000000000000000000, 0.000000000000000000 ) ) ;
#5721 = ORIENTED_EDGE ( 'NONE', *, *, #2900, .T. ) ;
#5722 = ORIENTED_EDGE ( 'NONE', *, *, #3006, .T. ) ;
#5723 = DIRECTION ( 'NONE',  ( -1.000000000000000000, 0.000000000000000000, 0.000000000000000000 ) ) ;
#5724 = CARTESIAN_POINT ( 'NONE',  ( -40.00000000000000000, -15.00000000000000000, -0.5000000000000004441 ) ) ;
#5725 = VERTEX_POINT ( 'NONE', #1549 ) ;
#5726 = DIRECTION ( 'NONE',  ( 0.000000000000000000, -0.7071067811865451302, 0.7071067811865500152 ) ) ;
#5727 = CARTESIAN_POINT ( 'NONE',  ( -32.50000000000000711, -32.50000000000000000, -115.0000000000000000 ) ) ;
#5728 = EDGE_LOOP ( 'NONE', ( #5480, #4287, #563, #5689 ) ) ;
#5729 =( GEOMETRIC_REPRESENTATION_CONTEXT ( 3 ) GLOBAL_UNCERTAINTY_ASSIGNED_CONTEXT ( ( #4292 ) ) GLOBAL_UNIT_ASSIGNED_CONTEXT ( ( #1644, #1021, #392 ) ) REPRESENTATION_CONTEXT ( 'NONE', 'WORKASPACE' ) );
#5730 = LINE ( 'NONE', #1283, #6800 ) ;
#5731 = DIRECTION ( 'NONE',  ( 5.204170427930421283E-16, -1.000000000000000000, 0.000000000000000000 ) ) ;
#5732 = CARTESIAN_POINT ( 'NONE',  ( -45.00000000000000000, 39.99999999999999289, -8.500000000000000000 ) ) ;
#5733 = ADVANCED_FACE ( 'NONE', ( #2695 ), #3966, .F. ) ;
#5734 = PRODUCT_DEFINITION_FORMATION_WITH_SPECIFIED_SOURCE ( 'ANY', '', #8080, .NOT_KNOWN. ) ;
#5735 = EDGE_LOOP ( 'NONE', ( #470, #7647, #3063, #1636 ) ) ;
#5736 = CARTESIAN_POINT ( 'NONE',  ( 32.50000000000000000, -25.00000000000000711, -120.0000000000000000 ) ) ;
#5737 = ORIENTED_EDGE ( 'NONE', *, *, #3109, .T. ) ;
#5738 = VERTEX_POINT ( 'NONE', #4621 ) ;
#5739 = DIRECTION ( 'NONE',  ( 0.000000000000000000, 0.7071067811865451302, 0.7071067811865500152 ) ) ;
#5740 = EDGE_CURVE ( 'NONE', #7348, #331, #2347, .T. ) ;
#5741 = DIRECTION ( 'NONE',  ( 1.000000000000000000, -0.000000000000000000, -0.000000000000000000 ) ) ;
#5742 = CARTESIAN_POINT ( 'NONE',  ( -25.00000000000000355, -1.081617080994607490E-14, 7.500000000000000000 ) ) ;
#5743 = VERTEX_POINT ( 'NONE', #932 ) ;
#5744 = AXIS2_PLACEMENT_3D ( 'NONE', #7398, #4295, #5560 ) ;
#5745 = DIRECTION ( 'NONE',  ( 0.000000000000000000, 0.000000000000000000, -1.000000000000000000 ) ) ;
#5746 = DIRECTION ( 'NONE',  ( -1.000000000000000000, -0.000000000000000000, -0.000000000000000000 ) ) ;
#5747 = CARTESIAN_POINT ( 'NONE',  ( 35.99999999999998579, -15.00000000000000000, 7.500000000000000000 ) ) ;
#5748 = EDGE_LOOP ( 'NONE', ( #2005, #6463, #6009 ) ) ;
#5749 = CARTESIAN_POINT ( 'NONE',  ( 2.500000000000000000, 2.357898499370432166, -1.951563910473907981E-15 ) ) ;
#5750 = CYLINDRICAL_SURFACE ( 'NONE', #4228, 4.000000000000003553 ) ;
#5751 = VECTOR ( 'NONE', #6812, 1000.000000000000000 ) ;
#5752 = CARTESIAN_POINT ( 'NONE',  ( -25.00000000000000711, -40.00000000000000711, -115.0000000000000000 ) ) ;
#5753 = CIRCLE ( 'NONE', #3924, 0.7500000000000002220 ) ;
#5754 = EDGE_CURVE ( 'NONE', #7266, #4297, #3387, .T. ) ;
#5755 = ORIENTED_EDGE ( 'NONE', *, *, #4264, .T. ) ;
#5756 = ORIENTED_EDGE ( 'NONE', *, *, #5156, .F. ) ;
#5757 = DIRECTION ( 'NONE',  ( 1.000000000000000000, 0.000000000000000000, 0.000000000000000000 ) ) ;
#5758 = EDGE_CURVE ( 'NONE', #4495, #1871, #2124, .T. ) ;
#5759 = ORIENTED_EDGE ( 'NONE', *, *, #1044, .F. ) ;
#5760 = ORIENTED_EDGE ( 'NONE', *, *, #3647, .F. ) ;
#5761 = DIRECTION ( 'NONE',  ( 0.000000000000000000, -1.000000000000000000, 0.000000000000000000 ) ) ;
#5762 = APPLICATION_CONTEXT ( 'automotive_design' ) ;
#5763 = EDGE_CURVE ( 'NONE', #3610, #789, #4042, .T. ) ;
#5764 = DIRECTION ( 'NONE',  ( 0.000000000000000000, 0.000000000000000000, -1.000000000000000000 ) ) ;
#5765 = EDGE_LOOP ( 'NONE', ( #3888, #978, #7601, #3717, #813, #2319, #169, #7423 ) ) ;
#5766 = LINE ( 'NONE', #1356, #1171 ) ;
#5767 = DIRECTION ( 'NONE',  ( -0.000000000000000000, 0.000000000000000000, 1.000000000000000000 ) ) ;
#5768 = VECTOR ( 'NONE', #7481, 1000.000000000000114 ) ;
#5769 = VERTEX_POINT ( 'NONE', #1512 ) ;
#5770 = DIRECTION ( 'NONE',  ( -0.000000000000000000, -0.000000000000000000, 1.000000000000000000 ) ) ;
#5771 = LINE ( 'NONE', #151, #1195 ) ;
#5772 = ADVANCED_FACE ( 'NONE', ( #7149, #267, #5276, #6531, #3307, #5928, #309, #2735, #5969, #5846 ), #2818, .F. ) ;
#5773 = CARTESIAN_POINT ( 'NONE',  ( -36.00000000000000711, -15.00000000000000000, -0.5000000000000004441 ) ) ;
#5774 = VECTOR ( 'NONE', #1603, 1000.000000000000000 ) ;
#5775 = VERTEX_POINT ( 'NONE', #231 ) ;
#5776 = CARTESIAN_POINT ( 'NONE',  ( -35.00000000000001421, -32.50000000000000000, -120.0000000000000000 ) ) ;
#5777 = VERTEX_POINT ( 'NONE', #3921 ) ;
#5778 = ORIENTED_EDGE ( 'NONE', *, *, #5607, .F. ) ;
#5779 = CARTESIAN_POINT ( 'NONE',  ( -35.00000000000000000, 32.50000000000000000, -123.0000000000000000 ) ) ;
#5780 = LINE ( 'NONE', #81, #3030 ) ;
#5781 = DIRECTION ( 'NONE',  ( 1.328854294458919816E-16, 0.7071067811865500152, 0.7071067811865451302 ) ) ;
#5782 = ORIENTED_EDGE ( 'NONE', *, *, #8015, .F. ) ;
#5783 = FACE_OUTER_BOUND ( 'NONE', #7681, .T. ) ;
#5784 = AXIS2_PLACEMENT_3D ( 'NONE', #5863, #5329, #6510 ) ;
#5785 = AXIS2_PLACEMENT_3D ( 'NONE', #608, #481, #6164 ) ;
#5786 = LINE ( 'NONE', #5054, #5673 ) ;
#5787 = ORIENTED_EDGE ( 'NONE', *, *, #7253, .T. ) ;
#5788 = LINE ( 'NONE', #1536, #1881 ) ;
#5789 = CARTESIAN_POINT ( 'NONE',  ( 32.50000000000001421, -32.50000000000000000, 7.500000000000000000 ) ) ;
#5790 = CIRCLE ( 'NONE', #6167, 2.499999999999988454 ) ;
#5791 = VECTOR ( 'NONE', #6768, 1000.000000000000000 ) ;
#5792 = FACE_OUTER_BOUND ( 'NONE', #3625, .T. ) ;
#5793 = EDGE_CURVE ( 'NONE', #3108, #6498, #6416, .T. ) ;
#5794 = AXIS2_PLACEMENT_3D ( 'NONE', #5789, #2071, #7543 ) ;
#5795 = AXIS2_PLACEMENT_3D ( 'NONE', #1704, #337, #5877 ) ;
#5796 = VECTOR ( 'NONE', #6231, 1000.000000000000000 ) ;
#5797 = AXIS2_PLACEMENT_3D ( 'NONE', #7706, #795, #5834 ) ;
#5798 = ORIENTED_EDGE ( 'NONE', *, *, #4513, .T. ) ;
#5799 = ORIENTED_EDGE ( 'NONE', *, *, #4340, .F. ) ;
#5800 = DIRECTION ( 'NONE',  ( 0.000000000000000000, 0.000000000000000000, -1.000000000000000000 ) ) ;
#5801 = CYLINDRICAL_SURFACE ( 'NONE', #4104, 6.499999999999999112 ) ;
#5802 = ORIENTED_EDGE ( 'NONE', *, *, #5881, .T. ) ;
#5803 = ORIENTED_EDGE ( 'NONE', *, *, #7346, .T. ) ;
#5804 = CARTESIAN_POINT ( 'NONE',  ( 0.000000000000000000, 0.000000000000000000, 0.000000000000000000 ) ) ;
#5805 = AXIS2_PLACEMENT_3D ( 'NONE', #2877, #7864, #2994 ) ;
#5806 = DIRECTION ( 'NONE',  ( 1.000000000000000000, 0.000000000000000000, 0.000000000000000000 ) ) ;
#5807 = VECTOR ( 'NONE', #5086, 1000.000000000000114 ) ;
#5808 = ADVANCED_FACE ( 'NONE', ( #7680 ), #2083, .T. ) ;
#5809 = AXIS2_PLACEMENT_3D ( 'NONE', #5680, #6327, #8086 ) ;
#5810 = ADVANCED_FACE ( 'NONE', ( #6733 ), #1714, .F. ) ;
#5811 = VERTEX_POINT ( 'NONE', #1638 ) ;
#5812 = CIRCLE ( 'NONE', #1631, 2.000000000000001776 ) ;
#5813 = CARTESIAN_POINT ( 'NONE',  ( 0.000000000000000000, 34.99999999999999289, 30.00000000000000000 ) ) ;
#5814 = ORIENTED_EDGE ( 'NONE', *, *, #6742, .T. ) ;
#5815 = CARTESIAN_POINT ( 'NONE',  ( 3.000000000000002220, 9.750000000000001776, 7.500000000000000000 ) ) ;
#5816 = CARTESIAN_POINT ( 'NONE',  ( 0.8000000000000020428, 0.000000000000000000, 6.500000000000000000 ) ) ;
#5817 = DIRECTION ( 'NONE',  ( 0.7071067811865469066, 8.659560562354941486E-17, 0.7071067811865482389 ) ) ;
#5818 = VERTEX_POINT ( 'NONE', #1680 ) ;
#5819 = EDGE_CURVE ( 'NONE', #4519, #5303, #5388, .T. ) ;
#5820 = VECTOR ( 'NONE', #6350, 999.9999999999998863 ) ;
#5821 = FACE_OUTER_BOUND ( 'NONE', #681, .T. ) ;
#5822 = ORIENTED_EDGE ( 'NONE', *, *, #6189, .F. ) ;
#5823 = PRODUCT_CONTEXT ( 'NONE', #2208, 'mechanical' ) ;
#5824 = VERTEX_POINT ( 'NONE', #7388 ) ;
#5825 = DIRECTION ( 'NONE',  ( 0.000000000000000000, 1.000000000000000000, -9.196343038302880251E-16 ) ) ;
#5826 = DIRECTION ( 'NONE',  ( -0.000000000000000000, -0.000000000000000000, 1.000000000000000000 ) ) ;
#5827 = CARTESIAN_POINT ( 'NONE',  ( -55.00000000000000000, 39.99999999999999289, -8.500000000000000000 ) ) ;
#5828 = EDGE_LOOP ( 'NONE', ( #7276, #5993, #974, #4945 ) ) ;
#5829 = LINE ( 'NONE', #753, #4658 ) ;
#5830 = CARTESIAN_POINT ( 'NONE',  ( 20.00000000000000000, 0.000000000000000000, 0.5000000000000013323 ) ) ;
#5831 = EDGE_LOOP ( 'NONE', ( #5360, #372, #8013, #955 ) ) ;
#5832 = DIRECTION ( 'NONE',  ( 0.000000000000000000, 0.000000000000000000, -1.000000000000000000 ) ) ;
#5833 = PLANE ( 'NONE',  #4618 ) ;
#5834 = DIRECTION ( 'NONE',  ( 0.000000000000000000, 0.000000000000000000, -1.000000000000000000 ) ) ;
#5835 = CIRCLE ( 'NONE', #2308, 38.46194077712559789 ) ;
#5836 = VECTOR ( 'NONE', #6881, 999.9999999999998863 ) ;
#5837 = ORIENTED_EDGE ( 'NONE', *, *, #3160, .F. ) ;
#5838 = ORIENTED_EDGE ( 'NONE', *, *, #7212, .F. ) ;
#5839 = CARTESIAN_POINT ( 'NONE',  ( 6.750000000000001776, -4.750000000000000000, 7.500000000000000000 ) ) ;
#5840 = DIRECTION ( 'NONE',  ( -0.000000000000000000, -0.000000000000000000, -1.000000000000000000 ) ) ;
#5841 = ORIENTED_EDGE ( 'NONE', *, *, #2381, .F. ) ;
#5842 = ORIENTED_EDGE ( 'NONE', *, *, #3951, .T. ) ;
#5843 = CARTESIAN_POINT ( 'NONE',  ( 0.000000000000000000, 0.000000000000000000, 30.00000000000000000 ) ) ;
#5844 = DIRECTION ( 'NONE',  ( 0.000000000000000000, -1.000000000000000000, 1.734723475976806848E-16 ) ) ;
#5845 = ORIENTED_EDGE ( 'NONE', *, *, #7444, .T. ) ;
#5846 = FACE_OUTER_BOUND ( 'NONE', #3883, .T. ) ;
#5847 = EDGE_CURVE ( 'NONE', #2630, #1551, #6777, .T. ) ;
#5848 = CYLINDRICAL_SURFACE ( 'NONE', #1226, 4.000000000000003553 ) ;
#5849 = ORIENTED_EDGE ( 'NONE', *, *, #1966, .T. ) ;
#5850 = DIRECTION ( 'NONE',  ( 0.000000000000000000, 1.000000000000000000, -0.000000000000000000 ) ) ;
#5851 =( NAMED_UNIT ( * ) PLANE_ANGLE_UNIT ( ) SI_UNIT ( $, .RADIAN. ) );
#5852 = EDGE_CURVE ( 'NONE', #2185, #6890, #1015, .T. ) ;
#5853 = VERTEX_POINT ( 'NONE', #7887 ) ;
#5854 = AXIS2_PLACEMENT_3D ( 'NONE', #5320, #7191, #1516 ) ;
#5855 = CARTESIAN_POINT ( 'NONE',  ( 1.845219286031908767, 9.832317640722642693, -139.6028108931102167 ) ) ;
#5856 = ADVANCED_FACE ( 'NONE', ( #1176 ), #5349, .F. ) ;
#5857 = CARTESIAN_POINT ( 'NONE',  ( -40.00000000000000711, -25.00000000000000000, -120.0000000000000000 ) ) ;
#5858 = ORIENTED_EDGE ( 'NONE', *, *, #1010, .F. ) ;
#5859 = APPLICATION_PROTOCOL_DEFINITION ( 'draft international standard', 'automotive_design', 1998, #4343 ) ;
#5860 = CYLINDRICAL_SURFACE ( 'NONE', #2373, 3.000000000000004441 ) ;
#5861 = LINE ( 'NONE', #2026, #5820 ) ;
#5862 = ADVANCED_FACE ( 'NONE', ( #1136 ), #6656, .T. ) ;
#5863 = CARTESIAN_POINT ( 'NONE',  ( 0.000000000000000000, 0.000000000000000000, 24.99999999999999645 ) ) ;
#5864 = DIRECTION ( 'NONE',  ( -0.000000000000000000, -0.000000000000000000, 1.000000000000000000 ) ) ;
#5865 = EDGE_LOOP ( 'NONE', ( #154, #2724, #1968, #6683, #1443 ) ) ;
#5866 = DIRECTION ( 'NONE',  ( 1.000000000000000000, -0.000000000000000000, -0.000000000000000000 ) ) ;
#5867 = EDGE_CURVE ( 'NONE', #6530, #645, #6264, .T. ) ;
#5868 = CARTESIAN_POINT ( 'NONE',  ( 39.99999999999998579, 15.00000000000000000, -0.5000000000000004441 ) ) ;
#5869 = CARTESIAN_POINT ( 'NONE',  ( 40.00000000000000711, 25.00000000000000000, -120.0000000000000000 ) ) ;
#5870 = VERTEX_POINT ( 'NONE', #6692 ) ;
#5871 = FACE_OUTER_BOUND ( 'NONE', #5621, .T. ) ;
#5872 = CARTESIAN_POINT ( 'NONE',  ( -32.50000000000000711, -32.50000000000000000, -123.0000000000000000 ) ) ;
#5873 = VERTEX_POINT ( 'NONE', #2937 ) ;
#5874 = VERTEX_POINT ( 'NONE', #2327 ) ;
#5875 = FACE_OUTER_BOUND ( 'NONE', #5043, .T. ) ;
#5876 = AXIS2_PLACEMENT_3D ( 'NONE', #6496, #1589, #857 ) ;
#5877 = DIRECTION ( 'NONE',  ( 1.000000000000000000, 0.000000000000000000, 0.000000000000000000 ) ) ;
#5878 = ORIENTED_EDGE ( 'NONE', *, *, #3292, .F. ) ;
#5879 = LINE ( 'NONE', #262, #5577 ) ;
#5880 = CARTESIAN_POINT ( 'NONE',  ( -35.00000000000000711, 33.51954211927168359, -115.0000000000000142 ) ) ;
#5881 = EDGE_CURVE ( 'NONE', #7972, #5283, #374, .T. ) ;
#5882 = AXIS2_PLACEMENT_3D ( 'NONE', #7755, #1460, #2687 ) ;
#5883 = ORIENTED_EDGE ( 'NONE', *, *, #3901, .T. ) ;
#5884 = DIRECTION ( 'NONE',  ( 1.000000000000000000, -0.000000000000000000, 0.000000000000000000 ) ) ;
#5885 = ORIENTED_EDGE ( 'NONE', *, *, #3430, .T. ) ;
#5886 = CIRCLE ( 'NONE', #5099, 2.500000000000009326 ) ;
#5887 = FACE_OUTER_BOUND ( 'NONE', #3952, .T. ) ;
#5888 = EDGE_CURVE ( 'NONE', #8082, #6027, #347, .T. ) ;
#5889 = VERTEX_POINT ( 'NONE', #5354 ) ;
#5890 = TOROIDAL_SURFACE ( 'NONE', #5626, 0.7500000000000000000, 0.2500000000000000000 ) ;
#5891 = DIRECTION ( 'NONE',  ( -1.000000000000000000, -0.000000000000000000, -0.000000000000000000 ) ) ;
#5892 = CARTESIAN_POINT ( 'NONE',  ( -40.00000000000000711, 37.99999999999999289, -120.0000000000000000 ) ) ;
#5893 = EDGE_LOOP ( 'NONE', ( #7289, #1650, #301, #1388 ) ) ;
#5894 = APPLICATION_PROTOCOL_DEFINITION ( 'draft international standard', 'automotive_design', 1998, #1159 ) ;
#5895 = VERTEX_POINT ( 'NONE', #2895 ) ;
#5896 = CARTESIAN_POINT ( 'NONE',  ( -35.00000000000000711, 33.51954211927168359, 30.00000000000000000 ) ) ;
#5897 = CARTESIAN_POINT ( 'NONE',  ( -3.000000000000000444, 6.000000000000000000, -172.0000000000000000 ) ) ;
#5898 = DIRECTION ( 'NONE',  ( -2.602085213965210642E-16, 1.000000000000000000, -0.000000000000000000 ) ) ;
#5899 = EDGE_CURVE ( 'NONE', #2945, #2630, #2364, .T. ) ;
#5900 = CONICAL_SURFACE ( 'NONE', #7595, 3.000000000000004441, 0.7853981633974518317 ) ;
#5901 = EDGE_CURVE ( 'NONE', #7458, #6445, #2247, .T. ) ;
#5902 = VERTEX_POINT ( 'NONE', #3546 ) ;
#5903 = AXIS2_PLACEMENT_3D ( 'NONE', #4221, #1773, #6713 ) ;
#5904 = VERTEX_POINT ( 'NONE', #2403 ) ;
#5905 = ADVANCED_FACE ( 'NONE', ( #7235 ), #5433, .F. ) ;
#5906 = FACE_OUTER_BOUND ( 'NONE', #3982, .T. ) ;
#5907 = ADVANCED_FACE ( 'NONE', ( #6083, #7350 ), #471, .F. ) ;
#5908 = B_SPLINE_CURVE_WITH_KNOTS ( 'NONE', 3,
 ( #6539, #3980, #5977, #6468, #5324, #5936, #3476, #7773, #864, #5855, #2133, #317, #2825, #2865, #5362, #6589 ),
 .UNSPECIFIED., .F., .F.,
 ( 4, 2, 2, 2, 2, 2, 2, 4 ),
 ( 0.000000000000000000, 0.0005897783937041232343, 0.001179556787408246469, 0.001769335181112369378, 0.002359113574816492937, 0.003538670362224796435, 0.004128448755928965097, 0.004718227149633133326 ),
 .UNSPECIFIED. ) ;
#5909 = CYLINDRICAL_SURFACE ( 'NONE', #4765, 7.499999999999996447 ) ;
#5910 = DIRECTION ( 'NONE',  ( -1.000000000000000000, 0.000000000000000000, 0.000000000000000000 ) ) ;
#5911 = ORIENTED_EDGE ( 'NONE', *, *, #6305, .F. ) ;
#5912 = CARTESIAN_POINT ( 'NONE',  ( 40.00000000000000711, -25.00000000000000000, -120.0000000000000000 ) ) ;
#5913 = DIRECTION ( 'NONE',  ( -1.328854294458928937E-16, 0.7071067811865451302, -0.7071067811865500152 ) ) ;
#5914 = EDGE_CURVE ( 'NONE', #4598, #4082, #1173, .T. ) ;
#5915 = ORIENTED_EDGE ( 'NONE', *, *, #607, .F. ) ;
#5916 = CARTESIAN_POINT ( 'NONE',  ( 45.00000000000002132, -40.00000000000000711, -8.500000000000000000 ) ) ;
#5917 = DIRECTION ( 'NONE',  ( -0.000000000000000000, -0.000000000000000000, 1.000000000000000000 ) ) ;
#5918 = ORIENTED_EDGE ( 'NONE', *, *, #7104, .T. ) ;
#5919 = CARTESIAN_POINT ( 'NONE',  ( -28.12499999999999289, 32.50000000000000000, -123.0000000000000000 ) ) ;
#5920 = FACE_OUTER_BOUND ( 'NONE', #1349, .T. ) ;
#5921 = AXIS2_PLACEMENT_3D ( 'NONE', #3683, #1237, #8062 ) ;
#5922 = AXIS2_PLACEMENT_3D ( 'NONE', #521, #6054, #4796 ) ;
#5923 = VECTOR ( 'NONE', #3502, 1000.000000000000000 ) ;
#5924 = CIRCLE ( 'NONE', #29, 6.499999999999999112 ) ;
#5925 = CIRCLE ( 'NONE', #5534, 0.2500000000000002220 ) ;
#5926 = EDGE_LOOP ( 'NONE', ( #2864, #6578, #2552, #4073 ) ) ;
#5927 = ORIENTED_EDGE ( 'NONE', *, *, #701, .T. ) ;
#5928 = FACE_BOUND ( 'NONE', #1369, .T. ) ;
#5929 =( NAMED_UNIT ( * ) SI_UNIT ( $, .STERADIAN. ) SOLID_ANGLE_UNIT ( ) );
#5930 = VERTEX_POINT ( 'NONE', #6199 ) ;
#5931 = DIRECTION ( 'NONE',  ( 3.009265538105055678E-33, -2.168404344971008560E-17, 1.000000000000000000 ) ) ;
#5932 =( NAMED_UNIT ( * ) PLANE_ANGLE_UNIT ( ) SI_UNIT ( $, .RADIAN. ) );
#5933 = VECTOR ( 'NONE', #410, 1000.000000000000000 ) ;
#5934 = ORIENTED_EDGE ( 'NONE', *, *, #3955, .F. ) ;
#5935 = CIRCLE ( 'NONE', #7498, 2.500000000000015987 ) ;
#5936 = CARTESIAN_POINT ( 'NONE',  ( 2.693994981974717540, 9.630605869602629099, -140.6654587803676577 ) ) ;
#5937 = CARTESIAN_POINT ( 'NONE',  ( 6.750000000000001776, 4.750000000000000000, 7.249999999999999112 ) ) ;
#5938 = ORIENTED_EDGE ( 'NONE', *, *, #594, .F. ) ;
#5939 = DIRECTION ( 'NONE',  ( 0.06723167585288818138, 0.9977373911816738161, -5.551115123125782702E-17 ) ) ;
#5940 = CARTESIAN_POINT ( 'NONE',  ( -15.00000000000000000, -2.500000000000002665, 0.000000000000000000 ) ) ;
#5941 = DIRECTION ( 'NONE',  ( -0.000000000000000000, -0.000000000000000000, 1.000000000000000000 ) ) ;
#5942 = DIRECTION ( 'NONE',  ( -1.000000000000000000, -0.000000000000000000, -0.000000000000000000 ) ) ;
#5943 = CARTESIAN_POINT ( 'NONE',  ( -15.00000000000000000, 2.499999999999995559, 3.000000000000004441 ) ) ;
#5944 = VECTOR ( 'NONE', #530, 1000.000000000000000 ) ;
#5945 = EDGE_LOOP ( 'NONE', ( #7670, #1177 ) ) ;
#5946 = LINE ( 'NONE', #3449, #3211 ) ;
#5947 = PLANE ( 'NONE',  #51 ) ;
#5948 = EDGE_CURVE ( 'NONE', #3840, #7302, #7465, .T. ) ;
#5949 = CARTESIAN_POINT ( 'NONE',  ( 3.750000000000003997, -4.750000000000000000, -7.500000000000000000 ) ) ;
#5950 = ORIENTED_EDGE ( 'NONE', *, *, #6894, .F. ) ;
#5951 = CARTESIAN_POINT ( 'NONE',  ( 4.000000000000004441, 5.000000000000000000, 7.500000000000000000 ) ) ;
#5952 = PLANE ( 'NONE',  #5278 ) ;
#5953 = ADVANCED_FACE ( 'NONE', ( #1216, #3214 ), #4323, .T. ) ;
#5954 = EDGE_CURVE ( 'NONE', #3201, #6694, #4707, .T. ) ;
#5955 = ORIENTED_EDGE ( 'NONE', *, *, #7080, .F. ) ;
#5956 =( NAMED_UNIT ( * ) PLANE_ANGLE_UNIT ( ) SI_UNIT ( $, .RADIAN. ) );
#5957 = DIRECTION ( 'NONE',  ( 1.000000000000000000, 0.000000000000000000, 0.000000000000000000 ) ) ;
#5958 = CIRCLE ( 'NONE', #464, 2.000000000000001776 ) ;
#5959 = ORIENTED_EDGE ( 'NONE', *, *, #5640, .T. ) ;
#5960 = FACE_OUTER_BOUND ( 'NONE', #2329, .T. ) ;
#5961 = DIRECTION ( 'NONE',  ( 0.000000000000000000, 0.000000000000000000, 1.000000000000000000 ) ) ;
#5962 = DIRECTION ( 'NONE',  ( -1.000000000000000000, -9.251858538542963939E-16, 0.000000000000000000 ) ) ;
#5963 = EDGE_CURVE ( 'NONE', #1085, #1232, #5629, .T. ) ;
#5964 = EDGE_CURVE ( 'NONE', #7158, #2904, #1920, .T. ) ;
#5965 = VECTOR ( 'NONE', #491, 1000.000000000000000 ) ;
#5966 = CARTESIAN_POINT ( 'NONE',  ( 24.99999999999998934, -1.081617080994607490E-14, -8.500000000000000000 ) ) ;
#5967 = ORIENTED_EDGE ( 'NONE', *, *, #6296, .T. ) ;
#5968 = ORIENTED_EDGE ( 'NONE', *, *, #7685, .F. ) ;
#5969 = FACE_BOUND ( 'NONE', #2645, .T. ) ;
#5970 = DIRECTION ( 'NONE',  ( 1.000000000000000000, 0.000000000000000000, 0.000000000000000000 ) ) ;
#5971 = VERTEX_POINT ( 'NONE', #1346 ) ;
#5972 = VERTEX_POINT ( 'NONE', #4409 ) ;
#5973 = CARTESIAN_POINT ( 'NONE',  ( 38.00000000000000000, 39.99999999999999289, -120.0000000000000000 ) ) ;
#5974 = CIRCLE ( 'NONE', #2436, 2.700000000000000622 ) ;
#5975 = ORIENTED_EDGE ( 'NONE', *, *, #6279, .F. ) ;
#5976 = VECTOR ( 'NONE', #62, 1000.000000000000000 ) ;
#5977 = CARTESIAN_POINT ( 'NONE',  ( 2.980296469647116808, 9.545651073967446720, -141.6045409833771771 ) ) ;
#5978 = DIRECTION ( 'NONE',  ( 1.000000000000000000, 0.000000000000000000, 0.000000000000000000 ) ) ;
#5979 = ORIENTED_EDGE ( 'NONE', *, *, #2466, .T. ) ;
#5980 = DIRECTION ( 'NONE',  ( -5.551115123125782702E-17, -2.775557561562891351E-17, -1.000000000000000000 ) ) ;
#5981 = CARTESIAN_POINT ( 'NONE',  ( 0.000000000000000000, -3.518949890710769246, 3.035766082959412415E-15 ) ) ;
#5982 = DIRECTION ( 'NONE',  ( 0.000000000000000000, 0.000000000000000000, 1.000000000000000000 ) ) ;
#5983 = DIRECTION ( 'NONE',  ( 1.000000000000000000, 0.000000000000000000, 0.000000000000000000 ) ) ;
#5984 = ADVANCED_FACE ( 'NONE', ( #1389, #3127 ), #13, .F. ) ;
#5985 = CIRCLE ( 'NONE', #5337, 0.2500000000000002220 ) ;
#5986 = VERTEX_POINT ( 'NONE', #6898 ) ;
#5987 = DIRECTION ( 'NONE',  ( 0.000000000000000000, -0.000000000000000000, 1.000000000000000000 ) ) ;
#5988 = LINE ( 'NONE', #1036, #1762 ) ;
#5989 = CARTESIAN_POINT ( 'NONE',  ( 4.000000000000002665, 9.000000000000001776, 7.500000000000000000 ) ) ;
#5990 = EDGE_LOOP ( 'NONE', ( #2025, #2367, #5294, #6297 ) ) ;
#5991 = DIRECTION ( 'NONE',  ( -0.000000000000000000, 0.000000000000000000, 1.000000000000000000 ) ) ;
#5992 = CARTESIAN_POINT ( 'NONE',  ( 25.00000000000000711, 40.00000000000000711, -115.0000000000000142 ) ) ;
#5993 = ORIENTED_EDGE ( 'NONE', *, *, #4012, .F. ) ;
#5994 = PLANE ( 'NONE',  #3135 ) ;
#5995 = EDGE_CURVE ( 'NONE', #2460, #4076, #1306, .T. ) ;
#5996 = DIRECTION ( 'NONE',  ( -0.000000000000000000, -0.000000000000000000, 1.000000000000000000 ) ) ;
#5997 = EDGE_LOOP ( 'NONE', ( #7932, #3212, #5472, #246 ) ) ;
#5998 = DIRECTION ( 'NONE',  ( -0.000000000000000000, -0.000000000000000000, -1.000000000000000000 ) ) ;
#5999 = CARTESIAN_POINT ( 'NONE',  ( 0.000000000000000000, 4.750000000000000000, 7.249999999999999112 ) ) ;
#6000 = DIRECTION ( 'NONE',  ( -2.407412430484044543E-32, 1.734723475976806848E-16, 1.000000000000000000 ) ) ;
#6001 = B_SPLINE_CURVE_WITH_KNOTS ( 'NONE', 3,
 ( #5336, #459, #2921, #2960 ),
 .UNSPECIFIED., .F., .F.,
 ( 4, 4 ),
 ( 0.007137118891043341129, 0.01004830052391884193 ),
 .UNSPECIFIED. ) ;
#6002 = EDGE_CURVE ( 'NONE', #368, #5904, #6154, .T. ) ;
#6003 = CARTESIAN_POINT ( 'NONE',  ( -54.99999999999998579, -30.00000000000001421, -8.500000000000000000 ) ) ;
#6004 = ADVANCED_FACE ( 'NONE', ( #7550 ), #7049, .F. ) ;
#6005 = EDGE_LOOP ( 'NONE', ( #7537, #4809, #4974, #5229 ) ) ;
#6006 = ORIENTED_EDGE ( 'NONE', *, *, #4988, .T. ) ;
#6007 = CARTESIAN_POINT ( 'NONE',  ( 7.000000000000001776, 4.750000000000000000, 7.500000000000000000 ) ) ;
#6008 = EDGE_LOOP ( 'NONE', ( #3230, #7737, #4546, #5514 ) ) ;
#6009 = ORIENTED_EDGE ( 'NONE', *, *, #5654, .F. ) ;
#6010 = CARTESIAN_POINT ( 'NONE',  ( 3.000000000000002220, -10.00000000000000000, 7.500000000000000000 ) ) ;
#6011 = VECTOR ( 'NONE', #2195, 1000.000000000000000 ) ;
#6012 = ORIENTED_EDGE ( 'NONE', *, *, #4069, .F. ) ;
#6013 = DIRECTION ( 'NONE',  ( 0.000000000000000000, -0.000000000000000000, 1.000000000000000000 ) ) ;
#6014 = COLOUR_RGB ( '',0.7921568627450980005, 0.8196078431372548767, 0.9333333333333333481 ) ;
#6015 = EDGE_CURVE ( 'NONE', #6563, #6237, #3124, .T. ) ;
#6016 = CARTESIAN_POINT ( 'NONE',  ( 3.750000000000006661, 1.951563910473911531E-15, -7.500000000000000000 ) ) ;
#6017 = ORIENTED_EDGE ( 'NONE', *, *, #2457, .F. ) ;
#6018 = CARTESIAN_POINT ( 'NONE',  ( 55.00000000000000000, 29.99999999999999645, 7.500000000000000000 ) ) ;
#6019 = DIRECTION ( 'NONE',  ( -0.000000000000000000, -1.000000000000000000, -0.000000000000000000 ) ) ;
#6020 = CARTESIAN_POINT ( 'NONE',  ( 25.00000000000000711, 40.00000000000000711, 24.99999999999999289 ) ) ;
#6021 = FACE_OUTER_BOUND ( 'NONE', #5340, .T. ) ;
#6022 =( REPRESENTATION_RELATIONSHIP ('NONE','NONE', #4940, #3269 ) REPRESENTATION_RELATIONSHIP_WITH_TRANSFORMATION ( #2275 )SHAPE_REPRESENTATION_RELATIONSHIP( ) );
#6023 = EDGE_LOOP ( 'NONE', ( #2204, #1722, #3740, #2860 ) ) ;
#6024 = CARTESIAN_POINT ( 'NONE',  ( -25.00000000000000711, -40.00000000000000711, -120.0000000000000000 ) ) ;
#6025 = FACE_OUTER_BOUND ( 'NONE', #7234, .T. ) ;
#6026 = CARTESIAN_POINT ( 'NONE',  ( 4.000000000000000000, -2.639212418033079821, -1.523749999999997717 ) ) ;
#6027 = VERTEX_POINT ( 'NONE', #8084 ) ;
#6028 = CARTESIAN_POINT ( 'NONE',  ( -27.48053287425020841, 26.92730318665038070, 0.000000000000000000 ) ) ;
#6029 = VECTOR ( 'NONE', #6876, 1000.000000000000000 ) ;
#6030 = FACE_BOUND ( 'NONE', #2755, .T. ) ;
#6031 = DIRECTION ( 'NONE',  ( 1.000000000000000000, 0.000000000000000000, 0.000000000000000000 ) ) ;
#6032 = VERTEX_POINT ( 'NONE', #5103 ) ;
#6033 = DIRECTION ( 'NONE',  ( 1.000000000000000000, 0.000000000000000000, 0.000000000000000000 ) ) ;
#6034 = CARTESIAN_POINT ( 'NONE',  ( 0.000000000000000000, -9.750000000000000000, 7.249999999999999112 ) ) ;
#6035 = CARTESIAN_POINT ( 'NONE',  ( 1.000000000000001998, 10.00000000000000000, -7.249999999999999112 ) ) ;
#6036 = CARTESIAN_POINT ( 'NONE',  ( 32.50000000000000711, 32.50000000000000000, -120.0000000000000000 ) ) ;
#6037 = VERTEX_POINT ( 'NONE', #2480 ) ;
#6038 = EDGE_LOOP ( 'NONE', ( #6557, #6339, #7641, #4571 ) ) ;
#6039 = CARTESIAN_POINT ( 'NONE',  ( 25.00000000000000711, -32.50000000000000000, -120.0000000000000000 ) ) ;
#6040 = CARTESIAN_POINT ( 'NONE',  ( -3.000000000000000000, 9.539392014169456147, -170.0000000000000853 ) ) ;
#6041 = ORIENTED_EDGE ( 'NONE', *, *, #4991, .T. ) ;
#6042 = ORIENTED_EDGE ( 'NONE', *, *, #5595, .F. ) ;
#6043 = VECTOR ( 'NONE', #4559, 1000.000000000000000 ) ;
#6044 = CYLINDRICAL_SURFACE ( 'NONE', #3017, 24.99999999999999645 ) ;
#6045 = CIRCLE ( 'NONE', #7742, 0.9999999999999995559 ) ;
#6046 = AXIS2_PLACEMENT_3D ( 'NONE', #1009, #304, #5962 ) ;
#6047 = EDGE_CURVE ( 'NONE', #5116, #5391, #6326, .T. ) ;
#6048 = ORIENTED_EDGE ( 'NONE', *, *, #6581, .T. ) ;
#6049 = AXIS2_PLACEMENT_3D ( 'NONE', #3343, #3142, #1839 ) ;
#6050 = AXIS2_PLACEMENT_3D ( 'NONE', #5749, #1384, #4928 ) ;
#6051 = CIRCLE ( 'NONE', #4357, 6.499999999999999112 ) ;
#6052 = DIRECTION ( 'NONE',  ( 1.000000000000000000, 0.000000000000000000, 0.000000000000000000 ) ) ;
#6053 = PRODUCT_DEFINITION_SHAPE ( 'NONE', 'NONE',  #8100 ) ;
#6054 = DIRECTION ( 'NONE',  ( 0.000000000000000000, 0.000000000000000000, 1.000000000000000000 ) ) ;
#6055 = ORIENTED_EDGE ( 'NONE', *, *, #3929, .T. ) ;
#6056 = AXIS2_PLACEMENT_3D ( 'NONE', #7082, #4644, #2481 ) ;
#6057 = CARTESIAN_POINT ( 'NONE',  ( 37.99999999999999289, -40.00000000000000711, -120.0000000000000000 ) ) ;
#6058 = DIRECTION ( 'NONE',  ( 0.000000000000000000, 0.000000000000000000, -1.000000000000000000 ) ) ;
#6059 = CARTESIAN_POINT ( 'NONE',  ( -32.49999999999999289, 32.50000000000000000, -123.0000000000000000 ) ) ;
#6060 = AXIS2_PLACEMENT_3D ( 'NONE', #4583, #5315, #858 ) ;
#6061 = CARTESIAN_POINT ( 'NONE',  ( 27.48053287425020841, 26.92730318665038070, -15.00000000000001421 ) ) ;
#6062 = AXIS2_PLACEMENT_3D ( 'NONE', #7947, #4810, #4726 ) ;
#6063 = ADVANCED_FACE ( 'NONE', ( #2603 ), #1264, .T. ) ;
#6064 = CIRCLE ( 'NONE', #7893, 2.000000000000001776 ) ;
#6065 = ORIENTED_EDGE ( 'NONE', *, *, #1676, .F. ) ;
#6066 = DIRECTION ( 'NONE',  ( -0.000000000000000000, -0.000000000000000000, 1.000000000000000000 ) ) ;
#6067 = AXIS2_PLACEMENT_3D ( 'NONE', #2833, #2222, #5330 ) ;
#6068 = CARTESIAN_POINT ( 'NONE',  ( 1.979845658621553928E-15, -10.00000000000000000, 7.500000000000000000 ) ) ;
#6069 = CARTESIAN_POINT ( 'NONE',  ( -25.00000000000000711, 32.50000000000000000, -15.00000000000001421 ) ) ;
#6070 = ORIENTED_EDGE ( 'NONE', *, *, #908, .T. ) ;
#6071 = CARTESIAN_POINT ( 'NONE',  ( -40.00000000000001421, 15.00000000000000000, -8.500000000000000000 ) ) ;
#6072 = ADVANCED_FACE ( 'NONE', ( #3753 ), #4493, .F. ) ;
#6073 = AXIS2_PLACEMENT_3D ( 'NONE', #3613, #3687, #7449 ) ;
#6074 = ITEM_DEFINED_TRANSFORMATION ( 'NONE', 'NONE', #2852,  #5854 ) ;
#6075 = CARTESIAN_POINT ( 'NONE',  ( 0.000000000000000000, 0.000000000000000000, 0.000000000000000000 ) ) ;
#6076 = DIRECTION ( 'NONE',  ( 1.000000000000000000, 0.000000000000000000, 0.000000000000000000 ) ) ;
#6077 = ORIENTED_EDGE ( 'NONE', *, *, #7052, .T. ) ;
#6078 = DIRECTION ( 'NONE',  ( -1.000000000000000000, -0.000000000000000000, -0.000000000000000000 ) ) ;
#6079 = DIRECTION ( 'NONE',  ( 0.000000000000000000, 0.000000000000000000, 1.000000000000000000 ) ) ;
#6080 = DIRECTION ( 'NONE',  ( -1.000000000000000000, 0.000000000000000000, -0.000000000000000000 ) ) ;
#6081 = ORIENTED_EDGE ( 'NONE', *, *, #7050, .T. ) ;
#6082 = ORIENTED_EDGE ( 'NONE', *, *, #7838, .F. ) ;
#6083 = FACE_BOUND ( 'NONE', #4282, .T. ) ;
#6084 = LINE ( 'NONE', #4935, #3703 ) ;
#6085 = ORIENTED_EDGE ( 'NONE', *, *, #2821, .T. ) ;
#6086 = ORIENTED_EDGE ( 'NONE', *, *, #2740, .T. ) ;
#6087 = CARTESIAN_POINT ( 'NONE',  ( -6.938893903907228378E-15, -1.387778780781445676E-14, 2.499999999999999556 ) ) ;
#6088 = PLANE ( 'NONE',  #6459 ) ;
#6089 = AXIS2_PLACEMENT_3D ( 'NONE', #2265, #6477, #4769 ) ;
#6090 = ORIENTED_EDGE ( 'NONE', *, *, #1925, .T. ) ;
#6091 = FACE_OUTER_BOUND ( 'NONE', #1119, .T. ) ;
#6092 = FACE_OUTER_BOUND ( 'NONE', #5081, .T. ) ;
#6093 = AXIS2_PLACEMENT_3D ( 'NONE', #1368, #3890, #781 ) ;
#6094 = ORIENTED_EDGE ( 'NONE', *, *, #3723, .T. ) ;
#6095 = CARTESIAN_POINT ( 'NONE',  ( 8.000000000000000000, 7.960204194457795477E-16, -6.500000000000000000 ) ) ;
#6096 = DIRECTION ( 'NONE',  ( 0.000000000000000000, 0.000000000000000000, -1.000000000000000000 ) ) ;
#6097 = CARTESIAN_POINT ( 'NONE',  ( 4.000000000000004441, -5.000000000000000000, -7.249999999999999112 ) ) ;
#6098 = DIRECTION ( 'NONE',  ( 0.000000000000000000, 0.000000000000000000, 1.000000000000000000 ) ) ;
#6099 = ADVANCED_FACE ( 'NONE', ( #1996 ), #6982, .F. ) ;
#6100 = EDGE_LOOP ( 'NONE', ( #1753, #3940, #4483, #5244 ) ) ;
#6101 = VECTOR ( 'NONE', #2198, 1000.000000000000000 ) ;
#6102 = EDGE_CURVE ( 'NONE', #57, #6544, #4580, .T. ) ;
#6103 = CARTESIAN_POINT ( 'NONE',  ( 2.500000000000004441, 0.000000000000000000, 0.000000000000000000 ) ) ;
#6104 = EDGE_CURVE ( 'NONE', #2868, #5303, #4187, .T. ) ;
#6105 = ADVANCED_FACE ( 'NONE', ( #222 ), #6523, .F. ) ;
#6106 = DIRECTION ( 'NONE',  ( 0.000000000000000000, 0.000000000000000000, -1.000000000000000000 ) ) ;
#6107 = DIRECTION ( 'NONE',  ( 1.000000000000000000, 0.000000000000000000, 0.000000000000000000 ) ) ;
#6108 = CARTESIAN_POINT ( 'NONE',  ( 0.000000000000000000, 6.000000000000000000, -172.0000000000000000 ) ) ;
#6109 = CIRCLE ( 'NONE', #1154, 2.499999999999995115 ) ;
#6110 = DIRECTION ( 'NONE',  ( 0.000000000000000000, 0.000000000000000000, -1.000000000000000000 ) ) ;
#6111 = DIRECTION ( 'NONE',  ( -0.000000000000000000, -0.000000000000000000, -1.000000000000000000 ) ) ;
#6112 = VERTEX_POINT ( 'NONE', #765 ) ;
#6113 = CARTESIAN_POINT ( 'NONE',  ( 2.500000000000000000, -1.178949249685219858, -2.041999999999998927 ) ) ;
#6114 = CARTESIAN_POINT ( 'NONE',  ( 4.653657836759939574E-15, 6.000000000000000000, -139.0000000000000000 ) ) ;
#6115 = DIRECTION ( 'NONE',  ( -0.000000000000000000, -0.000000000000000000, 1.000000000000000000 ) ) ;
#6116 = ORIENTED_EDGE ( 'NONE', *, *, #2497, .F. ) ;
#6117 = EDGE_LOOP ( 'NONE', ( #6226, #3341, #3378 ) ) ;
#6118 = DIRECTION ( 'NONE',  ( 0.000000000000000000, 0.000000000000000000, -1.000000000000000000 ) ) ;
#6119 = FACE_OUTER_BOUND ( 'NONE', #5101, .T. ) ;
#6120 = ORIENTED_EDGE ( 'NONE', *, *, #1916, .T. ) ;
#6121 = VERTEX_POINT ( 'NONE', #4690 ) ;
#6122 = FACE_OUTER_BOUND ( 'NONE', #3920, .T. ) ;
#6123 = LINE ( 'NONE', #5943, #5684 ) ;
#6124 = VECTOR ( 'NONE', #5726, 1000.000000000000114 ) ;
#6125 = ORIENTED_EDGE ( 'NONE', *, *, #1702, .F. ) ;
#6126 = DIRECTION ( 'NONE',  ( -1.000000000000000000, 0.000000000000000000, -0.000000000000000000 ) ) ;
#6127 = PRODUCT_DEFINITION ( 'UNKNOWN', '', #5339, #516 ) ;
#6128 = PLANE ( 'NONE',  #4349 ) ;
#6129 = VERTEX_POINT ( 'NONE', #802 ) ;
#6130 = CARTESIAN_POINT ( 'NONE',  ( -40.00000000000001421, 15.00000000000000000, 7.500000000000000000 ) ) ;
#6131 = AXIS2_PLACEMENT_3D ( 'NONE', #4284, #6118, #6771 ) ;
#6132 = DIRECTION ( 'NONE',  ( -0.000000000000000000, -0.000000000000000000, 1.000000000000000000 ) ) ;
#6133 = DIRECTION ( 'NONE',  ( -1.000000000000000000, -0.000000000000000000, -0.000000000000000000 ) ) ;
#6134 = DIRECTION ( 'NONE',  ( 0.000000000000000000, 0.000000000000000000, -1.000000000000000000 ) ) ;
#6135 = EDGE_CURVE ( 'NONE', #5696, #7890, #7174, .T. ) ;
#6136 = ORIENTED_EDGE ( 'NONE', *, *, #4657, .F. ) ;
#6137 = STYLED_ITEM ( 'NONE', ( #3743 ), #6375 ) ;
#6138 = CARTESIAN_POINT ( 'NONE',  ( 4.000000000000000000, 0.000000000000000000, 0.000000000000000000 ) ) ;
#6139 = DIRECTION ( 'NONE',  ( 1.000000000000000000, 0.000000000000000000, -0.000000000000000000 ) ) ;
#6140 = CARTESIAN_POINT ( 'NONE',  ( 4.653657836759939574E-15, 6.000000000000000000, -142.0000000000000284 ) ) ;
#6141 = FACE_OUTER_BOUND ( 'NONE', #7726, .T. ) ;
#6142 = EDGE_CURVE ( 'NONE', #3453, #500, #3260, .T. ) ;
#6143 = EDGE_CURVE ( 'NONE', #7673, #3180, #1824, .T. ) ;
#6144 =( NAMED_UNIT ( * ) PLANE_ANGLE_UNIT ( ) SI_UNIT ( $, .RADIAN. ) );
#6145 = DIRECTION ( 'NONE',  ( 1.000000000000000000, 0.000000000000000000, 0.000000000000000000 ) ) ;
#6146 = ORIENTED_EDGE ( 'NONE', *, *, #949, .T. ) ;
#6147 = DIRECTION ( 'NONE',  ( -1.000000000000000000, -0.000000000000000000, -0.000000000000000000 ) ) ;
#6148 = CARTESIAN_POINT ( 'NONE',  ( 0.000000000000000000, 0.000000000000000000, -5.700000000000001066 ) ) ;
#6149 = DIRECTION ( 'NONE',  ( -1.000000000000000000, 0.000000000000000000, 0.000000000000000000 ) ) ;
#6150 = CIRCLE ( 'NONE', #2631, 6.499999999999999112 ) ;
#6151 = ADVANCED_FACE ( 'NONE', ( #3291 ), #7631, .T. ) ;
#6152 = ORIENTED_EDGE ( 'NONE', *, *, #641, .F. ) ;
#6153 = ORIENTED_EDGE ( 'NONE', *, *, #1761, .F. ) ;
#6154 = LINE ( 'NONE', #5679, #7705 ) ;
#6155 = CYLINDRICAL_SURFACE ( 'NONE', #7881, 4.000000000000003553 ) ;
#6156 = ORIENTED_EDGE ( 'NONE', *, *, #7144, .F. ) ;
#6157 = ORIENTED_EDGE ( 'NONE', *, *, #1596, .T. ) ;
#6158 = FACE_OUTER_BOUND ( 'NONE', #3518, .T. ) ;
#6159 = DIRECTION ( 'NONE',  ( -1.000000000000000000, 0.000000000000000000, 0.000000000000000000 ) ) ;
#6160 = ORIENTED_EDGE ( 'NONE', *, *, #4659, .T. ) ;
#6161 = AXIS2_PLACEMENT_3D ( 'NONE', #1981, #7252, #1032 ) ;
#6162 = CARTESIAN_POINT ( 'NONE',  ( 38.46194077712559789, 4.710229266170193264E-15, 24.99999999999999645 ) ) ;
#6163 = AXIS2_PLACEMENT_3D ( 'NONE', #1520, #5405, #3436 ) ;
#6164 = DIRECTION ( 'NONE',  ( 1.000000000000000000, 0.000000000000000000, 0.000000000000000000 ) ) ;
#6165 = VERTEX_POINT ( 'NONE', #2769 ) ;
#6166 = CARTESIAN_POINT ( 'NONE',  ( 1.979845658621553928E-15, 10.00000000000000000, -7.249999999999999112 ) ) ;
#6167 = AXIS2_PLACEMENT_3D ( 'NONE', #8007, #6697, #7392 ) ;
#6168 = CARTESIAN_POINT ( 'NONE',  ( 45.00000000000000711, 29.99999999999999289, 7.500000000000000000 ) ) ;
#6169 = LINE ( 'NONE', #572, #5254 ) ;
#6170 = LINE ( 'NONE', #3067, #2200 ) ;
#6171 = VECTOR ( 'NONE', #7305, 1000.000000000000000 ) ;
#6172 = AXIS2_PLACEMENT_3D ( 'NONE', #3380, #6911, #6826 ) ;
#6173 = ORIENTED_EDGE ( 'NONE', *, *, #4285, .F. ) ;
#6174 = DIRECTION ( 'NONE',  ( 1.000000000000000000, 0.000000000000000000, 0.000000000000000000 ) ) ;
#6175 = MECHANICAL_DESIGN_GEOMETRIC_PRESENTATION_REPRESENTATION (  '', ( #562 ), #1749 ) ;
#6176 = VECTOR ( 'NONE', #3372, 1000.000000000000000 ) ;
#6177 = EDGE_LOOP ( 'NONE', ( #5440, #5756, #7365, #7381, #3459 ) ) ;
#6178 = DIRECTION ( 'NONE',  ( -1.000000000000000000, 0.000000000000000000, 0.000000000000000000 ) ) ;
#6179 = CARTESIAN_POINT ( 'NONE',  ( -3.000000000000000444, 9.539392014169454370, -172.0000000000000000 ) ) ;
#6180 = DIRECTION ( 'NONE',  ( 0.000000000000000000, 0.000000000000000000, 1.000000000000000000 ) ) ;
#6181 = VECTOR ( 'NONE', #2637, 1000.000000000000000 ) ;
#6182 = VECTOR ( 'NONE', #680, 1000.000000000000000 ) ;
#6183 = AXIS2_PLACEMENT_3D ( 'NONE', #6140, #6721, #7984 ) ;
#6184 = VECTOR ( 'NONE', #2588, 1000.000000000000000 ) ;
#6185 = DIRECTION ( 'NONE',  ( 1.000000000000000000, 0.000000000000000000, 0.000000000000000000 ) ) ;
#6186 = EDGE_CURVE ( 'NONE', #6942, #1592, #5304, .T. ) ;
#6187 = LINE ( 'NONE', #2469, #5237 ) ;
#6188 = CARTESIAN_POINT ( 'NONE',  ( 3.000000000000003109, 6.000000000000000000, -142.0000000000000284 ) ) ;
#6189 = EDGE_CURVE ( 'NONE', #6577, #2043, #5233, .T. ) ;
#6190 = VERTEX_POINT ( 'NONE', #3253 ) ;
#6191 = LINE ( 'NONE', #629, #7617 ) ;
#6192 = LINE ( 'NONE', #2395, #8012 ) ;
#6193 = CYLINDRICAL_SURFACE ( 'NONE', #7218, 0.2500000000000002220 ) ;
#6194 = ADVANCED_FACE ( 'NONE', ( #5875 ), #1426, .T. ) ;
#6195 = VECTOR ( 'NONE', #3275, 1000.000000000000000 ) ;
#6196 = ADVANCED_FACE ( 'NONE', ( #7711 ), #5148, .F. ) ;
#6197 = ORIENTED_EDGE ( 'NONE', *, *, #4108, .F. ) ;
#6198 = ORIENTED_EDGE ( 'NONE', *, *, #5260, .T. ) ;
#6199 = CARTESIAN_POINT ( 'NONE',  ( 46.49999999999998579, -15.00000000000000000, -0.5000000000000004441 ) ) ;
#6200 = EDGE_CURVE ( 'NONE', #7703, #2114, #4838, .T. ) ;
#6201 = CARTESIAN_POINT ( 'NONE',  ( -25.00000000000000711, 33.51954211927168359, 30.00000000000000000 ) ) ;
#6202 = VERTEX_POINT ( 'NONE', #5916 ) ;
#6203 = ORIENTED_EDGE ( 'NONE', *, *, #3907, .T. ) ;
#6204 = CARTESIAN_POINT ( 'NONE',  ( 4.000000000000004441, 5.000000000000000000, 7.249999999999999112 ) ) ;
#6205 = DIRECTION ( 'NONE',  ( 0.000000000000000000, -0.000000000000000000, 1.000000000000000000 ) ) ;
#6206 = DIRECTION ( 'NONE',  ( -1.000000000000000000, 0.000000000000000000, 0.000000000000000000 ) ) ;
#6207 = EDGE_LOOP ( 'NONE', ( #4430, #628, #6481, #2212 ) ) ;
#6208 = EDGE_CURVE ( 'NONE', #5986, #3915, #782, .T. ) ;
#6209 = CARTESIAN_POINT ( 'NONE',  ( 32.50000000000000000, 25.00000000000000711, 0.000000000000000000 ) ) ;
#6210 = CARTESIAN_POINT ( 'NONE',  ( 15.00000000000000000, -3.500000000000000000, 1.999999999999994449 ) ) ;
#6211 = ORIENTED_EDGE ( 'NONE', *, *, #779, .T. ) ;
#6212 = DIRECTION ( 'NONE',  ( -0.000000000000000000, -0.000000000000000000, 1.000000000000000000 ) ) ;
#6213 = CARTESIAN_POINT ( 'NONE',  ( 25.00000000000000711, 32.50000000000000000, -120.0000000000000000 ) ) ;
#6214 = CARTESIAN_POINT ( 'NONE',  ( -32.50000000000000711, -32.50000000000000000, -123.0000000000000000 ) ) ;
#6215 = DIRECTION ( 'NONE',  ( 0.000000000000000000, 0.000000000000000000, -1.000000000000000000 ) ) ;
#6216 = AXIS2_PLACEMENT_3D ( 'NONE', #2798, #4063, #3370 ) ;
#6217 = ORIENTED_EDGE ( 'NONE', *, *, #5452, .T. ) ;
#6218 = AXIS2_PLACEMENT_3D ( 'NONE', #6424, #5207, #5285 ) ;
#6219 = LINE ( 'NONE', #742, #874 ) ;
#6220 = ORIENTED_EDGE ( 'NONE', *, *, #2998, .T. ) ;
#6221 = CARTESIAN_POINT ( 'NONE',  ( 3.000000000000002220, -10.00000000000000000, 7.249999999999999112 ) ) ;
#6222 = FACE_OUTER_BOUND ( 'NONE', #3714, .T. ) ;
#6223 = EDGE_CURVE ( 'NONE', #1085, #2294, #5358, .T. ) ;
#6224 = DIRECTION ( 'NONE',  ( -0.000000000000000000, -0.000000000000000000, 1.000000000000000000 ) ) ;
#6225 = AXIS2_PLACEMENT_3D ( 'NONE', #3413, #1498, #3493 ) ;
#6226 = ORIENTED_EDGE ( 'NONE', *, *, #497, .T. ) ;
#6227 = DIRECTION ( 'NONE',  ( -0.000000000000000000, 0.000000000000000000, 1.000000000000000000 ) ) ;
#6228 = DIRECTION ( 'NONE',  ( 1.000000000000000000, 0.000000000000000000, 0.000000000000000000 ) ) ;
#6229 = FACE_OUTER_BOUND ( 'NONE', #2180, .T. ) ;
#6230 = EDGE_LOOP ( 'NONE', ( #1716, #2307, #876, #2113 ) ) ;
#6231 = DIRECTION ( 'NONE',  ( -1.000000000000000000, -0.000000000000000000, -0.000000000000000000 ) ) ;
#6232 = FACE_OUTER_BOUND ( 'NONE', #2432, .T. ) ;
#6233 = CARTESIAN_POINT ( 'NONE',  ( -8.000000000000117240, 1.102182119232625011E-15, -172.0000000000000000 ) ) ;
#6234 = EDGE_CURVE ( 'NONE', #2194, #875, #7139, .T. ) ;
#6235 = ADVANCED_FACE ( 'NONE', ( #2115 ), #2351, .T. ) ;
#6236 = ORIENTED_EDGE ( 'NONE', *, *, #7040, .T. ) ;
#6237 = VERTEX_POINT ( 'NONE', #3997 ) ;
#6238 = CARTESIAN_POINT ( 'NONE',  ( -25.00000000000000711, -40.00000000000000711, -120.0000000000000000 ) ) ;
#6239 = FACE_OUTER_BOUND ( 'NONE', #6207, .T. ) ;
#6240 = EDGE_LOOP ( 'NONE', ( #2857, #4086, #2535, #1618 ) ) ;
#6241 = ORIENTED_EDGE ( 'NONE', *, *, #5754, .F. ) ;
#6242 = CARTESIAN_POINT ( 'NONE',  ( -32.50000000000000711, 32.50000000000000000, -120.0000000000000000 ) ) ;
#6243 = DIRECTION ( 'NONE',  ( -0.000000000000000000, -0.000000000000000000, 1.000000000000000000 ) ) ;
#6244 = LINE ( 'NONE', #1352, #2785 ) ;
#6245 = EDGE_CURVE ( 'NONE', #7318, #7709, #6488, .T. ) ;
#6246 = DIRECTION ( 'NONE',  ( -1.000000000000000000, -0.000000000000000000, 0.000000000000000000 ) ) ;
#6247 = ORIENTED_EDGE ( 'NONE', *, *, #816, .T. ) ;
#6248 = DIRECTION ( 'NONE',  ( 1.000000000000000000, 0.000000000000000000, 0.000000000000000000 ) ) ;
#6249 = PRODUCT_DEFINITION_SHAPE ( 'NONE', 'NONE',  #8110 ) ;
#6250 = FACE_BOUND ( 'NONE', #3232, .T. ) ;
#6251 = ORIENTED_EDGE ( 'NONE', *, *, #3552, .F. ) ;
#6252 = CARTESIAN_POINT ( 'NONE',  ( -38.46194077712559789, 0.000000000000000000, 0.000000000000000000 ) ) ;
#6253 = CARTESIAN_POINT ( 'NONE',  ( 1.000000000000001998, 9.750000000000000000, 7.500000000000000000 ) ) ;
#6254 = CARTESIAN_POINT ( 'NONE',  ( 0.000000000000000000, 0.000000000000000000, -135.0000000000000000 ) ) ;
#6255 = CARTESIAN_POINT ( 'NONE',  ( -32.50000000000000000, 25.00000000000000711, -120.0000000000000000 ) ) ;
#6256 = ORIENTED_EDGE ( 'NONE', *, *, #3193, .T. ) ;
#6257 = EDGE_CURVE ( 'NONE', #3345, #7894, #2927, .T. ) ;
#6258 = CARTESIAN_POINT ( 'NONE',  ( 40.00000000000000711, -38.00000000000000711, -120.0000000000000000 ) ) ;
#6259 = CIRCLE ( 'NONE', #6520, 7.500000000000000000 ) ;
#6260 = ORIENTED_EDGE ( 'NONE', *, *, #5964, .T. ) ;
#6261 = FACE_OUTER_BOUND ( 'NONE', #122, .T. ) ;
#6262 = CARTESIAN_POINT ( 'NONE',  ( 39.99999999999998579, -15.00000000000000000, -0.5000000000000004441 ) ) ;
#6263 = CYLINDRICAL_SURFACE ( 'NONE', #2532, 0.2500000000000002220 ) ;
#6264 = CIRCLE ( 'NONE', #7437, 3.000000000000002665 ) ;
#6265 = ORIENTED_EDGE ( 'NONE', *, *, #2541, .T. ) ;
#6266 = DIRECTION ( 'NONE',  ( -1.000000000000000000, -0.000000000000000000, -0.000000000000000000 ) ) ;
#6267 = DIRECTION ( 'NONE',  ( -0.000000000000000000, -0.000000000000000000, 1.000000000000000000 ) ) ;
#6268 = AXIS2_PLACEMENT_3D ( 'NONE', #1987, #4481, #1380 ) ;
#6269 = CARTESIAN_POINT ( 'NONE',  ( 0.000000000000000000, -3.518949890710769246, 3.035766082959412415E-15 ) ) ;
#6270 = ORIENTED_EDGE ( 'NONE', *, *, #6289, .T. ) ;
#6271 = CARTESIAN_POINT ( 'NONE',  ( 3.750000000000002220, -9.000000000000001776, 7.500000000000000000 ) ) ;
#6272 = CARTESIAN_POINT ( 'NONE',  ( -36.87499999999999289, 32.50000000000000000, -120.0000000000000000 ) ) ;
#6273 = LINE ( 'NONE', #591, #4626 ) ;
#6274 =( REPRESENTATION_RELATIONSHIP ('NONE','NONE', #4940, #3850 ) REPRESENTATION_RELATIONSHIP_WITH_TRANSFORMATION ( #4672 )SHAPE_REPRESENTATION_RELATIONSHIP( ) );
#6275 = AXIS2_PLACEMENT_3D ( 'NONE', #5999, #814, #3313 ) ;
#6276 = ORIENTED_EDGE ( 'NONE', *, *, #1044, .T. ) ;
#6277 = VERTEX_POINT ( 'NONE', #6608 ) ;
#6278 = DIRECTION ( 'NONE',  ( 1.000000000000000000, -0.000000000000000000, -0.000000000000000000 ) ) ;
#6279 = EDGE_CURVE ( 'NONE', #7273, #5743, #2350, .T. ) ;
#6280 = FACE_BOUND ( 'NONE', #2249, .T. ) ;
#6281 = ORIENTED_EDGE ( 'NONE', *, *, #5763, .F. ) ;
#6282 = ORIENTED_EDGE ( 'NONE', *, *, #3609, .T. ) ;
#6283 = CIRCLE ( 'NONE', #1850, 0.2500000000000002220 ) ;
#6284 = AXIS2_PLACEMENT_3D ( 'NONE', #2976, #6205, #3631 ) ;
#6285 = VECTOR ( 'NONE', #5210, 999.9999999999998863 ) ;
#6286 = AXIS2_PLACEMENT_3D ( 'NONE', #451, #2986, #3606 ) ;
#6287 = ORIENTED_EDGE ( 'NONE', *, *, #4457, .F. ) ;
#6288 = LINE ( 'NONE', #2489, #2474 ) ;
#6289 = EDGE_CURVE ( 'NONE', #2417, #5853, #2235, .T. ) ;
#6290 = DIRECTION ( 'NONE',  ( 0.000000000000000000, 0.000000000000000000, 1.000000000000000000 ) ) ;
#6291 = ORIENTED_EDGE ( 'NONE', *, *, #7574, .F. ) ;
#6292 = CARTESIAN_POINT ( 'NONE',  ( 1.979845658621553928E-15, -9.000000000000003553, -7.249999999999999112 ) ) ;
#6293 = DIRECTION ( 'NONE',  ( -1.000000000000000000, 0.000000000000000000, 0.000000000000000000 ) ) ;
#6294 = CYLINDRICAL_SURFACE ( 'NONE', #3674, 7.500000000000000000 ) ;
#6295 = CARTESIAN_POINT ( 'NONE',  ( -32.49999999999999289, 32.50000000000000000, 7.500000000000000888 ) ) ;
#6296 = EDGE_CURVE ( 'NONE', #2185, #5265, #4157, .T. ) ;
#6297 = ORIENTED_EDGE ( 'NONE', *, *, #7346, .F. ) ;
#6298 = CARTESIAN_POINT ( 'NONE',  ( -32.49999999999999289, 32.50000000000000000, -123.0000000000000000 ) ) ;
#6299 = DIRECTION ( 'NONE',  ( 0.000000000000000000, 0.000000000000000000, 1.000000000000000000 ) ) ;
#6300 = ORIENTED_EDGE ( 'NONE', *, *, #7052, .F. ) ;
#6301 = DIRECTION ( 'NONE',  ( -1.000000000000000000, -0.000000000000000000, -0.000000000000000000 ) ) ;
#6302 = DIRECTION ( 'NONE',  ( 1.000000000000000000, 0.000000000000000000, 0.000000000000000000 ) ) ;
#6303 = CARTESIAN_POINT ( 'NONE',  ( -15.00000000000000000, 3.500000000000000000, 0.000000000000000000 ) ) ;
#6304 = AXIS2_PLACEMENT_3D ( 'NONE', #6474, #6546, #2221 ) ;
#6305 = EDGE_CURVE ( 'NONE', #4741, #2520, #6725, .T. ) ;
#6306 = AXIS2_PLACEMENT_3D ( 'NONE', #7728, #238, #5978 ) ;
#6307 = VECTOR ( 'NONE', #2692, 999.9999999999998863 ) ;
#6308 = ORIENTED_EDGE ( 'NONE', *, *, #4417, .F. ) ;
#6309 = VECTOR ( 'NONE', #3663, 1000.000000000000000 ) ;
#6310 = CIRCLE ( 'NONE', #7226, 4.375000000000000000 ) ;
#6311 = CARTESIAN_POINT ( 'NONE',  ( 8.000000000000000000, 0.000000000000000000, 0.000000000000000000 ) ) ;
#6312 = EDGE_CURVE ( 'NONE', #6704, #1034, #1579, .T. ) ;
#6313 = CARTESIAN_POINT ( 'NONE',  ( -40.00000000000000000, -15.00000000000000000, -8.500000000000000000 ) ) ;
#6314 = VECTOR ( 'NONE', #631, 1000.000000000000000 ) ;
#6315 = CARTESIAN_POINT ( 'NONE',  ( 4.000000000000000000, -3.518949890710769246, 3.035766082959412415E-15 ) ) ;
#6316 = EDGE_LOOP ( 'NONE', ( #7582, #4704, #7598 ) ) ;
#6317 = CARTESIAN_POINT ( 'NONE',  ( 32.50000000000000000, -32.50000000000000000, -123.0000000000000000 ) ) ;
#6318 = CIRCLE ( 'NONE', #5014, 4.375000000000000000 ) ;
#6319 = CARTESIAN_POINT ( 'NONE',  ( 2.500000000000004441, 0.000000000000000000, 0.000000000000000000 ) ) ;
#6320 = CARTESIAN_POINT ( 'NONE',  ( -32.49999999999999289, 32.50000000000000000, 7.500000000000000888 ) ) ;
#6321 = CIRCLE ( 'NONE', #4885, 0.2500000000000002220 ) ;
#6322 = VECTOR ( 'NONE', #4347, 1000.000000000000000 ) ;
#6323 = VECTOR ( 'NONE', #4064, 1000.000000000000000 ) ;
#6324 = EDGE_LOOP ( 'NONE', ( #1391, #6247, #7148, #3011, #5782, #2135, #2293, #7329 ) ) ;
#6325 = ORIENTED_EDGE ( 'NONE', *, *, #5550, .T. ) ;
#6326 = LINE ( 'NONE', #726, #2091 ) ;
#6327 = DIRECTION ( 'NONE',  ( 0.000000000000000000, -1.000000000000000000, 0.000000000000000000 ) ) ;
#6328 = ORIENTED_EDGE ( 'NONE', *, *, #3259, .F. ) ;
#6329 = ORIENTED_EDGE ( 'NONE', *, *, #3551, .T. ) ;
#6330 = DIRECTION ( 'NONE',  ( 0.000000000000000000, 0.000000000000000000, 1.000000000000000000 ) ) ;
#6331 = DIRECTION ( 'NONE',  ( 0.000000000000000000, 0.000000000000000000, -1.000000000000000000 ) ) ;
#6332 = EDGE_CURVE ( 'NONE', #5738, #2039, #4963, .T. ) ;
#6333 = PRODUCT_DEFINITION_CONTEXT ( 'detailed design', #4343, 'design' ) ;
#6334 = AXIS2_PLACEMENT_3D ( 'NONE', #945, #5409, #1525 ) ;
#6335 = ORIENTED_EDGE ( 'NONE', *, *, #5561, .F. ) ;
#6336 = EDGE_CURVE ( 'NONE', #5067, #3511, #3265, .T. ) ;
#6337 = DIRECTION ( 'NONE',  ( -1.000000000000000000, 0.000000000000000000, 0.000000000000000000 ) ) ;
#6338 = CARTESIAN_POINT ( 'NONE',  ( -44.99999999999998579, -30.00000000000000711, 7.500000000000000000 ) ) ;
#6339 = ORIENTED_EDGE ( 'NONE', *, *, #1676, .T. ) ;
#6340 = CARTESIAN_POINT ( 'NONE',  ( 0.000000000000000000, 0.000000000000000000, -170.0000000000000853 ) ) ;
#6341 = LINE ( 'NONE', #6953, #5120 ) ;
#6342 = FACE_OUTER_BOUND ( 'NONE', #7101, .T. ) ;
#6343 = ORIENTED_EDGE ( 'NONE', *, *, #2496, .F. ) ;
#6344 = LINE ( 'NONE', #5172, #334 ) ;
#6345 = ADVANCED_FACE ( 'NONE', ( #2963 ), #4314, .T. ) ;
#6346 = AXIS2_PLACEMENT_3D ( 'NONE', #2934, #6687, #2468 ) ;
#6347 = ORIENTED_EDGE ( 'NONE', *, *, #6636, .F. ) ;
#6348 = DIRECTION ( 'NONE',  ( 1.000000000000000000, 1.387778780781445676E-16, 2.775557561562891351E-17 ) ) ;
#6349 = ORIENTED_EDGE ( 'NONE', *, *, #7949, .T. ) ;
#6350 = DIRECTION ( 'NONE',  ( -0.7071067811865376918, 0.000000000000000000, 0.7071067811865574537 ) ) ;
#6351 = DIRECTION ( 'NONE',  ( -0.000000000000000000, -0.000000000000000000, 1.000000000000000000 ) ) ;
#6352 = CYLINDRICAL_SURFACE ( 'NONE', #1109, 3.000000000000002665 ) ;
#6353 = ADVANCED_FACE ( 'NONE', ( #6030, #6564 ), #5994, .F. ) ;
#6354 = VECTOR ( 'NONE', #6791, 1000.000000000000000 ) ;
#6355 = ORIENTED_EDGE ( 'NONE', *, *, #6448, .T. ) ;
#6356 = EDGE_CURVE ( 'NONE', #4737, #5904, #2753, .T. ) ;
#6357 = MANIFOLD_SOLID_BREP ( 'Hex', #3809 ) ;
#6358 = DIRECTION ( 'NONE',  ( -1.000000000000000000, 0.000000000000000000, 0.000000000000000000 ) ) ;
#6359 = CYLINDRICAL_SURFACE ( 'NONE', #788, 20.00000000000000000 ) ;
#6360 = LINE ( 'NONE', #6269, #1886 ) ;
#6361 = VECTOR ( 'NONE', #3394, 1000.000000000000000 ) ;
#6362 = EDGE_LOOP ( 'NONE', ( #2936, #7521 ) ) ;
#6363 = FACE_OUTER_BOUND ( 'NONE', #1912, .T. ) ;
#6364 = PLANE ( 'NONE',  #6969 ) ;
#6365 = DIRECTION ( 'NONE',  ( -0.7071067811865369146, 8.659560562355062281E-17, -0.7071067811865582309 ) ) ;
#6366 = EDGE_CURVE ( 'NONE', #4036, #4598, #1574, .T. ) ;
#6367 = VECTOR ( 'NONE', #2109, 1000.000000000000000 ) ;
#6368 = EDGE_CURVE ( 'NONE', #1339, #7352, #4120, .T. ) ;
#6369 = ORIENTED_EDGE ( 'NONE', *, *, #8008, .F. ) ;
#6370 = ORIENTED_EDGE ( 'NONE', *, *, #2791, .F. ) ;
#6371 = DIRECTION ( 'NONE',  ( -1.000000000000000000, 9.251858538542963939E-16, 0.000000000000000000 ) ) ;
#6372 = ORIENTED_EDGE ( 'NONE', *, *, #6478, .F. ) ;
#6373 = ORIENTED_EDGE ( 'NONE', *, *, #6413, .F. ) ;
#6374 = PLANE ( 'NONE',  #4405 ) ;
#6375 = MANIFOLD_SOLID_BREP ( 'Move Face1', #4728 ) ;
#6376 = AXIS2_PLACEMENT_3D ( 'NONE', #4511, #1362, #6996 ) ;
#6377 = VERTEX_POINT ( 'NONE', #1861 ) ;
#6378 = EDGE_CURVE ( 'NONE', #5769, #615, #4711, .T. ) ;
#6379 = DIRECTION ( 'NONE',  ( -0.6916673493004876772, 0.7222162265635113654, 0.000000000000000000 ) ) ;
#6380 = FACE_BOUND ( 'NONE', #5945, .T. ) ;
#6381 = EDGE_LOOP ( 'NONE', ( #5179, #1046, #7096, #3404, #6085 ) ) ;
#6382 = AXIS2_PLACEMENT_3D ( 'NONE', #5448, #1117, #7405 ) ;
#6383 = DIRECTION ( 'NONE',  ( -1.000000000000000000, 0.000000000000000000, 0.000000000000000000 ) ) ;
#6384 = DIRECTION ( 'NONE',  ( -0.000000000000000000, 1.000000000000000000, 0.000000000000000000 ) ) ;
#6385 = FACE_OUTER_BOUND ( 'NONE', #1108, .T. ) ;
#6386 = ORIENTED_EDGE ( 'NONE', *, *, #3709, .F. ) ;
#6387 = CARTESIAN_POINT ( 'NONE',  ( -33.50000000000001421, 15.00000000000000000, 7.500000000000000000 ) ) ;
#6388 = ORIENTED_EDGE ( 'NONE', *, *, #4404, .T. ) ;
#6389 = DIRECTION ( 'NONE',  ( 2.775557561562891351E-17, 0.000000000000000000, -1.000000000000000000 ) ) ;
#6390 = ORIENTED_EDGE ( 'NONE', *, *, #2497, .T. ) ;
#6391 = CARTESIAN_POINT ( 'NONE',  ( 0.000000000000000000, 0.000000000000000000, 0.5000000000000013323 ) ) ;
#6392 = ADVANCED_FACE ( 'NONE', ( #2592 ), #49, .F. ) ;
#6393 = DIRECTION ( 'NONE',  ( -0.000000000000000000, -0.000000000000000000, -1.000000000000000000 ) ) ;
#6394 = CARTESIAN_POINT ( 'NONE',  ( -25.00000000000000711, 32.50000000000000000, -115.0000000000000142 ) ) ;
#6395 = ORIENTED_EDGE ( 'NONE', *, *, #1250, .T. ) ;
#6396 = AXIS2_PLACEMENT_3D ( 'NONE', #646, #6379, #66 ) ;
#6397 = DIRECTION ( 'NONE',  ( 0.000000000000000000, -0.000000000000000000, -1.000000000000000000 ) ) ;
#6398 = EDGE_CURVE ( 'NONE', #7633, #3671, #3035, .T. ) ;
#6399 = LINE ( 'NONE', #838, #7371 ) ;
#6400 = ORIENTED_EDGE ( 'NONE', *, *, #229, .F. ) ;
#6401 = PLANE ( 'NONE',  #5284 ) ;
#6402 = CARTESIAN_POINT ( 'NONE',  ( 0.2500000000000019984, -9.000000000000003553, -7.500000000000000000 ) ) ;
#6403 = AXIS2_PLACEMENT_3D ( 'NONE', #1541, #5266, #2075 ) ;
#6404 = CARTESIAN_POINT ( 'NONE',  ( 3.000000000000002220, 9.000000000000001776, -7.249999999999999112 ) ) ;
#6405 = EDGE_CURVE ( 'NONE', #350, #6873, #3531, .T. ) ;
#6406 = EDGE_LOOP ( 'NONE', ( #7464, #4673, #3319, #5083, #6276 ) ) ;
#6407 = ORIENTED_EDGE ( 'NONE', *, *, #5089, .T. ) ;
#6408 = DIRECTION ( 'NONE',  ( 1.000000000000000000, 0.000000000000000000, 0.000000000000000000 ) ) ;
#6409 = ORIENTED_EDGE ( 'NONE', *, *, #3407, .T. ) ;
#6410 = ORIENTED_EDGE ( 'NONE', *, *, #7292, .T. ) ;
#6411 = CARTESIAN_POINT ( 'NONE',  ( 25.00000000000000711, -40.00000000000000711, -115.0000000000000000 ) ) ;
#6412 = DIRECTION ( 'NONE',  ( -0.000000000000000000, -1.000000000000000000, -0.000000000000000000 ) ) ;
#6413 = EDGE_CURVE ( 'NONE', #517, #1471, #7539, .T. ) ;
#6414 = UNCERTAINTY_MEASURE_WITH_UNIT (LENGTH_MEASURE( 1.000000000000000082E-05 ), #1470, 'distance_accuracy_value', 'NONE');
#6415 = ORIENTED_EDGE ( 'NONE', *, *, #229, .T. ) ;
#6416 = LINE ( 'NONE', #5813, #7171 ) ;
#6417 = CARTESIAN_POINT ( 'NONE',  ( 32.50000000000000000, -32.50000000000000000, -120.0000000000000000 ) ) ;
#6418 = VERTEX_POINT ( 'NONE', #586 ) ;
#6419 = FACE_OUTER_BOUND ( 'NONE', #1717, .T. ) ;
#6420 = DIRECTION ( 'NONE',  ( 1.000000000000000000, 0.000000000000000000, 0.000000000000000000 ) ) ;
#6421 = CIRCLE ( 'NONE', #4979, 2.500000000000012434 ) ;
#6422 = VECTOR ( 'NONE', #351, 1000.000000000000000 ) ;
#6423 = ORIENTED_EDGE ( 'NONE', *, *, #6887, .T. ) ;
#6424 = CARTESIAN_POINT ( 'NONE',  ( 32.50000000000000711, 32.50000000000000000, -115.0000000000000142 ) ) ;
#6425 = VERTEX_POINT ( 'NONE', #6763 ) ;
#6426 = FACE_OUTER_BOUND ( 'NONE', #5146, .T. ) ;
#6427 = CARTESIAN_POINT ( 'NONE',  ( -35.00000000000000000, 32.50000000000000000, -120.0000000000000000 ) ) ;
#6428 = DIRECTION ( 'NONE',  ( -0.000000000000000000, -0.000000000000000000, 1.000000000000000000 ) ) ;
#6429 = CARTESIAN_POINT ( 'NONE',  ( 3.000000000000002220, -9.750000000000000000, -7.500000000000000000 ) ) ;
#6430 = VERTEX_POINT ( 'NONE', #626 ) ;
#6431 =( REPRESENTATION_RELATIONSHIP ('NONE','NONE', #4940, #4116 ) REPRESENTATION_RELATIONSHIP_WITH_TRANSFORMATION ( #3532 )SHAPE_REPRESENTATION_RELATIONSHIP( ) );
#6432 = DIRECTION ( 'NONE',  ( -1.000000000000000000, -0.000000000000000000, -0.000000000000000000 ) ) ;
#6433 = AXIS2_PLACEMENT_3D ( 'NONE', #4639, #988, #7779 ) ;
#6434 = VECTOR ( 'NONE', #4240, 1000.000000000000000 ) ;
#6435 = LINE ( 'NONE', #791, #4109 ) ;
#6436 = ORIENTED_EDGE ( 'NONE', *, *, #6809, .T. ) ;
#6437 = CARTESIAN_POINT ( 'NONE',  ( 40.00000000000000711, 25.00000000000000000, -120.0000000000000000 ) ) ;
#6438 = DIRECTION ( 'NONE',  ( 0.000000000000000000, -1.000000000000000000, 1.355657144061423890E-15 ) ) ;
#6439 = CYLINDRICAL_SURFACE ( 'NONE', #6707, 7.499999999999996447 ) ;
#6440 = AXIS2_PLACEMENT_3D ( 'NONE', #2558, #7014, #2638 ) ;
#6441 = AXIS2_PLACEMENT_3D ( 'NONE', #3956, #5840, #223 ) ;
#6442 = EDGE_CURVE ( 'NONE', #6121, #6631, #1946, .T. ) ;
#6443 = CIRCLE ( 'NONE', #1092, 10.00000000000000178 ) ;
#6444 = AXIS2_PLACEMENT_3D ( 'NONE', #5016, #4444, #1993 ) ;
#6445 = VERTEX_POINT ( 'NONE', #2429 ) ;
#6446 = ORIENTED_EDGE ( 'NONE', *, *, #7347, .F. ) ;
#6447 = CARTESIAN_POINT ( 'NONE',  ( 35.00000000000000711, 33.51954211927168359, -115.0000000000000142 ) ) ;
#6448 = EDGE_CURVE ( 'NONE', #2959, #4036, #4677, .T. ) ;
#6449 = CARTESIAN_POINT ( 'NONE',  ( -2.999999999999994671, 6.000000000000000000, -142.0000000000000284 ) ) ;
#6450 = VERTEX_POINT ( 'NONE', #87 ) ;
#6451 = EDGE_LOOP ( 'NONE', ( #3088, #8045, #2451, #1931, #7719 ) ) ;
#6452 = DIRECTION ( 'NONE',  ( -1.000000000000000000, -0.000000000000000000, -0.000000000000000000 ) ) ;
#6453 = VECTOR ( 'NONE', #7743, 1000.000000000000000 ) ;
#6454 = LINE ( 'NONE', #7760, #4095 ) ;
#6455 = CIRCLE ( 'NONE', #6979, 4.375000000000000000 ) ;
#6456 = CONICAL_SURFACE ( 'NONE', #2153, 2.055000000000000160, 0.7853981633974633780 ) ;
#6457 = EDGE_CURVE ( 'NONE', #5509, #3373, #5886, .T. ) ;
#6458 = EDGE_CURVE ( 'NONE', #6190, #2039, #2231, .T. ) ;
#6459 = AXIS2_PLACEMENT_3D ( 'NONE', #7969, #2409, #3632 ) ;
#6460 = ORIENTED_EDGE ( 'NONE', *, *, #6002, .T. ) ;
#6461 = CYLINDRICAL_SURFACE ( 'NONE', #247, 2.499999999999995115 ) ;
#6462 = DIRECTION ( 'NONE',  ( -0.000000000000000000, 0.000000000000000000, 1.000000000000000000 ) ) ;
#6463 = ORIENTED_EDGE ( 'NONE', *, *, #7092, .F. ) ;
#6464 = DIRECTION ( 'NONE',  ( 0.000000000000000000, 0.000000000000000000, 1.000000000000000000 ) ) ;
#6465 = DIRECTION ( 'NONE',  ( 0.000000000000000000, 0.000000000000000000, 1.000000000000000000 ) ) ;
#6466 = EDGE_CURVE ( 'NONE', #1511, #2043, #4313, .T. ) ;
#6467 = EDGE_LOOP ( 'NONE', ( #2734, #2118, #4857, #15 ) ) ;
#6468 = CARTESIAN_POINT ( 'NONE',  ( 2.903325134897805970, 9.569342957277557460, -141.2194501669400211 ) ) ;
#6469 = DIRECTION ( 'NONE',  ( -0.000000000000000000, -0.000000000000000000, 1.000000000000000000 ) ) ;
#6470 = VERTEX_POINT ( 'NONE', #3697 ) ;
#6471 = SHAPE_DEFINITION_REPRESENTATION ( #1303, #4426 ) ;
#6472 = CARTESIAN_POINT ( 'NONE',  ( 0.000000000000000000, 2.357898499370432166, -1.951563910473907981E-15 ) ) ;
#6473 = CARTESIAN_POINT ( 'NONE',  ( 4.000000000000000000, -1.759474945355381736, 3.047500000000000320 ) ) ;
#6474 = CARTESIAN_POINT ( 'NONE',  ( -35.00000000000000711, 33.51954211927168359, 24.99999999999999645 ) ) ;
#6475 = CARTESIAN_POINT ( 'NONE',  ( -6.938893903907228378E-15, -1.387778780781445676E-14, 7.500000000000000000 ) ) ;
#6476 = VERTEX_POINT ( 'NONE', #3 ) ;
#6477 = DIRECTION ( 'NONE',  ( 1.000000000000000000, 0.000000000000000000, 0.000000000000000000 ) ) ;
#6478 = EDGE_CURVE ( 'NONE', #3091, #106, #6187, .T. ) ;
#6479 = CARTESIAN_POINT ( 'NONE',  ( 39.99999999999998579, 15.00000000000000000, -0.5000000000000004441 ) ) ;
#6480 = CARTESIAN_POINT ( 'NONE',  ( 25.00000000000000711, -32.50000000000000000, -120.0000000000000000 ) ) ;
#6481 = ORIENTED_EDGE ( 'NONE', *, *, #1655, .T. ) ;
#6482 = CARTESIAN_POINT ( 'NONE',  ( -2.383237323076153213, 9.712504011403201076, -140.1674752204742731 ) ) ;
#6483 = FACE_OUTER_BOUND ( 'NONE', #6005, .T. ) ;
#6484 = CIRCLE ( 'NONE', #2954, 2.500000000000009326 ) ;
#6485 = VECTOR ( 'NONE', #3931, 1000.000000000000114 ) ;
#6486 = ORIENTED_EDGE ( 'NONE', *, *, #5132, .T. ) ;
#6487 = ORIENTED_EDGE ( 'NONE', *, *, #5208, .F. ) ;
#6488 = LINE ( 'NONE', #373, #1962 ) ;
#6489 = LINE ( 'NONE', #8059, #5143 ) ;
#6490 = VERTEX_POINT ( 'NONE', #5009 ) ;
#6491 = DIRECTION ( 'NONE',  ( 1.000000000000000000, -0.000000000000000000, 0.000000000000000000 ) ) ;
#6492 = EDGE_CURVE ( 'NONE', #1232, #917, #7182, .T. ) ;
#6493 = LINE ( 'NONE', #7877, #694 ) ;
#6494 = VECTOR ( 'NONE', #3339, 1000.000000000000000 ) ;
#6495 = EDGE_LOOP ( 'NONE', ( #5105, #7815, #528, #2884 ) ) ;
#6496 = CARTESIAN_POINT ( 'NONE',  ( 4.000000000000004441, -5.000000000000000000, 7.500000000000000000 ) ) ;
#6497 = EDGE_CURVE ( 'NONE', #4067, #875, #4845, .T. ) ;
#6498 = VERTEX_POINT ( 'NONE', #7579 ) ;
#6499 = FACE_OUTER_BOUND ( 'NONE', #2772, .T. ) ;
#6500 = EDGE_CURVE ( 'NONE', #3957, #5777, #5619, .T. ) ;
#6501 = ADVANCED_FACE ( 'NONE', ( #3863 ), #6359, .F. ) ;
#6502 = ORIENTED_EDGE ( 'NONE', *, *, #133, .T. ) ;
#6503 = AXIS2_PLACEMENT_3D ( 'NONE', #7939, #6098, #5567 ) ;
#6504 = DIRECTION ( 'NONE',  ( 0.000000000000000000, 0.000000000000000000, -1.000000000000000000 ) ) ;
#6505 = FACE_OUTER_BOUND ( 'NONE', #4538, .T. ) ;
#6506 = EDGE_LOOP ( 'NONE', ( #3566, #5027, #3427 ) ) ;
#6507 = PRODUCT_CONTEXT ( 'NONE', #2781, 'mechanical' ) ;
#6508 = ORIENTED_EDGE ( 'NONE', *, *, #2502, .T. ) ;
#6509 = PLANE ( 'NONE',  #2890 ) ;
#6510 = DIRECTION ( 'NONE',  ( 1.000000000000000000, 0.000000000000000000, 0.000000000000000000 ) ) ;
#6511 = DIRECTION ( 'NONE',  ( 0.000000000000000000, 0.000000000000000000, 1.000000000000000000 ) ) ;
#6512 = EDGE_CURVE ( 'NONE', #1019, #7188, #4298, .T. ) ;
#6513 = ORIENTED_EDGE ( 'NONE', *, *, #7100, .T. ) ;
#6514 = FACE_OUTER_BOUND ( 'NONE', #3336, .T. ) ;
#6515 = DIRECTION ( 'NONE',  ( -0.000000000000000000, 0.000000000000000000, 1.000000000000000000 ) ) ;
#6516 = LINE ( 'NONE', #7168, #3448 ) ;
#6517 = ORIENTED_EDGE ( 'NONE', *, *, #7646, .T. ) ;
#6518 = DIRECTION ( 'NONE',  ( -0.000000000000000000, -0.000000000000000000, 1.000000000000000000 ) ) ;
#6519 = CARTESIAN_POINT ( 'NONE',  ( 4.000000000000004441, -5.000000000000000000, -7.396446609406725159 ) ) ;
#6520 = AXIS2_PLACEMENT_3D ( 'NONE', #1965, #2573, #6337 ) ;
#6521 = ORIENTED_EDGE ( 'NONE', *, *, #7484, .F. ) ;
#6522 = VERTEX_POINT ( 'NONE', #5445 ) ;
#6523 = PLANE ( 'NONE',  #3787 ) ;
#6524 = AXIS2_PLACEMENT_3D ( 'NONE', #4824, #1099, #3593 ) ;
#6525 = FACE_OUTER_BOUND ( 'NONE', #6882, .T. ) ;
#6526 = ORIENTED_EDGE ( 'NONE', *, *, #145, .F. ) ;
#6527 = DIRECTION ( 'NONE',  ( -0.000000000000000000, 1.000000000000000000, -0.000000000000000000 ) ) ;
#6528 = DIRECTION ( 'NONE',  ( 1.000000000000000000, 0.000000000000000000, -0.000000000000000000 ) ) ;
#6529 = VECTOR ( 'NONE', #3496, 1000.000000000000000 ) ;
#6530 = VERTEX_POINT ( 'NONE', #1771 ) ;
#6531 = FACE_BOUND ( 'NONE', #596, .T. ) ;
#6532 = SURFACE_STYLE_USAGE ( .BOTH. , #3968 ) ;
#6533 = VERTEX_POINT ( 'NONE', #6095 ) ;
#6534 = AXIS2_PLACEMENT_3D ( 'NONE', #3021, #1114, #5524 ) ;
#6535 = LINE ( 'NONE', #2823, #668 ) ;
#6536 = ORIENTED_EDGE ( 'NONE', *, *, #7908, .T. ) ;
#6537 = EDGE_CURVE ( 'NONE', #5287, #6490, #7974, .T. ) ;
#6538 = VECTOR ( 'NONE', #590, 999.9999999999998863 ) ;
#6539 = CARTESIAN_POINT ( 'NONE',  ( 3.000000000000003109, 9.539392014169456147, -142.0000000000000284 ) ) ;
#6540 = CARTESIAN_POINT ( 'NONE',  ( -10.00000000000000000, 1.224646799147353059E-15, -172.0000000000000000 ) ) ;
#6541 = EDGE_CURVE ( 'NONE', #7689, #4495, #4260, .T. ) ;
#6542 = ORIENTED_EDGE ( 'NONE', *, *, #4149, .F. ) ;
#6543 = DIRECTION ( 'NONE',  ( 0.9885967386063054807, 0.1505871455901078848, 2.775557561562891351E-17 ) ) ;
#6544 = VERTEX_POINT ( 'NONE', #3559 ) ;
#6545 = FACE_OUTER_BOUND ( 'NONE', #7057, .T. ) ;
#6546 = DIRECTION ( 'NONE',  ( 0.000000000000000000, 0.000000000000000000, 1.000000000000000000 ) ) ;
#6547 = EDGE_CURVE ( 'NONE', #3830, #6939, #921, .T. ) ;
#6548 = CARTESIAN_POINT ( 'NONE',  ( 39.99999999999998579, 15.00000000000000000, -8.500000000000000000 ) ) ;
#6549 = VECTOR ( 'NONE', #5408, 1000.000000000000000 ) ;
#6550 = VERTEX_POINT ( 'NONE', #6057 ) ;
#6551 = LINE ( 'NONE', #7207, #6610 ) ;
#6552 = ADVANCED_FACE ( 'NONE', ( #3604 ), #4832, .F. ) ;
#6553 = EDGE_CURVE ( 'NONE', #624, #106, #483, .T. ) ;
#6554 = EDGE_CURVE ( 'NONE', #2654, #479, #5753, .T. ) ;
#6555 = DIRECTION ( 'NONE',  ( 1.000000000000000000, 0.000000000000000000, 0.000000000000000000 ) ) ;
#6556 = CARTESIAN_POINT ( 'NONE',  ( 40.00000000000000711, -38.00000000000000711, -130.0000000000000000 ) ) ;
#6557 = ORIENTED_EDGE ( 'NONE', *, *, #1925, .F. ) ;
#6558 = LINE ( 'NONE', #6437, #6181 ) ;
#6559 = FACE_OUTER_BOUND ( 'NONE', #4321, .T. ) ;
#6560 = EDGE_CURVE ( 'NONE', #7238, #3392, #1448, .T. ) ;
#6561 = AXIS2_PLACEMENT_3D ( 'NONE', #827, #2506, #4995 ) ;
#6562 = AXIS2_PLACEMENT_3D ( 'NONE', #1231, #2982, #4258 ) ;
#6563 = VERTEX_POINT ( 'NONE', #7936 ) ;
#6564 = FACE_OUTER_BOUND ( 'NONE', #3912, .T. ) ;
#6565 = LINE ( 'NONE', #2196, #5664 ) ;
#6566 = VERTEX_POINT ( 'NONE', #6018 ) ;
#6567 = CARTESIAN_POINT ( 'NONE',  ( 2.500000000000000000, -1.768423874527826456, -1.020999999999999019 ) ) ;
#6568 = CARTESIAN_POINT ( 'NONE',  ( 2.500000000000000000, 1.178949249685212974, -2.042000000000001148 ) ) ;
#6569 = DIRECTION ( 'NONE',  ( -1.000000000000000000, 0.000000000000000000, -0.000000000000000000 ) ) ;
#6570 = CIRCLE ( 'NONE', #7089, 0.2500000000000002220 ) ;
#6571 = VECTOR ( 'NONE', #5826, 1000.000000000000000 ) ;
#6572 = AXIS2_PLACEMENT_3D ( 'NONE', #7342, #4123, #3500 ) ;
#6573 = VECTOR ( 'NONE', #5384, 1000.000000000000000 ) ;
#6574 = CARTESIAN_POINT ( 'NONE',  ( 6.750000000000001776, -4.750000000000000000, 7.500000000000000000 ) ) ;
#6575 =( GEOMETRIC_REPRESENTATION_CONTEXT ( 3 ) GLOBAL_UNCERTAINTY_ASSIGNED_CONTEXT ( ( #6414 ) ) GLOBAL_UNIT_ASSIGNED_CONTEXT ( ( #1470, #894, #5929 ) ) REPRESENTATION_CONTEXT ( 'NONE', 'WORKASPACE' ) );
#6576 = AXIS2_PLACEMENT_3D ( 'NONE', #4813, #5267, #4197 ) ;
#6577 = VERTEX_POINT ( 'NONE', #6711 ) ;
#6578 = ORIENTED_EDGE ( 'NONE', *, *, #5702, .F. ) ;
#6579 = DIRECTION ( 'NONE',  ( 1.000000000000000000, 0.000000000000000000, 0.000000000000000000 ) ) ;
#6580 = CARTESIAN_POINT ( 'NONE',  ( 19.00000000000000000, 0.000000000000000000, -135.0000000000000000 ) ) ;
#6581 = EDGE_CURVE ( 'NONE', #756, #1906, #3779, .T. ) ;
#6582 = ORIENTED_EDGE ( 'NONE', *, *, #273, .F. ) ;
#6583 = ORIENTED_EDGE ( 'NONE', *, *, #5208, .T. ) ;
#6584 = CARTESIAN_POINT ( 'NONE',  ( -38.46194077712559789, 0.000000000000000000, 24.99999999999999645 ) ) ;
#6585 = VECTOR ( 'NONE', #7888, 1000.000000000000000 ) ;
#6586 = CIRCLE ( 'NONE', #1751, 0.2500000000000002220 ) ;
#6587 = VERTEX_POINT ( 'NONE', #523 ) ;
#6588 = CIRCLE ( 'NONE', #2666, 0.2500000000000002220 ) ;
#6589 = CARTESIAN_POINT ( 'NONE',  ( 4.653657838896438385E-15, 10.00000000000000000, -139.0000000000000000 ) ) ;
#6590 = DIRECTION ( 'NONE',  ( 1.000000000000000000, 0.000000000000000000, 0.000000000000000000 ) ) ;
#6591 = ORIENTED_EDGE ( 'NONE', *, *, #3077, .F. ) ;
#6592 = CARTESIAN_POINT ( 'NONE',  ( -32.50000000000000000, 25.00000000000000711, -120.0000000000000000 ) ) ;
#6593 = DIRECTION ( 'NONE',  ( 0.000000000000000000, 0.000000000000000000, 1.000000000000000000 ) ) ;
#6594 = DIRECTION ( 'NONE',  ( 1.000000000000000000, 0.000000000000000000, 0.000000000000000000 ) ) ;
#6595 = VECTOR ( 'NONE', #4879, 1000.000000000000227 ) ;
#6596 = ORIENTED_EDGE ( 'NONE', *, *, #7801, .F. ) ;
#6597 = EDGE_CURVE ( 'NONE', #3511, #6704, #2418, .T. ) ;
#6598 = PLANE ( 'NONE',  #7790 ) ;
#6599 = DIRECTION ( 'NONE',  ( -1.000000000000000000, 0.000000000000000000, 0.000000000000000000 ) ) ;
#6600 = CARTESIAN_POINT ( 'NONE',  ( 40.00000000000000711, -25.00000000000000000, -120.0000000000000000 ) ) ;
#6601 = ORIENTED_EDGE ( 'NONE', *, *, #5740, .T. ) ;
#6602 = DIRECTION ( 'NONE',  ( 9.251858538542963939E-16, -1.000000000000000000, 0.000000000000000000 ) ) ;
#6603 = EDGE_CURVE ( 'NONE', #5895, #6129, #7402, .T. ) ;
#6604 = DIRECTION ( 'NONE',  ( 1.000000000000000000, 0.000000000000000000, 0.000000000000000000 ) ) ;
#6605 = EDGE_CURVE ( 'NONE', #3201, #5628, #7304, .T. ) ;
#6606 = EDGE_CURVE ( 'NONE', #5067, #6112, #4061, .T. ) ;
#6607 = ORIENTED_EDGE ( 'NONE', *, *, #2640, .F. ) ;
#6608 = CARTESIAN_POINT ( 'NONE',  ( 35.00000000000000000, 32.50000000000000711, -8.500000000000000000 ) ) ;
#6609 = DIRECTION ( 'NONE',  ( -0.000000000000000000, -0.000000000000000000, -1.000000000000000000 ) ) ;
#6610 = VECTOR ( 'NONE', #3526, 1000.000000000000000 ) ;
#6611 = ORIENTED_EDGE ( 'NONE', *, *, #5899, .F. ) ;
#6612 = DIRECTION ( 'NONE',  ( 1.000000000000000000, -9.251858538542963939E-16, 1.845682863371099566E-31 ) ) ;
#6613 = FACE_OUTER_BOUND ( 'NONE', #5241, .T. ) ;
#6614 = CARTESIAN_POINT ( 'NONE',  ( -6.938893903907228378E-15, -1.387778780781445676E-14, 2.499999999999999556 ) ) ;
#6615 = EDGE_CURVE ( 'NONE', #6717, #2491, #7580, .T. ) ;
#6616 = AXIS2_PLACEMENT_3D ( 'NONE', #6138, #3612, #7982 ) ;
#6617 = LINE ( 'NONE', #1012, #3474 ) ;
#6618 = ORIENTED_EDGE ( 'NONE', *, *, #1761, .T. ) ;
#6619 = EDGE_LOOP ( 'NONE', ( #5837, #2677 ) ) ;
#6620 = CARTESIAN_POINT ( 'NONE',  ( 4.653657836759939574E-15, 6.000000000000000000, -142.0000000000000284 ) ) ;
#6621 = DIRECTION ( 'NONE',  ( 1.000000000000000000, 0.000000000000000000, 0.000000000000000000 ) ) ;
#6622 = ORIENTED_EDGE ( 'NONE', *, *, #8052, .T. ) ;
#6623 = EDGE_LOOP ( 'NONE', ( #3829, #1054 ) ) ;
#6624 = DIRECTION ( 'NONE',  ( 1.000000000000000000, 0.000000000000000000, -0.000000000000000000 ) ) ;
#6625 = ITEM_DEFINED_TRANSFORMATION ( 'NONE', 'NONE', #4031,  #5854 ) ;
#6626 = ADVANCED_FACE ( 'NONE', ( #2377 ), #401, .F. ) ;
#6627 = ORIENTED_EDGE ( 'NONE', *, *, #7420, .F. ) ;
#6628 = AXIS2_PLACEMENT_3D ( 'NONE', #7142, #4037, #340 ) ;
#6629 = PLANE ( 'NONE',  #7431 ) ;
#6630 = CARTESIAN_POINT ( 'NONE',  ( 3.750000000000003997, -4.750000000000000000, 7.500000000000000000 ) ) ;
#6631 = VERTEX_POINT ( 'NONE', #2946 ) ;
#6632 = DIRECTION ( 'NONE',  ( 1.000000000000000000, 0.000000000000000000, 0.000000000000000000 ) ) ;
#6633 = FACE_OUTER_BOUND ( 'NONE', #2479, .T. ) ;
#6634 = CARTESIAN_POINT ( 'NONE',  ( -32.50000000000000000, -25.00000000000000711, -120.0000000000000000 ) ) ;
#6635 = DIRECTION ( 'NONE',  ( -2.407412430484044543E-32, 1.734723475976806848E-16, 1.000000000000000000 ) ) ;
#6636 = EDGE_CURVE ( 'NONE', #3840, #4552, #7750, .T. ) ;
#6637 = ORIENTED_EDGE ( 'NONE', *, *, #760, .F. ) ;
#6638 = DIRECTION ( 'NONE',  ( 1.000000000000000000, 0.000000000000000000, 0.000000000000000000 ) ) ;
#6639 = EDGE_CURVE ( 'NONE', #4642, #7273, #6310, .T. ) ;
#6640 = DIRECTION ( 'NONE',  ( -1.000000000000000000, 0.000000000000000000, 0.000000000000000000 ) ) ;
#6641 = CARTESIAN_POINT ( 'NONE',  ( 15.00000000000000000, -2.500000000000002665, -3.000000000000010214 ) ) ;
#6642 = ORIENTED_EDGE ( 'NONE', *, *, #7556, .F. ) ;
#6643 = LINE ( 'NONE', #7377, #3450 ) ;
#6644 = DIRECTION ( 'NONE',  ( 1.000000000000000000, -0.000000000000000000, 0.000000000000000000 ) ) ;
#6645 = PRODUCT_DEFINITION_SHAPE ( 'NONE', 'NONE',  #8109 ) ;
#6646 = DIRECTION ( 'NONE',  ( -0.000000000000000000, -0.000000000000000000, 1.000000000000000000 ) ) ;
#6647 = EDGE_CURVE ( 'NONE', #57, #5170, #5644, .T. ) ;
#6648 = ORIENTED_EDGE ( 'NONE', *, *, #5740, .F. ) ;
#6649 = DIRECTION ( 'NONE',  ( -0.000000000000000000, -0.000000000000000000, 1.000000000000000000 ) ) ;
#6650 = CARTESIAN_POINT ( 'NONE',  ( 15.00000000000000000, 3.500000000000000000, -2.000000000000012434 ) ) ;
#6651 = CARTESIAN_POINT ( 'NONE',  ( 1.000000000000001998, 9.750000000000000000, 7.500000000000000000 ) ) ;
#6652 = VECTOR ( 'NONE', #690, 1000.000000000000000 ) ;
#6653 = CARTESIAN_POINT ( 'NONE',  ( 32.50000000000000711, 32.50000000000000000, -130.0000000000000000 ) ) ;
#6654 = ORIENTED_EDGE ( 'NONE', *, *, #2444, .T. ) ;
#6655 = ORIENTED_EDGE ( 'NONE', *, *, #3796, .T. ) ;
#6656 = PLANE ( 'NONE',  #2870 ) ;
#6657 = ORIENTED_EDGE ( 'NONE', *, *, #7314, .T. ) ;
#6658 = EDGE_LOOP ( 'NONE', ( #6582, #6865, #6256, #2151 ) ) ;
#6659 = DIRECTION ( 'NONE',  ( -1.000000000000000000, -0.000000000000000000, -0.000000000000000000 ) ) ;
#6660 = EDGE_CURVE ( 'NONE', #6530, #5275, #2492, .T. ) ;
#6661 = AXIS2_PLACEMENT_3D ( 'NONE', #1827, #6278, #679 ) ;
#6662 = ORIENTED_EDGE ( 'NONE', *, *, #4456, .T. ) ;
#6663 = EDGE_CURVE ( 'NONE', #4642, #7963, #4946, .T. ) ;
#6664 = DIRECTION ( 'NONE',  ( 0.000000000000000000, 0.000000000000000000, -1.000000000000000000 ) ) ;
#6665 = AXIS2_PLACEMENT_3D ( 'NONE', #6075, #1125, #4849 ) ;
#6666 = DIRECTION ( 'NONE',  ( 1.000000000000000000, 0.000000000000000000, 0.000000000000000000 ) ) ;
#6667 = ORIENTED_EDGE ( 'NONE', *, *, #8039, .F. ) ;
#6668 = DIRECTION ( 'NONE',  ( -0.000000000000000000, -0.000000000000000000, 1.000000000000000000 ) ) ;
#6669 = DIRECTION ( 'NONE',  ( -1.000000000000000000, 0.000000000000000000, 1.445602896647339410E-16 ) ) ;
#6670 = CARTESIAN_POINT ( 'NONE',  ( 32.50000000000000000, -32.50000000000000000, -120.0000000000000000 ) ) ;
#6671 = CARTESIAN_POINT ( 'NONE',  ( -25.00000000000000711, -32.50000000000000000, -120.0000000000000000 ) ) ;
#6672 = AXIS2_PLACEMENT_3D ( 'NONE', #7029, #1436, #3463 ) ;
#6673 = ORIENTED_EDGE ( 'NONE', *, *, #6956, .T. ) ;
#6674 = VECTOR ( 'NONE', #3228, 1000.000000000000000 ) ;
#6675 = LINE ( 'NONE', #2876, #7501 ) ;
#6676 = DIRECTION ( 'NONE',  ( 0.000000000000000000, 1.000000000000000000, 2.168404344971008560E-17 ) ) ;
#6677 = EDGE_LOOP ( 'NONE', ( #3636, #4341, #1535, #5374 ) ) ;
#6678 = LINE ( 'NONE', #7335, #4364 ) ;
#6679 = CONICAL_SURFACE ( 'NONE', #2116, 3.309499999999999886, 0.7853981633974621568 ) ;
#6680 = ADVANCED_FACE ( 'NONE', ( #2117 ), #7479, .F. ) ;
#6681 = DIRECTION ( 'NONE',  ( -1.000000000000000000, 9.251858538542975772E-16, 0.000000000000000000 ) ) ;
#6682 = CARTESIAN_POINT ( 'NONE',  ( 0.000000000000000000, 2.357898499370432166, -1.951563910473907981E-15 ) ) ;
#6683 = ORIENTED_EDGE ( 'NONE', *, *, #535, .F. ) ;
#6684 = CARTESIAN_POINT ( 'NONE',  ( 19.00000000000000000, 0.000000000000000000, -130.0000000000000000 ) ) ;
#6685 = DIRECTION ( 'NONE',  ( 0.000000000000000000, -0.000000000000000000, -1.000000000000000000 ) ) ;
#6686 = DIRECTION ( 'NONE',  ( 0.000000000000000000, 0.000000000000000000, -1.000000000000000000 ) ) ;
#6687 = DIRECTION ( 'NONE',  ( -0.000000000000000000, -0.000000000000000000, -1.000000000000000000 ) ) ;
#6688 = EDGE_CURVE ( 'NONE', #213, #3508, #5925, .T. ) ;
#6689 =( REPRESENTATION_RELATIONSHIP ('NONE','NONE', #4940, #4426 ) REPRESENTATION_RELATIONSHIP_WITH_TRANSFORMATION ( #5492 )SHAPE_REPRESENTATION_RELATIONSHIP( ) );
#6690 = EDGE_LOOP ( 'NONE', ( #5476, #7865, #984 ) ) ;
#6691 = EDGE_LOOP ( 'NONE', ( #5552, #7714, #6415, #7753 ) ) ;
#6692 = CARTESIAN_POINT ( 'NONE',  ( 40.00000000000000711, 25.00000000000000000, -120.0000000000000000 ) ) ;
#6693 = CYLINDRICAL_SURFACE ( 'NONE', #7229, 19.00000000000000000 ) ;
#6694 = VERTEX_POINT ( 'NONE', #6252 ) ;
#6695 = ORIENTED_EDGE ( 'NONE', *, *, #201, .T. ) ;
#6696 = CIRCLE ( 'NONE', #2516, 2.042000000000000259 ) ;
#6697 = DIRECTION ( 'NONE',  ( -0.000000000000000000, -0.000000000000000000, 1.000000000000000000 ) ) ;
#6698 = AXIS2_PLACEMENT_3D ( 'NONE', #5937, #4014, #7247 ) ;
#6699 = PRESENTATION_STYLE_ASSIGNMENT (( #603 ) ) ;
#6700 = EDGE_CURVE ( 'NONE', #1863, #6917, #3103, .T. ) ;
#6701 = VECTOR ( 'NONE', #2286, 1000.000000000000000 ) ;
#6702 = ADVANCED_FACE ( 'NONE', ( #849 ), #649, .F. ) ;
#6703 = EDGE_CURVE ( 'NONE', #4827, #2438, #5005, .T. ) ;
#6704 = VERTEX_POINT ( 'NONE', #6292 ) ;
#6705 = AXIS2_PLACEMENT_3D ( 'NONE', #4276, #3080, #5620 ) ;
#6706 = EDGE_CURVE ( 'NONE', #2828, #2405, #7099, .T. ) ;
#6707 = AXIS2_PLACEMENT_3D ( 'NONE', #7088, #294, #7789 ) ;
#6708 = CARTESIAN_POINT ( 'NONE',  ( 32.50000000000000711, -32.50000000000000000, -120.0000000000000000 ) ) ;
#6709 = FACE_OUTER_BOUND ( 'NONE', #1354, .T. ) ;
#6710 = ORIENTED_EDGE ( 'NONE', *, *, #2004, .F. ) ;
#6711 = CARTESIAN_POINT ( 'NONE',  ( 0.8000000000000020428, 7.960204194457795477E-16, -6.500000000000000000 ) ) ;
#6712 = DIRECTION ( 'NONE',  ( 1.000000000000000000, 0.000000000000000000, 0.000000000000000000 ) ) ;
#6713 = DIRECTION ( 'NONE',  ( 0.000000000000000000, -0.000000000000000000, -1.000000000000000000 ) ) ;
#6714 = FACE_OUTER_BOUND ( 'NONE', #2636, .T. ) ;
#6715 = AXIS2_PLACEMENT_3D ( 'NONE', #50, #89, #1451 ) ;
#6716 = AXIS2_PLACEMENT_3D ( 'NONE', #3527, #409, #3408 ) ;
#6717 = VERTEX_POINT ( 'NONE', #805 ) ;
#6718 = DIRECTION ( 'NONE',  ( 9.251858538542963939E-16, -1.000000000000000000, 0.000000000000000000 ) ) ;
#6719 = VECTOR ( 'NONE', #6817, 1000.000000000000000 ) ;
#6720 = LINE ( 'NONE', #1121, #1247 ) ;
#6721 = DIRECTION ( 'NONE',  ( 0.000000000000000000, 1.000000000000000000, 0.000000000000000000 ) ) ;
#6722 = CARTESIAN_POINT ( 'NONE',  ( -37.99999999999999289, -40.00000000000000711, -130.0000000000000000 ) ) ;
#6723 = CIRCLE ( 'NONE', #7771, 6.499999999999999112 ) ;
#6724 = ADVANCED_FACE ( 'NONE', ( #7712 ), #4498, .T. ) ;
#6725 = LINE ( 'NONE', #1082, #7569 ) ;
#6726 = DIRECTION ( 'NONE',  ( 0.000000000000000000, 0.000000000000000000, 1.000000000000000000 ) ) ;
#6727 = ORIENTED_EDGE ( 'NONE', *, *, #1265, .F. ) ;
#6728 = LINE ( 'NONE', #466, #3433 ) ;
#6729 = DIRECTION ( 'NONE',  ( 1.000000000000000000, 0.000000000000000000, 0.000000000000000000 ) ) ;
#6730 = LINE ( 'NONE', #4201, #5397 ) ;
#6731 = ORIENTED_EDGE ( 'NONE', *, *, #4561, .F. ) ;
#6732 = ORIENTED_EDGE ( 'NONE', *, *, #6603, .F. ) ;
#6733 = FACE_OUTER_BOUND ( 'NONE', #5748, .T. ) ;
#6734 = ADVANCED_FACE ( 'NONE', ( #6874 ), #2018, .T. ) ;
#6735 = LINE ( 'NONE', #6007, #569 ) ;
#6736 = ORIENTED_EDGE ( 'NONE', *, *, #7794, .T. ) ;
#6737 = ORIENTED_EDGE ( 'NONE', *, *, #6605, .F. ) ;
#6738 = CARTESIAN_POINT ( 'NONE',  ( 0.000000000000000000, 0.000000000000000000, -135.0000000000000000 ) ) ;
#6739 = PRODUCT_DEFINITION_CONTEXT ( 'detailed design', #2361, 'design' ) ;
#6740 = VECTOR ( 'NONE', #4167, 1000.000000000000000 ) ;
#6741 = ORIENTED_EDGE ( 'NONE', *, *, #7147, .T. ) ;
#6742 = EDGE_CURVE ( 'NONE', #6129, #266, #1366, .T. ) ;
#6743 = CYLINDRICAL_SURFACE ( 'NONE', #3484, 10.00000000000000000 ) ;
#6744 = ADVANCED_FACE ( 'NONE', ( #3293 ), #5801, .F. ) ;
#6745 = CARTESIAN_POINT ( 'NONE',  ( 24.99999999999998934, -1.387778780781445676E-14, 2.499999999999999556 ) ) ;
#6746 = TOROIDAL_SURFACE ( 'NONE', #7530, 33.46194077712560500, 5.000000000000000000 ) ;
#6747 = ORIENTED_EDGE ( 'NONE', *, *, #1808, .T. ) ;
#6748 = DIRECTION ( 'NONE',  ( -0.000000000000000000, -0.000000000000000000, 1.000000000000000000 ) ) ;
#6749 = CARTESIAN_POINT ( 'NONE',  ( 3.000000000000002220, 10.00000000000000000, 7.249999999999999112 ) ) ;
#6750 = DIRECTION ( 'NONE',  ( -1.000000000000000000, 0.000000000000000000, 0.000000000000000000 ) ) ;
#6751 = DIRECTION ( 'NONE',  ( 1.000000000000000000, -9.251858538542963939E-16, 0.000000000000000000 ) ) ;
#6752 = ADVANCED_FACE ( 'NONE', ( #2076 ), #4575, .F. ) ;
#6753 = EDGE_CURVE ( 'NONE', #599, #1871, #6489, .T. ) ;
#6754 = ORIENTED_EDGE ( 'NONE', *, *, #1326, .F. ) ;
#6755 = CIRCLE ( 'NONE', #611, 2.499999999999995115 ) ;
#6756 = CARTESIAN_POINT ( 'NONE',  ( -40.00000000000000711, 39.99999999999999289, -130.0000000000000000 ) ) ;
#6757 = CARTESIAN_POINT ( 'NONE',  ( -24.16675660154734118, 23.14453187976436865, 30.00000000000000000 ) ) ;
#6758 = CARTESIAN_POINT ( 'NONE',  ( -31.74999999999995737, 5.204748896376250699E-16, -4.250000000000000000 ) ) ;
#6759 = DIRECTION ( 'NONE',  ( 0.000000000000000000, -0.5000000000000009992, -0.8660254037844380415 ) ) ;
#6760 = EDGE_CURVE ( 'NONE', #2114, #7703, #297, .T. ) ;
#6761 = CONTEXT_DEPENDENT_SHAPE_REPRESENTATION ( #263, #1164 ) ;
#6762 = CIRCLE ( 'NONE', #6503, 10.00000000000000178 ) ;
#6763 = CARTESIAN_POINT ( 'NONE',  ( -15.00000000000000000, 3.500000000000000000, -2.000000000000007105 ) ) ;
#6764 = CARTESIAN_POINT ( 'NONE',  ( 15.00000000000000000, 2.499999999999995559, -3.000000000000010214 ) ) ;
#6765 = ORIENTED_EDGE ( 'NONE', *, *, #6378, .F. ) ;
#6766 = CARTESIAN_POINT ( 'NONE',  ( 27.48053287425020841, 26.92730318665038070, 0.000000000000000000 ) ) ;
#6767 = CARTESIAN_POINT ( 'NONE',  ( -25.00000000000000711, 32.50000000000000000, -120.0000000000000000 ) ) ;
#6768 = DIRECTION ( 'NONE',  ( -0.000000000000000000, -0.000000000000000000, -1.000000000000000000 ) ) ;
#6769 = VERTEX_POINT ( 'NONE', #5380 ) ;
#6770 = VERTEX_POINT ( 'NONE', #2883 ) ;
#6771 = DIRECTION ( 'NONE',  ( -1.000000000000000000, 0.000000000000000000, 0.000000000000000000 ) ) ;
#6772 = DIRECTION ( 'NONE',  ( -1.000000000000000000, 0.000000000000000000, 0.000000000000000000 ) ) ;
#6773 = ORIENTED_EDGE ( 'NONE', *, *, #7512, .T. ) ;
#6774 = EDGE_LOOP ( 'NONE', ( #7803, #7792 ) ) ;
#6775 = DIRECTION ( 'NONE',  ( 1.000000000000000000, 0.000000000000000000, 0.000000000000000000 ) ) ;
#6776 = FACE_OUTER_BOUND ( 'NONE', #5555, .T. ) ;
#6777 = CIRCLE ( 'NONE', #7830, 2.500000000000012434 ) ;
#6778 = ORIENTED_EDGE ( 'NONE', *, *, #3308, .F. ) ;
#6779 = CARTESIAN_POINT ( 'NONE',  ( 0.000000000000000000, 0.000000000000000000, -172.0000000000000000 ) ) ;
#6780 = CARTESIAN_POINT ( 'NONE',  ( 3.000000000000002220, 9.000000000000001776, -7.500000000000000000 ) ) ;
#6781 = ORIENTED_EDGE ( 'NONE', *, *, #6245, .F. ) ;
#6782 = DIRECTION ( 'NONE',  ( -0.000000000000000000, -1.000000000000000000, -0.000000000000000000 ) ) ;
#6783 = AXIS2_PLACEMENT_3D ( 'NONE', #1873, #4369, #551 ) ;
#6784 = DIRECTION ( 'NONE',  ( -0.000000000000000000, -0.000000000000000000, 1.000000000000000000 ) ) ;
#6785 = CARTESIAN_POINT ( 'NONE',  ( -45.00000000000000000, 29.99999999999999289, -8.500000000000000000 ) ) ;
#6786 = DIRECTION ( 'NONE',  ( 0.000000000000000000, 0.000000000000000000, 1.000000000000000000 ) ) ;
#6787 = ADVANCED_FACE ( 'NONE', ( #6525 ), #5342, .F. ) ;
#6788 = ORIENTED_EDGE ( 'NONE', *, *, #3864, .F. ) ;
#6789 = AXIS2_PLACEMENT_3D ( 'NONE', #5564, #6748, #2905 ) ;
#6790 = EDGE_CURVE ( 'NONE', #2654, #7458, #3444, .T. ) ;
#6791 = DIRECTION ( 'NONE',  ( -1.000000000000000000, -0.000000000000000000, -0.000000000000000000 ) ) ;
#6792 = EDGE_CURVE ( 'NONE', #7315, #7689, #1045, .T. ) ;
#6793 = DIRECTION ( 'NONE',  ( -0.000000000000000000, -0.000000000000000000, 1.000000000000000000 ) ) ;
#6794 = DIRECTION ( 'NONE',  ( -1.000000000000000000, -0.000000000000000000, -0.000000000000000000 ) ) ;
#6795 = DIRECTION ( 'NONE',  ( 1.000000000000000000, 0.000000000000000000, 0.000000000000000000 ) ) ;
#6796 = ITEM_DEFINED_TRANSFORMATION ( 'NONE', 'NONE', #7028,  #5854 ) ;
#6797 = ADVANCED_FACE ( 'NONE', ( #1005 ), #7264, .T. ) ;
#6798 = ADVANCED_FACE ( 'NONE', ( #3534 ), #1671, .F. ) ;
#6799 = EDGE_CURVE ( 'NONE', #5356, #5313, #165, .T. ) ;
#6800 = VECTOR ( 'NONE', #5076, 1000.000000000000000 ) ;
#6801 = CARTESIAN_POINT ( 'NONE',  ( 0.000000000000000000, 6.980486755139914094E-16, 5.700000000000001066 ) ) ;
#6802 = FACE_OUTER_BOUND ( 'NONE', #6230, .T. ) ;
#6803 = EDGE_LOOP ( 'NONE', ( #221, #6513, #6410, #1566 ) ) ;
#6804 = DIRECTION ( 'NONE',  ( 0.000000000000000000, 0.000000000000000000, -1.000000000000000000 ) ) ;
#6805 = CARTESIAN_POINT ( 'NONE',  ( 35.99999999999999289, 15.00000000000000000, -0.5000000000000004441 ) ) ;
#6806 = AXIS2_PLACEMENT_3D ( 'NONE', #7123, #1031, #3522 ) ;
#6807 = CARTESIAN_POINT ( 'NONE',  ( 3.750000000000006661, -1.951563910473911531E-15, 7.249999999999999112 ) ) ;
#6808 = AXIS2_PLACEMENT_3D ( 'NONE', #7240, #4627, #860 ) ;
#6809 = EDGE_CURVE ( 'NONE', #3995, #5283, #2771, .T. ) ;
#6810 = ORIENTED_EDGE ( 'NONE', *, *, #4202, .F. ) ;
#6811 = ORIENTED_EDGE ( 'NONE', *, *, #7114, .T. ) ;
#6812 = DIRECTION ( 'NONE',  ( 0.000000000000000000, -1.000000000000000000, 9.196343038302880251E-16 ) ) ;
#6813 = CARTESIAN_POINT ( 'NONE',  ( 4.000000000000000000, -3.518949890710769246, 3.035766082959412415E-15 ) ) ;
#6814 = ORIENTED_EDGE ( 'NONE', *, *, #95, .F. ) ;
#6815 = ORIENTED_EDGE ( 'NONE', *, *, #1201, .T. ) ;
#6816 = FACE_OUTER_BOUND ( 'NONE', #2848, .T. ) ;
#6817 = DIRECTION ( 'NONE',  ( -0.000000000000000000, -0.000000000000000000, 1.000000000000000000 ) ) ;
#6818 = UNCERTAINTY_MEASURE_WITH_UNIT (LENGTH_MEASURE( 1.000000000000000082E-05 ), #980, 'distance_accuracy_value', 'NONE');
#6819 = EDGE_LOOP ( 'NONE', ( #1876, #4587 ) ) ;
#6820 = EDGE_CURVE ( 'NONE', #5824, #2828, #3306, .T. ) ;
#6821 = AXIS2_PLACEMENT_3D ( 'NONE', #7124, #3402, #5983 ) ;
#6822 = DIRECTION ( 'NONE',  ( 0.000000000000000000, -0.5000000000000012212, -0.8660254037844380415 ) ) ;
#6823 = VECTOR ( 'NONE', #2450, 1000.000000000000000 ) ;
#6824 = DIRECTION ( 'NONE',  ( 0.000000000000000000, 0.000000000000000000, 1.000000000000000000 ) ) ;
#6825 = ORIENTED_EDGE ( 'NONE', *, *, #3842, .T. ) ;
#6826 = DIRECTION ( 'NONE',  ( -1.000000000000000000, -9.251858538542963939E-16, 0.000000000000000000 ) ) ;
#6827 = AXIS2_PLACEMENT_3D ( 'NONE', #1222, #3055, #5473 ) ;
#6828 = DIRECTION ( 'NONE',  ( 0.000000000000000000, 0.000000000000000000, 1.000000000000000000 ) ) ;
#6829 = LINE ( 'NONE', #613, #402 ) ;
#6830 = DIRECTION ( 'NONE',  ( 0.000000000000000000, 0.000000000000000000, 1.000000000000000000 ) ) ;
#6831 = VECTOR ( 'NONE', #2452, 1000.000000000000000 ) ;
#6832 = CIRCLE ( 'NONE', #4622, 4.999999999999997335 ) ;
#6833 = VERTEX_POINT ( 'NONE', #6682 ) ;
#6834 = VECTOR ( 'NONE', #2684, 1000.000000000000000 ) ;
#6835 = VECTOR ( 'NONE', #1266, 1000.000000000000000 ) ;
#6836 = LINE ( 'NONE', #4877, #6354 ) ;
#6837 = CIRCLE ( 'NONE', #7231, 3.999999999999996447 ) ;
#6838 = CARTESIAN_POINT ( 'NONE',  ( 39.99999999999998579, -15.00000000000000000, -15.50000000000000355 ) ) ;
#6839 = VECTOR ( 'NONE', #7540, 1000.000000000000000 ) ;
#6840 = VERTEX_POINT ( 'NONE', #420 ) ;
#6841 = CARTESIAN_POINT ( 'NONE',  ( 32.50000000000000000, 25.00000000000000711, -120.0000000000000000 ) ) ;
#6842 = EDGE_CURVE ( 'NONE', #7669, #4332, #4121, .T. ) ;
#6843 = CARTESIAN_POINT ( 'NONE',  ( 2.500000000000000000, 1.178949249685212974, -2.042000000000001148 ) ) ;
#6844 = LINE ( 'NONE', #5701, #5807 ) ;
#6845 = VECTOR ( 'NONE', #2426, 1000.000000000000000 ) ;
#6846 = PRODUCT_DEFINITION_SHAPE ( 'NONE', 'NONE',  #2296 ) ;
#6847 = AXIS2_PLACEMENT_3D ( 'NONE', #456, #2957, #3451 ) ;
#6848 = AXIS2_PLACEMENT_3D ( 'NONE', #457, #2958, #5455 ) ;
#6849 = ORIENTED_EDGE ( 'NONE', *, *, #7135, .F. ) ;
#6850 = COLOUR_RGB ( '',0.7921568627450980005, 0.8196078431372548767, 0.9333333333333333481 ) ;
#6851 = LINE ( 'NONE', #1095, #72 ) ;
#6852 = EDGE_CURVE ( 'NONE', #6939, #4256, #5425, .T. ) ;
#6853 = DIRECTION ( 'NONE',  ( 0.000000000000000000, 0.000000000000000000, -1.000000000000000000 ) ) ;
#6854 = EDGE_LOOP ( 'NONE', ( #2721, #4122, #810, #1474 ) ) ;
#6855 = CARTESIAN_POINT ( 'NONE',  ( 37.99999999999999289, -40.00000000000000711, -130.0000000000000000 ) ) ;
#6856 = CARTESIAN_POINT ( 'NONE',  ( 4.000000000000000000, -3.518949890710769246, 3.035766082959412415E-15 ) ) ;
#6857 = CARTESIAN_POINT ( 'NONE',  ( 40.00000000000000711, 25.00000000000000000, -15.00000000000001421 ) ) ;
#6858 = ADVANCED_FACE ( 'NONE', ( #4731 ), #7140, .F. ) ;
#6859 = AXIS2_PLACEMENT_3D ( 'NONE', #3112, #1812, #5656 ) ;
#6860 = EDGE_LOOP ( 'NONE', ( #193, #554 ) ) ;
#6861 = ORIENTED_EDGE ( 'NONE', *, *, #7484, .T. ) ;
#6862 = CARTESIAN_POINT ( 'NONE',  ( 25.00000000000000711, 33.51954211927168359, 0.000000000000000000 ) ) ;
#6863 = DIRECTION ( 'NONE',  ( 0.000000000000000000, 0.000000000000000000, 1.000000000000000000 ) ) ;
#6864 = ORIENTED_EDGE ( 'NONE', *, *, #2619, .F. ) ;
#6865 = ORIENTED_EDGE ( 'NONE', *, *, #3656, .T. ) ;
#6866 = DIRECTION ( 'NONE',  ( 1.000000000000000000, 0.000000000000000000, 0.000000000000000000 ) ) ;
#6867 = CYLINDRICAL_SURFACE ( 'NONE', #4745, 7.500000000000000000 ) ;
#6868 = DIRECTION ( 'NONE',  ( 1.000000000000000000, 0.000000000000000000, 0.000000000000000000 ) ) ;
#6869 = EDGE_CURVE ( 'NONE', #892, #2980, #7756, .T. ) ;
#6870 = ORIENTED_EDGE ( 'NONE', *, *, #5296, .T. ) ;
#6871 = CARTESIAN_POINT ( 'NONE',  ( 15.00000000000000000, -2.500000000000002665, -3.000000000000010214 ) ) ;
#6872 = DIRECTION ( 'NONE',  ( 1.000000000000000000, 0.000000000000000000, 0.000000000000000000 ) ) ;
#6873 = VERTEX_POINT ( 'NONE', #2811 ) ;
#6874 = FACE_OUTER_BOUND ( 'NONE', #5163, .T. ) ;
#6875 = DIRECTION ( 'NONE',  ( -0.000000000000000000, 0.000000000000000000, 1.000000000000000000 ) ) ;
#6876 = DIRECTION ( 'NONE',  ( -0.000000000000000000, -0.000000000000000000, 1.000000000000000000 ) ) ;
#6877 = CARTESIAN_POINT ( 'NONE',  ( -32.49999999999999289, -32.50000000000000000, -8.500000000000000000 ) ) ;
#6878 = VECTOR ( 'NONE', #2102, 1000.000000000000000 ) ;
#6879 = ORIENTED_EDGE ( 'NONE', *, *, #2570, .F. ) ;
#6880 = VECTOR ( 'NONE', #2146, 1000.000000000000000 ) ;
#6881 = DIRECTION ( 'NONE',  ( 0.000000000000000000, -0.5000000000000012212, -0.8660254037844380415 ) ) ;
#6882 = EDGE_LOOP ( 'NONE', ( #2845, #767, #5563, #6146 ) ) ;
#6883 = DIRECTION ( 'NONE',  ( 1.000000000000000000, 0.000000000000000000, 0.000000000000000000 ) ) ;
#6884 = CARTESIAN_POINT ( 'NONE',  ( 2.500000000000000000, -1.178949249685215417, 2.042000000000003812 ) ) ;
#6885 = FACE_OUTER_BOUND ( 'NONE', #4326, .T. ) ;
#6886 = ORIENTED_EDGE ( 'NONE', *, *, #873, .F. ) ;
#6887 = EDGE_CURVE ( 'NONE', #5265, #4322, #4653, .T. ) ;
#6888 = FACE_BOUND ( 'NONE', #6623, .T. ) ;
#6889 = LINE ( 'NONE', #3582, #5400 ) ;
#6890 = VERTEX_POINT ( 'NONE', #375 ) ;
#6891 = DIRECTION ( 'NONE',  ( 0.000000000000000000, 0.7071067811865500152, 0.7071067811865451302 ) ) ;
#6892 = DIRECTION ( 'NONE',  ( -1.000000000000000000, -0.000000000000000000, -0.000000000000000000 ) ) ;
#6893 = LINE ( 'NONE', #4532, #7093 ) ;
#6894 = EDGE_CURVE ( 'NONE', #4297, #3508, #3965, .T. ) ;
#6895 = EDGE_CURVE ( 'NONE', #3125, #7360, #6565, .T. ) ;
#6896 = EDGE_LOOP ( 'NONE', ( #785, #6517, #7917, #6077 ) ) ;
#6897 = EDGE_LOOP ( 'NONE', ( #4135, #6601 ) ) ;
#6898 = CARTESIAN_POINT ( 'NONE',  ( 5.000000000000002665, 3.306546357697854226E-16, 2.700000000000000622 ) ) ;
#6899 = CARTESIAN_POINT ( 'NONE',  ( 40.00000000000000000, 39.99999999999999289, -115.0000000000000142 ) ) ;
#6900 = EDGE_LOOP ( 'NONE', ( #4370, #3012 ) ) ;
#6901 = ORIENTED_EDGE ( 'NONE', *, *, #2766, .T. ) ;
#6902 = DIRECTION ( 'NONE',  ( -0.000000000000000000, 0.000000000000000000, 1.000000000000000000 ) ) ;
#6903 = LINE ( 'NONE', #4375, #5661 ) ;
#6904 = AXIS2_PLACEMENT_3D ( 'NONE', #1955, #6940, #3089 ) ;
#6905 = ORIENTED_EDGE ( 'NONE', *, *, #7363, .T. ) ;
#6906 = DIRECTION ( 'NONE',  ( 0.000000000000000000, -0.000000000000000000, -1.000000000000000000 ) ) ;
#6907 = ADVANCED_FACE ( 'NONE', ( #7176 ), #1580, .F. ) ;
#6908 = PRODUCT_DEFINITION_SHAPE ( 'NONE', 'NONE',  #8096 ) ;
#6909 = LINE ( 'NONE', #3224, #1874 ) ;
#6910 = EDGE_LOOP ( 'NONE', ( #8053, #7141, #637, #1678 ) ) ;
#6911 = DIRECTION ( 'NONE',  ( -9.251858538542963939E-16, 1.000000000000000000, 0.000000000000000000 ) ) ;
#6912 = FACE_OUTER_BOUND ( 'NONE', #1994, .T. ) ;
#6913 = LINE ( 'NONE', #696, #6674 ) ;
#6914 = CYLINDRICAL_SURFACE ( 'NONE', #7546, 19.00000000000000000 ) ;
#6915 = VECTOR ( 'NONE', #3351, 1000.000000000000000 ) ;
#6916 = EDGE_CURVE ( 'NONE', #7237, #2299, #1818, .T. ) ;
#6917 = VERTEX_POINT ( 'NONE', #1911 ) ;
#6918 = CARTESIAN_POINT ( 'NONE',  ( 32.50000000000000711, 32.50000000000000711, 7.500000000000000000 ) ) ;
#6919 = CIRCLE ( 'NONE', #4181, 2.000000000000001776 ) ;
#6920 =( NAMED_UNIT ( * ) SI_UNIT ( $, .STERADIAN. ) SOLID_ANGLE_UNIT ( ) );
#6921 = ORIENTED_EDGE ( 'NONE', *, *, #4847, .T. ) ;
#6922 = DIRECTION ( 'NONE',  ( 1.000000000000000000, 0.000000000000000000, 0.000000000000000000 ) ) ;
#6923 = CARTESIAN_POINT ( 'NONE',  ( 0.000000000000000000, 0.000000000000000000, -130.0000000000000000 ) ) ;
#6924 = CARTESIAN_POINT ( 'NONE',  ( 40.00000000000000000, 39.99999999999999289, -130.0000000000000000 ) ) ;
#6925 = VECTOR ( 'NONE', #7953, 1000.000000000000000 ) ;
#6926 = ORIENTED_EDGE ( 'NONE', *, *, #6223, .F. ) ;
#6927 = DIRECTION ( 'NONE',  ( -0.000000000000000000, -0.000000000000000000, -1.000000000000000000 ) ) ;
#6928 = EDGE_CURVE ( 'NONE', #7427, #1390, #499, .T. ) ;
#6929 = DIRECTION ( 'NONE',  ( -0.000000000000000000, -0.000000000000000000, 1.000000000000000000 ) ) ;
#6930 = AXIS2_PLACEMENT_3D ( 'NONE', #754, #5746, #5091 ) ;
#6931 = DIRECTION ( 'NONE',  ( 0.000000000000000000, 0.4999999999999990008, -0.8660254037844391517 ) ) ;
#6932 = ORIENTED_EDGE ( 'NONE', *, *, #4281, .F. ) ;
#6933 = CYLINDRICAL_SURFACE ( 'NONE', #2658, 4.375000000000000000 ) ;
#6934 = DIRECTION ( 'NONE',  ( 1.000000000000000000, -0.000000000000000000, 0.000000000000000000 ) ) ;
#6935 = DIRECTION ( 'NONE',  ( 1.000000000000000000, 0.000000000000000000, 0.000000000000000000 ) ) ;
#6936 = ADVANCED_FACE ( 'NONE', ( #4964 ), #3569, .T. ) ;
#6937 = AXIS2_PLACEMENT_3D ( 'NONE', #1069, #4261, #1115 ) ;
#6938 = ORIENTED_EDGE ( 'NONE', *, *, #5217, .T. ) ;
#6939 = VERTEX_POINT ( 'NONE', #7457 ) ;
#6940 = DIRECTION ( 'NONE',  ( 1.000000000000000000, 0.000000000000000000, 0.000000000000000000 ) ) ;
#6941 = FACE_OUTER_BOUND ( 'NONE', #3311, .T. ) ;
#6942 = VERTEX_POINT ( 'NONE', #5544 ) ;
#6943 = ORIENTED_EDGE ( 'NONE', *, *, #6368, .F. ) ;
#6944 = PLANE ( 'NONE',  #1669 ) ;
#6945 = VECTOR ( 'NONE', #4705, 1000.000000000000000 ) ;
#6946 = CIRCLE ( 'NONE', #3812, 20.00000000000000000 ) ;
#6947 = EDGE_CURVE ( 'NONE', #1480, #7562, #4619, .T. ) ;
#6948 = ORIENTED_EDGE ( 'NONE', *, *, #5914, .T. ) ;
#6949 = DIRECTION ( 'NONE',  ( 0.000000000000000000, 0.000000000000000000, -1.000000000000000000 ) ) ;
#6950 = CARTESIAN_POINT ( 'NONE',  ( -15.00000000000000000, 3.500000000000000000, 3.000000000000004441 ) ) ;
#6951 = ORIENTED_EDGE ( 'NONE', *, *, #4206, .F. ) ;
#6952 = LINE ( 'NONE', #4337, #5768 ) ;
#6953 = CARTESIAN_POINT ( 'NONE',  ( 25.00000000000000711, -40.00000000000000711, -120.0000000000000000 ) ) ;
#6954 = EDGE_CURVE ( 'NONE', #235, #4572, #4358, .T. ) ;
#6955 = CARTESIAN_POINT ( 'NONE',  ( -25.00000000000000355, -1.081617080994607490E-14, 2.499999999999999556 ) ) ;
#6956 = EDGE_CURVE ( 'NONE', #6418, #3855, #6889, .T. ) ;
#6957 = ORIENTED_EDGE ( 'NONE', *, *, #3657, .F. ) ;
#6958 = DIRECTION ( 'NONE',  ( -0.000000000000000000, -0.000000000000000000, 1.000000000000000000 ) ) ;
#6959 = ORIENTED_EDGE ( 'NONE', *, *, #1986, .F. ) ;
#6960 = DIRECTION ( 'NONE',  ( 0.4327433820357999839, 0.9015171464282960567, 0.000000000000000000 ) ) ;
#6961 = ORIENTED_EDGE ( 'NONE', *, *, #6497, .F. ) ;
#6962 = DIRECTION ( 'NONE',  ( 1.000000000000000000, 0.000000000000000000, 0.000000000000000000 ) ) ;
#6963 = DIRECTION ( 'NONE',  ( -0.000000000000000000, -0.000000000000000000, 1.000000000000000000 ) ) ;
#6964 = DIRECTION ( 'NONE',  ( 1.000000000000000000, -0.000000000000000000, -0.000000000000000000 ) ) ;
#6965 = AXIS2_PLACEMENT_3D ( 'NONE', #6262, #6428, #6302 ) ;
#6966 = AXIS2_PLACEMENT_3D ( 'NONE', #5108, #5764, #5154 ) ;
#6967 = ADVANCED_FACE ( 'NONE', ( #4316 ), #1252, .T. ) ;
#6968 = EDGE_LOOP ( 'NONE', ( #2563, #6236, #1286, #1435 ) ) ;
#6969 = AXIS2_PLACEMENT_3D ( 'NONE', #7048, #5095, #3285 ) ;
#6970 = VECTOR ( 'NONE', #1234, 1000.000000000000000 ) ;
#6971 = DIRECTION ( 'NONE',  ( 0.000000000000000000, 0.000000000000000000, 1.000000000000000000 ) ) ;
#6972 = CARTESIAN_POINT ( 'NONE',  ( 0.000000000000000000, 0.000000000000000000, -7.499999999999999112 ) ) ;
#6973 = DIRECTION ( 'NONE',  ( -0.000000000000000000, -0.000000000000000000, 1.000000000000000000 ) ) ;
#6974 = VERTEX_POINT ( 'NONE', #5579 ) ;
#6975 = LINE ( 'NONE', #757, #4094 ) ;
#6976 = LINE ( 'NONE', #1385, #552 ) ;
#6977 = CARTESIAN_POINT ( 'NONE',  ( 33.46194077712560500, 0.000000000000000000, 24.99999999999999645 ) ) ;
#6978 = AXIS2_PLACEMENT_3D ( 'NONE', #4774, #2312, #5419 ) ;
#6979 = AXIS2_PLACEMENT_3D ( 'NONE', #7694, #5864, #1527 ) ;
#6980 = ORIENTED_EDGE ( 'NONE', *, *, #5348, .T. ) ;
#6981 = VERTEX_POINT ( 'NONE', #5011 ) ;
#6982 = CYLINDRICAL_SURFACE ( 'NONE', #2743, 4.000000000000003553 ) ;
#6983 = ORIENTED_EDGE ( 'NONE', *, *, #3676, .F. ) ;
#6984 = ORIENTED_EDGE ( 'NONE', *, *, #6442, .T. ) ;
#6985 = CARTESIAN_POINT ( 'NONE',  ( 25.00000000000000711, -32.50000000000000000, 0.000000000000000000 ) ) ;
#6986 = DIRECTION ( 'NONE',  ( -0.000000000000000000, -0.000000000000000000, 1.000000000000000000 ) ) ;
#6987 = PRODUCT_DEFINITION_CONTEXT ( 'detailed design', #3086, 'design' ) ;
#6988 = AXIS2_PLACEMENT_3D ( 'NONE', #5127, #7692, #5825 ) ;
#6989 = ORIENTED_EDGE ( 'NONE', *, *, #6606, .T. ) ;
#6990 = EDGE_CURVE ( 'NONE', #4198, #5116, #2964, .T. ) ;
#6991 = CYLINDRICAL_SURFACE ( 'NONE', #643, 3.000000000000002665 ) ;
#6992 = DIRECTION ( 'NONE',  ( 0.000000000000000000, 0.000000000000000000, 1.000000000000000000 ) ) ;
#6993 = ORIENTED_EDGE ( 'NONE', *, *, #3288, .F. ) ;
#6994 = DIRECTION ( 'NONE',  ( 0.000000000000000000, 0.000000000000000000, 1.000000000000000000 ) ) ;
#6995 = DIRECTION ( 'NONE',  ( 1.000000000000000000, 0.000000000000000000, 0.000000000000000000 ) ) ;
#6996 = DIRECTION ( 'NONE',  ( 0.000000000000000000, 0.000000000000000000, 1.000000000000000000 ) ) ;
#6997 = ORIENTED_EDGE ( 'NONE', *, *, #2713, .T. ) ;
#6998 = DIRECTION ( 'NONE',  ( 1.000000000000000000, 0.000000000000000000, -0.000000000000000000 ) ) ;
#6999 = AXIS2_PLACEMENT_3D ( 'NONE', #4437, #6927, #5131 ) ;
#7000 = ADVANCED_FACE ( 'NONE', ( #6802 ), #171, .T. ) ;
#7001 = ORIENTED_EDGE ( 'NONE', *, *, #7810, .F. ) ;
#7002 = DIRECTION ( 'NONE',  ( 0.1599402937826988891, 0.9871266901592236076, 5.479653898183964909E-17 ) ) ;
#7003 = ORIENTED_EDGE ( 'NONE', *, *, #3950, .T. ) ;
#7004 = CYLINDRICAL_SURFACE ( 'NONE', #6334, 2.500000000000015987 ) ;
#7005 = DIRECTION ( 'NONE',  ( 0.000000000000000000, 0.000000000000000000, -1.000000000000000000 ) ) ;
#7006 = CARTESIAN_POINT ( 'NONE',  ( 0.000000000000000000, 0.000000000000000000, -135.0000000000000000 ) ) ;
#7007 = CIRCLE ( 'NONE', #212, 10.00000000000000178 ) ;
#7008 = ORIENTED_EDGE ( 'NONE', *, *, #5070, .T. ) ;
#7009 = DIRECTION ( 'NONE',  ( 0.000000000000000000, 0.000000000000000000, -1.000000000000000000 ) ) ;
#7010 = ADVANCED_FACE ( 'NONE', ( #6229 ), #7340, .F. ) ;
#7011 = DIRECTION ( 'NONE',  ( 0.000000000000000000, 1.000000000000000000, -0.000000000000000000 ) ) ;
#7012 = ORIENTED_EDGE ( 'NONE', *, *, #7695, .T. ) ;
#7013 = CARTESIAN_POINT ( 'NONE',  ( -1.507425521165058679, 9.887091487098873088, -139.3989314314694639 ) ) ;
#7014 = DIRECTION ( 'NONE',  ( -1.000000000000000000, -5.204170427930421283E-16, 0.000000000000000000 ) ) ;
#7015 = DIRECTION ( 'NONE',  ( 0.000000000000000000, -1.000000000000000000, 0.000000000000000000 ) ) ;
#7016 = VERTEX_POINT ( 'NONE', #1204 ) ;
#7017 = ORIENTED_EDGE ( 'NONE', *, *, #7927, .T. ) ;
#7018 = CARTESIAN_POINT ( 'NONE',  ( 0.8000000000000020428, 0.000000000000000000, 0.000000000000000000 ) ) ;
#7019 = EDGE_LOOP ( 'NONE', ( #7514, #2686, #1377, #6943 ) ) ;
#7020 = ORIENTED_EDGE ( 'NONE', *, *, #2551, .T. ) ;
#7021 = FACE_OUTER_BOUND ( 'NONE', #6316, .T. ) ;
#7022 = DIRECTION ( 'NONE',  ( 1.000000000000000000, 0.000000000000000000, 0.000000000000000000 ) ) ;
#7023 = CIRCLE ( 'NONE', #762, 25.00000000000000000 ) ;
#7024 = ORIENTED_EDGE ( 'NONE', *, *, #7396, .T. ) ;
#7025 = DIRECTION ( 'NONE',  ( -0.000000000000000000, 0.000000000000000000, 1.000000000000000000 ) ) ;
#7026 = DIRECTION ( 'NONE',  ( 1.000000000000000000, 0.000000000000000000, 0.000000000000000000 ) ) ;
#7027 = ORIENTED_EDGE ( 'NONE', *, *, #1668, .T. ) ;
#7028 = AXIS2_PLACEMENT_3D ( 'NONE', #3438, #3480, #3933 ) ;
#7029 = CARTESIAN_POINT ( 'NONE',  ( 4.000000000000000000, 3.518949890710767470, -4.553649124439118623E-15 ) ) ;
#7030 = CARTESIAN_POINT ( 'NONE',  ( 6.750000000000001776, 4.750000000000000000, -7.249999999999999112 ) ) ;
#7031 = DIRECTION ( 'NONE',  ( 0.000000000000000000, 0.000000000000000000, -1.000000000000000000 ) ) ;
#7032 = ORIENTED_EDGE ( 'NONE', *, *, #7607, .T. ) ;
#7033 = CARTESIAN_POINT ( 'NONE',  ( -32.49999999999999289, -32.50000000000000000, 7.500000000000000888 ) ) ;
#7034 = ORIENTED_EDGE ( 'NONE', *, *, #6466, .T. ) ;
#7035 =( NAMED_UNIT ( * ) PLANE_ANGLE_UNIT ( ) SI_UNIT ( $, .RADIAN. ) );
#7036 = CARTESIAN_POINT ( 'NONE',  ( 0.000000000000000000, 0.000000000000000000, -3.749999999999999112 ) ) ;
#7037 = DIRECTION ( 'NONE',  ( -0.000000000000000000, -0.000000000000000000, -1.000000000000000000 ) ) ;
#7038 = CYLINDRICAL_SURFACE ( 'NONE', #5271, 2.500000000000009326 ) ;
#7039 = ADVANCED_FACE ( 'NONE', ( #3660 ), #4, .F. ) ;
#7040 = EDGE_CURVE ( 'NONE', #2126, #1155, #4630, .T. ) ;
#7041 = EDGE_LOOP ( 'NONE', ( #4317, #5307, #1308, #7487 ) ) ;
#7042 = AXIS2_PLACEMENT_3D ( 'NONE', #3725, #3798, #6248 ) ;
#7043 = ADVANCED_FACE ( 'NONE', ( #5498 ), #7991, .F. ) ;
#7044 = CARTESIAN_POINT ( 'NONE',  ( 0.000000000000000000, 0.000000000000000000, -130.0000000000000000 ) ) ;
#7045 = CARTESIAN_POINT ( 'NONE',  ( -40.00000000000000000, -15.00000000000000000, -8.500000000000000000 ) ) ;
#7046 = VERTEX_POINT ( 'NONE', #6764 ) ;
#7047 = CYLINDRICAL_SURFACE ( 'NONE', #1492, 4.375000000000000000 ) ;
#7048 = CARTESIAN_POINT ( 'NONE',  ( 5.000000000000000888, 4.250000000000000000, 0.000000000000000000 ) ) ;
#7049 = TOROIDAL_SURFACE ( 'NONE', #6904, 4.400000000000002132, 0.4000000000000000222 ) ;
#7050 = EDGE_CURVE ( 'NONE', #5889, #5775, #2430, .T. ) ;
#7051 = CARTESIAN_POINT ( 'NONE',  ( 4.000000000000000000, 0.000000000000000000, 0.000000000000000000 ) ) ;
#7052 = EDGE_CURVE ( 'NONE', #6490, #6587, #7702, .T. ) ;
#7053 = ORIENTED_EDGE ( 'NONE', *, *, #5263, .F. ) ;
#7054 = ORIENTED_EDGE ( 'NONE', *, *, #5852, .F. ) ;
#7055 = DIRECTION ( 'NONE',  ( -1.000000000000000000, 0.000000000000000000, 0.000000000000000000 ) ) ;
#7056 = CARTESIAN_POINT ( 'NONE',  ( 0.000000000000000000, 0.000000000000000000, 24.99999999999999645 ) ) ;
#7057 = EDGE_LOOP ( 'NONE', ( #3686, #7686, #6372, #550 ) ) ;
#7058 = ORIENTED_EDGE ( 'NONE', *, *, #5306, .F. ) ;
#7059 = FACE_OUTER_BOUND ( 'NONE', #3507, .T. ) ;
#7060 = CARTESIAN_POINT ( 'NONE',  ( 4.000000000000002665, -9.000000000000001776, 7.249999999999999112 ) ) ;
#7061 = EDGE_CURVE ( 'NONE', #159, #7894, #6360, .T. ) ;
#7062 = ORIENTED_EDGE ( 'NONE', *, *, #3098, .T. ) ;
#7063 = CARTESIAN_POINT ( 'NONE',  ( -39.99999999999999289, -40.00000000000000711, -130.0000000000000000 ) ) ;
#7064 = CARTESIAN_POINT ( 'NONE',  ( 43.99999999999999289, 15.00000000000000000, -8.500000000000000000 ) ) ;
#7065 = EDGE_LOOP ( 'NONE', ( #3130, #4022, #6773, #261 ) ) ;
#7066 = CARTESIAN_POINT ( 'NONE',  ( 25.00000000000000000, 0.000000000000000000, 2.055000000000000160 ) ) ;
#7067 = VECTOR ( 'NONE', #4142, 1000.000000000000000 ) ;
#7068 = EDGE_CURVE ( 'NONE', #3718, #4858, #6435, .T. ) ;
#7069 = EDGE_LOOP ( 'NONE', ( #5760, #5845, #6388, #3068 ) ) ;
#7070 = LINE ( 'NONE', #4013, #1528 ) ;
#7071 = CYLINDRICAL_SURFACE ( 'NONE', #5521, 3.999999999999993339 ) ;
#7072 = VERTEX_POINT ( 'NONE', #4565 ) ;
#7073 = CARTESIAN_POINT ( 'NONE',  ( -32.50000000000000711, -32.49999999999999289, 19.50000000000001421 ) ) ;
#7074 = DIRECTION ( 'NONE',  ( -0.000000000000000000, -0.000000000000000000, 1.000000000000000000 ) ) ;
#7075 = LINE ( 'NONE', #5699, #6195 ) ;
#7076 = DIRECTION ( 'NONE',  ( 0.000000000000000000, 0.000000000000000000, 1.000000000000000000 ) ) ;
#7077 = PLANE ( 'NONE',  #4373 ) ;
#7078 = ORIENTED_EDGE ( 'NONE', *, *, #1510, .F. ) ;
#7079 = DIRECTION ( 'NONE',  ( -1.000000000000000000, 0.000000000000000000, -0.000000000000000000 ) ) ;
#7080 = EDGE_CURVE ( 'NONE', #1706, #5971, #2635, .T. ) ;
#7081 = VECTOR ( 'NONE', #4310, 1000.000000000000000 ) ;
#7082 = CARTESIAN_POINT ( 'NONE',  ( 20.00000000000000355, 0.000000000000000000, 0.000000000000000000 ) ) ;
#7083 = VECTOR ( 'NONE', #1146, 1000.000000000000000 ) ;
#7084 = CARTESIAN_POINT ( 'NONE',  ( 3.750000000000003997, 4.750000000000000000, -7.500000000000000000 ) ) ;
#7085 = ORIENTED_EDGE ( 'NONE', *, *, #7762, .T. ) ;
#7086 = DIRECTION ( 'NONE',  ( 0.000000000000000000, 0.000000000000000000, 1.000000000000000000 ) ) ;
#7087 = MECHANICAL_DESIGN_GEOMETRIC_PRESENTATION_REPRESENTATION (  '', ( #292 ), #3036 ) ;
#7088 = CARTESIAN_POINT ( 'NONE',  ( -32.50000000000000711, -32.50000000000000000, -120.0000000000000000 ) ) ;
#7089 = AXIS2_PLACEMENT_3D ( 'NONE', #2683, #6892, #2037 ) ;
#7090 = VECTOR ( 'NONE', #4984, 1000.000000000000000 ) ;
#7091 = AXIS2_PLACEMENT_3D ( 'NONE', #7459, #5057, #7542 ) ;
#7092 = EDGE_CURVE ( 'NONE', #7238, #3345, #3245, .T. ) ;
#7093 = VECTOR ( 'NONE', #4968, 1000.000000000000000 ) ;
#7094 = CIRCLE ( 'NONE', #4884, 3.999999999999996447 ) ;
#7095 = EDGE_LOOP ( 'NONE', ( #4093, #2524, #4265, #3216 ) ) ;
#7096 = ORIENTED_EDGE ( 'NONE', *, *, #7144, .T. ) ;
#7097 = DIRECTION ( 'NONE',  ( 1.000000000000000000, 0.000000000000000000, 0.000000000000000000 ) ) ;
#7098 = AXIS2_PLACEMENT_3D ( 'NONE', #4043, #4702, #7187 ) ;
#7099 = LINE ( 'NONE', #7672, #6970 ) ;
#7100 = EDGE_CURVE ( 'NONE', #4239, #5612, #671, .T. ) ;
#7101 = EDGE_LOOP ( 'NONE', ( #3423, #5643, #4128, #1192 ) ) ;
#7102 = DIRECTION ( 'NONE',  ( 1.000000000000000000, 9.251858538542963939E-16, 1.705250471592863254E-32 ) ) ;
#7103 = VECTOR ( 'NONE', #3781, 1000.000000000000114 ) ;
#7104 = EDGE_CURVE ( 'NONE', #1034, #1756, #3707, .T. ) ;
#7105 = CYLINDRICAL_SURFACE ( 'NONE', #4617, 0.2500000000000002220 ) ;
#7106 = VECTOR ( 'NONE', #622, 1000.000000000000000 ) ;
#7107 = CIRCLE ( 'NONE', #3580, 7.499999999999992895 ) ;
#7108 = VECTOR ( 'NONE', #7820, 1000.000000000000000 ) ;
#7109 = EDGE_LOOP ( 'NONE', ( #3082, #1013, #4927, #1442 ) ) ;
#7110 = DIRECTION ( 'NONE',  ( -0.000000000000000000, -0.000000000000000000, 1.000000000000000000 ) ) ;
#7111 = CARTESIAN_POINT ( 'NONE',  ( 39.99999999999998579, -15.00000000000000000, 7.500000000000000000 ) ) ;
#7112 = ORIENTED_EDGE ( 'NONE', *, *, #7256, .T. ) ;
#7113 = FACE_OUTER_BOUND ( 'NONE', #7754, .T. ) ;
#7114 = EDGE_CURVE ( 'NONE', #345, #789, #6399, .T. ) ;
#7115 =( LENGTH_UNIT ( ) NAMED_UNIT ( * ) SI_UNIT ( .MILLI., .METRE. ) );
#7116 =( REPRESENTATION_RELATIONSHIP ('NONE','NONE', #4940, #3269 ) REPRESENTATION_RELATIONSHIP_WITH_TRANSFORMATION ( #5423 )SHAPE_REPRESENTATION_RELATIONSHIP( ) );
#7117 = ORIENTED_EDGE ( 'NONE', *, *, #3056, .F. ) ;
#7118 = CARTESIAN_POINT ( 'NONE',  ( 25.00000000000000711, -32.50000000000000000, -15.00000000000001421 ) ) ;
#7119 = DIRECTION ( 'NONE',  ( 0.000000000000000000, 0.000000000000000000, -1.000000000000000000 ) ) ;
#7120 = ORIENTED_EDGE ( 'NONE', *, *, #6458, .T. ) ;
#7121 = CARTESIAN_POINT ( 'NONE',  ( 32.50000000000000000, -32.49999999999999289, 19.50000000000001066 ) ) ;
#7122 = DIRECTION ( 'NONE',  ( 1.000000000000000000, 0.000000000000000000, 0.000000000000000000 ) ) ;
#7123 = CARTESIAN_POINT ( 'NONE',  ( -32.50000000000000711, -32.50000000000000000, -120.0000000000000000 ) ) ;
#7124 = CARTESIAN_POINT ( 'NONE',  ( 1.000000000000001998, -9.000000000000001776, 7.249999999999999112 ) ) ;
#7125 = LINE ( 'NONE', #4676, #1888 ) ;
#7126 = ORIENTED_EDGE ( 'NONE', *, *, #4264, .F. ) ;
#7127 = ORIENTED_EDGE ( 'NONE', *, *, #2387, .F. ) ;
#7128 = DIRECTION ( 'NONE',  ( 0.000000000000000000, 0.000000000000000000, 1.000000000000000000 ) ) ;
#7129 = DIRECTION ( 'NONE',  ( 5.204170427930421283E-16, 1.000000000000000000, 0.000000000000000000 ) ) ;
#7130 = CARTESIAN_POINT ( 'NONE',  ( 39.99999999999998579, -15.00000000000000000, -0.5000000000000004441 ) ) ;
#7131 = EDGE_LOOP ( 'NONE', ( #6423, #6655, #197, #2670 ) ) ;
#7132 = DIRECTION ( 'NONE',  ( 0.000000000000000000, 0.000000000000000000, 1.000000000000000000 ) ) ;
#7133 = DIRECTION ( 'NONE',  ( -0.000000000000000000, 0.000000000000000000, 1.000000000000000000 ) ) ;
#7134 = VECTOR ( 'NONE', #5866, 1000.000000000000000 ) ;
#7135 = EDGE_CURVE ( 'NONE', #6277, #448, #126, .T. ) ;
#7136 = AXIS2_PLACEMENT_3D ( 'NONE', #6756, #7330, #2342 ) ;
#7137 = ORIENTED_EDGE ( 'NONE', *, *, #4607, .F. ) ;
#7138 = EDGE_LOOP ( 'NONE', ( #7736, #678 ) ) ;
#7139 = LINE ( 'NONE', #4034, #5482 ) ;
#7140 = CYLINDRICAL_SURFACE ( 'NONE', #5795, 4.000000000000003553 ) ;
#7141 = ORIENTED_EDGE ( 'NONE', *, *, #3347, .T. ) ;
#7142 = CARTESIAN_POINT ( 'NONE',  ( -15.00000000000000000, -3.500000000000000000, 0.000000000000000000 ) ) ;
#7143 = FACE_OUTER_BOUND ( 'NONE', #5997, .T. ) ;
#7144 = EDGE_CURVE ( 'NONE', #4198, #517, #5135, .T. ) ;
#7145 = AXIS2_PLACEMENT_3D ( 'NONE', #2813, #3346, #2238 ) ;
#7146 = EDGE_CURVE ( 'NONE', #6873, #350, #1371, .T. ) ;
#7147 = EDGE_CURVE ( 'NONE', #3048, #6476, #1297, .T. ) ;
#7148 = ORIENTED_EDGE ( 'NONE', *, *, #6537, .F. ) ;
#7149 = FACE_BOUND ( 'NONE', #1372, .T. ) ;
#7150 = CARTESIAN_POINT ( 'NONE',  ( 46.49999999999998579, -15.00000000000000000, 7.500000000000000000 ) ) ;
#7151 = ORIENTED_EDGE ( 'NONE', *, *, #3044, .F. ) ;
#7152 = CARTESIAN_POINT ( 'NONE',  ( 7.000000000000001776, 5.000000000000000000, -7.249999999999999112 ) ) ;
#7153 = ORIENTED_EDGE ( 'NONE', *, *, #4185, .F. ) ;
#7154 = ADVANCED_FACE ( 'NONE', ( #215 ), #3577, .T. ) ;
#7155 =( GEOMETRIC_REPRESENTATION_CONTEXT ( 3 ) GLOBAL_UNCERTAINTY_ASSIGNED_CONTEXT ( ( #2081 ) ) GLOBAL_UNIT_ASSIGNED_CONTEXT ( ( #7115, #353, #3315 ) ) REPRESENTATION_CONTEXT ( 'NONE', 'WORKASPACE' ) );
#7156 = LINE ( 'NONE', #4669, #7791 ) ;
#7157 = DIRECTION ( 'NONE',  ( 1.000000000000000000, 0.000000000000000000, 0.000000000000000000 ) ) ;
#7158 = VERTEX_POINT ( 'NONE', #5830 ) ;
#7159 = LINE ( 'NONE', #7036, #6285 ) ;
#7160 = DIRECTION ( 'NONE',  ( 1.000000000000000000, 0.000000000000000000, 0.000000000000000000 ) ) ;
#7161 = LINE ( 'NONE', #1604, #3298 ) ;
#7162 = FACE_OUTER_BOUND ( 'NONE', #2065, .T. ) ;
#7163 = EDGE_CURVE ( 'NONE', #4635, #5024, #5786, .T. ) ;
#7164 = DIRECTION ( 'NONE',  ( 0.000000000000000000, 0.000000000000000000, -1.000000000000000000 ) ) ;
#7165 = ORIENTED_EDGE ( 'NONE', *, *, #4308, .F. ) ;
#7166 = CARTESIAN_POINT ( 'NONE',  ( 32.50000000000000000, 25.00000000000000711, -115.0000000000000142 ) ) ;
#7167 = DIRECTION ( 'NONE',  ( 0.000000000000000000, 1.000000000000000000, 0.000000000000000000 ) ) ;
#7168 = CARTESIAN_POINT ( 'NONE',  ( 43.99999999999999289, 15.00000000000000000, 7.500000000000000000 ) ) ;
#7169 = EDGE_LOOP ( 'NONE', ( #2341, #1979, #6502, #4576, #1098, #242, #2252, #5215, #2737, #1358, #5224, #2216 ) ) ;
#7170 = CARTESIAN_POINT ( 'NONE',  ( 2.500000000000000000, 2.357898499370432166, -1.951563910473907981E-15 ) ) ;
#7171 = VECTOR ( 'NONE', #194, 1000.000000000000000 ) ;
#7172 = EDGE_CURVE ( 'NONE', #7633, #3270, #7662, .T. ) ;
#7173 = ORIENTED_EDGE ( 'NONE', *, *, #7502, .T. ) ;
#7174 = LINE ( 'NONE', #3913, #7833 ) ;
#7175 = AXIS2_PLACEMENT_3D ( 'NONE', #299, #5226, #5757 ) ;
#7176 = FACE_OUTER_BOUND ( 'NONE', #904, .T. ) ;
#7177 = ORIENTED_EDGE ( 'NONE', *, *, #4706, .T. ) ;
#7178 = DIRECTION ( 'NONE',  ( -0.000000000000000000, -0.000000000000000000, 1.000000000000000000 ) ) ;
#7179 = CYLINDRICAL_SURFACE ( 'NONE', #7328, 4.000000000000003553 ) ;
#7180 = CARTESIAN_POINT ( 'NONE',  ( 40.00000000000000711, 25.00000000000000000, -120.0000000000000000 ) ) ;
#7181 = ADVANCED_FACE ( 'NONE', ( #5709 ), #2068, .F. ) ;
#7182 = CIRCLE ( 'NONE', #4585, 10.00000000000000178 ) ;
#7183 = CARTESIAN_POINT ( 'NONE',  ( -6.938893903907228378E-15, -1.387778780781445676E-14, 0.5000000000000004441 ) ) ;
#7184 = ORIENTED_EDGE ( 'NONE', *, *, #4053, .F. ) ;
#7185 = EDGE_LOOP ( 'NONE', ( #7468, #6094, #3039, #6921, #1998 ) ) ;
#7186 = CARTESIAN_POINT ( 'NONE',  ( 4.000000000000004441, -5.000000000000000000, -7.249999999999999112 ) ) ;
#7187 = DIRECTION ( 'NONE',  ( 0.000000000000000000, 0.000000000000000000, -1.000000000000000000 ) ) ;
#7188 = VERTEX_POINT ( 'NONE', #755 ) ;
#7189 = EDGE_LOOP ( 'NONE', ( #64, #4514, #725, #7923 ) ) ;
#7190 = DIRECTION ( 'NONE',  ( 0.000000000000000000, 0.000000000000000000, -1.000000000000000000 ) ) ;
#7191 = DIRECTION ( 'NONE',  ( 0.000000000000000000, 0.000000000000000000, 1.000000000000000000 ) ) ;
#7192 = ADVANCED_FACE ( 'NONE', ( #7581 ), #1988, .F. ) ;
#7193 = ORIENTED_EDGE ( 'NONE', *, *, #2446, .T. ) ;
#7194 = AXIS2_PLACEMENT_3D ( 'NONE', #3481, #7978, #7856 ) ;
#7195 = DIRECTION ( 'NONE',  ( -0.000000000000000000, -0.000000000000000000, 1.000000000000000000 ) ) ;
#7196 = EDGE_CURVE ( 'NONE', #7972, #5777, #6321, .T. ) ;
#7197 = LINE ( 'NONE', #4589, #7869 ) ;
#7198 = EDGE_LOOP ( 'NONE', ( #4447, #5192, #1014, #411 ) ) ;
#7199 = PRODUCT_CONTEXT ( 'NONE', #413, 'mechanical' ) ;
#7200 = LINE ( 'NONE', #6592, #1591 ) ;
#7201 = DIRECTION ( 'NONE',  ( -1.000000000000000000, -0.000000000000000000, -0.000000000000000000 ) ) ;
#7202 = ADVANCED_FACE ( 'NONE', ( #3903 ), #3282, .F. ) ;
#7203 = FACE_OUTER_BOUND ( 'NONE', #7041, .T. ) ;
#7204 = FACE_BOUND ( 'NONE', #6860, .T. ) ;
#7205 = VECTOR ( 'NONE', #2061, 1000.000000000000000 ) ;
#7206 = ORIENTED_EDGE ( 'NONE', *, *, #1510, .T. ) ;
#7207 = CARTESIAN_POINT ( 'NONE',  ( -32.50000000000000000, 25.00000000000000711, -120.0000000000000000 ) ) ;
#7208 = CARTESIAN_POINT ( 'NONE',  ( 3.000000000000002220, 9.000000000000001776, 7.500000000000000000 ) ) ;
#7209 = CYLINDRICAL_SURFACE ( 'NONE', #5805, 0.2500000000000002220 ) ;
#7210 = ORIENTED_EDGE ( 'NONE', *, *, #2580, .F. ) ;
#7211 = LINE ( 'NONE', #1737, #2925 ) ;
#7212 = EDGE_CURVE ( 'NONE', #3801, #7352, #252, .T. ) ;
#7213 = LINE ( 'NONE', #3456, #4146 ) ;
#7214 = CIRCLE ( 'NONE', #3432, 10.00000000000000178 ) ;
#7215 = CIRCLE ( 'NONE', #3691, 4.375000000000003553 ) ;
#7216 = ORIENTED_EDGE ( 'NONE', *, *, #8008, .T. ) ;
#7217 = CARTESIAN_POINT ( 'NONE',  ( -33.50000000000000000, -15.00000000000000000, 7.500000000000000000 ) ) ;
#7218 = AXIS2_PLACEMENT_3D ( 'NONE', #6807, #3664, #504 ) ;
#7219 = CARTESIAN_POINT ( 'NONE',  ( 25.00000000000000711, -32.50000000000000000, -120.0000000000000000 ) ) ;
#7220 = ORIENTED_EDGE ( 'NONE', *, *, #1764, .F. ) ;
#7221 = DIRECTION ( 'NONE',  ( -0.000000000000000000, -0.000000000000000000, 1.000000000000000000 ) ) ;
#7222 = CARTESIAN_POINT ( 'NONE',  ( 39.99999999999998579, -15.00000000000000000, 7.500000000000000000 ) ) ;
#7223 = CARTESIAN_POINT ( 'NONE',  ( 25.00000000000000711, -32.50000000000000000, -115.0000000000000000 ) ) ;
#7224 = AXIS2_PLACEMENT_3D ( 'NONE', #6417, #1891, #7026 ) ;
#7225 = PRODUCT_DEFINITION ( 'UNKNOWN', '', #7296, #7558 ) ;
#7226 = AXIS2_PLACEMENT_3D ( 'NONE', #2537, #4611, #4336 ) ;
#7227 = AXIS2_PLACEMENT_3D ( 'NONE', #881, #6518, #918 ) ;
#7228 = VECTOR ( 'NONE', #7798, 1000.000000000000000 ) ;
#7229 = AXIS2_PLACEMENT_3D ( 'NONE', #8003, #1100, #2404 ) ;
#7230 = CYLINDRICAL_SURFACE ( 'NONE', #5186, 6.500000000000000000 ) ;
#7231 = AXIS2_PLACEMENT_3D ( 'NONE', #3470, #3353, #5201 ) ;
#7232 = VECTOR ( 'NONE', #587, 1000.000000000000000 ) ;
#7233 = VERTEX_POINT ( 'NONE', #6600 ) ;
#7234 = EDGE_LOOP ( 'NONE', ( #7390, #6086, #1276, #1642 ) ) ;
#7235 = FACE_OUTER_BOUND ( 'NONE', #1770, .T. ) ;
#7236 = FILL_AREA_STYLE ('',( #310 ) ) ;
#7237 = VERTEX_POINT ( 'NONE', #4645 ) ;
#7238 = VERTEX_POINT ( 'NONE', #6026 ) ;
#7239 = AXIS2_PLACEMENT_3D ( 'NONE', #6924, #3776, #4391 ) ;
#7240 = CARTESIAN_POINT ( 'NONE',  ( 5.200000000000002842, 0.000000000000000000, 0.000000000000000000 ) ) ;
#7241 = VECTOR ( 'NONE', #3510, 1000.000000000000000 ) ;
#7242 = AXIS2_PLACEMENT_3D ( 'NONE', #4920, #5574, #8069 ) ;
#7243 = EDGE_CURVE ( 'NONE', #269, #7391, #7259, .T. ) ;
#7244 = ORIENTED_EDGE ( 'NONE', *, *, #7685, .T. ) ;
#7245 = PRESENTATION_LAYER_ASSIGNMENT (  '', '', ( #1499 ) ) ;
#7246 = DIRECTION ( 'NONE',  ( -1.000000000000000000, -0.000000000000000000, -0.000000000000000000 ) ) ;
#7247 = DIRECTION ( 'NONE',  ( 1.000000000000000000, 0.000000000000000000, 0.000000000000000000 ) ) ;
#7248 = EDGE_LOOP ( 'NONE', ( #5662, #4837, #682, #5668 ) ) ;
#7249 = DIRECTION ( 'NONE',  ( 1.000000000000000000, 0.000000000000000000, 0.000000000000000000 ) ) ;
#7250 = CARTESIAN_POINT ( 'NONE',  ( -32.49999999999999289, 32.50000000000000000, -8.500000000000000000 ) ) ;
#7251 = DIRECTION ( 'NONE',  ( 1.000000000000000000, 0.000000000000000000, 0.000000000000000000 ) ) ;
#7252 = DIRECTION ( 'NONE',  ( 0.000000000000000000, 0.000000000000000000, 1.000000000000000000 ) ) ;
#7253 = EDGE_CURVE ( 'NONE', #6377, #5024, #4236, .T. ) ;
#7254 = VECTOR ( 'NONE', #4057, 999.9999999999998863 ) ;
#7255 = ORIENTED_EDGE ( 'NONE', *, *, #5604, .F. ) ;
#7256 = EDGE_CURVE ( 'NONE', #766, #8082, #2747, .T. ) ;
#7257 = CARTESIAN_POINT ( 'NONE',  ( 32.50000000000001421, -32.50000000000000000, -8.500000000000000000 ) ) ;
#7258 = CARTESIAN_POINT ( 'NONE',  ( 3.750000000000002665, -9.000000000000001776, -7.249999999999999112 ) ) ;
#7259 = LINE ( 'NONE', #2839, #3317 ) ;
#7260 = ORIENTED_EDGE ( 'NONE', *, *, #2193, .F. ) ;
#7261 = CARTESIAN_POINT ( 'NONE',  ( 32.50000000000000000, -32.50000000000000000, -123.0000000000000000 ) ) ;
#7262 = LINE ( 'NONE', #997, #882 ) ;
#7263 = EDGE_CURVE ( 'NONE', #2567, #1471, #3489, .T. ) ;
#7264 = CYLINDRICAL_SURFACE ( 'NONE', #6576, 5.000000000000000888 ) ;
#7265 = VECTOR ( 'NONE', #3942, 1000.000000000000000 ) ;
#7266 = VERTEX_POINT ( 'NONE', #5949 ) ;
#7267 = DIRECTION ( 'NONE',  ( 1.000000000000000000, 0.000000000000000000, 0.000000000000000000 ) ) ;
#7268 = LINE ( 'NONE', #6568, #1457 ) ;
#7269 = DIRECTION ( 'NONE',  ( -0.000000000000000000, -1.000000000000000000, -0.000000000000000000 ) ) ;
#7270 = CIRCLE ( 'NONE', #4534, 4.375000000000000000 ) ;
#7271 = DIRECTION ( 'NONE',  ( -1.000000000000000000, -0.000000000000000000, -0.000000000000000000 ) ) ;
#7272 = ORIENTED_EDGE ( 'NONE', *, *, #7639, .F. ) ;
#7273 = VERTEX_POINT ( 'NONE', #4682 ) ;
#7274 = CARTESIAN_POINT ( 'NONE',  ( 4.000000000000004441, 5.000000000000000000, 7.249999999999999112 ) ) ;
#7275 = DIRECTION ( 'NONE',  ( -0.000000000000000000, -0.000000000000000000, 1.000000000000000000 ) ) ;
#7276 = ORIENTED_EDGE ( 'NONE', *, *, #994, .T. ) ;
#7277 = EDGE_LOOP ( 'NONE', ( #720, #800, #1174, #2797 ) ) ;
#7278 = CARTESIAN_POINT ( 'NONE',  ( 40.00000000000000711, -25.00000000000000000, -15.00000000000001421 ) ) ;
#7279 = CIRCLE ( 'NONE', #7799, 24.99999999999999645 ) ;
#7280 = ORIENTED_EDGE ( 'NONE', *, *, #4433, .F. ) ;
#7281 = FACE_OUTER_BOUND ( 'NONE', #6451, .T. ) ;
#7282 = LINE ( 'NONE', #2283, #4875 ) ;
#7283 = ORIENTED_EDGE ( 'NONE', *, *, #5157, .F. ) ;
#7284 = CARTESIAN_POINT ( 'NONE',  ( 4.000000000000000000, 0.000000000000000000, 0.000000000000000000 ) ) ;
#7285 = CYLINDRICAL_SURFACE ( 'NONE', #3015, 3.000000000000004441 ) ;
#7286 = LINE ( 'NONE', #6634, #3418 ) ;
#7287 = FACE_OUTER_BOUND ( 'NONE', #134, .T. ) ;
#7288 = CIRCLE ( 'NONE', #1684, 4.250000000000000000 ) ;
#7289 = ORIENTED_EDGE ( 'NONE', *, *, #6663, .F. ) ;
#7290 = DIRECTION ( 'NONE',  ( 1.000000000000000000, 0.000000000000000000, 0.000000000000000000 ) ) ;
#7291 = CARTESIAN_POINT ( 'NONE',  ( -32.50000000000000711, 32.50000000000000000, -120.0000000000000000 ) ) ;
#7292 = EDGE_CURVE ( 'NONE', #5612, #1958, #7884, .T. ) ;
#7293 = DIRECTION ( 'NONE',  ( 0.000000000000000000, 0.000000000000000000, -1.000000000000000000 ) ) ;
#7294 = ORIENTED_EDGE ( 'NONE', *, *, #1903, .T. ) ;
#7295 = DIRECTION ( 'NONE',  ( 1.000000000000000000, 9.251858538542963939E-16, 0.000000000000000000 ) ) ;
#7296 = PRODUCT_DEFINITION_FORMATION_WITH_SPECIFIED_SOURCE ( 'ANY', '', #1026, .NOT_KNOWN. ) ;
#7297 = PRODUCT ( 'socket head cap screw_am_B18.3.1M - 5 x 0.8 x 20 Hex SHCS -- 20NHX', 'socket head cap screw_am_B18.3.1M - 5 x 0.8 x 20 Hex SHCS -- 20NHX', '', ( #6507 ) ) ;
#7298 = EDGE_CURVE ( 'NONE', #6112, #3995, #6586, .T. ) ;
#7299 =( NAMED_UNIT ( * ) SI_UNIT ( $, .STERADIAN. ) SOLID_ANGLE_UNIT ( ) );
#7300 = EDGE_CURVE ( 'NONE', #5151, #4906, #3528, .T. ) ;
#7301 = CARTESIAN_POINT ( 'NONE',  ( 1.000000000000001998, 10.00000000000000000, 7.500000000000000000 ) ) ;
#7302 = VERTEX_POINT ( 'NONE', #5334 ) ;
#7303 = CARTESIAN_POINT ( 'NONE',  ( 32.50000000000000711, 32.50000000000000711, 7.500000000000000000 ) ) ;
#7304 = CIRCLE ( 'NONE', #6534, 10.00000000000000178 ) ;
#7305 = DIRECTION ( 'NONE',  ( 0.000000000000000000, 1.000000000000000000, 0.000000000000000000 ) ) ;
#7306 = CYLINDRICAL_SURFACE ( 'NONE', #700, 0.2500000000000002220 ) ;
#7307 = EDGE_CURVE ( 'NONE', #1511, #588, #4763, .T. ) ;
#7308 = CARTESIAN_POINT ( 'NONE',  ( 0.000000000000000000, 0.000000000000000000, 7.500000000000000000 ) ) ;
#7309 = ORIENTED_EDGE ( 'NONE', *, *, #2067, .F. ) ;
#7310 = VERTEX_POINT ( 'NONE', #1571 ) ;
#7311 = CARTESIAN_POINT ( 'NONE',  ( -32.49999999999999289, 32.50000000000000000, -123.0000000000000000 ) ) ;
#7312 = DIRECTION ( 'NONE',  ( 1.000000000000000000, 9.251858538542963939E-16, -1.364200377274290603E-31 ) ) ;
#7313 = ORIENTED_EDGE ( 'NONE', *, *, #1265, .T. ) ;
#7314 = EDGE_CURVE ( 'NONE', #912, #5769, #6516, .T. ) ;
#7315 = VERTEX_POINT ( 'NONE', #6480 ) ;
#7316 = CARTESIAN_POINT ( 'NONE',  ( 27.48053287425020841, 26.92730318665038070, -115.0000000000000142 ) ) ;
#7317 = AXIS2_PLACEMENT_3D ( 'NONE', #184, #2041, #5190 ) ;
#7318 = VERTEX_POINT ( 'NONE', #6641 ) ;
#7319 = CARTESIAN_POINT ( 'NONE',  ( -40.00000000000000711, 25.00000000000000000, 0.000000000000000000 ) ) ;
#7320 = CARTESIAN_POINT ( 'NONE',  ( 40.00000000000000000, 39.99999999999999289, -130.0000000000000000 ) ) ;
#7321 = ORIENTED_EDGE ( 'NONE', *, *, #137, .F. ) ;
#7322 = ADVANCED_BREP_SHAPE_REPRESENTATION ( '', ( #6357, #5854 ), #5729 ) ;
#7323 = DIRECTION ( 'NONE',  ( -1.000000000000000000, -0.000000000000000000, -0.000000000000000000 ) ) ;
#7324 = CARTESIAN_POINT ( 'NONE',  ( 32.50000000000000000, -25.00000000000000711, -115.0000000000000000 ) ) ;
#7325 = FACE_OUTER_BOUND ( 'NONE', #4127, .T. ) ;
#7326 = DIRECTION ( 'NONE',  ( 0.000000000000000000, 0.000000000000000000, -1.000000000000000000 ) ) ;
#7327 = EDGE_CURVE ( 'NONE', #6027, #7458, #5373, .T. ) ;
#7328 = AXIS2_PLACEMENT_3D ( 'NONE', #7222, #5770, #5345 ) ;
#7329 = ORIENTED_EDGE ( 'NONE', *, *, #1033, .F. ) ;
#7330 = DIRECTION ( 'NONE',  ( -1.000000000000000000, -1.734723475976806848E-16, 0.000000000000000000 ) ) ;
#7331 = VECTOR ( 'NONE', #4289, 1000.000000000000000 ) ;
#7332 = CARTESIAN_POINT ( 'NONE',  ( -32.50000000000000711, -32.50000000000000000, -130.0000000000000000 ) ) ;
#7333 = CARTESIAN_POINT ( 'NONE',  ( 7.000000000000002665, 0.000000000000000000, 0.000000000000000000 ) ) ;
#7334 = CLOSED_SHELL ( 'NONE', ( #5051, #5856, #1202, #4804, #3487, #3825, #1973, #6345, #7741, #750, #2560, #2260, #2953, #5007, #2835, #7039, #4403, #4950, #1550, #5422, #6907, #7952, #4194, #5045, #1532, #7699, #703 ) ) ;
#7335 = CARTESIAN_POINT ( 'NONE',  ( 4.000000000000000000, -1.759474945355381736, 3.047500000000000320 ) ) ;
#7336 = ITEM_DEFINED_TRANSFORMATION ( 'NONE', 'NONE', #7821,  #5854 ) ;
#7337 = CIRCLE ( 'NONE', #7988, 0.2500000000000002220 ) ;
#7338 = EDGE_CURVE ( 'NONE', #4858, #3270, #7826, .T. ) ;
#7339 = FILL_AREA_STYLE_COLOUR ( '', #256 ) ;
#7340 = PLANE ( 'NONE',  #2531 ) ;
#7341 = ORIENTED_EDGE ( 'NONE', *, *, #908, .F. ) ;
#7342 = CARTESIAN_POINT ( 'NONE',  ( 3.000000000000002220, -9.000000000000001776, -7.249999999999999112 ) ) ;
#7343 = FACE_BOUND ( 'NONE', #2330, .T. ) ;
#7344 = PLANE ( 'NONE',  #2518 ) ;
#7345 = EDGE_CURVE ( 'NONE', #479, #183, #7627, .T. ) ;
#7346 = EDGE_CURVE ( 'NONE', #1390, #6129, #289, .T. ) ;
#7347 = EDGE_CURVE ( 'NONE', #5246, #1543, #367, .T. ) ;
#7348 = VERTEX_POINT ( 'NONE', #3452 ) ;
#7349 = EDGE_LOOP ( 'NONE', ( #6349, #4132, #4973, #5878 ) ) ;
#7350 = FACE_OUTER_BOUND ( 'NONE', #1505, .T. ) ;
#7351 = ADVANCED_FACE ( 'NONE', ( #2228 ), #7209, .T. ) ;
#7352 = VERTEX_POINT ( 'NONE', #1698 ) ;
#7353 = ORIENTED_EDGE ( 'NONE', *, *, #2580, .T. ) ;
#7354 = CIRCLE ( 'NONE', #155, 7.499999999999996447 ) ;
#7355 = CYLINDRICAL_SURFACE ( 'NONE', #2764, 25.00000000000000000 ) ;
#7356 = AXIS2_PLACEMENT_3D ( 'NONE', #4712, #1649, #2787 ) ;
#7357 = PLANE ( 'NONE',  #5293 ) ;
#7358 = AXIS2_PLACEMENT_3D ( 'NONE', #5880, #6000, #2167 ) ;
#7359 = AXIS2_PLACEMENT_3D ( 'NONE', #4378, #2490, #6872 ) ;
#7360 = VERTEX_POINT ( 'NONE', #1686 ) ;
#7361 = AXIS2_PLACEMENT_3D ( 'NONE', #3802, #3728, #1932 ) ;
#7362 = DIRECTION ( 'NONE',  ( -0.000000000000000000, -0.000000000000000000, 1.000000000000000000 ) ) ;
#7363 = EDGE_CURVE ( 'NONE', #3591, #5811, #4808, .T. ) ;
#7364 = CYLINDRICAL_SURFACE ( 'NONE', #7476, 4.000000000000001776 ) ;
#7365 = ORIENTED_EDGE ( 'NONE', *, *, #3044, .T. ) ;
#7366 = CIRCLE ( 'NONE', #5809, 0.2000000000000000944 ) ;
#7367 = DIRECTION ( 'NONE',  ( -0.000000000000000000, -0.000000000000000000, 1.000000000000000000 ) ) ;
#7368 = CYLINDRICAL_SURFACE ( 'NONE', #930, 2.000000000000001776 ) ;
#7369 = DIRECTION ( 'NONE',  ( 0.000000000000000000, 0.000000000000000000, 1.000000000000000000 ) ) ;
#7370 = PLANE ( 'NONE',  #3239 ) ;
#7371 = VECTOR ( 'NONE', #2104, 1000.000000000000000 ) ;
#7372 = AXIS2_PLACEMENT_3D ( 'NONE', #6108, #3491, #5491 ) ;
#7373 = EDGE_LOOP ( 'NONE', ( #2441, #5814, #6055, #7772, #3185, #4251 ) ) ;
#7374 = DIRECTION ( 'NONE',  ( -1.000000000000000000, -0.000000000000000000, -0.000000000000000000 ) ) ;
#7375 = DIRECTION ( 'NONE',  ( -0.000000000000000000, -0.000000000000000000, 1.000000000000000000 ) ) ;
#7376 = PLANE ( 'NONE',  #7242 ) ;
#7377 = CARTESIAN_POINT ( 'NONE',  ( -31.74999999999995737, 7.960204194457795477E-16, -6.500000000000000000 ) ) ;
#7378 = AXIS2_PLACEMENT_3D ( 'NONE', #362, #5367, #7902 ) ;
#7379 = CONTEXT_DEPENDENT_SHAPE_REPRESENTATION ( #4778, #1890 ) ;
#7380 = DIRECTION ( 'NONE',  ( -0.000000000000000000, -0.000000000000000000, 1.000000000000000000 ) ) ;
#7381 = ORIENTED_EDGE ( 'NONE', *, *, #4457, .T. ) ;
#7382 = DIRECTION ( 'NONE',  ( 0.000000000000000000, -1.000000000000000000, 1.109174026959346783E-15 ) ) ;
#7383 = CYLINDRICAL_SURFACE ( 'NONE', #5663, 0.2500000000000002220 ) ;
#7384 = DIRECTION ( 'NONE',  ( -0.000000000000000000, -0.000000000000000000, 1.000000000000000000 ) ) ;
#7385 = VECTOR ( 'NONE', #7621, 1000.000000000000000 ) ;
#7386 = ORIENTED_EDGE ( 'NONE', *, *, #2108, .F. ) ;
#7387 = ORIENTED_EDGE ( 'NONE', *, *, #4706, .F. ) ;
#7388 = CARTESIAN_POINT ( 'NONE',  ( 3.000000000000002220, -9.750000000000000000, 7.500000000000000000 ) ) ;
#7389 = DIRECTION ( 'NONE',  ( 1.000000000000000000, 0.000000000000000000, 0.000000000000000000 ) ) ;
#7390 = ORIENTED_EDGE ( 'NONE', *, *, #2129, .T. ) ;
#7391 = VERTEX_POINT ( 'NONE', #3737 ) ;
#7392 = DIRECTION ( 'NONE',  ( 1.000000000000000000, 0.000000000000000000, 0.000000000000000000 ) ) ;
#7393 = EDGE_CURVE ( 'NONE', #1333, #2567, #4880, .T. ) ;
#7394 = FILL_AREA_STYLE_COLOUR ( '', #6850 ) ;
#7395 = ADVANCED_FACE ( 'NONE', ( #6222 ), #1161, .F. ) ;
#7396 = EDGE_CURVE ( 'NONE', #5275, #1059, #1198, .T. ) ;
#7397 = ORIENTED_EDGE ( 'NONE', *, *, #2988, .T. ) ;
#7398 = CARTESIAN_POINT ( 'NONE',  ( 39.99999999999998579, -15.00000000000000000, -8.500000000000000000 ) ) ;
#7399 = DIRECTION ( 'NONE',  ( 2.602085213965210642E-16, -1.000000000000000000, 0.000000000000000000 ) ) ;
#7400 = AXIS2_PLACEMENT_3D ( 'NONE', #4633, #6504, #901 ) ;
#7401 = ORIENTED_EDGE ( 'NONE', *, *, #5654, .T. ) ;
#7402 = LINE ( 'NONE', #1804, #1975 ) ;
#7403 = CYLINDRICAL_SURFACE ( 'NONE', #3140, 10.00000000000000178 ) ;
#7404 = LINE ( 'NONE', #6097, #4599 ) ;
#7405 = DIRECTION ( 'NONE',  ( 1.000000000000000000, 0.000000000000000000, 0.000000000000000000 ) ) ;
#7406 = EDGE_CURVE ( 'NONE', #7273, #4642, #432, .T. ) ;
#7407 = ADVANCED_FACE ( 'NONE', ( #1122 ), #580, .F. ) ;
#7408 = ORIENTED_EDGE ( 'NONE', *, *, #1750, .T. ) ;
#7409 = DIRECTION ( 'NONE',  ( 1.000000000000000000, 9.251858538542963939E-16, 0.000000000000000000 ) ) ;
#7410 = PLANE ( 'NONE',  #6859 ) ;
#7411 = LINE ( 'NONE', #7614, #6571 ) ;
#7412 = DIRECTION ( 'NONE',  ( 1.000000000000000000, 0.000000000000000000, 0.000000000000000000 ) ) ;
#7413 = ADVANCED_FACE ( 'NONE', ( #3113 ), #7376, .T. ) ;
#7414 = CIRCLE ( 'NONE', #3889, 0.2500000000000002220 ) ;
#7415 = ORIENTED_EDGE ( 'NONE', *, *, #644, .F. ) ;
#7416 = ORIENTED_EDGE ( 'NONE', *, *, #6448, .F. ) ;
#7417 = CARTESIAN_POINT ( 'NONE',  ( 20.00000000000000000, 0.000000000000000000, 2.499999999999999556 ) ) ;
#7418 = DIRECTION ( 'NONE',  ( -1.000000000000000000, 0.000000000000000000, -0.000000000000000000 ) ) ;
#7419 = DIRECTION ( 'NONE',  ( 0.000000000000000000, 0.000000000000000000, -1.000000000000000000 ) ) ;
#7420 = EDGE_CURVE ( 'NONE', #7391, #407, #2464, .T. ) ;
#7421 = AXIS2_PLACEMENT_3D ( 'NONE', #3892, #5939, #5980 ) ;
#7422 = ORIENTED_EDGE ( 'NONE', *, *, #7661, .T. ) ;
#7423 = ORIENTED_EDGE ( 'NONE', *, *, #460, .T. ) ;
#7424 = CARTESIAN_POINT ( 'NONE',  ( 4.000000000000000000, -1.759474945355381736, 3.047500000000000320 ) ) ;
#7425 = EDGE_CURVE ( 'NONE', #2363, #2185, #5812, .T. ) ;
#7426 = DIRECTION ( 'NONE',  ( -0.000000000000000000, -0.000000000000000000, 1.000000000000000000 ) ) ;
#7427 = VERTEX_POINT ( 'NONE', #7450 ) ;
#7428 = ORIENTED_EDGE ( 'NONE', *, *, #5003, .F. ) ;
#7429 = LINE ( 'NONE', #2408, #7331 ) ;
#7430 = CARTESIAN_POINT ( 'NONE',  ( 3.750000000000001776, 10.00000000000000000, -7.249999999999999112 ) ) ;
#7431 = AXIS2_PLACEMENT_3D ( 'NONE', #1025, #3516, #6013 ) ;
#7432 = EDGE_LOOP ( 'NONE', ( #2256, #3092, #4782, #2040 ) ) ;
#7433 = CARTESIAN_POINT ( 'NONE',  ( 33.49999999999998579, -15.00000000000000000, 7.500000000000000000 ) ) ;
#7434 = CARTESIAN_POINT ( 'NONE',  ( -31.74999999999995737, 0.000000000000000000, 0.000000000000000000 ) ) ;
#7435 = ORIENTED_EDGE ( 'NONE', *, *, #5034, .F. ) ;
#7436 = DIRECTION ( 'NONE',  ( 1.000000000000000000, 0.000000000000000000, 0.000000000000000000 ) ) ;
#7437 = AXIS2_PLACEMENT_3D ( 'NONE', #6620, #3668, #7925 ) ;
#7438 = DIRECTION ( 'NONE',  ( 0.000000000000000000, 0.000000000000000000, -1.000000000000000000 ) ) ;
#7439 = FACE_OUTER_BOUND ( 'NONE', #3684, .T. ) ;
#7440 = CARTESIAN_POINT ( 'NONE',  ( 8.000000000000000000, 0.000000000000000000, 0.000000000000000000 ) ) ;
#7441 = ADVANCED_FACE ( 'NONE', ( #3572 ), #1813, .F. ) ;
#7442 = ORIENTED_EDGE ( 'NONE', *, *, #1250, .F. ) ;
#7443 = VECTOR ( 'NONE', #2984, 1000.000000000000000 ) ;
#7444 = EDGE_CURVE ( 'NONE', #5289, #1395, #1778, .T. ) ;
#7445 =( BOUNDED_CURVE ( )  B_SPLINE_CURVE ( 3, ( #2513, #4484, #1864, #1913 ),
 .UNSPECIFIED., .F., .F. ) 
 B_SPLINE_CURVE_WITH_KNOTS ( ( 4, 4 ),
 ( 3.141592653589793116, 4.712388980384689674 ),
 .UNSPECIFIED. ) 
 CURVE ( )  GEOMETRIC_REPRESENTATION_ITEM ( )  RATIONAL_B_SPLINE_CURVE ( ( 1.000000000000000000, 0.8047378541243649375, 0.8047378541243649375, 1.000000000000000000 ) ) 
 REPRESENTATION_ITEM ( '' )  );
#7446 = FACE_OUTER_BOUND ( 'NONE', #3495, .T. ) ;
#7447 = EDGE_CURVE ( 'NONE', #2119, #339, #180, .T. ) ;
#7448 = EDGE_LOOP ( 'NONE', ( #5681, #52, #4508, #4218 ) ) ;
#7449 = DIRECTION ( 'NONE',  ( 1.000000000000000000, 0.000000000000000000, 0.000000000000000000 ) ) ;
#7450 = CARTESIAN_POINT ( 'NONE',  ( -40.00000000000000711, 37.99999999999999289, -130.0000000000000000 ) ) ;
#7451 = FACE_OUTER_BOUND ( 'NONE', #7775, .T. ) ;
#7452 = ORIENTED_EDGE ( 'NONE', *, *, #1860, .T. ) ;
#7453 = DIRECTION ( 'NONE',  ( 3.009265538105055678E-33, -2.168404344971008560E-17, 1.000000000000000000 ) ) ;
#7454 = AXIS2_PLACEMENT_3D ( 'NONE', #378, #7837, #6383 ) ;
#7455 = DIRECTION ( 'NONE',  ( 1.000000000000000000, 0.000000000000000000, 0.000000000000000000 ) ) ;
#7456 = EDGE_CURVE ( 'NONE', #645, #5889, #3712, .T. ) ;
#7457 = CARTESIAN_POINT ( 'NONE',  ( -44.00000000000002132, 15.00000000000000000, -8.500000000000000000 ) ) ;
#7458 = VERTEX_POINT ( 'NONE', #2425 ) ;
#7459 = CARTESIAN_POINT ( 'NONE',  ( -15.00000000000000000, 2.499999999999995559, 0.000000000000000000 ) ) ;
#7460 = DIRECTION ( 'NONE',  ( 0.000000000000000000, 0.4999999999999990008, -0.8660254037844391517 ) ) ;
#7461 = AXIS2_PLACEMENT_3D ( 'NONE', #2220, #7201, #6593 ) ;
#7462 = DIRECTION ( 'NONE',  ( -0.000000000000000000, -0.000000000000000000, -1.000000000000000000 ) ) ;
#7463 = ORIENTED_EDGE ( 'NONE', *, *, #5847, .T. ) ;
#7464 = ORIENTED_EDGE ( 'NONE', *, *, #3287, .F. ) ;
#7465 = LINE ( 'NONE', #5025, #5751 ) ;
#7466 = CARTESIAN_POINT ( 'NONE',  ( 25.00000000000000000, 0.000000000000000000, 0.000000000000000000 ) ) ;
#7467 = PRODUCT_DEFINITION ( 'UNKNOWN', '', #5734, #6739 ) ;
#7468 = ORIENTED_EDGE ( 'NONE', *, *, #1668, .F. ) ;
#7469 = EDGE_LOOP ( 'NONE', ( #2042, #549, #4831, #205 ) ) ;
#7470 = DIRECTION ( 'NONE',  ( 0.000000000000000000, 0.8660254037844381525, -0.5000000000000008882 ) ) ;
#7471 = LINE ( 'NONE', #1880, #1212 ) ;
#7472 = PLANE ( 'NONE',  #6966 ) ;
#7473 = UNCERTAINTY_MEASURE_WITH_UNIT (LENGTH_MEASURE( 1.000000000000000082E-05 ), #8048, 'distance_accuracy_value', 'NONE');
#7474 = ORIENTED_EDGE ( 'NONE', *, *, #3292, .T. ) ;
#7475 = DIRECTION ( 'NONE',  ( 9.251858538542963939E-16, 1.000000000000000000, 0.000000000000000000 ) ) ;
#7476 = AXIS2_PLACEMENT_3D ( 'NONE', #7434, #4334, #6824 ) ;
#7477 = CYLINDRICAL_SURFACE ( 'NONE', #4747, 10.00000000000000178 ) ;
#7478 = ORIENTED_EDGE ( 'NONE', *, *, #8050, .T. ) ;
#7479 = PLANE ( 'NONE',  #6172 ) ;
#7480 = AXIS2_PLACEMENT_3D ( 'NONE', #1683, #441, #5557 ) ;
#7481 = DIRECTION ( 'NONE',  ( 0.000000000000000000, 0.7071067811865451302, -0.7071067811865500152 ) ) ;
#7482 = CARTESIAN_POINT ( 'NONE',  ( 15.00000000000000000, -3.500000000000000000, -5.510910596163088767E-15 ) ) ;
#7483 = LINE ( 'NONE', #4466, #8071 ) ;
#7484 = EDGE_CURVE ( 'NONE', #3264, #1480, #2672, .T. ) ;
#7485 = AXIS2_PLACEMENT_3D ( 'NONE', #1084, #4781, #7873 ) ;
#7486 = CIRCLE ( 'NONE', #1616, 0.2500000000000002220 ) ;
#7487 = ORIENTED_EDGE ( 'NONE', *, *, #7906, .F. ) ;
#7488 = CIRCLE ( 'NONE', #3970, 24.99999999999999645 ) ;
#7489 = CIRCLE ( 'NONE', #168, 15.00000000000000000 ) ;
#7490 = LINE ( 'NONE', #34, #5710 ) ;
#7491 = COLOUR_RGB ( '',0.7921568627450980005, 0.8196078431372548767, 0.9333333333333333481 ) ;
#7492 = SHAPE_REPRESENTATION_RELATIONSHIP ( 'NONE' , 'NONE' ,  #5518, #7998 ) ;
#7493 = AXIS2_PLACEMENT_3D ( 'NONE', #2385, #4346, #1735 ) ;
#7494 = EDGE_LOOP ( 'NONE', ( #943, #4473, #3755, #6291 ) ) ;
#7495 = CARTESIAN_POINT ( 'NONE',  ( 2.500000000000000000, 2.357898499370432166, -1.951563910473907981E-15 ) ) ;
#7496 = CARTESIAN_POINT ( 'NONE',  ( 25.00000000000000711, 33.51954211927168359, 24.99999999999999645 ) ) ;
#7497 = CARTESIAN_POINT ( 'NONE',  ( -31.74999999999995737, 0.000000000000000000, 6.500000000000000000 ) ) ;
#7498 = AXIS2_PLACEMENT_3D ( 'NONE', #7261, #4192, #2346 ) ;
#7499 = EDGE_CURVE ( 'NONE', #5002, #3115, #493, .T. ) ;
#7500 = PRODUCT ( 'socket head cap screw_am_B18.3.1M - 8 x 1.25 x 12 Hex SHCS -- 12NHX', 'socket head cap screw_am_B18.3.1M - 8 x 1.25 x 12 Hex SHCS -- 12NHX', '', ( #985 ) ) ;
#7501 = VECTOR ( 'NONE', #2343, 1000.000000000000000 ) ;
#7502 = EDGE_CURVE ( 'NONE', #599, #1592, #3653, .T. ) ;
#7503 = ORIENTED_EDGE ( 'NONE', *, *, #1555, .F. ) ;
#7504 = CIRCLE ( 'NONE', #3988, 0.2000000000000000944 ) ;
#7505 = DIRECTION ( 'NONE',  ( 0.000000000000000000, 0.000000000000000000, 1.000000000000000000 ) ) ;
#7506 = SURFACE_STYLE_FILL_AREA ( #1203 ) ;
#7507 = DIRECTION ( 'NONE',  ( -0.000000000000000000, 0.000000000000000000, 1.000000000000000000 ) ) ;
#7508 = VERTEX_POINT ( 'NONE', #8030 ) ;
#7509 = CARTESIAN_POINT ( 'NONE',  ( -45.00000000000000000, 29.99999999999999289, 7.500000000000000000 ) ) ;
#7510 = DIRECTION ( 'NONE',  ( -1.000000000000000000, 0.000000000000000000, 0.000000000000000000 ) ) ;
#7511 = DIRECTION ( 'NONE',  ( 0.000000000000000000, 0.000000000000000000, -1.000000000000000000 ) ) ;
#7512 = EDGE_CURVE ( 'NONE', #5551, #2114, #7411, .T. ) ;
#7513 = EDGE_LOOP ( 'NONE', ( #5198, #5849, #3597, #6116 ) ) ;
#7514 = ORIENTED_EDGE ( 'NONE', *, *, #1118, .T. ) ;
#7515 = DIRECTION ( 'NONE',  ( 0.000000000000000000, 0.000000000000000000, 1.000000000000000000 ) ) ;
#7516 = CARTESIAN_POINT ( 'NONE',  ( 3.000000000000002220, 9.000000000000001776, -7.249999999999999112 ) ) ;
#7517 = ORIENTED_EDGE ( 'NONE', *, *, #5477, .F. ) ;
#7518 = VERTEX_POINT ( 'NONE', #1374 ) ;
#7519 = CARTESIAN_POINT ( 'NONE',  ( 4.000000000000004441, 5.000000000000000000, 7.396446609406725159 ) ) ;
#7520 = FACE_BOUND ( 'NONE', #6619, .T. ) ;
#7521 = ORIENTED_EDGE ( 'NONE', *, *, #5178, .F. ) ;
#7522 = LINE ( 'NONE', #2613, #6652 ) ;
#7523 = CARTESIAN_POINT ( 'NONE',  ( 10.00000000000000000, 0.000000000000000000, -130.0000000000000000 ) ) ;
#7524 = ORIENTED_EDGE ( 'NONE', *, *, #5111, .T. ) ;
#7525 = CARTESIAN_POINT ( 'NONE',  ( 4.000000000000004441, -5.000000000000000000, 7.249999999999999112 ) ) ;
#7526 = DIRECTION ( 'NONE',  ( -0.000000000000000000, 0.000000000000000000, 1.000000000000000000 ) ) ;
#7527 = CARTESIAN_POINT ( 'NONE',  ( -40.00000000000000000, -15.00000000000000000, 7.500000000000000000 ) ) ;
#7528 = AXIS2_PLACEMENT_3D ( 'NONE', #1531, #4643, #2226 ) ;
#7529 = ORIENTED_EDGE ( 'NONE', *, *, #406, .F. ) ;
#7530 = AXIS2_PLACEMENT_3D ( 'NONE', #3069, #2310, #8028 ) ;
#7531 = DIRECTION ( 'NONE',  ( -0.000000000000000000, -0.000000000000000000, 1.000000000000000000 ) ) ;
#7532 = ORIENTED_EDGE ( 'NONE', *, *, #7748, .T. ) ;
#7533 = CARTESIAN_POINT ( 'NONE',  ( 2.500000000000000000, -1.178949249685215417, 2.042000000000003812 ) ) ;
#7534 = CARTESIAN_POINT ( 'NONE',  ( -55.00000000000000000, 29.99999999999999289, 7.500000000000000000 ) ) ;
#7535 = CARTESIAN_POINT ( 'NONE',  ( -25.00000000000000711, -32.50000000000000000, 0.000000000000000000 ) ) ;
#7536 = AXIS2_PLACEMENT_3D ( 'NONE', #730, #7470, #639 ) ;
#7537 = ORIENTED_EDGE ( 'NONE', *, *, #406, .T. ) ;
#7538 = CARTESIAN_POINT ( 'NONE',  ( -40.00000000000000711, 37.99999999999999289, -130.0000000000000000 ) ) ;
#7539 = LINE ( 'NONE', #2509, #919 ) ;
#7540 = DIRECTION ( 'NONE',  ( -0.000000000000000000, -0.000000000000000000, 1.000000000000000000 ) ) ;
#7541 = ORIENTED_EDGE ( 'NONE', *, *, #1599, .T. ) ;
#7542 = DIRECTION ( 'NONE',  ( 0.000000000000000000, 0.000000000000000000, 1.000000000000000000 ) ) ;
#7543 = DIRECTION ( 'NONE',  ( 1.000000000000000000, 0.000000000000000000, 0.000000000000000000 ) ) ;
#7544 = CARTESIAN_POINT ( 'NONE',  ( 0.000000000000000000, 1.759474945355386621, 3.047499999999995435 ) ) ;
#7545 = EDGE_CURVE ( 'NONE', #2294, #7846, #2587, .T. ) ;
#7546 = AXIS2_PLACEMENT_3D ( 'NONE', #112, #1401, #7604 ) ;
#7547 = ADVANCED_FACE ( 'NONE', ( #4390 ), #1868, .T. ) ;
#7548 = ORIENTED_EDGE ( 'NONE', *, *, #4091, .T. ) ;
#7549 = VERTEX_POINT ( 'NONE', #3237 ) ;
#7550 = FACE_OUTER_BOUND ( 'NONE', #7651, .T. ) ;
#7551 = EDGE_CURVE ( 'NONE', #5930, #963, #3859, .T. ) ;
#7552 = CARTESIAN_POINT ( 'NONE',  ( -40.00000000000000711, 25.00000000000000000, 0.000000000000000000 ) ) ;
#7553 = ORIENTED_EDGE ( 'NONE', *, *, #4144, .F. ) ;
#7554 = ORIENTED_EDGE ( 'NONE', *, *, #7163, .F. ) ;
#7555 = CARTESIAN_POINT ( 'NONE',  ( 1.000000000000001998, -9.000000000000001776, 7.500000000000000000 ) ) ;
#7556 = EDGE_CURVE ( 'NONE', #5696, #32, #3155, .T. ) ;
#7557 = CARTESIAN_POINT ( 'NONE',  ( 32.50000000000000711, 32.50000000000000000, -123.0000000000000000 ) ) ;
#7558 = PRODUCT_DEFINITION_CONTEXT ( 'detailed design', #1159, 'design' ) ;
#7559 = ORIENTED_EDGE ( 'NONE', *, *, #4659, .F. ) ;
#7560 = CARTESIAN_POINT ( 'NONE',  ( 38.00000000000000000, 37.99999999999999289, -130.0000000000000000 ) ) ;
#7561 = FACE_BOUND ( 'NONE', #5471, .T. ) ;
#7562 = VERTEX_POINT ( 'NONE', #3276 ) ;
#7563 = CARTESIAN_POINT ( 'NONE',  ( 36.87500000000000711, 32.50000000000000000, -123.0000000000000000 ) ) ;
#7564 = CARTESIAN_POINT ( 'NONE',  ( 1.000000000000001998, -9.000000000000001776, -7.249999999999999112 ) ) ;
#7565 = CARTESIAN_POINT ( 'NONE',  ( 32.50000000000000711, -32.50000000000000000, 0.000000000000000000 ) ) ;
#7566 = AXIS2_PLACEMENT_3D ( 'NONE', #1929, #4418, #5072 ) ;
#7567 = ORIENTED_EDGE ( 'NONE', *, *, #2059, .F. ) ;
#7568 = CARTESIAN_POINT ( 'NONE',  ( -37.99999999999999289, -38.00000000000000711, -130.0000000000000000 ) ) ;
#7569 = VECTOR ( 'NONE', #1670, 1000.000000000000000 ) ;
#7570 = ORIENTED_EDGE ( 'NONE', *, *, #7393, .T. ) ;
#7571 = EDGE_LOOP ( 'NONE', ( #4169, #68, #763, #4756 ) ) ;
#7572 = CYLINDRICAL_SURFACE ( 'NONE', #1112, 38.46194077712559789 ) ;
#7573 = DIRECTION ( 'NONE',  ( 1.000000000000000000, 0.000000000000000000, 0.000000000000000000 ) ) ;
#7574 = EDGE_CURVE ( 'NONE', #4479, #240, #662, .T. ) ;
#7575 = DIRECTION ( 'NONE',  ( 0.000000000000000000, 0.000000000000000000, -1.000000000000000000 ) ) ;
#7576 = AXIS2_PLACEMENT_3D ( 'NONE', #3581, #2390, #6110 ) ;
#7577 = ORIENTED_EDGE ( 'NONE', *, *, #3202, .T. ) ;
#7578 = LINE ( 'NONE', #5006, #7650 ) ;
#7579 = CARTESIAN_POINT ( 'NONE',  ( -20.00000000000000711, 34.99999999999999289, 30.00000000000000000 ) ) ;
#7580 = CIRCLE ( 'NONE', #5109, 0.4000000000000001887 ) ;
#7581 = FACE_OUTER_BOUND ( 'NONE', #5317, .T. ) ;
#7582 = ORIENTED_EDGE ( 'NONE', *, *, #6047, .T. ) ;
#7583 = DIRECTION ( 'NONE',  ( 1.000000000000000000, 0.000000000000000000, 0.000000000000000000 ) ) ;
#7584 = DIRECTION ( 'NONE',  ( 0.000000000000000000, 1.000000000000000000, -1.734723475976806848E-16 ) ) ;
#7585 = CARTESIAN_POINT ( 'NONE',  ( 0.000000000000000000, 0.000000000000000000, -170.0000000000000853 ) ) ;
#7586 = EDGE_CURVE ( 'NONE', #4067, #6717, #5780, .T. ) ;
#7587 = VECTOR ( 'NONE', #341, 1000.000000000000000 ) ;
#7588 = ORIENTED_EDGE ( 'NONE', *, *, #3929, .F. ) ;
#7589 = ORIENTED_EDGE ( 'NONE', *, *, #4433, .T. ) ;
#7590 = DIRECTION ( 'NONE',  ( 0.000000000000000000, 0.8660254037844380415, -0.5000000000000009992 ) ) ;
#7591 = ORIENTED_EDGE ( 'NONE', *, *, #5157, .T. ) ;
#7592 = ORIENTED_EDGE ( 'NONE', *, *, #5650, .T. ) ;
#7593 = FACE_OUTER_BOUND ( 'NONE', #1600, .T. ) ;
#7594 = DIRECTION ( 'NONE',  ( -1.000000000000000000, 0.000000000000000000, 0.000000000000000000 ) ) ;
#7595 = AXIS2_PLACEMENT_3D ( 'NONE', #5940, #7653, #2219 ) ;
#7596 = EDGE_CURVE ( 'NONE', #5283, #183, #747, .T. ) ;
#7597 = CIRCLE ( 'NONE', #10, 10.00000000000000178 ) ;
#7598 = ORIENTED_EDGE ( 'NONE', *, *, #5517, .F. ) ;
#7599 = CARTESIAN_POINT ( 'NONE',  ( 35.99999999999999289, -15.00000000000000000, -0.5000000000000004441 ) ) ;
#7600 = FACE_OUTER_BOUND ( 'NONE', #6495, .T. ) ;
#7601 = ORIENTED_EDGE ( 'NONE', *, *, #6296, .F. ) ;
#7602 = DIRECTION ( 'NONE',  ( 0.000000000000000000, 1.000000000000000000, 0.000000000000000000 ) ) ;
#7603 = CARTESIAN_POINT ( 'NONE',  ( 5.000000000000004441, 0.000000000000000000, 0.000000000000000000 ) ) ;
#7604 = DIRECTION ( 'NONE',  ( 1.000000000000000000, 0.000000000000000000, 0.000000000000000000 ) ) ;
#7605 = VERTEX_POINT ( 'NONE', #5176 ) ;
#7606 = VECTOR ( 'NONE', #3936, 1000.000000000000000 ) ;
#7607 = EDGE_CURVE ( 'NONE', #5870, #3718, #163, .T. ) ;
#7608 = VECTOR ( 'NONE', #2215, 1000.000000000000000 ) ;
#7609 = DIRECTION ( 'NONE',  ( 3.009265538105055678E-33, -2.168404344971008560E-17, 1.000000000000000000 ) ) ;
#7610 = ORIENTED_EDGE ( 'NONE', *, *, #739, .F. ) ;
#7611 = ORIENTED_EDGE ( 'NONE', *, *, #4470, .T. ) ;
#7612 = DIRECTION ( 'NONE',  ( -1.000000000000000000, -0.000000000000000000, -0.000000000000000000 ) ) ;
#7613 = AXIS2_PLACEMENT_3D ( 'NONE', #2931, #2321, #4200 ) ;
#7614 = CARTESIAN_POINT ( 'NONE',  ( 35.00000000000000000, -32.50000000000000000, 7.500000000000000000 ) ) ;
#7615 = DIRECTION ( 'NONE',  ( 0.000000000000000000, 0.000000000000000000, 1.000000000000000000 ) ) ;
#7616 = VECTOR ( 'NONE', #6609, 1000.000000000000000 ) ;
#7617 = VECTOR ( 'NONE', #589, 1000.000000000000000 ) ;
#7618 = CIRCLE ( 'NONE', #4226, 4.374999999999997335 ) ;
#7619 = ORIENTED_EDGE ( 'NONE', *, *, #7661, .F. ) ;
#7620 = AXIS2_PLACEMENT_3D ( 'NONE', #300, #1628, #4159 ) ;
#7621 = DIRECTION ( 'NONE',  ( -0.000000000000000000, -0.000000000000000000, 1.000000000000000000 ) ) ;
#7622 = DIRECTION ( 'NONE',  ( 1.000000000000000000, 0.000000000000000000, 0.000000000000000000 ) ) ;
#7623 = EDGE_LOOP ( 'NONE', ( #1463, #2168, #6407, #5975 ) ) ;
#7624 = CYLINDRICAL_SURFACE ( 'NONE', #7227, 10.00000000000000000 ) ;
#7625 = DIRECTION ( 'NONE',  ( -0.000000000000000000, 0.000000000000000000, -1.000000000000000000 ) ) ;
#7626 = CARTESIAN_POINT ( 'NONE',  ( 2.500000000000000000, -2.357898499370434386, 3.686287386450715076E-15 ) ) ;
#7627 = CIRCLE ( 'NONE', #564, 0.2500000000000002220 ) ;
#7628 = CIRCLE ( 'NONE', #7761, 2.042000000000000259 ) ;
#7629 = ORIENTED_EDGE ( 'NONE', *, *, #760, .T. ) ;
#7630 = ORIENTED_EDGE ( 'NONE', *, *, #2610, .T. ) ;
#7631 = PLANE ( 'NONE',  #6403 ) ;
#7632 = VERTEX_POINT ( 'NONE', #2627 ) ;
#7633 = VERTEX_POINT ( 'NONE', #4432 ) ;
#7634 = FACE_OUTER_BOUND ( 'NONE', #1345, .T. ) ;
#7635 = DIRECTION ( 'NONE',  ( -0.000000000000000000, -0.000000000000000000, 1.000000000000000000 ) ) ;
#7636 = AXIS2_PLACEMENT_3D ( 'NONE', #7332, #6793, #8068 ) ;
#7637 = ORIENTED_EDGE ( 'NONE', *, *, #8095, .T. ) ;
#7638 = CARTESIAN_POINT ( 'NONE',  ( 3.750000000000006661, -1.951563910473911531E-15, -7.500000000000000000 ) ) ;
#7639 = EDGE_CURVE ( 'NONE', #6717, #1427, #21, .T. ) ;
#7640 = CARTESIAN_POINT ( 'NONE',  ( 4.000000000000004441, -5.000000000000000000, -7.249999999999999112 ) ) ;
#7641 = ORIENTED_EDGE ( 'NONE', *, *, #1326, .T. ) ;
#7642 = PLANE ( 'NONE',  #2105 ) ;
#7643 = DIRECTION ( 'NONE',  ( -0.000000000000000000, -0.000000000000000000, 1.000000000000000000 ) ) ;
#7644 = CARTESIAN_POINT ( 'NONE',  ( 0.000000000000000000, 0.000000000000000000, -130.0000000000000000 ) ) ;
#7645 = EDGE_CURVE ( 'NONE', #1958, #5612, #2007, .T. ) ;
#7646 = EDGE_CURVE ( 'NONE', #5461, #5287, #5128, .T. ) ;
#7647 = ORIENTED_EDGE ( 'NONE', *, *, #5867, .F. ) ;
#7648 = DIRECTION ( 'NONE',  ( 1.000000000000000000, 0.000000000000000000, 0.000000000000000000 ) ) ;
#7649 = EDGE_CURVE ( 'NONE', #4890, #6037, #709, .T. ) ;
#7650 = VECTOR ( 'NONE', #4526, 1000.000000000000114 ) ;
#7651 = EDGE_LOOP ( 'NONE', ( #7272, #2602, #3240, #6400 ) ) ;
#7652 = DIRECTION ( 'NONE',  ( 0.000000000000000000, 0.000000000000000000, 1.000000000000000000 ) ) ;
#7653 = DIRECTION ( 'NONE',  ( -0.000000000000000000, 1.000000000000000000, -0.000000000000000000 ) ) ;
#7654 = CARTESIAN_POINT ( 'NONE',  ( 2.602085213965210642E-15, 0.000000000000000000, -3.999999999999998224 ) ) ;
#7655 = ADVANCED_FACE ( 'NONE', ( #5657 ), #7038, .F. ) ;
#7656 = CARTESIAN_POINT ( 'NONE',  ( 32.50000000000000000, 25.00000000000000711, -120.0000000000000000 ) ) ;
#7657 = DIRECTION ( 'NONE',  ( -1.000000000000000000, -0.000000000000000000, -0.000000000000000000 ) ) ;
#7658 = CIRCLE ( 'NONE', #3081, 6.499999999999999112 ) ;
#7659 = ORIENTED_EDGE ( 'NONE', *, *, #1611, .T. ) ;
#7660 = DIRECTION ( 'NONE',  ( 0.000000000000000000, 0.000000000000000000, 1.000000000000000000 ) ) ;
#7661 = EDGE_CURVE ( 'NONE', #4725, #2940, #5133, .T. ) ;
#7662 = LINE ( 'NONE', #5219, #36 ) ;
#7663 = ORIENTED_EDGE ( 'NONE', *, *, #5098, .T. ) ;
#7664 = CARTESIAN_POINT ( 'NONE',  ( -2.979947728899538184, 9.545761976254167891, -141.6014345523507245 ) ) ;
#7665 = DIRECTION ( 'NONE',  ( -1.000000000000000000, -0.000000000000000000, -0.000000000000000000 ) ) ;
#7666 = CIRCLE ( 'NONE', #4924, 2.500000000000009326 ) ;
#7667 = DIRECTION ( 'NONE',  ( 0.000000000000000000, 0.000000000000000000, 1.000000000000000000 ) ) ;
#7668 = AXIS2_PLACEMENT_3D ( 'NONE', #3078, #430, #2243 ) ;
#7669 = VERTEX_POINT ( 'NONE', #7496 ) ;
#7670 = ORIENTED_EDGE ( 'NONE', *, *, #5053, .F. ) ;
#7671 = DIRECTION ( 'NONE',  ( 1.000000000000000000, 0.000000000000000000, 0.000000000000000000 ) ) ;
#7672 = CARTESIAN_POINT ( 'NONE',  ( 3.750000000000003997, -5.000000000000000000, 7.500000000000000000 ) ) ;
#7673 = VERTEX_POINT ( 'NONE', #1904 ) ;
#7674 = ORIENTED_EDGE ( 'NONE', *, *, #7512, .F. ) ;
#7675 = DIRECTION ( 'NONE',  ( 1.000000000000000000, 0.000000000000000000, 0.000000000000000000 ) ) ;
#7676 = LINE ( 'NONE', #2240, #1083 ) ;
#7677 = EDGE_CURVE ( 'NONE', #6450, #2789, #7214, .T. ) ;
#7678 = VECTOR ( 'NONE', #2088, 1000.000000000000000 ) ;
#7679 = VERTEX_POINT ( 'NONE', #3198 ) ;
#7680 = FACE_OUTER_BOUND ( 'NONE', #7189, .T. ) ;
#7681 = EDGE_LOOP ( 'NONE', ( #948, #4709 ) ) ;
#7682 = CARTESIAN_POINT ( 'NONE',  ( 0.000000000000000000, 0.000000000000000000, 2.499999999999999556 ) ) ;
#7683 = CARTESIAN_POINT ( 'NONE',  ( 15.00000000000000000, 3.500000000000000000, -5.510910596163088767E-15 ) ) ;
#7684 = DIRECTION ( 'NONE',  ( 1.000000000000000000, 0.000000000000000000, 0.000000000000000000 ) ) ;
#7685 = EDGE_CURVE ( 'NONE', #2422, #851, #2262, .T. ) ;
#7686 = ORIENTED_EDGE ( 'NONE', *, *, #6553, .T. ) ;
#7687 = DIRECTION ( 'NONE',  ( -1.000000000000000000, 0.000000000000000000, 0.000000000000000000 ) ) ;
#7688 = EDGE_CURVE ( 'NONE', #8063, #6470, #4088, .T. ) ;
#7689 = VERTEX_POINT ( 'NONE', #281 ) ;
#7690 = DIRECTION ( 'NONE',  ( 0.000000000000000000, 0.000000000000000000, 1.000000000000000000 ) ) ;
#7691 = FACE_OUTER_BOUND ( 'NONE', #5158, .T. ) ;
#7692 = DIRECTION ( 'NONE',  ( 0.000000000000000000, -9.196343038302880251E-16, -1.000000000000000000 ) ) ;
#7693 = FACE_OUTER_BOUND ( 'NONE', #4791, .T. ) ;
#7694 = CARTESIAN_POINT ( 'NONE',  ( -32.49999999999999289, 32.50000000000000000, -123.0000000000000000 ) ) ;
#7695 = EDGE_CURVE ( 'NONE', #106, #4519, #7354, .T. ) ;
#7696 = EDGE_CURVE ( 'NONE', #2164, #5136, #3523, .T. ) ;
#7697 = ORIENTED_EDGE ( 'NONE', *, *, #4755, .T. ) ;
#7698 = VECTOR ( 'NONE', #7933, 1000.000000000000000 ) ;
#7699 = ADVANCED_FACE ( 'NONE', ( #2832 ), #946, .F. ) ;
#7700 = DIRECTION ( 'NONE',  ( -0.000000000000000000, 0.000000000000000000, 1.000000000000000000 ) ) ;
#7701 = CARTESIAN_POINT ( 'NONE',  ( 3.000000000000002220, -9.000000000000001776, 7.500000000000000000 ) ) ;
#7702 = LINE ( 'NONE', #4482, #2664 ) ;
#7703 = VERTEX_POINT ( 'NONE', #871 ) ;
#7704 = DIRECTION ( 'NONE',  ( 0.000000000000000000, -0.4999999999999992784, 0.8660254037844390407 ) ) ;
#7705 = VECTOR ( 'NONE', #58, 1000.000000000000000 ) ;
#7706 = CARTESIAN_POINT ( 'NONE',  ( 2.500000000000000000, 2.357898499370432166, -1.951563910473907981E-15 ) ) ;
#7707 = AXIS2_PLACEMENT_3D ( 'NONE', #418, #4196, #5341 ) ;
#7708 = ADVANCED_FACE ( 'NONE', ( #7693 ), #2182, .F. ) ;
#7709 = VERTEX_POINT ( 'NONE', #5368 ) ;
#7710 = ORIENTED_EDGE ( 'NONE', *, *, #5550, .F. ) ;
#7711 = FACE_OUTER_BOUND ( 'NONE', #2562, .T. ) ;
#7712 = FACE_OUTER_BOUND ( 'NONE', #149, .T. ) ;
#7713 = EDGE_LOOP ( 'NONE', ( #4536, #6241, #3554, #6281 ) ) ;
#7714 = ORIENTED_EDGE ( 'NONE', *, *, #4048, .F. ) ;
#7715 = CARTESIAN_POINT ( 'NONE',  ( 25.00000000000000711, -32.50000000000000000, -115.0000000000000000 ) ) ;
#7716 = FACE_OUTER_BOUND ( 'NONE', #3340, .T. ) ;
#7717 = AXIS2_PLACEMENT_3D ( 'NONE', #1674, #4694, #5961 ) ;
#7718 = CIRCLE ( 'NONE', #5378, 4.250000000000000000 ) ;
#7719 = ORIENTED_EDGE ( 'NONE', *, *, #5156, .T. ) ;
#7720 = DIRECTION ( 'NONE',  ( 0.000000000000000000, -1.000000000000000000, 0.000000000000000000 ) ) ;
#7721 = AXIS2_PLACEMENT_3D ( 'NONE', #1141, #475, #2443 ) ;
#7722 = VECTOR ( 'NONE', #4637, 1000.000000000000000 ) ;
#7723 = ORIENTED_EDGE ( 'NONE', *, *, #44, .T. ) ;
#7724 = FACE_OUTER_BOUND ( 'NONE', #4896, .T. ) ;
#7725 = CONICAL_SURFACE ( 'NONE', #5377, 3.047500000000000764, 1.047197551196590970 ) ;
#7726 = EDGE_LOOP ( 'NONE', ( #60, #2371, #1017, #1324 ) ) ;
#7727 = FACE_OUTER_BOUND ( 'NONE', #5828, .T. ) ;
#7728 = CARTESIAN_POINT ( 'NONE',  ( 32.50000000000000711, -32.50000000000000000, -120.0000000000000000 ) ) ;
#7729 = EDGE_LOOP ( 'NONE', ( #7478, #3782, #2313, #4359 ) ) ;
#7730 = CARTESIAN_POINT ( 'NONE',  ( 6.336982936358436763E-16, 9.500000000000007105, -19.50000000000000355 ) ) ;
#7731 = EDGE_LOOP ( 'NONE', ( #1066, #995, #7962, #6849 ) ) ;
#7732 = CARTESIAN_POINT ( 'NONE',  ( 22.92893218813453515, 37.92893218813451739, 30.00000000000000000 ) ) ;
#7733 = EDGE_CURVE ( 'NONE', #792, #3420, #5248, .T. ) ;
#7734 = CARTESIAN_POINT ( 'NONE',  ( -15.00000000000000000, 3.500000000000000000, -2.000000000000007105 ) ) ;
#7735 = LINE ( 'NONE', #4020, #3978 ) ;
#7736 = ORIENTED_EDGE ( 'NONE', *, *, #1107, .T. ) ;
#7737 = ORIENTED_EDGE ( 'NONE', *, *, #1599, .F. ) ;
#7738 = CARTESIAN_POINT ( 'NONE',  ( -36.00000000000001421, 15.00000000000000000, 7.500000000000000000 ) ) ;
#7739 = AXIS2_PLACEMENT_3D ( 'NONE', #1189, #5527, #5412 ) ;
#7740 = DIRECTION ( 'NONE',  ( -1.000000000000000000, 0.000000000000000000, 0.000000000000000000 ) ) ;
#7741 = ADVANCED_FACE ( 'NONE', ( #7203 ), #4595, .T. ) ;
#7742 = AXIS2_PLACEMENT_3D ( 'NONE', #3396, #4670, #7157 ) ;
#7743 = DIRECTION ( 'NONE',  ( -0.000000000000000000, -0.000000000000000000, 1.000000000000000000 ) ) ;
#7744 = VERTEX_POINT ( 'NONE', #1654 ) ;
#7745 = CARTESIAN_POINT ( 'NONE',  ( -0.7820659931545262955, 9.971240048066590589, -139.0970723114119778 ) ) ;
#7746 = CONICAL_SURFACE ( 'NONE', #1213, 3.749999999999999112, 0.7853981633974491672 ) ;
#7747 = DIRECTION ( 'NONE',  ( 0.000000000000000000, 0.000000000000000000, 1.000000000000000000 ) ) ;
#7748 = EDGE_CURVE ( 'NONE', #368, #4492, #1080, .T. ) ;
#7749 = AXIS2_PLACEMENT_3D ( 'NONE', #4401, #7625, #1950 ) ;
#7750 = CIRCLE ( 'NONE', #556, 2.042000000000000259 ) ;
#7751 = VECTOR ( 'NONE', #8079, 1000.000000000000000 ) ;
#7752 = AXIS2_PLACEMENT_3D ( 'NONE', #5868, #1875, #5720 ) ;
#7753 = ORIENTED_EDGE ( 'NONE', *, *, #4801, .F. ) ;
#7754 = EDGE_LOOP ( 'NONE', ( #5420, #5387, #5277 ) ) ;
#7755 = CARTESIAN_POINT ( 'NONE',  ( 32.50000000000001421, -32.50000000000000000, 7.500000000000000888 ) ) ;
#7756 = LINE ( 'NONE', #3497, #1221 ) ;
#7757 = EDGE_LOOP ( 'NONE', ( #5572, #3760 ) ) ;
#7758 = DIRECTION ( 'NONE',  ( 0.000000000000000000, -0.5000000000000008882, -0.8660254037844380415 ) ) ;
#7759 = AXIS2_PLACEMENT_3D ( 'NONE', #3865, #6973, #2033 ) ;
#7760 = CARTESIAN_POINT ( 'NONE',  ( 25.00000000000000711, 32.50000000000000000, -115.0000000000000142 ) ) ;
#7761 = AXIS2_PLACEMENT_3D ( 'NONE', #840, #4605, #7086 ) ;
#7762 = EDGE_CURVE ( 'NONE', #5461, #2126, #5659, .T. ) ;
#7763 = CONICAL_SURFACE ( 'NONE', #712, 3.000000000000004441, 0.7853981633974518317 ) ;
#7764 = AXIS2_PLACEMENT_3D ( 'NONE', #4596, #2751, #2141 ) ;
#7765 = ORIENTED_EDGE ( 'NONE', *, *, #7545, .F. ) ;
#7766 = CARTESIAN_POINT ( 'NONE',  ( 0.000000000000000000, 0.000000000000000000, 0.000000000000000000 ) ) ;
#7767 = DIRECTION ( 'NONE',  ( -0.000000000000000000, -0.000000000000000000, 1.000000000000000000 ) ) ;
#7768 = ORIENTED_EDGE ( 'NONE', *, *, #1353, .F. ) ;
#7769 = EDGE_CURVE ( 'NONE', #1155, #1765, #4223, .T. ) ;
#7770 = DIRECTION ( 'NONE',  ( -0.000000000000000000, -0.000000000000000000, 1.000000000000000000 ) ) ;
#7771 = AXIS2_PLACEMENT_3D ( 'NONE', #4476, #2547, #6962 ) ;
#7772 = ORIENTED_EDGE ( 'NONE', *, *, #4939, .T. ) ;
#7773 = CARTESIAN_POINT ( 'NONE',  ( 2.383938726831403176, 9.712336498272096108, -140.1682939653053666 ) ) ;
#7774 = DIRECTION ( 'NONE',  ( 0.000000000000000000, 1.000000000000000000, -1.471414886128460880E-15 ) ) ;
#7775 = EDGE_LOOP ( 'NONE', ( #7768, #2542, #4151, #634 ) ) ;
#7776 = SHAPE_DEFINITION_REPRESENTATION ( #6846, #4116 ) ;
#7777 = ORIENTED_EDGE ( 'NONE', *, *, #124, .F. ) ;
#7778 = CARTESIAN_POINT ( 'NONE',  ( 20.00000000000000711, 34.99999999999999289, 30.00000000000000000 ) ) ;
#7779 = DIRECTION ( 'NONE',  ( 0.000000000000000000, -0.000000000000000000, 1.000000000000000000 ) ) ;
#7780 = DIRECTION ( 'NONE',  ( -1.000000000000000000, -0.000000000000000000, -0.000000000000000000 ) ) ;
#7781 = EDGE_CURVE ( 'NONE', #8088, #6425, #4675, .T. ) ;
#7782 = EDGE_LOOP ( 'NONE', ( #1918, #3131, #186, #2612 ) ) ;
#7783 = CARTESIAN_POINT ( 'NONE',  ( 0.000000000000000000, 0.000000000000000000, 0.000000000000000000 ) ) ;
#7784 = EDGE_CURVE ( 'NONE', #1765, #1339, #7161, .T. ) ;
#7785 = CARTESIAN_POINT ( 'NONE',  ( 0.000000000000000000, 0.000000000000000000, 0.5000000000000013323 ) ) ;
#7786 = CARTESIAN_POINT ( 'NONE',  ( -39.99999999999999289, -38.00000000000000711, -130.0000000000000000 ) ) ;
#7787 = ORIENTED_EDGE ( 'NONE', *, *, #1867, .F. ) ;
#7788 = CARTESIAN_POINT ( 'NONE',  ( -2.600261154569146527, 9.656665896553800366, -140.4911563587575927 ) ) ;
#7789 = DIRECTION ( 'NONE',  ( 1.000000000000000000, 0.000000000000000000, 0.000000000000000000 ) ) ;
#7790 = AXIS2_PLACEMENT_3D ( 'NONE', #5371, #1610, #5295 ) ;
#7791 = VECTOR ( 'NONE', #7195, 1000.000000000000000 ) ;
#7792 = ORIENTED_EDGE ( 'NONE', *, *, #6639, .T. ) ;
#7793 = CARTESIAN_POINT ( 'NONE',  ( -25.00000000000000711, -32.50000000000000000, -120.0000000000000000 ) ) ;
#7794 = EDGE_CURVE ( 'NONE', #588, #1511, #2783, .T. ) ;
#7795 = DIRECTION ( 'NONE',  ( 1.000000000000000000, 0.000000000000000000, 0.000000000000000000 ) ) ;
#7796 = EDGE_LOOP ( 'NONE', ( #1829, #7012, #4098, #3544 ) ) ;
#7797 = CARTESIAN_POINT ( 'NONE',  ( -40.00000000000001421, 15.00000000000000000, -0.5000000000000004441 ) ) ;
#7798 = DIRECTION ( 'NONE',  ( -1.000000000000000000, 0.000000000000000000, 0.000000000000000000 ) ) ;
#7799 = AXIS2_PLACEMENT_3D ( 'NONE', #808, #2079, #3296 ) ;
#7800 = ADVANCED_FACE ( 'NONE', ( #4717 ), #4103, .T. ) ;
#7801 = EDGE_CURVE ( 'NONE', #57, #1034, #415, .T. ) ;
#7802 = ORIENTED_EDGE ( 'NONE', *, *, #3578, .T. ) ;
#7803 = ORIENTED_EDGE ( 'NONE', *, *, #7406, .T. ) ;
#7804 = DIRECTION ( 'NONE',  ( -1.000000000000000000, -0.000000000000000000, -0.000000000000000000 ) ) ;
#7805 = DIRECTION ( 'NONE',  ( 1.000000000000000000, 0.000000000000000000, 0.000000000000000000 ) ) ;
#7806 = ORIENTED_EDGE ( 'NONE', *, *, #3430, .F. ) ;
#7807 = ORIENTED_EDGE ( 'NONE', *, *, #4524, .F. ) ;
#7808 = DIRECTION ( 'NONE',  ( -2.775557561562892534E-15, 1.000000000000000000, 0.000000000000000000 ) ) ;
#7809 = DIRECTION ( 'NONE',  ( 0.000000000000000000, 1.000000000000000000, 0.000000000000000000 ) ) ;
#7810 = EDGE_CURVE ( 'NONE', #1587, #5628, #7868, .T. ) ;
#7811 = EDGE_LOOP ( 'NONE', ( #7976, #2345, #1712, #4015 ) ) ;
#7812 = DIRECTION ( 'NONE',  ( 0.000000000000000000, 0.000000000000000000, 1.000000000000000000 ) ) ;
#7813 = EDGE_CURVE ( 'NONE', #7046, #7318, #2261, .T. ) ;
#7814 = CARTESIAN_POINT ( 'NONE',  ( -25.00000000000000355, -1.387778780781445676E-14, 0.5000000000000004441 ) ) ;
#7815 = ORIENTED_EDGE ( 'NONE', *, *, #2956, .F. ) ;
#7816 = PRODUCT_CONTEXT ( 'NONE', #3506, 'mechanical' ) ;
#7817 = LINE ( 'NONE', #1409, #532 ) ;
#7818 = DIRECTION ( 'NONE',  ( -1.000000000000000000, 0.000000000000000000, 0.000000000000000000 ) ) ;
#7819 = DIRECTION ( 'NONE',  ( 0.000000000000000000, 0.000000000000000000, -1.000000000000000000 ) ) ;
#7820 = DIRECTION ( 'NONE',  ( -0.000000000000000000, -0.000000000000000000, 1.000000000000000000 ) ) ;
#7821 = AXIS2_PLACEMENT_3D ( 'NONE', #6838, #2624, #1978 ) ;
#7822 = ORIENTED_EDGE ( 'NONE', *, *, #4807, .T. ) ;
#7823 = CARTESIAN_POINT ( 'NONE',  ( -15.00000000000000000, -3.500000000000000000, 2.000000000000000000 ) ) ;
#7824 = EDGE_CURVE ( 'NONE', #713, #3840, #6696, .T. ) ;
#7825 = DIRECTION ( 'NONE',  ( 0.000000000000000000, 0.000000000000000000, -1.000000000000000000 ) ) ;
#7826 = LINE ( 'NONE', #5869, #6453 ) ;
#7827 = ORIENTED_EDGE ( 'NONE', *, *, #46, .F. ) ;
#7828 = PLANE ( 'NONE',  #3182 ) ;
#7829 = CARTESIAN_POINT ( 'NONE',  ( 3.750000000000003997, -4.750000000000000000, -7.500000000000000000 ) ) ;
#7830 = AXIS2_PLACEMENT_3D ( 'NONE', #7311, #4788, #4898 ) ;
#7831 = ORIENTED_EDGE ( 'NONE', *, *, #5217, .F. ) ;
#7832 = CARTESIAN_POINT ( 'NONE',  ( 1.979845658621553928E-15, -9.000000000000003553, 7.500000000000000000 ) ) ;
#7833 = VECTOR ( 'NONE', #3874, 1000.000000000000227 ) ;
#7834 = DIRECTION ( 'NONE',  ( 0.000000000000000000, 0.000000000000000000, 1.000000000000000000 ) ) ;
#7835 = ORIENTED_EDGE ( 'NONE', *, *, #4030, .F. ) ;
#7836 = CARTESIAN_POINT ( 'NONE',  ( 8.000000000000117240, 0.000000000000000000, -172.0000000000000000 ) ) ;
#7837 = DIRECTION ( 'NONE',  ( -0.000000000000000000, -0.000000000000000000, -1.000000000000000000 ) ) ;
#7838 = EDGE_CURVE ( 'NONE', #2878, #4387, #951, .T. ) ;
#7839 = DIRECTION ( 'NONE',  ( 0.000000000000000000, 0.000000000000000000, 1.000000000000000000 ) ) ;
#7840 = PRESENTATION_LAYER_ASSIGNMENT (  '', '', ( #6137 ) ) ;
#7841 = CYLINDRICAL_SURFACE ( 'NONE', #1780, 4.375000000000000000 ) ;
#7842 = ORIENTED_EDGE ( 'NONE', *, *, #1041, .T. ) ;
#7843 = ORIENTED_EDGE ( 'NONE', *, *, #1406, .T. ) ;
#7844 = CARTESIAN_POINT ( 'NONE',  ( -29.99999999999998579, 32.50000000000000000, -120.0000000000000000 ) ) ;
#7845 = ORIENTED_EDGE ( 'NONE', *, *, #7243, .T. ) ;
#7846 = VERTEX_POINT ( 'NONE', #6061 ) ;
#7847 = LINE ( 'NONE', #7152, #933 ) ;
#7848 = ADVANCED_FACE ( 'NONE', ( #6714 ), #4302, .F. ) ;
#7849 = ADVANCED_FACE ( 'NONE', ( #7287 ), #4836, .F. ) ;
#7850 = ORIENTED_EDGE ( 'NONE', *, *, #3457, .F. ) ;
#7851 = AXIS2_PLACEMENT_3D ( 'NONE', #1187, #26, #2538 ) ;
#7852 = CARTESIAN_POINT ( 'NONE',  ( 43.99999999999998579, 15.00000000000000000, -0.5000000000000004441 ) ) ;
#7853 = CARTESIAN_POINT ( 'NONE',  ( -10.00000000000000000, 1.224646799147353059E-15, -130.0000000000000000 ) ) ;
#7854 = ORIENTED_EDGE ( 'NONE', *, *, #7298, .F. ) ;
#7855 = CARTESIAN_POINT ( 'NONE',  ( 32.50000000000000711, 32.50000000000000711, 19.50000000000001066 ) ) ;
#7856 = DIRECTION ( 'NONE',  ( 0.000000000000000000, 0.000000000000000000, 1.000000000000000000 ) ) ;
#7857 = CARTESIAN_POINT ( 'NONE',  ( 2.500000000000004441, 2.500728763858895875E-16, -2.042000000000000259 ) ) ;
#7858 = DIRECTION ( 'NONE',  ( -1.000000000000000000, -0.000000000000000000, -0.000000000000000000 ) ) ;
#7859 = CIRCLE ( 'NONE', #2892, 7.499999999999996447 ) ;
#7860 = ADVANCED_FACE ( 'NONE', ( #3024 ), #2306, .F. ) ;
#7861 = ORIENTED_EDGE ( 'NONE', *, *, #3676, .T. ) ;
#7862 = LINE ( 'NONE', #877, #7134 ) ;
#7863 = FACE_OUTER_BOUND ( 'NONE', #981, .T. ) ;
#7864 = DIRECTION ( 'NONE',  ( 1.000000000000000000, 0.000000000000000000, 0.000000000000000000 ) ) ;
#7865 = ORIENTED_EDGE ( 'NONE', *, *, #1867, .T. ) ;
#7866 = CARTESIAN_POINT ( 'NONE',  ( -19.00000000000000000, 2.326828918379970970E-15, -135.0000000000000000 ) ) ;
#7867 = CARTESIAN_POINT ( 'NONE',  ( 32.50000000000000000, -32.50000000000000000, -130.0000000000000000 ) ) ;
#7868 = CIRCLE ( 'NONE', #4348, 7.499999999999996447 ) ;
#7869 = VECTOR ( 'NONE', #3981, 1000.000000000000000 ) ;
#7870 = AXIS2_PLACEMENT_3D ( 'NONE', #4863, #6659, #2941 ) ;
#7871 = DIRECTION ( 'NONE',  ( 0.000000000000000000, 0.000000000000000000, 1.000000000000000000 ) ) ;
#7872 = AXIS2_PLACEMENT_3D ( 'NONE', #7180, #342, #379 ) ;
#7873 = DIRECTION ( 'NONE',  ( 1.000000000000000000, 0.000000000000000000, 0.000000000000000000 ) ) ;
#7874 = ORIENTED_EDGE ( 'NONE', *, *, #5262, .T. ) ;
#7875 = CARTESIAN_POINT ( 'NONE',  ( 1.000000000000001998, 9.000000000000001776, -7.249999999999999112 ) ) ;
#7876 = CARTESIAN_POINT ( 'NONE',  ( 1.979845658621553928E-15, -9.750000000000000000, -7.249999999999999112 ) ) ;
#7877 = CARTESIAN_POINT ( 'NONE',  ( -40.00000000000000711, -25.00000000000000000, 0.000000000000000000 ) ) ;
#7878 = CIRCLE ( 'NONE', #1364, 4.375000000000003553 ) ;
#7879 = VECTOR ( 'NONE', #1862, 1000.000000000000000 ) ;
#7880 = AXIS2_PLACEMENT_3D ( 'NONE', #6977, #7015, #7511 ) ;
#7881 = AXIS2_PLACEMENT_3D ( 'NONE', #4860, #7275, #3051 ) ;
#7882 = CARTESIAN_POINT ( 'NONE',  ( 32.50000000000000711, 32.50000000000000711, -8.500000000000000000 ) ) ;
#7883 = CIRCLE ( 'NONE', #1884, 10.00000000000000178 ) ;
#7884 = CIRCLE ( 'NONE', #5281, 3.999999999999996447 ) ;
#7885 = VERTEX_POINT ( 'NONE', #452 ) ;
#7886 = ORIENTED_EDGE ( 'NONE', *, *, #6135, .T. ) ;
#7887 = CARTESIAN_POINT ( 'NONE',  ( -33.50000000000000000, -15.00000000000000000, 7.500000000000000000 ) ) ;
#7888 = DIRECTION ( 'NONE',  ( -4.625929269271487886E-16, 1.000000000000000000, -0.000000000000000000 ) ) ;
#7889 = ORIENTED_EDGE ( 'NONE', *, *, #1908, .T. ) ;
#7890 = VERTEX_POINT ( 'NONE', #2949 ) ;
#7891 = CIRCLE ( 'NONE', #4887, 10.00000000000000178 ) ;
#7892 = CYLINDRICAL_SURFACE ( 'NONE', #1335, 2.500000000000009326 ) ;
#7893 = AXIS2_PLACEMENT_3D ( 'NONE', #5418, #2311, #5454 ) ;
#7894 = VERTEX_POINT ( 'NONE', #573 ) ;
#7895 = AXIS2_PLACEMENT_3D ( 'NONE', #5724, #6986, #5806 ) ;
#7896 = ADVANCED_FACE ( 'NONE', ( #8024 ), #4913, .T. ) ;
#7897 = LINE ( 'NONE', #1145, #335 ) ;
#7898 = LINE ( 'NONE', #6540, #3167 ) ;
#7899 = ORIENTED_EDGE ( 'NONE', *, *, #2057, .T. ) ;
#7900 = CARTESIAN_POINT ( 'NONE',  ( 0.000000000000000000, 0.000000000000000000, 0.000000000000000000 ) ) ;
#7901 = LINE ( 'NONE', #1772, #3414 ) ;
#7902 = DIRECTION ( 'NONE',  ( 1.000000000000000000, 0.000000000000000000, 0.000000000000000000 ) ) ;
#7903 = FACE_OUTER_BOUND ( 'NONE', #7494, .T. ) ;
#7904 = EDGE_CURVE ( 'NONE', #6981, #2512, #1842, .T. ) ;
#7905 = ORIENTED_EDGE ( 'NONE', *, *, #7425, .F. ) ;
#7906 = EDGE_CURVE ( 'NONE', #3115, #5678, #7288, .T. ) ;
#7907 = CARTESIAN_POINT ( 'NONE',  ( 35.00000000000001421, -32.50000000000000000, -123.0000000000000000 ) ) ;
#7908 = EDGE_CURVE ( 'NONE', #3087, #5386, #5584, .T. ) ;
#7909 = CYLINDRICAL_SURFACE ( 'NONE', #2280, 10.00000000000000178 ) ;
#7910 = DIRECTION ( 'NONE',  ( 1.000000000000000000, 0.000000000000000000, 0.000000000000000000 ) ) ;
#7911 = ORIENTED_EDGE ( 'NONE', *, *, #5847, .F. ) ;
#7912 = CARTESIAN_POINT ( 'NONE',  ( 24.16675660154734118, 23.14453187976436865, 30.00000000000000000 ) ) ;
#7913 = ADVANCED_FACE ( 'NONE', ( #3607 ), #1693, .T. ) ;
#7914 = DIRECTION ( 'NONE',  ( 1.000000000000000000, 0.000000000000000000, 0.000000000000000000 ) ) ;
#7915 = DIRECTION ( 'NONE',  ( -0.000000000000000000, -0.000000000000000000, 1.000000000000000000 ) ) ;
#7916 = AXIS2_PLACEMENT_3D ( 'NONE', #2066, #7505, #4564 ) ;
#7917 = ORIENTED_EDGE ( 'NONE', *, *, #6537, .T. ) ;
#7918 = DIRECTION ( 'NONE',  ( 1.000000000000000000, 0.000000000000000000, 0.000000000000000000 ) ) ;
#7919 = CARTESIAN_POINT ( 'NONE',  ( -36.00000000000002132, 15.00000000000000000, -0.5000000000000004441 ) ) ;
#7920 = CARTESIAN_POINT ( 'NONE',  ( -25.00000000000000355, -1.387778780781445676E-14, -8.500000000000000000 ) ) ;
#7921 = VECTOR ( 'NONE', #4805, 1000.000000000000000 ) ;
#7922 = FACE_OUTER_BOUND ( 'NONE', #7169, .T. ) ;
#7923 = ORIENTED_EDGE ( 'NONE', *, *, #6954, .F. ) ;
#7924 = ORIENTED_EDGE ( 'NONE', *, *, #5410, .F. ) ;
#7925 = DIRECTION ( 'NONE',  ( 0.000000000000000000, 0.000000000000000000, 1.000000000000000000 ) ) ;
#7926 = DIRECTION ( 'NONE',  ( -0.000000000000000000, -0.000000000000000000, 1.000000000000000000 ) ) ;
#7927 = EDGE_CURVE ( 'NONE', #6498, #3264, #6170, .T. ) ;
#7928 = ORIENTED_EDGE ( 'NONE', *, *, #2541, .F. ) ;
#7929 = ORIENTED_EDGE ( 'NONE', *, *, #3352, .T. ) ;
#7930 = CYLINDRICAL_SURFACE ( 'NONE', #7721, 20.00000000000000000 ) ;
#7931 = AXIS2_PLACEMENT_3D ( 'NONE', #7183, #383, #1586 ) ;
#7932 = ORIENTED_EDGE ( 'NONE', *, *, #3397, .T. ) ;
#7933 = DIRECTION ( 'NONE',  ( -1.000000000000000000, 0.000000000000000000, 3.009265538105055678E-33 ) ) ;
#7934 = DIRECTION ( 'NONE',  ( -1.000000000000000000, -2.602085213965210642E-16, 0.000000000000000000 ) ) ;
#7935 = ORIENTED_EDGE ( 'NONE', *, *, #1260, .T. ) ;
#7936 = CARTESIAN_POINT ( 'NONE',  ( 5.200000000000002842, 0.000000000000000000, 2.500000000000000444 ) ) ;
#7937 = CARTESIAN_POINT ( 'NONE',  ( -25.00000000000000711, 33.51954211927168359, 30.00000000000000000 ) ) ;
#7938 = DIRECTION ( 'NONE',  ( -0.000000000000000000, -0.000000000000000000, 1.000000000000000000 ) ) ;
#7939 = CARTESIAN_POINT ( 'NONE',  ( 35.00000000000000711, 33.51954211927168359, 24.99999999999999645 ) ) ;
#7940 = ADVANCED_FACE ( 'NONE', ( #6021 ), #7370, .F. ) ;
#7941 = AXIS2_PLACEMENT_3D ( 'NONE', #4222, #6134, #526 ) ;
#7942 = ORIENTED_EDGE ( 'NONE', *, *, #2129, .F. ) ;
#7943 = FACE_OUTER_BOUND ( 'NONE', #2965, .T. ) ;
#7944 = EDGE_CURVE ( 'NONE', #7669, #6587, #6762, .T. ) ;
#7945 = DIRECTION ( 'NONE',  ( 0.000000000000000000, 1.000000000000000000, -1.355657144061423890E-15 ) ) ;
#7946 = ORIENTED_EDGE ( 'NONE', *, *, #6405, .T. ) ;
#7947 = CARTESIAN_POINT ( 'NONE',  ( 0.000000000000000000, 0.000000000000000000, -130.0000000000000000 ) ) ;
#7948 = AXIS2_PLACEMENT_3D ( 'NONE', #3856, #7690, #2869 ) ;
#7949 = EDGE_CURVE ( 'NONE', #3431, #6533, #1293, .T. ) ;
#7950 = CONTEXT_DEPENDENT_SHAPE_REPRESENTATION ( #6022, #5598 ) ;
#7951 = ADVANCED_FACE ( 'NONE', ( #7903 ), #1071, .T. ) ;
#7952 = ADVANCED_FACE ( 'NONE', ( #1731 ), #2987, .F. ) ;
#7953 = DIRECTION ( 'NONE',  ( -0.000000000000000000, -0.000000000000000000, 1.000000000000000000 ) ) ;
#7954 = DIRECTION ( 'NONE',  ( 1.000000000000000000, 0.000000000000000000, 0.000000000000000000 ) ) ;
#7955 = ORIENTED_EDGE ( 'NONE', *, *, #3864, .T. ) ;
#7956 = LINE ( 'NONE', #5462, #5395 ) ;
#7957 = CARTESIAN_POINT ( 'NONE',  ( 32.50000000000000000, -32.50000000000000000, -120.0000000000000000 ) ) ;
#7958 = VECTOR ( 'NONE', #4544, 1000.000000000000000 ) ;
#7959 = CARTESIAN_POINT ( 'NONE',  ( -29.99999999999999645, -32.50000000000000000, -123.0000000000000000 ) ) ;
#7960 = ADVANCED_FACE ( 'NONE', ( #1936 ), #3229, .F. ) ;
#7961 = VECTOR ( 'NONE', #3627, 1000.000000000000000 ) ;
#7962 = ORIENTED_EDGE ( 'NONE', *, *, #5122, .T. ) ;
#7963 = VERTEX_POINT ( 'NONE', #4383 ) ;
#7964 = CARTESIAN_POINT ( 'NONE',  ( 4.000000000000000000, 3.518949890710767470, -4.553649124439118623E-15 ) ) ;
#7965 = CARTESIAN_POINT ( 'NONE',  ( -40.00000000000001421, 15.00000000000000000, -0.5000000000000004441 ) ) ;
#7966 = EDGE_LOOP ( 'NONE', ( #5467, #1682 ) ) ;
#7967 = EDGE_LOOP ( 'NONE', ( #1134, #7532 ) ) ;
#7968 = CARTESIAN_POINT ( 'NONE',  ( -40.00000000000000711, -25.00000000000000000, -115.0000000000000000 ) ) ;
#7969 = CARTESIAN_POINT ( 'NONE',  ( 4.000000000000000000, 3.518949890710767470, -4.553649124439118623E-15 ) ) ;
#7970 = AXIS2_PLACEMENT_3D ( 'NONE', #4610, #7097, #1502 ) ;
#7971 = PRODUCT_DEFINITION_CONTEXT ( 'detailed design', #3928, 'design' ) ;
#7972 = VERTEX_POINT ( 'NONE', #5078 ) ;
#7973 = CYLINDRICAL_SURFACE ( 'NONE', #1956, 7.499999999999996447 ) ;
#7974 = CIRCLE ( 'NONE', #4455, 38.46194077712559789 ) ;
#7975 = CARTESIAN_POINT ( 'NONE',  ( 15.00000000000000000, -2.500000000000002665, 2.999999999999998668 ) ) ;
#7976 = ORIENTED_EDGE ( 'NONE', *, *, #1657, .F. ) ;
#7977 = DIRECTION ( 'NONE',  ( 0.000000000000000000, 1.224646799147353207E-16, 1.000000000000000000 ) ) ;
#7978 = DIRECTION ( 'NONE',  ( 0.000000000000000000, 1.000000000000000000, 0.000000000000000000 ) ) ;
#7979 = CARTESIAN_POINT ( 'NONE',  ( 0.000000000000000000, 6.000000000000000000, -172.0000000000000000 ) ) ;
#7980 = CIRCLE ( 'NONE', #7717, 4.000000000000001776 ) ;
#7981 = VERTEX_POINT ( 'NONE', #5732 ) ;
#7982 = DIRECTION ( 'NONE',  ( 0.000000000000000000, 0.000000000000000000, 1.000000000000000000 ) ) ;
#7983 = DIRECTION ( 'NONE',  ( -0.000000000000000000, 0.000000000000000000, 1.000000000000000000 ) ) ;
#7984 = DIRECTION ( 'NONE',  ( 0.000000000000000000, 0.000000000000000000, 1.000000000000000000 ) ) ;
#7985 = CLOSED_SHELL ( 'NONE', ( #153, #799, #65, #4389, #5506, #1856, #4943, #1190, #42, #3543, #6151, #5704, #3368, #4203 ) ) ;
#7986 = LINE ( 'NONE', #2879, #174 ) ;
#7987 = CONTEXT_DEPENDENT_SHAPE_REPRESENTATION ( #1275, #6053 ) ;
#7988 = AXIS2_PLACEMENT_3D ( 'NONE', #4948, #6644, #1841 ) ;
#7989 = ADVANCED_FACE ( 'NONE', ( #3106 ), #2663, .T. ) ;
#7990 = CARTESIAN_POINT ( 'NONE',  ( 40.00000000000000000, 39.99999999999999289, -120.0000000000000000 ) ) ;
#7991 = CYLINDRICAL_SURFACE ( 'NONE', #2024, 6.499999999999999112 ) ;
#7992 = EDGE_CURVE ( 'NONE', #839, #6027, #5985, .T. ) ;
#7993 = ORIENTED_EDGE ( 'NONE', *, *, #1210, .F. ) ;
#7994 = CARTESIAN_POINT ( 'NONE',  ( -40.00000000000000711, 25.00000000000000000, -120.0000000000000000 ) ) ;
#7995 = FACE_BOUND ( 'NONE', #4909, .T. ) ;
#7996 = CARTESIAN_POINT ( 'NONE',  ( -37.99999999999999289, -40.00000000000000711, -130.0000000000000000 ) ) ;
#7997 = ADVANCED_FACE ( 'NONE', ( #6385 ), #738, .F. ) ;
#7998 = ADVANCED_BREP_SHAPE_REPRESENTATION ( '', ( #3635, #5854 ), #2861 ) ;
#7999 = VERTEX_POINT ( 'NONE', #5647 ) ;
#8000 = ORIENTED_EDGE ( 'NONE', *, *, #7769, .T. ) ;
#8001 = DIRECTION ( 'NONE',  ( 1.000000000000000000, 0.000000000000000000, 0.000000000000000000 ) ) ;
#8002 = ADVANCED_FACE ( 'NONE', ( #5119 ), #6914, .F. ) ;
#8003 = CARTESIAN_POINT ( 'NONE',  ( 0.000000000000000000, 0.000000000000000000, -135.0000000000000000 ) ) ;
#8004 = EDGE_LOOP ( 'NONE', ( #931, #6741, #7401, #2920, #3727 ) ) ;
#8005 = ORIENTED_EDGE ( 'NONE', *, *, #4144, .T. ) ;
#8006 = VECTOR ( 'NONE', #2714, 1000.000000000000000 ) ;
#8007 = CARTESIAN_POINT ( 'NONE',  ( 32.50000000000000711, 32.50000000000000711, 7.500000000000000888 ) ) ;
#8008 = EDGE_CURVE ( 'NONE', #5193, #5370, #1547, .T. ) ;
#8009 = CIRCLE ( 'NONE', #4489, 7.499999999999992895 ) ;
#8010 = CARTESIAN_POINT ( 'NONE',  ( 4.000000000000004441, 4.750000000000000000, -7.249999999999999112 ) ) ;
#8011 = AXIS2_PLACEMENT_3D ( 'NONE', #6614, #5270, #6528 ) ;
#8012 = VECTOR ( 'NONE', #5428, 1000.000000000000000 ) ;
#8013 = ORIENTED_EDGE ( 'NONE', *, *, #4053, .T. ) ;
#8014 = AXIS2_PLACEMENT_3D ( 'NONE', #3460, #260, #6031 ) ;
#8015 = EDGE_CURVE ( 'NONE', #3671, #2878, #2978, .T. ) ;
#8016 = CARTESIAN_POINT ( 'NONE',  ( 0.000000000000000000, 4.898587196589411843E-16, 3.749999999999999112 ) ) ;
#8017 = PRODUCT_DEFINITION_SHAPE ( 'NONE', 'NONE',  #8105 ) ;
#8018 = CARTESIAN_POINT ( 'NONE',  ( -46.50000000000001421, 15.00000000000000000, 7.500000000000000000 ) ) ;
#8019 = ORIENTED_EDGE ( 'NONE', *, *, #145, .T. ) ;
#8020 = CIRCLE ( 'NONE', #4235, 0.9999999999999995559 ) ;
#8021 = DIRECTION ( 'NONE',  ( 0.000000000000000000, 1.000000000000000000, -1.224646799147353207E-16 ) ) ;
#8022 = CARTESIAN_POINT ( 'NONE',  ( -3.000000000000000444, 6.000000000000000000, -172.0000000000000000 ) ) ;
#8023 = DIRECTION ( 'NONE',  ( 0.000000000000000000, 0.000000000000000000, 1.000000000000000000 ) ) ;
#8024 = FACE_OUTER_BOUND ( 'NONE', #6506, .T. ) ;
#8025 = AXIS2_PLACEMENT_3D ( 'NONE', #2353, #1126, #3620 ) ;
#8026 = AXIS2_PLACEMENT_3D ( 'NONE', #581, #8070, #1412 ) ;
#8027 = ORIENTED_EDGE ( 'NONE', *, *, #655, .T. ) ;
#8028 = DIRECTION ( 'NONE',  ( 1.000000000000000000, 0.000000000000000000, 0.000000000000000000 ) ) ;
#8029 = LINE ( 'NONE', #4919, #1769 ) ;
#8030 = CARTESIAN_POINT ( 'NONE',  ( -35.00000000000001421, -32.50000000000000000, -123.0000000000000000 ) ) ;
#8031 = EDGE_CURVE ( 'NONE', #3957, #5283, #4291, .T. ) ;
#8032 = CARTESIAN_POINT ( 'NONE',  ( 25.00000000000000711, -32.50000000000000000, -120.0000000000000000 ) ) ;
#8033 = SURFACE_STYLE_USAGE ( .BOTH. , #4275 ) ;
#8034 = DIRECTION ( 'NONE',  ( 0.000000000000000000, -0.5000000000000011102, -0.8660254037844379305 ) ) ;
#8035 = EDGE_LOOP ( 'NONE', ( #3675, #2816 ) ) ;
#8036 = LINE ( 'NONE', #6113, #3962 ) ;
#8037 = CARTESIAN_POINT ( 'NONE',  ( 4.000000000000000000, 2.639212418033075824, 1.523749999999996385 ) ) ;
#8038 = CARTESIAN_POINT ( 'NONE',  ( -20.00000000000000000, 2.449293598294706513E-15, -7.499999999999999112 ) ) ;
#8039 = EDGE_CURVE ( 'NONE', #2980, #1240, #7023, .T. ) ;
#8040 = VECTOR ( 'NONE', #1378, 1000.000000000000000 ) ;
#8041 = ORIENTED_EDGE ( 'NONE', *, *, #6703, .T. ) ;
#8042 = VERTEX_POINT ( 'NONE', #6255 ) ;
#8043 = DIRECTION ( 'NONE',  ( 1.000000000000000000, 0.000000000000000000, 0.000000000000000000 ) ) ;
#8044 = CARTESIAN_POINT ( 'NONE',  ( 40.00000000000000711, 25.00000000000000000, 0.000000000000000000 ) ) ;
#8045 = ORIENTED_EDGE ( 'NONE', *, *, #7363, .F. ) ;
#8046 = ORIENTED_EDGE ( 'NONE', *, *, #6512, .T. ) ;
#8047 = FACE_OUTER_BOUND ( 'NONE', #7349, .T. ) ;
#8048 =( LENGTH_UNIT ( ) NAMED_UNIT ( * ) SI_UNIT ( .MILLI., .METRE. ) );
#8049 = ADVANCED_FACE ( 'NONE', ( #5605, #152 ), #3849, .F. ) ;
#8050 = EDGE_CURVE ( 'NONE', #1713, #4713, #7414, .T. ) ;
#8051 = AXIS2_PLACEMENT_3D ( 'NONE', #6103, #7374, #1074 ) ;
#8052 = EDGE_CURVE ( 'NONE', #2299, #6917, #7483, .T. ) ;
#8053 = ORIENTED_EDGE ( 'NONE', *, *, #1849, .F. ) ;
#8054 = EDGE_CURVE ( 'NONE', #4492, #368, #6109, .T. ) ;
#8055 = DIRECTION ( 'NONE',  ( 0.000000000000000000, 0.000000000000000000, -1.000000000000000000 ) ) ;
#8056 = DIRECTION ( 'NONE',  ( 0.000000000000000000, -0.7071067811865451302, -0.7071067811865500152 ) ) ;
#8057 = AXIS2_PLACEMENT_3D ( 'NONE', #5478, #1182, #4136 ) ;
#8058 = EDGE_LOOP ( 'NONE', ( #1254, #1529 ) ) ;
#8059 = CARTESIAN_POINT ( 'NONE',  ( -39.99999999999999289, -40.00000000000000711, -15.00000000000001421 ) ) ;
#8060 = CARTESIAN_POINT ( 'NONE',  ( -25.00000000000000711, -40.00000000000000711, 0.000000000000000000 ) ) ;
#8061 = DIRECTION ( 'NONE',  ( 1.000000000000000000, 0.000000000000000000, 0.000000000000000000 ) ) ;
#8062 = DIRECTION ( 'NONE',  ( 1.000000000000000000, 0.000000000000000000, 0.000000000000000000 ) ) ;
#8063 = VERTEX_POINT ( 'NONE', #6955 ) ;
#8064 = AXIS2_PLACEMENT_3D ( 'NONE', #1465, #6491, #889 ) ;
#8065 = ADVANCED_FACE ( 'NONE', ( #6342 ), #5039, .F. ) ;
#8066 = DIRECTION ( 'NONE',  ( 0.000000000000000000, 0.000000000000000000, -1.000000000000000000 ) ) ;
#8067 = ORIENTED_EDGE ( 'NONE', *, *, #1614, .T. ) ;
#8068 = DIRECTION ( 'NONE',  ( 1.000000000000000000, 0.000000000000000000, 0.000000000000000000 ) ) ;
#8069 = DIRECTION ( 'NONE',  ( 1.734723475976806848E-16, -1.000000000000000000, 0.000000000000000000 ) ) ;
#8070 = DIRECTION ( 'NONE',  ( -1.000000000000000000, -0.000000000000000000, -0.000000000000000000 ) ) ;
#8071 = VECTOR ( 'NONE', #697, 1000.000000000000000 ) ;
#8072 = LINE ( 'NONE', #4961, #2317 ) ;
#8073 = AXIS2_PLACEMENT_3D ( 'NONE', #7121, #360, #278 ) ;
#8074 = DIRECTION ( 'NONE',  ( 0.7071067811865489050, 8.659560562354913137E-17, 0.7071067811865460184 ) ) ;
#8075 = DIRECTION ( 'NONE',  ( -0.000000000000000000, 0.000000000000000000, 1.000000000000000000 ) ) ;
#8076 = ORIENTED_EDGE ( 'NONE', *, *, #328, .F. ) ;
#8077 = FACE_OUTER_BOUND ( 'NONE', #4458, .T. ) ;
#8078 = DIRECTION ( 'NONE',  ( 1.445602896647339410E-16, 0.000000000000000000, 1.000000000000000000 ) ) ;
#8079 = DIRECTION ( 'NONE',  ( -0.000000000000000000, -0.000000000000000000, 1.000000000000000000 ) ) ;
#8080 = PRODUCT ( 'MTR-HLD_ASM', 'MTR-HLD_ASM', '', ( #7816 ) ) ;
#8081 = EDGE_CURVE ( 'NONE', #4660, #1587, #2173, .T. ) ;
#8082 = VERTEX_POINT ( 'NONE', #3973 ) ;
#8083 = ORIENTED_EDGE ( 'NONE', *, *, #6002, .F. ) ;
#8084 = CARTESIAN_POINT ( 'NONE',  ( 4.000000000000002665, 9.000000000000001776, -7.249999999999999112 ) ) ;
#8085 = EDGE_CURVE ( 'NONE', #693, #7669, #354, .T. ) ;
#8086 = DIRECTION ( 'NONE',  ( 0.000000000000000000, 0.000000000000000000, -1.000000000000000000 ) ) ;
#8087 = EDGE_LOOP ( 'NONE', ( #7309, #672, #3661, #3797 ) ) ;
#8088 = VERTEX_POINT ( 'NONE', #2701 ) ;
#8089 = DIRECTION ( 'NONE',  ( 0.000000000000000000, -0.4999999999999992784, 0.8660254037844390407 ) ) ;
#8090 = DIRECTION ( 'NONE',  ( 1.000000000000000000, 0.000000000000000000, 0.000000000000000000 ) ) ;
#8091 = FACE_OUTER_BOUND ( 'NONE', #3350, .T. ) ;
#8092 = VECTOR ( 'NONE', #4907, 1000.000000000000000 ) ;
#8093 = ORIENTED_EDGE ( 'NONE', *, *, #3128, .F. ) ;
#8094 = DIRECTION ( 'NONE',  ( 0.000000000000000000, -0.5000000000000009992, -0.8660254037844380415 ) ) ;
#8095 = EDGE_CURVE ( 'NONE', #5499, #5678, #3429, .T. ) ;
#8096 = NEXT_ASSEMBLY_USAGE_OCCURRENCE ( 'NAUO1', ' ', ' ', #7467, #7225, $ ) ;
#8097 = NEXT_ASSEMBLY_USAGE_OCCURRENCE ( 'NAUO2', ' ', ' ', #7467, #6127, $ ) ;
#8098 = NEXT_ASSEMBLY_USAGE_OCCURRENCE ( 'NAUO3', ' ', ' ', #7467, #6127, $ ) ;
#8099 = NEXT_ASSEMBLY_USAGE_OCCURRENCE ( 'NAUO4', ' ', ' ', #7467, #6127, $ ) ;
#8100 = NEXT_ASSEMBLY_USAGE_OCCURRENCE ( 'NAUO5', ' ', ' ', #7467, #6127, $ ) ;
#8101 = NEXT_ASSEMBLY_USAGE_OCCURRENCE ( 'NAUO6', ' ', ' ', #7467, #4080, $ ) ;
#8102 = NEXT_ASSEMBLY_USAGE_OCCURRENCE ( 'NAUO7', ' ', ' ', #7467, #1781, $ ) ;
#8103 = NEXT_ASSEMBLY_USAGE_OCCURRENCE ( 'NAUO8', ' ', ' ', #7467, #1781, $ ) ;
#8104 = NEXT_ASSEMBLY_USAGE_OCCURRENCE ( 'NAUO9', ' ', ' ', #7467, #1781, $ ) ;
#8105 = NEXT_ASSEMBLY_USAGE_OCCURRENCE ( 'NAUO10', ' ', ' ', #7467, #1781, $ ) ;
#8106 = NEXT_ASSEMBLY_USAGE_OCCURRENCE ( 'NAUO11', ' ', ' ', #7467, #5438, $ ) ;
#8107 = NEXT_ASSEMBLY_USAGE_OCCURRENCE ( 'NAUO12', ' ', ' ', #7467, #5438, $ ) ;
#8108 = NEXT_ASSEMBLY_USAGE_OCCURRENCE ( 'NAUO13', ' ', ' ', #7467, #5438, $ ) ;
#8109 = NEXT_ASSEMBLY_USAGE_OCCURRENCE ( 'NAUO14', ' ', ' ', #7467, #5438, $ ) ;
#8110 = NEXT_ASSEMBLY_USAGE_OCCURRENCE ( 'NAUO15', ' ', ' ', #7467, #2296, $ ) ;
ENDSEC;
END-ISO-10303-21;
