ISO-10303-21;
HEADER;
FILE_DESCRIPTION (( 'STEP AP214' ),
    '1' );
FILE_NAME ('PRT-4.STEP',
    '2025-07-15T12:58:21',
    ( '' ),
    ( '' ),
    'SwSTEP 2.0',
    'SolidWorks 2023',
    '' );
FILE_SCHEMA (( 'AUTOMOTIVE_DESIGN' ));
ENDSEC;

DATA;
#1 = DIRECTION ( 'NONE',  ( -0.000000000000000000, -0.000000000000000000, -1.000000000000000000 ) ) ;
#2 = EDGE_CURVE ( 'NONE', #5910, #1578, #4567, .T. ) ;
#3 = CARTESIAN_POINT ( 'NONE',  ( 22.11289234230415346, 23.13049917873945205, -17.50000000000000000 ) ) ;
#4 = DIRECTION ( 'NONE',  ( 1.000000000000000000, 0.000000000000000000, 0.000000000000000000 ) ) ;
#5 = ORIENTED_EDGE ( 'NONE', *, *, #4093, .F. ) ;
#6 = ORIENTED_EDGE ( 'NONE', *, *, #1746, .F. ) ;
#7 = EDGE_CURVE ( 'NONE', #1849, #3942, #6677, .T. ) ;
#8 = VERTEX_POINT ( 'NONE', #1918 ) ;
#9 = CARTESIAN_POINT ( 'NONE',  ( 0.000000000000000000, 0.000000000000000000, 17.50000000000000000 ) ) ;
#10 = DIRECTION ( 'NONE',  ( 0.7557495743542689270, 0.6548607339452727771, -0.000000000000000000 ) ) ;
#11 = CARTESIAN_POINT ( 'NONE',  ( 0.000000000000000000, 0.000000000000000000, -17.50000000000000000 ) ) ;
#12 = FACE_OUTER_BOUND ( 'NONE', #7948, .T. ) ;
#13 = LINE ( 'NONE', #6780, #281 ) ;
#14 = DIRECTION ( 'NONE',  ( -0.2817325568414373871, -0.9594929736144951482, 0.000000000000000000 ) ) ;
#15 = CIRCLE ( 'NONE', #3831, 1.000000000000000888 ) ;
#16 = VECTOR ( 'NONE', #7456, 1000.000000000000114 ) ;
#17 = DIRECTION ( 'NONE',  ( -0.9898214418809341275, -0.1423148382732752348, 0.000000000000000000 ) ) ;
#18 = VECTOR ( 'NONE', #6654, 1000.000000000000000 ) ;
#19 = ORIENTED_EDGE ( 'NONE', *, *, #2921, .F. ) ;
#20 = LINE ( 'NONE', #7475, #4288 ) ;
#21 = LINE ( 'NONE', #4581, #446 ) ;
#22 = AXIS2_PLACEMENT_3D ( 'NONE', #1898, #5575, #1817 ) ;
#23 = EDGE_CURVE ( 'NONE', #6565, #6765, #3520, .T. ) ;
#24 = EDGE_LOOP ( 'NONE', ( #1040, #5789, #531, #5317 ) ) ;
#25 = CIRCLE ( 'NONE', #1605, 1.000000000000000000 ) ;
#26 = ORIENTED_EDGE ( 'NONE', *, *, #7230, .F. ) ;
#27 = DIRECTION ( 'NONE',  ( -0.000000000000000000, -0.000000000000000000, -1.000000000000000000 ) ) ;
#28 = ORIENTED_EDGE ( 'NONE', *, *, #3710, .F. ) ;
#29 = FACE_BOUND ( 'NONE', #4138, .T. ) ;
#30 = DIRECTION ( 'NONE',  ( -1.000000000000000000, 0.000000000000000000, 0.000000000000000000 ) ) ;
#31 = DIRECTION ( 'NONE',  ( 0.000000000000000000, 0.000000000000000000, -1.000000000000000000 ) ) ;
#32 = LINE ( 'NONE', #5675, #6397 ) ;
#33 = DIRECTION ( 'NONE',  ( 0.000000000000000000, 0.000000000000000000, 1.000000000000000000 ) ) ;
#34 = AXIS2_PLACEMENT_3D ( 'NONE', #2396, #504, #4211 ) ;
#35 = ORIENTED_EDGE ( 'NONE', *, *, #1106, .T. ) ;
#36 = AXIS2_PLACEMENT_3D ( 'NONE', #7607, #427, #4179 ) ;
#37 = EDGE_CURVE ( 'NONE', #2676, #255, #148, .T. ) ;
#38 = LINE ( 'NONE', #3862, #6827 ) ;
#39 = PLANE ( 'NONE',  #2822 ) ;
#40 = CARTESIAN_POINT ( 'NONE',  ( -2.000000000000000444, 30.00000000000000000, -17.50000000000000000 ) ) ;
#41 = DIRECTION ( 'NONE',  ( -0.000000000000000000, -0.000000000000000000, -1.000000000000000000 ) ) ;
#42 = EDGE_CURVE ( 'NONE', #6102, #6493, #547, .T. ) ;
#43 = CARTESIAN_POINT ( 'NONE',  ( -24.08309753892746485, -19.54493317794935336, 17.50000000000000000 ) ) ;
#44 = EDGE_LOOP ( 'NONE', ( #436, #2172 ) ) ;
#45 = VERTEX_POINT ( 'NONE', #5634 ) ;
#46 = EDGE_CURVE ( 'NONE', #1752, #6493, #1876, .T. ) ;
#47 = ORIENTED_EDGE ( 'NONE', *, *, #6949, .T. ) ;
#48 = CARTESIAN_POINT ( 'NONE',  ( 22.11851533709101503, -21.81218190101277443, 17.50000000000000000 ) ) ;
#49 = ORIENTED_EDGE ( 'NONE', *, *, #6740, .T. ) ;
#50 = DIRECTION ( 'NONE',  ( -0.000000000000000000, -0.000000000000000000, -1.000000000000000000 ) ) ;
#51 = EDGE_CURVE ( 'NONE', #4578, #7668, #7923, .T. ) ;
#52 = LINE ( 'NONE', #2558, #4761 ) ;
#53 = DIRECTION ( 'NONE',  ( 1.000000000000000000, 0.000000000000000000, 0.000000000000000000 ) ) ;
#54 = LINE ( 'NONE', #5577, #1175 ) ;
#55 = DIRECTION ( 'NONE',  ( 1.000000000000000000, 0.000000000000000000, 0.000000000000000000 ) ) ;
#56 = EDGE_CURVE ( 'NONE', #2125, #726, #4348, .T. ) ;
#57 = EDGE_LOOP ( 'NONE', ( #1440, #409, #7281, #2412 ) ) ;
#58 = AXIS2_PLACEMENT_3D ( 'NONE', #4845, #1825, #6163 ) ;
#59 = DIRECTION ( 'NONE',  ( 0.1423148382733041561, 0.9898214418809300197, -0.000000000000000000 ) ) ;
#60 = CYLINDRICAL_SURFACE ( 'NONE', #5844, 1.000000000000000888 ) ;
#61 = VECTOR ( 'NONE', #4268, 1000.000000000000000 ) ;
#62 = VECTOR ( 'NONE', #7899, 1000.000000000000000 ) ;
#63 = VECTOR ( 'NONE', #1168, 1000.000000000000000 ) ;
#64 = VERTEX_POINT ( 'NONE', #3118 ) ;
#65 = CARTESIAN_POINT ( 'NONE',  ( -24.73795827287274207, -18.78918360359508810, 17.50000000000000000 ) ) ;
#66 = ORIENTED_EDGE ( 'NONE', *, *, #3802, .F. ) ;
#67 = ORIENTED_EDGE ( 'NONE', *, *, #6561, .F. ) ;
#68 = VECTOR ( 'NONE', #4124, 1000.000000000000000 ) ;
#69 = EDGE_CURVE ( 'NONE', #2781, #1576, #3544, .T. ) ;
#70 = DIRECTION ( 'NONE',  ( -0.000000000000000000, -0.000000000000000000, -1.000000000000000000 ) ) ;
#71 = EDGE_CURVE ( 'NONE', #3475, #4917, #4765, .T. ) ;
#72 = CARTESIAN_POINT ( 'NONE',  ( -31.96172981786827449, -1.564553306726928383, 17.50000000000000000 ) ) ;
#73 = VECTOR ( 'NONE', #3760, 1000.000000000000000 ) ;
#74 = DIRECTION ( 'NONE',  ( 1.000000000000000000, 0.000000000000000000, 0.000000000000000000 ) ) ;
#75 = VERTEX_POINT ( 'NONE', #2413 ) ;
#76 = VECTOR ( 'NONE', #6234, 1000.000000000000114 ) ;
#77 = DIRECTION ( 'NONE',  ( -0.000000000000000000, -0.000000000000000000, -1.000000000000000000 ) ) ;
#78 = DIRECTION ( 'NONE',  ( -1.000000000000000000, 0.000000000000000000, 0.000000000000000000 ) ) ;
#79 = DIRECTION ( 'NONE',  ( -0.000000000000000000, -0.000000000000000000, 1.000000000000000000 ) ) ;
#80 = AXIS2_PLACEMENT_3D ( 'NONE', #7773, #2211, #7201 ) ;
#81 = DIRECTION ( 'NONE',  ( 0.000000000000000000, 0.000000000000000000, 1.000000000000000000 ) ) ;
#82 = DIRECTION ( 'NONE',  ( 0.000000000000000000, 0.000000000000000000, 1.000000000000000000 ) ) ;
#83 = ORIENTED_EDGE ( 'NONE', *, *, #7943, .T. ) ;
#84 = VERTEX_POINT ( 'NONE', #7529 ) ;
#85 = VECTOR ( 'NONE', #5703, 1000.000000000000000 ) ;
#86 = CIRCLE ( 'NONE', #351, 2.499999999999996891 ) ;
#87 = ORIENTED_EDGE ( 'NONE', *, *, #3238, .F. ) ;
#88 = CARTESIAN_POINT ( 'NONE',  ( 17.90173158932981323, -24.15632435002459744, -17.50000000000000000 ) ) ;
#89 = VERTEX_POINT ( 'NONE', #8058 ) ;
#90 = FACE_OUTER_BOUND ( 'NONE', #3882, .T. ) ;
#91 = AXIS2_PLACEMENT_3D ( 'NONE', #5364, #7874, #412 ) ;
#92 = DIRECTION ( 'NONE',  ( -0.000000000000000000, -0.000000000000000000, 1.000000000000000000 ) ) ;
#93 = EDGE_CURVE ( 'NONE', #5882, #5241, #5812, .T. ) ;
#94 = FACE_OUTER_BOUND ( 'NONE', #393, .T. ) ;
#95 = CIRCLE ( 'NONE', #4704, 0.9999999999999974465 ) ;
#96 = CARTESIAN_POINT ( 'NONE',  ( 9.693202235698212377, -29.46254962520819021, -17.50000000000000000 ) ) ;
#97 = FACE_OUTER_BOUND ( 'NONE', #3477, .T. ) ;
#98 = VERTEX_POINT ( 'NONE', #6055 ) ;
#99 = CARTESIAN_POINT ( 'NONE',  ( -30.79350594397393337, 11.86423160927171949, 17.50000000000000000 ) ) ;
#100 = CARTESIAN_POINT ( 'NONE',  ( 14.53671745800597570, 26.31888761984640368, -17.50000000000000000 ) ) ;
#101 = EDGE_CURVE ( 'NONE', #3532, #2676, #2455, .T. ) ;
#102 = CARTESIAN_POINT ( 'NONE',  ( 18.90681781824565988, 25.72026904967498240, -17.50000000000000000 ) ) ;
#103 = CONICAL_SURFACE ( 'NONE', #1682, 2.499999999999996891, 1.029744258676653645 ) ;
#104 = VERTEX_POINT ( 'NONE', #7444 ) ;
#105 = EDGE_CURVE ( 'NONE', #1230, #626, #5423, .T. ) ;
#106 = AXIS2_PLACEMENT_3D ( 'NONE', #4479, #7003, #1346 ) ;
#107 = DIRECTION ( 'NONE',  ( -1.000000000000000000, 0.000000000000000000, 0.000000000000000000 ) ) ;
#108 = ORIENTED_EDGE ( 'NONE', *, *, #3586, .T. ) ;
#109 = EDGE_LOOP ( 'NONE', ( #3007, #3652, #4092, #711 ) ) ;
#110 = DIRECTION ( 'NONE',  ( -0.000000000000000000, -0.000000000000000000, 1.000000000000000000 ) ) ;
#111 = CARTESIAN_POINT ( 'NONE',  ( -15.00000000000000000, 1.836970198721029589E-15, -40.00000000000000000 ) ) ;
#112 = ORIENTED_EDGE ( 'NONE', *, *, #4729, .F. ) ;
#113 = ORIENTED_EDGE ( 'NONE', *, *, #238, .F. ) ;
#114 = DIRECTION ( 'NONE',  ( 0.000000000000000000, 0.000000000000000000, 1.000000000000000000 ) ) ;
#115 = CARTESIAN_POINT ( 'NONE',  ( -15.75825214724778789, 13.25825214724773993, -28.00000000000000000 ) ) ;
#116 = CARTESIAN_POINT ( 'NONE',  ( 0.000000000000000000, 0.000000000000000000, 17.50000000000000000 ) ) ;
#117 = DIRECTION ( 'NONE',  ( 0.9594929736144953702, -0.2817325568414366099, 0.000000000000000000 ) ) ;
#118 = DIRECTION ( 'NONE',  ( 1.000000000000000000, 0.000000000000000000, 0.000000000000000000 ) ) ;
#119 = VERTEX_POINT ( 'NONE', #563 ) ;
#120 = ORIENTED_EDGE ( 'NONE', *, *, #2021, .F. ) ;
#121 = EDGE_CURVE ( 'NONE', #1051, #4722, #1863, .T. ) ;
#122 = ORIENTED_EDGE ( 'NONE', *, *, #6682, .F. ) ;
#123 = CARTESIAN_POINT ( 'NONE',  ( 31.25015562650196443, 6.513660516131398737, 17.50000000000000000 ) ) ;
#124 = ORIENTED_EDGE ( 'NONE', *, *, #5041, .T. ) ;
#125 = DIRECTION ( 'NONE',  ( 1.000000000000000000, 0.000000000000000000, 0.000000000000000000 ) ) ;
#126 = FACE_OUTER_BOUND ( 'NONE', #5781, .T. ) ;
#127 = DIRECTION ( 'NONE',  ( 1.000000000000000000, 0.000000000000000000, 0.000000000000000000 ) ) ;
#128 = ORIENTED_EDGE ( 'NONE', *, *, #1129, .F. ) ;
#129 =( NAMED_UNIT ( * ) PLANE_ANGLE_UNIT ( ) SI_UNIT ( $, .RADIAN. ) );
#130 = DIRECTION ( 'NONE',  ( -0.6548607339452731102, 0.7557495743542684830, -0.000000000000000000 ) ) ;
#131 = ORIENTED_EDGE ( 'NONE', *, *, #4958, .F. ) ;
#132 = CARTESIAN_POINT ( 'NONE',  ( 14.70055015408878951, -28.42347313695356092, -17.50000000000000000 ) ) ;
#133 = LINE ( 'NONE', #5665, #5455 ) ;
#134 = DIRECTION ( 'NONE',  ( 0.7557495743542650413, 0.6548607339452773290, 0.000000000000000000 ) ) ;
#135 = ADVANCED_FACE ( 'NONE', ( #647, #3157, #8095, #5672, #29, #2535 ), #6324, .T. ) ;
#136 = DIRECTION ( 'NONE',  ( -0.000000000000000000, -0.000000000000000000, -1.000000000000000000 ) ) ;
#137 = EDGE_CURVE ( 'NONE', #4593, #4224, #7909, .T. ) ;
#138 = LINE ( 'NONE', #4630, #7216 ) ;
#139 = EDGE_LOOP ( 'NONE', ( #6342, #395, #645, #1812 ) ) ;
#140 = VECTOR ( 'NONE', #2243, 1000.000000000000000 ) ;
#141 = EDGE_LOOP ( 'NONE', ( #2089, #3665, #8073, #4455 ) ) ;
#142 = CARTESIAN_POINT ( 'NONE',  ( 29.55232841815478650, 5.259266590078988557, 17.50000000000000000 ) ) ;
#143 = CYLINDRICAL_SURFACE ( 'NONE', #7324, 0.9999999999999991118 ) ;
#144 = EDGE_CURVE ( 'NONE', #7715, #8129, #7657, .T. ) ;
#145 = VECTOR ( 'NONE', #349, 1000.000000000000114 ) ;
#146 = EDGE_LOOP ( 'NONE', ( #4037, #7380, #6357, #2632 ) ) ;
#147 = EDGE_LOOP ( 'NONE', ( #5862, #1030, #1554, #6465 ) ) ;
#148 = CIRCLE ( 'NONE', #3708, 1.000000000000000000 ) ;
#149 = CARTESIAN_POINT ( 'NONE',  ( 20.36519858079798340, 25.96649161447623300, 17.50000000000000000 ) ) ;
#150 = LINE ( 'NONE', #6673, #7562 ) ;
#151 = AXIS2_PLACEMENT_3D ( 'NONE', #2300, #3419, #6631 ) ;
#152 = CARTESIAN_POINT ( 'NONE',  ( -13.25825214724778967, -13.25825214724773993, -40.00000000000000000 ) ) ;
#153 = CARTESIAN_POINT ( 'NONE',  ( -11.19906991447244415, -31.04159842937793812, -17.50000000000000000 ) ) ;
#154 = DIRECTION ( 'NONE',  ( -0.000000000000000000, -0.000000000000000000, -1.000000000000000000 ) ) ;
#155 = ORIENTED_EDGE ( 'NONE', *, *, #3653, .T. ) ;
#156 = VECTOR ( 'NONE', #5450, 1000.000000000000000 ) ;
#157 = ORIENTED_EDGE ( 'NONE', *, *, #2136, .T. ) ;
#158 = ORIENTED_EDGE ( 'NONE', *, *, #5165, .T. ) ;
#159 = DIRECTION ( 'NONE',  ( -0.000000000000000000, -0.000000000000000000, 1.000000000000000000 ) ) ;
#160 = VERTEX_POINT ( 'NONE', #5534 ) ;
#161 = DIRECTION ( 'NONE',  ( -1.000000000000000000, 0.000000000000000000, 0.000000000000000000 ) ) ;
#162 = ADVANCED_FACE ( 'NONE', ( #6227 ), #7389, .T. ) ;
#163 = ADVANCED_FACE ( 'NONE', ( #3715 ), #1814, .T. ) ;
#164 = DIRECTION ( 'NONE',  ( 1.000000000000000000, 0.000000000000000000, 0.000000000000000000 ) ) ;
#165 = DIRECTION ( 'NONE',  ( 1.000000000000000000, -3.469446951953611033E-15, 0.000000000000000000 ) ) ;
#166 = ORIENTED_EDGE ( 'NONE', *, *, #535, .T. ) ;
#167 = FILL_AREA_STYLE ('',( #2024 ) ) ;
#168 = VERTEX_POINT ( 'NONE', #3055 ) ;
#169 = DIRECTION ( 'NONE',  ( 1.000000000000000000, 0.000000000000000000, 0.000000000000000000 ) ) ;
#170 = ORIENTED_EDGE ( 'NONE', *, *, #888, .T. ) ;
#171 = EDGE_LOOP ( 'NONE', ( #5693, #5399, #7173, #5120 ) ) ;
#172 = CARTESIAN_POINT ( 'NONE',  ( 14.70055015408980026, 28.42347313695304578, -17.50000000000000000 ) ) ;
#173 = CARTESIAN_POINT ( 'NONE',  ( 27.73377950337953379, 15.96362973943977970, -17.50000000000000000 ) ) ;
#174 = CARTESIAN_POINT ( 'NONE',  ( 30.79350594397428154, 11.86423160927086151, 17.50000000000000000 ) ) ;
#175 = LINE ( 'NONE', #4539, #6217 ) ;
#176 = AXIS2_PLACEMENT_3D ( 'NONE', #1096, #6200, #595 ) ;
#177 = LINE ( 'NONE', #5251, #3191 ) ;
#178 = ORIENTED_EDGE ( 'NONE', *, *, #5223, .T. ) ;
#179 = EDGE_CURVE ( 'NONE', #7012, #1337, #3674, .T. ) ;
#180 = EDGE_LOOP ( 'NONE', ( #4343, #5274 ) ) ;
#181 = CARTESIAN_POINT ( 'NONE',  ( 0.000000000000000000, 0.000000000000000000, -17.50000000000000000 ) ) ;
#182 = CARTESIAN_POINT ( 'NONE',  ( 7.056749793542577365, -31.13201378567307032, 17.50000000000000000 ) ) ;
#183 = AXIS2_PLACEMENT_3D ( 'NONE', #2049, #5177, #5265 ) ;
#184 = VECTOR ( 'NONE', #7152, 1000.000000000000000 ) ;
#185 = EDGE_LOOP ( 'NONE', ( #560, #4004, #3275, #2719 ) ) ;
#186 = EDGE_CURVE ( 'NONE', #5886, #1606, #1744, .T. ) ;
#187 = VERTEX_POINT ( 'NONE', #4908 ) ;
#188 = EDGE_CURVE ( 'NONE', #2861, #3082, #1697, .T. ) ;
#189 = ORIENTED_EDGE ( 'NONE', *, *, #3200, .F. ) ;
#190 = VECTOR ( 'NONE', #3470, 1000.000000000000000 ) ;
#191 = AXIS2_PLACEMENT_3D ( 'NONE', #11, #2517, #7509 ) ;
#192 = CARTESIAN_POINT ( 'NONE',  ( -30.54214986003568910, -5.401581428352458580, -17.50000000000000000 ) ) ;
#193 = CYLINDRICAL_SURFACE ( 'NONE', #3744, 1.000000000000000888 ) ;
#194 = FACE_OUTER_BOUND ( 'NONE', #4619, .T. ) ;
#195 = CARTESIAN_POINT ( 'NONE',  ( 10.37096265247130766, -28.22132409475227632, -17.50000000000000000 ) ) ;
#196 = EDGE_CURVE ( 'NONE', #869, #3655, #3093, .T. ) ;
#197 = FACE_BOUND ( 'NONE', #6533, .T. ) ;
#198 = ORIENTED_EDGE ( 'NONE', *, *, #2272, .F. ) ;
#199 = ORIENTED_EDGE ( 'NONE', *, *, #7497, .F. ) ;
#200 = AXIS2_PLACEMENT_3D ( 'NONE', #5761, #5224, #4447 ) ;
#201 = ORIENTED_EDGE ( 'NONE', *, *, #2254, .F. ) ;
#202 = DIRECTION ( 'NONE',  ( 1.000000000000000000, 0.000000000000000000, 0.000000000000000000 ) ) ;
#203 = ORIENTED_EDGE ( 'NONE', *, *, #1448, .F. ) ;
#204 = CARTESIAN_POINT ( 'NONE',  ( 31.81941497959494569, -2.554374748608763124, 17.50000000000000000 ) ) ;
#205 = CARTESIAN_POINT ( 'NONE',  ( 10.75825214724779322, -13.25825214724773993, 28.00000000000000000 ) ) ;
#206 = ADVANCED_FACE ( 'NONE', ( #540 ), #6269, .T. ) ;
#207 = VECTOR ( 'NONE', #6394, 1000.000000000000000 ) ;
#208 = LINE ( 'NONE', #5280, #7788 ) ;
#209 = ORIENTED_EDGE ( 'NONE', *, *, #4178, .F. ) ;
#210 = VECTOR ( 'NONE', #4882, 1000.000000000000000 ) ;
#211 = CARTESIAN_POINT ( 'NONE',  ( -7.361098020013765009, 32.16852865674383821, 17.50000000000000000 ) ) ;
#212 = ORIENTED_EDGE ( 'NONE', *, *, #581, .F. ) ;
#213 = DIRECTION ( 'NONE',  ( 0.5406408174555807911, -0.8412535328311919747, 0.000000000000000000 ) ) ;
#214 = VECTOR ( 'NONE', #335, 999.9999999999998863 ) ;
#215 = CIRCLE ( 'NONE', #6811, 1.000000000000000888 ) ;
#216 = VERTEX_POINT ( 'NONE', #1777 ) ;
#217 = ORIENTED_EDGE ( 'NONE', *, *, #1494, .F. ) ;
#218 = FACE_OUTER_BOUND ( 'NONE', #7774, .T. ) ;
#219 = CARTESIAN_POINT ( 'NONE',  ( 0.000000000000000000, 0.000000000000000000, 17.50000000000000000 ) ) ;
#220 = DIRECTION ( 'NONE',  ( 0.000000000000000000, -0.000000000000000000, -1.000000000000000000 ) ) ;
#221 = AXIS2_PLACEMENT_3D ( 'NONE', #2419, #4934, #7452 ) ;
#222 = DIRECTION ( 'NONE',  ( 0.5406408174556106561, 0.8412535328311727678, -0.000000000000000000 ) ) ;
#223 = DIRECTION ( 'NONE',  ( 1.000000000000000000, 0.000000000000000000, 0.000000000000000000 ) ) ;
#224 = ADVANCED_FACE ( 'NONE', ( #8120 ), #5572, .T. ) ;
#225 = DIRECTION ( 'NONE',  ( -0.000000000000000000, -0.000000000000000000, -1.000000000000000000 ) ) ;
#226 = ORIENTED_EDGE ( 'NONE', *, *, #4120, .F. ) ;
#227 = CARTESIAN_POINT ( 'NONE',  ( 0.000000000000000000, 0.000000000000000000, 17.50000000000000000 ) ) ;
#228 = EDGE_CURVE ( 'NONE', #6585, #6208, #428, .T. ) ;
#229 = ORIENTED_EDGE ( 'NONE', *, *, #51, .T. ) ;
#230 = CYLINDRICAL_SURFACE ( 'NONE', #4987, 1.000000000000000888 ) ;
#231 = DIRECTION ( 'NONE',  ( -0.000000000000000000, -0.000000000000000000, 1.000000000000000000 ) ) ;
#232 = CIRCLE ( 'NONE', #7343, 33.00000000000001421 ) ;
#233 = VECTOR ( 'NONE', #2165, 1000.000000000000000 ) ;
#234 = VERTEX_POINT ( 'NONE', #4988 ) ;
#235 = ORIENTED_EDGE ( 'NONE', *, *, #3065, .F. ) ;
#236 = ORIENTED_EDGE ( 'NONE', *, *, #6469, .T. ) ;
#237 = FACE_OUTER_BOUND ( 'NONE', #370, .T. ) ;
#238 = EDGE_CURVE ( 'NONE', #4089, #1550, #7961, .T. ) ;
#239 = LINE ( 'NONE', #3372, #1912 ) ;
#240 = CARTESIAN_POINT ( 'NONE',  ( 0.000000000000000000, 0.000000000000000000, -17.50000000000000000 ) ) ;
#241 = CARTESIAN_POINT ( 'NONE',  ( -31.81941497959495280, 2.554374748608542856, -17.50000000000000000 ) ) ;
#242 = EDGE_LOOP ( 'NONE', ( #3909, #2128, #1763, #7504 ) ) ;
#243 = ORIENTED_EDGE ( 'NONE', *, *, #3236, .F. ) ;
#244 = VECTOR ( 'NONE', #8044, 1000.000000000000114 ) ;
#245 = ORIENTED_EDGE ( 'NONE', *, *, #3492, .F. ) ;
#246 = EDGE_CURVE ( 'NONE', #7679, #6664, #6188, .T. ) ;
#247 = DIRECTION ( 'NONE',  ( 0.000000000000000000, 0.000000000000000000, 1.000000000000000000 ) ) ;
#248 = EDGE_LOOP ( 'NONE', ( #6125, #4652, #2818, #7151 ) ) ;
#249 = CARTESIAN_POINT ( 'NONE',  ( 27.78317684298792400, -13.78749739841351740, 17.50000000000000000 ) ) ;
#250 = DIRECTION ( 'NONE',  ( 0.000000000000000000, -0.000000000000000000, 1.000000000000000000 ) ) ;
#251 = DIRECTION ( 'NONE',  ( 0.9898214418809300197, -0.1423148382733041561, 0.000000000000000000 ) ) ;
#252 = AXIS2_PLACEMENT_3D ( 'NONE', #2986, #2366, #4181 ) ;
#253 = EDGE_CURVE ( 'NONE', #5977, #7001, #5030, .T. ) ;
#254 = DIRECTION ( 'NONE',  ( -0.8571673007021118895, 1.049727191138618079E-16, 0.5150380749100549327 ) ) ;
#255 = VERTEX_POINT ( 'NONE', #4286 ) ;
#256 = DIRECTION ( 'NONE',  ( 1.000000000000000000, 0.000000000000000000, 0.000000000000000000 ) ) ;
#257 = ORIENTED_EDGE ( 'NONE', *, *, #3193, .T. ) ;
#258 =( NAMED_UNIT ( * ) SI_UNIT ( $, .STERADIAN. ) SOLID_ANGLE_UNIT ( ) );
#259 = ORIENTED_EDGE ( 'NONE', *, *, #3484, .T. ) ;
#260 = DIRECTION ( 'NONE',  ( -0.000000000000000000, -0.000000000000000000, -1.000000000000000000 ) ) ;
#261 = CARTESIAN_POINT ( 'NONE',  ( -29.13184589196634633, 15.50275959068977194, -17.50000000000000000 ) ) ;
#262 = FACE_OUTER_BOUND ( 'NONE', #2025, .T. ) ;
#263 = CARTESIAN_POINT ( 'NONE',  ( 7.492483731627798349, -29.06652176527650511, -17.50000000000000000 ) ) ;
#264 = CARTESIAN_POINT ( 'NONE',  ( -1.999999999999999112, 32.93933818400121538, -17.50000000000000000 ) ) ;
#265 = DIRECTION ( 'NONE',  ( -0.000000000000000000, 0.000000000000000000, -1.000000000000000000 ) ) ;
#266 = ORIENTED_EDGE ( 'NONE', *, *, #2651, .F. ) ;
#267 = FACE_OUTER_BOUND ( 'NONE', #4848, .T. ) ;
#268 = EDGE_LOOP ( 'NONE', ( #1645, #6083, #3517, #2420 ) ) ;
#269 = LINE ( 'NONE', #2129, #3928 ) ;
#270 = DIRECTION ( 'NONE',  ( 1.000000000000000000, 0.000000000000000000, 0.000000000000000000 ) ) ;
#271 = ADVANCED_FACE ( 'NONE', ( #1166 ), #2317, .T. ) ;
#272 = ADVANCED_FACE ( 'NONE', ( #2473 ), #4833, .F. ) ;
#273 = ORIENTED_EDGE ( 'NONE', *, *, #1690, .F. ) ;
#274 = ORIENTED_EDGE ( 'NONE', *, *, #1085, .T. ) ;
#275 = VECTOR ( 'NONE', #2379, 1000.000000000000000 ) ;
#276 = VERTEX_POINT ( 'NONE', #1083 ) ;
#277 = EDGE_CURVE ( 'NONE', #7416, #7956, #6084, .T. ) ;
#278 = DIRECTION ( 'NONE',  ( 1.000000000000000000, 3.469446951953611033E-15, 0.000000000000000000 ) ) ;
#279 = CYLINDRICAL_SURFACE ( 'NONE', #3895, 1.000000000000000888 ) ;
#280 = CARTESIAN_POINT ( 'NONE',  ( 29.54214986003552923, -5.401581428353319225, -17.50000000000000000 ) ) ;
#281 = VECTOR ( 'NONE', #3720, 1000.000000000000000 ) ;
#282 = DIRECTION ( 'NONE',  ( -1.000000000000000000, 0.000000000000000000, 0.000000000000000000 ) ) ;
#283 = VECTOR ( 'NONE', #6900, 1000.000000000000000 ) ;
#284 = CARTESIAN_POINT ( 'NONE',  ( 27.78317684298841783, 13.78749739841254573, -17.50000000000000000 ) ) ;
#285 = VERTEX_POINT ( 'NONE', #3839 ) ;
#286 = VERTEX_POINT ( 'NONE', #3908 ) ;
#287 = EDGE_CURVE ( 'NONE', #3758, #4436, #5729, .T. ) ;
#288 = CIRCLE ( 'NONE', #681, 1.000000000000000888 ) ;
#289 = AXIS2_PLACEMENT_3D ( 'NONE', #7084, #5179, #818 ) ;
#290 = ORIENTED_EDGE ( 'NONE', *, *, #905, .T. ) ;
#291 = DIRECTION ( 'NONE',  ( -0.000000000000000000, -0.000000000000000000, -1.000000000000000000 ) ) ;
#292 = ORIENTED_EDGE ( 'NONE', *, *, #5133, .T. ) ;
#293 = CARTESIAN_POINT ( 'NONE',  ( 29.41001357988151810, 6.249088031959925793, -17.50000000000000000 ) ) ;
#294 = EDGE_CURVE ( 'NONE', #216, #5977, #6380, .T. ) ;
#295 = DIRECTION ( 'NONE',  ( 1.000000000000000000, 0.000000000000000000, 0.000000000000000000 ) ) ;
#296 = AXIS2_PLACEMENT_3D ( 'NONE', #1644, #2840, #5361 ) ;
#297 = CARTESIAN_POINT ( 'NONE',  ( -29.81085456838856018, 11.41546976266798552, -17.50000000000000000 ) ) ;
#298 = CARTESIAN_POINT ( 'NONE',  ( 13.25825214724778967, 13.25825214724773993, 28.00000000000000000 ) ) ;
#299 = ORIENTED_EDGE ( 'NONE', *, *, #7615, .F. ) ;
#300 = EDGE_CURVE ( 'NONE', #7207, #6303, #6309, .T. ) ;
#301 = DIRECTION ( 'NONE',  ( 0.000000000000000000, -0.000000000000000000, 1.000000000000000000 ) ) ;
#302 = ORIENTED_EDGE ( 'NONE', *, *, #5727, .T. ) ;
#303 = APPLICATION_PROTOCOL_DEFINITION ( 'draft international standard', 'automotive_design', 1998, #1476 ) ;
#304 = ORIENTED_EDGE ( 'NONE', *, *, #2481, .F. ) ;
#305 = EDGE_CURVE ( 'NONE', #2714, #6692, #666, .T. ) ;
#306 = LINE ( 'NONE', #5161, #207 ) ;
#307 = CARTESIAN_POINT ( 'NONE',  ( -23.58416934417953570, -23.08217832755529386, -17.50000000000000000 ) ) ;
#308 = DIRECTION ( 'NONE',  ( 0.000000000000000000, 0.000000000000000000, -1.000000000000000000 ) ) ;
#309 = DIRECTION ( 'NONE',  ( -0.2817325568414164039, 0.9594929736145013655, 0.000000000000000000 ) ) ;
#310 = ADVANCED_FACE ( 'NONE', ( #2062 ), #5185, .F. ) ;
#311 = CARTESIAN_POINT ( 'NONE',  ( 13.25825214724778967, 13.25825214724773993, -28.00000000000000000 ) ) ;
#312 = ORIENTED_EDGE ( 'NONE', *, *, #4688, .F. ) ;
#313 = EDGE_LOOP ( 'NONE', ( #3445, #6431, #4590, #4396 ) ) ;
#314 = CARTESIAN_POINT ( 'NONE',  ( -10.65269520931355096, -29.18081706836646916, -17.50000000000000000 ) ) ;
#315 = LINE ( 'NONE', #356, #5207 ) ;
#316 = ORIENTED_EDGE ( 'NONE', *, *, #6095, .F. ) ;
#317 = ORIENTED_EDGE ( 'NONE', *, *, #397, .F. ) ;
#318 = VERTEX_POINT ( 'NONE', #7052 ) ;
#319 = EDGE_CURVE ( 'NONE', #4512, #8, #7669, .T. ) ;
#320 = CARTESIAN_POINT ( 'NONE',  ( 0.9999999999997708500, -31.00000000000002132, -17.50000000000000000 ) ) ;
#321 = LINE ( 'NONE', #2912, #4169 ) ;
#322 = FACE_OUTER_BOUND ( 'NONE', #1183, .T. ) ;
#323 = CIRCLE ( 'NONE', #2677, 1.000000000000000888 ) ;
#324 = CARTESIAN_POINT ( 'NONE',  ( 6.097256819928071891, -31.41374634251448228, -17.50000000000000000 ) ) ;
#325 = DIRECTION ( 'NONE',  ( 0.7557495743542473887, -0.6548607339452976461, -0.000000000000000000 ) ) ;
#326 = VERTEX_POINT ( 'NONE', #824 ) ;
#327 = ORIENTED_EDGE ( 'NONE', *, *, #3864, .T. ) ;
#328 = VECTOR ( 'NONE', #7458, 1000.000000000000227 ) ;
#329 = AXIS2_PLACEMENT_3D ( 'NONE', #4909, #6941, #2432 ) ;
#330 = EDGE_CURVE ( 'NONE', #6535, #7299, #6689, .T. ) ;
#331 = ORIENTED_EDGE ( 'NONE', *, *, #538, .F. ) ;
#332 = CARTESIAN_POINT ( 'NONE',  ( 0.000000000000000000, 0.000000000000000000, -17.50000000000000000 ) ) ;
#333 = VERTEX_POINT ( 'NONE', #4491 ) ;
#334 = CARTESIAN_POINT ( 'NONE',  ( 11.19906991447155420, -31.04159842937826141, -17.50000000000000000 ) ) ;
#335 = DIRECTION ( 'NONE',  ( -0.9594929736145013655, -0.2817325568414164039, -0.000000000000000000 ) ) ;
#336 = DIRECTION ( 'NONE',  ( 1.000000000000000000, 0.000000000000000000, 0.000000000000000000 ) ) ;
#337 = AXIS2_PLACEMENT_3D ( 'NONE', #4608, #7134, #1480 ) ;
#338 = CARTESIAN_POINT ( 'NONE',  ( 0.000000000000000000, 0.000000000000000000, -18.50000000000000711 ) ) ;
#339 = ORIENTED_EDGE ( 'NONE', *, *, #888, .F. ) ;
#340 = DIRECTION ( 'NONE',  ( 1.000000000000000000, 6.938893903907222067E-15, 0.000000000000000000 ) ) ;
#341 = ORIENTED_EDGE ( 'NONE', *, *, #246, .T. ) ;
#342 = ORIENTED_EDGE ( 'NONE', *, *, #4381, .F. ) ;
#343 = CIRCLE ( 'NONE', #3500, 1.000000000000000888 ) ;
#344 = FACE_OUTER_BOUND ( 'NONE', #2376, .T. ) ;
#345 = LINE ( 'NONE', #307, #7430 ) ;
#346 = EDGE_CURVE ( 'NONE', #2251, #448, #2515, .T. ) ;
#347 = CARTESIAN_POINT ( 'NONE',  ( 10.75825214724778967, 13.25825214724773993, 40.00000000000000000 ) ) ;
#348 = AXIS2_PLACEMENT_3D ( 'NONE', #2042, #1962, #3977 ) ;
#349 = DIRECTION ( 'NONE',  ( -0.7557495743542506084, 0.6548607339452937603, -0.000000000000000000 ) ) ;
#350 = CARTESIAN_POINT ( 'NONE',  ( 0.9999999999997708500, -31.00000000000002132, -17.50000000000000000 ) ) ;
#351 = AXIS2_PLACEMENT_3D ( 'NONE', #1103, #8140, #649 ) ;
#352 = ORIENTED_EDGE ( 'NONE', *, *, #2106, .T. ) ;
#353 = ORIENTED_EDGE ( 'NONE', *, *, #7097, .F. ) ;
#354 = EDGE_CURVE ( 'NONE', #6475, #1435, #2073, .T. ) ;
#355 = DIRECTION ( 'NONE',  ( -0.000000000000000000, 0.000000000000000000, 1.000000000000000000 ) ) ;
#356 = CARTESIAN_POINT ( 'NONE',  ( 35.00000000000000711, 4.286263797015737285E-15, 20.00000000000000000 ) ) ;
#357 = VECTOR ( 'NONE', #5321, 1000.000000000000000 ) ;
#358 = AXIS2_PLACEMENT_3D ( 'NONE', #4314, #4234, #6761 ) ;
#359 = VERTEX_POINT ( 'NONE', #4456 ) ;
#360 = EDGE_CURVE ( 'NONE', #4712, #3535, #7734, .T. ) ;
#361 = ORIENTED_EDGE ( 'NONE', *, *, #5639, .F. ) ;
#362 = ORIENTED_EDGE ( 'NONE', *, *, #23, .T. ) ;
#363 = CYLINDRICAL_SURFACE ( 'NONE', #5115, 0.9999999999999974465 ) ;
#364 = CYLINDRICAL_SURFACE ( 'NONE', #454, 1.000000000000000888 ) ;
#365 = LINE ( 'NONE', #3539, #7963 ) ;
#366 = CARTESIAN_POINT ( 'NONE',  ( 32.07996081286056977, -7.737965769201331945, -17.50000000000000000 ) ) ;
#367 = DIRECTION ( 'NONE',  ( -0.000000000000000000, -0.000000000000000000, 1.000000000000000000 ) ) ;
#368 = VERTEX_POINT ( 'NONE', #48 ) ;
#369 = ORIENTED_EDGE ( 'NONE', *, *, #7472, .T. ) ;
#370 = EDGE_LOOP ( 'NONE', ( #331, #3013, #7323, #8054 ) ) ;
#371 = DIRECTION ( 'NONE',  ( -0.000000000000000000, -0.000000000000000000, -1.000000000000000000 ) ) ;
#372 = EDGE_LOOP ( 'NONE', ( #7046, #5630, #6264, #7761 ) ) ;
#373 = DIRECTION ( 'NONE',  ( 1.000000000000000000, 0.000000000000000000, 0.000000000000000000 ) ) ;
#374 = CARTESIAN_POINT ( 'NONE',  ( -22.01762649668221172, 20.40157159271307918, -17.50000000000000000 ) ) ;
#375 = CARTESIAN_POINT ( 'NONE',  ( 0.000000000000000000, 0.000000000000000000, -17.50000000000000000 ) ) ;
#376 = EDGE_CURVE ( 'NONE', #2796, #6681, #3789, .T. ) ;
#377 = CARTESIAN_POINT ( 'NONE',  ( 7.056749793543657390, 31.13201378567281097, -17.50000000000000000 ) ) ;
#378 = ORIENTED_EDGE ( 'NONE', *, *, #7287, .F. ) ;
#379 = DIRECTION ( 'NONE',  ( 0.000000000000000000, 0.000000000000000000, -1.000000000000000000 ) ) ;
#380 = VERTEX_POINT ( 'NONE', #123 ) ;
#381 = AXIS2_PLACEMENT_3D ( 'NONE', #1864, #4295, #3644 ) ;
#382 = CARTESIAN_POINT ( 'NONE',  ( 23.58416934417887489, -23.08217832755595822, 17.50000000000000000 ) ) ;
#383 = FACE_OUTER_BOUND ( 'NONE', #7522, .T. ) ;
#384 = DIRECTION ( 'NONE',  ( 1.000000000000000000, 0.000000000000000000, 0.000000000000000000 ) ) ;
#385 = VECTOR ( 'NONE', #1268, 1000.000000000000227 ) ;
#386 = DIRECTION ( 'NONE',  ( -0.000000000000000000, -0.000000000000000000, 1.000000000000000000 ) ) ;
#387 = ORIENTED_EDGE ( 'NONE', *, *, #2692, .T. ) ;
#388 = VERTEX_POINT ( 'NONE', #1356 ) ;
#389 = CARTESIAN_POINT ( 'NONE',  ( -13.25825214724778967, -13.25825214724773993, 28.00000000000000000 ) ) ;
#390 = DIRECTION ( 'NONE',  ( -0.000000000000000000, -0.000000000000000000, -1.000000000000000000 ) ) ;
#391 = EDGE_CURVE ( 'NONE', #7922, #4089, #704, .T. ) ;
#392 = ORIENTED_EDGE ( 'NONE', *, *, #2086, .T. ) ;
#393 = EDGE_LOOP ( 'NONE', ( #1609, #5270, #7878, #3851 ) ) ;
#394 = EDGE_CURVE ( 'NONE', #1176, #4091, #3394, .T. ) ;
#395 = ORIENTED_EDGE ( 'NONE', *, *, #1986, .T. ) ;
#396 = EDGE_LOOP ( 'NONE', ( #7706, #570, #7906, #226 ) ) ;
#397 = EDGE_CURVE ( 'NONE', #2839, #562, #4443, .T. ) ;
#398 = FACE_OUTER_BOUND ( 'NONE', #1479, .T. ) ;
#399 = CARTESIAN_POINT ( 'NONE',  ( -32.07996081286061241, 7.737965769201111677, -17.50000000000000000 ) ) ;
#400 = DIRECTION ( 'NONE',  ( 0.000000000000000000, 0.000000000000000000, 1.000000000000000000 ) ) ;
#401 = CARTESIAN_POINT ( 'NONE',  ( 27.36776182998654861, 14.69712939376707084, -17.50000000000000000 ) ) ;
#402 = AXIS2_PLACEMENT_3D ( 'NONE', #5914, #3122, #3923 ) ;
#403 = DIRECTION ( 'NONE',  ( 1.000000000000000000, 0.000000000000000000, 0.000000000000000000 ) ) ;
#404 = VECTOR ( 'NONE', #5564, 1000.000000000000000 ) ;
#405 = ORIENTED_EDGE ( 'NONE', *, *, #2864, .F. ) ;
#406 = AXIS2_PLACEMENT_3D ( 'NONE', #7926, #466, #6073 ) ;
#407 = DIRECTION ( 'NONE',  ( -0.000000000000000000, -0.000000000000000000, -1.000000000000000000 ) ) ;
#408 = LINE ( 'NONE', #572, #7117 ) ;
#409 = ORIENTED_EDGE ( 'NONE', *, *, #7364, .F. ) ;
#410 = DIRECTION ( 'NONE',  ( 1.000000000000000000, 0.000000000000000000, -0.000000000000000000 ) ) ;
#411 = CIRCLE ( 'NONE', #7783, 1.000000000000000888 ) ;
#412 = DIRECTION ( 'NONE',  ( -1.000000000000000000, 0.000000000000000000, 0.000000000000000000 ) ) ;
#413 = CARTESIAN_POINT ( 'NONE',  ( 32.10784078822841536, -7.503481958013412445, 17.50000000000000000 ) ) ;
#414 = DIRECTION ( 'NONE',  ( 0.6548607339452996445, 0.7557495743542456124, 0.000000000000000000 ) ) ;
#415 = CIRCLE ( 'NONE', #1733, 35.00000000000000711 ) ;
#416 = ORIENTED_EDGE ( 'NONE', *, *, #2481, .T. ) ;
#417 = LINE ( 'NONE', #1695, #5464 ) ;
#418 = VECTOR ( 'NONE', #3286, 1000.000000000000000 ) ;
#419 = VERTEX_POINT ( 'NONE', #3215 ) ;
#420 = ADVANCED_FACE ( 'NONE', ( #5810 ), #5112, .T. ) ;
#421 = EDGE_CURVE ( 'NONE', #2800, #2104, #232, .T. ) ;
#422 = DIRECTION ( 'NONE',  ( 1.000000000000000000, 0.000000000000000000, 0.000000000000000000 ) ) ;
#423 = CARTESIAN_POINT ( 'NONE',  ( 15.54180368692097503, 27.88283231949743524, -17.50000000000000000 ) ) ;
#424 = CYLINDRICAL_SURFACE ( 'NONE', #5851, 0.9999999999999974465 ) ;
#425 = FACE_OUTER_BOUND ( 'NONE', #1988, .T. ) ;
#426 = CIRCLE ( 'NONE', #7136, 1.000000000000000888 ) ;
#427 = DIRECTION ( 'NONE',  ( 0.000000000000000000, 0.000000000000000000, 1.000000000000000000 ) ) ;
#428 = CIRCLE ( 'NONE', #34, 1.000000000000000000 ) ;
#429 = CARTESIAN_POINT ( 'NONE',  ( -29.83695809470123450, 3.279623706317946752, -17.50000000000000000 ) ) ;
#430 = AXIS2_PLACEMENT_3D ( 'NONE', #1411, #2734, #840 ) ;
#431 = ORIENTED_EDGE ( 'NONE', *, *, #502, .T. ) ;
#432 = ORIENTED_EDGE ( 'NONE', *, *, #4099, .T. ) ;
#433 = DIRECTION ( 'NONE',  ( 0.000000000000000000, 0.000000000000000000, -1.000000000000000000 ) ) ;
#434 = DIRECTION ( 'NONE',  ( 0.000000000000000000, 0.000000000000000000, 1.000000000000000000 ) ) ;
#435 = ORIENTED_EDGE ( 'NONE', *, *, #4880, .F. ) ;
#436 = ORIENTED_EDGE ( 'NONE', *, *, #6355, .F. ) ;
#437 = ORIENTED_EDGE ( 'NONE', *, *, #93, .T. ) ;
#438 = ORIENTED_EDGE ( 'NONE', *, *, #571, .F. ) ;
#439 = LINE ( 'NONE', #1758, #61 ) ;
#440 = CARTESIAN_POINT ( 'NONE',  ( 19.74807135107683465, 25.17962823221937541, -17.50000000000000000 ) ) ;
#441 = FACE_OUTER_BOUND ( 'NONE', #242, .T. ) ;
#442 = ADVANCED_FACE ( 'NONE', ( #1478 ), #5939, .F. ) ;
#443 = DIRECTION ( 'NONE',  ( 0.8571673007021118895, 0.000000000000000000, 0.5150380749100549327 ) ) ;
#444 = CARTESIAN_POINT ( 'NONE',  ( -22.01762649668264871, -20.40157159271260312, -17.50000000000000000 ) ) ;
#445 = ORIENTED_EDGE ( 'NONE', *, *, #646, .F. ) ;
#446 = VECTOR ( 'NONE', #2528, 1000.000000000000000 ) ;
#447 = CARTESIAN_POINT ( 'NONE',  ( 7.097256819928071891, -31.41374634251448228, -17.50000000000000000 ) ) ;
#448 = VERTEX_POINT ( 'NONE', #1608 ) ;
#449 = CARTESIAN_POINT ( 'NONE',  ( 27.78317684298792400, -13.78749739841351740, 17.50000000000000000 ) ) ;
#450 = CARTESIAN_POINT ( 'NONE',  ( 23.58416934417968491, 23.08217832755513044, 17.50000000000000000 ) ) ;
#451 = CIRCLE ( 'NONE', #1502, 2.500000000000000444 ) ;
#452 = EDGE_CURVE ( 'NONE', #4228, #4870, #7910, .T. ) ;
#453 = DIRECTION ( 'NONE',  ( 0.8412535328311758764, -0.5406408174556056601, 0.000000000000000000 ) ) ;
#454 = AXIS2_PLACEMENT_3D ( 'NONE', #440, #4691, #4812 ) ;
#455 = CARTESIAN_POINT ( 'NONE',  ( 15.07735827546158625, 27.16014115267757489, -17.50000000000000000 ) ) ;
#456 = ORIENTED_EDGE ( 'NONE', *, *, #6682, .T. ) ;
#457 = AXIS2_PLACEMENT_3D ( 'NONE', #6153, #6695, #2933 ) ;
#458 = DIRECTION ( 'NONE',  ( 1.000000000000000000, 0.000000000000000000, 0.000000000000000000 ) ) ;
#459 = ORIENTED_EDGE ( 'NONE', *, *, #6640, .F. ) ;
#460 = DIRECTION ( 'NONE',  ( -0.000000000000000000, 0.000000000000000000, 1.000000000000000000 ) ) ;
#461 = CARTESIAN_POINT ( 'NONE',  ( 0.000000000000000000, 0.000000000000000000, -17.50000000000000000 ) ) ;
#462 = VECTOR ( 'NONE', #2913, 1000.000000000000000 ) ;
#463 = EDGE_CURVE ( 'NONE', #6235, #2852, #895, .T. ) ;
#464 = DIRECTION ( 'NONE',  ( -1.000000000000000000, 0.000000000000000000, 0.000000000000000000 ) ) ;
#465 = FACE_OUTER_BOUND ( 'NONE', #855, .T. ) ;
#466 = DIRECTION ( 'NONE',  ( -0.000000000000000000, -0.000000000000000000, -1.000000000000000000 ) ) ;
#467 = CARTESIAN_POINT ( 'NONE',  ( 22.80392022800032947, -23.85332727807587005, 17.50000000000000000 ) ) ;
#468 = VECTOR ( 'NONE', #1769, 1000.000000000000114 ) ;
#469 = VERTEX_POINT ( 'NONE', #5318 ) ;
#470 = ORIENTED_EDGE ( 'NONE', *, *, #6404, .T. ) ;
#471 = CIRCLE ( 'NONE', #2571, 1.000000000000000222 ) ;
#472 = CARTESIAN_POINT ( 'NONE',  ( -2.999999999999999556, 31.85906464414798478, -17.50000000000000000 ) ) ;
#473 = DIRECTION ( 'NONE',  ( -0.000000000000000000, -0.000000000000000000, 1.000000000000000000 ) ) ;
#474 = ORIENTED_EDGE ( 'NONE', *, *, #2507, .T. ) ;
#475 = AXIS2_PLACEMENT_3D ( 'NONE', #7680, #2203, #2158 ) ;
#476 = EDGE_CURVE ( 'NONE', #7922, #6806, #7802, .T. ) ;
#477 = ORIENTED_EDGE ( 'NONE', *, *, #7023, .F. ) ;
#478 = CIRCLE ( 'NONE', #3373, 1.000000000000000888 ) ;
#479 = ADVANCED_FACE ( 'NONE', ( #7791 ), #6597, .F. ) ;
#480 = ORIENTED_EDGE ( 'NONE', *, *, #330, .T. ) ;
#481 = VECTOR ( 'NONE', #443, 1000.000000000000000 ) ;
#482 = CIRCLE ( 'NONE', #4165, 0.9999999999999974465 ) ;
#483 = ORIENTED_EDGE ( 'NONE', *, *, #1979, .T. ) ;
#484 = CARTESIAN_POINT ( 'NONE',  ( 14.70055015408980026, 28.42347313695304578, -17.50000000000000000 ) ) ;
#485 = DIRECTION ( 'NONE',  ( 1.000000000000000000, 0.000000000000000000, 0.000000000000000000 ) ) ;
#486 = PLANE ( 'NONE',  #4484 ) ;
#487 = CARTESIAN_POINT ( 'NONE',  ( -10.75825214724779322, 13.25825214724773993, 28.00000000000000000 ) ) ;
#488 = VECTOR ( 'NONE', #3402, 1000.000000000000000 ) ;
#489 = LINE ( 'NONE', #4816, #7206 ) ;
#490 = ORIENTED_EDGE ( 'NONE', *, *, #5029, .T. ) ;
#491 = ADVANCED_FACE ( 'NONE', ( #994 ), #3056, .F. ) ;
#492 = FACE_OUTER_BOUND ( 'NONE', #3971, .T. ) ;
#493 = VERTEX_POINT ( 'NONE', #2757 ) ;
#494 = CARTESIAN_POINT ( 'NONE',  ( 30.79350594397385876, -11.86423160927194154, 17.50000000000000000 ) ) ;
#495 = CARTESIAN_POINT ( 'NONE',  ( -29.55232841815463729, 5.259266590079810122, -17.50000000000000000 ) ) ;
#496 = CARTESIAN_POINT ( 'NONE',  ( 3.093749999999756639, -32.85466041427764594, -17.50000000000000000 ) ) ;
#497 = DIRECTION ( 'NONE',  ( -0.7557495743542677058, -0.6548607339452741094, 0.000000000000000000 ) ) ;
#498 = ORIENTED_EDGE ( 'NONE', *, *, #4612, .T. ) ;
#499 = AXIS2_PLACEMENT_3D ( 'NONE', #5706, #3780, #5668 ) ;
#500 = DIRECTION ( 'NONE',  ( -1.000000000000000000, 0.000000000000000000, 0.000000000000000000 ) ) ;
#501 = ORIENTED_EDGE ( 'NONE', *, *, #1489, .T. ) ;
#502 = EDGE_CURVE ( 'NONE', #1827, #6416, #3426, .T. ) ;
#503 = VECTOR ( 'NONE', #657, 1000.000000000000000 ) ;
#504 = DIRECTION ( 'NONE',  ( -0.000000000000000000, -0.000000000000000000, -1.000000000000000000 ) ) ;
#505 = DIRECTION ( 'NONE',  ( 0.000000000000000000, 0.000000000000000000, 1.000000000000000000 ) ) ;
#506 = EDGE_CURVE ( 'NONE', #1576, #3811, #3468, .T. ) ;
#507 = CARTESIAN_POINT ( 'NONE',  ( 0.000000000000000000, 0.000000000000000000, -17.50000000000000000 ) ) ;
#508 = CARTESIAN_POINT ( 'NONE',  ( -30.79350594397393337, 11.86423160927171949, -17.50000000000000000 ) ) ;
#509 = CARTESIAN_POINT ( 'NONE',  ( -11.85421466161593607, -29.72335100146566234, 17.50000000000000000 ) ) ;
#510 = DIRECTION ( 'NONE',  ( 0.000000000000000000, 0.000000000000000000, 1.000000000000000000 ) ) ;
#511 = AXIS2_PLACEMENT_3D ( 'NONE', #1465, #3983, #6497 ) ;
#512 = CIRCLE ( 'NONE', #3809, 1.000000000000000888 ) ;
#513 = ORIENTED_EDGE ( 'NONE', *, *, #37, .F. ) ;
#514 = ORIENTED_EDGE ( 'NONE', *, *, #56, .F. ) ;
#515 = DIRECTION ( 'NONE',  ( -1.000000000000000000, 0.000000000000000000, 0.000000000000000000 ) ) ;
#516 = DIRECTION ( 'NONE',  ( -0.000000000000000000, -0.000000000000000000, -1.000000000000000000 ) ) ;
#517 = AXIS2_PLACEMENT_3D ( 'NONE', #6103, #1080, #2237 ) ;
#518 = ORIENTED_EDGE ( 'NONE', *, *, #6655, .F. ) ;
#519 = ORIENTED_EDGE ( 'NONE', *, *, #4157, .T. ) ;
#520 = ORIENTED_EDGE ( 'NONE', *, *, #3533, .F. ) ;
#521 = ORIENTED_EDGE ( 'NONE', *, *, #360, .T. ) ;
#522 = EDGE_CURVE ( 'NONE', #6765, #5886, #6020, .T. ) ;
#523 = DIRECTION ( 'NONE',  ( -0.4154150130018727238, 0.9096319953545246584, 0.000000000000000000 ) ) ;
#524 = EDGE_CURVE ( 'NONE', #1521, #4807, #7009, .T. ) ;
#525 = CARTESIAN_POINT ( 'NONE',  ( -32.88869289243835681, -2.708113702722975802, -17.50000000000000000 ) ) ;
#526 = CARTESIAN_POINT ( 'NONE',  ( 31.17084050580923105, 10.83414519754114913, -17.50000000000000000 ) ) ;
#527 = DIRECTION ( 'NONE',  ( 0.000000000000000000, 0.000000000000000000, 1.000000000000000000 ) ) ;
#528 = LINE ( 'NONE', #3042, #7336 ) ;
#529 = VERTEX_POINT ( 'NONE', #5979 ) ;
#530 = CARTESIAN_POINT ( 'NONE',  ( 31.25015562650171930, -6.513660516132482314, -17.50000000000000000 ) ) ;
#531 = ORIENTED_EDGE ( 'NONE', *, *, #6187, .F. ) ;
#532 = DIRECTION ( 'NONE',  ( 0.9898214418809302417, -0.1423148382733025741, -0.000000000000000000 ) ) ;
#533 = DIRECTION ( 'NONE',  ( 1.000000000000000000, 0.000000000000000000, 0.000000000000000000 ) ) ;
#534 = CARTESIAN_POINT ( 'NONE',  ( 32.96053387467662787, -1.613445597563077927, 17.50000000000000000 ) ) ;
#535 = EDGE_CURVE ( 'NONE', #6463, #7771, #3456, .T. ) ;
#536 = CARTESIAN_POINT ( 'NONE',  ( -29.55232841815475808, -5.259266590079183956, 17.50000000000000000 ) ) ;
#537 = ORIENTED_EDGE ( 'NONE', *, *, #3810, .T. ) ;
#538 = EDGE_CURVE ( 'NONE', #2125, #4036, #960, .T. ) ;
#539 = AXIS2_PLACEMENT_3D ( 'NONE', #2495, #839, #5637 ) ;
#540 = FACE_OUTER_BOUND ( 'NONE', #5143, .T. ) ;
#541 = CARTESIAN_POINT ( 'NONE',  ( -26.04205674597526965, 18.59600173261458167, -17.50000000000000000 ) ) ;
#542 = CARTESIAN_POINT ( 'NONE',  ( 17.60111887395420283, -25.53821870031136854, -17.50000000000000000 ) ) ;
#543 = FACE_OUTER_BOUND ( 'NONE', #5689, .T. ) ;
#544 = AXIS2_PLACEMENT_3D ( 'NONE', #509, #1862, #4418 ) ;
#545 = VECTOR ( 'NONE', #4708, 1000.000000000000000 ) ;
#546 = CARTESIAN_POINT ( 'NONE',  ( -17.06047805649932059, -24.69696516747969284, -17.50000000000000000 ) ) ;
#547 = CIRCLE ( 'NONE', #7270, 1.000000000000000888 ) ;
#548 = CARTESIAN_POINT ( 'NONE',  ( -29.83695809470130555, -3.279623706317314369, 17.50000000000000000 ) ) ;
#549 = EDGE_CURVE ( 'NONE', #6626, #562, #5960, .T. ) ;
#550 = LINE ( 'NONE', #3767, #76 ) ;
#551 = EDGE_CURVE ( 'NONE', #2669, #5818, #3850, .T. ) ;
#552 = VECTOR ( 'NONE', #4366, 1000.000000000000000 ) ;
#553 = ORIENTED_EDGE ( 'NONE', *, *, #4972, .F. ) ;
#554 = CARTESIAN_POINT ( 'NONE',  ( -28.60046011286003065, -16.46249316879747226, 17.50000000000000000 ) ) ;
#555 = DIRECTION ( 'NONE',  ( 0.000000000000000000, 0.000000000000000000, -1.000000000000000000 ) ) ;
#556 = EDGE_CURVE ( 'NONE', #6343, #529, #2397, .T. ) ;
#557 = AXIS2_PLACEMENT_3D ( 'NONE', #1499, #715, #5204 ) ;
#558 = ORIENTED_EDGE ( 'NONE', *, *, #7532, .F. ) ;
#559 = ORIENTED_EDGE ( 'NONE', *, *, #5662, .T. ) ;
#560 = ORIENTED_EDGE ( 'NONE', *, *, #6921, .F. ) ;
#561 = CARTESIAN_POINT ( 'NONE',  ( -29.02942188199370932, 11.05860141234977867, -17.50000000000000000 ) ) ;
#562 = VERTEX_POINT ( 'NONE', #2148 ) ;
#563 = CARTESIAN_POINT ( 'NONE',  ( -7.492483731628627908, -29.06652176527628839, 17.50000000000000000 ) ) ;
#564 = CARTESIAN_POINT ( 'NONE',  ( 7.361098020013544740, -32.16852865674389506, 17.50000000000000000 ) ) ;
#565 = DIRECTION ( 'NONE',  ( 0.000000000000000000, 0.000000000000000000, 1.000000000000000000 ) ) ;
#566 = CARTESIAN_POINT ( 'NONE',  ( 24.08309753892691774, -19.54493317795003549, -17.50000000000000000 ) ) ;
#567 = EDGE_CURVE ( 'NONE', #3663, #7814, #3187, .T. ) ;
#568 = CARTESIAN_POINT ( 'NONE',  ( -19.74807135107610989, 25.17962823221993673, 17.50000000000000000 ) ) ;
#569 = CARTESIAN_POINT ( 'NONE',  ( 10.89472168800163487, 30.00508355830704943, 17.50000000000000000 ) ) ;
#570 = ORIENTED_EDGE ( 'NONE', *, *, #4571, .F. ) ;
#571 = EDGE_CURVE ( 'NONE', #7266, #5039, #7749, .T. ) ;
#572 = CARTESIAN_POINT ( 'NONE',  ( 23.32734796457267379, -18.89007244400473695, 17.50000000000000000 ) ) ;
#573 = ORIENTED_EDGE ( 'NONE', *, *, #2250, .T. ) ;
#574 = CARTESIAN_POINT ( 'NONE',  ( -29.55232841815463729, 5.259266590079810122, 17.50000000000000000 ) ) ;
#575 = DIRECTION ( 'NONE',  ( 0.000000000000000000, 0.000000000000000000, 1.000000000000000000 ) ) ;
#576 = CARTESIAN_POINT ( 'NONE',  ( 0.000000000000000000, 0.000000000000000000, -17.50000000000000000 ) ) ;
#577 = FACE_OUTER_BOUND ( 'NONE', #4588, .T. ) ;
#578 = EDGE_LOOP ( 'NONE', ( #763, #1586, #7198, #3611 ) ) ;
#579 = ORIENTED_EDGE ( 'NONE', *, *, #1202, .T. ) ;
#580 = EDGE_CURVE ( 'NONE', #1288, #5001, #7132, .T. ) ;
#581 = EDGE_CURVE ( 'NONE', #4486, #5550, #3587, .T. ) ;
#582 = CARTESIAN_POINT ( 'NONE',  ( 26.04205674597515241, -18.59600173261476641, -17.50000000000000000 ) ) ;
#583 = DIRECTION ( 'NONE',  ( 1.000000000000000000, 0.000000000000000000, 0.000000000000000000 ) ) ;
#584 = CARTESIAN_POINT ( 'NONE',  ( 22.77337607103705963, 21.05643232665773468, 17.50000000000000000 ) ) ;
#585 = DIRECTION ( 'NONE',  ( 1.000000000000000000, 0.000000000000000000, 0.000000000000000000 ) ) ;
#586 = AXIS2_PLACEMENT_3D ( 'NONE', #7606, #3307, #6435 ) ;
#587 = DIRECTION ( 'NONE',  ( 1.000000000000000000, 0.000000000000000000, 0.000000000000000000 ) ) ;
#588 = DIRECTION ( 'NONE',  ( -0.000000000000000000, -0.000000000000000000, 1.000000000000000000 ) ) ;
#589 = CIRCLE ( 'NONE', #6246, 1.000000000000000888 ) ;
#590 = LINE ( 'NONE', #1296, #7055 ) ;
#591 = AXIS2_PLACEMENT_3D ( 'NONE', #1780, #1045, #5536 ) ;
#592 = ADVANCED_FACE ( 'NONE', ( #3046 ), #3295, .F. ) ;
#593 = ORIENTED_EDGE ( 'NONE', *, *, #5050, .T. ) ;
#594 = CARTESIAN_POINT ( 'NONE',  ( 7.774216288470253922, 30.02601473889074057, -17.50000000000000000 ) ) ;
#595 = DIRECTION ( 'NONE',  ( 1.000000000000000000, 0.000000000000000000, 0.000000000000000000 ) ) ;
#596 = AXIS2_PLACEMENT_3D ( 'NONE', #5855, #5114, #1436 ) ;
#597 = ORIENTED_EDGE ( 'NONE', *, *, #6708, .T. ) ;
#598 = CIRCLE ( 'NONE', #6658, 22.50000000000000355 ) ;
#599 = ORIENTED_EDGE ( 'NONE', *, *, #5613, .F. ) ;
#600 = ORIENTED_EDGE ( 'NONE', *, *, #5958, .F. ) ;
#601 = EDGE_CURVE ( 'NONE', #2023, #780, #408, .T. ) ;
#602 = DIRECTION ( 'NONE',  ( -0.000000000000000000, -0.000000000000000000, 1.000000000000000000 ) ) ;
#603 = ORIENTED_EDGE ( 'NONE', *, *, #8132, .T. ) ;
#604 = DIRECTION ( 'NONE',  ( 1.000000000000000000, 0.000000000000000000, 0.000000000000000000 ) ) ;
#605 = DIRECTION ( 'NONE',  ( 0.2817325568414430492, 0.9594929736144934829, 0.000000000000000000 ) ) ;
#606 = DIRECTION ( 'NONE',  ( 0.000000000000000000, 0.000000000000000000, 1.000000000000000000 ) ) ;
#607 = CARTESIAN_POINT ( 'NONE',  ( -32.07996081286078294, -7.737965769200430444, -17.50000000000000000 ) ) ;
#608 = VECTOR ( 'NONE', #678, 1000.000000000000114 ) ;
#609 = LINE ( 'NONE', #7986, #2850 ) ;
#610 = EDGE_CURVE ( 'NONE', #6042, #3234, #4938, .T. ) ;
#611 = AXIS2_PLACEMENT_3D ( 'NONE', #5257, #6039, #270 ) ;
#612 = CARTESIAN_POINT ( 'NONE',  ( 31.25015562650171930, -6.513660516132482314, -17.50000000000000000 ) ) ;
#613 = VERTEX_POINT ( 'NONE', #6096 ) ;
#614 = VECTOR ( 'NONE', #3785, 1000.000000000000000 ) ;
#615 = AXIS2_PLACEMENT_3D ( 'NONE', #2795, #5934, #5268 ) ;
#616 = DIRECTION ( 'NONE',  ( 1.000000000000000000, 0.000000000000000000, 0.000000000000000000 ) ) ;
#617 = VERTEX_POINT ( 'NONE', #1034 ) ;
#618 = CARTESIAN_POINT ( 'NONE',  ( 21.77337607103631711, -21.05643232665853049, 17.50000000000000000 ) ) ;
#619 = LINE ( 'NONE', #8031, #468 ) ;
#620 = VECTOR ( 'NONE', #4901, 1000.000000000000000 ) ;
#621 = CIRCLE ( 'NONE', #2721, 1.000000000000000888 ) ;
#622 = FACE_OUTER_BOUND ( 'NONE', #7503, .T. ) ;
#623 = CARTESIAN_POINT ( 'NONE',  ( 7.774216288470253922, 30.02601473889074057, -17.50000000000000000 ) ) ;
#624 = ORIENTED_EDGE ( 'NONE', *, *, #4237, .T. ) ;
#625 = ORIENTED_EDGE ( 'NONE', *, *, #394, .T. ) ;
#626 = VERTEX_POINT ( 'NONE', #447 ) ;
#627 = DIRECTION ( 'NONE',  ( -0.000000000000000000, -0.000000000000000000, 1.000000000000000000 ) ) ;
#628 = DIRECTION ( 'NONE',  ( 0.000000000000000000, 0.000000000000000000, 1.000000000000000000 ) ) ;
#629 = AXIS2_PLACEMENT_3D ( 'NONE', #6419, #5654, #5768 ) ;
#630 = ADVANCED_FACE ( 'NONE', ( #1840, #2964 ), #1110, .T. ) ;
#631 = DIRECTION ( 'NONE',  ( 0.000000000000000000, 0.000000000000000000, -1.000000000000000000 ) ) ;
#632 = DIRECTION ( 'NONE',  ( -0.6548607339452731102, 0.7557495743542684830, -0.000000000000000000 ) ) ;
#633 = CIRCLE ( 'NONE', #6553, 2.500000000000000444 ) ;
#634 = CARTESIAN_POINT ( 'NONE',  ( 23.32734796457333815, 18.89007244400392338, 17.50000000000000000 ) ) ;
#635 = CARTESIAN_POINT ( 'NONE',  ( 0.000000000000000000, 0.000000000000000000, 40.00000000000000000 ) ) ;
#636 = DIRECTION ( 'NONE',  ( -0.1423148382732752626, 0.9898214418809342385, 0.000000000000000000 ) ) ;
#637 = EDGE_CURVE ( 'NONE', #3933, #5001, #4360, .T. ) ;
#638 = ORIENTED_EDGE ( 'NONE', *, *, #1950, .F. ) ;
#639 = CARTESIAN_POINT ( 'NONE',  ( 29.97927293297451001, -2.289802264437225343, -17.50000000000000000 ) ) ;
#640 = CARTESIAN_POINT ( 'NONE',  ( -6.814723314855570813, -30.30774729573222004, 17.50000000000000000 ) ) ;
#641 = EDGE_CURVE ( 'NONE', #3364, #5418, #1195, .T. ) ;
#642 = ORIENTED_EDGE ( 'NONE', *, *, #6851, .F. ) ;
#643 = EDGE_LOOP ( 'NONE', ( #199, #7827, #3493 ) ) ;
#644 = LINE ( 'NONE', #2490, #3002 ) ;
#645 = ORIENTED_EDGE ( 'NONE', *, *, #2794, .F. ) ;
#646 = EDGE_CURVE ( 'NONE', #5629, #6303, #3703, .T. ) ;
#647 = FACE_BOUND ( 'NONE', #7255, .T. ) ;
#648 = DIRECTION ( 'NONE',  ( 1.000000000000000000, 0.000000000000000000, 0.000000000000000000 ) ) ;
#649 = DIRECTION ( 'NONE',  ( 1.000000000000000000, 0.000000000000000000, 0.000000000000000000 ) ) ;
#650 = AXIS2_PLACEMENT_3D ( 'NONE', #1783, #7554, #3062 ) ;
#651 = DIRECTION ( 'NONE',  ( 1.000000000000000000, 0.000000000000000000, 0.000000000000000000 ) ) ;
#652 = ADVANCED_FACE ( 'NONE', ( #2465 ), #7417, .F. ) ;
#653 = CARTESIAN_POINT ( 'NONE',  ( 32.96053387467668472, 1.613445597561933287, -17.50000000000000000 ) ) ;
#654 = AXIS2_PLACEMENT_3D ( 'NONE', #5709, #70, #2456 ) ;
#655 = VERTEX_POINT ( 'NONE', #3081 ) ;
#656 = EDGE_CURVE ( 'NONE', #98, #7338, #2922, .T. ) ;
#657 = DIRECTION ( 'NONE',  ( -7.672273068286434534E-15, -1.000000000000000000, -0.000000000000000000 ) ) ;
#658 = DIRECTION ( 'NONE',  ( -0.000000000000000000, -0.000000000000000000, 1.000000000000000000 ) ) ;
#659 = CARTESIAN_POINT ( 'NONE',  ( -31.25015562650176193, 6.513660516132265599, -17.50000000000000000 ) ) ;
#660 = CARTESIAN_POINT ( 'NONE',  ( 13.25825214724778967, 13.25825214724773993, 40.00000000000000000 ) ) ;
#661 = EDGE_CURVE ( 'NONE', #3234, #1288, #5006, .T. ) ;
#662 = CARTESIAN_POINT ( 'NONE',  ( -17.60111887395437336, 25.53821870031124774, 17.50000000000000000 ) ) ;
#663 = ORIENTED_EDGE ( 'NONE', *, *, #394, .F. ) ;
#664 = ORIENTED_EDGE ( 'NONE', *, *, #6733, .T. ) ;
#665 = ORIENTED_EDGE ( 'NONE', *, *, #7483, .F. ) ;
#666 = LINE ( 'NONE', #3255, #6752 ) ;
#667 = ORIENTED_EDGE ( 'NONE', *, *, #7029, .F. ) ;
#668 = DIRECTION ( 'NONE',  ( 1.000000000000000000, 0.000000000000000000, 0.000000000000000000 ) ) ;
#669 = CARTESIAN_POINT ( 'NONE',  ( 26.45812983463202173, 14.28171438076519983, -17.50000000000000000 ) ) ;
#670 = CARTESIAN_POINT ( 'NONE',  ( 30.54214986003572463, 5.401581428352257852, -17.50000000000000000 ) ) ;
#671 = CARTESIAN_POINT ( 'NONE',  ( 2.999999999999999556, 31.85906464414798478, -17.50000000000000000 ) ) ;
#672 = AXIS2_PLACEMENT_3D ( 'NONE', #1781, #6819, #4991 ) ;
#673 = CARTESIAN_POINT ( 'NONE',  ( -12.22465886979077077, 30.65220572026174040, 17.50000000000000000 ) ) ;
#674 = EDGE_CURVE ( 'NONE', #6417, #968, #1067, .T. ) ;
#675 = ADVANCED_FACE ( 'NONE', ( #6805, #1155 ), #4860, .F. ) ;
#676 = AXIS2_PLACEMENT_3D ( 'NONE', #4876, #4913, #5037 ) ;
#677 = ORIENTED_EDGE ( 'NONE', *, *, #6072, .T. ) ;
#678 = DIRECTION ( 'NONE',  ( -0.9096319953545132231, 0.4154150130018975373, -0.000000000000000000 ) ) ;
#679 = FACE_OUTER_BOUND ( 'NONE', #935, .T. ) ;
#680 = AXIS2_PLACEMENT_3D ( 'NONE', #961, #5983, #336 ) ;
#681 = AXIS2_PLACEMENT_3D ( 'NONE', #1615, #4127, #1001 ) ;
#682 = ORIENTED_EDGE ( 'NONE', *, *, #1647, .T. ) ;
#683 = VECTOR ( 'NONE', #4076, 1000.000000000000000 ) ;
#684 = LINE ( 'NONE', #1185, #2600 ) ;
#685 = VERTEX_POINT ( 'NONE', #2422 ) ;
#686 = ORIENTED_EDGE ( 'NONE', *, *, #5838, .T. ) ;
#687 = CARTESIAN_POINT ( 'NONE',  ( 19.49085778790663781, -26.62905298150124267, 17.50000000000000000 ) ) ;
#688 = FACE_OUTER_BOUND ( 'NONE', #2487, .T. ) ;
#689 = VECTOR ( 'NONE', #5233, 1000.000000000000000 ) ;
#690 = CARTESIAN_POINT ( 'NONE',  ( 30.39983502176245622, 6.391402870233194200, 17.50000000000000000 ) ) ;
#691 = VECTOR ( 'NONE', #740, 1000.000000000000000 ) ;
#692 = ORIENTED_EDGE ( 'NONE', *, *, #1031, .F. ) ;
#693 = CIRCLE ( 'NONE', #5159, 1.000000000000000888 ) ;
#694 = DIRECTION ( 'NONE',  ( -1.000000000000000000, 0.000000000000000000, 0.000000000000000000 ) ) ;
#695 = CARTESIAN_POINT ( 'NONE',  ( 10.89472168800058682, -30.00508355830742957, -17.50000000000000000 ) ) ;
#696 = ADVANCED_FACE ( 'NONE', ( #4316 ), #7379, .F. ) ;
#697 = CARTESIAN_POINT ( 'NONE',  ( 23.98220869851797232, -18.13432286965049656, -17.50000000000000000 ) ) ;
#698 = DIRECTION ( 'NONE',  ( -0.000000000000000000, -0.000000000000000000, 1.000000000000000000 ) ) ;
#699 = PLANE ( 'NONE',  #7461 ) ;
#700 = ORIENTED_EDGE ( 'NONE', *, *, #3975, .T. ) ;
#701 = ORIENTED_EDGE ( 'NONE', *, *, #5803, .F. ) ;
#702 = VERTEX_POINT ( 'NONE', #530 ) ;
#703 = EDGE_CURVE ( 'NONE', #869, #187, #5671, .T. ) ;
#704 = LINE ( 'NONE', #2554, #5226 ) ;
#705 = ORIENTED_EDGE ( 'NONE', *, *, #5283, .T. ) ;
#706 = CARTESIAN_POINT ( 'NONE',  ( 21.77337607103631711, -21.05643232665853049, -17.50000000000000000 ) ) ;
#707 = CARTESIAN_POINT ( 'NONE',  ( -13.25825214724778967, 13.25825214724773993, 40.00000000000000000 ) ) ;
#708 = CARTESIAN_POINT ( 'NONE',  ( -27.36776182998644558, -14.69712939376725380, -17.50000000000000000 ) ) ;
#709 = DIRECTION ( 'NONE',  ( 0.000000000000000000, 0.000000000000000000, 1.000000000000000000 ) ) ;
#710 = PLANE ( 'NONE',  #5199 ) ;
#711 = ORIENTED_EDGE ( 'NONE', *, *, #5642, .F. ) ;
#712 = CIRCLE ( 'NONE', #3341, 0.9999999999999991118 ) ;
#713 = FACE_OUTER_BOUND ( 'NONE', #4081, .T. ) ;
#714 = CYLINDRICAL_SURFACE ( 'NONE', #3998, 2.499999999999998668 ) ;
#715 = DIRECTION ( 'NONE',  ( -0.000000000000000000, -0.000000000000000000, -1.000000000000000000 ) ) ;
#716 = VECTOR ( 'NONE', #532, 1000.000000000000000 ) ;
#717 = ORIENTED_EDGE ( 'NONE', *, *, #6261, .F. ) ;
#718 = DIRECTION ( 'NONE',  ( 1.000000000000000000, -8.673617379884032317E-15, 0.000000000000000000 ) ) ;
#719 = ORIENTED_EDGE ( 'NONE', *, *, #6640, .T. ) ;
#720 = EDGE_LOOP ( 'NONE', ( #3034, #5067, #5750, #5130 ) ) ;
#721 = CIRCLE ( 'NONE', #4405, 1.000000000000000888 ) ;
#722 = DIRECTION ( 'NONE',  ( -0.000000000000000000, -0.000000000000000000, -1.000000000000000000 ) ) ;
#723 = DIRECTION ( 'NONE',  ( 0.000000000000000000, 0.000000000000000000, 1.000000000000000000 ) ) ;
#724 = AXIS2_PLACEMENT_3D ( 'NONE', #904, #5932, #7822 ) ;
#725 = ADVANCED_FACE ( 'NONE', ( #492 ), #3006, .F. ) ;
#726 = VERTEX_POINT ( 'NONE', #1277 ) ;
#727 = ADVANCED_FACE ( 'NONE', ( #3283 ), #5718, .T. ) ;
#728 = ORIENTED_EDGE ( 'NONE', *, *, #2384, .F. ) ;
#729 = VECTOR ( 'NONE', #130, 1000.000000000000227 ) ;
#730 = CARTESIAN_POINT ( 'NONE',  ( 30.54214986003572463, 5.401581428352257852, -17.50000000000000000 ) ) ;
#731 = FACE_OUTER_BOUND ( 'NONE', #7031, .T. ) ;
#732 = LINE ( 'NONE', #5685, #1383 ) ;
#733 = CIRCLE ( 'NONE', #1523, 1.000000000000000888 ) ;
#734 = DIRECTION ( 'NONE',  ( -0.000000000000000000, -0.000000000000000000, -1.000000000000000000 ) ) ;
#735 = LINE ( 'NONE', #5764, #6398 ) ;
#736 = VERTEX_POINT ( 'NONE', #7695 ) ;
#737 = VERTEX_POINT ( 'NONE', #3827 ) ;
#738 = CIRCLE ( 'NONE', #6010, 22.50000000000000355 ) ;
#739 = VERTEX_POINT ( 'NONE', #149 ) ;
#740 = DIRECTION ( 'NONE',  ( 0.000000000000000000, 0.000000000000000000, 1.000000000000000000 ) ) ;
#741 = EDGE_LOOP ( 'NONE', ( #6832, #6408, #910, #66 ) ) ;
#742 = CARTESIAN_POINT ( 'NONE',  ( 26.85587101928687304, -19.17712678675897209, -17.50000000000000000 ) ) ;
#743 = VECTOR ( 'NONE', #2760, 1000.000000000000000 ) ;
#744 = VECTOR ( 'NONE', #5847, 1000.000000000000000 ) ;
#745 = PLANE ( 'NONE',  #3049 ) ;
#746 = CYLINDRICAL_SURFACE ( 'NONE', #8042, 33.00000000000000711 ) ;
#747 = ORIENTED_EDGE ( 'NONE', *, *, #2939, .T. ) ;
#748 = EDGE_CURVE ( 'NONE', #3942, #45, #5176, .T. ) ;
#749 = LINE ( 'NONE', #5284, #4066 ) ;
#750 = VERTEX_POINT ( 'NONE', #3247 ) ;
#751 = LINE ( 'NONE', #834, #729 ) ;
#752 = EDGE_CURVE ( 'NONE', #655, #1099, #5507, .T. ) ;
#753 = VERTEX_POINT ( 'NONE', #6333 ) ;
#754 = DIRECTION ( 'NONE',  ( -0.000000000000000000, -0.000000000000000000, -1.000000000000000000 ) ) ;
#755 = CARTESIAN_POINT ( 'NONE',  ( 29.02942188199363827, -11.05860141234998473, 17.50000000000000000 ) ) ;
#756 = CARTESIAN_POINT ( 'NONE',  ( 7.056749793543657390, 31.13201378567281097, 17.50000000000000000 ) ) ;
#757 = CARTESIAN_POINT ( 'NONE',  ( 10.75825214724778967, 13.25825214724773993, -40.00000000000000000 ) ) ;
#758 = CARTESIAN_POINT ( 'NONE',  ( 23.32734796457267379, -18.89007244400473695, -17.50000000000000000 ) ) ;
#759 = VERTEX_POINT ( 'NONE', #7539 ) ;
#760 = ORIENTED_EDGE ( 'NONE', *, *, #7205, .T. ) ;
#761 = CYLINDRICAL_SURFACE ( 'NONE', #2097, 2.499999999999996891 ) ;
#762 = DIRECTION ( 'NONE',  ( -0.000000000000000000, -0.000000000000000000, -1.000000000000000000 ) ) ;
#763 = ORIENTED_EDGE ( 'NONE', *, *, #6733, .F. ) ;
#764 = ORIENTED_EDGE ( 'NONE', *, *, #7752, .T. ) ;
#765 = VECTOR ( 'NONE', #5350, 1000.000000000000000 ) ;
#766 = EDGE_CURVE ( 'NONE', #613, #6420, #7611, .T. ) ;
#767 = ADVANCED_FACE ( 'NONE', ( #769 ), #2585, .F. ) ;
#768 = AXIS2_PLACEMENT_3D ( 'NONE', #3162, #5056, #1309 ) ;
#769 = FACE_OUTER_BOUND ( 'NONE', #4731, .T. ) ;
#770 = CYLINDRICAL_SURFACE ( 'NONE', #2952, 1.000000000000000000 ) ;
#771 = CARTESIAN_POINT ( 'NONE',  ( 28.14919451638087722, -15.05399774408624047, -17.50000000000000000 ) ) ;
#772 = LINE ( 'NONE', #2096, #4768 ) ;
#773 = VECTOR ( 'NONE', #2618, 1000.000000000000000 ) ;
#774 = CARTESIAN_POINT ( 'NONE',  ( -28.60046011286003065, -16.46249316879747226, -17.50000000000000000 ) ) ;
#775 = ORIENTED_EDGE ( 'NONE', *, *, #7860, .F. ) ;
#776 = ORIENTED_EDGE ( 'NONE', *, *, #1562, .F. ) ;
#777 =( GEOMETRIC_REPRESENTATION_CONTEXT ( 3 ) GLOBAL_UNCERTAINTY_ASSIGNED_CONTEXT ( ( #1264 ) ) GLOBAL_UNIT_ASSIGNED_CONTEXT ( ( #6349, #129, #4574 ) ) REPRESENTATION_CONTEXT ( 'NONE', 'WORKASPACE' ) );
#778 = ORIENTED_EDGE ( 'NONE', *, *, #277, .T. ) ;
#779 = DIRECTION ( 'NONE',  ( 0.000000000000000000, 0.000000000000000000, 1.000000000000000000 ) ) ;
#780 = VERTEX_POINT ( 'NONE', #3746 ) ;
#781 = FACE_OUTER_BOUND ( 'NONE', #981, .T. ) ;
#782 = EDGE_CURVE ( 'NONE', #6681, #7366, #6162, .T. ) ;
#783 = CARTESIAN_POINT ( 'NONE',  ( 28.73377950337953379, 15.96362973943977970, 17.50000000000000000 ) ) ;
#784 = CARTESIAN_POINT ( 'NONE',  ( -18.44237240678555878, 24.99757788285565496, -17.50000000000000000 ) ) ;
#785 = VERTEX_POINT ( 'NONE', #2008 ) ;
#786 = EDGE_CURVE ( 'NONE', #3535, #4712, #7218, .T. ) ;
#787 = EDGE_LOOP ( 'NONE', ( #3305, #6671, #2900, #5340 ) ) ;
#788 = CARTESIAN_POINT ( 'NONE',  ( 15.91861180829181777, -26.61950033522253278, -17.50000000000000000 ) ) ;
#789 = EDGE_LOOP ( 'NONE', ( #3840, #6341, #6360, #6427 ) ) ;
#790 = VERTEX_POINT ( 'NONE', #1884 ) ;
#791 = CARTESIAN_POINT ( 'NONE',  ( -13.25825214724778967, -13.25825214724773993, 28.00000000000000000 ) ) ;
#792 = CARTESIAN_POINT ( 'NONE',  ( 28.61400686899173351, -11.96823340770449562, -17.50000000000000000 ) ) ;
#793 = EDGE_CURVE ( 'NONE', #2846, #333, #5643, .T. ) ;
#794 = DIRECTION ( 'NONE',  ( -0.000000000000000000, -0.000000000000000000, 1.000000000000000000 ) ) ;
#795 = AXIS2_PLACEMENT_3D ( 'NONE', #2935, #6735, #4253 ) ;
#796 = LINE ( 'NONE', #5126, #2658 ) ;
#797 = EDGE_CURVE ( 'NONE', #1556, #1463, #5762, .T. ) ;
#798 = EDGE_CURVE ( 'NONE', #1286, #3390, #4055, .T. ) ;
#799 = AXIS2_PLACEMENT_3D ( 'NONE', #6386, #5734, #127 ) ;
#800 = LINE ( 'NONE', #3556, #3978 ) ;
#801 = VERTEX_POINT ( 'NONE', #3791 ) ;
#802 = AXIS2_PLACEMENT_3D ( 'NONE', #4528, #7135, #2761 ) ;
#803 = EDGE_LOOP ( 'NONE', ( #3413, #1396, #3110 ) ) ;
#804 = EDGE_CURVE ( 'NONE', #2606, #848, #7040, .T. ) ;
#805 = CARTESIAN_POINT ( 'NONE',  ( -18.90681781824548224, -25.72026904967511740, -17.50000000000000000 ) ) ;
#806 = LINE ( 'NONE', #7076, #6267 ) ;
#807 = VECTOR ( 'NONE', #6604, 1000.000000000000000 ) ;
#808 = ORIENTED_EDGE ( 'NONE', *, *, #4262, .T. ) ;
#809 = AXIS2_PLACEMENT_3D ( 'NONE', #2426, #7499, #4981 ) ;
#810 = ORIENTED_EDGE ( 'NONE', *, *, #4079, .T. ) ;
#811 = AXIS2_PLACEMENT_3D ( 'NONE', #7482, #5007, #4437 ) ;
#812 = ORIENTED_EDGE ( 'NONE', *, *, #5175, .T. ) ;
#813 = EDGE_CURVE ( 'NONE', #8129, #7704, #38, .T. ) ;
#814 = DIRECTION ( 'NONE',  ( -0.000000000000000000, -0.000000000000000000, 1.000000000000000000 ) ) ;
#815 = CARTESIAN_POINT ( 'NONE',  ( 31.10784078822869247, 7.503481958012334196, -17.50000000000000000 ) ) ;
#816 = VECTOR ( 'NONE', #81, 1000.000000000000000 ) ;
#817 = DIRECTION ( 'NONE',  ( 0.6548607339452996445, 0.7557495743542456124, -0.000000000000000000 ) ) ;
#818 = DIRECTION ( 'NONE',  ( 1.000000000000000000, 0.000000000000000000, 0.000000000000000000 ) ) ;
#819 = LINE ( 'NONE', #7010, #1666 ) ;
#820 = ORIENTED_EDGE ( 'NONE', *, *, #5165, .F. ) ;
#821 = CIRCLE ( 'NONE', #5431, 0.9999999999999974465 ) ;
#822 = VERTEX_POINT ( 'NONE', #6369 ) ;
#823 = ORIENTED_EDGE ( 'NONE', *, *, #786, .T. ) ;
#824 = CARTESIAN_POINT ( 'NONE',  ( -13.25825214724779322, -13.25825214724773993, 26.49784845243109999 ) ) ;
#825 = ORIENTED_EDGE ( 'NONE', *, *, #2524, .T. ) ;
#826 = DIRECTION ( 'NONE',  ( -0.000000000000000000, 0.000000000000000000, -1.000000000000000000 ) ) ;
#827 = LINE ( 'NONE', #5814, #2512 ) ;
#828 = ADVANCED_FACE ( 'NONE', ( #1384 ), #5759, .F. ) ;
#829 = PLANE ( 'NONE',  #1723 ) ;
#830 = ORIENTED_EDGE ( 'NONE', *, *, #5444, .T. ) ;
#831 = LINE ( 'NONE', #6473, #1826 ) ;
#832 = EDGE_CURVE ( 'NONE', #8145, #6418, #6410, .T. ) ;
#833 = ORIENTED_EDGE ( 'NONE', *, *, #1330, .T. ) ;
#834 = CARTESIAN_POINT ( 'NONE',  ( 21.36276576273751715, 21.15732116706673338, -17.50000000000000000 ) ) ;
#835 = ORIENTED_EDGE ( 'NONE', *, *, #5035, .T. ) ;
#836 = ORIENTED_EDGE ( 'NONE', *, *, #2194, .F. ) ;
#837 = DIRECTION ( 'NONE',  ( 1.000000000000000000, 0.000000000000000000, 0.000000000000000000 ) ) ;
#838 = DIRECTION ( 'NONE',  ( 1.000000000000000000, 5.204170427930416550E-15, 0.000000000000000000 ) ) ;
#839 = DIRECTION ( 'NONE',  ( 0.000000000000000000, 0.000000000000000000, 1.000000000000000000 ) ) ;
#840 = DIRECTION ( 'NONE',  ( 1.000000000000000000, 0.000000000000000000, 0.000000000000000000 ) ) ;
#841 = CARTESIAN_POINT ( 'NONE',  ( 22.77337607103631711, -21.05643232665853049, 17.50000000000000000 ) ) ;
#842 = EDGE_CURVE ( 'NONE', #3324, #5231, #1312, .T. ) ;
#843 = AXIS2_PLACEMENT_3D ( 'NONE', #7560, #2031, #7104 ) ;
#844 = DIRECTION ( 'NONE',  ( -1.000000000000000000, 0.000000000000000000, 0.000000000000000000 ) ) ;
#845 = ORIENTED_EDGE ( 'NONE', *, *, #7408, .F. ) ;
#846 = CARTESIAN_POINT ( 'NONE',  ( 0.000000000000000000, 0.000000000000000000, -17.50000000000000000 ) ) ;
#847 = AXIS2_PLACEMENT_3D ( 'NONE', #4439, #5008, #4391 ) ;
#848 = VERTEX_POINT ( 'NONE', #944 ) ;
#849 = DIRECTION ( 'NONE',  ( -0.9898214418809303528, 0.1423148382733016859, 0.000000000000000000 ) ) ;
#850 = PLANE ( 'NONE',  #6005 ) ;
#851 = AXIS2_PLACEMENT_3D ( 'NONE', #542, #2361, #2435 ) ;
#852 = ORIENTED_EDGE ( 'NONE', *, *, #1673, .T. ) ;
#853 = ORIENTED_EDGE ( 'NONE', *, *, #5366, .T. ) ;
#854 = EDGE_CURVE ( 'NONE', #1319, #8145, #7820, .T. ) ;
#855 = EDGE_LOOP ( 'NONE', ( #4302, #5027, #2472, #521 ) ) ;
#856 = AXIS2_PLACEMENT_3D ( 'NONE', #334, #5320, #7341 ) ;
#857 = CIRCLE ( 'NONE', #6517, 1.000000000000000888 ) ;
#858 = CARTESIAN_POINT ( 'NONE',  ( -29.13184589196668739, -15.50275959068915732, -17.50000000000000000 ) ) ;
#859 = DIRECTION ( 'NONE',  ( 0.000000000000000000, 0.000000000000000000, 1.000000000000000000 ) ) ;
#860 = EDGE_CURVE ( 'NONE', #89, #5962, #4448, .T. ) ;
#861 = DIRECTION ( 'NONE',  ( -0.000000000000000000, -0.000000000000000000, -1.000000000000000000 ) ) ;
#862 = DIRECTION ( 'NONE',  ( -0.000000000000000000, 0.000000000000000000, -1.000000000000000000 ) ) ;
#863 = FACE_OUTER_BOUND ( 'NONE', #4702, .T. ) ;
#864 = ORIENTED_EDGE ( 'NONE', *, *, #752, .T. ) ;
#865 = VECTOR ( 'NONE', #2221, 1000.000000000000000 ) ;
#866 = VERTEX_POINT ( 'NONE', #5970 ) ;
#867 = EDGE_LOOP ( 'NONE', ( #7867, #2758, #2348 ) ) ;
#868 = CARTESIAN_POINT ( 'NONE',  ( -30.54214986003568910, -5.401581428352458580, -17.50000000000000000 ) ) ;
#869 = VERTEX_POINT ( 'NONE', #3937 ) ;
#870 = DIRECTION ( 'NONE',  ( -0.000000000000000000, -0.000000000000000000, -1.000000000000000000 ) ) ;
#871 = CARTESIAN_POINT ( 'NONE',  ( -1.000000000000000000, 30.00000000000000000, 17.50000000000000000 ) ) ;
#872 = DIRECTION ( 'NONE',  ( 4.426311385549866798E-16, -1.000000000000000000, 0.000000000000000000 ) ) ;
#873 = DIRECTION ( 'NONE',  ( 1.000000000000000000, 0.000000000000000000, 0.000000000000000000 ) ) ;
#874 = ORIENTED_EDGE ( 'NONE', *, *, #2039, .F. ) ;
#875 = AXIS2_PLACEMENT_3D ( 'NONE', #8131, #6787, #7973 ) ;
#876 = DIRECTION ( 'NONE',  ( -0.000000000000000000, -0.000000000000000000, 1.000000000000000000 ) ) ;
#877 = ORIENTED_EDGE ( 'NONE', *, *, #7398, .T. ) ;
#878 = CIRCLE ( 'NONE', #4293, 35.00000000000000711 ) ;
#879 = CIRCLE ( 'NONE', #6143, 22.50000000000000355 ) ;
#880 = EDGE_LOOP ( 'NONE', ( #1675, #7443, #1442, #2337 ) ) ;
#881 = EDGE_CURVE ( 'NONE', #4888, #5987, #6007, .T. ) ;
#882 = LINE ( 'NONE', #2769, #4423 ) ;
#883 = CARTESIAN_POINT ( 'NONE',  ( 27.36776182998654861, 14.69712939376707084, 17.50000000000000000 ) ) ;
#884 = CARTESIAN_POINT ( 'NONE',  ( 15.91861180829181777, -26.61950033522253278, 17.50000000000000000 ) ) ;
#885 = AXIS2_PLACEMENT_3D ( 'NONE', #264, #2122, #7149 ) ;
#886 = DIRECTION ( 'NONE',  ( 1.000000000000000000, 0.000000000000000000, 0.000000000000000000 ) ) ;
#887 = CARTESIAN_POINT ( 'NONE',  ( -22.50000000000000355, 2.755455298081545172E-15, -40.00000000000000000 ) ) ;
#888 = EDGE_CURVE ( 'NONE', #3880, #5707, #5221, .T. ) ;
#889 = DIRECTION ( 'NONE',  ( 0.000000000000000000, -0.000000000000000000, -1.000000000000000000 ) ) ;
#890 = ORIENTED_EDGE ( 'NONE', *, *, #5276, .F. ) ;
#891 = LINE ( 'NONE', #1501, #7039 ) ;
#892 = ORIENTED_EDGE ( 'NONE', *, *, #8070, .F. ) ;
#893 = DIRECTION ( 'NONE',  ( -1.000000000000000000, 0.000000000000000000, 0.000000000000000000 ) ) ;
#894 = CYLINDRICAL_SURFACE ( 'NONE', #3104, 1.000000000000000888 ) ;
#895 = CIRCLE ( 'NONE', #4561, 1.000000000000000000 ) ;
#896 = ADVANCED_FACE ( 'NONE', ( #3325 ), #6587, .T. ) ;
#897 = EDGE_LOOP ( 'NONE', ( #3412, #2471, #5439, #5679 ) ) ;
#898 = VERTEX_POINT ( 'NONE', #5310 ) ;
#899 = AXIS2_PLACEMENT_3D ( 'NONE', #2705, #7248, #2177 ) ;
#900 = ADVANCED_FACE ( 'NONE', ( #237 ), #363, .F. ) ;
#901 = VERTEX_POINT ( 'NONE', #7121 ) ;
#902 = CARTESIAN_POINT ( 'NONE',  ( -2.000000000000000000, 31.00000000000000000, -17.50000000000000000 ) ) ;
#903 = FACE_OUTER_BOUND ( 'NONE', #5509, .T. ) ;
#904 = CARTESIAN_POINT ( 'NONE',  ( -22.11289234230349976, 23.13049917874008088, -17.50000000000000000 ) ) ;
#905 = EDGE_CURVE ( 'NONE', #234, #4698, #4064, .T. ) ;
#906 = FACE_OUTER_BOUND ( 'NONE', #4532, .T. ) ;
#907 = CYLINDRICAL_SURFACE ( 'NONE', #7202, 1.000000000000000888 ) ;
#908 = VERTEX_POINT ( 'NONE', #2870 ) ;
#909 = EDGE_CURVE ( 'NONE', #4275, #359, #5391, .T. ) ;
#910 = ORIENTED_EDGE ( 'NONE', *, *, #6319, .F. ) ;
#911 = VECTOR ( 'NONE', #1584, 1000.000000000000000 ) ;
#912 = ORIENTED_EDGE ( 'NONE', *, *, #2006, .T. ) ;
#913 = DIRECTION ( 'NONE',  ( 0.000000000000000000, 0.000000000000000000, 1.000000000000000000 ) ) ;
#914 = ORIENTED_EDGE ( 'NONE', *, *, #2137, .T. ) ;
#915 = CYLINDRICAL_SURFACE ( 'NONE', #1259, 1.000000000000000888 ) ;
#916 = CARTESIAN_POINT ( 'NONE',  ( -10.37096265247149951, 28.22132409475220527, 17.50000000000000000 ) ) ;
#917 = ADVANCED_FACE ( 'NONE', ( #3370 ), #4556, .F. ) ;
#918 = DIRECTION ( 'NONE',  ( 1.000000000000000000, 0.000000000000000000, 0.000000000000000000 ) ) ;
#919 = CIRCLE ( 'NONE', #5919, 33.00000000000001421 ) ;
#920 = CYLINDRICAL_SURFACE ( 'NONE', #4232, 33.00000000000001421 ) ;
#921 = VERTEX_POINT ( 'NONE', #5264 ) ;
#922 = DIRECTION ( 'NONE',  ( 0.7557495743542472777, -0.6548607339452976461, 0.000000000000000000 ) ) ;
#923 = ORIENTED_EDGE ( 'NONE', *, *, #7828, .F. ) ;
#924 = VECTOR ( 'NONE', #7815, 1000.000000000000000 ) ;
#925 = DIRECTION ( 'NONE',  ( 0.000000000000000000, 0.000000000000000000, -1.000000000000000000 ) ) ;
#926 = VERTEX_POINT ( 'NONE', #2138 ) ;
#927 = DIRECTION ( 'NONE',  ( -0.000000000000000000, -0.000000000000000000, 1.000000000000000000 ) ) ;
#928 = CYLINDRICAL_SURFACE ( 'NONE', #1118, 35.00000000000000711 ) ;
#929 = DIRECTION ( 'NONE',  ( -1.000000000000000000, 0.000000000000000000, 0.000000000000000000 ) ) ;
#930 = DIRECTION ( 'NONE',  ( 1.000000000000000000, 0.000000000000000000, 0.000000000000000000 ) ) ;
#931 = ADVANCED_FACE ( 'NONE', ( #7081 ), #3459, .T. ) ;
#932 = EDGE_CURVE ( 'NONE', #4372, #7934, #6170, .T. ) ;
#933 = CARTESIAN_POINT ( 'NONE',  ( -35.00000000000000711, 0.000000000000000000, 20.00000000000000000 ) ) ;
#934 = LINE ( 'NONE', #1454, #156 ) ;
#935 = EDGE_LOOP ( 'NONE', ( #1785, #6551, #87, #5324 ) ) ;
#936 = EDGE_LOOP ( 'NONE', ( #7601, #178, #1002 ) ) ;
#937 = LINE ( 'NONE', #2041, #7758 ) ;
#938 = DIRECTION ( 'NONE',  ( -0.000000000000000000, 0.000000000000000000, 1.000000000000000000 ) ) ;
#939 = ORIENTED_EDGE ( 'NONE', *, *, #3722, .F. ) ;
#940 = ORIENTED_EDGE ( 'NONE', *, *, #4648, .T. ) ;
#941 = AXIS2_PLACEMENT_3D ( 'NONE', #7682, #6396, #6527 ) ;
#942 = VERTEX_POINT ( 'NONE', #902 ) ;
#943 = PRODUCT ( 'PRT-4', 'PRT-4', '', ( #1404 ) ) ;
#944 = CARTESIAN_POINT ( 'NONE',  ( 1.999999999999764189, -31.85906464414801320, -17.50000000000000000 ) ) ;
#945 = DIRECTION ( 'NONE',  ( -1.000000000000000000, 0.000000000000000000, 0.000000000000000000 ) ) ;
#946 = CARTESIAN_POINT ( 'NONE',  ( 23.11289234230415346, 23.13049917873945205, -17.50000000000000000 ) ) ;
#947 = AXIS2_PLACEMENT_3D ( 'NONE', #4613, #7137, #873 ) ;
#948 = DIRECTION ( 'NONE',  ( 1.000000000000000000, 0.000000000000000000, 0.000000000000000000 ) ) ;
#949 = VECTOR ( 'NONE', #7710, 1000.000000000000227 ) ;
#950 = DIRECTION ( 'NONE',  ( 0.000000000000000000, -0.000000000000000000, 1.000000000000000000 ) ) ;
#951 = ORIENTED_EDGE ( 'NONE', *, *, #3226, .F. ) ;
#952 = ORIENTED_EDGE ( 'NONE', *, *, #2816, .T. ) ;
#953 = EDGE_CURVE ( 'NONE', #4265, #6727, #2874, .T. ) ;
#954 = CIRCLE ( 'NONE', #5558, 1.000000000000000000 ) ;
#955 = ORIENTED_EDGE ( 'NONE', *, *, #6994, .F. ) ;
#956 = CARTESIAN_POINT ( 'NONE',  ( -13.25825214724778967, 13.25825214724773993, 28.00000000000000000 ) ) ;
#957 = ORIENTED_EDGE ( 'NONE', *, *, #3507, .F. ) ;
#958 = DIRECTION ( 'NONE',  ( -0.1423148382732694617, 0.9898214418809350157, 0.000000000000000000 ) ) ;
#959 = DIRECTION ( 'NONE',  ( 1.000000000000000000, 0.000000000000000000, 0.000000000000000000 ) ) ;
#960 = CIRCLE ( 'NONE', #4897, 1.000000000000000888 ) ;
#961 = CARTESIAN_POINT ( 'NONE',  ( 0.000000000000000000, 0.000000000000000000, 17.50000000000000000 ) ) ;
#962 = AXIS2_PLACEMENT_3D ( 'NONE', #4011, #5164, #5746 ) ;
#963 = CARTESIAN_POINT ( 'NONE',  ( -3.093750000000000888, 32.85466041427761752, 17.50000000000000000 ) ) ;
#964 = ORIENTED_EDGE ( 'NONE', *, *, #6145, .F. ) ;
#965 = DIRECTION ( 'NONE',  ( 0.2817325568414096315, -0.9594929736145033639, 0.000000000000000000 ) ) ;
#966 = ORIENTED_EDGE ( 'NONE', *, *, #1784, .F. ) ;
#967 = EDGE_CURVE ( 'NONE', #2395, #5525, #1558, .T. ) ;
#968 = VERTEX_POINT ( 'NONE', #7861 ) ;
#969 = CARTESIAN_POINT ( 'NONE',  ( 26.20361227996077957, 20.05918003013806228, 17.50000000000000000 ) ) ;
#970 = CARTESIAN_POINT ( 'NONE',  ( -28.61400686899208168, -11.96823340770368382, -17.50000000000000000 ) ) ;
#971 = LINE ( 'NONE', #3482, #5802 ) ;
#972 = EDGE_CURVE ( 'NONE', #6463, #6598, #6567, .T. ) ;
#973 = FACE_OUTER_BOUND ( 'NONE', #1322, .T. ) ;
#974 = LINE ( 'NONE', #933, #2227 ) ;
#975 = VERTEX_POINT ( 'NONE', #4113 ) ;
#976 = ORIENTED_EDGE ( 'NONE', *, *, #3864, .F. ) ;
#977 = CARTESIAN_POINT ( 'NONE',  ( 0.000000000000000000, 0.000000000000000000, 17.50000000000000000 ) ) ;
#978 = FACE_OUTER_BOUND ( 'NONE', #4595, .T. ) ;
#979 = ORIENTED_EDGE ( 'NONE', *, *, #4277, .T. ) ;
#980 = VERTEX_POINT ( 'NONE', #6628 ) ;
#981 = EDGE_LOOP ( 'NONE', ( #2388, #1775, #6442, #5020 ) ) ;
#982 = DIRECTION ( 'NONE',  ( 7.082098216879769522E-15, 1.000000000000000000, 0.000000000000000000 ) ) ;
#983 = CARTESIAN_POINT ( 'NONE',  ( -30.82677953658224013, -3.421938544590588993, -17.50000000000000000 ) ) ;
#984 = LINE ( 'NONE', #4774, #6925 ) ;
#985 = AXIS2_PLACEMENT_3D ( 'NONE', #7438, #516, #1136 ) ;
#986 = DIRECTION ( 'NONE',  ( 1.000000000000000000, 0.000000000000000000, 0.000000000000000000 ) ) ;
#987 = DIRECTION ( 'NONE',  ( 0.000000000000000000, 0.000000000000000000, 1.000000000000000000 ) ) ;
#988 = ORIENTED_EDGE ( 'NONE', *, *, #5097, .T. ) ;
#989 = ORIENTED_EDGE ( 'NONE', *, *, #1845, .F. ) ;
#990 = AXIS2_PLACEMENT_3D ( 'NONE', #5566, #1279, #2424 ) ;
#991 = CIRCLE ( 'NONE', #1249, 1.000000000000000888 ) ;
#992 = EDGE_CURVE ( 'NONE', #3242, #1392, #1024, .T. ) ;
#993 = ORIENTED_EDGE ( 'NONE', *, *, #6283, .F. ) ;
#994 = FACE_OUTER_BOUND ( 'NONE', #643, .T. ) ;
#995 = ORIENTED_EDGE ( 'NONE', *, *, #2385, .F. ) ;
#996 = CARTESIAN_POINT ( 'NONE',  ( -1.000000000000230926, -31.00000000000000000, 17.50000000000000000 ) ) ;
#997 = CARTESIAN_POINT ( 'NONE',  ( -28.11978988663920020, 10.64318639934788102, 17.50000000000000000 ) ) ;
#998 = CYLINDRICAL_SURFACE ( 'NONE', #4489, 33.00000000000000711 ) ;
#999 = CIRCLE ( 'NONE', #5725, 1.000000000000000000 ) ;
#1000 = AXIS2_PLACEMENT_3D ( 'NONE', #5700, #8127, #55 ) ;
#1001 = DIRECTION ( 'NONE',  ( 1.000000000000000000, 3.469446951953611033E-15, 0.000000000000000000 ) ) ;
#1002 = ORIENTED_EDGE ( 'NONE', *, *, #1311, .T. ) ;
#1003 = DIRECTION ( 'NONE',  ( 1.000000000000000000, 0.000000000000000000, 0.000000000000000000 ) ) ;
#1004 = ORIENTED_EDGE ( 'NONE', *, *, #1372, .T. ) ;
#1005 = ADVANCED_FACE ( 'NONE', ( #2257 ), #4772, .T. ) ;
#1006 = VECTOR ( 'NONE', #5462, 1000.000000000000000 ) ;
#1007 = LINE ( 'NONE', #382, #1365 ) ;
#1008 = CARTESIAN_POINT ( 'NONE',  ( -15.07735827546081175, 27.16014115267801543, -17.50000000000000000 ) ) ;
#1009 = EDGE_CURVE ( 'NONE', #6494, #1827, #6835, .T. ) ;
#1010 = FACE_OUTER_BOUND ( 'NONE', #3777, .T. ) ;
#1011 = CARTESIAN_POINT ( 'NONE',  ( -23.32734796457279458, 18.89007244400458418, 17.50000000000000000 ) ) ;
#1012 = EDGE_CURVE ( 'NONE', #3234, #6508, #7290, .T. ) ;
#1013 = CIRCLE ( 'NONE', #2059, 1.000000000000000000 ) ;
#1014 = VERTEX_POINT ( 'NONE', #4309 ) ;
#1015 = ORIENTED_EDGE ( 'NONE', *, *, #748, .T. ) ;
#1016 = CARTESIAN_POINT ( 'NONE',  ( 20.36519858079707390, -25.96649161447695420, 17.50000000000000000 ) ) ;
#1017 = DIRECTION ( 'NONE',  ( 1.000000000000000000, 0.000000000000000000, 0.000000000000000000 ) ) ;
#1018 = CIRCLE ( 'NONE', #358, 0.9999999999999991118 ) ;
#1019 = ORIENTED_EDGE ( 'NONE', *, *, #300, .F. ) ;
#1020 = ORIENTED_EDGE ( 'NONE', *, *, #7489, .T. ) ;
#1021 = ORIENTED_EDGE ( 'NONE', *, *, #7604, .T. ) ;
#1022 = AXIS2_PLACEMENT_3D ( 'NONE', #7590, #1940, #7089 ) ;
#1023 = EDGE_LOOP ( 'NONE', ( #1678, #597, #2228, #1238 ) ) ;
#1024 = LINE ( 'NONE', #2911, #2223 ) ;
#1025 = CARTESIAN_POINT ( 'NONE',  ( 10.65269520931271607, -29.18081706836678180, 17.50000000000000000 ) ) ;
#1026 = CARTESIAN_POINT ( 'NONE',  ( -3.000000000000236700, -31.85906464414797767, -17.50000000000000000 ) ) ;
#1027 = AXIS2_PLACEMENT_3D ( 'NONE', #3306, #5782, #1491 ) ;
#1028 = CYLINDRICAL_SURFACE ( 'NONE', #5488, 1.000000000000000888 ) ;
#1029 = CARTESIAN_POINT ( 'NONE',  ( -28.60046011285967538, 16.46249316879807267, -17.50000000000000000 ) ) ;
#1030 = ORIENTED_EDGE ( 'NONE', *, *, #1069, .T. ) ;
#1031 = EDGE_CURVE ( 'NONE', #4722, #1262, #2953, .T. ) ;
#1032 = EDGE_CURVE ( 'NONE', #2725, #2700, #2948, .T. ) ;
#1033 = DIRECTION ( 'NONE',  ( 0.000000000000000000, 0.000000000000000000, -1.000000000000000000 ) ) ;
#1034 = CARTESIAN_POINT ( 'NONE',  ( 29.55232841815478650, 5.259266590078988557, -17.50000000000000000 ) ) ;
#1035 = ORIENTED_EDGE ( 'NONE', *, *, #7501, .F. ) ;
#1036 = DIRECTION ( 'NONE',  ( -0.000000000000000000, -0.000000000000000000, -1.000000000000000000 ) ) ;
#1037 = CARTESIAN_POINT ( 'NONE',  ( 22.80392022800032947, -23.85332727807587005, -17.50000000000000000 ) ) ;
#1038 = CARTESIAN_POINT ( 'NONE',  ( 1.999999999999764189, -31.85906464414801320, -17.50000000000000000 ) ) ;
#1039 = DIRECTION ( 'NONE',  ( -0.000000000000000000, -0.000000000000000000, 1.000000000000000000 ) ) ;
#1040 = ORIENTED_EDGE ( 'NONE', *, *, #5168, .F. ) ;
#1041 = FACE_OUTER_BOUND ( 'NONE', #3188, .T. ) ;
#1042 = ORIENTED_EDGE ( 'NONE', *, *, #2264, .F. ) ;
#1043 = DIRECTION ( 'NONE',  ( -0.8571673007021118895, 0.000000000000000000, -0.5150380749100549327 ) ) ;
#1044 = AXIS2_PLACEMENT_3D ( 'NONE', #6964, #6923, #6295 ) ;
#1045 = DIRECTION ( 'NONE',  ( -0.000000000000000000, -0.000000000000000000, -1.000000000000000000 ) ) ;
#1046 = CARTESIAN_POINT ( 'NONE',  ( 15.75825214724778789, 13.25825214724773993, 28.00000000000000000 ) ) ;
#1047 = EDGE_CURVE ( 'NONE', #6102, #866, #4192, .T. ) ;
#1048 = CARTESIAN_POINT ( 'NONE',  ( 29.81085456838889058, 11.41546976266715241, -17.50000000000000000 ) ) ;
#1049 = CARTESIAN_POINT ( 'NONE',  ( -27.78317684298801638, 13.78749739841331845, -17.50000000000000000 ) ) ;
#1050 = EDGE_CURVE ( 'NONE', #4575, #6416, #451, .T. ) ;
#1051 = VERTEX_POINT ( 'NONE', #4889 ) ;
#1052 = ORIENTED_EDGE ( 'NONE', *, *, #5087, .T. ) ;
#1053 = CYLINDRICAL_SURFACE ( 'NONE', #4156, 33.00000000000001421 ) ;
#1054 = DIRECTION ( 'NONE',  ( 0.1423148382733041561, 0.9898214418809300197, -0.000000000000000000 ) ) ;
#1055 = EDGE_CURVE ( 'NONE', #7668, #7253, #4811, .T. ) ;
#1056 = ORIENTED_EDGE ( 'NONE', *, *, #3967, .T. ) ;
#1057 = VERTEX_POINT ( 'NONE', #7939 ) ;
#1058 = ORIENTED_EDGE ( 'NONE', *, *, #5830, .T. ) ;
#1059 = ADVANCED_FACE ( 'NONE', ( #2414 ), #1188, .T. ) ;
#1060 = ORIENTED_EDGE ( 'NONE', *, *, #1555, .F. ) ;
#1061 = DIRECTION ( 'NONE',  ( 1.000000000000000000, 0.000000000000000000, 0.000000000000000000 ) ) ;
#1062 = CARTESIAN_POINT ( 'NONE',  ( -13.25825214724778967, -13.25825214724773993, 28.00000000000000000 ) ) ;
#1063 = DIRECTION ( 'NONE',  ( 1.000000000000000000, 0.000000000000000000, 0.000000000000000000 ) ) ;
#1064 = DIRECTION ( 'NONE',  ( 1.000000000000000000, 0.000000000000000000, 0.000000000000000000 ) ) ;
#1065 = VECTOR ( 'NONE', #220, 1000.000000000000000 ) ;
#1066 = CARTESIAN_POINT ( 'NONE',  ( 31.10784078822842247, -7.503481958013412445, 17.50000000000000000 ) ) ;
#1067 = CIRCLE ( 'NONE', #7905, 1.000000000000000888 ) ;
#1068 = ORIENTED_EDGE ( 'NONE', *, *, #2682, .T. ) ;
#1069 = EDGE_CURVE ( 'NONE', #6578, #1093, #439, .T. ) ;
#1070 = CIRCLE ( 'NONE', #6453, 2.500000000000000444 ) ;
#1071 = DIRECTION ( 'NONE',  ( -0.000000000000000000, -0.000000000000000000, 1.000000000000000000 ) ) ;
#1072 = VERTEX_POINT ( 'NONE', #6794 ) ;
#1073 = CYLINDRICAL_SURFACE ( 'NONE', #6120, 22.50000000000000355 ) ;
#1074 = CIRCLE ( 'NONE', #802, 1.000000000000000888 ) ;
#1075 = CARTESIAN_POINT ( 'NONE',  ( -13.25825214724778967, -13.25825214724773993, 40.00000000000000000 ) ) ;
#1076 = DIRECTION ( 'NONE',  ( -0.000000000000000000, 0.000000000000000000, 1.000000000000000000 ) ) ;
#1077 = CARTESIAN_POINT ( 'NONE',  ( 7.492483731628811761, 29.06652176527624576, -17.50000000000000000 ) ) ;
#1078 = AXIS2_PLACEMENT_3D ( 'NONE', #623, #6726, #7995 ) ;
#1079 = EDGE_LOOP ( 'NONE', ( #7979, #5404, #823, #4202 ) ) ;
#1080 = DIRECTION ( 'NONE',  ( -0.000000000000000000, -0.000000000000000000, -1.000000000000000000 ) ) ;
#1081 = CIRCLE ( 'NONE', #5154, 2.500000000000000444 ) ;
#1082 = ORIENTED_EDGE ( 'NONE', *, *, #7577, .T. ) ;
#1083 = CARTESIAN_POINT ( 'NONE',  ( -29.02942188199395801, -11.05860141234916227, 17.50000000000000000 ) ) ;
#1084 = DIRECTION ( 'NONE',  ( 0.000000000000000000, 0.000000000000000000, -1.000000000000000000 ) ) ;
#1085 = EDGE_CURVE ( 'NONE', #1565, #2808, #5846, .T. ) ;
#1086 = DIRECTION ( 'NONE',  ( 0.8571673007021118895, 0.000000000000000000, 0.5150380749100549327 ) ) ;
#1087 = CARTESIAN_POINT ( 'NONE',  ( -30.54214986003568910, -5.401581428352458580, 17.50000000000000000 ) ) ;
#1088 = ADVANCED_FACE ( 'NONE', ( #3075 ), #6210, .T. ) ;
#1089 = PLANE ( 'NONE',  #3174 ) ;
#1090 = AXIS2_PLACEMENT_3D ( 'NONE', #7507, #7352, #6731 ) ;
#1091 = DIRECTION ( 'NONE',  ( 0.000000000000000000, 0.000000000000000000, 1.000000000000000000 ) ) ;
#1092 = VECTOR ( 'NONE', #7683, 1000.000000000000227 ) ;
#1093 = VERTEX_POINT ( 'NONE', #3578 ) ;
#1094 = ORIENTED_EDGE ( 'NONE', *, *, #5309, .F. ) ;
#1095 = CARTESIAN_POINT ( 'NONE',  ( 23.11289234230335055, -23.13049917874024075, 17.50000000000000000 ) ) ;
#1096 = CARTESIAN_POINT ( 'NONE',  ( 30.54214986003572463, 5.401581428352257852, -17.50000000000000000 ) ) ;
#1097 = VERTEX_POINT ( 'NONE', #5592 ) ;
#1098 = ADVANCED_FACE ( 'NONE', ( #398 ), #6171, .T. ) ;
#1099 = VERTEX_POINT ( 'NONE', #8059 ) ;
#1100 = ORIENTED_EDGE ( 'NONE', *, *, #7625, .T. ) ;
#1101 = ORIENTED_EDGE ( 'NONE', *, *, #813, .T. ) ;
#1102 = DIRECTION ( 'NONE',  ( -0.000000000000000000, -0.000000000000000000, 1.000000000000000000 ) ) ;
#1103 = CARTESIAN_POINT ( 'NONE',  ( -13.25825214724778967, -13.25825214724773993, 28.00000000000000000 ) ) ;
#1104 = DIRECTION ( 'NONE',  ( -0.000000000000000000, -0.000000000000000000, -1.000000000000000000 ) ) ;
#1105 = CARTESIAN_POINT ( 'NONE',  ( 26.04205674597579900, 18.59600173261385336, 17.50000000000000000 ) ) ;
#1106 = EDGE_CURVE ( 'NONE', #7079, #3464, #2338, .T. ) ;
#1107 = DIRECTION ( 'NONE',  ( -0.000000000000000000, -0.000000000000000000, -1.000000000000000000 ) ) ;
#1108 = ORIENTED_EDGE ( 'NONE', *, *, #5308, .F. ) ;
#1109 = CIRCLE ( 'NONE', #3212, 33.00000000000000711 ) ;
#1110 = PLANE ( 'NONE',  #2903 ) ;
#1111 = ORIENTED_EDGE ( 'NONE', *, *, #2702, .F. ) ;
#1112 = CARTESIAN_POINT ( 'NONE',  ( -24.73795827287274207, -18.78918360359508810, 17.50000000000000000 ) ) ;
#1113 = CYLINDRICAL_SURFACE ( 'NONE', #4172, 1.000000000000000888 ) ;
#1114 = FACE_OUTER_BOUND ( 'NONE', #3934, .T. ) ;
#1115 = AXIS2_PLACEMENT_3D ( 'NONE', #3828, #7082, #7696 ) ;
#1116 = DIRECTION ( 'NONE',  ( 0.000000000000000000, 0.000000000000000000, 1.000000000000000000 ) ) ;
#1117 = ORIENTED_EDGE ( 'NONE', *, *, #6482, .T. ) ;
#1118 = AXIS2_PLACEMENT_3D ( 'NONE', #5955, #2811, #8039 ) ;
#1119 = DIRECTION ( 'NONE',  ( 1.000000000000000000, 0.000000000000000000, 0.000000000000000000 ) ) ;
#1120 = ORIENTED_EDGE ( 'NONE', *, *, #1202, .F. ) ;
#1121 = CIRCLE ( 'NONE', #4672, 1.000000000000000000 ) ;
#1122 = DIRECTION ( 'NONE',  ( -0.5406408174556033286, -0.8412535328311774308, 0.000000000000000000 ) ) ;
#1123 = CARTESIAN_POINT ( 'NONE',  ( -15.75825214724778789, 13.25825214724773993, 28.00000000000000000 ) ) ;
#1124 = CONICAL_SURFACE ( 'NONE', #4534, 2.499999999999996891, 1.029744258676653645 ) ;
#1125 = DIRECTION ( 'NONE',  ( 0.000000000000000000, 0.000000000000000000, 1.000000000000000000 ) ) ;
#1126 = LINE ( 'NONE', #3764, #7000 ) ;
#1127 = DIRECTION ( 'NONE',  ( -0.000000000000000000, -0.000000000000000000, -1.000000000000000000 ) ) ;
#1128 = CYLINDRICAL_SURFACE ( 'NONE', #381, 1.000000000000000888 ) ;
#1129 = EDGE_CURVE ( 'NONE', #685, #7719, #3742, .T. ) ;
#1130 = ADVANCED_FACE ( 'NONE', ( #6837 ), #3892, .T. ) ;
#1131 = VECTOR ( 'NONE', #6521, 1000.000000000000114 ) ;
#1132 = ORIENTED_EDGE ( 'NONE', *, *, #7092, .T. ) ;
#1133 = VERTEX_POINT ( 'NONE', #6878 ) ;
#1134 = CIRCLE ( 'NONE', #4818, 1.000000000000000000 ) ;
#1135 = CYLINDRICAL_SURFACE ( 'NONE', #4865, 22.50000000000000355 ) ;
#1136 = DIRECTION ( 'NONE',  ( 1.000000000000000000, 0.000000000000000000, 0.000000000000000000 ) ) ;
#1137 = AXIS2_PLACEMENT_3D ( 'NONE', #1487, #5196, #4498 ) ;
#1138 = EDGE_LOOP ( 'NONE', ( #3798, #1201, #6633, #4998 ) ) ;
#1139 = AXIS2_PLACEMENT_3D ( 'NONE', #4383, #4502, #1257 ) ;
#1140 = EDGE_CURVE ( 'NONE', #926, #739, #3344, .T. ) ;
#1141 = ORIENTED_EDGE ( 'NONE', *, *, #6046, .F. ) ;
#1142 = AXIS2_PLACEMENT_3D ( 'NONE', #6128, #606, #2457 ) ;
#1143 = ORIENTED_EDGE ( 'NONE', *, *, #391, .F. ) ;
#1144 = AXIS2_PLACEMENT_3D ( 'NONE', #5595, #6176, #1064 ) ;
#1145 = AXIS2_PLACEMENT_3D ( 'NONE', #5893, #4077, #2752 ) ;
#1146 = VERTEX_POINT ( 'NONE', #6247 ) ;
#1147 = EDGE_CURVE ( 'NONE', #2998, #822, #1961, .T. ) ;
#1148 = CARTESIAN_POINT ( 'NONE',  ( 22.11289234230335055, -23.13049917874024075, -17.50000000000000000 ) ) ;
#1149 = CARTESIAN_POINT ( 'NONE',  ( 0.000000000000000000, 0.000000000000000000, 17.50000000000000000 ) ) ;
#1150 = CARTESIAN_POINT ( 'NONE',  ( -9.693202235698414881, 29.46254962520812271, -17.50000000000000000 ) ) ;
#1151 = CARTESIAN_POINT ( 'NONE',  ( 29.83695809470120963, -3.279623706318153253, 17.50000000000000000 ) ) ;
#1152 = ADVANCED_FACE ( 'NONE', ( #6961 ), #5635, .T. ) ;
#1153 = CARTESIAN_POINT ( 'NONE',  ( -2.000000000000236700, -31.85906464414798478, 17.50000000000000000 ) ) ;
#1154 = ORIENTED_EDGE ( 'NONE', *, *, #7661, .F. ) ;
#1155 = FACE_OUTER_BOUND ( 'NONE', #5854, .T. ) ;
#1156 = ORIENTED_EDGE ( 'NONE', *, *, #3915, .F. ) ;
#1157 = CYLINDRICAL_SURFACE ( 'NONE', #4276, 1.000000000000000888 ) ;
#1158 = FACE_OUTER_BOUND ( 'NONE', #3834, .T. ) ;
#1159 = DIRECTION ( 'NONE',  ( -0.7557495743542677058, -0.6548607339452741094, 0.000000000000000000 ) ) ;
#1160 = EDGE_CURVE ( 'NONE', #4432, #2753, #4395, .T. ) ;
#1161 = DIRECTION ( 'NONE',  ( -0.000000000000000000, -0.000000000000000000, 1.000000000000000000 ) ) ;
#1162 = ORIENTED_EDGE ( 'NONE', *, *, #294, .F. ) ;
#1163 = CIRCLE ( 'NONE', #6285, 1.000000000000000888 ) ;
#1164 = AXIS2_PLACEMENT_3D ( 'NONE', #5101, #3204, #2662 ) ;
#1165 = EDGE_CURVE ( 'NONE', #3542, #3733, #2365, .T. ) ;
#1166 = FACE_OUTER_BOUND ( 'NONE', #2004, .T. ) ;
#1167 = CARTESIAN_POINT ( 'NONE',  ( 0.000000000000000000, 0.000000000000000000, 17.50000000000000000 ) ) ;
#1168 = DIRECTION ( 'NONE',  ( -0.000000000000000000, -0.000000000000000000, -1.000000000000000000 ) ) ;
#1169 = DIRECTION ( 'NONE',  ( 1.000000000000000000, 0.000000000000000000, 0.000000000000000000 ) ) ;
#1170 = CARTESIAN_POINT ( 'NONE',  ( 15.54180368692097503, 27.88283231949743524, 17.50000000000000000 ) ) ;
#1171 = FACE_OUTER_BOUND ( 'NONE', #1564, .T. ) ;
#1172 = AXIS2_PLACEMENT_3D ( 'NONE', #4641, #7161, #7209 ) ;
#1173 = DIRECTION ( 'NONE',  ( 0.4154150130018777753, -0.9096319953545222159, 0.000000000000000000 ) ) ;
#1174 = ADVANCED_FACE ( 'NONE', ( #7616 ), #761, .F. ) ;
#1175 = VECTOR ( 'NONE', #6947, 1000.000000000000114 ) ;
#1176 = VERTEX_POINT ( 'NONE', #7530 ) ;
#1177 = ORIENTED_EDGE ( 'NONE', *, *, #1438, .F. ) ;
#1178 = CARTESIAN_POINT ( 'NONE',  ( 23.58416934417968491, 23.08217832755513044, -17.50000000000000000 ) ) ;
#1179 = CARTESIAN_POINT ( 'NONE',  ( 1.999999999999755973, -32.93933818400124380, -17.50000000000000000 ) ) ;
#1180 = EDGE_CURVE ( 'NONE', #7648, #4935, #1878, .T. ) ;
#1181 = VECTOR ( 'NONE', #2640, 1000.000000000000000 ) ;
#1182 = ORIENTED_EDGE ( 'NONE', *, *, #3562, .T. ) ;
#1183 = EDGE_LOOP ( 'NONE', ( #874, #4387, #3534, #3729 ) ) ;
#1184 = ORIENTED_EDGE ( 'NONE', *, *, #5017, .F. ) ;
#1185 = CARTESIAN_POINT ( 'NONE',  ( -3.093750000000245137, -32.85466041427760331, -17.50000000000000000 ) ) ;
#1186 = VERTEX_POINT ( 'NONE', #3783 ) ;
#1187 = CARTESIAN_POINT ( 'NONE',  ( 26.45812983463202173, 14.28171438076519983, 17.50000000000000000 ) ) ;
#1188 = PLANE ( 'NONE',  #7166 ) ;
#1189 = FACE_OUTER_BOUND ( 'NONE', #1222, .T. ) ;
#1190 = CARTESIAN_POINT ( 'NONE',  ( -15.75825214724778789, 13.25825214724773993, -28.00000000000000000 ) ) ;
#1191 = ADVANCED_FACE ( 'NONE', ( #6292 ), #1377, .F. ) ;
#1192 = DIRECTION ( 'NONE',  ( -0.000000000000000000, -0.000000000000000000, -1.000000000000000000 ) ) ;
#1193 = CARTESIAN_POINT ( 'NONE',  ( 30.54214986003552923, -5.401581428353319225, 17.50000000000000000 ) ) ;
#1194 = EDGE_LOOP ( 'NONE', ( #5429, #6986, #7048, #5234 ) ) ;
#1195 = LINE ( 'NONE', #4976, #3949 ) ;
#1196 = ORIENTED_EDGE ( 'NONE', *, *, #7377, .T. ) ;
#1197 = CARTESIAN_POINT ( 'NONE',  ( -17.60111887395492403, -25.53821870031087116, -17.50000000000000000 ) ) ;
#1198 = DIRECTION ( 'NONE',  ( -1.000000000000000000, 0.000000000000000000, 0.000000000000000000 ) ) ;
#1199 = DIRECTION ( 'NONE',  ( 0.000000000000000000, 0.000000000000000000, -1.000000000000000000 ) ) ;
#1200 = CARTESIAN_POINT ( 'NONE',  ( -10.65269520931291680, 29.18081706836670719, 17.50000000000000000 ) ) ;
#1201 = ORIENTED_EDGE ( 'NONE', *, *, #6035, .T. ) ;
#1202 = EDGE_CURVE ( 'NONE', #7366, #3868, #2536, .T. ) ;
#1203 = DIRECTION ( 'NONE',  ( -0.000000000000000000, -0.000000000000000000, 1.000000000000000000 ) ) ;
#1204 = CYLINDRICAL_SURFACE ( 'NONE', #4408, 33.00000000000001421 ) ;
#1205 = LINE ( 'NONE', #4252, #4142 ) ;
#1206 = DIRECTION ( 'NONE',  ( 0.6548607339452777731, -0.7557495743542645972, -0.000000000000000000 ) ) ;
#1207 = CIRCLE ( 'NONE', #2260, 1.000000000000000888 ) ;
#1208 = AXIS2_PLACEMENT_3D ( 'NONE', #5773, #1481, #4611 ) ;
#1209 = DIRECTION ( 'NONE',  ( 1.000000000000000000, 0.000000000000000000, 0.000000000000000000 ) ) ;
#1210 = ADVANCED_FACE ( 'NONE', ( #5051 ), #7570, .T. ) ;
#1211 = AXIS2_PLACEMENT_3D ( 'NONE', #8138, #6209, #2492 ) ;
#1212 = CARTESIAN_POINT ( 'NONE',  ( 12.22465886979056116, -30.65220572026183277, 17.50000000000000000 ) ) ;
#1213 = DIRECTION ( 'NONE',  ( -0.000000000000000000, -0.000000000000000000, -1.000000000000000000 ) ) ;
#1214 = AXIS2_PLACEMENT_3D ( 'NONE', #5605, #3795, #6931 ) ;
#1215 = EDGE_CURVE ( 'NONE', #6166, #75, #3278, .T. ) ;
#1216 = ORIENTED_EDGE ( 'NONE', *, *, #2816, .F. ) ;
#1217 = LINE ( 'NONE', #3066, #1659 ) ;
#1218 = CARTESIAN_POINT ( 'NONE',  ( -27.36776182998611873, 14.69712939376783467, 17.50000000000000000 ) ) ;
#1219 = CIRCLE ( 'NONE', #3058, 1.000000000000000888 ) ;
#1220 = ORIENTED_EDGE ( 'NONE', *, *, #7329, .T. ) ;
#1221 = ORIENTED_EDGE ( 'NONE', *, *, #1994, .F. ) ;
#1222 = EDGE_LOOP ( 'NONE', ( #5209, #2591, #6544, #6043 ) ) ;
#1223 = DIRECTION ( 'NONE',  ( -0.000000000000000000, -0.000000000000000000, 1.000000000000000000 ) ) ;
#1224 = VERTEX_POINT ( 'NONE', #8097 ) ;
#1225 = DIRECTION ( 'NONE',  ( 0.5406408174555902280, -0.8412535328311858684, 0.000000000000000000 ) ) ;
#1226 = CARTESIAN_POINT ( 'NONE',  ( 7.361098020014663845, 32.16852865674363926, -17.50000000000000000 ) ) ;
#1227 = CARTESIAN_POINT ( 'NONE',  ( 24.73795827287288063, 18.78918360359493178, 17.50000000000000000 ) ) ;
#1228 = DIRECTION ( 'NONE',  ( -0.000000000000000000, -0.000000000000000000, -1.000000000000000000 ) ) ;
#1229 = DIRECTION ( 'NONE',  ( -0.000000000000000000, 0.000000000000000000, -1.000000000000000000 ) ) ;
#1230 = VERTEX_POINT ( 'NONE', #3198 ) ;
#1231 = EDGE_CURVE ( 'NONE', #84, #216, #3152, .T. ) ;
#1232 = DIRECTION ( 'NONE',  ( 0.6548607339452773290, -0.7557495743542649302, 0.000000000000000000 ) ) ;
#1233 = ORIENTED_EDGE ( 'NONE', *, *, #7907, .F. ) ;
#1234 = DIRECTION ( 'NONE',  ( 4.426311385549866305E-16, -1.000000000000000000, 0.000000000000000000 ) ) ;
#1235 = CARTESIAN_POINT ( 'NONE',  ( 22.50000000000000355, 0.000000000000000000, -40.00000000000000000 ) ) ;
#1236 = LINE ( 'NONE', #6301, #6614 ) ;
#1237 = DIRECTION ( 'NONE',  ( 1.000000000000000000, 0.000000000000000000, 0.000000000000000000 ) ) ;
#1238 = ORIENTED_EDGE ( 'NONE', *, *, #3450, .T. ) ;
#1239 = ORIENTED_EDGE ( 'NONE', *, *, #1032, .T. ) ;
#1240 = EDGE_CURVE ( 'NONE', #6785, #3920, #7368, .T. ) ;
#1241 = VECTOR ( 'NONE', #6353, 1000.000000000000000 ) ;
#1242 = VECTOR ( 'NONE', #2493, 1000.000000000000114 ) ;
#1243 = ORIENTED_EDGE ( 'NONE', *, *, #3087, .T. ) ;
#1244 = CARTESIAN_POINT ( 'NONE',  ( -17.90173158932996955, 24.15632435002447309, 17.50000000000000000 ) ) ;
#1245 = CYLINDRICAL_SURFACE ( 'NONE', #3095, 1.000000000000000888 ) ;
#1246 = VECTOR ( 'NONE', #859, 1000.000000000000000 ) ;
#1247 = DIRECTION ( 'NONE',  ( -1.000000000000000000, 0.000000000000000000, 0.000000000000000000 ) ) ;
#1248 = DIRECTION ( 'NONE',  ( -0.000000000000000000, -0.000000000000000000, -1.000000000000000000 ) ) ;
#1249 = AXIS2_PLACEMENT_3D ( 'NONE', #4835, #1660, #2320 ) ;
#1250 = CARTESIAN_POINT ( 'NONE',  ( 14.70055015408980026, 28.42347313695304578, -17.50000000000000000 ) ) ;
#1251 = DIRECTION ( 'NONE',  ( 0.000000000000000000, 0.000000000000000000, 1.000000000000000000 ) ) ;
#1252 = EDGE_CURVE ( 'NONE', #6598, #2907, #7484, .T. ) ;
#1253 = DIRECTION ( 'NONE',  ( 0.000000000000000000, 0.000000000000000000, -1.000000000000000000 ) ) ;
#1254 = CIRCLE ( 'NONE', #2176, 1.000000000000000888 ) ;
#1255 = VERTEX_POINT ( 'NONE', #3859 ) ;
#1256 = EDGE_CURVE ( 'NONE', #1262, #6634, #4468, .T. ) ;
#1257 = DIRECTION ( 'NONE',  ( 1.000000000000000000, 1.734723475976805517E-15, 0.000000000000000000 ) ) ;
#1258 = CARTESIAN_POINT ( 'NONE',  ( 22.76775307624865263, -22.37474960438599680, -17.50000000000000000 ) ) ;
#1259 = AXIS2_PLACEMENT_3D ( 'NONE', #2597, #7709, #7751 ) ;
#1260 = EDGE_CURVE ( 'NONE', #64, #3392, #5792, .T. ) ;
#1261 = CIRCLE ( 'NONE', #200, 33.00000000000001421 ) ;
#1262 = VERTEX_POINT ( 'NONE', #6443 ) ;
#1263 = EDGE_LOOP ( 'NONE', ( #1035, #1461, #7328, #4368 ) ) ;
#1264 = UNCERTAINTY_MEASURE_WITH_UNIT (LENGTH_MEASURE( 1.000000000000000082E-05 ), #6349, 'distance_accuracy_value', 'NONE');
#1265 = DIRECTION ( 'NONE',  ( -1.000000000000000000, 0.000000000000000000, 0.000000000000000000 ) ) ;
#1266 = ORIENTED_EDGE ( 'NONE', *, *, #4649, .F. ) ;
#1267 = CARTESIAN_POINT ( 'NONE',  ( -6.097256819928972504, -31.41374634251430820, -17.50000000000000000 ) ) ;
#1268 = DIRECTION ( 'NONE',  ( -0.9898214418809309079, 0.1423148382732974948, -0.000000000000000000 ) ) ;
#1269 = CARTESIAN_POINT ( 'NONE',  ( -6.097256819928285054, 31.41374634251442544, 17.50000000000000000 ) ) ;
#1270 = AXIS2_PLACEMENT_3D ( 'NONE', #1749, #3030, #5543 ) ;
#1271 = CARTESIAN_POINT ( 'NONE',  ( -13.25825214724778967, 13.25825214724773993, -28.00000000000000000 ) ) ;
#1272 = CIRCLE ( 'NONE', #4543, 1.000000000000000888 ) ;
#1273 = FACE_OUTER_BOUND ( 'NONE', #4800, .T. ) ;
#1274 = ORIENTED_EDGE ( 'NONE', *, *, #3724, .T. ) ;
#1275 = CIRCLE ( 'NONE', #7460, 1.000000000000000888 ) ;
#1276 = VECTOR ( 'NONE', #5141, 1000.000000000000000 ) ;
#1277 = CARTESIAN_POINT ( 'NONE',  ( -31.25015562650191470, -6.513660516131603906, -17.50000000000000000 ) ) ;
#1278 = VERTEX_POINT ( 'NONE', #4062 ) ;
#1279 = DIRECTION ( 'NONE',  ( -0.000000000000000000, -0.000000000000000000, 1.000000000000000000 ) ) ;
#1280 = DIRECTION ( 'NONE',  ( 1.000000000000000000, 0.000000000000000000, 0.000000000000000000 ) ) ;
#1281 = VECTOR ( 'NONE', #1925, 1000.000000000000000 ) ;
#1282 = CYLINDRICAL_SURFACE ( 'NONE', #3583, 33.00000000000001421 ) ;
#1283 = EDGE_CURVE ( 'NONE', #4070, #255, #5964, .T. ) ;
#1284 = EDGE_CURVE ( 'NONE', #6806, #5384, #269, .T. ) ;
#1285 = DIRECTION ( 'NONE',  ( -0.000000000000000000, -0.000000000000000000, -1.000000000000000000 ) ) ;
#1286 = VERTEX_POINT ( 'NONE', #142 ) ;
#1287 = VERTEX_POINT ( 'NONE', #4635 ) ;
#1288 = VERTEX_POINT ( 'NONE', #314 ) ;
#1289 = DIRECTION ( 'NONE',  ( 1.000000000000000000, 0.000000000000000000, 0.000000000000000000 ) ) ;
#1290 = CARTESIAN_POINT ( 'NONE',  ( -24.08309753892704563, 19.54493317794987917, -17.50000000000000000 ) ) ;
#1291 = LINE ( 'NONE', #669, #7116 ) ;
#1292 = VECTOR ( 'NONE', #3195, 1000.000000000000000 ) ;
#1293 = CARTESIAN_POINT ( 'NONE',  ( -1.000000000000000000, 31.00000000000000000, -17.50000000000000000 ) ) ;
#1294 = PLANE ( 'NONE',  #5911 ) ;
#1295 = ORIENTED_EDGE ( 'NONE', *, *, #4025, .T. ) ;
#1296 = CARTESIAN_POINT ( 'NONE',  ( -10.75825214724779322, 13.25825214724773993, -40.00000000000000000 ) ) ;
#1297 = ORIENTED_EDGE ( 'NONE', *, *, #6708, .F. ) ;
#1298 = DIRECTION ( 'NONE',  ( 0.7557495743542689270, 0.6548607339452727771, 0.000000000000000000 ) ) ;
#1299 = DIRECTION ( 'NONE',  ( 1.000000000000000000, 3.469446951953617344E-15, 0.000000000000000000 ) ) ;
#1300 = EDGE_LOOP ( 'NONE', ( #2186, #5169 ) ) ;
#1301 = AXIS2_PLACEMENT_3D ( 'NONE', #635, #2402, #6157 ) ;
#1302 = EDGE_CURVE ( 'NONE', #7545, #3535, #937, .T. ) ;
#1303 = FACE_OUTER_BOUND ( 'NONE', #6407, .T. ) ;
#1304 = ORIENTED_EDGE ( 'NONE', *, *, #7473, .T. ) ;
#1305 = DIRECTION ( 'NONE',  ( -0.4154150130018713361, 0.9096319953545252135, -0.000000000000000000 ) ) ;
#1306 = DIRECTION ( 'NONE',  ( 0.000000000000000000, 0.000000000000000000, -1.000000000000000000 ) ) ;
#1307 = CARTESIAN_POINT ( 'NONE',  ( -27.36776182998644558, -14.69712939376725380, 17.50000000000000000 ) ) ;
#1308 = AXIS2_PLACEMENT_3D ( 'NONE', #7958, #2155, #340 ) ;
#1309 = DIRECTION ( 'NONE',  ( 1.000000000000000000, 0.000000000000000000, 0.000000000000000000 ) ) ;
#1310 = ORIENTED_EDGE ( 'NONE', *, *, #1283, .T. ) ;
#1311 = EDGE_CURVE ( 'NONE', #64, #3467, #5254, .T. ) ;
#1312 = LINE ( 'NONE', #1424, #3400 ) ;
#1313 = CARTESIAN_POINT ( 'NONE',  ( 17.60111887395510522, 25.53821870031074326, 17.50000000000000000 ) ) ;
#1314 = LINE ( 'NONE', #659, #2837 ) ;
#1315 = FACE_OUTER_BOUND ( 'NONE', #7641, .T. ) ;
#1316 = DIRECTION ( 'NONE',  ( 1.000000000000000000, 0.000000000000000000, 0.000000000000000000 ) ) ;
#1317 = ORIENTED_EDGE ( 'NONE', *, *, #2121, .T. ) ;
#1318 = EDGE_CURVE ( 'NONE', #7814, #1875, #6307, .T. ) ;
#1319 = VERTEX_POINT ( 'NONE', #805 ) ;
#1320 = ORIENTED_EDGE ( 'NONE', *, *, #1372, .F. ) ;
#1321 = DIRECTION ( 'NONE',  ( 0.000000000000000000, 0.000000000000000000, 1.000000000000000000 ) ) ;
#1322 = EDGE_LOOP ( 'NONE', ( #4409, #8089, #5811, #6449 ) ) ;
#1323 = CYLINDRICAL_SURFACE ( 'NONE', #2827, 1.000000000000000888 ) ;
#1324 = DIRECTION ( 'NONE',  ( -0.000000000000000000, -0.000000000000000000, -1.000000000000000000 ) ) ;
#1325 = LINE ( 'NONE', #1360, #2776 ) ;
#1326 = SURFACE_STYLE_USAGE ( .BOTH. , #5777 ) ;
#1327 = VECTOR ( 'NONE', #5247, 1000.000000000000000 ) ;
#1328 = EDGE_LOOP ( 'NONE', ( #3606, #3331, #3379, #3455 ) ) ;
#1329 = CARTESIAN_POINT ( 'NONE',  ( 32.88869289243837102, 2.708113702722761307, -17.50000000000000000 ) ) ;
#1330 = EDGE_CURVE ( 'NONE', #4265, #7591, #2233, .T. ) ;
#1331 = VERTEX_POINT ( 'NONE', #4020 ) ;
#1332 = DIRECTION ( 'NONE',  ( -0.9594929736144954813, 0.2817325568414363324, 0.000000000000000000 ) ) ;
#1333 = CARTESIAN_POINT ( 'NONE',  ( 29.13184589196679397, 15.50275959068895837, 17.50000000000000000 ) ) ;
#1334 = AXIS2_PLACEMENT_3D ( 'NONE', #7596, #7551, #1169 ) ;
#1335 = EDGE_CURVE ( 'NONE', #2694, #1752, #4547, .T. ) ;
#1336 = CARTESIAN_POINT ( 'NONE',  ( 11.19906991447264133, 31.04159842937787417, 17.50000000000000000 ) ) ;
#1337 = VERTEX_POINT ( 'NONE', #5342 ) ;
#1338 = DIRECTION ( 'NONE',  ( 1.000000000000000000, 0.000000000000000000, 0.000000000000000000 ) ) ;
#1339 = EDGE_LOOP ( 'NONE', ( #995, #7757, #7319, #2944 ) ) ;
#1340 = ORIENTED_EDGE ( 'NONE', *, *, #5029, .F. ) ;
#1341 = DIRECTION ( 'NONE',  ( 0.000000000000000000, 0.000000000000000000, 1.000000000000000000 ) ) ;
#1342 = CARTESIAN_POINT ( 'NONE',  ( 22.77337607103705963, 21.05643232665773468, 17.50000000000000000 ) ) ;
#1343 = VECTOR ( 'NONE', #6684, 1000.000000000000000 ) ;
#1344 = ADVANCED_FACE ( 'NONE', ( #7200 ), #6536, .T. ) ;
#1345 = VERTEX_POINT ( 'NONE', #3318 ) ;
#1346 = DIRECTION ( 'NONE',  ( 1.000000000000000000, 1.994931997373333207E-14, 0.000000000000000000 ) ) ;
#1347 = CARTESIAN_POINT ( 'NONE',  ( 22.77337607103705963, 21.05643232665773468, -17.50000000000000000 ) ) ;
#1348 = LINE ( 'NONE', #3865, #4022 ) ;
#1349 = ADVANCED_FACE ( 'NONE', ( #7853 ), #5834, .T. ) ;
#1350 = CARTESIAN_POINT ( 'NONE',  ( 0.000000000000000000, 0.000000000000000000, 20.00000000000000000 ) ) ;
#1351 = DIRECTION ( 'NONE',  ( -0.9898214418809309079, 0.1423148382732974948, -0.000000000000000000 ) ) ;
#1352 = ORIENTED_EDGE ( 'NONE', *, *, #2992, .T. ) ;
#1353 = EDGE_CURVE ( 'NONE', #702, #2846, #2696, .T. ) ;
#1354 = ORIENTED_EDGE ( 'NONE', *, *, #3403, .T. ) ;
#1355 = ORIENTED_EDGE ( 'NONE', *, *, #4874, .T. ) ;
#1356 = CARTESIAN_POINT ( 'NONE',  ( 10.89472168800058682, -30.00508355830742957, -17.50000000000000000 ) ) ;
#1357 = VERTEX_POINT ( 'NONE', #1459 ) ;
#1358 = DIRECTION ( 'NONE',  ( 1.000000000000000000, 0.000000000000000000, 0.000000000000000000 ) ) ;
#1359 = DIRECTION ( 'NONE',  ( -0.000000000000000000, -0.000000000000000000, 1.000000000000000000 ) ) ;
#1360 = CARTESIAN_POINT ( 'NONE',  ( -29.83695809470130555, -3.279623706317314369, -17.50000000000000000 ) ) ;
#1361 = ORIENTED_EDGE ( 'NONE', *, *, #2503, .T. ) ;
#1362 = FACE_OUTER_BOUND ( 'NONE', #4424, .T. ) ;
#1363 = FACE_OUTER_BOUND ( 'NONE', #7199, .T. ) ;
#1364 = VERTEX_POINT ( 'NONE', #2782 ) ;
#1365 = VECTOR ( 'NONE', #4623, 1000.000000000000000 ) ;
#1366 = CARTESIAN_POINT ( 'NONE',  ( 30.54214986003572463, 5.401581428352257852, -17.50000000000000000 ) ) ;
#1367 = CYLINDRICAL_SURFACE ( 'NONE', #586, 0.9999999999999974465 ) ;
#1368 = CYLINDRICAL_SURFACE ( 'NONE', #3699, 2.499999999999996891 ) ;
#1369 = DIRECTION ( 'NONE',  ( 0.000000000000000000, 0.000000000000000000, -1.000000000000000000 ) ) ;
#1370 = CIRCLE ( 'NONE', #7038, 34.00000000000000711 ) ;
#1371 = EDGE_CURVE ( 'NONE', #3880, #2570, #1588, .T. ) ;
#1372 = EDGE_CURVE ( 'NONE', #1999, #7204, #2656, .T. ) ;
#1373 = AXIS2_PLACEMENT_3D ( 'NONE', #1658, #4632, #8003 ) ;
#1374 = DIRECTION ( 'NONE',  ( 0.4154150130019036435, 0.9096319953545105585, -0.000000000000000000 ) ) ;
#1375 = ORIENTED_EDGE ( 'NONE', *, *, #1335, .F. ) ;
#1376 = ORIENTED_EDGE ( 'NONE', *, *, #3087, .F. ) ;
#1377 = CYLINDRICAL_SURFACE ( 'NONE', #7887, 1.000000000000000888 ) ;
#1378 = DIRECTION ( 'NONE',  ( -0.000000000000000000, -0.000000000000000000, 1.000000000000000000 ) ) ;
#1379 = CIRCLE ( 'NONE', #5198, 22.50000000000000355 ) ;
#1380 = EDGE_LOOP ( 'NONE', ( #5906, #2867 ) ) ;
#1381 = ORIENTED_EDGE ( 'NONE', *, *, #2958, .T. ) ;
#1382 = EDGE_CURVE ( 'NONE', #2135, #3532, #3814, .T. ) ;
#1383 = VECTOR ( 'NONE', #1386, 1000.000000000000227 ) ;
#1384 = FACE_OUTER_BOUND ( 'NONE', #3090, .T. ) ;
#1385 = CARTESIAN_POINT ( 'NONE',  ( 20.36519858079707390, -25.96649161447695420, -17.50000000000000000 ) ) ;
#1386 = DIRECTION ( 'NONE',  ( -0.9898214418809350157, -0.1423148382732687400, 0.000000000000000000 ) ) ;
#1387 = AXIS2_PLACEMENT_3D ( 'NONE', #5582, #473, #7520 ) ;
#1388 = LINE ( 'NONE', #6372, #6883 ) ;
#1389 = ADVANCED_FACE ( 'NONE', ( #4591 ), #230, .F. ) ;
#1390 = FACE_BOUND ( 'NONE', #3408, .T. ) ;
#1391 = ORIENTED_EDGE ( 'NONE', *, *, #6773, .T. ) ;
#1392 = VERTEX_POINT ( 'NONE', #4680 ) ;
#1393 = AXIS2_PLACEMENT_3D ( 'NONE', #525, #7485, #3784 ) ;
#1394 = ORIENTED_EDGE ( 'NONE', *, *, #3803, .T. ) ;
#1395 = DIRECTION ( 'NONE',  ( 1.000000000000000000, 0.000000000000000000, 0.000000000000000000 ) ) ;
#1396 = ORIENTED_EDGE ( 'NONE', *, *, #4336, .T. ) ;
#1397 = CYLINDRICAL_SURFACE ( 'NONE', #3761, 1.000000000000000000 ) ;
#1398 = AXIS2_PLACEMENT_3D ( 'NONE', #4982, #4485, #5227 ) ;
#1399 = ADVANCED_FACE ( 'NONE', ( #1551 ), #1135, .T. ) ;
#1400 = ADVANCED_FACE ( 'NONE', ( #6826 ), #3024, .F. ) ;
#1401 = DIRECTION ( 'NONE',  ( -0.000000000000000000, -0.000000000000000000, 1.000000000000000000 ) ) ;
#1402 = DIRECTION ( 'NONE',  ( -0.000000000000000000, -0.000000000000000000, -1.000000000000000000 ) ) ;
#1403 = EDGE_LOOP ( 'NONE', ( #3625, #2173, #2213 ) ) ;
#1404 = PRODUCT_CONTEXT ( 'NONE', #1476, 'mechanical' ) ;
#1405 = EDGE_CURVE ( 'NONE', #7852, #921, #7362, .T. ) ;
#1406 = EDGE_LOOP ( 'NONE', ( #1421, #3465, #2670, #7100 ) ) ;
#1407 = ORIENTED_EDGE ( 'NONE', *, *, #2682, .F. ) ;
#1408 = DIRECTION ( 'NONE',  ( -0.000000000000000000, -0.000000000000000000, -1.000000000000000000 ) ) ;
#1409 = CARTESIAN_POINT ( 'NONE',  ( -6.097256819928972504, -31.41374634251430820, -17.50000000000000000 ) ) ;
#1410 = DIRECTION ( 'NONE',  ( -0.000000000000000000, -0.000000000000000000, -1.000000000000000000 ) ) ;
#1411 = CARTESIAN_POINT ( 'NONE',  ( 0.000000000000000000, 0.000000000000000000, -17.50000000000000000 ) ) ;
#1412 = EDGE_CURVE ( 'NONE', #3082, #801, #4326, .T. ) ;
#1413 = DIRECTION ( 'NONE',  ( -0.000000000000000000, -0.000000000000000000, -1.000000000000000000 ) ) ;
#1414 = EDGE_LOOP ( 'NONE', ( #2157, #3178, #6754, #1004 ) ) ;
#1415 = VERTEX_POINT ( 'NONE', #1095 ) ;
#1416 = EDGE_CURVE ( 'NONE', #1364, #1556, #4259, .T. ) ;
#1417 = CARTESIAN_POINT ( 'NONE',  ( -15.54180368692017034, 27.88283231949786511, -17.50000000000000000 ) ) ;
#1418 = CARTESIAN_POINT ( 'NONE',  ( -26.04205674597526965, 18.59600173261458167, -17.50000000000000000 ) ) ;
#1419 = VERTEX_POINT ( 'NONE', #1016 ) ;
#1420 = VERTEX_POINT ( 'NONE', #3530 ) ;
#1421 = ORIENTED_EDGE ( 'NONE', *, *, #4217, .F. ) ;
#1422 = CIRCLE ( 'NONE', #8009, 1.000000000000000000 ) ;
#1423 = EDGE_CURVE ( 'NONE', #7704, #4304, #3549, .T. ) ;
#1424 = CARTESIAN_POINT ( 'NONE',  ( -2.000000000000244693, -32.93933818400121538, 17.50000000000000000 ) ) ;
#1425 = CARTESIAN_POINT ( 'NONE',  ( 0.000000000000000000, 0.000000000000000000, -17.50000000000000000 ) ) ;
#1426 = DIRECTION ( 'NONE',  ( 1.000000000000000000, 0.000000000000000000, 0.000000000000000000 ) ) ;
#1427 = CARTESIAN_POINT ( 'NONE',  ( -7.056749793542785198, 31.13201378567300637, 17.50000000000000000 ) ) ;
#1428 = ADVANCED_FACE ( 'NONE', ( #2989 ), #2406, .T. ) ;
#1429 = AXIS2_PLACEMENT_3D ( 'NONE', #6361, #722, #5752 ) ;
#1430 = DIRECTION ( 'NONE',  ( 1.000000000000000000, 0.000000000000000000, 0.000000000000000000 ) ) ;
#1431 = EDGE_LOOP ( 'NONE', ( #558, #7053, #6205, #312 ) ) ;
#1432 = ORIENTED_EDGE ( 'NONE', *, *, #2878, .T. ) ;
#1433 = ORIENTED_EDGE ( 'NONE', *, *, #2497, .T. ) ;
#1434 = DIRECTION ( 'NONE',  ( 1.000000000000000000, 0.000000000000000000, 0.000000000000000000 ) ) ;
#1435 = VERTEX_POINT ( 'NONE', #4186 ) ;
#1436 = DIRECTION ( 'NONE',  ( 1.000000000000000000, 0.000000000000000000, 0.000000000000000000 ) ) ;
#1437 = DIRECTION ( 'NONE',  ( 0.000000000000000000, 0.000000000000000000, 1.000000000000000000 ) ) ;
#1438 = EDGE_CURVE ( 'NONE', #4091, #7266, #2577, .T. ) ;
#1439 = DIRECTION ( 'NONE',  ( -0.000000000000000000, -0.000000000000000000, -1.000000000000000000 ) ) ;
#1440 = ORIENTED_EDGE ( 'NONE', *, *, #7883, .F. ) ;
#1441 = DIRECTION ( 'NONE',  ( -0.000000000000000000, -0.000000000000000000, 1.000000000000000000 ) ) ;
#1442 = ORIENTED_EDGE ( 'NONE', *, *, #6576, .T. ) ;
#1443 = ORIENTED_EDGE ( 'NONE', *, *, #7625, .F. ) ;
#1444 = VERTEX_POINT ( 'NONE', #1670 ) ;
#1445 = LINE ( 'NONE', #5201, #7977 ) ;
#1446 = CARTESIAN_POINT ( 'NONE',  ( -12.22465886979076899, 30.65220572026174040, -17.50000000000000000 ) ) ;
#1447 = CARTESIAN_POINT ( 'NONE',  ( -13.25825214724778967, 13.25825214724773993, 40.00000000000000000 ) ) ;
#1448 = EDGE_CURVE ( 'NONE', #6869, #276, #2370, .T. ) ;
#1449 = AXIS2_PLACEMENT_3D ( 'NONE', #2161, #3268, #5010 ) ;
#1450 = AXIS2_PLACEMENT_3D ( 'NONE', #6764, #7947, #3624 ) ;
#1451 = LINE ( 'NONE', #1336, #1092 ) ;
#1452 = CARTESIAN_POINT ( 'NONE',  ( -15.37797099083697283, -25.77824680239089972, 17.50000000000000000 ) ) ;
#1453 = EDGE_CURVE ( 'NONE', #4888, #6610, #2193, .T. ) ;
#1454 = CARTESIAN_POINT ( 'NONE',  ( 19.49085778790663781, -26.62905298150124267, -17.50000000000000000 ) ) ;
#1455 = ORIENTED_EDGE ( 'NONE', *, *, #4947, .T. ) ;
#1457 = CARTESIAN_POINT ( 'NONE',  ( -22.11289234230400780, -23.13049917873961192, -17.50000000000000000 ) ) ;
#1456 = AXIS2_PLACEMENT_3D ( 'NONE', #707, #92, #2067 ) ;
#1458 = ORIENTED_EDGE ( 'NONE', *, *, #2945, .F. ) ;
#1459 = CARTESIAN_POINT ( 'NONE',  ( -31.17084050580914933, -10.83414519754135696, 17.50000000000000000 ) ) ;
#1460 = LINE ( 'NONE', #3239, #2052 ) ;
#1461 = ORIENTED_EDGE ( 'NONE', *, *, #8014, .T. ) ;
#1462 = CIRCLE ( 'NONE', #5293, 1.000000000000000888 ) ;
#1463 = VERTEX_POINT ( 'NONE', #7932 ) ;
#1464 = EDGE_LOOP ( 'NONE', ( #3792, #3712, #4607, #5790 ) ) ;
#1465 = CARTESIAN_POINT ( 'NONE',  ( 1.000000000000000000, 31.00000000000000000, -17.50000000000000000 ) ) ;
#1466 = CYLINDRICAL_SURFACE ( 'NONE', #2557, 0.9999999999999974465 ) ;
#1467 = DIRECTION ( 'NONE',  ( -0.9096319953545114467, 0.4154150130019014786, 0.000000000000000000 ) ) ;
#1468 = LINE ( 'NONE', #6501, #2133 ) ;
#1469 = AXIS2_PLACEMENT_3D ( 'NONE', #3635, #627, #6152 ) ;
#1470 = DIRECTION ( 'NONE',  ( 0.000000000000000000, 0.000000000000000000, -1.000000000000000000 ) ) ;
#1471 = EDGE_LOOP ( 'NONE', ( #4638, #3348, #6627, #5058 ) ) ;
#1472 = AXIS2_PLACEMENT_3D ( 'NONE', #2353, #1116, #3594 ) ;
#1473 = ORIENTED_EDGE ( 'NONE', *, *, #1215, .T. ) ;
#1474 = ADVANCED_FACE ( 'NONE', ( #2330 ), #1053, .T. ) ;
#1475 = ADVANCED_FACE ( 'NONE', ( #4844 ), #6118, .T. ) ;
#1476 = APPLICATION_CONTEXT ( 'automotive_design' ) ;
#1477 = VERTEX_POINT ( 'NONE', #1788 ) ;
#1478 = FACE_OUTER_BOUND ( 'NONE', #1891, .T. ) ;
#1479 = EDGE_LOOP ( 'NONE', ( #4457, #5069, #2510, #705 ) ) ;
#1480 = DIRECTION ( 'NONE',  ( 1.000000000000000000, -3.469446951953611033E-15, 0.000000000000000000 ) ) ;
#1481 = DIRECTION ( 'NONE',  ( 0.000000000000000000, 0.000000000000000000, 1.000000000000000000 ) ) ;
#1482 = ADVANCED_FACE ( 'NONE', ( #6161 ), #7402, .T. ) ;
#1483 = CARTESIAN_POINT ( 'NONE',  ( 0.9999999999997795097, -30.00000000000002132, 17.50000000000000000 ) ) ;
#1484 = ORIENTED_EDGE ( 'NONE', *, *, #2507, .F. ) ;
#1485 = LINE ( 'NONE', #3223, #1181 ) ;
#1486 = ORIENTED_EDGE ( 'NONE', *, *, #7287, .T. ) ;
#1487 = CARTESIAN_POINT ( 'NONE',  ( -27.73377950337907549, 15.96362973944055419, -17.50000000000000000 ) ) ;
#1488 = ORIENTED_EDGE ( 'NONE', *, *, #641, .F. ) ;
#1489 = EDGE_CURVE ( 'NONE', #3927, #2796, #4300, .T. ) ;
#1490 = VERTEX_POINT ( 'NONE', #5379 ) ;
#1491 = DIRECTION ( 'NONE',  ( 1.000000000000000000, 0.000000000000000000, 0.000000000000000000 ) ) ;
#1492 = LINE ( 'NONE', #2855, #1497 ) ;
#1493 = DIRECTION ( 'NONE',  ( 1.000000000000000000, 0.000000000000000000, 0.000000000000000000 ) ) ;
#1494 = EDGE_CURVE ( 'NONE', #3781, #7401, #3637, .T. ) ;
#1495 = DIRECTION ( 'NONE',  ( 1.000000000000000000, -1.734723475976805517E-15, 0.000000000000000000 ) ) ;
#1496 = DIRECTION ( 'NONE',  ( 1.000000000000000000, 0.000000000000000000, 0.000000000000000000 ) ) ;
#1497 = VECTOR ( 'NONE', #7884, 1000.000000000000000 ) ;
#1498 = ADVANCED_FACE ( 'NONE', ( #4801 ), #2607, .T. ) ;
#1499 = CARTESIAN_POINT ( 'NONE',  ( -13.25825214724778967, -13.25825214724773993, -40.00000000000000000 ) ) ;
#1500 = EDGE_LOOP ( 'NONE', ( #5371, #1640, #5776, #5521 ) ) ;
#1501 = CARTESIAN_POINT ( 'NONE',  ( -10.37096265247149951, 28.22132409475220527, -17.50000000000000000 ) ) ;
#1502 = AXIS2_PLACEMENT_3D ( 'NONE', #6757, #2377, #1634 ) ;
#1503 = ORIENTED_EDGE ( 'NONE', *, *, #7728, .T. ) ;
#1504 = CARTESIAN_POINT ( 'NONE',  ( -15.75825214724778789, -13.25825214724773993, -40.00000000000000000 ) ) ;
#1505 = FACE_OUTER_BOUND ( 'NONE', #7564, .T. ) ;
#1506 = EDGE_CURVE ( 'NONE', #1510, #3663, #1867, .T. ) ;
#1507 = AXIS2_PLACEMENT_3D ( 'NONE', #7419, #1807, #4900 ) ;
#1508 = AXIS2_PLACEMENT_3D ( 'NONE', #6488, #4212, #4834 ) ;
#1509 = ORIENTED_EDGE ( 'NONE', *, *, #4438, .T. ) ;
#1510 = VERTEX_POINT ( 'NONE', #5124 ) ;
#1511 = ORIENTED_EDGE ( 'NONE', *, *, #5467, .F. ) ;
#1512 = VECTOR ( 'NONE', #379, 1000.000000000000000 ) ;
#1513 = EDGE_CURVE ( 'NONE', #2907, #785, #4689, .T. ) ;
#1514 = CIRCLE ( 'NONE', #3497, 1.000000000000000888 ) ;
#1515 = CARTESIAN_POINT ( 'NONE',  ( 14.70055015408878951, -28.42347313695356092, 17.50000000000000000 ) ) ;
#1516 = CARTESIAN_POINT ( 'NONE',  ( 7.097256819929165239, 31.41374634251425135, -17.50000000000000000 ) ) ;
#1517 = CARTESIAN_POINT ( 'NONE',  ( 31.81941497959503451, 2.554374748607658674, -17.50000000000000000 ) ) ;
#1518 = LINE ( 'NONE', #401, #3642 ) ;
#1519 = CARTESIAN_POINT ( 'NONE',  ( 0.000000000000000000, 0.000000000000000000, -17.50000000000000000 ) ) ;
#1520 = ORIENTED_EDGE ( 'NONE', *, *, #1147, .T. ) ;
#1521 = VERTEX_POINT ( 'NONE', #6866 ) ;
#1522 = VECTOR ( 'NONE', #1213, 1000.000000000000000 ) ;
#1523 = AXIS2_PLACEMENT_3D ( 'NONE', #1418, #2085, #4592 ) ;
#1524 = ORIENTED_EDGE ( 'NONE', *, *, #813, .F. ) ;
#1525 = DIRECTION ( 'NONE',  ( 0.000000000000000000, 0.000000000000000000, 1.000000000000000000 ) ) ;
#1526 = ORIENTED_EDGE ( 'NONE', *, *, #105, .F. ) ;
#1527 = DIRECTION ( 'NONE',  ( -0.000000000000000000, -0.000000000000000000, -1.000000000000000000 ) ) ;
#1528 = CARTESIAN_POINT ( 'NONE',  ( -31.25015562650176193, 6.513660516132265599, 17.50000000000000000 ) ) ;
#1529 = ADVANCED_FACE ( 'NONE', ( #4996 ), #7519, .F. ) ;
#1530 = EDGE_CURVE ( 'NONE', #7528, #753, #1217, .T. ) ;
#1531 = CYLINDRICAL_SURFACE ( 'NONE', #5145, 1.000000000000000888 ) ;
#1532 = AXIS2_PLACEMENT_3D ( 'NONE', #3437, #260, #5290 ) ;
#1533 = CARTESIAN_POINT ( 'NONE',  ( -14.53671745800579806, -26.31888761984650671, 17.50000000000000000 ) ) ;
#1534 = ORIENTED_EDGE ( 'NONE', *, *, #4863, .T. ) ;
#1535 = CIRCLE ( 'NONE', #3640, 33.00000000000000711 ) ;
#1536 = CARTESIAN_POINT ( 'NONE',  ( -24.73795827287274207, -18.78918360359508810, -17.50000000000000000 ) ) ;
#1537 = ORIENTED_EDGE ( 'NONE', *, *, #2683, .T. ) ;
#1538 = LINE ( 'NONE', #5861, #7447 ) ;
#1539 = TOROIDAL_SURFACE ( 'NONE', #6271, 34.00000000000000711, 1.000000000000000000 ) ;
#1540 = VECTOR ( 'NONE', #7744, 1000.000000000000114 ) ;
#1541 = VERTEX_POINT ( 'NONE', #4427 ) ;
#1542 = CYLINDRICAL_SURFACE ( 'NONE', #7057, 1.000000000000000888 ) ;
#1543 = CARTESIAN_POINT ( 'NONE',  ( 22.76775307624942357, 22.37474960438518323, -17.50000000000000000 ) ) ;
#1544 = DIRECTION ( 'NONE',  ( 1.000000000000000000, 0.000000000000000000, 0.000000000000000000 ) ) ;
#1545 = VECTOR ( 'NONE', #5478, 1000.000000000000000 ) ;
#1546 = LINE ( 'NONE', #5335, #1987 ) ;
#1547 = LINE ( 'NONE', #653, #3385 ) ;
#1548 = CARTESIAN_POINT ( 'NONE',  ( -6.814723314855570813, -30.30774729573222004, -17.50000000000000000 ) ) ;
#1549 = ORIENTED_EDGE ( 'NONE', *, *, #3722, .T. ) ;
#1550 = VERTEX_POINT ( 'NONE', #3149 ) ;
#1551 = FACE_OUTER_BOUND ( 'NONE', #2909, .T. ) ;
#1552 = CARTESIAN_POINT ( 'NONE',  ( 9.411469678857798726, 28.50305665159336144, -17.50000000000000000 ) ) ;
#1553 = CIRCLE ( 'NONE', #2342, 33.00000000000001421 ) ;
#1554 = ORIENTED_EDGE ( 'NONE', *, *, #1813, .F. ) ;
#1555 = EDGE_CURVE ( 'NONE', #5241, #2839, #20, .T. ) ;
#1556 = VERTEX_POINT ( 'NONE', #6317 ) ;
#1557 = ORIENTED_EDGE ( 'NONE', *, *, #3417, .T. ) ;
#1558 = LINE ( 'NONE', #4073, #5771 ) ;
#1559 = DIRECTION ( 'NONE',  ( 0.000000000000000000, 0.000000000000000000, 1.000000000000000000 ) ) ;
#1560 = DIRECTION ( 'NONE',  ( -0.6548607339452787723, 0.7557495743542637090, 0.000000000000000000 ) ) ;
#1561 = CARTESIAN_POINT ( 'NONE',  ( 10.75825214724779144, 13.25825214724773993, -40.00000000000000000 ) ) ;
#1562 = EDGE_CURVE ( 'NONE', #4024, #368, #6281, .T. ) ;
#1563 = CARTESIAN_POINT ( 'NONE',  ( -31.17084050580914933, -10.83414519754135696, -17.50000000000000000 ) ) ;
#1564 = EDGE_LOOP ( 'NONE', ( #3172, #4710, #7128, #1509 ) ) ;
#1565 = VERTEX_POINT ( 'NONE', #2444 ) ;
#1566 = CIRCLE ( 'NONE', #1301, 15.00000000000000000 ) ;
#1567 = EDGE_CURVE ( 'NONE', #6692, #2660, #4542, .T. ) ;
#1568 = ORIENTED_EDGE ( 'NONE', *, *, #6437, .F. ) ;
#1569 = CARTESIAN_POINT ( 'NONE',  ( -30.96909437485551209, -2.432117102709654866, 17.50000000000000000 ) ) ;
#1570 = ORIENTED_EDGE ( 'NONE', *, *, #4571, .T. ) ;
#1571 = CARTESIAN_POINT ( 'NONE',  ( -15.15994234640490035, -29.31170667248292716, -17.50000000000000000 ) ) ;
#1572 = DIRECTION ( 'NONE',  ( -0.000000000000000000, -0.000000000000000000, -1.000000000000000000 ) ) ;
#1573 = CARTESIAN_POINT ( 'NONE',  ( -9.693202235699057923, -29.46254962520790599, -17.50000000000000000 ) ) ;
#1574 = AXIS2_PLACEMENT_3D ( 'NONE', #7267, #5493, #4660 ) ;
#1575 = DIRECTION ( 'NONE',  ( 1.000000000000000000, 0.000000000000000000, 0.000000000000000000 ) ) ;
#1576 = VERTEX_POINT ( 'NONE', #6352 ) ;
#1577 = DIRECTION ( 'NONE',  ( 0.000000000000000000, 0.000000000000000000, 1.000000000000000000 ) ) ;
#1578 = VERTEX_POINT ( 'NONE', #6237 ) ;
#1579 = EDGE_LOOP ( 'NONE', ( #2996, #3980, #3747 ) ) ;
#1580 = CARTESIAN_POINT ( 'NONE',  ( 10.65269520931271607, -29.18081706836678180, -17.50000000000000000 ) ) ;
#1581 = LINE ( 'NONE', #3961, #6500 ) ;
#1582 = CARTESIAN_POINT ( 'NONE',  ( -7.492483731627995525, 29.06652176527645537, 17.50000000000000000 ) ) ;
#1583 = CARTESIAN_POINT ( 'NONE',  ( 15.37797099083623564, -25.77824680239134381, -17.50000000000000000 ) ) ;
#1584 = DIRECTION ( 'NONE',  ( 0.000000000000000000, 0.000000000000000000, -1.000000000000000000 ) ) ;
#1585 = ADVANCED_FACE ( 'NONE', ( #6907 ), #5664, .F. ) ;
#1586 = ORIENTED_EDGE ( 'NONE', *, *, #4560, .F. ) ;
#1587 = ORIENTED_EDGE ( 'NONE', *, *, #1371, .T. ) ;
#1588 = LINE ( 'NONE', #5212, #5387 ) ;
#1589 = CARTESIAN_POINT ( 'NONE',  ( -31.81941497959495280, 2.554374748608542856, 17.50000000000000000 ) ) ;
#1590 = ORIENTED_EDGE ( 'NONE', *, *, #2951, .T. ) ;
#1591 = EDGE_LOOP ( 'NONE', ( #4123, #1015, #4679, #7787 ) ) ;
#1592 = VECTOR ( 'NONE', #4177, 999.9999999999998863 ) ;
#1593 = ORIENTED_EDGE ( 'NONE', *, *, #8007, .T. ) ;
#1594 = DIRECTION ( 'NONE',  ( 1.000000000000000000, 0.000000000000000000, 0.000000000000000000 ) ) ;
#1595 = DIRECTION ( 'NONE',  ( -1.000000000000000000, 0.000000000000000000, 0.000000000000000000 ) ) ;
#1596 = DIRECTION ( 'NONE',  ( 1.000000000000000000, 0.000000000000000000, 0.000000000000000000 ) ) ;
#1597 = AXIS2_PLACEMENT_3D ( 'NONE', #1293, #6192, #7511 ) ;
#1598 = CARTESIAN_POINT ( 'NONE',  ( 34.00000000000000711, 0.000000000000000000, 17.50000000000000000 ) ) ;
#1599 = VECTOR ( 'NONE', #2803, 1000.000000000000000 ) ;
#1600 = AXIS2_PLACEMENT_3D ( 'NONE', #3600, #8037, #8002 ) ;
#1601 = EDGE_CURVE ( 'NONE', #3227, #4684, #4960, .T. ) ;
#1602 = CARTESIAN_POINT ( 'NONE',  ( 32.10784078822869247, 7.503481958012334196, -17.50000000000000000 ) ) ;
#1603 = VERTEX_POINT ( 'NONE', #3105 ) ;
#1604 = ORIENTED_EDGE ( 'NONE', *, *, #1283, .F. ) ;
#1605 = AXIS2_PLACEMENT_3D ( 'NONE', #5721, #41, #2666 ) ;
#1606 = VERTEX_POINT ( 'NONE', #2527 ) ;
#1607 = EDGE_CURVE ( 'NONE', #7280, #3197, #6935, .T. ) ;
#1608 = CARTESIAN_POINT ( 'NONE',  ( 17.06047805649862070, -24.69696516748017601, -17.50000000000000000 ) ) ;
#1609 = ORIENTED_EDGE ( 'NONE', *, *, #1506, .F. ) ;
#1610 = CARTESIAN_POINT ( 'NONE',  ( -29.83695809470123450, 3.279623706317946752, 17.50000000000000000 ) ) ;
#1611 = CARTESIAN_POINT ( 'NONE',  ( 17.90173158932981323, -24.15632435002459744, 17.50000000000000000 ) ) ;
#1612 = DIRECTION ( 'NONE',  ( -0.5406408174556057711, -0.8412535328311759875, 0.000000000000000000 ) ) ;
#1613 = VECTOR ( 'NONE', #2689, 1000.000000000000000 ) ;
#1614 = EDGE_CURVE ( 'NONE', #7399, #1904, #3772, .T. ) ;
#1615 = CARTESIAN_POINT ( 'NONE',  ( -28.61400686899208168, -11.96823340770368382, 17.50000000000000000 ) ) ;
#1616 = VERTEX_POINT ( 'NONE', #5043 ) ;
#1617 = DIRECTION ( 'NONE',  ( 0.000000000000000000, 0.000000000000000000, 1.000000000000000000 ) ) ;
#1618 = ORIENTED_EDGE ( 'NONE', *, *, #6549, .T. ) ;
#1619 = EDGE_LOOP ( 'NONE', ( #4604, #4964, #7168 ) ) ;
#1620 = CARTESIAN_POINT ( 'NONE',  ( 6.774216288469208536, -30.02601473889101058, -17.50000000000000000 ) ) ;
#1621 = DIRECTION ( 'NONE',  ( 0.9096319953545224379, 0.4154150130018774978, 0.000000000000000000 ) ) ;
#1622 = DIRECTION ( 'NONE',  ( 0.6548607339452996445, 0.7557495743542456124, 0.000000000000000000 ) ) ;
#1623 = CARTESIAN_POINT ( 'NONE',  ( -30.22626958139045783, 10.50583776731347285, -17.50000000000000000 ) ) ;
#1624 = VERTEX_POINT ( 'NONE', #7559 ) ;
#1625 = ORIENTED_EDGE ( 'NONE', *, *, #1921, .T. ) ;
#1626 = DIRECTION ( 'NONE',  ( -0.000000000000000000, -0.000000000000000000, 1.000000000000000000 ) ) ;
#1627 = CARTESIAN_POINT ( 'NONE',  ( -29.83695809470123450, 3.279623706317946752, 17.50000000000000000 ) ) ;
#1628 = ADVANCED_FACE ( 'NONE', ( #713 ), #1909, .T. ) ;
#1629 = ADVANCED_FACE ( 'NONE', ( #3812 ), #5085, .T. ) ;
#1630 = VERTEX_POINT ( 'NONE', #554 ) ;
#1631 = ORIENTED_EDGE ( 'NONE', *, *, #3533, .T. ) ;
#1632 = ORIENTED_EDGE ( 'NONE', *, *, #7351, .T. ) ;
#1633 = ORIENTED_EDGE ( 'NONE', *, *, #2550, .T. ) ;
#1634 = DIRECTION ( 'NONE',  ( 1.000000000000000000, 0.000000000000000000, 0.000000000000000000 ) ) ;
#1635 = CARTESIAN_POINT ( 'NONE',  ( -2.000000000000000000, 31.00000000000000000, -17.50000000000000000 ) ) ;
#1636 = CARTESIAN_POINT ( 'NONE',  ( -9.411469678857619314, -28.50305665159341473, 17.50000000000000000 ) ) ;
#1637 = AXIS2_PLACEMENT_3D ( 'NONE', #5868, #2204, #7845 ) ;
#1638 = CARTESIAN_POINT ( 'NONE',  ( -31.25015562650176193, 6.513660516132265599, -17.50000000000000000 ) ) ;
#1639 = DIRECTION ( 'NONE',  ( -1.000000000000000000, 0.000000000000000000, 0.000000000000000000 ) ) ;
#1640 = ORIENTED_EDGE ( 'NONE', *, *, #5381, .F. ) ;
#1641 = VECTOR ( 'NONE', #4318, 1000.000000000000000 ) ;
#1642 = CIRCLE ( 'NONE', #6651, 1.000000000000000888 ) ;
#1643 = CARTESIAN_POINT ( 'NONE',  ( 0.000000000000000000, 0.000000000000000000, -17.50000000000000000 ) ) ;
#1644 = CARTESIAN_POINT ( 'NONE',  ( 0.000000000000000000, 0.000000000000000000, 20.00000000000000000 ) ) ;
#1645 = ORIENTED_EDGE ( 'NONE', *, *, #1708, .F. ) ;
#1646 = FACE_OUTER_BOUND ( 'NONE', #3346, .T. ) ;
#1647 = EDGE_CURVE ( 'NONE', #7528, #1707, #3768, .T. ) ;
#1648 = CARTESIAN_POINT ( 'NONE',  ( -35.00000000000000711, 0.000000000000000000, 20.00000000000000000 ) ) ;
#1649 = CARTESIAN_POINT ( 'NONE',  ( -28.61400686899208168, -11.96823340770368382, -17.50000000000000000 ) ) ;
#1650 = AXIS2_PLACEMENT_3D ( 'NONE', #1167, #2556, #3179 ) ;
#1651 = AXIS2_PLACEMENT_3D ( 'NONE', #7083, #636, #17 ) ;
#1652 = DIRECTION ( 'NONE',  ( -0.000000000000000000, -0.000000000000000000, 1.000000000000000000 ) ) ;
#1653 = ORIENTED_EDGE ( 'NONE', *, *, #4134, .T. ) ;
#1654 = EDGE_CURVE ( 'NONE', #6494, #4575, #7188, .T. ) ;
#1655 = PLANE ( 'NONE',  #4858 ) ;
#1656 = ORIENTED_EDGE ( 'NONE', *, *, #2916, .T. ) ;
#1657 = ADVANCED_FACE ( 'NONE', ( #7103 ), #1542, .F. ) ;
#1658 = CARTESIAN_POINT ( 'NONE',  ( 26.45812983463202173, 14.28171438076519983, -17.50000000000000000 ) ) ;
#1659 = VECTOR ( 'NONE', #8086, 1000.000000000000000 ) ;
#1660 = DIRECTION ( 'NONE',  ( -0.000000000000000000, -0.000000000000000000, -1.000000000000000000 ) ) ;
#1661 = LINE ( 'NONE', #7274, #1846 ) ;
#1662 = AXIS2_PLACEMENT_3D ( 'NONE', #6001, #7321, #2171 ) ;
#1663 = CARTESIAN_POINT ( 'NONE',  ( 15.75825214724778789, 13.25825214724773993, -28.00000000000000000 ) ) ;
#1664 = EDGE_CURVE ( 'NONE', #4698, #1755, #1445, .T. ) ;
#1665 = AXIS2_PLACEMENT_3D ( 'NONE', #3739, #527, #7449 ) ;
#1666 = VECTOR ( 'NONE', #5687, 1000.000000000000000 ) ;
#1667 = DIRECTION ( 'NONE',  ( -0.000000000000000000, -0.000000000000000000, -1.000000000000000000 ) ) ;
#1668 = ORIENTED_EDGE ( 'NONE', *, *, #7472, .F. ) ;
#1669 = ORIENTED_EDGE ( 'NONE', *, *, #5151, .T. ) ;
#1670 = CARTESIAN_POINT ( 'NONE',  ( 32.96053387467668472, 1.613445597561933287, 17.50000000000000000 ) ) ;
#1671 = CARTESIAN_POINT ( 'NONE',  ( -15.75825214724778789, -13.25825214724773993, 28.00000000000000000 ) ) ;
#1672 = AXIS2_PLACEMENT_3D ( 'NONE', #1193, #6215, #223 ) ;
#1673 = EDGE_CURVE ( 'NONE', #7771, #2574, #306, .T. ) ;
#1674 = VERTEX_POINT ( 'NONE', #7844 ) ;
#1675 = ORIENTED_EDGE ( 'NONE', *, *, #8014, .F. ) ;
#1676 = ORIENTED_EDGE ( 'NONE', *, *, #5713, .T. ) ;
#1677 = AXIS2_PLACEMENT_3D ( 'NONE', #9, #779, #4412 ) ;
#1678 = ORIENTED_EDGE ( 'NONE', *, *, #2661, .F. ) ;
#1679 = DIRECTION ( 'NONE',  ( 1.000000000000000000, 3.469446951953611033E-15, 0.000000000000000000 ) ) ;
#1680 = CARTESIAN_POINT ( 'NONE',  ( 1.000000000000000000, 31.00000000000000000, -17.50000000000000000 ) ) ;
#1681 = DIRECTION ( 'NONE',  ( 0.000000000000000000, -0.000000000000000000, 1.000000000000000000 ) ) ;
#1682 = AXIS2_PLACEMENT_3D ( 'NONE', #791, #7025, #7722 ) ;
#1683 = CARTESIAN_POINT ( 'NONE',  ( 22.76775307624942357, 22.37474960438518323, -17.50000000000000000 ) ) ;
#1684 = DIRECTION ( 'NONE',  ( 1.000000000000000000, 0.000000000000000000, 0.000000000000000000 ) ) ;
#1685 = ORIENTED_EDGE ( 'NONE', *, *, #4058, .F. ) ;
#1686 = ADVANCED_FACE ( 'NONE', ( #3349 ), #5867, .T. ) ;
#1687 = DIRECTION ( 'NONE',  ( 1.000000000000000000, -6.938893903907228378E-15, 0.000000000000000000 ) ) ;
#1688 = ORIENTED_EDGE ( 'NONE', *, *, #7331, .T. ) ;
#1689 = CARTESIAN_POINT ( 'NONE',  ( 18.44237240678539536, -24.99757788285578997, -17.50000000000000000 ) ) ;
#1690 = EDGE_CURVE ( 'NONE', #7792, #2449, #882, .T. ) ;
#1691 = LINE ( 'NONE', #916, #214 ) ;
#1692 = DIRECTION ( 'NONE',  ( -0.000000000000000000, -0.000000000000000000, 1.000000000000000000 ) ) ;
#1693 = DIRECTION ( 'NONE',  ( 0.000000000000000000, -0.000000000000000000, 1.000000000000000000 ) ) ;
#1694 = EDGE_LOOP ( 'NONE', ( #4110, #5632, #2639, #6636 ) ) ;
#1695 = CARTESIAN_POINT ( 'NONE',  ( -15.37797099083640795, 25.77824680239123367, -17.50000000000000000 ) ) ;
#1696 = ORIENTED_EDGE ( 'NONE', *, *, #1506, .T. ) ;
#1697 = LINE ( 'NONE', #3139, #2529 ) ;
#1698 = CARTESIAN_POINT ( 'NONE',  ( 34.00000000000000711, 0.000000000000000000, 18.50000000000000355 ) ) ;
#1699 = CIRCLE ( 'NONE', #650, 1.000000000000000000 ) ;
#1700 = DIRECTION ( 'NONE',  ( -0.000000000000000000, -0.000000000000000000, 1.000000000000000000 ) ) ;
#1701 = ADVANCED_FACE ( 'NONE', ( #218 ), #6525, .T. ) ;
#1702 = DIRECTION ( 'NONE',  ( -0.000000000000000000, -0.000000000000000000, -1.000000000000000000 ) ) ;
#1703 = DIRECTION ( 'NONE',  ( -0.000000000000000000, -0.000000000000000000, -1.000000000000000000 ) ) ;
#1704 = AXIS2_PLACEMENT_3D ( 'NONE', #977, #3448, #7772 ) ;
#1705 = DIRECTION ( 'NONE',  ( 1.000000000000000000, 0.000000000000000000, 0.000000000000000000 ) ) ;
#1706 = ORIENTED_EDGE ( 'NONE', *, *, #2611, .T. ) ;
#1707 = VERTEX_POINT ( 'NONE', #2731 ) ;
#1708 = EDGE_CURVE ( 'NONE', #1287, #6418, #5245, .T. ) ;
#1709 = DIRECTION ( 'NONE',  ( 0.000000000000000000, 0.000000000000000000, 1.000000000000000000 ) ) ;
#1710 = DIRECTION ( 'NONE',  ( 0.000000000000000000, 0.000000000000000000, 1.000000000000000000 ) ) ;
#1711 = ORIENTED_EDGE ( 'NONE', *, *, #1845, .T. ) ;
#1712 = EDGE_CURVE ( 'NONE', #6418, #3288, #5082, .T. ) ;
#1713 = ORIENTED_EDGE ( 'NONE', *, *, #105, .T. ) ;
#1714 = ORIENTED_EDGE ( 'NONE', *, *, #6703, .T. ) ;
#1715 = ORIENTED_EDGE ( 'NONE', *, *, #5872, .T. ) ;
#1716 = DIRECTION ( 'NONE',  ( -0.000000000000000000, -0.000000000000000000, -1.000000000000000000 ) ) ;
#1717 = CARTESIAN_POINT ( 'NONE',  ( 0.000000000000000000, 0.000000000000000000, -20.00000000000000000 ) ) ;
#1718 = DIRECTION ( 'NONE',  ( -1.000000000000000000, 0.000000000000000000, 0.000000000000000000 ) ) ;
#1719 = LINE ( 'NONE', #1802, #6012 ) ;
#1720 = AXIS2_PLACEMENT_3D ( 'NONE', #884, #1410, #7644 ) ;
#1721 = DIRECTION ( 'NONE',  ( 0.000000000000000000, 0.000000000000000000, 1.000000000000000000 ) ) ;
#1722 = EDGE_LOOP ( 'NONE', ( #7557, #392, #2960, #2111 ) ) ;
#1723 = AXIS2_PLACEMENT_3D ( 'NONE', #3222, #4461, #3298 ) ;
#1724 = DIRECTION ( 'NONE',  ( -0.000000000000000000, -0.000000000000000000, -1.000000000000000000 ) ) ;
#1725 = ORIENTED_EDGE ( 'NONE', *, *, #6663, .F. ) ;
#1726 = CARTESIAN_POINT ( 'NONE',  ( -6.814723314855570813, -30.30774729573222004, -17.50000000000000000 ) ) ;
#1727 = AXIS2_PLACEMENT_3D ( 'NONE', #5024, #3133, #1159 ) ;
#1728 = LINE ( 'NONE', #3794, #2441 ) ;
#1729 = CARTESIAN_POINT ( 'NONE',  ( 1.000000000000000000, 30.00000000000000000, -17.50000000000000000 ) ) ;
#1730 = ADVANCED_FACE ( 'NONE', ( #7805 ), #3396, .F. ) ;
#1731 = EDGE_CURVE ( 'NONE', #3645, #3927, #6434, .T. ) ;
#1732 = CARTESIAN_POINT ( 'NONE',  ( -10.89472168800144303, -30.00508355830709917, -17.50000000000000000 ) ) ;
#1733 = AXIS2_PLACEMENT_3D ( 'NONE', #338, #3552, #6643 ) ;
#1734 = ORIENTED_EDGE ( 'NONE', *, *, #2169, .F. ) ;
#1735 = DIRECTION ( 'NONE',  ( 0.000000000000000000, 0.000000000000000000, -1.000000000000000000 ) ) ;
#1736 = CIRCLE ( 'NONE', #3313, 1.000000000000000888 ) ;
#1737 = ORIENTED_EDGE ( 'NONE', *, *, #4227, .T. ) ;
#1738 = CARTESIAN_POINT ( 'NONE',  ( -16.12584365658268126, -28.79161625132310220, -17.50000000000000000 ) ) ;
#1739 = LINE ( 'NONE', #1123, #4399 ) ;
#1740 = ADVANCED_FACE ( 'NONE', ( #2115 ), #103, .F. ) ;
#1741 = DIRECTION ( 'NONE',  ( 0.000000000000000000, 0.000000000000000000, 1.000000000000000000 ) ) ;
#1742 = DIRECTION ( 'NONE',  ( 1.000000000000000000, 0.000000000000000000, 0.000000000000000000 ) ) ;
#1743 = CARTESIAN_POINT ( 'NONE',  ( 6.814723314855759995, 30.30774729573218451, -17.50000000000000000 ) ) ;
#1744 = CIRCLE ( 'NONE', #4242, 1.000000000000000888 ) ;
#1745 = CARTESIAN_POINT ( 'NONE',  ( -31.10784078822863918, -7.503481958012538477, 17.50000000000000000 ) ) ;
#1746 = EDGE_CURVE ( 'NONE', #1616, #1345, #1163, .T. ) ;
#1747 = ORIENTED_EDGE ( 'NONE', *, *, #3451, .F. ) ;
#1748 = ORIENTED_EDGE ( 'NONE', *, *, #7935, .T. ) ;
#1749 = CARTESIAN_POINT ( 'NONE',  ( 6.097256819929165239, 31.41374634251425135, -17.50000000000000000 ) ) ;
#1750 = DIRECTION ( 'NONE',  ( -1.000000000000000000, 7.672273068286434534E-15, 0.000000000000000000 ) ) ;
#1751 = ADVANCED_FACE ( 'NONE', ( #4622 ), #7144, .T. ) ;
#1752 = VERTEX_POINT ( 'NONE', #3397 ) ;
#1753 = VERTEX_POINT ( 'NONE', #5826 ) ;
#1754 = ADVANCED_FACE ( 'NONE', ( #2645 ), #5912, .T. ) ;
#1755 = VERTEX_POINT ( 'NONE', #7233 ) ;
#1756 = VERTEX_POINT ( 'NONE', #1580 ) ;
#1757 = ADVANCED_FACE ( 'NONE', ( #4094 ), #7882, .T. ) ;
#1758 = CARTESIAN_POINT ( 'NONE',  ( 14.91861180829275746, 26.61950033522196435, -17.50000000000000000 ) ) ;
#1759 = DIRECTION ( 'NONE',  ( 1.000000000000000000, 0.000000000000000000, 0.000000000000000000 ) ) ;
#1760 = CARTESIAN_POINT ( 'NONE',  ( -14.70055015408898491, 28.42347313695345790, -17.50000000000000000 ) ) ;
#1761 = CYLINDRICAL_SURFACE ( 'NONE', #2325, 1.000000000000000888 ) ;
#1762 = LINE ( 'NONE', #2301, #1545 ) ;
#1763 = ORIENTED_EDGE ( 'NONE', *, *, #1654, .T. ) ;
#1764 = EDGE_CURVE ( 'NONE', #7548, #4684, #6611, .T. ) ;
#1765 = AXIS2_PLACEMENT_3D ( 'NONE', #261, #5291, #4053 ) ;
#1766 = DIRECTION ( 'NONE',  ( 0.000000000000000000, 0.000000000000000000, 1.000000000000000000 ) ) ;
#1767 = ORIENTED_EDGE ( 'NONE', *, *, #3676, .T. ) ;
#1768 = FACE_OUTER_BOUND ( 'NONE', #1464, .T. ) ;
#1769 = DIRECTION ( 'NONE',  ( 0.9096319953545224379, 0.4154150130018774978, 0.000000000000000000 ) ) ;
#1770 = CARTESIAN_POINT ( 'NONE',  ( -27.73377950337907549, 15.96362973944055419, -17.50000000000000000 ) ) ;
#1771 = CIRCLE ( 'NONE', #4665, 1.000000000000000888 ) ;
#1772 = CARTESIAN_POINT ( 'NONE',  ( 32.88869289243837102, 2.708113702722761307, 17.50000000000000000 ) ) ;
#1773 = ORIENTED_EDGE ( 'NONE', *, *, #1654, .F. ) ;
#1774 = VECTOR ( 'NONE', #5453, 1000.000000000000000 ) ;
#1775 = ORIENTED_EDGE ( 'NONE', *, *, #5232, .F. ) ;
#1776 = ADVANCED_FACE ( 'NONE', ( #344 ), #2854, .F. ) ;
#1777 = CARTESIAN_POINT ( 'NONE',  ( 31.81941497959494569, -2.554374748608763124, -17.50000000000000000 ) ) ;
#1778 = DIRECTION ( 'NONE',  ( 1.000000000000000000, 0.000000000000000000, 0.000000000000000000 ) ) ;
#1779 = CIRCLE ( 'NONE', #5863, 1.000000000000000888 ) ;
#1780 = CARTESIAN_POINT ( 'NONE',  ( 30.22626958139076336, 10.50583776731262731, -17.50000000000000000 ) ) ;
#1781 = CARTESIAN_POINT ( 'NONE',  ( 6.097256819928071891, -31.41374634251448228, 17.50000000000000000 ) ) ;
#1782 = DIRECTION ( 'NONE',  ( -0.000000000000000000, -0.000000000000000000, -1.000000000000000000 ) ) ;
#1783 = CARTESIAN_POINT ( 'NONE',  ( -7.774216288469411928, 30.02601473889095729, 17.50000000000000000 ) ) ;
#1784 = EDGE_CURVE ( 'NONE', #285, #2868, #5897, .T. ) ;
#1785 = ORIENTED_EDGE ( 'NONE', *, *, #7953, .F. ) ;
#1786 = ORIENTED_EDGE ( 'NONE', *, *, #6373, .T. ) ;
#1787 = AXIS2_PLACEMENT_3D ( 'NONE', #2657, #2001, #4510 ) ;
#1788 = CARTESIAN_POINT ( 'NONE',  ( -12.22465886979143690, -30.65220572026147039, 17.50000000000000000 ) ) ;
#1789 = CARTESIAN_POINT ( 'NONE',  ( -34.00000000000000711, 4.163799117101001348E-15, 18.50000000000000355 ) ) ;
#1790 = ORIENTED_EDGE ( 'NONE', *, *, #3628, .T. ) ;
#1791 = ORIENTED_EDGE ( 'NONE', *, *, #804, .F. ) ;
#1792 = AXIS2_PLACEMENT_3D ( 'NONE', #4230, #3736, #1759 ) ;
#1793 = ORIENTED_EDGE ( 'NONE', *, *, #7296, .F. ) ;
#1794 = AXIS2_PLACEMENT_3D ( 'NONE', #1271, #3161, #6922 ) ;
#1795 = VECTOR ( 'NONE', #325, 1000.000000000000000 ) ;
#1796 = ORIENTED_EDGE ( 'NONE', *, *, #7637, .T. ) ;
#1797 = DIRECTION ( 'NONE',  ( -0.000000000000000000, -0.000000000000000000, 1.000000000000000000 ) ) ;
#1798 = DIRECTION ( 'NONE',  ( 1.000000000000000000, 0.000000000000000000, 0.000000000000000000 ) ) ;
#1799 = CARTESIAN_POINT ( 'NONE',  ( -22.50000000000000355, 0.000000000000000000, 20.00000000000000000 ) ) ;
#1800 = CARTESIAN_POINT ( 'NONE',  ( 11.85421466161612969, 29.72335100146560549, 17.50000000000000000 ) ) ;
#1801 = EDGE_CURVE ( 'NONE', #6493, #2083, #6207, .T. ) ;
#1802 = CARTESIAN_POINT ( 'NONE',  ( 12.22465886979163407, 30.65220572026139934, -17.50000000000000000 ) ) ;
#1803 = CARTESIAN_POINT ( 'NONE',  ( 24.73795827287288063, 18.78918360359493178, -17.50000000000000000 ) ) ;
#1804 = EDGE_LOOP ( 'NONE', ( #976, #7479, #3957, #964 ) ) ;
#1805 = CARTESIAN_POINT ( 'NONE',  ( 15.37797099083715047, 25.77824680239079314, 17.50000000000000000 ) ) ;
#1806 = ORIENTED_EDGE ( 'NONE', *, *, #2363, .T. ) ;
#1807 = DIRECTION ( 'NONE',  ( -0.000000000000000000, -0.000000000000000000, 1.000000000000000000 ) ) ;
#1808 = DIRECTION ( 'NONE',  ( -0.000000000000000000, -0.000000000000000000, 1.000000000000000000 ) ) ;
#1809 = EDGE_CURVE ( 'NONE', #980, #8109, #644, .T. ) ;
#1810 = CARTESIAN_POINT ( 'NONE',  ( -21.36276576273737149, -21.15732116706686838, -17.50000000000000000 ) ) ;
#1811 = CARTESIAN_POINT ( 'NONE',  ( 31.10784078822842247, -7.503481958013412445, -17.50000000000000000 ) ) ;
#1812 = ORIENTED_EDGE ( 'NONE', *, *, #2463, .F. ) ;
#1813 = EDGE_CURVE ( 'NONE', #4519, #1093, #3128, .T. ) ;
#1814 = PLANE ( 'NONE',  #1600 ) ;
#1815 = DIRECTION ( 'NONE',  ( -0.000000000000000000, -0.000000000000000000, 1.000000000000000000 ) ) ;
#1816 = CARTESIAN_POINT ( 'NONE',  ( -22.77337607103645922, 21.05643232665837417, -17.50000000000000000 ) ) ;
#1817 = DIRECTION ( 'NONE',  ( -1.000000000000000000, 0.000000000000000000, 0.000000000000000000 ) ) ;
#1818 = FACE_OUTER_BOUND ( 'NONE', #7257, .T. ) ;
#1819 = DIRECTION ( 'NONE',  ( 0.000000000000000000, 0.000000000000000000, 1.000000000000000000 ) ) ;
#1820 = AXIS2_PLACEMENT_3D ( 'NONE', #5840, #814, #4597 ) ;
#1821 = CARTESIAN_POINT ( 'NONE',  ( 15.54180368691998204, -27.88283231949797880, 17.50000000000000000 ) ) ;
#1822 = VECTOR ( 'NONE', #4796, 1000.000000000000000 ) ;
#1823 = VERTEX_POINT ( 'NONE', #65 ) ;
#1824 = DIRECTION ( 'NONE',  ( 0.000000000000000000, -0.000000000000000000, -1.000000000000000000 ) ) ;
#1825 = DIRECTION ( 'NONE',  ( -0.000000000000000000, -0.000000000000000000, 1.000000000000000000 ) ) ;
#1826 = VECTOR ( 'NONE', #4462, 1000.000000000000227 ) ;
#1827 = VERTEX_POINT ( 'NONE', #6289 ) ;
#1828 = ORIENTED_EDGE ( 'NONE', *, *, #2497, .F. ) ;
#1829 = VERTEX_POINT ( 'NONE', #7612 ) ;
#1830 = DIRECTION ( 'NONE',  ( 0.000000000000000000, 0.000000000000000000, -1.000000000000000000 ) ) ;
#1831 = ORIENTED_EDGE ( 'NONE', *, *, #6851, .T. ) ;
#1832 = DIRECTION ( 'NONE',  ( 0.000000000000000000, 0.000000000000000000, 1.000000000000000000 ) ) ;
#1833 = CARTESIAN_POINT ( 'NONE',  ( -22.76775307624928502, -22.37474960438534666, -17.50000000000000000 ) ) ;
#1834 = LINE ( 'NONE', #6795, #6675 ) ;
#1835 = FACE_OUTER_BOUND ( 'NONE', #5832, .T. ) ;
#1836 = EDGE_CURVE ( 'NONE', #737, #4984, #5758, .T. ) ;
#1837 = DIRECTION ( 'NONE',  ( 1.000000000000000000, 0.000000000000000000, 0.000000000000000000 ) ) ;
#1838 = LINE ( 'NONE', #5520, #3779 ) ;
#1839 = EDGE_LOOP ( 'NONE', ( #2071, #7227, #4102, #6660 ) ) ;
#1840 = FACE_OUTER_BOUND ( 'NONE', #7064, .T. ) ;
#1841 = ORIENTED_EDGE ( 'NONE', *, *, #5890, .T. ) ;
#1842 = DIRECTION ( 'NONE',  ( -0.9898214418809303528, 0.1423148382733016859, 0.000000000000000000 ) ) ;
#1843 = CARTESIAN_POINT ( 'NONE',  ( -30.39983502176227148, 6.391402870234039746, 17.50000000000000000 ) ) ;
#1844 = CARTESIAN_POINT ( 'NONE',  ( -18.90681781824548224, -25.72026904967511740, -17.50000000000000000 ) ) ;
#1845 = EDGE_CURVE ( 'NONE', #3811, #7936, #633, .T. ) ;
#1846 = VECTOR ( 'NONE', #2856, 1000.000000000000000 ) ;
#1847 = AXIS2_PLACEMENT_3D ( 'NONE', #730, #8146, #6256 ) ;
#1848 = DIRECTION ( 'NONE',  ( 0.000000000000000000, 0.000000000000000000, 1.000000000000000000 ) ) ;
#1849 = VERTEX_POINT ( 'NONE', #3155 ) ;
#1850 = ORIENTED_EDGE ( 'NONE', *, *, #463, .F. ) ;
#1851 = VECTOR ( 'NONE', #7711, 1000.000000000000000 ) ;
#1852 = ADVANCED_FACE ( 'NONE', ( #7566 ), #7647, .F. ) ;
#1853 = VECTOR ( 'NONE', #1206, 1000.000000000000000 ) ;
#1854 = ORIENTED_EDGE ( 'NONE', *, *, #1382, .T. ) ;
#1855 = DIRECTION ( 'NONE',  ( -0.8412535328311774308, 0.5406408174556033286, 0.000000000000000000 ) ) ;
#1856 = CARTESIAN_POINT ( 'NONE',  ( 0.000000000000000000, 0.000000000000000000, -17.50000000000000000 ) ) ;
#1857 = EDGE_CURVE ( 'NONE', #1630, #5882, #1553, .T. ) ;
#1858 = CARTESIAN_POINT ( 'NONE',  ( 7.774216288469208536, -30.02601473889101058, -17.50000000000000000 ) ) ;
#1859 = CARTESIAN_POINT ( 'NONE',  ( -16.12584365658206309, 28.79161625132344682, 17.50000000000000000 ) ) ;
#1860 = CIRCLE ( 'NONE', #4359, 2.499999999999996891 ) ;
#1861 = CIRCLE ( 'NONE', #6743, 33.00000000000000711 ) ;
#1862 = DIRECTION ( 'NONE',  ( 0.000000000000000000, 0.000000000000000000, 1.000000000000000000 ) ) ;
#1863 = CIRCLE ( 'NONE', #3310, 1.000000000000000000 ) ;
#1864 = CARTESIAN_POINT ( 'NONE',  ( -14.70055015408959775, -28.42347313695313815, -17.50000000000000000 ) ) ;
#1865 = DIRECTION ( 'NONE',  ( 1.000000000000000000, 0.000000000000000000, 0.000000000000000000 ) ) ;
#1866 = ORIENTED_EDGE ( 'NONE', *, *, #3193, .F. ) ;
#1867 = LINE ( 'NONE', #99, #608 ) ;
#1868 = DIRECTION ( 'NONE',  ( 0.000000000000000000, 0.000000000000000000, 1.000000000000000000 ) ) ;
#1869 = AXIS2_PLACEMENT_3D ( 'NONE', #6775, #3018, #3759 ) ;
#1870 = VECTOR ( 'NONE', #1374, 1000.000000000000000 ) ;
#1871 = ORIENTED_EDGE ( 'NONE', *, *, #7272, .F. ) ;
#1872 = VERTEX_POINT ( 'NONE', #561 ) ;
#1873 = EDGE_LOOP ( 'NONE', ( #7859, #490, #7575, #1883 ) ) ;
#1874 = DIRECTION ( 'NONE',  ( 0.000000000000000000, 0.000000000000000000, -1.000000000000000000 ) ) ;
#1875 = VERTEX_POINT ( 'NONE', #4472 ) ;
#1876 = LINE ( 'NONE', #6876, #4365 ) ;
#1877 = EDGE_CURVE ( 'NONE', #8010, #5028, #2212, .T. ) ;
#1878 = LINE ( 'NONE', #6918, #385 ) ;
#1879 = ADVANCED_FACE ( 'NONE', ( #4388 ), #6958, .T. ) ;
#1880 = LINE ( 'NONE', #4392, #5617 ) ;
#1881 = LINE ( 'NONE', #5557, #4429 ) ;
#1882 = CYLINDRICAL_SURFACE ( 'NONE', #1044, 2.499999999999996891 ) ;
#1883 = ORIENTED_EDGE ( 'NONE', *, *, #601, .T. ) ;
#1884 = CARTESIAN_POINT ( 'NONE',  ( 28.73377950337953379, 15.96362973943977970, -17.50000000000000000 ) ) ;
#1885 = ORIENTED_EDGE ( 'NONE', *, *, #1318, .T. ) ;
#1886 = DIRECTION ( 'NONE',  ( -0.000000000000000000, -0.000000000000000000, -1.000000000000000000 ) ) ;
#1887 = DIRECTION ( 'NONE',  ( -0.2817325568414105197, 0.9594929736145029198, 0.000000000000000000 ) ) ;
#1888 = DIRECTION ( 'NONE',  ( 1.000000000000000000, 0.000000000000000000, 0.000000000000000000 ) ) ;
#1889 = CARTESIAN_POINT ( 'NONE',  ( 30.54214986003572463, 5.401581428352257852, 17.50000000000000000 ) ) ;
#1890 = ORIENTED_EDGE ( 'NONE', *, *, #2021, .T. ) ;
#1891 = EDGE_LOOP ( 'NONE', ( #4879, #4751, #6896, #6241 ) ) ;
#1892 = VECTOR ( 'NONE', #7067, 1000.000000000000000 ) ;
#1893 = AXIS2_PLACEMENT_3D ( 'NONE', #3120, #5095, #4349 ) ;
#1894 = ORIENTED_EDGE ( 'NONE', *, *, #7842, .T. ) ;
#1895 = CARTESIAN_POINT ( 'NONE',  ( 14.53671745800597570, 26.31888761984640368, 17.50000000000000000 ) ) ;
#1896 = CARTESIAN_POINT ( 'NONE',  ( -19.74807135107610989, 25.17962823221993673, -17.50000000000000000 ) ) ;
#1897 = CIRCLE ( 'NONE', #5330, 1.000000000000000888 ) ;
#1898 = CARTESIAN_POINT ( 'NONE',  ( 22.77337607103705963, 21.05643232665773468, -17.50000000000000000 ) ) ;
#1899 = VECTOR ( 'NONE', #7310, 1000.000000000000000 ) ;
#1900 = ADVANCED_FACE ( 'NONE', ( #1303 ), #3817, .T. ) ;
#1901 = CARTESIAN_POINT ( 'NONE',  ( 14.91861180829181777, -26.61950033522253278, -17.50000000000000000 ) ) ;
#1902 = APPLICATION_CONTEXT ( 'automotive_design' ) ;
#1903 = FACE_OUTER_BOUND ( 'NONE', #2746, .T. ) ;
#1904 = VERTEX_POINT ( 'NONE', #5588 ) ;
#1905 = AXIS2_PLACEMENT_3D ( 'NONE', #3433, #1617, #5948 ) ;
#1906 = CARTESIAN_POINT ( 'NONE',  ( -22.01762649668221172, 20.40157159271307918, 17.50000000000000000 ) ) ;
#1907 = VECTOR ( 'NONE', #3140, 1000.000000000000000 ) ;
#1908 = EDGE_LOOP ( 'NONE', ( #2634, #480 ) ) ;
#1909 = PLANE ( 'NONE',  #6266 ) ;
#1910 = FACE_OUTER_BOUND ( 'NONE', #6762, .T. ) ;
#1911 = EDGE_CURVE ( 'NONE', #5818, #2669, #6823, .T. ) ;
#1912 = VECTOR ( 'NONE', #5266, 1000.000000000000000 ) ;
#1913 = VECTOR ( 'NONE', #5737, 1000.000000000000000 ) ;
#1914 = VERTEX_POINT ( 'NONE', #3072 ) ;
#1915 = ORIENTED_EDGE ( 'NONE', *, *, #7777, .F. ) ;
#1916 = CARTESIAN_POINT ( 'NONE',  ( -27.78317684298832546, -13.78749739841272870, -17.50000000000000000 ) ) ;
#1917 = ORIENTED_EDGE ( 'NONE', *, *, #7051, .F. ) ;
#1918 = CARTESIAN_POINT ( 'NONE',  ( -15.15994234640426797, 29.31170667248325756, 17.50000000000000000 ) ) ;
#1919 = CARTESIAN_POINT ( 'NONE',  ( -29.13184589196668739, -15.50275959068915732, -17.50000000000000000 ) ) ;
#1920 = DIRECTION ( 'NONE',  ( 0.000000000000000000, -0.000000000000000000, 1.000000000000000000 ) ) ;
#1921 = EDGE_CURVE ( 'NONE', #6644, #1576, #5503, .T. ) ;
#1922 = AXIS2_PLACEMENT_3D ( 'NONE', #6951, #7605, #7642 ) ;
#1923 = CARTESIAN_POINT ( 'NONE',  ( 10.65269520931373570, 29.18081706836641231, 17.50000000000000000 ) ) ;
#1924 = CIRCLE ( 'NONE', #6667, 1.000000000000000888 ) ;
#1925 = DIRECTION ( 'NONE',  ( -0.000000000000000000, -0.000000000000000000, -1.000000000000000000 ) ) ;
#1926 = ORIENTED_EDGE ( 'NONE', *, *, #4822, .T. ) ;
#1927 = CIRCLE ( 'NONE', #6810, 1.000000000000000888 ) ;
#1928 = AXIS2_PLACEMENT_3D ( 'NONE', #662, #3904, #5066 ) ;
#1929 = CARTESIAN_POINT ( 'NONE',  ( -18.44237240678610235, -24.99757788285526416, 17.50000000000000000 ) ) ;
#1930 = DIRECTION ( 'NONE',  ( 1.000000000000000000, 0.000000000000000000, 0.000000000000000000 ) ) ;
#1931 = DIRECTION ( 'NONE',  ( -0.000000000000000000, -0.000000000000000000, -1.000000000000000000 ) ) ;
#1932 = VECTOR ( 'NONE', #5640, 1000.000000000000000 ) ;
#1933 = LINE ( 'NONE', #2011, #418 ) ;
#1934 = CARTESIAN_POINT ( 'NONE',  ( -22.76775307624879474, 22.37474960438582983, -17.50000000000000000 ) ) ;
#1935 = ORIENTED_EDGE ( 'NONE', *, *, #287, .T. ) ;
#1936 = ORIENTED_EDGE ( 'NONE', *, *, #551, .F. ) ;
#1937 = EDGE_CURVE ( 'NONE', #187, #1974, #684, .T. ) ;
#1938 = ADVANCED_FACE ( 'NONE', ( #5003 ), #2614, .F. ) ;
#1939 = ORIENTED_EDGE ( 'NONE', *, *, #1567, .F. ) ;
#1940 = DIRECTION ( 'NONE',  ( -0.000000000000000000, -0.000000000000000000, -1.000000000000000000 ) ) ;
#1941 = ORIENTED_EDGE ( 'NONE', *, *, #5952, .T. ) ;
#1942 = FACE_OUTER_BOUND ( 'NONE', #2306, .T. ) ;
#1943 = CARTESIAN_POINT ( 'NONE',  ( -22.76775307624928502, -22.37474960438534666, -17.50000000000000000 ) ) ;
#1944 = AXIS2_PLACEMENT_3D ( 'NONE', #7527, #1874, #1265 ) ;
#1945 = DIRECTION ( 'NONE',  ( -1.000000000000000000, 0.000000000000000000, 0.000000000000000000 ) ) ;
#1946 = AXIS2_PLACEMENT_3D ( 'NONE', #7621, #4400, #694 ) ;
#1947 = CARTESIAN_POINT ( 'NONE',  ( -2.000000000000230926, -30.99999999999999289, -17.50000000000000000 ) ) ;
#1948 = EDGE_LOOP ( 'NONE', ( #2278, #1295, #3367, #4266 ) ) ;
#1949 = DIRECTION ( 'NONE',  ( 0.000000000000000000, 0.000000000000000000, 1.000000000000000000 ) ) ;
#1950 = EDGE_CURVE ( 'NONE', #7897, #1603, #3274, .T. ) ;
#1951 = VERTEX_POINT ( 'NONE', #6486 ) ;
#1952 = DIRECTION ( 'NONE',  ( -0.000000000000000000, -0.000000000000000000, -1.000000000000000000 ) ) ;
#1953 = LINE ( 'NONE', #2646, #7164 ) ;
#1954 = CARTESIAN_POINT ( 'NONE',  ( 22.01762649668279082, 20.40157159271246101, 17.50000000000000000 ) ) ;
#1955 = ORIENTED_EDGE ( 'NONE', *, *, #1607, .T. ) ;
#1956 = AXIS2_PLACEMENT_3D ( 'NONE', #4956, #1819, #4334 ) ;
#1957 = EDGE_CURVE ( 'NONE', #3542, #1435, #5788, .T. ) ;
#1958 = CARTESIAN_POINT ( 'NONE',  ( -9.693202235698414881, 29.46254962520812271, 17.50000000000000000 ) ) ;
#1959 = ORIENTED_EDGE ( 'NONE', *, *, #3208, .T. ) ;
#1960 = ORIENTED_EDGE ( 'NONE', *, *, #4910, .F. ) ;
#1961 = LINE ( 'NONE', #3237, #1242 ) ;
#1962 = DIRECTION ( 'NONE',  ( -0.000000000000000000, -0.000000000000000000, -1.000000000000000000 ) ) ;
#1963 = ADVANCED_FACE ( 'NONE', ( #2124 ), #4676, .T. ) ;
#1964 = CIRCLE ( 'NONE', #7630, 1.000000000000000888 ) ;
#1965 = AXIS2_PLACEMENT_3D ( 'NONE', #7112, #7732, #2084 ) ;
#1966 = EDGE_LOOP ( 'NONE', ( #6668, #2919 ) ) ;
#1967 = DIRECTION ( 'NONE',  ( -0.000000000000000000, 0.000000000000000000, 1.000000000000000000 ) ) ;
#1968 = CARTESIAN_POINT ( 'NONE',  ( 15.70055015408879129, -28.42347313695356092, 17.50000000000000000 ) ) ;
#1969 = CARTESIAN_POINT ( 'NONE',  ( -27.78317684298832546, -13.78749739841272870, 17.50000000000000000 ) ) ;
#1970 = CARTESIAN_POINT ( 'NONE',  ( -13.25825214724778967, -13.25825214724773993, -40.00000000000000000 ) ) ;
#1971 = LINE ( 'NONE', #774, #2985 ) ;
#1972 = VERTEX_POINT ( 'NONE', #2777 ) ;
#1973 = ORIENTED_EDGE ( 'NONE', *, *, #1979, .F. ) ;
#1974 = VERTEX_POINT ( 'NONE', #5298 ) ;
#1975 = CARTESIAN_POINT ( 'NONE',  ( 31.81941497959494569, -2.554374748608763124, -17.50000000000000000 ) ) ;
#1976 = ORIENTED_EDGE ( 'NONE', *, *, #3496, .T. ) ;
#1977 = CARTESIAN_POINT ( 'NONE',  ( -30.39983502176241359, -6.391402870233392264, -17.50000000000000000 ) ) ;
#1978 = EDGE_CURVE ( 'NONE', #6097, #7852, #4565, .T. ) ;
#1979 = EDGE_CURVE ( 'NONE', #6086, #6037, #3356, .T. ) ;
#1980 = DIRECTION ( 'NONE',  ( -1.000000000000000000, -4.426311385549866798E-16, 0.000000000000000000 ) ) ;
#1981 = DIRECTION ( 'NONE',  ( 1.000000000000000000, 0.000000000000000000, 0.000000000000000000 ) ) ;
#1982 = DIRECTION ( 'NONE',  ( 1.000000000000000000, 0.000000000000000000, 0.000000000000000000 ) ) ;
#1983 = AXIS2_PLACEMENT_3D ( 'NONE', #4133, #7312, #7846 ) ;
#1984 = ORIENTED_EDGE ( 'NONE', *, *, #5735, .T. ) ;
#1985 = DIRECTION ( 'NONE',  ( -0.000000000000000000, -0.000000000000000000, 1.000000000000000000 ) ) ;
#1986 = EDGE_CURVE ( 'NONE', #901, #6235, #138, .T. ) ;
#1987 = VECTOR ( 'NONE', #7849, 1000.000000000000227 ) ;
#1988 = EDGE_LOOP ( 'NONE', ( #7540, #4507, #6853, #6198 ) ) ;
#1989 = CARTESIAN_POINT ( 'NONE',  ( -2.999999999999999556, 31.85906464414798478, 17.50000000000000000 ) ) ;
#1990 = DIRECTION ( 'NONE',  ( 1.000000000000000000, 2.081668171172166620E-14, 0.000000000000000000 ) ) ;
#1991 = LINE ( 'NONE', #4624, #1327 ) ;
#1992 = AXIS2_PLACEMENT_3D ( 'NONE', #3296, #7636, #2722 ) ;
#1993 = CARTESIAN_POINT ( 'NONE',  ( 29.81085456838849623, -11.41546976266820401, -17.50000000000000000 ) ) ;
#1994 = EDGE_CURVE ( 'NONE', #5186, #4070, #2653, .T. ) ;
#1995 = CIRCLE ( 'NONE', #1214, 1.000000000000000888 ) ;
#1996 = LINE ( 'NONE', #4506, #1870 ) ;
#1997 = ORIENTED_EDGE ( 'NONE', *, *, #6032, .F. ) ;
#1998 = EDGE_CURVE ( 'NONE', #702, #4045, #2530, .T. ) ;
#1999 = VERTEX_POINT ( 'NONE', #2738 ) ;
#2000 = CARTESIAN_POINT ( 'NONE',  ( 28.60046011286014433, 16.46249316879727687, -17.50000000000000000 ) ) ;
#2001 = DIRECTION ( 'NONE',  ( 0.000000000000000000, 0.000000000000000000, 1.000000000000000000 ) ) ;
#2002 = AXIS2_PLACEMENT_3D ( 'NONE', #4651, #371, #6556 ) ;
#2003 = VECTOR ( 'NONE', #4469, 1000.000000000000000 ) ;
#2004 = EDGE_LOOP ( 'NONE', ( #7896, #8011, #2335, #7111 ) ) ;
#2005 = ORIENTED_EDGE ( 'NONE', *, *, #2061, .F. ) ;
#2006 = EDGE_CURVE ( 'NONE', #7634, #7704, #800, .T. ) ;
#2007 = ADVANCED_FACE ( 'NONE', ( #7811 ), #3717, .F. ) ;
#2008 = CARTESIAN_POINT ( 'NONE',  ( -22.80392022800100449, -23.85332727807522701, 17.50000000000000000 ) ) ;
#2009 = CYLINDRICAL_SURFACE ( 'NONE', #7954, 1.000000000000000888 ) ;
#2010 = FACE_OUTER_BOUND ( 'NONE', #1471, .T. ) ;
#2011 = CARTESIAN_POINT ( 'NONE',  ( 29.55232841815478650, 5.259266590078988557, 17.50000000000000000 ) ) ;
#2012 = EDGE_CURVE ( 'NONE', #2083, #7679, #693, .T. ) ;
#2013 = CYLINDRICAL_SURFACE ( 'NONE', #6943, 1.000000000000000888 ) ;
#2014 = EDGE_LOOP ( 'NONE', ( #3743, #2225, #5940, #3730 ) ) ;
#2015 = ORIENTED_EDGE ( 'NONE', *, *, #6133, .T. ) ;
#2016 = ORIENTED_EDGE ( 'NONE', *, *, #2538, .F. ) ;
#2017 = DIRECTION ( 'NONE',  ( 1.000000000000000000, 0.000000000000000000, 0.000000000000000000 ) ) ;
#2018 = ORIENTED_EDGE ( 'NONE', *, *, #6936, .F. ) ;
#2019 = PLANE ( 'NONE',  #6789 ) ;
#2020 = CARTESIAN_POINT ( 'NONE',  ( 18.90681781824475749, -25.72026904967566452, -17.50000000000000000 ) ) ;
#2021 = EDGE_CURVE ( 'NONE', #6792, #3153, #177, .T. ) ;
#2022 = LINE ( 'NONE', #708, #1851 ) ;
#2023 = VERTEX_POINT ( 'NONE', #758 ) ;
#2024 = FILL_AREA_STYLE_COLOUR ( '', #2888 ) ;
#2025 = EDGE_LOOP ( 'NONE', ( #5345, #1997, #4103, #1747 ) ) ;
#2026 = DIRECTION ( 'NONE',  ( -0.000000000000000000, -0.000000000000000000, -1.000000000000000000 ) ) ;
#2027 = EDGE_CURVE ( 'NONE', #5898, #6727, #934, .T. ) ;
#2028 = ORIENTED_EDGE ( 'NONE', *, *, #2092, .T. ) ;
#2029 = CIRCLE ( 'NONE', #4137, 1.000000000000000888 ) ;
#2030 = CARTESIAN_POINT ( 'NONE',  ( -19.49085778790738743, -26.62905298150068845, 17.50000000000000000 ) ) ;
#2031 = DIRECTION ( 'NONE',  ( 0.000000000000000000, 0.000000000000000000, 1.000000000000000000 ) ) ;
#2032 = FACE_OUTER_BOUND ( 'NONE', #7435, .T. ) ;
#2033 = CARTESIAN_POINT ( 'NONE',  ( 7.774216288470253922, 30.02601473889074057, 17.50000000000000000 ) ) ;
#2034 = VECTOR ( 'NONE', #2954, 1000.000000000000000 ) ;
#2035 = CIRCLE ( 'NONE', #6507, 1.000000000000000000 ) ;
#2036 = EDGE_CURVE ( 'NONE', #1224, #7204, #1996, .T. ) ;
#2037 = LINE ( 'NONE', #2693, #3457 ) ;
#2038 = ORIENTED_EDGE ( 'NONE', *, *, #3567, .T. ) ;
#2039 = EDGE_CURVE ( 'NONE', #7440, #1550, #2037, .T. ) ;
#2040 = EDGE_LOOP ( 'NONE', ( #5158, #4315, #4303 ) ) ;
#2041 = CARTESIAN_POINT ( 'NONE',  ( 22.50000000000000355, 2.755455298081545172E-15, 40.00000000000000000 ) ) ;
#2042 = CARTESIAN_POINT ( 'NONE',  ( -6.097256819928285054, 31.41374634251442544, -17.50000000000000000 ) ) ;
#2043 = AXIS2_PLACEMENT_3D ( 'NONE', #5604, #4204, #8111 ) ;
#2044 = ORIENTED_EDGE ( 'NONE', *, *, #5691, .F. ) ;
#2045 = ORIENTED_EDGE ( 'NONE', *, *, #3246, .F. ) ;
#2046 = CIRCLE ( 'NONE', #5480, 0.9999999999999974465 ) ;
#2047 = VECTOR ( 'NONE', #4536, 1000.000000000000000 ) ;
#2048 = CARTESIAN_POINT ( 'NONE',  ( 9.693202235699240887, 29.46254962520785625, 17.50000000000000000 ) ) ;
#2049 = CARTESIAN_POINT ( 'NONE',  ( 0.000000000000000000, 0.000000000000000000, -40.00000000000000000 ) ) ;
#2050 = ADVANCED_FACE ( 'NONE', ( #7768 ), #7150, .T. ) ;
#2051 = LINE ( 'NONE', #3285, #3363 ) ;
#2052 = VECTOR ( 'NONE', #762, 1000.000000000000000 ) ;
#2053 = CARTESIAN_POINT ( 'NONE',  ( 29.81085456838849623, -11.41546976266820401, -17.50000000000000000 ) ) ;
#2054 = AXIS2_PLACEMENT_3D ( 'NONE', #2925, #7950, #4163 ) ;
#2055 = CIRCLE ( 'NONE', #1928, 1.000000000000000888 ) ;
#2056 = CARTESIAN_POINT ( 'NONE',  ( 0.000000000000000000, 0.000000000000000000, -40.00000000000000000 ) ) ;
#2057 = VERTEX_POINT ( 'NONE', #6440 ) ;
#2058 = ORIENTED_EDGE ( 'NONE', *, *, #6287, .F. ) ;
#2059 = AXIS2_PLACEMENT_3D ( 'NONE', #1269, #5554, #5593 ) ;
#2060 = ORIENTED_EDGE ( 'NONE', *, *, #4381, .T. ) ;
#2061 = EDGE_CURVE ( 'NONE', #7518, #6744, #3315, .T. ) ;
#2062 = FACE_OUTER_BOUND ( 'NONE', #3135, .T. ) ;
#2063 = VERTEX_POINT ( 'NONE', #2081 ) ;
#2064 = CYLINDRICAL_SURFACE ( 'NONE', #2962, 1.000000000000000000 ) ;
#2065 = AXIS2_PLACEMENT_3D ( 'NONE', #7498, #6183, #533 ) ;
#2066 = VECTOR ( 'NONE', #6892, 1000.000000000000000 ) ;
#2067 = DIRECTION ( 'NONE',  ( 1.000000000000000000, 0.000000000000000000, 0.000000000000000000 ) ) ;
#2068 = EDGE_CURVE ( 'NONE', #3392, #3891, #6476, .T. ) ;
#2069 = CARTESIAN_POINT ( 'NONE',  ( 0.000000000000000000, 0.000000000000000000, -17.50000000000000000 ) ) ;
#2070 = ORIENTED_EDGE ( 'NONE', *, *, #556, .T. ) ;
#2071 = ORIENTED_EDGE ( 'NONE', *, *, #661, .F. ) ;
#2072 = APPLICATION_PROTOCOL_DEFINITION ( 'draft international standard', 'automotive_design', 1998, #1902 ) ;
#2073 = CIRCLE ( 'NONE', #3127, 2.499999999999998668 ) ;
#2074 = ORIENTED_EDGE ( 'NONE', *, *, #6409, .F. ) ;
#2075 = ORIENTED_EDGE ( 'NONE', *, *, #2893, .T. ) ;
#2076 = DIRECTION ( 'NONE',  ( 1.000000000000000000, 0.000000000000000000, 0.000000000000000000 ) ) ;
#2077 = DIRECTION ( 'NONE',  ( -0.8571673007021118895, 0.000000000000000000, -0.5150380749100549327 ) ) ;
#2078 = CARTESIAN_POINT ( 'NONE',  ( -30.96909437485546235, 2.432117102710313894, -17.50000000000000000 ) ) ;
#2079 = LINE ( 'NONE', #2120, #4244 ) ;
#2080 = DIRECTION ( 'NONE',  ( 0.000000000000000000, 0.000000000000000000, -1.000000000000000000 ) ) ;
#2081 = CARTESIAN_POINT ( 'NONE',  ( -26.87354484763380214, -13.37208238541085059, -17.50000000000000000 ) ) ;
#2082 = ORIENTED_EDGE ( 'NONE', *, *, #4612, .F. ) ;
#2083 = VERTEX_POINT ( 'NONE', #6483 ) ;
#2084 = DIRECTION ( 'NONE',  ( 1.000000000000000000, 0.000000000000000000, 0.000000000000000000 ) ) ;
#2085 = DIRECTION ( 'NONE',  ( -0.000000000000000000, -0.000000000000000000, -1.000000000000000000 ) ) ;
#2086 = EDGE_CURVE ( 'NONE', #1624, #493, #4505, .T. ) ;
#2087 = EDGE_CURVE ( 'NONE', #1097, #8035, #4771, .T. ) ;
#2088 = ORIENTED_EDGE ( 'NONE', *, *, #2250, .F. ) ;
#2089 = ORIENTED_EDGE ( 'NONE', *, *, #2199, .F. ) ;
#2090 = ORIENTED_EDGE ( 'NONE', *, *, #2869, .T. ) ;
#2091 = AXIS2_PLACEMENT_3D ( 'NONE', #311, #4136, #8008 ) ;
#2092 = EDGE_CURVE ( 'NONE', #3323, #4728, #5829, .T. ) ;
#2093 = DIRECTION ( 'NONE',  ( -0.000000000000000000, -0.000000000000000000, -1.000000000000000000 ) ) ;
#2094 = DIRECTION ( 'NONE',  ( 1.000000000000000000, 0.000000000000000000, 0.000000000000000000 ) ) ;
#2095 = CARTESIAN_POINT ( 'NONE',  ( -15.37797099083640795, 25.77824680239123367, -17.50000000000000000 ) ) ;
#2096 = CARTESIAN_POINT ( 'NONE',  ( -10.89472168800144125, -30.00508355830709917, -17.50000000000000000 ) ) ;
#2097 = AXIS2_PLACEMENT_3D ( 'NONE', #7033, #110, #648 ) ;
#2098 = DIRECTION ( 'NONE',  ( -0.000000000000000000, -0.000000000000000000, 1.000000000000000000 ) ) ;
#2099 = EDGE_LOOP ( 'NONE', ( #7418, #579, #2405, #3303 ) ) ;
#2100 = VERTEX_POINT ( 'NONE', #1954 ) ;
#2101 = EDGE_CURVE ( 'NONE', #84, #1521, #5563, .T. ) ;
#2102 = ORIENTED_EDGE ( 'NONE', *, *, #3936, .F. ) ;
#2103 = DIRECTION ( 'NONE',  ( 0.9096319953545141113, -0.4154150130018957610, 0.000000000000000000 ) ) ;
#2104 = VERTEX_POINT ( 'NONE', #5248 ) ;
#2105 = DIRECTION ( 'NONE',  ( 0.8412535328311923077, 0.5406408174555803470, 0.000000000000000000 ) ) ;
#2106 = EDGE_CURVE ( 'NONE', #6824, #4521, #6087, .T. ) ;
#2107 = CARTESIAN_POINT ( 'NONE',  ( 29.97927293297451001, -2.289802264437225343, -17.50000000000000000 ) ) ;
#2108 = DIRECTION ( 'NONE',  ( 0.4154150130018977038, 0.9096319953545133341, 0.000000000000000000 ) ) ;
#2109 = ORIENTED_EDGE ( 'NONE', *, *, #601, .F. ) ;
#2110 = EDGE_CURVE ( 'NONE', #3214, #655, #1451, .T. ) ;
#2111 = ORIENTED_EDGE ( 'NONE', *, *, #1055, .T. ) ;
#2112 = ORIENTED_EDGE ( 'NONE', *, *, #3573, .T. ) ;
#2113 = EDGE_CURVE ( 'NONE', #1331, #5977, #2079, .T. ) ;
#2114 = ORIENTED_EDGE ( 'NONE', *, *, #3935, .T. ) ;
#2115 = FACE_OUTER_BOUND ( 'NONE', #803, .T. ) ;
#2116 = FACE_OUTER_BOUND ( 'NONE', #3688, .T. ) ;
#2117 = CARTESIAN_POINT ( 'NONE',  ( -26.20361227996063747, -20.05918003013822926, -17.50000000000000000 ) ) ;
#2118 = VECTOR ( 'NONE', #2321, 1000.000000000000000 ) ;
#2119 = AXIS2_PLACEMENT_3D ( 'NONE', #6846, #3664, #7339 ) ;
#2120 = CARTESIAN_POINT ( 'NONE',  ( 32.88869289243826444, -2.708113702723900396, 17.50000000000000000 ) ) ;
#2121 = EDGE_CURVE ( 'NONE', #1255, #1606, #2650, .T. ) ;
#2122 = DIRECTION ( 'NONE',  ( 1.000000000000000000, -4.426311385549866798E-16, 0.000000000000000000 ) ) ;
#2123 = AXIS2_PLACEMENT_3D ( 'NONE', #670, #3951, #1945 ) ;
#2124 = FACE_OUTER_BOUND ( 'NONE', #5947, .T. ) ;
#2125 = VERTEX_POINT ( 'NONE', #3230 ) ;
#2127 = PLANE ( 'NONE',  #1373 ) ;
#2126 = VECTOR ( 'NONE', #1437, 1000.000000000000000 ) ;
#2128 = ORIENTED_EDGE ( 'NONE', *, *, #1009, .F. ) ;
#2129 = CARTESIAN_POINT ( 'NONE',  ( 28.73377950337897957, -15.96362973944075137, -17.50000000000000000 ) ) ;
#2130 = LINE ( 'NONE', #2863, #4030 ) ;
#2131 = CIRCLE ( 'NONE', #1472, 1.000000000000000888 ) ;
#2132 = ORIENTED_EDGE ( 'NONE', *, *, #3728, .T. ) ;
#2133 = VECTOR ( 'NONE', #5686, 1000.000000000000114 ) ;
#2134 = ORIENTED_EDGE ( 'NONE', *, *, #782, .F. ) ;
#2135 = VERTEX_POINT ( 'NONE', #3924 ) ;
#2136 = EDGE_CURVE ( 'NONE', #901, #6064, #2145, .T. ) ;
#2137 = EDGE_CURVE ( 'NONE', #4128, #4036, #175, .T. ) ;
#2138 = CARTESIAN_POINT ( 'NONE',  ( 22.80392022800116081, 23.85332727807506714, 17.50000000000000000 ) ) ;
#2139 = DIRECTION ( 'NONE',  ( 0.8412535328311860905, 0.5406408174555898949, 0.000000000000000000 ) ) ;
#2140 = DIRECTION ( 'NONE',  ( 0.4154150130019015341, 0.9096319953545115577, 0.000000000000000000 ) ) ;
#2141 = DIRECTION ( 'NONE',  ( 0.000000000000000000, 0.000000000000000000, 1.000000000000000000 ) ) ;
#2142 = VECTOR ( 'NONE', #3945, 1000.000000000000000 ) ;
#2143 = LINE ( 'NONE', #241, #3377 ) ;
#2144 = ORIENTED_EDGE ( 'NONE', *, *, #6596, .T. ) ;
#2145 = CIRCLE ( 'NONE', #6755, 1.000000000000000000 ) ;
#2146 = VERTEX_POINT ( 'NONE', #5785 ) ;
#2147 = ORIENTED_EDGE ( 'NONE', *, *, #3738, .F. ) ;
#2148 = CARTESIAN_POINT ( 'NONE',  ( -26.85587101928741660, -19.17712678675821181, -17.50000000000000000 ) ) ;
#2149 = VERTEX_POINT ( 'NONE', #757 ) ;
#2150 = CARTESIAN_POINT ( 'NONE',  ( 21.36276576273751715, 21.15732116706673338, -17.50000000000000000 ) ) ;
#2151 = CARTESIAN_POINT ( 'NONE',  ( -13.25825214724779322, -13.25825214724773993, -26.49784845243109999 ) ) ;
#2152 = CARTESIAN_POINT ( 'NONE',  ( -12.22465886979144045, -30.65220572026147750, -17.50000000000000000 ) ) ;
#2153 = CARTESIAN_POINT ( 'NONE',  ( -6.287796095551751563, -32.39542591571787256, -17.50000000000000000 ) ) ;
#2154 = EDGE_LOOP ( 'NONE', ( #5968, #2329, #236, #2765 ) ) ;
#2155 = DIRECTION ( 'NONE',  ( -0.000000000000000000, -0.000000000000000000, -1.000000000000000000 ) ) ;
#2156 = ORIENTED_EDGE ( 'NONE', *, *, #1712, .T. ) ;
#2157 = ORIENTED_EDGE ( 'NONE', *, *, #2036, .F. ) ;
#2158 = DIRECTION ( 'NONE',  ( 1.000000000000000000, 0.000000000000000000, 0.000000000000000000 ) ) ;
#2159 = DIRECTION ( 'NONE',  ( 0.000000000000000000, -0.000000000000000000, 1.000000000000000000 ) ) ;
#2160 = EDGE_CURVE ( 'NONE', #4916, #2852, #796, .T. ) ;
#2161 = CARTESIAN_POINT ( 'NONE',  ( 2.999999999999999556, 31.85906464414798478, 17.50000000000000000 ) ) ;
#2162 = CARTESIAN_POINT ( 'NONE',  ( 15.54180368691998204, -27.88283231949797880, -17.50000000000000000 ) ) ;
#2163 = CYLINDRICAL_SURFACE ( 'NONE', #4173, 1.000000000000000888 ) ;
#2164 = AXIS2_PLACEMENT_3D ( 'NONE', #1409, #3229, #5044 ) ;
#2165 = DIRECTION ( 'NONE',  ( -0.000000000000000000, -0.000000000000000000, 1.000000000000000000 ) ) ;
#2166 = EDGE_LOOP ( 'NONE', ( #112, #158, #2890, #5146 ) ) ;
#2167 = CARTESIAN_POINT ( 'NONE',  ( -29.55232841815475808, -5.259266590079183956, 17.50000000000000000 ) ) ;
#2168 = ORIENTED_EDGE ( 'NONE', *, *, #1937, .T. ) ;
#2169 = EDGE_CURVE ( 'NONE', #5707, #7406, #5870, .T. ) ;
#2170 = DIRECTION ( 'NONE',  ( -1.000000000000000000, 0.000000000000000000, 0.000000000000000000 ) ) ;
#2171 = DIRECTION ( 'NONE',  ( 1.000000000000000000, 0.000000000000000000, 0.000000000000000000 ) ) ;
#2172 = ORIENTED_EDGE ( 'NONE', *, *, #5180, .F. ) ;
#2173 = ORIENTED_EDGE ( 'NONE', *, *, #6751, .T. ) ;
#2174 = VERTEX_POINT ( 'NONE', #3271 ) ;
#2175 = AXIS2_PLACEMENT_3D ( 'NONE', #6721, #6058, #410 ) ;
#2176 = AXIS2_PLACEMENT_3D ( 'NONE', #1896, #50, #5073 ) ;
#2177 = DIRECTION ( 'NONE',  ( 1.000000000000000000, 0.000000000000000000, 0.000000000000000000 ) ) ;
#2178 = DIRECTION ( 'NONE',  ( -0.000000000000000000, -0.000000000000000000, 1.000000000000000000 ) ) ;
#2179 = CARTESIAN_POINT ( 'NONE',  ( -19.74807135107666056, -25.17962823221951396, -17.50000000000000000 ) ) ;
#2180 = CARTESIAN_POINT ( 'NONE',  ( -23.58416934417903121, 23.08217832755579835, 17.50000000000000000 ) ) ;
#2181 = PLANE ( 'NONE',  #1145 ) ;
#2182 = ORIENTED_EDGE ( 'NONE', *, *, #2893, .F. ) ;
#2183 = VERTEX_POINT ( 'NONE', #3854 ) ;
#2184 = VECTOR ( 'NONE', #2679, 1000.000000000000114 ) ;
#2185 = VECTOR ( 'NONE', #938, 1000.000000000000000 ) ;
#2186 = ORIENTED_EDGE ( 'NONE', *, *, #5579, .F. ) ;
#2187 = DIRECTION ( 'NONE',  ( 1.000000000000000000, 0.000000000000000000, 0.000000000000000000 ) ) ;
#2188 = ORIENTED_EDGE ( 'NONE', *, *, #5035, .F. ) ;
#2189 = CARTESIAN_POINT ( 'NONE',  ( 27.36776182998602636, -14.69712939376802652, -17.50000000000000000 ) ) ;
#2190 = DIRECTION ( 'NONE',  ( -0.4154150130018983145, -0.9096319953545128900, -0.000000000000000000 ) ) ;
#2191 = AXIS2_PLACEMENT_3D ( 'NONE', #5242, #2026, #2766 ) ;
#2192 = DIRECTION ( 'NONE',  ( -1.000000000000000000, 0.000000000000000000, 0.000000000000000000 ) ) ;
#2193 = CIRCLE ( 'NONE', #6803, 2.499999999999996891 ) ;
#2194 = EDGE_CURVE ( 'NONE', #2200, #5359, #1219, .T. ) ;
#2195 = CARTESIAN_POINT ( 'NONE',  ( 23.58416934417887489, -23.08217832755595822, -17.50000000000000000 ) ) ;
#2196 = EDGE_LOOP ( 'NONE', ( #993, #1375, #4640, #5306 ) ) ;
#2197 = VECTOR ( 'NONE', #6546, 1000.000000000000000 ) ;
#2198 = CARTESIAN_POINT ( 'NONE',  ( 14.70055015408878951, -28.42347313695356092, -17.50000000000000000 ) ) ;
#2199 = EDGE_CURVE ( 'NONE', #6718, #2409, #3352, .T. ) ;
#2200 = VERTEX_POINT ( 'NONE', #6354 ) ;
#2201 = AXIS2_PLACEMENT_3D ( 'NONE', #7463, #5569, #7384 ) ;
#2202 = ORIENTED_EDGE ( 'NONE', *, *, #7587, .F. ) ;
#2203 = DIRECTION ( 'NONE',  ( -0.000000000000000000, -0.000000000000000000, 1.000000000000000000 ) ) ;
#2204 = DIRECTION ( 'NONE',  ( 0.000000000000000000, 0.000000000000000000, 1.000000000000000000 ) ) ;
#2205 = CARTESIAN_POINT ( 'NONE',  ( 0.000000000000000000, 0.000000000000000000, 40.00000000000000000 ) ) ;
#2206 = CARTESIAN_POINT ( 'NONE',  ( -27.73377950337942721, -15.96362973943997154, -17.50000000000000000 ) ) ;
#2207 = DIRECTION ( 'NONE',  ( 1.000000000000000000, 0.000000000000000000, 0.000000000000000000 ) ) ;
#2208 = EDGE_LOOP ( 'NONE', ( #6186, #7424, #1042, #3906 ) ) ;
#2209 = VERTEX_POINT ( 'NONE', #1993 ) ;
#2210 = DIRECTION ( 'NONE',  ( 0.000000000000000000, 0.000000000000000000, 1.000000000000000000 ) ) ;
#2211 = DIRECTION ( 'NONE',  ( 0.5406408174555813462, -0.8412535328311916416, 0.000000000000000000 ) ) ;
#2212 = CIRCLE ( 'NONE', #6158, 1.000000000000000888 ) ;
#2213 = ORIENTED_EDGE ( 'NONE', *, *, #6763, .T. ) ;
#2214 = ORIENTED_EDGE ( 'NONE', *, *, #5727, .F. ) ;
#2215 = EDGE_CURVE ( 'NONE', #7938, #388, #7928, .T. ) ;
#2216 = VECTOR ( 'NONE', #4445, 1000.000000000000000 ) ;
#2217 = ORIENTED_EDGE ( 'NONE', *, *, #2945, .T. ) ;
#2218 = EDGE_CURVE ( 'NONE', #1176, #1972, #3401, .T. ) ;
#2219 = CARTESIAN_POINT ( 'NONE',  ( -22.11289234230400780, -23.13049917873961192, -17.50000000000000000 ) ) ;
#2220 = CARTESIAN_POINT ( 'NONE',  ( -28.14919451638097314, 15.05399774408603797, -17.50000000000000000 ) ) ;
#2221 = DIRECTION ( 'NONE',  ( 0.000000000000000000, 0.000000000000000000, -1.000000000000000000 ) ) ;
#2222 = CARTESIAN_POINT ( 'NONE',  ( -32.96053387467667051, -1.613445597562145561, -17.50000000000000000 ) ) ;
#2223 = VECTOR ( 'NONE', #3537, 1000.000000000000000 ) ;
#2224 = LINE ( 'NONE', #4697, #2582 ) ;
#2225 = ORIENTED_EDGE ( 'NONE', *, *, #476, .F. ) ;
#2226 = VERTEX_POINT ( 'NONE', #5915 ) ;
#2227 = VECTOR ( 'NONE', #3443, 1000.000000000000000 ) ;
#2228 = ORIENTED_EDGE ( 'NONE', *, *, #967, .T. ) ;
#2229 = CARTESIAN_POINT ( 'NONE',  ( -30.22626958139045783, 10.50583776731347285, 17.50000000000000000 ) ) ;
#2230 = VERTEX_POINT ( 'NONE', #2773 ) ;
#2231 = LINE ( 'NONE', #7992, #3623 ) ;
#2232 = CARTESIAN_POINT ( 'NONE',  ( -31.10784078822846865, 7.503481958013199282, -17.50000000000000000 ) ) ;
#2233 = CIRCLE ( 'NONE', #6580, 33.00000000000001421 ) ;
#2234 = LINE ( 'NONE', #7876, #7654 ) ;
#2235 = CARTESIAN_POINT ( 'NONE',  ( 10.75825214724779322, 13.25825214724773993, -28.00000000000000000 ) ) ;
#2236 = ORIENTED_EDGE ( 'NONE', *, *, #4903, .T. ) ;
#2237 = DIRECTION ( 'NONE',  ( 1.000000000000000000, 0.000000000000000000, 0.000000000000000000 ) ) ;
#2238 = ORIENTED_EDGE ( 'NONE', *, *, #7626, .F. ) ;
#2239 = ORIENTED_EDGE ( 'NONE', *, *, #3513, .F. ) ;
#2240 = EDGE_CURVE ( 'NONE', #6554, #7996, #4112, .T. ) ;
#2241 = EDGE_CURVE ( 'NONE', #4935, #1364, #7666, .T. ) ;
#2242 = DIRECTION ( 'NONE',  ( 0.000000000000000000, -0.000000000000000000, -1.000000000000000000 ) ) ;
#2243 = DIRECTION ( 'NONE',  ( 0.6548607339452996445, 0.7557495743542456124, -0.000000000000000000 ) ) ;
#2244 = FACE_OUTER_BOUND ( 'NONE', #1873, .T. ) ;
#2245 = CARTESIAN_POINT ( 'NONE',  ( -15.54180368692077607, -27.88283231949753471, -17.50000000000000000 ) ) ;
#2246 = ORIENTED_EDGE ( 'NONE', *, *, #7535, .T. ) ;
#2247 = EDGE_LOOP ( 'NONE', ( #4401, #4945, #7088, #1184 ) ) ;
#2248 = DIRECTION ( 'NONE',  ( 0.000000000000000000, 0.000000000000000000, 1.000000000000000000 ) ) ;
#2249 = DIRECTION ( 'NONE',  ( 1.000000000000000000, 0.000000000000000000, 0.000000000000000000 ) ) ;
#2250 = EDGE_CURVE ( 'NONE', #1014, #4436, #7886, .T. ) ;
#2251 = VERTEX_POINT ( 'NONE', #1583 ) ;
#2252 = VECTOR ( 'NONE', #5658, 1000.000000000000000 ) ;
#2253 = EDGE_LOOP ( 'NONE', ( #6288, #2703, #5598, #4925 ) ) ;
#2254 = EDGE_CURVE ( 'NONE', #7001, #1541, #6886, .T. ) ;
#2255 = AXIS2_PLACEMENT_3D ( 'NONE', #1087, #5956, #1742 ) ;
#2256 = ORIENTED_EDGE ( 'NONE', *, *, #5529, .F. ) ;
#2257 = FACE_OUTER_BOUND ( 'NONE', #185, .T. ) ;
#2258 = CARTESIAN_POINT ( 'NONE',  ( -15.15994234640426797, 29.31170667248325756, -17.50000000000000000 ) ) ;
#2259 = DIRECTION ( 'NONE',  ( 1.000000000000000000, 3.469446951953611033E-15, 0.000000000000000000 ) ) ;
#2260 = AXIS2_PLACEMENT_3D ( 'NONE', #4292, #7469, #3061 ) ;
#2261 = LINE ( 'NONE', #4195, #7576 ) ;
#2262 = AXIS2_PLACEMENT_3D ( 'NONE', #6916, #6291, #6960 ) ;
#2263 = CYLINDRICAL_SURFACE ( 'NONE', #7718, 1.000000000000000888 ) ;
#2264 = EDGE_CURVE ( 'NONE', #318, #7012, #821, .T. ) ;
#2265 = VERTEX_POINT ( 'NONE', #2162 ) ;
#2266 = ADVANCED_FACE ( 'NONE', ( #973 ), #6699, .T. ) ;
#2267 = CARTESIAN_POINT ( 'NONE',  ( 28.60046011285956880, -16.46249316879827518, -17.50000000000000000 ) ) ;
#2268 = DIRECTION ( 'NONE',  ( 0.000000000000000000, 0.000000000000000000, 1.000000000000000000 ) ) ;
#2269 = ORIENTED_EDGE ( 'NONE', *, *, #452, .T. ) ;
#2270 = DIRECTION ( 'NONE',  ( -0.000000000000000000, -0.000000000000000000, -1.000000000000000000 ) ) ;
#2271 = CARTESIAN_POINT ( 'NONE',  ( 0.000000000000000000, 0.000000000000000000, -17.50000000000000000 ) ) ;
#2272 = EDGE_CURVE ( 'NONE', #7204, #5239, #3702, .T. ) ;
#2273 = LINE ( 'NONE', #3592, #3574 ) ;
#2274 = VECTOR ( 'NONE', #7314, 1000.000000000000114 ) ;
#2275 = LINE ( 'NONE', #5323, #6741 ) ;
#2276 = VERTEX_POINT ( 'NONE', #4795 ) ;
#2277 = CARTESIAN_POINT ( 'NONE',  ( -13.25825214724778967, 13.25825214724773993, 28.00000000000000000 ) ) ;
#2278 = ORIENTED_EDGE ( 'NONE', *, *, #246, .F. ) ;
#2279 = EDGE_CURVE ( 'NONE', #493, #7668, #3483, .T. ) ;
#2280 = CARTESIAN_POINT ( 'NONE',  ( 34.00000000000000711, 0.000000000000000000, -18.50000000000000711 ) ) ;
#2281 = DIRECTION ( 'NONE',  ( 0.000000000000000000, 0.000000000000000000, -1.000000000000000000 ) ) ;
#2282 = CARTESIAN_POINT ( 'NONE',  ( 13.25825214724778967, -13.25825214724773993, 40.00000000000000000 ) ) ;
#2283 = CARTESIAN_POINT ( 'NONE',  ( 6.287796095550824305, -32.39542591571805730, -17.50000000000000000 ) ) ;
#2284 = ORIENTED_EDGE ( 'NONE', *, *, #69, .F. ) ;
#2285 = VERTEX_POINT ( 'NONE', #7809 ) ;
#2286 = DIRECTION ( 'NONE',  ( 1.000000000000000000, 0.000000000000000000, 0.000000000000000000 ) ) ;
#2287 = CARTESIAN_POINT ( 'NONE',  ( -29.97927293297452778, 2.289802264437016177, 17.50000000000000000 ) ) ;
#2288 = ORIENTED_EDGE ( 'NONE', *, *, #1530, .F. ) ;
#2289 = ADVANCED_FACE ( 'NONE', ( #1010 ), #1089, .T. ) ;
#2290 = CIRCLE ( 'NONE', #7558, 1.000000000000000888 ) ;
#2291 = ORIENTED_EDGE ( 'NONE', *, *, #101, .T. ) ;
#2292 = EDGE_CURVE ( 'NONE', #255, #2135, #2897, .T. ) ;
#2293 = VECTOR ( 'NONE', #4229, 1000.000000000000000 ) ;
#2294 = ORIENTED_EDGE ( 'NONE', *, *, #2715, .F. ) ;
#2295 = EDGE_LOOP ( 'NONE', ( #7769, #3973 ) ) ;
#2296 = CARTESIAN_POINT ( 'NONE',  ( 28.11978988663912560, -10.64318639934807997, -17.50000000000000000 ) ) ;
#2297 = DIRECTION ( 'NONE',  ( -0.000000000000000000, -0.000000000000000000, -1.000000000000000000 ) ) ;
#2298 = CARTESIAN_POINT ( 'NONE',  ( 6.774216288470253922, 30.02601473889074057, -17.50000000000000000 ) ) ;
#2299 = CIRCLE ( 'NONE', #851, 1.000000000000000888 ) ;
#2300 = CARTESIAN_POINT ( 'NONE',  ( -29.97927293297452778, 2.289802264437016177, -17.50000000000000000 ) ) ;
#2301 = CARTESIAN_POINT ( 'NONE',  ( 24.73795827287221627, -18.78918360359578799, -17.50000000000000000 ) ) ;
#2302 = ORIENTED_EDGE ( 'NONE', *, *, #6751, .F. ) ;
#2303 = CIRCLE ( 'NONE', #7569, 1.000000000000000888 ) ;
#2304 = ADVANCED_FACE ( 'NONE', ( #2858 ), #2936, .F. ) ;
#2305 = CARTESIAN_POINT ( 'NONE',  ( 27.78317684298792400, -13.78749739841351740, -17.50000000000000000 ) ) ;
#2306 = EDGE_LOOP ( 'NONE', ( #5999, #5724, #2910, #1984 ) ) ;
#2307 = CARTESIAN_POINT ( 'NONE',  ( 10.75825214724779322, 13.25825214724773993, -28.00000000000000000 ) ) ;
#2308 = FACE_OUTER_BOUND ( 'NONE', #248, .T. ) ;
#2309 = DIRECTION ( 'NONE',  ( 1.000000000000000000, 0.000000000000000000, 0.000000000000000000 ) ) ;
#2310 = VECTOR ( 'NONE', #861, 1000.000000000000000 ) ;
#2311 = VECTOR ( 'NONE', #4515, 1000.000000000000000 ) ;
#2312 = DIRECTION ( 'NONE',  ( 0.8412535328311758764, -0.5406408174556055490, -0.000000000000000000 ) ) ;
#2313 = ORIENTED_EDGE ( 'NONE', *, *, #3619, .T. ) ;
#2314 = CARTESIAN_POINT ( 'NONE',  ( -1.000000000000230926, -31.00000000000000000, -17.50000000000000000 ) ) ;
#2315 = ORIENTED_EDGE ( 'NONE', *, *, #3826, .F. ) ;
#2316 = EDGE_CURVE ( 'NONE', #5505, #2987, #1070, .T. ) ;
#2317 = CYLINDRICAL_SURFACE ( 'NONE', #3591, 1.000000000000000888 ) ;
#2318 = CARTESIAN_POINT ( 'NONE',  ( 10.75825214724779322, -13.25825214724773993, -28.00000000000000000 ) ) ;
#2319 = VECTOR ( 'NONE', #4338, 1000.000000000000000 ) ;
#2320 = DIRECTION ( 'NONE',  ( 1.000000000000000000, 0.000000000000000000, 0.000000000000000000 ) ) ;
#2321 = DIRECTION ( 'NONE',  ( 0.000000000000000000, -0.000000000000000000, -1.000000000000000000 ) ) ;
#2322 = EDGE_CURVE ( 'NONE', #1337, #617, #1546, .T. ) ;
#2323 = CIRCLE ( 'NONE', #348, 1.000000000000000000 ) ;
#2324 = DIRECTION ( 'NONE',  ( 1.000000000000000000, -8.673617379884057166E-16, 0.000000000000000000 ) ) ;
#2325 = AXIS2_PLACEMENT_3D ( 'NONE', #3582, #8143, #2459 ) ;
#2326 = AXIS2_PLACEMENT_3D ( 'NONE', #5804, #4738, #6592 ) ;
#2327 = CARTESIAN_POINT ( 'NONE',  ( 10.89472168800058682, -30.00508355830742957, 17.50000000000000000 ) ) ;
#2328 = ORIENTED_EDGE ( 'NONE', *, *, #3213, .T. ) ;
#2329 = ORIENTED_EDGE ( 'NONE', *, *, #4805, .T. ) ;
#2330 = FACE_OUTER_BOUND ( 'NONE', #5839, .T. ) ;
#2331 = CYLINDRICAL_SURFACE ( 'NONE', #58, 1.000000000000000888 ) ;
#2332 = VECTOR ( 'NONE', #3824, 1000.000000000000000 ) ;
#2333 = ORIENTED_EDGE ( 'NONE', *, *, #6425, .T. ) ;
#2334 = VERTEX_POINT ( 'NONE', #7236 ) ;
#2335 = ORIENTED_EDGE ( 'NONE', *, *, #5452, .F. ) ;
#2336 = AXIS2_PLACEMENT_3D ( 'NONE', #2799, #3991, #4122 ) ;
#2337 = ORIENTED_EDGE ( 'NONE', *, *, #5579, .T. ) ;
#2338 = LINE ( 'NONE', #5432, #4002 ) ;
#2339 = EDGE_CURVE ( 'NONE', #975, #3758, #7357, .T. ) ;
#2340 = CARTESIAN_POINT ( 'NONE',  ( -24.08309753892704563, 19.54493317794987917, -17.50000000000000000 ) ) ;
#2341 = DIRECTION ( 'NONE',  ( -0.9898214418809309079, 0.1423148382732975226, 0.000000000000000000 ) ) ;
#2342 = AXIS2_PLACEMENT_3D ( 'NONE', #5631, #4435, #1338 ) ;
#2343 = LINE ( 'NONE', #1151, #7069 ) ;
#2344 = FACE_OUTER_BOUND ( 'NONE', #146, .T. ) ;
#2345 = ORIENTED_EDGE ( 'NONE', *, *, #42, .T. ) ;
#2346 = ADVANCED_FACE ( 'NONE', ( #2244 ), #5415, .T. ) ;
#2347 = DIRECTION ( 'NONE',  ( 1.000000000000000000, 0.000000000000000000, 0.000000000000000000 ) ) ;
#2348 = ORIENTED_EDGE ( 'NONE', *, *, #4450, .T. ) ;
#2349 = FACE_OUTER_BOUND ( 'NONE', #5908, .T. ) ;
#2350 = CARTESIAN_POINT ( 'NONE',  ( 24.08309753892760696, 19.54493317794919705, 17.50000000000000000 ) ) ;
#2351 = DIRECTION ( 'NONE',  ( 1.000000000000000000, 0.000000000000000000, 0.000000000000000000 ) ) ;
#2352 = EDGE_CURVE ( 'NONE', #6586, #2174, #4135, .T. ) ;
#2353 = CARTESIAN_POINT ( 'NONE',  ( 14.70055015408878951, -28.42347313695356092, 17.50000000000000000 ) ) ;
#2354 = ORIENTED_EDGE ( 'NONE', *, *, #2583, .F. ) ;
#2355 = FACE_OUTER_BOUND ( 'NONE', #5385, .T. ) ;
#2356 = VERTEX_POINT ( 'NONE', #1048 ) ;
#2357 = ADVANCED_FACE ( 'NONE', ( #5457 ), #5676, .F. ) ;
#2358 = DIRECTION ( 'NONE',  ( 0.000000000000000000, -0.000000000000000000, -1.000000000000000000 ) ) ;
#2359 = LINE ( 'NONE', #2318, #5459 ) ;
#2360 = AXIS2_PLACEMENT_3D ( 'NONE', #7675, #3342, #1982 ) ;
#2361 = DIRECTION ( 'NONE',  ( 0.000000000000000000, 0.000000000000000000, 1.000000000000000000 ) ) ;
#2362 = LINE ( 'NONE', #5374, #140 ) ;
#2363 = EDGE_CURVE ( 'NONE', #6626, #359, #4101, .T. ) ;
#2364 = CARTESIAN_POINT ( 'NONE',  ( -18.90681781824492447, 25.72026904967552596, 17.50000000000000000 ) ) ;
#2365 = CIRCLE ( 'NONE', #2751, 2.499999999999996891 ) ;
#2366 = DIRECTION ( 'NONE',  ( -0.000000000000000000, -0.000000000000000000, 1.000000000000000000 ) ) ;
#2367 = EDGE_CURVE ( 'NONE', #3469, #2209, #4223, .T. ) ;
#2368 = ORIENTED_EDGE ( 'NONE', *, *, #4780, .T. ) ;
#2369 = ORIENTED_EDGE ( 'NONE', *, *, #1731, .F. ) ;
#2370 = LINE ( 'NONE', #4881, #1006 ) ;
#2371 = LINE ( 'NONE', #7403, #7035 ) ;
#2372 = ADVANCED_FACE ( 'NONE', ( #8006 ), #8043, .T. ) ;
#2373 = ORIENTED_EDGE ( 'NONE', *, *, #5872, .F. ) ;
#2374 = ORIENTED_EDGE ( 'NONE', *, *, #7506, .T. ) ;
#2375 = ORIENTED_EDGE ( 'NONE', *, *, #3728, .F. ) ;
#2376 = EDGE_LOOP ( 'NONE', ( #5216, #3585, #2239, #19 ) ) ;
#2377 = DIRECTION ( 'NONE',  ( -0.000000000000000000, -0.000000000000000000, 1.000000000000000000 ) ) ;
#2378 = DIRECTION ( 'NONE',  ( 0.8571673007021118895, 1.049727191138618079E-16, -0.5150380749100549327 ) ) ;
#2379 = DIRECTION ( 'NONE',  ( 0.000000000000000000, 0.000000000000000000, 1.000000000000000000 ) ) ;
#2380 = CARTESIAN_POINT ( 'NONE',  ( 9.411469678856802190, -28.50305665159368829, -17.50000000000000000 ) ) ;
#2381 = AXIS2_PLACEMENT_3D ( 'NONE', #6481, #5203, #5163 ) ;
#2382 = DIRECTION ( 'NONE',  ( 0.000000000000000000, 0.000000000000000000, 1.000000000000000000 ) ) ;
#2383 = ORIENTED_EDGE ( 'NONE', *, *, #5881, .T. ) ;
#2384 = EDGE_CURVE ( 'NONE', #286, #2606, #13, .T. ) ;
#2385 = EDGE_CURVE ( 'NONE', #4766, #4564, #2477, .T. ) ;
#2386 = AXIS2_PLACEMENT_3D ( 'NONE', #2723, #2108, #2675 ) ;
#2387 = DIRECTION ( 'NONE',  ( 1.000000000000000000, 0.000000000000000000, 0.000000000000000000 ) ) ;
#2388 = ORIENTED_EDGE ( 'NONE', *, *, #3425, .F. ) ;
#2389 = DIRECTION ( 'NONE',  ( 0.000000000000000000, 0.000000000000000000, -1.000000000000000000 ) ) ;
#2390 = CARTESIAN_POINT ( 'NONE',  ( -9.411469678856999366, 28.50305665159362078, -17.50000000000000000 ) ) ;
#2391 = DIRECTION ( 'NONE',  ( -0.000000000000000000, -0.000000000000000000, -1.000000000000000000 ) ) ;
#2392 = LINE ( 'NONE', #7422, #7327 ) ;
#2393 = ORIENTED_EDGE ( 'NONE', *, *, #4297, .T. ) ;
#2394 = VECTOR ( 'NONE', #4902, 1000.000000000000227 ) ;
#2395 = VERTEX_POINT ( 'NONE', #546 ) ;
#2396 = CARTESIAN_POINT ( 'NONE',  ( -1.000000000000000000, 31.00000000000000000, 17.50000000000000000 ) ) ;
#2397 = CIRCLE ( 'NONE', #5562, 1.000000000000000000 ) ;
#2398 = FACE_OUTER_BOUND ( 'NONE', #5260, .T. ) ;
#2399 = FACE_OUTER_BOUND ( 'NONE', #7790, .T. ) ;
#2400 = CARTESIAN_POINT ( 'NONE',  ( 13.25825214724778611, 13.25825214724773993, -26.49784845243109999 ) ) ;
#2401 = LINE ( 'NONE', #3680, #2252 ) ;
#2402 = DIRECTION ( 'NONE',  ( 0.000000000000000000, 0.000000000000000000, 1.000000000000000000 ) ) ;
#2403 = EDGE_CURVE ( 'NONE', #6894, #160, #5413, .T. ) ;
#2404 = ORIENTED_EDGE ( 'NONE', *, *, #3321, .T. ) ;
#2405 = ORIENTED_EDGE ( 'NONE', *, *, #7179, .T. ) ;
#2406 = CYLINDRICAL_SURFACE ( 'NONE', #3102, 33.00000000000001421 ) ;
#2407 = FACE_OUTER_BOUND ( 'NONE', #4039, .T. ) ;
#2408 = ORIENTED_EDGE ( 'NONE', *, *, #2322, .T. ) ;
#2409 = VERTEX_POINT ( 'NONE', #1170 ) ;
#2410 = ORIENTED_EDGE ( 'NONE', *, *, #5613, .T. ) ;
#2411 = EDGE_CURVE ( 'NONE', #898, #2230, #6275, .T. ) ;
#2412 = ORIENTED_EDGE ( 'NONE', *, *, #932, .F. ) ;
#2413 = CARTESIAN_POINT ( 'NONE',  ( 18.90681781824475749, -25.72026904967566452, 17.50000000000000000 ) ) ;
#2414 = FACE_OUTER_BOUND ( 'NONE', #1414, .T. ) ;
#2415 = DIRECTION ( 'NONE',  ( 7.082098216879770311E-15, 1.000000000000000000, 0.000000000000000000 ) ) ;
#2416 = DIRECTION ( 'NONE',  ( 0.000000000000000000, 0.000000000000000000, 1.000000000000000000 ) ) ;
#2417 = CARTESIAN_POINT ( 'NONE',  ( 12.22465886979163407, 30.65220572026139934, 17.50000000000000000 ) ) ;
#2418 = EDGE_CURVE ( 'NONE', #1392, #5702, #5807, .T. ) ;
#2419 = CARTESIAN_POINT ( 'NONE',  ( 15.91861180829275746, 26.61950033522196435, -17.50000000000000000 ) ) ;
#2420 = ORIENTED_EDGE ( 'NONE', *, *, #832, .T. ) ;
#2421 = VECTOR ( 'NONE', #5411, 1000.000000000000000 ) ;
#2422 = CARTESIAN_POINT ( 'NONE',  ( 22.01762649668207317, -20.40157159271323195, -17.50000000000000000 ) ) ;
#2423 = ORIENTED_EDGE ( 'NONE', *, *, #3673, .T. ) ;
#2424 = DIRECTION ( 'NONE',  ( 1.000000000000000000, 0.000000000000000000, 0.000000000000000000 ) ) ;
#2425 = DIRECTION ( 'NONE',  ( 1.000000000000000000, -3.469446951953611033E-15, 0.000000000000000000 ) ) ;
#2426 = CARTESIAN_POINT ( 'NONE',  ( 22.77337607103631711, -21.05643232665853049, 17.50000000000000000 ) ) ;
#2427 = VECTOR ( 'NONE', #6451, 1000.000000000000000 ) ;
#2428 = LINE ( 'NONE', #8115, #6679 ) ;
#2429 = ORIENTED_EDGE ( 'NONE', *, *, #144, .T. ) ;
#2430 = CIRCLE ( 'NONE', #4798, 33.00000000000000711 ) ;
#2431 = DIRECTION ( 'NONE',  ( 0.8571673007021118895, 0.000000000000000000, 0.5150380749100549327 ) ) ;
#2432 = DIRECTION ( 'NONE',  ( -1.000000000000000000, 0.000000000000000000, 0.000000000000000000 ) ) ;
#2433 = VECTOR ( 'NONE', #628, 1000.000000000000000 ) ;
#2434 = PRODUCT_DEFINITION ( 'UNKNOWN', '', #8107, #2997 ) ;
#2435 = DIRECTION ( 'NONE',  ( 1.000000000000000000, 0.000000000000000000, 0.000000000000000000 ) ) ;
#2436 = VECTOR ( 'NONE', #1887, 1000.000000000000114 ) ;
#2437 = CARTESIAN_POINT ( 'NONE',  ( -22.01762649668264871, -20.40157159271260312, 17.50000000000000000 ) ) ;
#2438 = LINE ( 'NONE', #4953, #2511 ) ;
#2439 = CARTESIAN_POINT ( 'NONE',  ( -6.532990758014134869, -29.34825432211772522, -17.50000000000000000 ) ) ;
#2440 = CARTESIAN_POINT ( 'NONE',  ( -26.45812983463192225, -14.28171438076537569, -17.50000000000000000 ) ) ;
#2441 = VECTOR ( 'NONE', #5178, 1000.000000000000114 ) ;
#2442 = VERTEX_POINT ( 'NONE', #634 ) ;
#2443 = VECTOR ( 'NONE', #1054, 1000.000000000000114 ) ;
#2444 = CARTESIAN_POINT ( 'NONE',  ( 22.76775307624865263, -22.37474960438599680, -17.50000000000000000 ) ) ;
#2445 = DIRECTION ( 'NONE',  ( -0.000000000000000000, 0.000000000000000000, -1.000000000000000000 ) ) ;
#2446 = EDGE_LOOP ( 'NONE', ( #5377, #4171, #2826, #4146 ) ) ;
#2447 = ORIENTED_EDGE ( 'NONE', *, *, #637, .T. ) ;
#2448 = CONICAL_SURFACE ( 'NONE', #2847, 2.499999999999996891, 1.029744258676653645 ) ;
#2449 = VERTEX_POINT ( 'NONE', #2364 ) ;
#2450 = CIRCLE ( 'NONE', #2581, 1.000000000000000888 ) ;
#2451 = AXIS2_PLACEMENT_3D ( 'NONE', #43, #2629, #3251 ) ;
#2452 = DIRECTION ( 'NONE',  ( 0.000000000000000000, 0.000000000000000000, 1.000000000000000000 ) ) ;
#2453 = VERTEX_POINT ( 'NONE', #6156 ) ;
#2454 = EDGE_CURVE ( 'NONE', #1477, #3933, #6071, .T. ) ;
#2455 = LINE ( 'NONE', #4159, #6206 ) ;
#2456 = DIRECTION ( 'NONE',  ( 1.000000000000000000, 0.000000000000000000, 0.000000000000000000 ) ) ;
#2457 = DIRECTION ( 'NONE',  ( 1.000000000000000000, 0.000000000000000000, 0.000000000000000000 ) ) ;
#2458 = LINE ( 'NONE', #7333, #3041 ) ;
#2459 = DIRECTION ( 'NONE',  ( 1.000000000000000000, 0.000000000000000000, 0.000000000000000000 ) ) ;
#2460 = ADVANCED_FACE ( 'NONE', ( #1818 ), #7432, .F. ) ;
#2461 = DIRECTION ( 'NONE',  ( 1.000000000000000000, 0.000000000000000000, 0.000000000000000000 ) ) ;
#2462 = ORIENTED_EDGE ( 'NONE', *, *, #7029, .T. ) ;
#2463 = EDGE_CURVE ( 'NONE', #6064, #1674, #3143, .T. ) ;
#2464 = AXIS2_PLACEMENT_3D ( 'NONE', #3480, #5991, #4715 ) ;
#2465 = FACE_OUTER_BOUND ( 'NONE', #7077, .T. ) ;
#2466 = ORIENTED_EDGE ( 'NONE', *, *, #196, .F. ) ;
#2467 = LINE ( 'NONE', #494, #328 ) ;
#2468 = DIRECTION ( 'NONE',  ( 0.000000000000000000, 0.000000000000000000, 1.000000000000000000 ) ) ;
#2469 = DIRECTION ( 'NONE',  ( -0.000000000000000000, -0.000000000000000000, 1.000000000000000000 ) ) ;
#2470 = CARTESIAN_POINT ( 'NONE',  ( -23.58416934417903121, 23.08217832755579835, -17.50000000000000000 ) ) ;
#2471 = ORIENTED_EDGE ( 'NONE', *, *, #1106, .F. ) ;
#2472 = ORIENTED_EDGE ( 'NONE', *, *, #7902, .T. ) ;
#2473 = FACE_OUTER_BOUND ( 'NONE', #2548, .T. ) ;
#2474 = CARTESIAN_POINT ( 'NONE',  ( 0.000000000000000000, 0.000000000000000000, -17.50000000000000000 ) ) ;
#2475 = DIRECTION ( 'NONE',  ( -0.000000000000000000, -0.000000000000000000, 1.000000000000000000 ) ) ;
#2476 = CARTESIAN_POINT ( 'NONE',  ( 10.75825214724779322, -13.25825214724773993, -28.00000000000000000 ) ) ;
#2477 = LINE ( 'NONE', #3805, #7908 ) ;
#2478 = DIRECTION ( 'NONE',  ( 0.000000000000000000, 0.000000000000000000, 1.000000000000000000 ) ) ;
#2479 = CARTESIAN_POINT ( 'NONE',  ( -19.74807135107666056, -25.17962823221951396, 17.50000000000000000 ) ) ;
#2480 = EDGE_CURVE ( 'NONE', #4061, #4698, #2401, .T. ) ;
#2481 = EDGE_CURVE ( 'NONE', #1556, #1914, #5281, .T. ) ;
#2482 = CIRCLE ( 'NONE', #6706, 1.000000000000000888 ) ;
#2483 = ORIENTED_EDGE ( 'NONE', *, *, #5409, .F. ) ;
#2484 = CARTESIAN_POINT ( 'NONE',  ( 22.11851533709101503, -21.81218190101277443, 17.50000000000000000 ) ) ;
#2485 = DIRECTION ( 'NONE',  ( -1.000000000000000000, 0.000000000000000000, 0.000000000000000000 ) ) ;
#2486 = VECTOR ( 'NONE', #433, 1000.000000000000000 ) ;
#2487 = EDGE_LOOP ( 'NONE', ( #7225, #4808, #7021 ) ) ;
#2488 = ORIENTED_EDGE ( 'NONE', *, *, #7408, .T. ) ;
#2489 = ORIENTED_EDGE ( 'NONE', *, *, #4050, .F. ) ;
#2490 = CARTESIAN_POINT ( 'NONE',  ( -20.36519858079724798, 25.96649161447681564, -17.50000000000000000 ) ) ;
#2491 = ORIENTED_EDGE ( 'NONE', *, *, #7364, .T. ) ;
#2492 = DIRECTION ( 'NONE',  ( 1.000000000000000000, 0.000000000000000000, 0.000000000000000000 ) ) ;
#2493 = DIRECTION ( 'NONE',  ( 0.7557495743542506084, -0.6548607339452937603, 0.000000000000000000 ) ) ;
#2494 = DIRECTION ( 'NONE',  ( 1.000000000000000000, 0.000000000000000000, 0.000000000000000000 ) ) ;
#2495 = CARTESIAN_POINT ( 'NONE',  ( 11.85421466161509052, -29.72335100146602116, 17.50000000000000000 ) ) ;
#2496 = FACE_OUTER_BOUND ( 'NONE', #6638, .T. ) ;
#2497 = EDGE_CURVE ( 'NONE', #968, #4089, #1207, .T. ) ;
#2498 = DIRECTION ( 'NONE',  ( 1.000000000000000000, 0.000000000000000000, 0.000000000000000000 ) ) ;
#2499 = VERTEX_POINT ( 'NONE', #5576 ) ;
#2500 = CARTESIAN_POINT ( 'NONE',  ( -26.20361227996063747, -20.05918003013822926, -17.50000000000000000 ) ) ;
#2501 = ORIENTED_EDGE ( 'NONE', *, *, #1260, .F. ) ;
#2502 = DIRECTION ( 'NONE',  ( -0.000000000000000000, -0.000000000000000000, -1.000000000000000000 ) ) ;
#2503 = EDGE_CURVE ( 'NONE', #7956, #6772, #8079, .T. ) ;
#2504 = DIRECTION ( 'NONE',  ( 0.000000000000000000, 0.000000000000000000, 1.000000000000000000 ) ) ;
#2505 = CARTESIAN_POINT ( 'NONE',  ( 13.25825214724778611, 13.25825214724773993, 26.49784845243109999 ) ) ;
#2506 = VECTOR ( 'NONE', #8027, 1000.000000000000000 ) ;
#2507 = EDGE_CURVE ( 'NONE', #562, #5882, #2438, .T. ) ;
#2508 = LINE ( 'NONE', #6185, #2712 ) ;
#2509 = ORIENTED_EDGE ( 'NONE', *, *, #4516, .F. ) ;
#2510 = ORIENTED_EDGE ( 'NONE', *, *, #3112, .T. ) ;
#2511 = VECTOR ( 'NONE', #6860, 1000.000000000000000 ) ;
#2512 = VECTOR ( 'NONE', #4572, 1000.000000000000000 ) ;
#2513 = ORIENTED_EDGE ( 'NONE', *, *, #6315, .T. ) ;
#2514 = ADVANCED_FACE ( 'NONE', ( #3099 ), #7124, .T. ) ;
#2515 = LINE ( 'NONE', #88, #6284 ) ;
#2516 = CYLINDRICAL_SURFACE ( 'NONE', #329, 2.499999999999996891 ) ;
#2517 = DIRECTION ( 'NONE',  ( -0.000000000000000000, -0.000000000000000000, 1.000000000000000000 ) ) ;
#2518 = DIRECTION ( 'NONE',  ( -0.5406408174556091017, -0.8412535328311737670, 0.000000000000000000 ) ) ;
#2519 = AXIS2_PLACEMENT_3D ( 'NONE', #3630, #4367, #3670 ) ;
#2520 = VECTOR ( 'NONE', #3010, 1000.000000000000000 ) ;
#2521 = DIRECTION ( 'NONE',  ( -0.000000000000000000, -0.000000000000000000, -1.000000000000000000 ) ) ;
#2522 = DIRECTION ( 'NONE',  ( 1.000000000000000000, 0.000000000000000000, 0.000000000000000000 ) ) ;
#2523 = DIRECTION ( 'NONE',  ( 1.000000000000000000, -3.469446951953611033E-15, 0.000000000000000000 ) ) ;
#2524 = EDGE_CURVE ( 'NONE', #4222, #3153, #2643, .T. ) ;
#2525 = AXIS2_PLACEMENT_3D ( 'NONE', #1800, #5594, #1063 ) ;
#2526 = ORIENTED_EDGE ( 'NONE', *, *, #6383, .F. ) ;
#2527 = CARTESIAN_POINT ( 'NONE',  ( 25.38719601202985743, -19.35175130696901391, -17.50000000000000000 ) ) ;
#2528 = DIRECTION ( 'NONE',  ( 0.000000000000000000, -0.000000000000000000, -1.000000000000000000 ) ) ;
#2529 = VECTOR ( 'NONE', #2431, 1000.000000000000000 ) ;
#2530 = CIRCLE ( 'NONE', #3593, 0.9999999999999974465 ) ;
#2531 = ORIENTED_EDGE ( 'NONE', *, *, #5346, .F. ) ;
#2532 = VERTEX_POINT ( 'NONE', #6471 ) ;
#2533 = DIRECTION ( 'NONE',  ( 1.000000000000000000, 0.000000000000000000, 0.000000000000000000 ) ) ;
#2534 = ORIENTED_EDGE ( 'NONE', *, *, #3573, .F. ) ;
#2535 = FACE_OUTER_BOUND ( 'NONE', #5046, .T. ) ;
#2536 = LINE ( 'NONE', #2000, #6710 ) ;
#2537 = DIRECTION ( 'NONE',  ( -1.000000000000000000, 0.000000000000000000, 0.000000000000000000 ) ) ;
#2538 = EDGE_CURVE ( 'NONE', #2868, #6792, #7059, .T. ) ;
#2539 = LINE ( 'NONE', #1923, #614 ) ;
#2540 = EDGE_CURVE ( 'NONE', #1510, #1872, #7597, .T. ) ;
#2541 = DIRECTION ( 'NONE',  ( -1.000000000000000000, 0.000000000000000000, 0.000000000000000000 ) ) ;
#2542 = VERTEX_POINT ( 'NONE', #784 ) ;
#2543 = DIRECTION ( 'NONE',  ( -1.000000000000000000, 0.000000000000000000, 0.000000000000000000 ) ) ;
#2544 = LINE ( 'NONE', #4362, #1641 ) ;
#2545 = DIRECTION ( 'NONE',  ( -0.000000000000000000, -0.000000000000000000, -1.000000000000000000 ) ) ;
#2546 = DIRECTION ( 'NONE',  ( 0.2817325568414366099, 0.9594929736144953702, 0.000000000000000000 ) ) ;
#2547 = CARTESIAN_POINT ( 'NONE',  ( -22.76775307624928502, -22.37474960438534666, 17.50000000000000000 ) ) ;
#2548 = EDGE_LOOP ( 'NONE', ( #7318, #2144, #7613, #7524 ) ) ;
#2549 = ORIENTED_EDGE ( 'NONE', *, *, #6164, .T. ) ;
#2550 = EDGE_CURVE ( 'NONE', #3776, #4128, #1325, .T. ) ;
#2551 = VECTOR ( 'NONE', #6746, 1000.000000000000000 ) ;
#2552 = AXIS2_PLACEMENT_3D ( 'NONE', #5131, #8139, #6405 ) ;
#2553 = ORIENTED_EDGE ( 'NONE', *, *, #2857, .T. ) ;
#2554 = CARTESIAN_POINT ( 'NONE',  ( 29.13184589196623975, -15.50275959068997444, -17.50000000000000000 ) ) ;
#2555 = VERTEX_POINT ( 'NONE', #4496 ) ;
#2556 = DIRECTION ( 'NONE',  ( 0.000000000000000000, 0.000000000000000000, 1.000000000000000000 ) ) ;
#2557 = AXIS2_PLACEMENT_3D ( 'NONE', #815, #3863, #2748 ) ;
#2558 = CARTESIAN_POINT ( 'NONE',  ( 10.65269520931271607, -29.18081706836678180, -17.50000000000000000 ) ) ;
#2559 = VECTOR ( 'NONE', #6106, 1000.000000000000000 ) ;
#2560 = DIRECTION ( 'NONE',  ( 0.000000000000000000, 0.000000000000000000, 1.000000000000000000 ) ) ;
#2561 = EDGE_CURVE ( 'NONE', #7406, #2570, #6426, .T. ) ;
#2562 = CARTESIAN_POINT ( 'NONE',  ( -25.38719601202997467, 19.35175130696883272, -17.50000000000000000 ) ) ;
#2563 = AXIS2_PLACEMENT_3D ( 'NONE', #7386, #4247, #1119 ) ;
#2564 = LINE ( 'NONE', #6822, #5732 ) ;
#2565 = AXIS2_PLACEMENT_3D ( 'NONE', #3993, #5187, #7091 ) ;
#2566 = ORIENTED_EDGE ( 'NONE', *, *, #1055, .F. ) ;
#2567 = DIRECTION ( 'NONE',  ( 0.6548607339452727771, -0.7557495743542689270, 0.000000000000000000 ) ) ;
#2568 = DIRECTION ( 'NONE',  ( -1.000000000000000000, 0.000000000000000000, 0.000000000000000000 ) ) ;
#2569 = VECTOR ( 'NONE', #5080, 1000.000000000000000 ) ;
#2570 = VERTEX_POINT ( 'NONE', #3996 ) ;
#2571 = AXIS2_PLACEMENT_3D ( 'NONE', #7034, #6662, #7242 ) ;
#2572 = DIRECTION ( 'NONE',  ( 0.000000000000000000, 0.000000000000000000, 1.000000000000000000 ) ) ;
#2573 = ORIENTED_EDGE ( 'NONE', *, *, #5175, .F. ) ;
#2574 = VERTEX_POINT ( 'NONE', #5858 ) ;
#2575 = DIRECTION ( 'NONE',  ( -0.000000000000000000, -0.000000000000000000, -1.000000000000000000 ) ) ;
#2576 = FACE_OUTER_BOUND ( 'NONE', #787, .T. ) ;
#2577 = CIRCLE ( 'NONE', #7194, 1.000000000000000888 ) ;
#2578 = AXIS2_PLACEMENT_3D ( 'NONE', #2340, #1559, #6588 ) ;
#2579 = CARTESIAN_POINT ( 'NONE',  ( -11.19906991447244415, -31.04159842937793812, -17.50000000000000000 ) ) ;
#2580 = VERTEX_POINT ( 'NONE', #3846 ) ;
#2581 = AXIS2_PLACEMENT_3D ( 'NONE', #1105, #4312, #7488 ) ;
#2582 = VECTOR ( 'NONE', #7213, 1000.000000000000000 ) ;
#2583 = EDGE_CURVE ( 'NONE', #3153, #6554, #6348, .T. ) ;
#2584 = EDGE_CURVE ( 'NONE', #6147, #3197, #4614, .T. ) ;
#2585 = CYLINDRICAL_SURFACE ( 'NONE', #1946, 1.000000000000000888 ) ;
#2586 = DIRECTION ( 'NONE',  ( 0.000000000000000000, 0.000000000000000000, -1.000000000000000000 ) ) ;
#2587 = LINE ( 'NONE', #40, #4813 ) ;
#2588 = VECTOR ( 'NONE', #6884, 1000.000000000000000 ) ;
#2589 = CARTESIAN_POINT ( 'NONE',  ( 29.13184589196679397, 15.50275959068895837, -17.50000000000000000 ) ) ;
#2590 = CARTESIAN_POINT ( 'NONE',  ( 23.58416934417887489, -23.08217832755595822, -17.50000000000000000 ) ) ;
#2591 = ORIENTED_EDGE ( 'NONE', *, *, #6496, .T. ) ;
#2592 = ORIENTED_EDGE ( 'NONE', *, *, #860, .T. ) ;
#2593 = EDGE_CURVE ( 'NONE', #4766, #4275, #2022, .T. ) ;
#2594 = ORIENTED_EDGE ( 'NONE', *, *, #7587, .T. ) ;
#2595 = DIRECTION ( 'NONE',  ( -0.8412535328311732119, 0.5406408174556098789, -0.000000000000000000 ) ) ;
#2596 = ORIENTED_EDGE ( 'NONE', *, *, #3269, .T. ) ;
#2597 = CARTESIAN_POINT ( 'NONE',  ( 22.11289234230415346, 23.13049917873945205, -17.50000000000000000 ) ) ;
#2598 = ADVANCED_FACE ( 'NONE', ( #5155 ), #829, .T. ) ;
#2599 = PLANE ( 'NONE',  #7126 ) ;
#2600 = VECTOR ( 'NONE', #602, 1000.000000000000000 ) ;
#2601 = PLANE ( 'NONE',  #2386 ) ;
#2602 = AXIS2_PLACEMENT_3D ( 'NONE', #2048, #77, #5019 ) ;
#2603 = DIRECTION ( 'NONE',  ( 1.000000000000000000, 0.000000000000000000, 0.000000000000000000 ) ) ;
#2604 = ADVANCED_FACE ( 'NONE', ( #5118 ), #7755, .F. ) ;
#2605 = FACE_OUTER_BOUND ( 'NONE', #5976, .T. ) ;
#2606 = VERTEX_POINT ( 'NONE', #7095 ) ;
#2607 = PLANE ( 'NONE',  #3506 ) ;
#2608 = DIRECTION ( 'NONE',  ( -0.8412535328311732119, 0.5406408174556098789, -0.000000000000000000 ) ) ;
#2609 = AXIS2_PLACEMENT_3D ( 'NONE', #1515, #4027, #6545 ) ;
#2610 = CARTESIAN_POINT ( 'NONE',  ( 26.20361227996007969, -20.05918003013897533, -17.50000000000000000 ) ) ;
#2611 = EDGE_CURVE ( 'NONE', #898, #1057, #7393, .T. ) ;
#2612 = VERTEX_POINT ( 'NONE', #5192 ) ;
#2613 = AXIS2_PLACEMENT_3D ( 'NONE', #7574, #5297, #6574 ) ;
#2614 = CYLINDRICAL_SURFACE ( 'NONE', #1944, 1.000000000000000888 ) ;
#2615 = ORIENTED_EDGE ( 'NONE', *, *, #5076, .T. ) ;
#2616 = ORIENTED_EDGE ( 'NONE', *, *, #2027, .F. ) ;
#2617 = ADVANCED_FACE ( 'NONE', ( #94 ), #2601, .T. ) ;
#2618 = DIRECTION ( 'NONE',  ( 0.5406408174555807911, -0.8412535328311919747, -0.000000000000000000 ) ) ;
#2619 = LINE ( 'NONE', #5053, #8103 ) ;
#2620 = AXIS2_PLACEMENT_3D ( 'NONE', #5240, #709, #4616 ) ;
#2621 = EDGE_LOOP ( 'NONE', ( #5299, #49, #2644, #4713 ) ) ;
#2622 = VERTEX_POINT ( 'NONE', #3339 ) ;
#2623 = ADVANCED_FACE ( 'NONE', ( #7638 ), #746, .T. ) ;
#2624 = CARTESIAN_POINT ( 'NONE',  ( 0.000000000000000000, 0.000000000000000000, -40.00000000000000000 ) ) ;
#2625 = DIRECTION ( 'NONE',  ( 1.000000000000000000, 0.000000000000000000, 0.000000000000000000 ) ) ;
#2626 = CARTESIAN_POINT ( 'NONE',  ( -15.07735827546139973, -27.16014115267768148, 17.50000000000000000 ) ) ;
#2627 = DIRECTION ( 'NONE',  ( 0.2817325568414179582, -0.9594929736145009214, 0.000000000000000000 ) ) ;
#2628 = EDGE_CURVE ( 'NONE', #4477, #3575, #5238, .T. ) ;
#2629 = DIRECTION ( 'NONE',  ( -0.000000000000000000, -0.000000000000000000, -1.000000000000000000 ) ) ;
#2630 = ORIENTED_EDGE ( 'NONE', *, *, #7547, .F. ) ;
#2631 = ORIENTED_EDGE ( 'NONE', *, *, #4277, .F. ) ;
#2632 = ORIENTED_EDGE ( 'NONE', *, *, #7808, .T. ) ;
#2633 = CARTESIAN_POINT ( 'NONE',  ( 13.25825214724778967, -13.25825214724773993, 40.00000000000000000 ) ) ;
#2634 = ORIENTED_EDGE ( 'NONE', *, *, #6936, .T. ) ;
#2635 = DIRECTION ( 'NONE',  ( -0.000000000000000000, -0.000000000000000000, 1.000000000000000000 ) ) ;
#2636 = CARTESIAN_POINT ( 'NONE',  ( 35.00000000000000711, 4.286263797015737285E-15, 18.50000000000000355 ) ) ;
#2637 = ADVANCED_FACE ( 'NONE', ( #7673 ), #4488, .T. ) ;
#2638 = DIRECTION ( 'NONE',  ( 0.2817325568414090764, -0.9594929736145033639, -0.000000000000000000 ) ) ;
#2639 = ORIENTED_EDGE ( 'NONE', *, *, #2886, .T. ) ;
#2640 = DIRECTION ( 'NONE',  ( 0.000000000000000000, -0.000000000000000000, 1.000000000000000000 ) ) ;
#2641 = CIRCLE ( 'NONE', #2255, 1.000000000000000888 ) ;
#2642 = CARTESIAN_POINT ( 'NONE',  ( -18.44237240678610235, -24.99757788285526416, -17.50000000000000000 ) ) ;
#2643 = CIRCLE ( 'NONE', #5800, 1.000000000000000888 ) ;
#2644 = ORIENTED_EDGE ( 'NONE', *, *, #1614, .T. ) ;
#2645 = FACE_OUTER_BOUND ( 'NONE', #109, .T. ) ;
#2646 = CARTESIAN_POINT ( 'NONE',  ( 30.79350594397385876, -11.86423160927194154, -17.50000000000000000 ) ) ;
#2647 = LINE ( 'NONE', #174, #6323 ) ;
#2648 = AXIS2_PLACEMENT_3D ( 'NONE', #7056, #1401, #3912 ) ;
#2649 = VECTOR ( 'NONE', #2358, 1000.000000000000000 ) ;
#2650 = LINE ( 'NONE', #2610, #2003 ) ;
#2651 = EDGE_CURVE ( 'NONE', #286, #3235, #208, .T. ) ;
#2652 = AXIS2_PLACEMENT_3D ( 'NONE', #153, #117, #2546 ) ;
#2653 = LINE ( 'NONE', #1548, #5652 ) ;
#2654 = VERTEX_POINT ( 'NONE', #7917 ) ;
#2655 = ORIENTED_EDGE ( 'NONE', *, *, #7146, .F. ) ;
#2656 = LINE ( 'NONE', #3976, #924 ) ;
#2657 = CARTESIAN_POINT ( 'NONE',  ( 22.77337607103631711, -21.05643232665853049, -17.50000000000000000 ) ) ;
#2658 = VECTOR ( 'NONE', #4583, 1000.000000000000114 ) ;
#2659 = ORIENTED_EDGE ( 'NONE', *, *, #7243, .F. ) ;
#2660 = VERTEX_POINT ( 'NONE', #963 ) ;
#2661 = EDGE_CURVE ( 'NONE', #3288, #6097, #7224, .T. ) ;
#2662 = DIRECTION ( 'NONE',  ( 1.000000000000000000, 0.000000000000000000, 0.000000000000000000 ) ) ;
#2663 = CYLINDRICAL_SURFACE ( 'NONE', #183, 15.00000000000000000 ) ;
#2664 = ADVANCED_FACE ( 'NONE', ( #7798 ), #3389, .T. ) ;
#2665 = FACE_OUTER_BOUND ( 'NONE', #6540, .T. ) ;
#2666 = DIRECTION ( 'NONE',  ( 1.000000000000000000, 0.000000000000000000, 0.000000000000000000 ) ) ;
#2667 = DIRECTION ( 'NONE',  ( -0.000000000000000000, -0.000000000000000000, -1.000000000000000000 ) ) ;
#2668 = ORIENTED_EDGE ( 'NONE', *, *, #5958, .T. ) ;
#2669 = VERTEX_POINT ( 'NONE', #7346 ) ;
#2670 = ORIENTED_EDGE ( 'NONE', *, *, #6485, .F. ) ;
#2671 = DIRECTION ( 'NONE',  ( 0.000000000000000000, 0.000000000000000000, 1.000000000000000000 ) ) ;
#2672 = VERTEX_POINT ( 'NONE', #7877 ) ;
#2673 = FACE_OUTER_BOUND ( 'NONE', #2247, .T. ) ;
#2674 = CARTESIAN_POINT ( 'NONE',  ( -26.04205674597567466, -18.59600173261402745, -17.50000000000000000 ) ) ;
#2675 = DIRECTION ( 'NONE',  ( -0.9096319953545131121, 0.4154150130018975928, 0.000000000000000000 ) ) ;
#2676 = VERTEX_POINT ( 'NONE', #2153 ) ;
#2677 = AXIS2_PLACEMENT_3D ( 'NONE', #4009, #2894, #6526 ) ;
#2678 = DIRECTION ( 'NONE',  ( 0.000000000000000000, 0.000000000000000000, 1.000000000000000000 ) ) ;
#2679 = DIRECTION ( 'NONE',  ( 0.2817325568414430492, 0.9594929736144934829, -0.000000000000000000 ) ) ;
#2680 = EDGE_LOOP ( 'NONE', ( #4799, #7370 ) ) ;
#2681 = TOROIDAL_SURFACE ( 'NONE', #1115, 34.00000000000000711, 1.000000000000000000 ) ;
#2682 = EDGE_CURVE ( 'NONE', #3920, #6785, #415, .T. ) ;
#2683 = EDGE_CURVE ( 'NONE', #7050, #1827, #2928, .T. ) ;
#2684 = ORIENTED_EDGE ( 'NONE', *, *, #4178, .T. ) ;
#2685 = CONICAL_SURFACE ( 'NONE', #2946, 2.499999999999996891, 1.029744258676653645 ) ;
#2686 = DIRECTION ( 'NONE',  ( -0.000000000000000000, -0.000000000000000000, 1.000000000000000000 ) ) ;
#2687 = DIRECTION ( 'NONE',  ( -0.000000000000000000, -0.000000000000000000, -1.000000000000000000 ) ) ;
#2688 = CYLINDRICAL_SURFACE ( 'NONE', #2381, 1.000000000000000888 ) ;
#2689 = DIRECTION ( 'NONE',  ( -0.000000000000000000, -0.000000000000000000, -1.000000000000000000 ) ) ;
#2690 = CIRCLE ( 'NONE', #5591, 33.00000000000001421 ) ;
#2691 = AXIS2_PLACEMENT_3D ( 'NONE', #1858, #631, #6273 ) ;
#2692 = EDGE_CURVE ( 'NONE', #908, #1331, #2784, .T. ) ;
#2693 = CARTESIAN_POINT ( 'NONE',  ( 29.13184589196623975, -15.50275959068997444, 17.50000000000000000 ) ) ;
#2694 = VERTEX_POINT ( 'NONE', #7303 ) ;
#2695 = ORIENTED_EDGE ( 'NONE', *, *, #567, .F. ) ;
#2696 = LINE ( 'NONE', #5925, #7491 ) ;
#2697 = DIRECTION ( 'NONE',  ( 0.5406408174556106561, 0.8412535328311727678, 0.000000000000000000 ) ) ;
#2698 = AXIS2_PLACEMENT_3D ( 'NONE', #3428, #1527, #3910 ) ;
#2699 = AXIS2_PLACEMENT_3D ( 'NONE', #6890, #5567, #6259 ) ;
#2700 = VERTEX_POINT ( 'NONE', #377 ) ;
#2701 = ORIENTED_EDGE ( 'NONE', *, *, #7097, .T. ) ;
#2702 = EDGE_CURVE ( 'NONE', #7650, #285, #5367, .T. ) ;
#2703 = ORIENTED_EDGE ( 'NONE', *, *, #1335, .T. ) ;
#2704 = AXIS2_PLACEMENT_3D ( 'NONE', #6199, #1332, #5742 ) ;
#2705 = CARTESIAN_POINT ( 'NONE',  ( 0.000000000000000000, 0.000000000000000000, -17.50000000000000000 ) ) ;
#2706 = CARTESIAN_POINT ( 'NONE',  ( 28.11978988663912560, -10.64318639934807997, -17.50000000000000000 ) ) ;
#2707 = CARTESIAN_POINT ( 'NONE',  ( 0.000000000000000000, 0.000000000000000000, -40.00000000000000000 ) ) ;
#2708 = CIRCLE ( 'NONE', #3508, 1.000000000000000888 ) ;
#2709 = ADVANCED_FACE ( 'NONE', ( #6562 ), #920, .T. ) ;
#2710 = CARTESIAN_POINT ( 'NONE',  ( 17.06047805649949822, 24.69696516747957205, 17.50000000000000000 ) ) ;
#2711 = CIRCLE ( 'NONE', #1665, 1.000000000000000888 ) ;
#2712 = VECTOR ( 'NONE', #497, 1000.000000000000114 ) ;
#2713 = CARTESIAN_POINT ( 'NONE',  ( 22.11289234230415346, 23.13049917873945205, -17.50000000000000000 ) ) ;
#2714 = VERTEX_POINT ( 'NONE', #5945 ) ;
#2715 = EDGE_CURVE ( 'NONE', #1827, #6494, #7397, .T. ) ;
#2716 = ORIENTED_EDGE ( 'NONE', *, *, #3025, .T. ) ;
#2717 = ORIENTED_EDGE ( 'NONE', *, *, #3200, .T. ) ;
#2718 = CARTESIAN_POINT ( 'NONE',  ( 26.85587101928687304, -19.17712678675897209, -17.50000000000000000 ) ) ;
#2719 = ORIENTED_EDGE ( 'NONE', *, *, #3466, .F. ) ;
#2720 = DIRECTION ( 'NONE',  ( -0.6548607339452732212, 0.7557495743542684830, 0.000000000000000000 ) ) ;
#2721 = AXIS2_PLACEMENT_3D ( 'NONE', #6717, #3700, #2461 ) ;
#2722 = DIRECTION ( 'NONE',  ( 1.000000000000000000, 0.000000000000000000, 0.000000000000000000 ) ) ;
#2723 = CARTESIAN_POINT ( 'NONE',  ( -30.79350594397393337, 11.86423160927171949, -17.50000000000000000 ) ) ;
#2724 = ORIENTED_EDGE ( 'NONE', *, *, #1911, .T. ) ;
#2725 = VERTEX_POINT ( 'NONE', #7264 ) ;
#2726 = CARTESIAN_POINT ( 'NONE',  ( 19.49085778790663781, -26.62905298150124267, -17.50000000000000000 ) ) ;
#2727 = AXIS2_PLACEMENT_3D ( 'NONE', #6940, #2671, #1289 ) ;
#2728 = ORIENTED_EDGE ( 'NONE', *, *, #452, .F. ) ;
#2729 = ORIENTED_EDGE ( 'NONE', *, *, #4015, .T. ) ;
#2730 = AXIS2_PLACEMENT_3D ( 'NONE', #1958, #4966, #8093 ) ;
#2731 = CARTESIAN_POINT ( 'NONE',  ( 29.54214986003572463, 5.401581428352257852, -17.50000000000000000 ) ) ;
#2732 = DIRECTION ( 'NONE',  ( 1.000000000000000000, 0.000000000000000000, 0.000000000000000000 ) ) ;
#2733 = CARTESIAN_POINT ( 'NONE',  ( 15.37797099083715047, 25.77824680239079314, 17.50000000000000000 ) ) ;
#2734 = DIRECTION ( 'NONE',  ( 0.000000000000000000, 0.000000000000000000, 1.000000000000000000 ) ) ;
#2735 = ADVANCED_FACE ( 'NONE', ( #4787 ), #6061, .T. ) ;
#2736 = EDGE_CURVE ( 'NONE', #2654, #1578, #2275, .T. ) ;
#2737 = CARTESIAN_POINT ( 'NONE',  ( 30.54214986003552923, -5.401581428353319225, -17.50000000000000000 ) ) ;
#2738 = CARTESIAN_POINT ( 'NONE',  ( 27.70437487363722084, -11.55281839470259087, -17.50000000000000000 ) ) ;
#2739 = EDGE_LOOP ( 'NONE', ( #6257, #6581, #5936, #7930 ) ) ;
#2740 = CARTESIAN_POINT ( 'NONE',  ( 23.11289234230415346, 23.13049917873945205, -17.50000000000000000 ) ) ;
#2741 = ORIENTED_EDGE ( 'NONE', *, *, #1180, .T. ) ;
#2742 = CARTESIAN_POINT ( 'NONE',  ( 15.91861180829181777, -26.61950033522253278, -17.50000000000000000 ) ) ;
#2743 = DIRECTION ( 'NONE',  ( 1.000000000000000000, 0.000000000000000000, 0.000000000000000000 ) ) ;
#2744 = ORIENTED_EDGE ( 'NONE', *, *, #3778, .F. ) ;
#2745 = ORIENTED_EDGE ( 'NONE', *, *, #6949, .F. ) ;
#2746 = EDGE_LOOP ( 'NONE', ( #5510, #7036, #5708, #1511 ) ) ;
#2747 = CARTESIAN_POINT ( 'NONE',  ( -15.75825214724778789, -13.25825214724773993, 40.00000000000000000 ) ) ;
#2748 = DIRECTION ( 'NONE',  ( 1.000000000000000000, 0.000000000000000000, 0.000000000000000000 ) ) ;
#2749 = CARTESIAN_POINT ( 'NONE',  ( 6.814723314855760883, 30.30774729573218451, 17.50000000000000000 ) ) ;
#2750 = CARTESIAN_POINT ( 'NONE',  ( 18.44237240678627998, 24.99757788285513627, 17.50000000000000000 ) ) ;
#2751 = AXIS2_PLACEMENT_3D ( 'NONE', #3158, #6325, #4509 ) ;
#2752 = DIRECTION ( 'NONE',  ( -0.2817325568414104642, 0.9594929736145029198, 0.000000000000000000 ) ) ;
#2753 = VERTEX_POINT ( 'NONE', #5905 ) ;
#2754 = ORIENTED_EDGE ( 'NONE', *, *, #4629, .F. ) ;
#2755 = EDGE_CURVE ( 'NONE', #6242, #2334, #1860, .T. ) ;
#2756 = ORIENTED_EDGE ( 'NONE', *, *, #7008, .F. ) ;
#2757 = CARTESIAN_POINT ( 'NONE',  ( 18.90681781824565988, 25.72026904967498240, -17.50000000000000000 ) ) ;
#2758 = ORIENTED_EDGE ( 'NONE', *, *, #4675, .T. ) ;
#2759 = FACE_OUTER_BOUND ( 'NONE', #7731, .T. ) ;
#2760 = DIRECTION ( 'NONE',  ( 0.000000000000000000, 0.000000000000000000, -1.000000000000000000 ) ) ;
#2761 = DIRECTION ( 'NONE',  ( 1.000000000000000000, 0.000000000000000000, 0.000000000000000000 ) ) ;
#2762 = CARTESIAN_POINT ( 'NONE',  ( -13.25825214724778967, 13.25825214724773993, -28.00000000000000000 ) ) ;
#2763 = ORIENTED_EDGE ( 'NONE', *, *, #6437, .T. ) ;
#2764 = DIRECTION ( 'NONE',  ( 0.000000000000000000, 0.000000000000000000, 1.000000000000000000 ) ) ;
#2765 = ORIENTED_EDGE ( 'NONE', *, *, #1448, .T. ) ;
#2766 = DIRECTION ( 'NONE',  ( 1.000000000000000000, -8.673617379884027583E-16, 0.000000000000000000 ) ) ;
#2767 = EDGE_CURVE ( 'NONE', #2876, #5388, #2914, .T. ) ;
#2768 = EDGE_LOOP ( 'NONE', ( #4239, #8085, #665, #7215 ) ) ;
#2769 = CARTESIAN_POINT ( 'NONE',  ( -19.49085778790681545, 26.62905298150110056, 17.50000000000000000 ) ) ;
#2770 = DIRECTION ( 'NONE',  ( 0.000000000000000000, -1.000000000000000000, 0.000000000000000000 ) ) ;
#2771 = DIRECTION ( 'NONE',  ( 1.000000000000000000, 0.000000000000000000, 0.000000000000000000 ) ) ;
#2772 = AXIS2_PLACEMENT_3D ( 'NONE', #3963, #6572, #3885 ) ;
#2773 = CARTESIAN_POINT ( 'NONE',  ( 14.91861180829181777, -26.61950033522253278, -17.50000000000000000 ) ) ;
#2774 = CARTESIAN_POINT ( 'NONE',  ( -26.87354484763350371, 13.37208238541142258, -17.50000000000000000 ) ) ;
#2775 = EDGE_CURVE ( 'NONE', #6586, #4145, #4088, .T. ) ;
#2776 = VECTOR ( 'NONE', #1439, 1000.000000000000000 ) ;
#2777 = CARTESIAN_POINT ( 'NONE',  ( -26.85587101928699738, 19.17712678675879090, -17.50000000000000000 ) ) ;
#2778 = ORIENTED_EDGE ( 'NONE', *, *, #1412, .F. ) ;
#2780 = CARTESIAN_POINT ( 'NONE',  ( 24.73795827287221627, -18.78918360359578799, 17.50000000000000000 ) ) ;
#2779 = VECTOR ( 'NONE', #5322, 1000.000000000000000 ) ;
#2781 = VERTEX_POINT ( 'NONE', #4748 ) ;
#2782 = CARTESIAN_POINT ( 'NONE',  ( -32.96053387467662787, 1.613445597562849665, 17.50000000000000000 ) ) ;
#2783 = CYLINDRICAL_SURFACE ( 'NONE', #6388, 1.000000000000000888 ) ;
#2784 = CIRCLE ( 'NONE', #3581, 1.000000000000000888 ) ;
#2785 = ORIENTED_EDGE ( 'NONE', *, *, #5232, .T. ) ;
#2786 = AXIS2_PLACEMENT_3D ( 'NONE', #5933, #5267, #2873 ) ;
#2787 = ORIENTED_EDGE ( 'NONE', *, *, #4780, .F. ) ;
#2788 = ORIENTED_EDGE ( 'NONE', *, *, #1252, .T. ) ;
#2789 = EDGE_CURVE ( 'NONE', #276, #4486, #288, .T. ) ;
#2790 = DIRECTION ( 'NONE',  ( 0.000000000000000000, 0.000000000000000000, -1.000000000000000000 ) ) ;
#2791 = DIRECTION ( 'NONE',  ( 0.000000000000000000, 0.000000000000000000, -1.000000000000000000 ) ) ;
#2792 = CARTESIAN_POINT ( 'NONE',  ( -23.58416934417953570, -23.08217832755529386, -17.50000000000000000 ) ) ;
#2793 = DIRECTION ( 'NONE',  ( -0.000000000000000000, 0.000000000000000000, 1.000000000000000000 ) ) ;
#2794 = EDGE_CURVE ( 'NONE', #1674, #6235, #5417, .T. ) ;
#2795 = CARTESIAN_POINT ( 'NONE',  ( -7.774216288470063851, -30.02601473889078321, 17.50000000000000000 ) ) ;
#2796 = VERTEX_POINT ( 'NONE', #6223 ) ;
#2797 = ORIENTED_EDGE ( 'NONE', *, *, #1405, .T. ) ;
#2798 = ORIENTED_EDGE ( 'NONE', *, *, #6703, .F. ) ;
#2799 = CARTESIAN_POINT ( 'NONE',  ( -13.25825214724778967, -13.25825214724773993, 40.00000000000000000 ) ) ;
#2800 = VERTEX_POINT ( 'NONE', #5026 ) ;
#2801 = DIRECTION ( 'NONE',  ( 1.000000000000000000, -8.673617379884027583E-16, 0.000000000000000000 ) ) ;
#2802 = CARTESIAN_POINT ( 'NONE',  ( -6.532990758014134869, -29.34825432211772522, 17.50000000000000000 ) ) ;
#2803 = DIRECTION ( 'NONE',  ( 0.000000000000000000, -0.000000000000000000, 1.000000000000000000 ) ) ;
#2804 = EDGE_CURVE ( 'NONE', #2987, #5505, #4892, .T. ) ;
#2805 = DIRECTION ( 'NONE',  ( -0.7557495743542456124, 0.6548607339452996445, 0.000000000000000000 ) ) ;
#2806 = EDGE_LOOP ( 'NONE', ( #4035, #6308, #235, #717 ) ) ;
#2807 = LINE ( 'NONE', #4129, #1512 ) ;
#2808 = VERTEX_POINT ( 'NONE', #4944 ) ;
#2809 = EDGE_LOOP ( 'NONE', ( #2824, #3196, #5135, #2501 ) ) ;
#2810 = CARTESIAN_POINT ( 'NONE',  ( 15.75825214724779144, 13.25825214724773993, 40.00000000000000000 ) ) ;
#2811 = DIRECTION ( 'NONE',  ( -0.000000000000000000, -0.000000000000000000, -1.000000000000000000 ) ) ;
#2812 = LINE ( 'NONE', #6108, #1592 ) ;
#2813 = EDGE_CURVE ( 'NONE', #921, #2580, #3304, .T. ) ;
#2814 = DIRECTION ( 'NONE',  ( -1.000000000000000000, 0.000000000000000000, 0.000000000000000000 ) ) ;
#2815 = DIRECTION ( 'NONE',  ( -0.4154150130018983145, -0.9096319953545128900, -0.000000000000000000 ) ) ;
#2816 = EDGE_CURVE ( 'NONE', #4155, #318, #5491, .T. ) ;
#2817 = AXIS2_PLACEMENT_3D ( 'NONE', #970, #6030, #3438 ) ;
#2818 = ORIENTED_EDGE ( 'NONE', *, *, #4716, .T. ) ;
#2819 = ORIENTED_EDGE ( 'NONE', *, *, #6725, .T. ) ;
#2820 = DIRECTION ( 'NONE',  ( -0.000000000000000000, -0.000000000000000000, -1.000000000000000000 ) ) ;
#2821 = DIRECTION ( 'NONE',  ( -0.6548607339452946485, -0.7557495743542499422, 0.000000000000000000 ) ) ;
#2822 = AXIS2_PLACEMENT_3D ( 'NONE', #5603, #6807, #1842 ) ;
#2823 = AXIS2_PLACEMENT_3D ( 'NONE', #1457, #5876, #3972 ) ;
#2824 = ORIENTED_EDGE ( 'NONE', *, *, #4450, .F. ) ;
#2825 = EDGE_LOOP ( 'NONE', ( #3343, #339, #4687, #1141 ) ) ;
#2826 = ORIENTED_EDGE ( 'NONE', *, *, #23, .F. ) ;
#2827 = AXIS2_PLACEMENT_3D ( 'NONE', #1290, #3801, #6310 ) ;
#2828 = DIRECTION ( 'NONE',  ( 0.8412535328311758764, -0.5406408174556055490, -0.000000000000000000 ) ) ;
#2829 = CARTESIAN_POINT ( 'NONE',  ( 15.07735827546062701, -27.16014115267811491, -17.50000000000000000 ) ) ;
#2830 = CYLINDRICAL_SURFACE ( 'NONE', #724, 1.000000000000000888 ) ;
#2831 = PLANE ( 'NONE',  #151 ) ;
#2832 = DIRECTION ( 'NONE',  ( 0.000000000000000000, 0.000000000000000000, 1.000000000000000000 ) ) ;
#2833 = ORIENTED_EDGE ( 'NONE', *, *, #3160, .T. ) ;
#2834 = ORIENTED_EDGE ( 'NONE', *, *, #7516, .T. ) ;
#2835 = ADVANCED_FACE ( 'NONE', ( #577 ), #4867, .T. ) ;
#2836 = ADVANCED_FACE ( 'NONE', ( #8072 ), #6101, .T. ) ;
#2837 = VECTOR ( 'NONE', #2545, 1000.000000000000000 ) ;
#2838 = AXIS2_PLACEMENT_3D ( 'NONE', #4021, #6079, #1017 ) ;
#2839 = VERTEX_POINT ( 'NONE', #4207 ) ;
#2840 = DIRECTION ( 'NONE',  ( 0.000000000000000000, 0.000000000000000000, 1.000000000000000000 ) ) ;
#2841 = EDGE_LOOP ( 'NONE', ( #701, #4453, #1120, #2134 ) ) ;
#2842 = CARTESIAN_POINT ( 'NONE',  ( -28.60046011285967538, 16.46249316879807267, 17.50000000000000000 ) ) ;
#2843 = DIRECTION ( 'NONE',  ( -0.000000000000000000, -0.000000000000000000, 1.000000000000000000 ) ) ;
#2844 = FACE_OUTER_BOUND ( 'NONE', #1694, .T. ) ;
#2845 = DIRECTION ( 'NONE',  ( 1.000000000000000000, 0.000000000000000000, 0.000000000000000000 ) ) ;
#2846 = VERTEX_POINT ( 'NONE', #3089 ) ;
#2847 = AXIS2_PLACEMENT_3D ( 'NONE', #1062, #2178, #6629 ) ;
#2848 = CARTESIAN_POINT ( 'NONE',  ( 35.00000000000000711, 4.286263797015737285E-15, -18.50000000000000711 ) ) ;
#2849 = VERTEX_POINT ( 'NONE', #6813 ) ;
#2850 = VECTOR ( 'NONE', #3698, 1000.000000000000000 ) ;
#2851 = AXIS2_PLACEMENT_3D ( 'NONE', #4777, #7825, #1639 ) ;
#2852 = VERTEX_POINT ( 'NONE', #1077 ) ;
#2853 = ADVANCED_FACE ( 'NONE', ( #8033 ), #5606, .F. ) ;
#2854 = CYLINDRICAL_SURFACE ( 'NONE', #499, 1.000000000000000888 ) ;
#2855 = CARTESIAN_POINT ( 'NONE',  ( 9.411469678857796950, 28.50305665159336144, -17.50000000000000000 ) ) ;
#2856 = DIRECTION ( 'NONE',  ( 0.000000000000000000, 0.000000000000000000, 1.000000000000000000 ) ) ;
#2857 = EDGE_CURVE ( 'NONE', #6416, #4575, #6075, .T. ) ;
#2858 = FACE_OUTER_BOUND ( 'NONE', #3395, .T. ) ;
#2859 = CYLINDRICAL_SURFACE ( 'NONE', #252, 1.000000000000000888 ) ;
#2860 = ORIENTED_EDGE ( 'NONE', *, *, #6367, .F. ) ;
#2861 = VERTEX_POINT ( 'NONE', #3134 ) ;
#2862 = CARTESIAN_POINT ( 'NONE',  ( -27.73377950337907549, 15.96362973944055419, 17.50000000000000000 ) ) ;
#2863 = CARTESIAN_POINT ( 'NONE',  ( -32.07996081286061951, 7.737965769201113453, -17.50000000000000000 ) ) ;
#2864 = EDGE_CURVE ( 'NONE', #7401, #4372, #2131, .T. ) ;
#2865 = EDGE_CURVE ( 'NONE', #6718, #4519, #3012, .T. ) ;
#2866 = ORIENTED_EDGE ( 'NONE', *, *, #5076, .F. ) ;
#2867 = ORIENTED_EDGE ( 'NONE', *, *, #2857, .F. ) ;
#2868 = VERTEX_POINT ( 'NONE', #1200 ) ;
#2869 = EDGE_CURVE ( 'NONE', #1444, #4155, #6272, .T. ) ;
#2870 = CARTESIAN_POINT ( 'NONE',  ( 29.83695809470120963, -3.279623706318152809, 17.50000000000000000 ) ) ;
#2871 = DIRECTION ( 'NONE',  ( 0.000000000000000000, 0.000000000000000000, 1.000000000000000000 ) ) ;
#2872 = PLANE ( 'NONE',  #5472 ) ;
#2873 = DIRECTION ( 'NONE',  ( 1.000000000000000000, 0.000000000000000000, 0.000000000000000000 ) ) ;
#2874 = CIRCLE ( 'NONE', #3669, 1.000000000000000888 ) ;
#2875 = FACE_OUTER_BOUND ( 'NONE', #2739, .T. ) ;
#2876 = VERTEX_POINT ( 'NONE', #1732 ) ;
#2877 = EDGE_LOOP ( 'NONE', ( #6045, #6959, #1455, #5083 ) ) ;
#2878 = EDGE_CURVE ( 'NONE', #4045, #5805, #482, .T. ) ;
#2879 = CIRCLE ( 'NONE', #7487, 1.000000000000000222 ) ;
#2880 = CARTESIAN_POINT ( 'NONE',  ( 0.000000000000000000, 0.000000000000000000, 40.00000000000000000 ) ) ;
#2881 = DIRECTION ( 'NONE',  ( 1.000000000000000000, 0.000000000000000000, 0.000000000000000000 ) ) ;
#2882 = EDGE_LOOP ( 'NONE', ( #4760, #4545, #6702, #6253 ) ) ;
#2883 = LINE ( 'NONE', #1689, #2961 ) ;
#2884 = LINE ( 'NONE', #3386, #743 ) ;
#2885 = VECTOR ( 'NONE', #7688, 1000.000000000000114 ) ;
#2886 = EDGE_CURVE ( 'NONE', #2057, #3227, #2508, .T. ) ;
#2887 = CYLINDRICAL_SURFACE ( 'NONE', #5414, 33.00000000000001421 ) ;
#2888 = COLOUR_RGB ( '',0.7921568627450980005, 0.8196078431372548767, 0.9333333333333333481 ) ;
#2889 = DIRECTION ( 'NONE',  ( 0.000000000000000000, 0.000000000000000000, 1.000000000000000000 ) ) ;
#2890 = ORIENTED_EDGE ( 'NONE', *, *, #7698, .T. ) ;
#2891 = DIRECTION ( 'NONE',  ( -0.000000000000000000, -0.000000000000000000, 1.000000000000000000 ) ) ;
#2892 = VERTEX_POINT ( 'NONE', #5530 ) ;
#2893 = EDGE_CURVE ( 'NONE', #626, #1051, #2428, .T. ) ;
#2894 = DIRECTION ( 'NONE',  ( -0.000000000000000000, -0.000000000000000000, -1.000000000000000000 ) ) ;
#2895 = LINE ( 'NONE', #4875, #6201 ) ;
#2896 = EDGE_CURVE ( 'NONE', #3390, #1707, #2392, .T. ) ;
#2897 = LINE ( 'NONE', #4837, #7781 ) ;
#2898 = DIRECTION ( 'NONE',  ( -0.000000000000000000, -0.000000000000000000, 1.000000000000000000 ) ) ;
#2899 = VERTEX_POINT ( 'NONE', #536 ) ;
#2900 = ORIENTED_EDGE ( 'NONE', *, *, #2454, .F. ) ;
#2901 = DIRECTION ( 'NONE',  ( -0.5406408174556033286, -0.8412535328311774308, -0.000000000000000000 ) ) ;
#2902 = FACE_OUTER_BOUND ( 'NONE', #4618, .T. ) ;
#2903 = AXIS2_PLACEMENT_3D ( 'NONE', #4238, #7494, #4278 ) ;
#2904 = EDGE_LOOP ( 'NONE', ( #2256, #5315, #6036, #3111 ) ) ;
#2905 = ADVANCED_FACE ( 'NONE', ( #6852 ), #3711, .T. ) ;
#2906 = AXIS2_PLACEMENT_3D ( 'NONE', #6820, #7395, #3641 ) ;
#2907 = VERTEX_POINT ( 'NONE', #2547 ) ;
#2908 = VECTOR ( 'NONE', #6311, 1000.000000000000000 ) ;
#2909 = EDGE_LOOP ( 'NONE', ( #8137, #6753, #7074, #1154 ) ) ;
#2910 = ORIENTED_EDGE ( 'NONE', *, *, #4649, .T. ) ;
#2911 = CARTESIAN_POINT ( 'NONE',  ( -22.80392022800048579, 23.85332727807571374, -17.50000000000000000 ) ) ;
#2912 = CARTESIAN_POINT ( 'NONE',  ( -32.07996081286078294, -7.737965769200430444, -17.50000000000000000 ) ) ;
#2913 = DIRECTION ( 'NONE',  ( 0.000000000000000000, 0.000000000000000000, 1.000000000000000000 ) ) ;
#2914 = CIRCLE ( 'NONE', #3844, 0.9999999999999991118 ) ;
#2915 = DIRECTION ( 'NONE',  ( -0.000000000000000000, -0.000000000000000000, -1.000000000000000000 ) ) ;
#2916 = EDGE_CURVE ( 'NONE', #1099, #5449, #735, .T. ) ;
#2917 = AXIS2_PLACEMENT_3D ( 'NONE', #2880, #5397, #4307 ) ;
#2918 = DIRECTION ( 'NONE',  ( -0.000000000000000000, -0.000000000000000000, 1.000000000000000000 ) ) ;
#2919 = ORIENTED_EDGE ( 'NONE', *, *, #2316, .F. ) ;
#2920 = AXIS2_PLACEMENT_3D ( 'NONE', #2955, #5434, #6090 ) ;
#2921 = EDGE_CURVE ( 'NONE', #2285, #7841, #819, .T. ) ;
#2922 = LINE ( 'NONE', #5440, #404 ) ;
#2923 = EDGE_LOOP ( 'NONE', ( #6504, #7686, #7738, #7982 ) ) ;
#2924 = FACE_OUTER_BOUND ( 'NONE', #6834, .T. ) ;
#2925 = CARTESIAN_POINT ( 'NONE',  ( 19.74807135107595357, -25.17962823222007884, 17.50000000000000000 ) ) ;
#2926 = AXIS2_PLACEMENT_3D ( 'NONE', #2977, #5071, #7707 ) ;
#2927 = DIRECTION ( 'NONE',  ( 1.000000000000000000, 0.000000000000000000, 0.000000000000000000 ) ) ;
#2928 = LINE ( 'NONE', #6025, #7130 ) ;
#2929 = ORIENTED_EDGE ( 'NONE', *, *, #1256, .T. ) ;
#2930 = CARTESIAN_POINT ( 'NONE',  ( -10.89472168800144303, -30.00508355830709917, 17.50000000000000000 ) ) ;
#2931 = ORIENTED_EDGE ( 'NONE', *, *, #7808, .F. ) ;
#2932 = DIRECTION ( 'NONE',  ( -0.000000000000000000, -0.000000000000000000, -1.000000000000000000 ) ) ;
#2933 = DIRECTION ( 'NONE',  ( -1.000000000000000000, 0.000000000000000000, 0.000000000000000000 ) ) ;
#2934 = CARTESIAN_POINT ( 'NONE',  ( -29.41001357988148257, -6.249088031960117640, 17.50000000000000000 ) ) ;
#2935 = CARTESIAN_POINT ( 'NONE',  ( 15.91861180829181777, -26.61950033522253278, -17.50000000000000000 ) ) ;
#2936 = CYLINDRICAL_SURFACE ( 'NONE', #5547, 1.000000000000000888 ) ;
#2937 = FACE_OUTER_BOUND ( 'NONE', #2446, .T. ) ;
#2938 = EDGE_CURVE ( 'NONE', #6664, #7792, #2055, .T. ) ;
#2939 = EDGE_CURVE ( 'NONE', #5624, #5424, #3775, .T. ) ;
#2940 = VERTEX_POINT ( 'NONE', #7583 ) ;
#2941 = ORIENTED_EDGE ( 'NONE', *, *, #5409, .T. ) ;
#2942 = CARTESIAN_POINT ( 'NONE',  ( -16.12584365658268126, -28.79161625132310220, 17.50000000000000000 ) ) ;
#2943 = DIRECTION ( 'NONE',  ( -1.000000000000000000, 1.224646799147349509E-16, 0.000000000000000000 ) ) ;
#2944 = ORIENTED_EDGE ( 'NONE', *, *, #6439, .T. ) ;
#2945 = EDGE_CURVE ( 'NONE', #1415, #6939, #215, .T. ) ;
#2946 = AXIS2_PLACEMENT_3D ( 'NONE', #6119, #4997, #5508 ) ;
#2947 = ORIENTED_EDGE ( 'NONE', *, *, #2092, .F. ) ;
#2948 = CIRCLE ( 'NONE', #5057, 1.000000000000000000 ) ;
#2949 = ORIENTED_EDGE ( 'NONE', *, *, #3471, .T. ) ;
#2950 = EDGE_LOOP ( 'NONE', ( #7931, #4017, #833, #2374 ) ) ;
#2951 = EDGE_CURVE ( 'NONE', #3390, #3487, #4033, .T. ) ;
#2952 = AXIS2_PLACEMENT_3D ( 'NONE', #7740, #7622, #2094 ) ;
#2953 = LINE ( 'NONE', #564, #6502 ) ;
#2954 = DIRECTION ( 'NONE',  ( -0.000000000000000000, -0.000000000000000000, -1.000000000000000000 ) ) ;
#2955 = CARTESIAN_POINT ( 'NONE',  ( 13.25825214724778967, 13.25825214724773993, 40.00000000000000000 ) ) ;
#2956 = VECTOR ( 'NONE', #2475, 1000.000000000000000 ) ;
#2957 = DIRECTION ( 'NONE',  ( -0.000000000000000000, -0.000000000000000000, 1.000000000000000000 ) ) ;
#2958 = EDGE_CURVE ( 'NONE', #1823, #4924, #4825, .T. ) ;
#2959 = CARTESIAN_POINT ( 'NONE',  ( -9.411469678857619314, -28.50305665159341473, -17.50000000000000000 ) ) ;
#2960 = ORIENTED_EDGE ( 'NONE', *, *, #2279, .T. ) ;
#2961 = VECTOR ( 'NONE', #7912, 1000.000000000000000 ) ;
#2962 = AXIS2_PLACEMENT_3D ( 'NONE', #1026, #7163, #1596 ) ;
#2963 = EDGE_CURVE ( 'NONE', #2669, #6701, #3941, .T. ) ;
#2964 = FACE_BOUND ( 'NONE', #3424, .T. ) ;
#2965 = ORIENTED_EDGE ( 'NONE', *, *, #1731, .T. ) ;
#2966 = LINE ( 'NONE', #1112, #190 ) ;
#2967 = DIRECTION ( 'NONE',  ( 1.000000000000000000, 0.000000000000000000, 0.000000000000000000 ) ) ;
#2968 = FACE_OUTER_BOUND ( 'NONE', #2841, .T. ) ;
#2969 = VECTOR ( 'NONE', #2416, 1000.000000000000000 ) ;
#2970 = EDGE_CURVE ( 'NONE', #6847, #1914, #5181, .T. ) ;
#2971 = AXIS2_PLACEMENT_3D ( 'NONE', #2350, #1, #2425 ) ;
#2972 = DIRECTION ( 'NONE',  ( 1.000000000000000000, 0.000000000000000000, 0.000000000000000000 ) ) ;
#2973 = ORIENTED_EDGE ( 'NONE', *, *, #228, .F. ) ;
#2974 = CARTESIAN_POINT ( 'NONE',  ( 29.02942188199363827, -11.05860141234998473, -17.50000000000000000 ) ) ;
#2975 = ORIENTED_EDGE ( 'NONE', *, *, #6957, .T. ) ;
#2976 = ADVANCED_FACE ( 'NONE', ( #7664 ), #2013, .T. ) ;
#2977 = CARTESIAN_POINT ( 'NONE',  ( -22.77337607103645922, 21.05643232665837417, 17.50000000000000000 ) ) ;
#2978 = CARTESIAN_POINT ( 'NONE',  ( -1.000000000000222489, -30.00000000000000000, -17.50000000000000000 ) ) ;
#2979 = AXIS2_PLACEMENT_3D ( 'NONE', #594, #5625, #3228 ) ;
#2980 = DIRECTION ( 'NONE',  ( 0.1423148382732747075, -0.9898214418809342385, -0.000000000000000000 ) ) ;
#2981 = CARTESIAN_POINT ( 'NONE',  ( -34.00000000000000711, 4.225031457058369711E-15, 17.50000000000000000 ) ) ;
#2982 = CIRCLE ( 'NONE', #5483, 33.00000000000000711 ) ;
#2983 = DIRECTION ( 'NONE',  ( 0.000000000000000000, 0.000000000000000000, 1.000000000000000000 ) ) ;
#2984 = VECTOR ( 'NONE', #4654, 1000.000000000000000 ) ;
#2985 = VECTOR ( 'NONE', #3287, 1000.000000000000000 ) ;
#2986 = CARTESIAN_POINT ( 'NONE',  ( 26.04205674597515241, -18.59600173261476641, -17.50000000000000000 ) ) ;
#2987 = VERTEX_POINT ( 'NONE', #4406 ) ;
#2988 = ORIENTED_EDGE ( 'NONE', *, *, #6319, .T. ) ;
#2989 = FACE_OUTER_BOUND ( 'NONE', #7891, .T. ) ;
#2990 = CARTESIAN_POINT ( 'NONE',  ( -29.81085456838881953, -11.41546976266735314, 17.50000000000000000 ) ) ;
#2991 = AXIS2_PLACEMENT_3D ( 'NONE', #3621, #2382, #8104 ) ;
#2992 = EDGE_CURVE ( 'NONE', #7852, #2622, #3170, .T. ) ;
#2993 = EDGE_CURVE ( 'NONE', #1565, #4024, #6375, .T. ) ;
#2994 = ORIENTED_EDGE ( 'NONE', *, *, #1085, .F. ) ;
#2995 = ORIENTED_EDGE ( 'NONE', *, *, #5206, .F. ) ;
#2996 = ORIENTED_EDGE ( 'NONE', *, *, #5596, .F. ) ;
#2997 = PRODUCT_DEFINITION_CONTEXT ( 'detailed design', #1902, 'design' ) ;
#2998 = VERTEX_POINT ( 'NONE', #1934 ) ;
#2999 = DIRECTION ( 'NONE',  ( -0.2817325568414105197, 0.9594929736145029198, 0.000000000000000000 ) ) ;
#3000 = DIRECTION ( 'NONE',  ( 0.000000000000000000, 0.000000000000000000, -1.000000000000000000 ) ) ;
#3001 = DIRECTION ( 'NONE',  ( 0.000000000000000000, 0.000000000000000000, 1.000000000000000000 ) ) ;
#3002 = VECTOR ( 'NONE', #6992, 1000.000000000000000 ) ;
#3003 = FACE_OUTER_BOUND ( 'NONE', #3210, .T. ) ;
#3004 = CARTESIAN_POINT ( 'NONE',  ( 31.10784078822869247, 7.503481958012334196, -17.50000000000000000 ) ) ;
#3005 = ORIENTED_EDGE ( 'NONE', *, *, #3236, .T. ) ;
#3006 = CYLINDRICAL_SURFACE ( 'NONE', #1847, 1.000000000000000888 ) ;
#3007 = ORIENTED_EDGE ( 'NONE', *, *, #2403, .F. ) ;
#3008 = DIRECTION ( 'NONE',  ( 1.000000000000000000, 0.000000000000000000, 0.000000000000000000 ) ) ;
#3009 = CARTESIAN_POINT ( 'NONE',  ( 21.77337607103631711, -21.05643232665853049, -17.50000000000000000 ) ) ;
#3010 = DIRECTION ( 'NONE',  ( 0.000000000000000000, -0.000000000000000000, -1.000000000000000000 ) ) ;
#3011 = VECTOR ( 'NONE', #2093, 1000.000000000000000 ) ;
#3012 = LINE ( 'NONE', #455, #2066 ) ;
#3013 = ORIENTED_EDGE ( 'NONE', *, *, #5903, .F. ) ;
#3014 = VECTOR ( 'NONE', #5098, 1000.000000000000114 ) ;
#3015 = EDGE_CURVE ( 'NONE', #6785, #419, #6670, .T. ) ;
#3016 = DIRECTION ( 'NONE',  ( -0.000000000000000000, 0.000000000000000000, -1.000000000000000000 ) ) ;
#3017 = ORIENTED_EDGE ( 'NONE', *, *, #1240, .F. ) ;
#3018 = DIRECTION ( 'NONE',  ( 0.000000000000000000, 0.000000000000000000, 1.000000000000000000 ) ) ;
#3019 = DIRECTION ( 'NONE',  ( 1.000000000000000000, 0.000000000000000000, 0.000000000000000000 ) ) ;
#3020 = AXIS2_PLACEMENT_3D ( 'NONE', #7920, #5986, #922 ) ;
#3021 = DIRECTION ( 'NONE',  ( 1.000000000000000000, 0.000000000000000000, 0.000000000000000000 ) ) ;
#3022 = CYLINDRICAL_SURFACE ( 'NONE', #7394, 33.00000000000000711 ) ;
#3023 = CARTESIAN_POINT ( 'NONE',  ( -16.12584365658206309, 28.79161625132344682, -17.50000000000000000 ) ) ;
#3024 = CONICAL_SURFACE ( 'NONE', #3276, 2.499999999999996891, 1.029744258676653645 ) ;
#3025 = EDGE_CURVE ( 'NONE', #790, #3927, #5489, .T. ) ;
#3026 = CARTESIAN_POINT ( 'NONE',  ( -29.81085456838856018, 11.41546976266798552, 17.50000000000000000 ) ) ;
#3027 = EDGE_LOOP ( 'NONE', ( #6913, #4631, #2236, #3807 ) ) ;
#3028 = ADVANCED_FACE ( 'NONE', ( #3796, #1390, #197, #3833, #6302, #6340 ), #699, .F. ) ;
#3029 = ORIENTED_EDGE ( 'NONE', *, *, #93, .F. ) ;
#3030 = DIRECTION ( 'NONE',  ( -0.000000000000000000, -0.000000000000000000, 1.000000000000000000 ) ) ;
#3031 = LINE ( 'NONE', #1258, #6800 ) ;
#3032 = EDGE_LOOP ( 'NONE', ( #6711, #1917, #599, #7919 ) ) ;
#3033 = ORIENTED_EDGE ( 'NONE', *, *, #798, .F. ) ;
#3034 = ORIENTED_EDGE ( 'NONE', *, *, #3337, .F. ) ;
#3035 = ORIENTED_EDGE ( 'NONE', *, *, #3044, .T. ) ;
#3036 = DIRECTION ( 'NONE',  ( 1.000000000000000000, 0.000000000000000000, 0.000000000000000000 ) ) ;
#3037 = CARTESIAN_POINT ( 'NONE',  ( -6.532990758014134869, -29.34825432211772522, -17.50000000000000000 ) ) ;
#3038 = DIRECTION ( 'NONE',  ( -0.000000000000000000, -0.000000000000000000, -1.000000000000000000 ) ) ;
#3039 = DIRECTION ( 'NONE',  ( 1.000000000000000000, 0.000000000000000000, 0.000000000000000000 ) ) ;
#3040 = DIRECTION ( 'NONE',  ( 0.000000000000000000, 0.000000000000000000, 1.000000000000000000 ) ) ;
#3041 = VECTOR ( 'NONE', #1681, 1000.000000000000000 ) ;
#3042 = CARTESIAN_POINT ( 'NONE',  ( -32.31943353934525476, -6.667399470246714088, 17.50000000000000000 ) ) ;
#3043 = ORIENTED_EDGE ( 'NONE', *, *, #4962, .F. ) ;
#3044 = EDGE_CURVE ( 'NONE', #1630, #6626, #1971, .T. ) ;
#3045 = AXIS2_PLACEMENT_3D ( 'NONE', #3023, #5501, #8125 ) ;
#3046 = FACE_OUTER_BOUND ( 'NONE', #5767, .T. ) ;
#3047 = ORIENTED_EDGE ( 'NONE', *, *, #2993, .F. ) ;
#3048 = LINE ( 'NONE', #6889, #3086 ) ;
#3049 = AXIS2_PLACEMENT_3D ( 'NONE', #5116, #1980, #872 ) ;
#3050 = FACE_OUTER_BOUND ( 'NONE', #7259, .T. ) ;
#3051 = LINE ( 'NONE', #1729, #6335 ) ;
#3052 = DIRECTION ( 'NONE',  ( 0.7557495743542506084, -0.6548607339452937603, 0.000000000000000000 ) ) ;
#3053 = ORIENTED_EDGE ( 'NONE', *, *, #2121, .F. ) ;
#3054 = AXIS2_PLACEMENT_3D ( 'NONE', #3, #6184, #1888 ) ;
#3055 = CARTESIAN_POINT ( 'NONE',  ( -6.814723314854910896, 30.30774729573237281, 17.50000000000000000 ) ) ;
#3056 = CONICAL_SURFACE ( 'NONE', #7404, 2.499999999999996891, 1.029744258676653645 ) ;
#3057 = LINE ( 'NONE', #5573, #6121 ) ;
#3058 = AXIS2_PLACEMENT_3D ( 'NONE', #7148, #136, #1495 ) ;
#3059 = CARTESIAN_POINT ( 'NONE',  ( 22.11289234230335055, -23.13049917874024075, 17.50000000000000000 ) ) ;
#3060 = DIRECTION ( 'NONE',  ( -0.000000000000000000, -0.000000000000000000, -1.000000000000000000 ) ) ;
#3061 = DIRECTION ( 'NONE',  ( 1.000000000000000000, 0.000000000000000000, 0.000000000000000000 ) ) ;
#3062 = DIRECTION ( 'NONE',  ( 1.000000000000000000, 0.000000000000000000, 0.000000000000000000 ) ) ;
#3063 = CARTESIAN_POINT ( 'NONE',  ( 29.54214986003552923, -5.401581428353319225, -17.50000000000000000 ) ) ;
#3064 = ORIENTED_EDGE ( 'NONE', *, *, #2804, .T. ) ;
#3065 = EDGE_CURVE ( 'NONE', #3511, #2453, #4696, .T. ) ;
#3066 = CARTESIAN_POINT ( 'NONE',  ( 32.31943353934529739, 6.667399470246500925, -17.50000000000000000 ) ) ;
#3067 = FACE_OUTER_BOUND ( 'NONE', #6956, .T. ) ;
#3068 = EDGE_CURVE ( 'NONE', #4486, #6159, #4154, .T. ) ;
#3069 = ORIENTED_EDGE ( 'NONE', *, *, #7678, .T. ) ;
#3070 = ORIENTED_EDGE ( 'NONE', *, *, #7500, .T. ) ;
#3071 = ORIENTED_EDGE ( 'NONE', *, *, #909, .F. ) ;
#3072 = CARTESIAN_POINT ( 'NONE',  ( -31.81941497959495280, 2.554374748608542856, -17.50000000000000000 ) ) ;
#3073 = ORIENTED_EDGE ( 'NONE', *, *, #1764, .T. ) ;
#3074 = DIRECTION ( 'NONE',  ( 1.000000000000000000, 0.000000000000000000, 0.000000000000000000 ) ) ;
#3075 = FACE_OUTER_BOUND ( 'NONE', #3979, .T. ) ;
#3076 = LINE ( 'NONE', #3121, #6393 ) ;
#3077 = CYLINDRICAL_SURFACE ( 'NONE', #2920, 2.500000000000000444 ) ;
#3078 = FACE_OUTER_BOUND ( 'NONE', #7247, .T. ) ;
#3079 = DIRECTION ( 'NONE',  ( -0.5406408174555898949, 0.8412535328311860905, -0.000000000000000000 ) ) ;
#3080 = VERTEX_POINT ( 'NONE', #7167 ) ;
#3081 = CARTESIAN_POINT ( 'NONE',  ( 10.65269520931373570, 29.18081706836641231, 17.50000000000000000 ) ) ;
#3082 = VERTEX_POINT ( 'NONE', #6052 ) ;
#3083 = CARTESIAN_POINT ( 'NONE',  ( 24.08309753892691774, -19.54493317795003549, 17.50000000000000000 ) ) ;
#3084 = LINE ( 'NONE', #3707, #620 ) ;
#3085 = DIRECTION ( 'NONE',  ( -0.000000000000000000, -0.000000000000000000, 1.000000000000000000 ) ) ;
#3086 = VECTOR ( 'NONE', #1234, 1000.000000000000000 ) ;
#3087 = EDGE_CURVE ( 'NONE', #1914, #4935, #2143, .T. ) ;
#3088 = EDGE_CURVE ( 'NONE', #8, #2694, #3521, .T. ) ;
#3089 = CARTESIAN_POINT ( 'NONE',  ( 30.39983502176222885, -6.391402870234250244, -17.50000000000000000 ) ) ;
#3090 = EDGE_LOOP ( 'NONE', ( #5688, #209, #3171, #5243 ) ) ;
#3091 = AXIS2_PLACEMENT_3D ( 'NONE', #6732, #3359, #7390 ) ;
#3092 = ORIENTED_EDGE ( 'NONE', *, *, #6830, .F. ) ;
#3093 = LINE ( 'NONE', #4249, #7537 ) ;
#3094 = CYLINDRICAL_SURFACE ( 'NONE', #5599, 1.000000000000000888 ) ;
#3095 = AXIS2_PLACEMENT_3D ( 'NONE', #7550, #4989, #7426 ) ;
#3096 = CARTESIAN_POINT ( 'NONE',  ( -15.54180368692077607, -27.88283231949753471, -17.50000000000000000 ) ) ;
#3097 = CIRCLE ( 'NONE', #6384, 33.00000000000001421 ) ;
#3098 = LINE ( 'NONE', #4417, #7521 ) ;
#3099 = FACE_OUTER_BOUND ( 'NONE', #3432, .T. ) ;
#3100 = DIRECTION ( 'NONE',  ( -0.000000000000000000, -0.000000000000000000, 1.000000000000000000 ) ) ;
#3101 = DIRECTION ( 'NONE',  ( 1.000000000000000000, 0.000000000000000000, 0.000000000000000000 ) ) ;
#3102 = AXIS2_PLACEMENT_3D ( 'NONE', #7282, #3647, #3565 ) ;
#3103 = ORIENTED_EDGE ( 'NONE', *, *, #3769, .T. ) ;
#3104 = AXIS2_PLACEMENT_3D ( 'NONE', #3410, #5926, #2743 ) ;
#3105 = CARTESIAN_POINT ( 'NONE',  ( 26.85587101928754450, 19.17712678675803772, 17.50000000000000000 ) ) ;
#3106 = FACE_OUTER_BOUND ( 'NONE', #3253, .T. ) ;
#3107 = ADVANCED_FACE ( 'NONE', ( #3378 ), #907, .T. ) ;
#3108 = CIRCLE ( 'NONE', #6538, 1.000000000000000888 ) ;
#3109 = AXIS2_PLACEMENT_3D ( 'NONE', #7904, #4602, #403 ) ;
#3110 = ORIENTED_EDGE ( 'NONE', *, *, #1453, .T. ) ;
#3111 = ORIENTED_EDGE ( 'NONE', *, *, #4093, .T. ) ;
#3112 = EDGE_CURVE ( 'NONE', #2356, #5430, #6680, .T. ) ;
#3113 = ORIENTED_EDGE ( 'NONE', *, *, #5109, .T. ) ;
#3114 = AXIS2_PLACEMENT_3D ( 'NONE', #1643, #4779, #3692 ) ;
#3115 = CIRCLE ( 'NONE', #5748, 1.000000000000000888 ) ;
#3116 = CARTESIAN_POINT ( 'NONE',  ( -6.097256819928285054, 31.41374634251442544, -17.50000000000000000 ) ) ;
#3117 = ORIENTED_EDGE ( 'NONE', *, *, #2789, .T. ) ;
#3118 = CARTESIAN_POINT ( 'NONE',  ( -15.75825214724778789, -13.25825214724773993, -28.00000000000000000 ) ) ;
#3119 = EDGE_CURVE ( 'NONE', #7801, #4091, #5975, .T. ) ;
#3120 = CARTESIAN_POINT ( 'NONE',  ( 0.000000000000000000, 0.000000000000000000, 17.50000000000000000 ) ) ;
#3121 = CARTESIAN_POINT ( 'NONE',  ( 23.11289234230335055, -23.13049917874024075, -17.50000000000000000 ) ) ;
#3122 = DIRECTION ( 'NONE',  ( -0.7557495743542645972, -0.6548607339452777731, 0.000000000000000000 ) ) ;
#3123 = DIRECTION ( 'NONE',  ( -0.000000000000000000, -0.000000000000000000, -1.000000000000000000 ) ) ;
#3124 = CARTESIAN_POINT ( 'NONE',  ( 31.17084050580884735, -10.83414519754224692, -17.50000000000000000 ) ) ;
#3125 = ORIENTED_EDGE ( 'NONE', *, *, #8071, .F. ) ;
#3126 = ADVANCED_FACE ( 'NONE', ( #3541 ), #2181, .T. ) ;
#3127 = AXIS2_PLACEMENT_3D ( 'NONE', #7014, #159, #2017 ) ;
#3128 = CIRCLE ( 'NONE', #4714, 1.000000000000000888 ) ;
#3129 = DIRECTION ( 'NONE',  ( 1.000000000000000000, 0.000000000000000000, 0.000000000000000000 ) ) ;
#3130 = ORIENTED_EDGE ( 'NONE', *, *, #6126, .T. ) ;
#3131 = CARTESIAN_POINT ( 'NONE',  ( -14.70055015408959775, -28.42347313695313815, -17.50000000000000000 ) ) ;
#3132 = CARTESIAN_POINT ( 'NONE',  ( -15.37797099083640795, 25.77824680239123367, 17.50000000000000000 ) ) ;
#3133 = DIRECTION ( 'NONE',  ( -0.6548607339452741094, 0.7557495743542677058, 0.000000000000000000 ) ) ;
#3134 = CARTESIAN_POINT ( 'NONE',  ( 13.25825214724778611, -13.25825214724773993, 26.49784845243109999 ) ) ;
#3135 = EDGE_LOOP ( 'NONE', ( #5255, #2778, #7186, #3064 ) ) ;
#3136 = ADVANCED_FACE ( 'NONE', ( #7127 ), #2263, .F. ) ;
#3137 = ORIENTED_EDGE ( 'NONE', *, *, #2101, .T. ) ;
#3138 = EDGE_LOOP ( 'NONE', ( #7114, #2684, #4264, #6893 ) ) ;
#3139 = CARTESIAN_POINT ( 'NONE',  ( 15.75825214724778789, -13.25825214724773993, 28.00000000000000000 ) ) ;
#3140 = DIRECTION ( 'NONE',  ( 0.000000000000000000, 0.000000000000000000, -1.000000000000000000 ) ) ;
#3141 = CYLINDRICAL_SURFACE ( 'NONE', #191, 33.00000000000000711 ) ;
#3142 = DIRECTION ( 'NONE',  ( -0.000000000000000000, -0.000000000000000000, -1.000000000000000000 ) ) ;
#3143 = LINE ( 'NONE', #1743, #3952 ) ;
#3144 = DIRECTION ( 'NONE',  ( 1.000000000000000000, 0.000000000000000000, 0.000000000000000000 ) ) ;
#3145 = CARTESIAN_POINT ( 'NONE',  ( -7.774216288470063851, -30.02601473889078321, -17.50000000000000000 ) ) ;
#3146 = AXIS2_PLACEMENT_3D ( 'NONE', #1623, #6700, #1705 ) ;
#3147 = EDGE_CURVE ( 'NONE', #8109, #3242, #7981, .T. ) ;
#3148 = ORIENTED_EDGE ( 'NONE', *, *, #6999, .T. ) ;
#3149 = CARTESIAN_POINT ( 'NONE',  ( 27.36776182998602636, -14.69712939376802652, 17.50000000000000000 ) ) ;
#3150 = DIRECTION ( 'NONE',  ( -0.000000000000000000, -0.000000000000000000, -1.000000000000000000 ) ) ;
#3151 = EDGE_CURVE ( 'NONE', #119, #5186, #5356, .T. ) ;
#3152 = CIRCLE ( 'NONE', #654, 1.000000000000000888 ) ;
#3153 = VERTEX_POINT ( 'NONE', #3503 ) ;
#3154 = ORIENTED_EDGE ( 'NONE', *, *, #3769, .F. ) ;
#3155 = CARTESIAN_POINT ( 'NONE',  ( -3.093750000000000888, 32.85466041427761752, -17.50000000000000000 ) ) ;
#3156 = ORIENTED_EDGE ( 'NONE', *, *, #2, .F. ) ;
#3157 = FACE_BOUND ( 'NONE', #1380, .T. ) ;
#3158 = CARTESIAN_POINT ( 'NONE',  ( -13.25825214724778967, 13.25825214724773993, 28.00000000000000000 ) ) ;
#3159 = CYLINDRICAL_SURFACE ( 'NONE', #3241, 1.000000000000000888 ) ;
#3160 = EDGE_CURVE ( 'NONE', #5589, #6565, #7785, .T. ) ;
#3161 = DIRECTION ( 'NONE',  ( -0.000000000000000000, -0.000000000000000000, -1.000000000000000000 ) ) ;
#3162 = CARTESIAN_POINT ( 'NONE',  ( 2.999999999999999556, 31.85906464414798478, -17.50000000000000000 ) ) ;
#3163 = ORIENTED_EDGE ( 'NONE', *, *, #6496, .F. ) ;
#3164 = DIRECTION ( 'NONE',  ( 1.000000000000000000, 0.000000000000000000, 0.000000000000000000 ) ) ;
#3165 = CARTESIAN_POINT ( 'NONE',  ( -27.36776182998644558, -14.69712939376725380, -17.50000000000000000 ) ) ;
#3166 = DIRECTION ( 'NONE',  ( 0.000000000000000000, 0.000000000000000000, 1.000000000000000000 ) ) ;
#3167 = ADVANCED_FACE ( 'NONE', ( #2875 ), #4645, .F. ) ;
#3168 = CARTESIAN_POINT ( 'NONE',  ( -31.17084050580891486, 10.83414519754202132, -17.50000000000000000 ) ) ;
#3169 = CIRCLE ( 'NONE', #672, 1.000000000000000000 ) ;
#3170 = LINE ( 'NONE', #5106, #744 ) ;
#3171 = ORIENTED_EDGE ( 'NONE', *, *, #3213, .F. ) ;
#3172 = ORIENTED_EDGE ( 'NONE', *, *, #7637, .F. ) ;
#3173 = EDGE_CURVE ( 'NONE', #5418, #1829, #879, .T. ) ;
#3174 = AXIS2_PLACEMENT_3D ( 'NONE', #4671, #309, #3560 ) ;
#3175 = AXIS2_PLACEMENT_3D ( 'NONE', #6191, #3639, #2518 ) ;
#3176 = ORIENTED_EDGE ( 'NONE', *, *, #7829, .F. ) ;
#3177 = CARTESIAN_POINT ( 'NONE',  ( 0.000000000000000000, 0.000000000000000000, -17.50000000000000000 ) ) ;
#3178 = ORIENTED_EDGE ( 'NONE', *, *, #6113, .T. ) ;
#3179 = DIRECTION ( 'NONE',  ( 1.000000000000000000, 0.000000000000000000, 0.000000000000000000 ) ) ;
#3180 = CARTESIAN_POINT ( 'NONE',  ( 7.056749793543657390, 31.13201378567281097, -17.50000000000000000 ) ) ;
#3181 = VECTOR ( 'NONE', #1693, 1000.000000000000000 ) ;
#3182 = VECTOR ( 'NONE', #6716, 1000.000000000000000 ) ;
#3183 = CARTESIAN_POINT ( 'NONE',  ( 15.91861180829181777, -26.61950033522253278, 17.50000000000000000 ) ) ;
#3184 = DIRECTION ( 'NONE',  ( 1.000000000000000000, 0.000000000000000000, 0.000000000000000000 ) ) ;
#3185 = ORIENTED_EDGE ( 'NONE', *, *, #7829, .T. ) ;
#3186 = PLANE ( 'NONE',  #7705 ) ;
#3187 = CIRCLE ( 'NONE', #7795, 1.000000000000000888 ) ;
#3188 = EDGE_LOOP ( 'NONE', ( #1019, #4857, #8066, #4258 ) ) ;
#3189 = DIRECTION ( 'NONE',  ( -1.000000000000000000, 0.000000000000000000, 0.000000000000000000 ) ) ;
#3190 = DIRECTION ( 'NONE',  ( -1.000000000000000000, 0.000000000000000000, 0.000000000000000000 ) ) ;
#3191 = VECTOR ( 'NONE', #4544, 1000.000000000000000 ) ;
#3192 = ADVANCED_FACE ( 'NONE', ( #863 ), #5357, .T. ) ;
#3193 = EDGE_CURVE ( 'NONE', #7792, #2542, #2224, .T. ) ;
#3194 = EDGE_LOOP ( 'NONE', ( #4130, #3033, #8134, #2866 ) ) ;
#3195 = DIRECTION ( 'NONE',  ( 0.000000000000000000, 0.000000000000000000, 1.000000000000000000 ) ) ;
#3196 = ORIENTED_EDGE ( 'NONE', *, *, #4370, .T. ) ;
#3197 = VERTEX_POINT ( 'NONE', #1563 ) ;
#3198 = CARTESIAN_POINT ( 'NONE',  ( 7.056749793542577365, -31.13201378567307032, -17.50000000000000000 ) ) ;
#3199 = CYLINDRICAL_SURFACE ( 'NONE', #5610, 0.9999999999999974465 ) ;
#3200 = EDGE_CURVE ( 'NONE', #104, #1097, #7252, .T. ) ;
#3201 = CARTESIAN_POINT ( 'NONE',  ( 32.31943353934529739, 6.667399470246500925, 17.50000000000000000 ) ) ;
#3202 = ORIENTED_EDGE ( 'NONE', *, *, #3068, .F. ) ;
#3203 = EDGE_CURVE ( 'NONE', #5001, #6042, #1018, .T. ) ;
#3204 = DIRECTION ( 'NONE',  ( 0.000000000000000000, 0.000000000000000000, 1.000000000000000000 ) ) ;
#3205 = CARTESIAN_POINT ( 'NONE',  ( -10.75825214724779322, -13.25825214724773993, -40.00000000000000000 ) ) ;
#3206 = DIRECTION ( 'NONE',  ( 1.000000000000000000, 0.000000000000000000, 0.000000000000000000 ) ) ;
#3207 = LINE ( 'NONE', #3250, #5022 ) ;
#3208 = EDGE_CURVE ( 'NONE', #2542, #866, #5215, .T. ) ;
#3209 = DIRECTION ( 'NONE',  ( 0.000000000000000000, 0.000000000000000000, 1.000000000000000000 ) ) ;
#3210 = EDGE_LOOP ( 'NONE', ( #304, #4658, #6085, #1376 ) ) ;
#3211 = ORIENTED_EDGE ( 'NONE', *, *, #656, .F. ) ;
#3212 = AXIS2_PLACEMENT_3D ( 'NONE', #219, #3481, #2732 ) ;
#3213 = EDGE_CURVE ( 'NONE', #2940, #6166, #4555, .T. ) ;
#3214 = VERTEX_POINT ( 'NONE', #569 ) ;
#3215 = CARTESIAN_POINT ( 'NONE',  ( -34.00000000000000711, 4.225031457058369711E-15, -17.50000000000000000 ) ) ;
#3216 = ORIENTED_EDGE ( 'NONE', *, *, #4471, .T. ) ;
#3217 = CARTESIAN_POINT ( 'NONE',  ( -2.999999999999999556, 31.85906464414798478, -17.50000000000000000 ) ) ;
#3218 = ADVANCED_FACE ( 'NONE', ( #2344 ), #4357, .T. ) ;
#3219 = VECTOR ( 'NONE', #7821, 1000.000000000000000 ) ;
#3220 = LINE ( 'NONE', #6347, #949 ) ;
#3221 = VECTOR ( 'NONE', #2980, 1000.000000000000000 ) ;
#3222 = CARTESIAN_POINT ( 'NONE',  ( 30.79350594397385876, -11.86423160927194154, -17.50000000000000000 ) ) ;
#3223 = CARTESIAN_POINT ( 'NONE',  ( 30.96909437485552630, 2.432117102709453249, 17.50000000000000000 ) ) ;
#3224 = AXIS2_PLACEMENT_3D ( 'NONE', #996, #6022, #373 ) ;
#3225 = DIRECTION ( 'NONE',  ( -0.9096319953545223269, -0.4154150130018778309, 0.000000000000000000 ) ) ;
#3226 = EDGE_CURVE ( 'NONE', #2542, #4442, #4856, .T. ) ;
#3227 = VERTEX_POINT ( 'NONE', #1803 ) ;
#3228 = DIRECTION ( 'NONE',  ( -1.000000000000000000, 0.000000000000000000, 0.000000000000000000 ) ) ;
#3229 = DIRECTION ( 'NONE',  ( -0.000000000000000000, -0.000000000000000000, 1.000000000000000000 ) ) ;
#3230 = CARTESIAN_POINT ( 'NONE',  ( -30.39983502176241359, -6.391402870233392264, -17.50000000000000000 ) ) ;
#3231 = AXIS2_PLACEMENT_3D ( 'NONE', #788, #4003, #5328 ) ;
#3232 = ORIENTED_EDGE ( 'NONE', *, *, #5515, .T. ) ;
#3233 = DIRECTION ( 'NONE',  ( 1.000000000000000000, 0.000000000000000000, 0.000000000000000000 ) ) ;
#3234 = VERTEX_POINT ( 'NONE', #2959 ) ;
#3235 = VERTEX_POINT ( 'NONE', #8024 ) ;
#3236 = EDGE_CURVE ( 'NONE', #7760, #5319, #528, .T. ) ;
#3237 = CARTESIAN_POINT ( 'NONE',  ( -23.58416934417903121, 23.08217832755579835, -17.50000000000000000 ) ) ;
#3238 = EDGE_CURVE ( 'NONE', #4521, #702, #7375, .T. ) ;
#3239 = CARTESIAN_POINT ( 'NONE',  ( 10.75825214724779144, -13.25825214724773993, -40.00000000000000000 ) ) ;
#3240 = AXIS2_PLACEMENT_3D ( 'NONE', #7892, #2248, #2286 ) ;
#3241 = AXIS2_PLACEMENT_3D ( 'NONE', #4930, #3000, #8021 ) ;
#3242 = VERTEX_POINT ( 'NONE', #7490 ) ;
#3243 = ORIENTED_EDGE ( 'NONE', *, *, #2864, .T. ) ;
#3244 = AXIS2_PLACEMENT_3D ( 'NONE', #4893, #3620, #1837 ) ;
#3245 = VECTOR ( 'NONE', #7085, 1000.000000000000000 ) ;
#3246 = EDGE_CURVE ( 'NONE', #5173, #104, #6277, .T. ) ;
#3247 = CARTESIAN_POINT ( 'NONE',  ( 22.01762649668207317, -20.40157159271323195, 17.50000000000000000 ) ) ;
#3248 = LINE ( 'NONE', #695, #1246 ) ;
#3249 = CARTESIAN_POINT ( 'NONE',  ( -32.96053387467666340, -1.613445597562145117, 17.50000000000000000 ) ) ;
#3250 = CARTESIAN_POINT ( 'NONE',  ( -7.361098020013765009, 32.16852865674383821, -17.50000000000000000 ) ) ;
#3251 = DIRECTION ( 'NONE',  ( 1.000000000000000000, -6.938893903907222067E-15, 0.000000000000000000 ) ) ;
#3252 = EDGE_LOOP ( 'NONE', ( #2995, #1632, #2965, #501 ) ) ;
#3253 = EDGE_LOOP ( 'NONE', ( #6875, #8092, #113, #1828 ) ) ;
#3254 = EDGE_LOOP ( 'NONE', ( #692, #3281, #3185, #4501 ) ) ;
#3255 = CARTESIAN_POINT ( 'NONE',  ( -1.999999999999999556, 31.85906464414798478, -17.50000000000000000 ) ) ;
#3256 = ORIENTED_EDGE ( 'NONE', *, *, #2480, .F. ) ;
#3257 = CARTESIAN_POINT ( 'NONE',  ( 27.70437487363763651, 11.55281839470162275, 17.50000000000000000 ) ) ;
#3258 = FACE_OUTER_BOUND ( 'NONE', #7546, .T. ) ;
#3259 = EDGE_CURVE ( 'NONE', #2622, #5525, #621, .T. ) ;
#3260 = DIRECTION ( 'NONE',  ( -0.000000000000000000, -0.000000000000000000, 1.000000000000000000 ) ) ;
#3261 = ORIENTED_EDGE ( 'NONE', *, *, #4237, .F. ) ;
#3262 = AXIS2_PLACEMENT_3D ( 'NONE', #5681, #3900, #2543 ) ;
#3263 = DIRECTION ( 'NONE',  ( 0.8571673007021118895, 1.049727191138618079E-16, -0.5150380749100549327 ) ) ;
#3264 =( LENGTH_UNIT ( ) NAMED_UNIT ( * ) SI_UNIT ( .MILLI., .METRE. ) );
#3265 = VERTEX_POINT ( 'NONE', #444 ) ;
#3266 = DIRECTION ( 'NONE',  ( 1.000000000000000000, 0.000000000000000000, 0.000000000000000000 ) ) ;
#3267 = FACE_OUTER_BOUND ( 'NONE', #7217, .T. ) ;
#3268 = DIRECTION ( 'NONE',  ( 0.000000000000000000, 0.000000000000000000, 1.000000000000000000 ) ) ;
#3269 = EDGE_CURVE ( 'NONE', #1875, #7634, #7987, .T. ) ;
#3270 = AXIS2_PLACEMENT_3D ( 'NONE', #484, #3616, #7371 ) ;
#3271 = CARTESIAN_POINT ( 'NONE',  ( 15.75825214724778789, 13.25825214724773993, -28.00000000000000000 ) ) ;
#3272 = VECTOR ( 'NONE', #5736, 999.9999999999998863 ) ;
#3273 = EDGE_CURVE ( 'NONE', #7096, #4511, #4041, .T. ) ;
#3274 = LINE ( 'NONE', #7030, #4051 ) ;
#3275 = ORIENTED_EDGE ( 'NONE', *, *, #6957, .F. ) ;
#3276 = AXIS2_PLACEMENT_3D ( 'NONE', #8012, #7437, #515 ) ;
#3277 = EDGE_LOOP ( 'NONE', ( #6552, #3890, #5551, #6003 ) ) ;
#3278 = LINE ( 'NONE', #687, #773 ) ;
#3279 = DIRECTION ( 'NONE',  ( 0.000000000000000000, 0.000000000000000000, 1.000000000000000000 ) ) ;
#3280 = CIRCLE ( 'NONE', #6845, 1.000000000000000888 ) ;
#3281 = ORIENTED_EDGE ( 'NONE', *, *, #3311, .T. ) ;
#3282 = ORIENTED_EDGE ( 'NONE', *, *, #8071, .T. ) ;
#3283 = FACE_OUTER_BOUND ( 'NONE', #2904, .T. ) ;
#3284 = CARTESIAN_POINT ( 'NONE',  ( 6.287796095551952291, 32.39542591571782992, 17.50000000000000000 ) ) ;
#3285 = CARTESIAN_POINT ( 'NONE',  ( 7.492483731628810872, 29.06652176527624576, 17.50000000000000000 ) ) ;
#3286 = DIRECTION ( 'NONE',  ( -0.000000000000000000, 0.000000000000000000, 1.000000000000000000 ) ) ;
#3287 = DIRECTION ( 'NONE',  ( 0.000000000000000000, 0.000000000000000000, -1.000000000000000000 ) ) ;
#3288 = VERTEX_POINT ( 'NONE', #4196 ) ;
#3289 = VERTEX_POINT ( 'NONE', #5437 ) ;
#3290 = ORIENTED_EDGE ( 'NONE', *, *, #6773, .F. ) ;
#3291 = DIRECTION ( 'NONE',  ( -0.000000000000000000, -0.000000000000000000, -1.000000000000000000 ) ) ;
#3292 = ORIENTED_EDGE ( 'NONE', *, *, #8142, .T. ) ;
#3293 = CYLINDRICAL_SURFACE ( 'NONE', #5338, 1.000000000000000888 ) ;
#3294 = VECTOR ( 'NONE', #3308, 1000.000000000000000 ) ;
#3295 = CONICAL_SURFACE ( 'NONE', #7514, 2.499999999999996891, 1.029744258676653645 ) ;
#3296 = CARTESIAN_POINT ( 'NONE',  ( 13.25825214724778967, 13.25825214724773993, 28.00000000000000000 ) ) ;
#3297 = EDGE_CURVE ( 'NONE', #5589, #1255, #1762, .T. ) ;
#3298 = DIRECTION ( 'NONE',  ( 0.9096319953545101145, -0.4154150130019044207, 0.000000000000000000 ) ) ;
#3299 = VECTOR ( 'NONE', #2560, 1000.000000000000000 ) ;
#3300 = ORIENTED_EDGE ( 'NONE', *, *, #7953, .T. ) ;
#3301 = DIRECTION ( 'NONE',  ( 1.000000000000000000, 0.000000000000000000, 0.000000000000000000 ) ) ;
#3302 = AXIS2_PLACEMENT_3D ( 'NONE', #7017, #1359, #5904 ) ;
#3303 = ORIENTED_EDGE ( 'NONE', *, *, #1950, .T. ) ;
#3304 = CIRCLE ( 'NONE', #5018, 1.000000000000000888 ) ;
#3305 = ORIENTED_EDGE ( 'NONE', *, *, #2767, .F. ) ;
#3306 = CARTESIAN_POINT ( 'NONE',  ( 0.000000000000000000, 0.000000000000000000, -17.50000000000000000 ) ) ;
#3307 = DIRECTION ( 'NONE',  ( -0.000000000000000000, -0.000000000000000000, 1.000000000000000000 ) ) ;
#3308 = DIRECTION ( 'NONE',  ( -0.000000000000000000, -0.000000000000000000, -1.000000000000000000 ) ) ;
#3309 = AXIS2_PLACEMENT_3D ( 'NONE', #6944, #6230, #5616 ) ;
#3310 = AXIS2_PLACEMENT_3D ( 'NONE', #3782, #7568, #5590 ) ;
#3311 = EDGE_CURVE ( 'NONE', #4722, #1230, #489, .T. ) ;
#3312 = DIRECTION ( 'NONE',  ( -0.000000000000000000, -0.000000000000000000, -1.000000000000000000 ) ) ;
#3313 = AXIS2_PLACEMENT_3D ( 'NONE', #7742, #3986, #7125 ) ;
#3314 = EDGE_CURVE ( 'NONE', #3197, #1357, #1838, .T. ) ;
#3315 = LINE ( 'NONE', #5920, #7804 ) ;
#3316 = ORIENTED_EDGE ( 'NONE', *, *, #5787, .F. ) ;
#3317 = ORIENTED_EDGE ( 'NONE', *, *, #637, .F. ) ;
#3318 = CARTESIAN_POINT ( 'NONE',  ( 15.15994234640406546, -29.31170667248336414, -17.50000000000000000 ) ) ;
#3319 = FACE_OUTER_BOUND ( 'NONE', #141, .T. ) ;
#3320 = AXIS2_PLACEMENT_3D ( 'NONE', #6111, #4098, #384 ) ;
#3321 = EDGE_CURVE ( 'NONE', #2849, #6824, #95, .T. ) ;
#3322 = EDGE_LOOP ( 'NONE', ( #122, #483, #1534, #2269 ) ) ;
#3323 = VERTEX_POINT ( 'NONE', #3584 ) ;
#3324 = VERTEX_POINT ( 'NONE', #1153 ) ;
#3325 = FACE_OUTER_BOUND ( 'NONE', #24, .T. ) ;
#3326 = DIRECTION ( 'NONE',  ( -0.000000000000000000, -0.000000000000000000, -1.000000000000000000 ) ) ;
#3327 = CARTESIAN_POINT ( 'NONE',  ( 15.70055015408879129, -28.42347313695356092, -17.50000000000000000 ) ) ;
#3328 = LINE ( 'NONE', #195, #6214 ) ;
#3329 = CARTESIAN_POINT ( 'NONE',  ( -34.00000000000000711, 4.163799117101001348E-15, -18.50000000000000711 ) ) ;
#3330 = ORIENTED_EDGE ( 'NONE', *, *, #1330, .F. ) ;
#3331 = ORIENTED_EDGE ( 'NONE', *, *, #4560, .T. ) ;
#3332 = ORIENTED_EDGE ( 'NONE', *, *, #5830, .F. ) ;
#3333 = DIRECTION ( 'NONE',  ( 0.000000000000000000, 0.000000000000000000, 1.000000000000000000 ) ) ;
#3334 = ORIENTED_EDGE ( 'NONE', *, *, #1423, .T. ) ;
#3335 = DIRECTION ( 'NONE',  ( -0.000000000000000000, -0.000000000000000000, -1.000000000000000000 ) ) ;
#3336 = ADVANCED_FACE ( 'NONE', ( #3662 ), #8063, .F. ) ;
#3337 = EDGE_CURVE ( 'NONE', #6080, #6117, #6543, .T. ) ;
#3338 = CARTESIAN_POINT ( 'NONE',  ( -23.32734796457279458, 18.89007244400458418, -17.50000000000000000 ) ) ;
#3339 = CARTESIAN_POINT ( 'NONE',  ( -15.07735827546139973, -27.16014115267768148, -17.50000000000000000 ) ) ;
#3340 = EDGE_LOOP ( 'NONE', ( #273, #257, #5262, #6316 ) ) ;
#3341 = AXIS2_PLACEMENT_3D ( 'NONE', #7643, #2687, #1299 ) ;
#3342 = DIRECTION ( 'NONE',  ( 0.000000000000000000, 0.000000000000000000, 1.000000000000000000 ) ) ;
#3343 = ORIENTED_EDGE ( 'NONE', *, *, #3995, .F. ) ;
#3344 = CIRCLE ( 'NONE', #1893, 33.00000000000000711 ) ;
#3345 = PLANE ( 'NONE',  #5081 ) ;
#3346 = EDGE_LOOP ( 'NONE', ( #4023, #1297, #7245, #6519 ) ) ;
#3347 = VECTOR ( 'NONE', #5645, 1000.000000000000000 ) ;
#3348 = ORIENTED_EDGE ( 'NONE', *, *, #7023, .T. ) ;
#3349 = FACE_OUTER_BOUND ( 'NONE', #6381, .T. ) ;
#3350 = CYLINDRICAL_SURFACE ( 'NONE', #2817, 1.000000000000000888 ) ;
#3351 = DIRECTION ( 'NONE',  ( 1.000000000000000000, 0.000000000000000000, 0.000000000000000000 ) ) ;
#3352 = LINE ( 'NONE', #7645, #5034 ) ;
#3353 = VECTOR ( 'NONE', #7349, 1000.000000000000000 ) ;
#3354 = CARTESIAN_POINT ( 'NONE',  ( -22.76775307624879474, 22.37474960438582983, -17.50000000000000000 ) ) ;
#3355 = CIRCLE ( 'NONE', #2698, 2.500000000000000444 ) ;
#3356 = LINE ( 'NONE', #7685, #4841 ) ;
#3357 = EDGE_LOOP ( 'NONE', ( #7376, #700, #3478, #4535 ) ) ;
#3358 = EDGE_CURVE ( 'NONE', #4564, #1630, #3115, .T. ) ;
#3359 = DIRECTION ( 'NONE',  ( 0.000000000000000000, 0.000000000000000000, 1.000000000000000000 ) ) ;
#3360 = ORIENTED_EDGE ( 'NONE', *, *, #1836, .F. ) ;
#3361 = DIRECTION ( 'NONE',  ( -0.000000000000000000, -0.000000000000000000, -1.000000000000000000 ) ) ;
#3362 = CARTESIAN_POINT ( 'NONE',  ( 16.12584365658288732, 28.79161625132299207, -17.50000000000000000 ) ) ;
#3363 = VECTOR ( 'NONE', #3902, 1000.000000000000000 ) ;
#3364 = VERTEX_POINT ( 'NONE', #887 ) ;
#3365 = EDGE_CURVE ( 'NONE', #3487, #380, #4057, .T. ) ;
#3366 = ORIENTED_EDGE ( 'NONE', *, *, #1690, .T. ) ;
#3367 = ORIENTED_EDGE ( 'NONE', *, *, #1047, .T. ) ;
#3368 =( GEOMETRIC_REPRESENTATION_CONTEXT ( 3 ) GLOBAL_UNCERTAINTY_ASSIGNED_CONTEXT ( ( #4071 ) ) GLOBAL_UNIT_ASSIGNED_CONTEXT ( ( #3264, #6474, #258 ) ) REPRESENTATION_CONTEXT ( 'NONE', 'WORKASPACE' ) );
#3369 = AXIS2_PLACEMENT_3D ( 'NONE', #1366, #4008, #3960 ) ;
#3370 = FACE_OUTER_BOUND ( 'NONE', #7614, .T. ) ;
#3371 = CARTESIAN_POINT ( 'NONE',  ( 9.693202235698212377, -29.46254962520819021, -17.50000000000000000 ) ) ;
#3372 = CARTESIAN_POINT ( 'NONE',  ( 26.87354484763341489, -13.37208238541161265, -17.50000000000000000 ) ) ;
#3373 = AXIS2_PLACEMENT_3D ( 'NONE', #5213, #3279, #7733 ) ;
#3374 = DIRECTION ( 'NONE',  ( 1.000000000000000000, 0.000000000000000000, 0.000000000000000000 ) ) ;
#3375 = EDGE_CURVE ( 'NONE', #368, #4285, #4832, .T. ) ;
#3376 = AXIS2_PLACEMENT_3D ( 'NONE', #4933, #6131, #3660 ) ;
#3377 = VECTOR ( 'NONE', #950, 1000.000000000000000 ) ;
#3378 = FACE_OUTER_BOUND ( 'NONE', #1194, .T. ) ;
#3379 = ORIENTED_EDGE ( 'NONE', *, *, #2584, .T. ) ;
#3380 = EDGE_LOOP ( 'NONE', ( #5548, #719, #6825, #6829 ) ) ;
#3381 = ORIENTED_EDGE ( 'NONE', *, *, #7329, .F. ) ;
#3382 = DIRECTION ( 'NONE',  ( 1.000000000000000000, 0.000000000000000000, 0.000000000000000000 ) ) ;
#3383 = ORIENTED_EDGE ( 'NONE', *, *, #3936, .T. ) ;
#3384 = DIRECTION ( 'NONE',  ( 1.000000000000000000, -3.469446951953614189E-15, 0.000000000000000000 ) ) ;
#3385 = VECTOR ( 'NONE', #7766, 1000.000000000000000 ) ;
#3386 = CARTESIAN_POINT ( 'NONE',  ( 26.78317684298841783, 13.78749739841254573, -17.50000000000000000 ) ) ;
#3387 = CARTESIAN_POINT ( 'NONE',  ( -17.06047805649878413, 24.69696516748005877, 17.50000000000000000 ) ) ;
#3388 = EDGE_CURVE ( 'NONE', #5702, #2998, #7193, .T. ) ;
#3389 = CYLINDRICAL_SURFACE ( 'NONE', #5680, 33.00000000000001421 ) ;
#3390 = VERTEX_POINT ( 'NONE', #4394 ) ;
#3391 = CARTESIAN_POINT ( 'NONE',  ( 2.999999999999764189, -31.85906464414802031, -17.50000000000000000 ) ) ;
#3392 = VERTEX_POINT ( 'NONE', #6484 ) ;
#3393 = CARTESIAN_POINT ( 'NONE',  ( 0.000000000000000000, 0.000000000000000000, 40.00000000000000000 ) ) ;
#3394 = CIRCLE ( 'NONE', #1677, 33.00000000000000711 ) ;
#3395 = EDGE_LOOP ( 'NONE', ( #4083, #5877, #7361, #1524 ) ) ;
#3396 = CONICAL_SURFACE ( 'NONE', #4183, 2.499999999999996891, 1.029744258676653645 ) ;
#3397 = CARTESIAN_POINT ( 'NONE',  ( -15.54180368692016856, 27.88283231949786511, -17.50000000000000000 ) ) ;
#3398 = CARTESIAN_POINT ( 'NONE',  ( 22.80392022800116081, 23.85332727807506714, -17.50000000000000000 ) ) ;
#3399 = DIRECTION ( 'NONE',  ( 0.000000000000000000, 0.000000000000000000, 1.000000000000000000 ) ) ;
#3400 = VECTOR ( 'NONE', #982, 1000.000000000000000 ) ;
#3401 = LINE ( 'NONE', #7028, #5824 ) ;
#3402 = DIRECTION ( 'NONE',  ( -0.000000000000000000, -0.000000000000000000, 1.000000000000000000 ) ) ;
#3403 = EDGE_CURVE ( 'NONE', #613, #5045, #5678, .T. ) ;
#3404 = CARTESIAN_POINT ( 'NONE',  ( 13.25825214724778967, -13.25825214724773993, -28.00000000000000000 ) ) ;
#3405 = VERTEX_POINT ( 'NONE', #4628 ) ;
#3406 = DIRECTION ( 'NONE',  ( -0.9594929736145013655, -0.2817325568414164039, -0.000000000000000000 ) ) ;
#3407 = ADVANCED_FACE ( 'NONE', ( #7618 ), #2163, .F. ) ;
#3408 = EDGE_LOOP ( 'NONE', ( #2509, #3654 ) ) ;
#3409 = DIRECTION ( 'NONE',  ( -0.7557495743542506084, 0.6548607339452937603, 0.000000000000000000 ) ) ;
#3410 = CARTESIAN_POINT ( 'NONE',  ( -19.74807135107610989, 25.17962823221993673, -17.50000000000000000 ) ) ;
#3411 = CIRCLE ( 'NONE', #5774, 1.000000000000000888 ) ;
#3412 = ORIENTED_EDGE ( 'NONE', *, *, #3562, .F. ) ;
#3413 = ORIENTED_EDGE ( 'NONE', *, *, #5513, .F. ) ;
#3414 = ORIENTED_EDGE ( 'NONE', *, *, #6236, .T. ) ;
#3415 = CARTESIAN_POINT ( 'NONE',  ( 19.74807135107595357, -25.17962823222007884, -17.50000000000000000 ) ) ;
#3416 = FACE_OUTER_BOUND ( 'NONE', #6712, .T. ) ;
#3417 = EDGE_CURVE ( 'NONE', #7976, #168, #5918, .T. ) ;
#3418 = LINE ( 'NONE', #6547, #462 ) ;
#3419 = DIRECTION ( 'NONE',  ( -0.9898214418809310189, 0.1423148382732972173, 0.000000000000000000 ) ) ;
#3420 = AXIS2_PLACEMENT_3D ( 'NONE', #4969, #2575, #6997 ) ;
#3421 = DIRECTION ( 'NONE',  ( 0.9594929736145011434, 0.2817325568414169035, 0.000000000000000000 ) ) ;
#3422 = ORIENTED_EDGE ( 'NONE', *, *, #5452, .T. ) ;
#3423 = EDGE_LOOP ( 'NONE', ( #189, #2045, #6116, #5229 ) ) ;
#3424 = EDGE_LOOP ( 'NONE', ( #120, #5329, #361, #369, #2659, #1926, #5447, #686, #4723, #1549, #7830, #290, #3256, #259, #3959, #1391, #1239, #1915, #4433, #4887, #4967, #3069, #3874, #5833, #6202, #8016, #6750, #6770, #4983, #6729, #5726, #229, #4060, #7667, #7271, #83, #747, #3332, #7978, #7991, #4337, #2423, #6542, #4831, #4563, #1669, #2716, #2369, #4473, #6625, #8018, #7505, #7214, #6028, #1156, #7347, #1618, #2288, #682, #2615, #5728, #5183, #1233, #5090, #4594, #6594, #5541, #3261, #2368, #6749, #603, #3671, #4878, #3454, #1432, #7701, #7159, #8055, #2949, #7708, #5093, #1433, #1143, #7284, #2594, #5795, #6865, #3053, #2549, #923, #6831, #1355, #3047, #274, #1786, #3330, #4208, #2616, #7748, #5769, #5747, #7288, #1266, #2491, #4143, #2375, #5532, #6915, #327, #6178, #155, #4121, #3176, #1713, #1220, #7674, #2701, #1791, #4508, #1734, #5217, #2466, #4210, #2373, #4385, #1604, #1748, #5492, #6225, #245, #4197, #5494, #5602, #4382, #4552, #4639, #4369, #4523, #3130, #3607, #7090, #6977, #4257, #5669, #988, #2526, #3689, #5650, #1806, #3071, #537, #3553, #5287, #6973, #1955, #4226, #664, #514, #5261, #7959, #4685, #3858, #3292, #6244, #416, #7087, #8147, #2483, #2429, #2147, #1082, #5896, #7244, #1725, #470, #520, #1182, #1568, #47, #6076, #4219, #7457, #6160, #2005, #7115, #4861, #7369, #3818, #2383, #951, #1959, #3857, #2345, #7894, #7184, #4939, #825 ) ) ;
#3425 = EDGE_CURVE ( 'NONE', #469, #5430, #5091, .T. ) ;
#3426 = LINE ( 'NONE', #5398, #6339 ) ;
#3427 = ORIENTED_EDGE ( 'NONE', *, *, #1494, .T. ) ;
#3428 = CARTESIAN_POINT ( 'NONE',  ( 13.25825214724778967, 13.25825214724773993, -40.00000000000000000 ) ) ;
#3429 = DIRECTION ( 'NONE',  ( 0.8412535328311916416, 0.5406408174555813462, -0.000000000000000000 ) ) ;
#3430 = CARTESIAN_POINT ( 'NONE',  ( -10.75825214724779322, 13.25825214724773993, 40.00000000000000000 ) ) ;
#3431 = CARTESIAN_POINT ( 'NONE',  ( 0.000000000000000000, 0.000000000000000000, -17.50000000000000000 ) ) ;
#3432 = EDGE_LOOP ( 'NONE', ( #6167, #2018, #1676, #5200 ) ) ;
#3433 = CARTESIAN_POINT ( 'NONE',  ( 6.097256819929165239, 31.41374634251425135, 17.50000000000000000 ) ) ;
#3434 = EDGE_LOOP ( 'NONE', ( #1488, #1941, #7750, #4407 ) ) ;
#3435 = DIRECTION ( 'NONE',  ( 0.000000000000000000, 0.000000000000000000, 1.000000000000000000 ) ) ;
#3436 = ORIENTED_EDGE ( 'NONE', *, *, #3599, .F. ) ;
#3437 = CARTESIAN_POINT ( 'NONE',  ( -17.60111887395492403, -25.53821870031087116, 17.50000000000000000 ) ) ;
#3438 = DIRECTION ( 'NONE',  ( -1.000000000000000000, 0.000000000000000000, 0.000000000000000000 ) ) ;
#3439 = CARTESIAN_POINT ( 'NONE',  ( -30.79350594397419982, -11.86423160927106579, -17.50000000000000000 ) ) ;
#3440 = ADVANCED_BREP_SHAPE_REPRESENTATION ( 'PRT-4', ( #3842, #3894 ), #3368 ) ;
#3441 = VECTOR ( 'NONE', #1621, 1000.000000000000114 ) ;
#3442 = CARTESIAN_POINT ( 'NONE',  ( -31.96172981786824607, 1.564553306727611837, 17.50000000000000000 ) ) ;
#3443 = DIRECTION ( 'NONE',  ( -0.000000000000000000, -0.000000000000000000, -1.000000000000000000 ) ) ;
#3444 = VECTOR ( 'NONE', #2638, 1000.000000000000114 ) ;
#3445 = ORIENTED_EDGE ( 'NONE', *, *, #4626, .F. ) ;
#3446 = VECTOR ( 'NONE', #1076, 1000.000000000000000 ) ;
#3447 = EDGE_LOOP ( 'NONE', ( #663, #6123, #2246, #3825 ) ) ;
#3448 = DIRECTION ( 'NONE',  ( 0.000000000000000000, 0.000000000000000000, 1.000000000000000000 ) ) ;
#3449 = PLANE ( 'NONE',  #4425 ) ;
#3450 = EDGE_CURVE ( 'NONE', #5525, #6097, #4584, .T. ) ;
#3451 = EDGE_CURVE ( 'NONE', #4807, #1444, #1547, .T. ) ;
#3452 = ORIENTED_EDGE ( 'NONE', *, *, #7277, .T. ) ;
#3453 = CIRCLE ( 'NONE', #4363, 34.00000000000000711 ) ;
#3454 = ORIENTED_EDGE ( 'NONE', *, *, #1998, .T. ) ;
#3455 = ORIENTED_EDGE ( 'NONE', *, *, #3314, .T. ) ;
#3456 = CIRCLE ( 'NONE', #4499, 33.00000000000001421 ) ;
#3457 = VECTOR ( 'NONE', #3889, 1000.000000000000227 ) ;
#3458 = ADVANCED_FACE ( 'NONE', ( #1273 ), #6529, .T. ) ;
#3459 = PLANE ( 'NONE',  #1172 ) ;
#3460 = CARTESIAN_POINT ( 'NONE',  ( 17.06047805649949822, 24.69696516747957205, -17.50000000000000000 ) ) ;
#3461 = CARTESIAN_POINT ( 'NONE',  ( 14.70055015408980026, 28.42347313695304578, 17.50000000000000000 ) ) ;
#3462 = LINE ( 'NONE', #2180, #4495 ) ;
#3463 = DIRECTION ( 'NONE',  ( 1.000000000000000000, 0.000000000000000000, 0.000000000000000000 ) ) ;
#3464 = VERTEX_POINT ( 'NONE', #2774 ) ;
#3465 = ORIENTED_EDGE ( 'NONE', *, *, #1256, .F. ) ;
#3466 = EDGE_CURVE ( 'NONE', #1490, #1133, #5496, .T. ) ;
#3467 = VERTEX_POINT ( 'NONE', #4673 ) ;
#3468 = LINE ( 'NONE', #4038, #1343 ) ;
#3469 = VERTEX_POINT ( 'NONE', #3124 ) ;
#3470 = DIRECTION ( 'NONE',  ( 0.000000000000000000, 0.000000000000000000, 1.000000000000000000 ) ) ;
#3471 = EDGE_CURVE ( 'NONE', #3932, #1999, #512, .T. ) ;
#3472 = DIRECTION ( 'NONE',  ( -0.000000000000000000, -0.000000000000000000, -1.000000000000000000 ) ) ;
#3473 = CARTESIAN_POINT ( 'NONE',  ( 0.000000000000000000, 0.000000000000000000, -17.50000000000000000 ) ) ;
#3474 = DIRECTION ( 'NONE',  ( 1.000000000000000000, 0.000000000000000000, 0.000000000000000000 ) ) ;
#3475 = VERTEX_POINT ( 'NONE', #5015 ) ;
#3476 = CARTESIAN_POINT ( 'NONE',  ( -1.000000000000222489, -30.00000000000000000, 17.50000000000000000 ) ) ;
#3477 = EDGE_LOOP ( 'NONE', ( #3202, #3799, #1688, #5924 ) ) ;
#3478 = ORIENTED_EDGE ( 'NONE', *, *, #3915, .T. ) ;
#3479 = ADVANCED_FACE ( 'NONE', ( #7536 ), #1882, .F. ) ;
#3480 = CARTESIAN_POINT ( 'NONE',  ( -28.11978988663920020, 10.64318639934788102, -17.50000000000000000 ) ) ;
#3481 = DIRECTION ( 'NONE',  ( 0.000000000000000000, 0.000000000000000000, 1.000000000000000000 ) ) ;
#3482 = CARTESIAN_POINT ( 'NONE',  ( 16.12584365658288732, 28.79161625132299207, -17.50000000000000000 ) ) ;
#3483 = LINE ( 'NONE', #5959, #5144 ) ;
#3484 = EDGE_CURVE ( 'NONE', #4061, #5962, #6174, .T. ) ;
#3485 = DIRECTION ( 'NONE',  ( 0.000000000000000000, 0.000000000000000000, 1.000000000000000000 ) ) ;
#3486 = VECTOR ( 'NONE', #2242, 1000.000000000000000 ) ;
#3487 = VERTEX_POINT ( 'NONE', #690 ) ;
#3488 = ORIENTED_EDGE ( 'NONE', *, *, #3417, .F. ) ;
#3489 = CARTESIAN_POINT ( 'NONE',  ( 28.14919451638140657, 15.05399774408525282, -17.50000000000000000 ) ) ;
#3490 = LINE ( 'NONE', #6583, #2185 ) ;
#3491 = AXIS2_PLACEMENT_3D ( 'NONE', #584, #4176, #7964 ) ;
#3492 = EDGE_CURVE ( 'NONE', #2876, #1288, #5714, .T. ) ;
#3493 = ORIENTED_EDGE ( 'NONE', *, *, #1165, .T. ) ;
#3494 = ORIENTED_EDGE ( 'NONE', *, *, #766, .F. ) ;
#3495 = EDGE_LOOP ( 'NONE', ( #4633, #1960, #2931, #1850 ) ) ;
#3496 = EDGE_CURVE ( 'NONE', #3214, #2892, #6074, .T. ) ;
#3497 = AXIS2_PLACEMENT_3D ( 'NONE', #6228, #7466, #668 ) ;
#3498 = DIRECTION ( 'NONE',  ( 0.5406408174556038837, 0.8412535328311772087, 0.000000000000000000 ) ) ;
#3499 = CARTESIAN_POINT ( 'NONE',  ( -13.25825214724778967, -13.25825214724773993, -28.00000000000000000 ) ) ;
#3500 = AXIS2_PLACEMENT_3D ( 'NONE', #6905, #6314, #2523 ) ;
#3501 = DIRECTION ( 'NONE',  ( 0.000000000000000000, 0.000000000000000000, 1.000000000000000000 ) ) ;
#3502 = CARTESIAN_POINT ( 'NONE',  ( -26.04205674597526965, 18.59600173261458167, 17.50000000000000000 ) ) ;
#3503 = CARTESIAN_POINT ( 'NONE',  ( -10.89472168800079288, 30.00508355830734786, -17.50000000000000000 ) ) ;
#3504 = ORIENTED_EDGE ( 'NONE', *, *, #7974, .F. ) ;
#3505 = ORIENTED_EDGE ( 'NONE', *, *, #5917, .F. ) ;
#3506 = AXIS2_PLACEMENT_3D ( 'NONE', #4466, #5581, #3852 ) ;
#3507 = EDGE_CURVE ( 'NONE', #4145, #2174, #5651, .T. ) ;
#3508 = AXIS2_PLACEMENT_3D ( 'NONE', #1789, #3773, #2943 ) ;
#3509 = ORIENTED_EDGE ( 'NONE', *, *, #6815, .F. ) ;
#3510 = DIRECTION ( 'NONE',  ( -0.000000000000000000, -0.000000000000000000, 1.000000000000000000 ) ) ;
#3511 = VERTEX_POINT ( 'NONE', #5996 ) ;
#3512 = PLANE ( 'NONE',  #2175 ) ;
#3513 = EDGE_CURVE ( 'NONE', #7841, #1510, #2482, .T. ) ;
#3514 = LINE ( 'NONE', #1648, #2984 ) ;
#3515 = FACE_OUTER_BOUND ( 'NONE', #1839, .T. ) ;
#3516 = CARTESIAN_POINT ( 'NONE',  ( 7.774216288470253922, 30.02601473889074057, -17.50000000000000000 ) ) ;
#3517 = ORIENTED_EDGE ( 'NONE', *, *, #854, .T. ) ;
#3518 = DIRECTION ( 'NONE',  ( 0.9594929736145032528, 0.2817325568414095760, 0.000000000000000000 ) ) ;
#3519 = VERTEX_POINT ( 'NONE', #2245 ) ;
#3520 = CIRCLE ( 'NONE', #8112, 1.000000000000000888 ) ;
#3521 = CIRCLE ( 'NONE', #3109, 1.000000000000000888 ) ;
#3522 = LINE ( 'NONE', #3398, #2421 ) ;
#3523 = ADVANCED_FACE ( 'NONE', ( #2937 ), #2859, .T. ) ;
#3524 = CARTESIAN_POINT ( 'NONE',  ( -18.44237240678610235, -24.99757788285526416, 17.50000000000000000 ) ) ;
#3525 = DIRECTION ( 'NONE',  ( 0.000000000000000000, 0.000000000000000000, -1.000000000000000000 ) ) ;
#3526 = LINE ( 'NONE', #2283, #6424 ) ;
#3527 = ORIENTED_EDGE ( 'NONE', *, *, #2240, .F. ) ;
#3528 = ORIENTED_EDGE ( 'NONE', *, *, #7615, .T. ) ;
#3529 = ADVANCED_FACE ( 'NONE', ( #6617 ), #5458, .T. ) ;
#3530 = CARTESIAN_POINT ( 'NONE',  ( -13.25825214724779322, 13.25825214724773993, 26.49784845243109999 ) ) ;
#3531 = CARTESIAN_POINT ( 'NONE',  ( 29.97927293297451001, -2.289802264437225343, 17.50000000000000000 ) ) ;
#3532 = VERTEX_POINT ( 'NONE', #7967 ) ;
#3533 = EDGE_CURVE ( 'NONE', #3464, #2285, #4877, .T. ) ;
#3534 = ORIENTED_EDGE ( 'NONE', *, *, #391, .T. ) ;
#3535 = VERTEX_POINT ( 'NONE', #7396 ) ;
#3536 = EDGE_LOOP ( 'NONE', ( #1108, #6196, #2695, #4119 ) ) ;
#3537 = DIRECTION ( 'NONE',  ( -0.000000000000000000, -0.000000000000000000, 1.000000000000000000 ) ) ;
#3538 = FACE_OUTER_BOUND ( 'NONE', #5699, .T. ) ;
#3539 = CARTESIAN_POINT ( 'NONE',  ( 30.39983502176245622, 6.391402870233194200, -17.50000000000000000 ) ) ;
#3540 = CARTESIAN_POINT ( 'NONE',  ( -24.08309753892746485, -19.54493317794935336, -17.50000000000000000 ) ) ;
#3541 = FACE_OUTER_BOUND ( 'NONE', #3254, .T. ) ;
#3542 = VERTEX_POINT ( 'NONE', #6656 ) ;
#3543 = AXIS2_PLACEMENT_3D ( 'NONE', #5539, #588, #5038 ) ;
#3544 = LINE ( 'NONE', #3734, #6466 ) ;
#3545 = DIRECTION ( 'NONE',  ( -1.000000000000000000, 0.000000000000000000, 0.000000000000000000 ) ) ;
#3546 = VERTEX_POINT ( 'NONE', #429 ) ;
#3547 = DIRECTION ( 'NONE',  ( 0.9898214418809350157, 0.1423148382732694617, 0.000000000000000000 ) ) ;
#3548 = DIRECTION ( 'NONE',  ( 1.000000000000000000, 0.000000000000000000, 0.000000000000000000 ) ) ;
#3549 = CIRCLE ( 'NONE', #4589, 1.000000000000000888 ) ;
#3550 = FACE_OUTER_BOUND ( 'NONE', #1023, .T. ) ;
#3551 = ADVANCED_FACE ( 'NONE', ( #7927 ), #4216, .T. ) ;
#3552 = DIRECTION ( 'NONE',  ( -0.000000000000000000, -0.000000000000000000, -1.000000000000000000 ) ) ;
#3553 = ORIENTED_EDGE ( 'NONE', *, *, #7331, .F. ) ;
#3554 = CARTESIAN_POINT ( 'NONE',  ( 19.74807135107683465, 25.17962823221937541, 17.50000000000000000 ) ) ;
#3555 = ORIENTED_EDGE ( 'NONE', *, *, #3802, .T. ) ;
#3556 = CARTESIAN_POINT ( 'NONE',  ( -32.31943353934511265, 6.667399470247398874, 17.50000000000000000 ) ) ;
#3557 = CARTESIAN_POINT ( 'NONE',  ( 1.000000000000000000, 31.00000000000000000, 17.50000000000000000 ) ) ;
#3558 = DIRECTION ( 'NONE',  ( 0.7557495743542650413, 0.6548607339452773290, 0.000000000000000000 ) ) ;
#3559 = LINE ( 'NONE', #6070, #2118 ) ;
#3560 = DIRECTION ( 'NONE',  ( -0.9594929736145012544, -0.2817325568414163484, 0.000000000000000000 ) ) ;
#3561 = DIRECTION ( 'NONE',  ( -0.000000000000000000, -0.000000000000000000, -1.000000000000000000 ) ) ;
#3562 = EDGE_CURVE ( 'NONE', #3464, #2672, #4586, .T. ) ;
#3563 = ORIENTED_EDGE ( 'NONE', *, *, #4829, .F. ) ;
#3564 = EDGE_LOOP ( 'NONE', ( #4885, #1570, #5420, #2788 ) ) ;
#3565 = DIRECTION ( 'NONE',  ( 1.000000000000000000, 0.000000000000000000, 0.000000000000000000 ) ) ;
#3566 = CARTESIAN_POINT ( 'NONE',  ( 11.19906991447155420, -31.04159842937826141, -17.50000000000000000 ) ) ;
#3567 = EDGE_CURVE ( 'NONE', #1014, #975, #6739, .T. ) ;
#3568 = AXIS2_PLACEMENT_3D ( 'NONE', #7412, #1104, #3618 ) ;
#3569 = VECTOR ( 'NONE', #1724, 1000.000000000000000 ) ;
#3570 = ORIENTED_EDGE ( 'NONE', *, *, #3619, .F. ) ;
#3571 = VECTOR ( 'NONE', #5697, 1000.000000000000000 ) ;
#3572 = ORIENTED_EDGE ( 'NONE', *, *, #6459, .T. ) ;
#3573 = EDGE_CURVE ( 'NONE', #6744, #6772, #3605, .T. ) ;
#3574 = VECTOR ( 'NONE', #4166, 1000.000000000000000 ) ;
#3575 = VERTEX_POINT ( 'NONE', #2327 ) ;
#3576 = ORIENTED_EDGE ( 'NONE', *, *, #6126, .F. ) ;
#3577 = EDGE_CURVE ( 'NONE', #2104, #759, #3526, .T. ) ;
#3578 = CARTESIAN_POINT ( 'NONE',  ( 14.91861180829275746, 26.61950033522196435, -17.50000000000000000 ) ) ;
#3579 = CARTESIAN_POINT ( 'NONE',  ( -22.11851533709163320, -21.81218190101214560, -17.50000000000000000 ) ) ;
#3580 = FACE_OUTER_BOUND ( 'NONE', #2196, .T. ) ;
#3581 = AXIS2_PLACEMENT_3D ( 'NONE', #7180, #6691, #4657 ) ;
#3582 = CARTESIAN_POINT ( 'NONE',  ( -31.96172981786824607, 1.564553306727611837, -17.50000000000000000 ) ) ;
#3583 = AXIS2_PLACEMENT_3D ( 'NONE', #576, #3668, #7543 ) ;
#3584 = CARTESIAN_POINT ( 'NONE',  ( 7.492483731627797461, -29.06652176527650511, 17.50000000000000000 ) ) ;
#3585 = ORIENTED_EDGE ( 'NONE', *, *, #2540, .F. ) ;
#3586 = EDGE_CURVE ( 'NONE', #5319, #2612, #5117, .T. ) ;
#3587 = LINE ( 'NONE', #6056, #2506 ) ;
#3588 = VERTEX_POINT ( 'NONE', #6112 ) ;
#3589 = DIRECTION ( 'NONE',  ( 0.000000000000000000, 0.000000000000000000, -1.000000000000000000 ) ) ;
#3590 = LINE ( 'NONE', #3749, #5344 ) ;
#3591 = AXIS2_PLACEMENT_3D ( 'NONE', #7465, #1203, #5611 ) ;
#3592 = CARTESIAN_POINT ( 'NONE',  ( 28.14919451638087722, -15.05399774408624047, -17.50000000000000000 ) ) ;
#3593 = AXIS2_PLACEMENT_3D ( 'NONE', #4059, #225, #4587 ) ;
#3594 = DIRECTION ( 'NONE',  ( 1.000000000000000000, 0.000000000000000000, 0.000000000000000000 ) ) ;
#3595 = VERTEX_POINT ( 'NONE', #467 ) ;
#3596 = CARTESIAN_POINT ( 'NONE',  ( -22.11851533709163320, -21.81218190101214560, 17.50000000000000000 ) ) ;
#3597 = ORIENTED_EDGE ( 'NONE', *, *, #2550, .F. ) ;
#3598 = EDGE_CURVE ( 'NONE', #2606, #7406, #2879, .T. ) ;
#3599 = EDGE_CURVE ( 'NONE', #5818, #1146, #974, .T. ) ;
#3600 = CARTESIAN_POINT ( 'NONE',  ( -17.90173158932996955, 24.15632435002447309, -17.50000000000000000 ) ) ;
#3601 = DIRECTION ( 'NONE',  ( 1.000000000000000000, 0.000000000000000000, 0.000000000000000000 ) ) ;
#3602 = CYLINDRICAL_SURFACE ( 'NONE', #5717, 1.000000000000000888 ) ;
#3603 = CARTESIAN_POINT ( 'NONE',  ( 15.91861180829275746, 26.61950033522196435, -17.50000000000000000 ) ) ;
#3604 = DIRECTION ( 'NONE',  ( 0.000000000000000000, 0.000000000000000000, 1.000000000000000000 ) ) ;
#3605 = LINE ( 'NONE', #1011, #4200 ) ;
#3606 = ORIENTED_EDGE ( 'NONE', *, *, #7998, .F. ) ;
#3607 = ORIENTED_EDGE ( 'NONE', *, *, #535, .F. ) ;
#3608 = DIRECTION ( 'NONE',  ( -0.000000000000000000, -0.000000000000000000, 1.000000000000000000 ) ) ;
#3609 = CARTESIAN_POINT ( 'NONE',  ( 27.78317684298792400, -13.78749739841351740, -17.50000000000000000 ) ) ;
#3610 = ORIENTED_EDGE ( 'NONE', *, *, #3471, .F. ) ;
#3611 = ORIENTED_EDGE ( 'NONE', *, *, #5796, .F. ) ;
#3612 = AXIS2_PLACEMENT_3D ( 'NONE', #6713, #3656, #1061 ) ;
#3613 = ORIENTED_EDGE ( 'NONE', *, *, #992, .F. ) ;
#3614 = ORIENTED_EDGE ( 'NONE', *, *, #3803, .F. ) ;
#3615 = VECTOR ( 'NONE', #3326, 1000.000000000000000 ) ;
#3616 = DIRECTION ( 'NONE',  ( -0.000000000000000000, -0.000000000000000000, 1.000000000000000000 ) ) ;
#3617 = CARTESIAN_POINT ( 'NONE',  ( -1.000000000000230926, -31.00000000000000000, -17.50000000000000000 ) ) ;
#3618 = DIRECTION ( 'NONE',  ( -1.000000000000000000, 0.000000000000000000, 0.000000000000000000 ) ) ;
#3619 = EDGE_CURVE ( 'NONE', #2868, #6554, #5376, .T. ) ;
#3620 = DIRECTION ( 'NONE',  ( -0.000000000000000000, -0.000000000000000000, 1.000000000000000000 ) ) ;
#3621 = CARTESIAN_POINT ( 'NONE',  ( -31.10784078822846865, 7.503481958013199282, 17.50000000000000000 ) ) ;
#3622 = EDGE_LOOP ( 'NONE', ( #518, #4907, #5211, #7325 ) ) ;
#3623 = VECTOR ( 'NONE', #4084, 1000.000000000000000 ) ;
#3624 = DIRECTION ( 'NONE',  ( 1.000000000000000000, 0.000000000000000000, 0.000000000000000000 ) ) ;
#3625 = ORIENTED_EDGE ( 'NONE', *, *, #188, .F. ) ;
#3626 = LINE ( 'NONE', #5363, #4012 ) ;
#3627 = CARTESIAN_POINT ( 'NONE',  ( 27.78317684298841783, 13.78749739841254573, -17.50000000000000000 ) ) ;
#3628 = EDGE_CURVE ( 'NONE', #7001, #84, #4721, .T. ) ;
#3629 = LINE ( 'NONE', #6260, #2394 ) ;
#3630 = CARTESIAN_POINT ( 'NONE',  ( 13.25825214724778967, 13.25825214724773993, 40.00000000000000000 ) ) ;
#3631 = ORIENTED_EDGE ( 'NONE', *, *, #3651, .T. ) ;
#3632 = CARTESIAN_POINT ( 'NONE',  ( 32.10784078822841536, -7.503481958013412445, -17.50000000000000000 ) ) ;
#3633 = ORIENTED_EDGE ( 'NONE', *, *, #7497, .T. ) ;
#3634 = CIRCLE ( 'NONE', #1662, 1.000000000000000888 ) ;
#3635 = CARTESIAN_POINT ( 'NONE',  ( 0.000000000000000000, 0.000000000000000000, -17.50000000000000000 ) ) ;
#3636 = DIRECTION ( 'NONE',  ( 0.000000000000000000, 0.000000000000000000, 1.000000000000000000 ) ) ;
#3637 = CIRCLE ( 'NONE', #3240, 33.00000000000001421 ) ;
#3638 = DIRECTION ( 'NONE',  ( 0.000000000000000000, 0.000000000000000000, -1.000000000000000000 ) ) ;
#3639 = DIRECTION ( 'NONE',  ( -0.8412535328311737670, 0.5406408174556091017, 0.000000000000000000 ) ) ;
#3640 = AXIS2_PLACEMENT_3D ( 'NONE', #4310, #6838, #4548 ) ;
#3641 = DIRECTION ( 'NONE',  ( 1.000000000000000000, -1.734723475976805517E-15, 0.000000000000000000 ) ) ;
#3642 = VECTOR ( 'NONE', #2915, 1000.000000000000000 ) ;
#3643 = AXIS2_PLACEMENT_3D ( 'NONE', #3329, #6932, #6971 ) ;
#3644 = DIRECTION ( 'NONE',  ( 1.000000000000000000, 0.000000000000000000, 0.000000000000000000 ) ) ;
#3645 = VERTEX_POINT ( 'NONE', #4100 ) ;
#3646 = VERTEX_POINT ( 'NONE', #7599 ) ;
#3647 = DIRECTION ( 'NONE',  ( -0.000000000000000000, -0.000000000000000000, 1.000000000000000000 ) ) ;
#3648 = DIRECTION ( 'NONE',  ( -0.000000000000000000, -0.000000000000000000, 1.000000000000000000 ) ) ;
#3649 = AXIS2_PLACEMENT_3D ( 'NONE', #6801, #1721, #6134 ) ;
#3650 = ORIENTED_EDGE ( 'NONE', *, *, #766, .T. ) ;
#3651 = EDGE_CURVE ( 'NONE', #168, #6441, #1699, .T. ) ;
#3652 = ORIENTED_EDGE ( 'NONE', *, *, #6921, .T. ) ;
#3653 = EDGE_CURVE ( 'NONE', #4728, #5396, #5250, .T. ) ;
#3654 = ORIENTED_EDGE ( 'NONE', *, *, #5997, .F. ) ;
#3655 = VERTEX_POINT ( 'NONE', #1947 ) ;
#3656 = DIRECTION ( 'NONE',  ( -0.000000000000000000, -0.000000000000000000, 1.000000000000000000 ) ) ;
#3657 = FACE_OUTER_BOUND ( 'NONE', #1500, .T. ) ;
#3658 = FACE_OUTER_BOUND ( 'NONE', #5252, .T. ) ;
#3659 = VECTOR ( 'NONE', #5954, 1000.000000000000000 ) ;
#3660 = DIRECTION ( 'NONE',  ( 1.000000000000000000, 0.000000000000000000, 0.000000000000000000 ) ) ;
#3661 = AXIS2_PLACEMENT_3D ( 'NONE', #2624, #114, #3129 ) ;
#3662 = FACE_OUTER_BOUND ( 'NONE', #6844, .T. ) ;
#3663 = VERTEX_POINT ( 'NONE', #3026 ) ;
#3664 = DIRECTION ( 'NONE',  ( 0.000000000000000000, 0.000000000000000000, -1.000000000000000000 ) ) ;
#3665 = ORIENTED_EDGE ( 'NONE', *, *, #2865, .T. ) ;
#3666 = CARTESIAN_POINT ( 'NONE',  ( 28.60046011285956880, -16.46249316879827518, 17.50000000000000000 ) ) ;
#3667 = FACE_OUTER_BOUND ( 'NONE', #2154, .T. ) ;
#3668 = DIRECTION ( 'NONE',  ( -0.000000000000000000, -0.000000000000000000, 1.000000000000000000 ) ) ;
#3669 = AXIS2_PLACEMENT_3D ( 'NONE', #3415, #5930, #278 ) ;
#3670 = DIRECTION ( 'NONE',  ( 1.000000000000000000, 0.000000000000000000, 0.000000000000000000 ) ) ;
#3671 = ORIENTED_EDGE ( 'NONE', *, *, #6589, .T. ) ;
#3672 = AXIS2_PLACEMENT_3D ( 'NONE', #1745, #7237, #4256 ) ;
#3673 = EDGE_CURVE ( 'NONE', #6510, #3227, #6306, .T. ) ;
#3674 = LINE ( 'NONE', #7425, #2649 ) ;
#3675 = FACE_OUTER_BOUND ( 'NONE', #5866, .T. ) ;
#3676 = EDGE_CURVE ( 'NONE', #2580, #1477, #3925, .T. ) ;
#3677 = AXIS2_PLACEMENT_3D ( 'NONE', #4497, #7800, #7139 ) ;
#3678 = CARTESIAN_POINT ( 'NONE',  ( 15.75825214724779144, -13.25825214724773993, 40.00000000000000000 ) ) ;
#3679 = PLANE ( 'NONE',  #3175 ) ;
#3680 = CARTESIAN_POINT ( 'NONE',  ( 1.999999999999999112, 32.93933818400121538, -17.50000000000000000 ) ) ;
#3681 = DIRECTION ( 'NONE',  ( 0.9594929736144951482, -0.2817325568414373871, 0.000000000000000000 ) ) ;
#3682 = DIRECTION ( 'NONE',  ( -1.000000000000000000, 0.000000000000000000, 0.000000000000000000 ) ) ;
#3683 = ORIENTED_EDGE ( 'NONE', *, *, #6904, .T. ) ;
#3684 = ORIENTED_EDGE ( 'NONE', *, *, #6904, .F. ) ;
#3685 = CARTESIAN_POINT ( 'NONE',  ( 13.25825214724778967, 13.25825214724773993, -40.00000000000000000 ) ) ;
#3686 = FACE_OUTER_BOUND ( 'NONE', #3277, .T. ) ;
#3687 = ORIENTED_EDGE ( 'NONE', *, *, #4134, .F. ) ;
#3688 = EDGE_LOOP ( 'NONE', ( #438, #5378, #2763, #3113 ) ) ;
#3689 = ORIENTED_EDGE ( 'NONE', *, *, #397, .T. ) ;
#3690 = DIRECTION ( 'NONE',  ( 1.000000000000000000, 0.000000000000000000, 0.000000000000000000 ) ) ;
#3691 = ORIENTED_EDGE ( 'NONE', *, *, #798, .T. ) ;
#3692 = DIRECTION ( 'NONE',  ( 1.000000000000000000, 0.000000000000000000, 0.000000000000000000 ) ) ;
#3693 = EDGE_CURVE ( 'NONE', #4304, #7715, #8126, .T. ) ;
#3694 = DIRECTION ( 'NONE',  ( 1.000000000000000000, 0.000000000000000000, 0.000000000000000000 ) ) ;
#3695 = ADVANCED_FACE ( 'NONE', ( #1903 ), #1128, .T. ) ;
#3696 = FACE_OUTER_BOUND ( 'NONE', #3322, .T. ) ;
#3697 = CARTESIAN_POINT ( 'NONE',  ( -14.70055015408898491, 28.42347313695345790, -17.50000000000000000 ) ) ;
#3698 = DIRECTION ( 'NONE',  ( -0.000000000000000000, -0.000000000000000000, -1.000000000000000000 ) ) ;
#3699 = AXIS2_PLACEMENT_3D ( 'NONE', #1447, #794, #5828 ) ;
#3700 = DIRECTION ( 'NONE',  ( 0.000000000000000000, 0.000000000000000000, 1.000000000000000000 ) ) ;
#3701 = EDGE_LOOP ( 'NONE', ( #4492, #7890, #6457, #3613 ) ) ;
#3702 = CIRCLE ( 'NONE', #406, 1.000000000000000888 ) ;
#3703 = LINE ( 'NONE', #1805, #4610 ) ;
#3704 = ORIENTED_EDGE ( 'NONE', *, *, #7848, .F. ) ;
#3705 = DIRECTION ( 'NONE',  ( -0.000000000000000000, -0.000000000000000000, -1.000000000000000000 ) ) ;
#3706 = VECTOR ( 'NONE', #4126, 1000.000000000000000 ) ;
#3707 = CARTESIAN_POINT ( 'NONE',  ( -10.75825214724779322, -13.25825214724773993, 40.00000000000000000 ) ) ;
#3708 = AXIS2_PLACEMENT_3D ( 'NONE', #1267, #407, #3036 ) ;
#3709 = FACE_OUTER_BOUND ( 'NONE', #6906, .T. ) ;
#3710 = EDGE_CURVE ( 'NONE', #5045, #4235, #1566, .T. ) ;
#3711 = PLANE ( 'NONE',  #1398 ) ;
#3712 = ORIENTED_EDGE ( 'NONE', *, *, #3238, .T. ) ;
#3713 = VECTOR ( 'NONE', #7994, 1000.000000000000000 ) ;
#3714 = ADVANCED_FACE ( 'NONE', ( #6903 ), #4419, .T. ) ;
#3715 = FACE_OUTER_BOUND ( 'NONE', #1948, .T. ) ;
#3716 = DIRECTION ( 'NONE',  ( -0.000000000000000000, -0.000000000000000000, 1.000000000000000000 ) ) ;
#3717 = CONICAL_SURFACE ( 'NONE', #4375, 2.499999999999996891, 1.029744258676653645 ) ;
#3718 = CARTESIAN_POINT ( 'NONE',  ( -2.000000000000000444, 30.00000000000000000, 17.50000000000000000 ) ) ;
#3719 = CARTESIAN_POINT ( 'NONE',  ( -28.60046011286003065, -16.46249316879747226, -17.50000000000000000 ) ) ;
#3720 = DIRECTION ( 'NONE',  ( -0.000000000000000000, 0.000000000000000000, -1.000000000000000000 ) ) ;
#3721 = CARTESIAN_POINT ( 'NONE',  ( 30.54214986003552923, -5.401581428353319225, 17.50000000000000000 ) ) ;
#3722 = EDGE_CURVE ( 'NONE', #942, #1753, #1422, .T. ) ;
#3723 = CARTESIAN_POINT ( 'NONE',  ( -7.774216288469411928, 30.02601473889095729, -17.50000000000000000 ) ) ;
#3724 = EDGE_CURVE ( 'NONE', #1624, #7253, #5659, .T. ) ;
#3725 = ORIENTED_EDGE ( 'NONE', *, *, #253, .F. ) ;
#3726 = DIRECTION ( 'NONE',  ( 1.000000000000000000, 0.000000000000000000, 0.000000000000000000 ) ) ;
#3727 = CYLINDRICAL_SURFACE ( 'NONE', #1387, 1.000000000000000888 ) ;
#3728 = EDGE_CURVE ( 'NONE', #7938, #1345, #4854, .T. ) ;
#3729 = ORIENTED_EDGE ( 'NONE', *, *, #238, .T. ) ;
#3730 = ORIENTED_EDGE ( 'NONE', *, *, #5895, .F. ) ;
#3731 = ORIENTED_EDGE ( 'NONE', *, *, #7692, .T. ) ;
#3732 = CARTESIAN_POINT ( 'NONE',  ( 0.000000000000000000, 0.000000000000000000, 20.00000000000000000 ) ) ;
#3733 = VERTEX_POINT ( 'NONE', #3766 ) ;
#3734 = CARTESIAN_POINT ( 'NONE',  ( 15.75825214724778789, -13.25825214724773993, -28.00000000000000000 ) ) ;
#3735 = CARTESIAN_POINT ( 'NONE',  ( 24.08309753892691774, -19.54493317795003549, -17.50000000000000000 ) ) ;
#3736 = DIRECTION ( 'NONE',  ( 0.000000000000000000, 0.000000000000000000, 1.000000000000000000 ) ) ;
#3737 = CARTESIAN_POINT ( 'NONE',  ( 0.000000000000000000, 0.000000000000000000, 20.00000000000000000 ) ) ;
#3738 = EDGE_CURVE ( 'NONE', #7340, #8129, #54, .T. ) ;
#3739 = CARTESIAN_POINT ( 'NONE',  ( 22.11289234230415346, 23.13049917873945205, 17.50000000000000000 ) ) ;
#3740 = CIRCLE ( 'NONE', #985, 1.000000000000000888 ) ;
#3741 = DIRECTION ( 'NONE',  ( 0.2817325568414433823, 0.9594929736144934829, 0.000000000000000000 ) ) ;
#3742 = CIRCLE ( 'NONE', #6110, 1.000000000000000888 ) ;
#3743 = ORIENTED_EDGE ( 'NONE', *, *, #1284, .F. ) ;
#3744 = AXIS2_PLACEMENT_3D ( 'NONE', #1347, #2586, #5102 ) ;
#3745 = AXIS2_PLACEMENT_3D ( 'NONE', #846, #5253, #3601 ) ;
#3746 = CARTESIAN_POINT ( 'NONE',  ( 23.32734796457267379, -18.89007244400473695, 17.50000000000000000 ) ) ;
#3747 = ORIENTED_EDGE ( 'NONE', *, *, #4398, .T. ) ;
#3748 = FACE_OUTER_BOUND ( 'NONE', #578, .T. ) ;
#3749 = CARTESIAN_POINT ( 'NONE',  ( 30.96909437485544103, -2.432117102710527501, -17.50000000000000000 ) ) ;
#3750 = CARTESIAN_POINT ( 'NONE',  ( 0.000000000000000000, 0.000000000000000000, -40.00000000000000000 ) ) ;
#3751 = AXIS2_PLACEMENT_3D ( 'NONE', #2198, #5448, #4711 ) ;
#3752 = DIRECTION ( 'NONE',  ( -0.9898214418809350157, -0.1423148382732687400, 0.000000000000000000 ) ) ;
#3753 = ORIENTED_EDGE ( 'NONE', *, *, #5333, .F. ) ;
#3754 = AXIS2_PLACEMENT_3D ( 'NONE', #1816, #6696, #4990 ) ;
#3755 = ORIENTED_EDGE ( 'NONE', *, *, #2418, .T. ) ;
#3756 = ADVANCED_FACE ( 'NONE', ( #1171 ), #1294, .T. ) ;
#3757 = ADVANCED_FACE ( 'NONE', ( #3806 ), #6313, .T. ) ;
#3758 = VERTEX_POINT ( 'NONE', #2562 ) ;
#3759 = DIRECTION ( 'NONE',  ( 1.000000000000000000, 0.000000000000000000, 0.000000000000000000 ) ) ;
#3760 = DIRECTION ( 'NONE',  ( -0.000000000000000000, -0.000000000000000000, 1.000000000000000000 ) ) ;
#3761 = AXIS2_PLACEMENT_3D ( 'NONE', #3875, #2635, #5275 ) ;
#3762 = CYLINDRICAL_SURFACE ( 'NONE', #2691, 1.000000000000000000 ) ;
#3763 = CONICAL_SURFACE ( 'NONE', #2043, 2.499999999999996891, 1.029744258676653645 ) ;
#3764 = CARTESIAN_POINT ( 'NONE',  ( 21.36276576273751715, 21.15732116706673338, 17.50000000000000000 ) ) ;
#3765 = CARTESIAN_POINT ( 'NONE',  ( 0.000000000000000000, 0.000000000000000000, 18.50000000000000355 ) ) ;
#3766 = CARTESIAN_POINT ( 'NONE',  ( -10.75825214724779322, 13.25825214724773993, 28.00000000000000000 ) ) ;
#3767 = CARTESIAN_POINT ( 'NONE',  ( 10.37096265247130766, -28.22132409475227632, 17.50000000000000000 ) ) ;
#3768 = CIRCLE ( 'NONE', #3369, 0.9999999999999974465 ) ;
#3769 = EDGE_CURVE ( 'NONE', #4977, #7648, #3411, .T. ) ;
#3770 = ORIENTED_EDGE ( 'NONE', *, *, #524, .T. ) ;
#3771 = AXIS2_PLACEMENT_3D ( 'NONE', #4476, #3893, #6998 ) ;
#3772 = LINE ( 'NONE', #639, #7586 ) ;
#3773 = DIRECTION ( 'NONE',  ( 1.224646799147353207E-16, 1.000000000000000000, -0.000000000000000000 ) ) ;
#3774 = AXIS2_PLACEMENT_3D ( 'NONE', #568, #3040, #7533 ) ;
#3775 = CIRCLE ( 'NONE', #6013, 1.000000000000000888 ) ;
#3776 = VERTEX_POINT ( 'NONE', #548 ) ;
#3777 = EDGE_LOOP ( 'NONE', ( #5900, #5099, #2630, #1020 ) ) ;
#3778 = EDGE_CURVE ( 'NONE', #3235, #5142, #5518, .T. ) ;
#3779 = VECTOR ( 'NONE', #7337, 1000.000000000000000 ) ;
#3780 = DIRECTION ( 'NONE',  ( 0.000000000000000000, 0.000000000000000000, -1.000000000000000000 ) ) ;
#3781 = VERTEX_POINT ( 'NONE', #1212 ) ;
#3782 = CARTESIAN_POINT ( 'NONE',  ( 6.097256819928071891, -31.41374634251448228, 17.50000000000000000 ) ) ;
#3783 = CARTESIAN_POINT ( 'NONE',  ( 20.36519858079798340, 25.96649161447623300, -17.50000000000000000 ) ) ;
#3784 = DIRECTION ( 'NONE',  ( 0.9898214418809341275, 0.1423148382732752348, 0.000000000000000000 ) ) ;
#3785 = DIRECTION ( 'NONE',  ( 0.000000000000000000, -0.000000000000000000, 1.000000000000000000 ) ) ;
#3786 = EDGE_CURVE ( 'NONE', #333, #6080, #6569, .T. ) ;
#3787 = CARTESIAN_POINT ( 'NONE',  ( 28.61400686899215984, 11.96823340770349198, -17.50000000000000000 ) ) ;
#3788 = EDGE_LOOP ( 'NONE', ( #3816, #957, #1486, #7970 ) ) ;
#3789 = CIRCLE ( 'NONE', #629, 1.000000000000000888 ) ;
#3790 = AXIS2_PLACEMENT_3D ( 'NONE', #6243, #5749, #107 ) ;
#3791 = CARTESIAN_POINT ( 'NONE',  ( 10.75825214724779322, -13.25825214724773993, 28.00000000000000000 ) ) ;
#3792 = ORIENTED_EDGE ( 'NONE', *, *, #8081, .F. ) ;
#3793 = CARTESIAN_POINT ( 'NONE',  ( 0.000000000000000000, 0.000000000000000000, 17.50000000000000000 ) ) ;
#3794 = CARTESIAN_POINT ( 'NONE',  ( 7.361098020014663845, 32.16852865674363926, -17.50000000000000000 ) ) ;
#3795 = DIRECTION ( 'NONE',  ( -0.000000000000000000, -0.000000000000000000, -1.000000000000000000 ) ) ;
#3796 = FACE_BOUND ( 'NONE', #1300, .T. ) ;
#3797 = VERTEX_POINT ( 'NONE', #3999 ) ;
#3798 = ORIENTED_EDGE ( 'NONE', *, *, #3365, .F. ) ;
#3799 = ORIENTED_EDGE ( 'NONE', *, *, #581, .T. ) ;
#3800 = DIRECTION ( 'NONE',  ( 0.000000000000000000, 0.000000000000000000, 1.000000000000000000 ) ) ;
#3801 = DIRECTION ( 'NONE',  ( 0.000000000000000000, 0.000000000000000000, -1.000000000000000000 ) ) ;
#3802 = EDGE_CURVE ( 'NONE', #5962, #2753, #749, .T. ) ;
#3803 = EDGE_CURVE ( 'NONE', #7118, #168, #3881, .T. ) ;
#3804 = DIRECTION ( 'NONE',  ( 1.000000000000000000, 0.000000000000000000, 0.000000000000000000 ) ) ;
#3805 = CARTESIAN_POINT ( 'NONE',  ( -29.13184589196668739, -15.50275959068915732, 17.50000000000000000 ) ) ;
#3806 = FACE_OUTER_BOUND ( 'NONE', #741, .T. ) ;
#3807 = ORIENTED_EDGE ( 'NONE', *, *, #4327, .T. ) ;
#3808 = CARTESIAN_POINT ( 'NONE',  ( -6.814723314854910896, 30.30774729573237281, -17.50000000000000000 ) ) ;
#3809 = AXIS2_PLACEMENT_3D ( 'NONE', #8144, #6330, #2498 ) ;
#3810 = EDGE_CURVE ( 'NONE', #4275, #2063, #6179, .T. ) ;
#3811 = VERTEX_POINT ( 'NONE', #7714 ) ;
#3812 = FACE_OUTER_BOUND ( 'NONE', #3907, .T. ) ;
#3813 = DIRECTION ( 'NONE',  ( 1.000000000000000000, 0.000000000000000000, 0.000000000000000000 ) ) ;
#3814 = CIRCLE ( 'NONE', #1965, 1.000000000000000000 ) ;
#3815 = EDGE_CURVE ( 'NONE', #2892, #7423, #831, .T. ) ;
#3816 = ORIENTED_EDGE ( 'NONE', *, *, #5523, .F. ) ;
#3817 = CYLINDRICAL_SURFACE ( 'NONE', #6954, 1.000000000000000000 ) ;
#3818 = ORIENTED_EDGE ( 'NONE', *, *, #3147, .F. ) ;
#3819 = EDGE_CURVE ( 'NONE', #3588, #2334, #6428, .T. ) ;
#3820 = CARTESIAN_POINT ( 'NONE',  ( 26.04205674597515241, -18.59600173261476641, 17.50000000000000000 ) ) ;
#3821 = DIRECTION ( 'NONE',  ( 0.9594929736144934829, -0.2817325568414430492, 0.000000000000000000 ) ) ;
#3822 = CARTESIAN_POINT ( 'NONE',  ( -11.85421466161593607, -29.72335100146566234, -17.50000000000000000 ) ) ;
#3823 = ADVANCED_FACE ( 'NONE', ( #5860 ), #5194, .T. ) ;
#3824 = DIRECTION ( 'NONE',  ( 0.9898214418809352377, 0.1423148382732676853, -0.000000000000000000 ) ) ;
#3825 = ORIENTED_EDGE ( 'NONE', *, *, #3119, .T. ) ;
#3826 = EDGE_CURVE ( 'NONE', #6420, #613, #6432, .T. ) ;
#3827 = CARTESIAN_POINT ( 'NONE',  ( -35.00000000000000711, 0.000000000000000000, -20.00000000000000000 ) ) ;
#3828 = CARTESIAN_POINT ( 'NONE',  ( 0.000000000000000000, 0.000000000000000000, 18.50000000000000355 ) ) ;
#3829 = CYLINDRICAL_SURFACE ( 'NONE', #7187, 33.00000000000001421 ) ;
#3830 = CYLINDRICAL_SURFACE ( 'NONE', #5419, 1.000000000000000888 ) ;
#3831 = AXIS2_PLACEMENT_3D ( 'NONE', #3697, #4971, #4010 ) ;
#3832 = ADVANCED_FACE ( 'NONE', ( #1362 ), #5819, .F. ) ;
#3833 = FACE_BOUND ( 'NONE', #6975, .T. ) ;
#3834 = EDGE_LOOP ( 'NONE', ( #3381, #2075, #67, #6219 ) ) ;
#3835 = ORIENTED_EDGE ( 'NONE', *, *, #7489, .F. ) ;
#3836 = AXIS2_PLACEMENT_3D ( 'NONE', #2206, #4720, #930 ) ;
#3837 = AXIS2_PLACEMENT_3D ( 'NONE', #1770, #2391, #4404 ) ;
#3838 = EDGE_LOOP ( 'NONE', ( #3869, #7477, #1939, #4959 ) ) ;
#3839 = CARTESIAN_POINT ( 'NONE',  ( -9.411469678856999366, 28.50305665159362078, 17.50000000000000000 ) ) ;
#3840 = ORIENTED_EDGE ( 'NONE', *, *, #3025, .F. ) ;
#3841 = CARTESIAN_POINT ( 'NONE',  ( 28.73377950337953379, 15.96362973943977970, -17.50000000000000000 ) ) ;
#3842 = MANIFOLD_SOLID_BREP ( 'Mirror1', #4553 ) ;
#3843 = CYLINDRICAL_SURFACE ( 'NONE', #2648, 33.00000000000000711 ) ;
#3844 = AXIS2_PLACEMENT_3D ( 'NONE', #7837, #4709, #1575 ) ;
#3845 = AXIS2_PLACEMENT_3D ( 'NONE', #1350, #4449, #6413 ) ;
#3846 = CARTESIAN_POINT ( 'NONE',  ( -15.15994234640490035, -29.31170667248292716, 17.50000000000000000 ) ) ;
#3847 = CARTESIAN_POINT ( 'NONE',  ( 32.07996081286083268, 7.737965769200218169, 17.50000000000000000 ) ) ;
#3848 = EDGE_CURVE ( 'NONE', #3645, #2146, #6575, .T. ) ;
#3849 = EDGE_CURVE ( 'NONE', #2276, #318, #1485, .T. ) ;
#3850 = CIRCLE ( 'NONE', #296, 35.00000000000000711 ) ;
#3851 = ORIENTED_EDGE ( 'NONE', *, *, #6909, .T. ) ;
#3852 = DIRECTION ( 'NONE',  ( 0.9898214418809352377, 0.1423148382732677131, 0.000000000000000000 ) ) ;
#3853 = DIRECTION ( 'NONE',  ( -0.000000000000000000, -0.000000000000000000, 1.000000000000000000 ) ) ;
#3854 = CARTESIAN_POINT ( 'NONE',  ( 22.01762649668279082, 20.40157159271246101, -17.50000000000000000 ) ) ;
#3855 = ORIENTED_EDGE ( 'NONE', *, *, #2264, .T. ) ;
#3856 = DIRECTION ( 'NONE',  ( 0.000000000000000000, 0.000000000000000000, 1.000000000000000000 ) ) ;
#3857 = ORIENTED_EDGE ( 'NONE', *, *, #1047, .F. ) ;
#3858 = ORIENTED_EDGE ( 'NONE', *, *, #4863, .F. ) ;
#3859 = CARTESIAN_POINT ( 'NONE',  ( 24.73795827287221627, -18.78918360359578799, -17.50000000000000000 ) ) ;
#3860 = FACE_OUTER_BOUND ( 'NONE', #3423, .T. ) ;
#3861 = ORIENTED_EDGE ( 'NONE', *, *, #4520, .T. ) ;
#3862 = CARTESIAN_POINT ( 'NONE',  ( -30.39983502176227148, 6.391402870234039746, 17.50000000000000000 ) ) ;
#3863 = DIRECTION ( 'NONE',  ( -0.000000000000000000, -0.000000000000000000, 1.000000000000000000 ) ) ;
#3864 = EDGE_CURVE ( 'NONE', #1756, #7407, #3280, .T. ) ;
#3865 = CARTESIAN_POINT ( 'NONE',  ( -22.50000000000000355, 0.000000000000000000, 40.00000000000000000 ) ) ;
#3866 = FACE_OUTER_BOUND ( 'NONE', #7229, .T. ) ;
#3867 = DIRECTION ( 'NONE',  ( 1.000000000000000000, 1.734723475976811433E-15, 0.000000000000000000 ) ) ;
#3868 = VERTEX_POINT ( 'NONE', #4531 ) ;
#3869 = ORIENTED_EDGE ( 'NONE', *, *, #5838, .F. ) ;
#3870 = CIRCLE ( 'NONE', #6109, 1.000000000000000888 ) ;
#3871 = ORIENTED_EDGE ( 'NONE', *, *, #2524, .F. ) ;
#3872 = EDGE_CURVE ( 'NONE', #6727, #75, #5119, .T. ) ;
#3873 = DIRECTION ( 'NONE',  ( 0.8412535328311916416, 0.5406408174555813462, -0.000000000000000000 ) ) ;
#3874 = ORIENTED_EDGE ( 'NONE', *, *, #3815, .F. ) ;
#3875 = CARTESIAN_POINT ( 'NONE',  ( 6.097256819929165239, 31.41374634251425135, -17.50000000000000000 ) ) ;
#3876 = CARTESIAN_POINT ( 'NONE',  ( -23.32734796457279458, 18.89007244400458418, 17.50000000000000000 ) ) ;
#3877 = VECTOR ( 'NONE', #1125, 1000.000000000000000 ) ;
#3878 = ADVANCED_FACE ( 'NONE', ( #3916 ), #1655, .T. ) ;
#3879 = DIRECTION ( 'NONE',  ( 0.000000000000000000, -0.000000000000000000, 1.000000000000000000 ) ) ;
#3880 = VERTEX_POINT ( 'NONE', #3476 ) ;
#3881 = LINE ( 'NONE', #211, #3272 ) ;
#3882 = EDGE_LOOP ( 'NONE', ( #5751, #6991, #6181, #2534 ) ) ;
#3883 = DIRECTION ( 'NONE',  ( 0.000000000000000000, 0.000000000000000000, -1.000000000000000000 ) ) ;
#3884 = CARTESIAN_POINT ( 'NONE',  ( 13.25825214724778967, -13.25825214724773993, -40.00000000000000000 ) ) ;
#3885 = DIRECTION ( 'NONE',  ( 1.000000000000000000, 0.000000000000000000, 0.000000000000000000 ) ) ;
#3886 = CARTESIAN_POINT ( 'NONE',  ( 1.999999999999778399, -30.00000000000002842, -17.50000000000000000 ) ) ;
#3887 = AXIS2_PLACEMENT_3D ( 'NONE', #1075, #1808, #5646 ) ;
#3888 = AXIS2_PLACEMENT_3D ( 'NONE', #7476, #1868, #4301 ) ;
#3889 = DIRECTION ( 'NONE',  ( -0.9096319953545114467, 0.4154150130019014786, 0.000000000000000000 ) ) ;
#3890 = ORIENTED_EDGE ( 'NONE', *, *, #4227, .F. ) ;
#3891 = VERTEX_POINT ( 'NONE', #4209 ) ;
#3892 = CYLINDRICAL_SURFACE ( 'NONE', #2552, 1.000000000000000888 ) ;
#3893 = DIRECTION ( 'NONE',  ( -0.000000000000000000, -0.000000000000000000, -1.000000000000000000 ) ) ;
#3894 = AXIS2_PLACEMENT_3D ( 'NONE', #4533, #7022, #7063 ) ;
#3895 = AXIS2_PLACEMENT_3D ( 'NONE', #5931, #2791, #945 ) ;
#3896 = EDGE_LOOP ( 'NONE', ( #3981, #8094, #5079, #5406 ) ) ;
#3897 = ORIENTED_EDGE ( 'NONE', *, *, #7256, .F. ) ;
#3898 = CIRCLE ( 'NONE', #2054, 1.000000000000000888 ) ;
#3899 = VECTOR ( 'NONE', #367, 1000.000000000000000 ) ;
#3900 = DIRECTION ( 'NONE',  ( 0.000000000000000000, 0.000000000000000000, -1.000000000000000000 ) ) ;
#3901 = FACE_OUTER_BOUND ( 'NONE', #4358, .T. ) ;
#3902 = DIRECTION ( 'NONE',  ( -0.000000000000000000, 0.000000000000000000, 1.000000000000000000 ) ) ;
#3903 = PLANE ( 'NONE',  #7789 ) ;
#3904 = DIRECTION ( 'NONE',  ( -0.000000000000000000, -0.000000000000000000, -1.000000000000000000 ) ) ;
#3905 = ORIENTED_EDGE ( 'NONE', *, *, #5410, .F. ) ;
#3906 = ORIENTED_EDGE ( 'NONE', *, *, #3849, .F. ) ;
#3907 = EDGE_LOOP ( 'NONE', ( #26, #4752, #1310, #7024 ) ) ;
#3908 = CARTESIAN_POINT ( 'NONE',  ( 1.999999999999770628, -31.00000000000002842, 17.50000000000000000 ) ) ;
#3909 = ORIENTED_EDGE ( 'NONE', *, *, #502, .F. ) ;
#3910 = DIRECTION ( 'NONE',  ( -1.000000000000000000, 0.000000000000000000, 0.000000000000000000 ) ) ;
#3911 = EDGE_CURVE ( 'NONE', #6578, #6718, #5390, .T. ) ;
#3912 = DIRECTION ( 'NONE',  ( 1.000000000000000000, 0.000000000000000000, 0.000000000000000000 ) ) ;
#3913 = CARTESIAN_POINT ( 'NONE',  ( -10.65269520931291680, 29.18081706836670719, -17.50000000000000000 ) ) ;
#3914 = ORIENTED_EDGE ( 'NONE', *, *, #7008, .T. ) ;
#3915 = EDGE_CURVE ( 'NONE', #5173, #2499, #919, .T. ) ;
#3916 = FACE_OUTER_BOUND ( 'NONE', #2882, .T. ) ;
#3917 = DIRECTION ( 'NONE',  ( 1.000000000000000000, 0.000000000000000000, 0.000000000000000000 ) ) ;
#3918 = VERTEX_POINT ( 'NONE', #1536 ) ;
#3919 = ADVANCED_FACE ( 'NONE', ( #7839 ), #6027, .T. ) ;
#3920 = VERTEX_POINT ( 'NONE', #2848 ) ;
#3921 = DIRECTION ( 'NONE',  ( -0.000000000000000000, -0.000000000000000000, 1.000000000000000000 ) ) ;
#3922 = FACE_OUTER_BOUND ( 'NONE', #4843, .T. ) ;
#3923 = DIRECTION ( 'NONE',  ( 0.6548607339452777731, -0.7557495743542645972, 0.000000000000000000 ) ) ;
#3924 = CARTESIAN_POINT ( 'NONE',  ( -7.056749793543468208, -31.13201378567287136, 17.50000000000000000 ) ) ;
#3925 = CIRCLE ( 'NONE', #7365, 33.00000000000000711 ) ;
#3926 = DIRECTION ( 'NONE',  ( -1.000000000000000000, 0.000000000000000000, 0.000000000000000000 ) ) ;
#3927 = VERTEX_POINT ( 'NONE', #4046 ) ;
#3928 = VECTOR ( 'NONE', #6582, 1000.000000000000000 ) ;
#3929 = ORIENTED_EDGE ( 'NONE', *, *, #51, .F. ) ;
#3930 = CARTESIAN_POINT ( 'NONE',  ( -13.25825214724778967, -13.25825214724773993, -28.00000000000000000 ) ) ;
#3931 = CARTESIAN_POINT ( 'NONE',  ( -15.75825214724779144, 13.25825214724773993, -40.00000000000000000 ) ) ;
#3932 = VERTEX_POINT ( 'NONE', #2974 ) ;
#3933 = VERTEX_POINT ( 'NONE', #2930 ) ;
#3934 = EDGE_LOOP ( 'NONE', ( #5441, #2291, #1715, #2168 ) ) ;
#3935 = EDGE_CURVE ( 'NONE', #1578, #2200, #5522, .T. ) ;
#3936 = EDGE_CURVE ( 'NONE', #739, #1624, #1964, .T. ) ;
#3937 = CARTESIAN_POINT ( 'NONE',  ( -2.000000000000236700, -31.85906464414798478, -17.50000000000000000 ) ) ;
#3938 = DIRECTION ( 'NONE',  ( -0.000000000000000000, -0.000000000000000000, -1.000000000000000000 ) ) ;
#3939 = DIRECTION ( 'NONE',  ( 1.000000000000000000, 0.000000000000000000, 0.000000000000000000 ) ) ;
#3940 = DIRECTION ( 'NONE',  ( 0.000000000000000000, 0.000000000000000000, 1.000000000000000000 ) ) ;
#3941 = LINE ( 'NONE', #7700, #1276 ) ;
#3942 = VERTEX_POINT ( 'NONE', #4750 ) ;
#3943 = VERTEX_POINT ( 'NONE', #3596 ) ;
#3944 = ORIENTED_EDGE ( 'NONE', *, *, #5152, .T. ) ;
#3945 = DIRECTION ( 'NONE',  ( 0.000000000000000000, -0.000000000000000000, 1.000000000000000000 ) ) ;
#3946 = ORIENTED_EDGE ( 'NONE', *, *, #5787, .T. ) ;
#3947 = DIRECTION ( 'NONE',  ( 0.000000000000000000, 0.000000000000000000, 1.000000000000000000 ) ) ;
#3948 = CIRCLE ( 'NONE', #1720, 1.000000000000000888 ) ;
#3949 = VECTOR ( 'NONE', #1766, 1000.000000000000000 ) ;
#3950 = CARTESIAN_POINT ( 'NONE',  ( 29.55232841815460176, -5.259266590080014403, -17.50000000000000000 ) ) ;
#3951 = DIRECTION ( 'NONE',  ( 0.000000000000000000, 0.000000000000000000, -1.000000000000000000 ) ) ;
#3952 = VECTOR ( 'NONE', #1127, 1000.000000000000000 ) ;
#3953 = ORIENTED_EDGE ( 'NONE', *, *, #506, .F. ) ;
#3954 = CARTESIAN_POINT ( 'NONE',  ( -27.78317684298832546, -13.78749739841272870, -17.50000000000000000 ) ) ;
#3955 = EDGE_CURVE ( 'NONE', #3733, #3542, #4072, .T. ) ;
#3956 = VECTOR ( 'NONE', #7753, 1000.000000000000000 ) ;
#3957 = ORIENTED_EDGE ( 'NONE', *, *, #5435, .F. ) ;
#3958 = AXIS2_PLACEMENT_3D ( 'NONE', #6146, #6263, #5648 ) ;
#3959 = ORIENTED_EDGE ( 'NONE', *, *, #860, .F. ) ;
#3960 = DIRECTION ( 'NONE',  ( 1.000000000000000000, 0.000000000000000000, 0.000000000000000000 ) ) ;
#3961 = CARTESIAN_POINT ( 'NONE',  ( 29.02942188199403262, 11.05860141234896687, 17.50000000000000000 ) ) ;
#3962 = ADVANCED_FACE ( 'NONE', ( #1041 ), #6564, .T. ) ;
#3963 = CARTESIAN_POINT ( 'NONE',  ( -13.25825214724778967, -13.25825214724773993, 40.00000000000000000 ) ) ;
#3964 = VECTOR ( 'NONE', #2469, 1000.000000000000000 ) ;
#3965 = VECTOR ( 'NONE', #7297, 1000.000000000000227 ) ;
#3966 = DIRECTION ( 'NONE',  ( 1.000000000000000000, 0.000000000000000000, 0.000000000000000000 ) ) ;
#3967 = EDGE_CURVE ( 'NONE', #529, #4432, #5065, .T. ) ;
#3968 = DIRECTION ( 'NONE',  ( -0.000000000000000000, -0.000000000000000000, -1.000000000000000000 ) ) ;
#3969 = AXIS2_PLACEMENT_3D ( 'NONE', #6173, #1228, #7448 ) ;
#3970 = DIRECTION ( 'NONE',  ( -0.000000000000000000, -0.000000000000000000, -1.000000000000000000 ) ) ;
#3971 = EDGE_LOOP ( 'NONE', ( #5730, #5531, #7812, #4551 ) ) ;
#3972 = DIRECTION ( 'NONE',  ( 1.000000000000000000, 0.000000000000000000, 0.000000000000000000 ) ) ;
#3973 = ORIENTED_EDGE ( 'NONE', *, *, #5952, .F. ) ;
#3974 = AXIS2_PLACEMENT_3D ( 'NONE', #6816, #6105, #4871 ) ;
#3975 = EDGE_CURVE ( 'NONE', #8035, #5173, #2807, .T. ) ;
#3976 = CARTESIAN_POINT ( 'NONE',  ( 27.70437487363722084, -11.55281839470259087, 17.50000000000000000 ) ) ;
#3977 = DIRECTION ( 'NONE',  ( 1.000000000000000000, 0.000000000000000000, 0.000000000000000000 ) ) ;
#3978 = VECTOR ( 'NONE', #5208, 1000.000000000000114 ) ;
#3979 = EDGE_LOOP ( 'NONE', ( #5740, #7911, #2860, #5220 ) ) ;
#3980 = ORIENTED_EDGE ( 'NONE', *, *, #69, .T. ) ;
#3981 = ORIENTED_EDGE ( 'NONE', *, *, #953, .F. ) ;
#3982 = ADVANCED_FACE ( 'NONE', ( #5326 ), #6646, .T. ) ;
#3983 = DIRECTION ( 'NONE',  ( 0.000000000000000000, 0.000000000000000000, 1.000000000000000000 ) ) ;
#3984 = FACE_OUTER_BOUND ( 'NONE', #1804, .T. ) ;
#3985 = LINE ( 'NONE', #4152, #7836 ) ;
#3986 = DIRECTION ( 'NONE',  ( -0.000000000000000000, -0.000000000000000000, -1.000000000000000000 ) ) ;
#3987 = DIRECTION ( 'NONE',  ( 1.000000000000000000, 0.000000000000000000, 0.000000000000000000 ) ) ;
#3988 = ORIENTED_EDGE ( 'NONE', *, *, #253, .T. ) ;
#3989 = ORIENTED_EDGE ( 'NONE', *, *, #5895, .T. ) ;
#3990 = VERTEX_POINT ( 'NONE', #7226 ) ;
#3991 = DIRECTION ( 'NONE',  ( -0.000000000000000000, -0.000000000000000000, 1.000000000000000000 ) ) ;
#3992 = ORIENTED_EDGE ( 'NONE', *, *, #6081, .T. ) ;
#3993 = CARTESIAN_POINT ( 'NONE',  ( 0.000000000000000000, 0.000000000000000000, 18.50000000000000355 ) ) ;
#3994 = DIRECTION ( 'NONE',  ( 0.1423148382733041561, 0.9898214418809300197, 0.000000000000000000 ) ) ;
#3995 = EDGE_CURVE ( 'NONE', #5707, #3655, #1121, .T. ) ;
#3996 = CARTESIAN_POINT ( 'NONE',  ( 0.9999999999997795097, -30.00000000000002132, 17.50000000000000000 ) ) ;
#3997 = EDGE_LOOP ( 'NONE', ( #7073, #7628, #3704, #2655 ) ) ;
#3998 = AXIS2_PLACEMENT_3D ( 'NONE', #3884, #3150, #3190 ) ;
#3999 = CARTESIAN_POINT ( 'NONE',  ( -22.11851533709163320, -21.81218190101214560, -17.50000000000000000 ) ) ;
#4000 = ADVANCED_FACE ( 'NONE', ( #4090 ), #6607, .T. ) ;
#4001 = EDGE_LOOP ( 'NONE', ( #7203, #3494, #1354, #6392 ) ) ;
#4002 = VECTOR ( 'NONE', #4851, 1000.000000000000000 ) ;
#4003 = DIRECTION ( 'NONE',  ( 0.000000000000000000, 0.000000000000000000, 1.000000000000000000 ) ) ;
#4004 = ORIENTED_EDGE ( 'NONE', *, *, #6980, .F. ) ;
#4005 = AXIS2_PLACEMENT_3D ( 'NONE', #3499, #2297, #1595 ) ;
#4006 = ORIENTED_EDGE ( 'NONE', *, *, #2292, .F. ) ;
#4007 = CIRCLE ( 'NONE', #5060, 1.000000000000000888 ) ;
#4008 = DIRECTION ( 'NONE',  ( 0.000000000000000000, 0.000000000000000000, 1.000000000000000000 ) ) ;
#4009 = CARTESIAN_POINT ( 'NONE',  ( -24.08309753892704563, 19.54493317794987917, 17.50000000000000000 ) ) ;
#4010 = DIRECTION ( 'NONE',  ( 1.000000000000000000, 3.469446951953611033E-15, 0.000000000000000000 ) ) ;
#4011 = CARTESIAN_POINT ( 'NONE',  ( 31.10784078822842247, -7.503481958013412445, 17.50000000000000000 ) ) ;
#4012 = VECTOR ( 'NONE', #4783, 1000.000000000000000 ) ;
#4013 = CARTESIAN_POINT ( 'NONE',  ( -27.73377950337942721, -15.96362973943997154, 17.50000000000000000 ) ) ;
#4014 = CIRCLE ( 'NONE', #7439, 1.000000000000000000 ) ;
#4015 = EDGE_CURVE ( 'NONE', #7050, #6494, #7306, .T. ) ;
#4016 = CARTESIAN_POINT ( 'NONE',  ( -15.91861180829257805, -26.61950033522207804, 17.50000000000000000 ) ) ;
#4017 = ORIENTED_EDGE ( 'NONE', *, *, #4415, .T. ) ;
#4018 = LINE ( 'NONE', #423, #1899 ) ;
#4019 = ORIENTED_EDGE ( 'NONE', *, *, #7556, .F. ) ;
#4020 = CARTESIAN_POINT ( 'NONE',  ( 30.96909437485544103, -2.432117102710527501, 17.50000000000000000 ) ) ;
#4021 = CARTESIAN_POINT ( 'NONE',  ( 0.000000000000000000, 0.000000000000000000, 17.50000000000000000 ) ) ;
#4022 = VECTOR ( 'NONE', #7043, 1000.000000000000000 ) ;
#4023 = ORIENTED_EDGE ( 'NONE', *, *, #4296, .F. ) ;
#4024 = VERTEX_POINT ( 'NONE', #6063 ) ;
#4025 = EDGE_CURVE ( 'NONE', #7679, #6102, #417, .T. ) ;
#4026 = ORIENTED_EDGE ( 'NONE', *, *, #2683, .F. ) ;
#4027 = DIRECTION ( 'NONE',  ( 0.000000000000000000, 0.000000000000000000, 1.000000000000000000 ) ) ;
#4028 = CARTESIAN_POINT ( 'NONE',  ( 15.75825214724779144, 13.25825214724773993, 40.00000000000000000 ) ) ;
#4029 = DIRECTION ( 'NONE',  ( -0.000000000000000000, -0.000000000000000000, -1.000000000000000000 ) ) ;
#4030 = VECTOR ( 'NONE', #4802, 1000.000000000000000 ) ;
#4031 = CARTESIAN_POINT ( 'NONE',  ( -3.000000000000236700, -31.85906464414797767, 17.50000000000000000 ) ) ;
#4032 = CIRCLE ( 'NONE', #4954, 0.9999999999999991118 ) ;
#4033 = CIRCLE ( 'NONE', #5089, 0.9999999999999974465 ) ;
#4034 = CARTESIAN_POINT ( 'NONE',  ( 0.000000000000000000, 0.000000000000000000, -20.00000000000000000 ) ) ;
#4035 = ORIENTED_EDGE ( 'NONE', *, *, #5469, .F. ) ;
#4036 = VERTEX_POINT ( 'NONE', #6771 ) ;
#4037 = ORIENTED_EDGE ( 'NONE', *, *, #2916, .F. ) ;
#4038 = CARTESIAN_POINT ( 'NONE',  ( 15.75825214724779144, -13.25825214724773993, -40.00000000000000000 ) ) ;
#4039 = EDGE_LOOP ( 'NONE', ( #266, #7817, #6924, #5875 ) ) ;
#4040 = DIRECTION ( 'NONE',  ( 0.000000000000000000, 0.000000000000000000, -1.000000000000000000 ) ) ;
#4041 = CIRCLE ( 'NONE', #3649, 33.00000000000000711 ) ;
#4042 = LINE ( 'NONE', #2802, #357 ) ;
#4043 = FACE_OUTER_BOUND ( 'NONE', #2950, .T. ) ;
#4044 = DIRECTION ( 'NONE',  ( -7.672273068286434534E-15, -1.000000000000000000, -0.000000000000000000 ) ) ;
#4045 = VERTEX_POINT ( 'NONE', #3632 ) ;
#4046 = CARTESIAN_POINT ( 'NONE',  ( 28.14919451638140657, 15.05399774408525282, -17.50000000000000000 ) ) ;
#4047 = ORIENTED_EDGE ( 'NONE', *, *, #4596, .F. ) ;
#4048 = ORIENTED_EDGE ( 'NONE', *, *, #3848, .F. ) ;
#4049 = ADVANCED_FACE ( 'NONE', ( #2355 ), #4869, .F. ) ;
#4050 = EDGE_CURVE ( 'NONE', #785, #2574, #4803, .T. ) ;
#4051 = VECTOR ( 'NONE', #6401, 1000.000000000000000 ) ;
#4052 = CARTESIAN_POINT ( 'NONE',  ( 22.77337607103631711, -21.05643232665853049, -17.50000000000000000 ) ) ;
#4053 = DIRECTION ( 'NONE',  ( 0.9096319953545141113, -0.4154150130018958165, 0.000000000000000000 ) ) ;
#4054 = DIRECTION ( 'NONE',  ( -0.000000000000000000, -0.000000000000000000, 1.000000000000000000 ) ) ;
#4055 = CIRCLE ( 'NONE', #106, 0.9999999999999974465 ) ;
#4056 = CARTESIAN_POINT ( 'NONE',  ( -26.20361227996020759, 20.05918003013879769, 17.50000000000000000 ) ) ;
#4057 = LINE ( 'NONE', #3201, #2332 ) ;
#4058 = EDGE_CURVE ( 'NONE', #2532, #7338, #2303, .T. ) ;
#4059 = CARTESIAN_POINT ( 'NONE',  ( 31.10784078822842247, -7.503481958013412445, -17.50000000000000000 ) ) ;
#4060 = ORIENTED_EDGE ( 'NONE', *, *, #2279, .F. ) ;
#4061 = VERTEX_POINT ( 'NONE', #7381 ) ;
#4062 = CARTESIAN_POINT ( 'NONE',  ( -10.75825214724779144, -13.25825214724773993, 40.00000000000000000 ) ) ;
#4063 = DIRECTION ( 'NONE',  ( 0.2817325568414090764, -0.9594929736145033639, -0.000000000000000000 ) ) ;
#4064 = CIRCLE ( 'NONE', #511, 1.000000000000000000 ) ;
#4065 = ADVANCED_FACE ( 'NONE', ( #5981, #6599 ), #3512, .F. ) ;
#4066 = VECTOR ( 'NONE', #876, 1000.000000000000000 ) ;
#4067 = ORIENTED_EDGE ( 'NONE', *, *, #7243, .T. ) ;
#4068 = ORIENTED_EDGE ( 'NONE', *, *, #6032, .T. ) ;
#4069 = ADVANCED_FACE ( 'NONE', ( #4862 ), #1073, .T. ) ;
#4070 = VERTEX_POINT ( 'NONE', #1726 ) ;
#4071 = UNCERTAINTY_MEASURE_WITH_UNIT (LENGTH_MEASURE( 1.000000000000000082E-05 ), #3264, 'distance_accuracy_value', 'NONE');
#4072 = CIRCLE ( 'NONE', #5122, 2.499999999999996891 ) ;
#4073 = CARTESIAN_POINT ( 'NONE',  ( -14.53671745800579806, -26.31888761984650671, -17.50000000000000000 ) ) ;
#4074 = CARTESIAN_POINT ( 'NONE',  ( -27.70437487363755835, -11.55281839470180572, 17.50000000000000000 ) ) ;
#4075 = DIRECTION ( 'NONE',  ( 1.000000000000000000, 0.000000000000000000, 0.000000000000000000 ) ) ;
#4076 = DIRECTION ( 'NONE',  ( -0.000000000000000000, -0.000000000000000000, 1.000000000000000000 ) ) ;
#4077 = DIRECTION ( 'NONE',  ( 0.9594929736145030308, 0.2817325568414105197, 0.000000000000000000 ) ) ;
#4078 = VERTEX_POINT ( 'NONE', #1571 ) ;
#4079 = EDGE_CURVE ( 'NONE', #4432, #89, #6098, .T. ) ;
#4080 = ORIENTED_EDGE ( 'NONE', *, *, #4946, .T. ) ;
#4081 = EDGE_LOOP ( 'NONE', ( #6402, #2488, #1058, #7775 ) ) ;
#4082 = DIRECTION ( 'NONE',  ( 0.000000000000000000, 0.000000000000000000, 1.000000000000000000 ) ) ;
#4083 = ORIENTED_EDGE ( 'NONE', *, *, #144, .F. ) ;
#4084 = DIRECTION ( 'NONE',  ( 0.000000000000000000, 0.000000000000000000, 1.000000000000000000 ) ) ;
#4085 = LINE ( 'NONE', #6601, #5355 ) ;
#4086 = ADVANCED_FACE ( 'NONE', ( #2924 ), #4240, .T. ) ;
#4087 = LINE ( 'NONE', #6602, #3706 ) ;
#4088 = LINE ( 'NONE', #2235, #807 ) ;
#4089 = VERTEX_POINT ( 'NONE', #2189 ) ;
#4090 = FACE_OUTER_BOUND ( 'NONE', #5608, .T. ) ;
#4091 = VERTEX_POINT ( 'NONE', #2842 ) ;
#4092 = ORIENTED_EDGE ( 'NONE', *, *, #6081, .F. ) ;
#4093 = EDGE_CURVE ( 'NONE', #3918, #1823, #2966, .T. ) ;
#4094 = FACE_OUTER_BOUND ( 'NONE', #4621, .T. ) ;
#4095 = CARTESIAN_POINT ( 'NONE',  ( -12.22465886979143690, -30.65220572026147039, -17.50000000000000000 ) ) ;
#4096 = CARTESIAN_POINT ( 'NONE',  ( -15.00000000000000000, 1.836970198721029589E-15, -40.00000000000000000 ) ) ;
#4097 = CIRCLE ( 'NONE', #539, 1.000000000000000888 ) ;
#4098 = DIRECTION ( 'NONE',  ( 0.000000000000000000, 0.000000000000000000, 1.000000000000000000 ) ) ;
#4099 = EDGE_CURVE ( 'NONE', #1550, #2226, #6513, .T. ) ;
#4100 = CARTESIAN_POINT ( 'NONE',  ( 27.36776182998654861, 14.69712939376707084, -17.50000000000000000 ) ) ;
#4101 = CIRCLE ( 'NONE', #4759, 1.000000000000000888 ) ;
#4102 = ORIENTED_EDGE ( 'NONE', *, *, #3203, .F. ) ;
#4103 = ORIENTED_EDGE ( 'NONE', *, *, #2869, .F. ) ;
#4104 = DIRECTION ( 'NONE',  ( 0.1423148382732747075, -0.9898214418809342385, 0.000000000000000000 ) ) ;
#4105 = LINE ( 'NONE', #3531, #2443 ) ;
#4106 = AXIS2_PLACEMENT_3D ( 'NONE', #6836, #8074, #4373 ) ;
#4107 = ORIENTED_EDGE ( 'NONE', *, *, #8070, .T. ) ;
#4108 = EDGE_CURVE ( 'NONE', #942, #2714, #3626, .T. ) ;
#4109 = AXIS2_PLACEMENT_3D ( 'NONE', #660, #8032, #8114 ) ;
#4110 = ORIENTED_EDGE ( 'NONE', *, *, #1764, .F. ) ;
#4111 = ORIENTED_EDGE ( 'NONE', *, *, #2113, .T. ) ;
#4112 = CIRCLE ( 'NONE', #36, 1.000000000000000888 ) ;
#4113 = CARTESIAN_POINT ( 'NONE',  ( -24.73795827287234061, 18.78918360359562456, -17.50000000000000000 ) ) ;
#4114 = DIRECTION ( 'NONE',  ( -1.000000000000000000, 0.000000000000000000, 0.000000000000000000 ) ) ;
#4115 = CARTESIAN_POINT ( 'NONE',  ( -15.37797099083697283, -25.77824680239089972, 17.50000000000000000 ) ) ;
#4116 = DIRECTION ( 'NONE',  ( 0.000000000000000000, 0.000000000000000000, 1.000000000000000000 ) ) ;
#4117 = DIRECTION ( 'NONE',  ( 0.4154150130018777753, -0.9096319953545222159, -0.000000000000000000 ) ) ;
#4118 = ORIENTED_EDGE ( 'NONE', *, *, #5596, .T. ) ;
#4119 = ORIENTED_EDGE ( 'NONE', *, *, #6909, .F. ) ;
#4120 = EDGE_CURVE ( 'NONE', #3265, #6593, #2231, .T. ) ;
#4121 = ORIENTED_EDGE ( 'NONE', *, *, #5661, .T. ) ;
#4122 = DIRECTION ( 'NONE',  ( 1.000000000000000000, 0.000000000000000000, 0.000000000000000000 ) ) ;
#4123 = ORIENTED_EDGE ( 'NONE', *, *, #7, .T. ) ;
#4124 = DIRECTION ( 'NONE',  ( 0.000000000000000000, -0.000000000000000000, 1.000000000000000000 ) ) ;
#4125 = DIRECTION ( 'NONE',  ( -0.000000000000000000, -0.000000000000000000, -1.000000000000000000 ) ) ;
#4126 = DIRECTION ( 'NONE',  ( -0.000000000000000000, -0.000000000000000000, 1.000000000000000000 ) ) ;
#4127 = DIRECTION ( 'NONE',  ( -0.000000000000000000, -0.000000000000000000, -1.000000000000000000 ) ) ;
#4128 = VERTEX_POINT ( 'NONE', #6766 ) ;
#4129 = CARTESIAN_POINT ( 'NONE',  ( 32.07996081286083268, 7.737965769200217281, -17.50000000000000000 ) ) ;
#4130 = ORIENTED_EDGE ( 'NONE', *, *, #2896, .F. ) ;
#4131 = ADVANCED_FACE ( 'NONE', ( #2349 ), #7221, .T. ) ;
#4132 = CARTESIAN_POINT ( 'NONE',  ( -29.97927293297452778, 2.289802264437016177, -17.50000000000000000 ) ) ;
#4133 = CARTESIAN_POINT ( 'NONE',  ( 7.774216288469208536, -30.02601473889101058, -17.50000000000000000 ) ) ;
#4134 = EDGE_CURVE ( 'NONE', #4870, #3776, #721, .T. ) ;
#4135 = LINE ( 'NONE', #1663, #18 ) ;
#4136 = DIRECTION ( 'NONE',  ( -0.000000000000000000, -0.000000000000000000, -1.000000000000000000 ) ) ;
#4137 = AXIS2_PLACEMENT_3D ( 'NONE', #173, #4467, #1990 ) ;
#4138 = EDGE_LOOP ( 'NONE', ( #28, #5852 ) ) ;
#4139 = EDGE_LOOP ( 'NONE', ( #7385, #7655, #2102, #7495 ) ) ;
#4140 = CARTESIAN_POINT ( 'NONE',  ( -30.54214986003556831, 5.401581428353106951, 17.50000000000000000 ) ) ;
#4141 = CARTESIAN_POINT ( 'NONE',  ( 35.00000000000000711, 4.286263797015737285E-15, -20.00000000000000000 ) ) ;
#4142 = VECTOR ( 'NONE', #1086, 1000.000000000000000 ) ;
#4143 = ORIENTED_EDGE ( 'NONE', *, *, #1746, .T. ) ;
#4144 = ORIENTED_EDGE ( 'NONE', *, *, #2113, .F. ) ;
#4145 = VERTEX_POINT ( 'NONE', #2307 ) ;
#4146 = ORIENTED_EDGE ( 'NONE', *, *, #6072, .F. ) ;
#4147 = CIRCLE ( 'NONE', #4806, 1.000000000000000888 ) ;
#4148 = DIRECTION ( 'NONE',  ( 0.9594929736144951482, -0.2817325568414373871, -0.000000000000000000 ) ) ;
#4149 = ADVANCED_FACE ( 'NONE', ( #4821 ), #4745, .T. ) ;
#4150 = CYLINDRICAL_SURFACE ( 'NONE', #6649, 0.9999999999999991118 ) ;
#4151 = VECTOR ( 'NONE', #1253, 1000.000000000000000 ) ;
#4152 = CARTESIAN_POINT ( 'NONE',  ( 25.38719601202985743, -19.35175130696901391, -17.50000000000000000 ) ) ;
#4153 = LINE ( 'NONE', #2222, #683 ) ;
#4154 = LINE ( 'NONE', #6503, #5745 ) ;
#4155 = VERTEX_POINT ( 'NONE', #7260 ) ;
#4156 = AXIS2_PLACEMENT_3D ( 'NONE', #6745, #3608, #6078 ) ;
#4157 = EDGE_CURVE ( 'NONE', #3546, #4977, #4162, .T. ) ;
#4158 = VECTOR ( 'NONE', #4063, 1000.000000000000114 ) ;
#4159 = CARTESIAN_POINT ( 'NONE',  ( -6.287796095551752451, -32.39542591571787256, -17.50000000000000000 ) ) ;
#4160 = DIRECTION ( 'NONE',  ( -0.000000000000000000, -0.000000000000000000, 1.000000000000000000 ) ) ;
#4161 = ORIENTED_EDGE ( 'NONE', *, *, #2061, .T. ) ;
#4162 = LINE ( 'NONE', #1610, #68 ) ;
#4163 = DIRECTION ( 'NONE',  ( 1.000000000000000000, 0.000000000000000000, 0.000000000000000000 ) ) ;
#4164 = AXIS2_PLACEMENT_3D ( 'NONE', #5943, #5401, #7222 ) ;
#4165 = AXIS2_PLACEMENT_3D ( 'NONE', #1811, #4245, #4 ) ;
#4166 = DIRECTION ( 'NONE',  ( -0.000000000000000000, 0.000000000000000000, -1.000000000000000000 ) ) ;
#4167 = DIRECTION ( 'NONE',  ( -0.000000000000000000, -0.000000000000000000, 1.000000000000000000 ) ) ;
#4168 = ORIENTED_EDGE ( 'NONE', *, *, #5633, .T. ) ;
#4169 = VECTOR ( 'NONE', #4852, 1000.000000000000000 ) ;
#4170 = DIRECTION ( 'NONE',  ( 1.000000000000000000, 0.000000000000000000, 0.000000000000000000 ) ) ;
#4171 = ORIENTED_EDGE ( 'NONE', *, *, #522, .F. ) ;
#4172 = AXIS2_PLACEMENT_3D ( 'NONE', #3627, #6722, #1198 ) ;
#4173 = AXIS2_PLACEMENT_3D ( 'NONE', #2737, #2080, #2541 ) ;
#4174 = EDGE_CURVE ( 'NONE', #5231, #3880, #5336, .T. ) ;
#4175 = FACE_OUTER_BOUND ( 'NONE', #2040, .T. ) ;
#4176 = DIRECTION ( 'NONE',  ( -0.000000000000000000, -0.000000000000000000, -1.000000000000000000 ) ) ;
#4177 = DIRECTION ( 'NONE',  ( -0.5406408174555803470, 0.8412535328311923077, 0.000000000000000000 ) ) ;
#4178 = EDGE_CURVE ( 'NONE', #6166, #5898, #2883, .T. ) ;
#4179 = DIRECTION ( 'NONE',  ( 1.000000000000000000, 0.000000000000000000, 0.000000000000000000 ) ) ;
#4180 = AXIS2_PLACEMENT_3D ( 'NONE', #6976, #1321, #1434 ) ;
#4181 = DIRECTION ( 'NONE',  ( 1.000000000000000000, 0.000000000000000000, 0.000000000000000000 ) ) ;
#4182 = ADVANCED_FACE ( 'NONE', ( #1646 ), #1157, .F. ) ;
#4183 = AXIS2_PLACEMENT_3D ( 'NONE', #7066, #1408, #4667 ) ;
#4184 = ORIENTED_EDGE ( 'NONE', *, *, #7230, .T. ) ;
#4185 = ORIENTED_EDGE ( 'NONE', *, *, #3507, .T. ) ;
#4186 = CARTESIAN_POINT ( 'NONE',  ( -15.75825214724779144, 13.25825214724773993, 40.00000000000000000 ) ) ;
#4187 = CARTESIAN_POINT ( 'NONE',  ( 22.77337607103631711, -21.05643232665853049, -17.50000000000000000 ) ) ;
#4188 = ORIENTED_EDGE ( 'NONE', *, *, #2012, .T. ) ;
#4189 = ORIENTED_EDGE ( 'NONE', *, *, #571, .T. ) ;
#4190 = ORIENTED_EDGE ( 'NONE', *, *, #3651, .F. ) ;
#4191 = ORIENTED_EDGE ( 'NONE', *, *, #2993, .T. ) ;
#4192 = LINE ( 'NONE', #8020, #2293 ) ;
#4193 = CARTESIAN_POINT ( 'NONE',  ( 15.07735827546158625, 27.16014115267757489, -17.50000000000000000 ) ) ;
#4194 = LINE ( 'NONE', #526, #7388 ) ;
#4195 = CARTESIAN_POINT ( 'NONE',  ( -26.45812983463192225, -14.28171438076537569, -17.50000000000000000 ) ) ;
#4196 = CARTESIAN_POINT ( 'NONE',  ( -17.06047805649932059, -24.69696516747969284, 17.50000000000000000 ) ) ;
#4197 = ORIENTED_EDGE ( 'NONE', *, *, #2767, .T. ) ;
#4198 = ADVANCED_FACE ( 'NONE', ( #4280 ), #4978, .T. ) ;
#4199 = ADVANCED_FACE ( 'NONE', ( #1768 ), #39, .T. ) ;
#4200 = VECTOR ( 'NONE', #6034, 1000.000000000000000 ) ;
#4201 = DIRECTION ( 'NONE',  ( 1.000000000000000000, 0.000000000000000000, -0.000000000000000000 ) ) ;
#4202 = ORIENTED_EDGE ( 'NONE', *, *, #7902, .F. ) ;
#4203 = DIRECTION ( 'NONE',  ( -1.000000000000000000, 0.000000000000000000, 0.000000000000000000 ) ) ;
#4204 = DIRECTION ( 'NONE',  ( -0.000000000000000000, -0.000000000000000000, -1.000000000000000000 ) ) ;
#4205 = VECTOR ( 'NONE', #7155, 1000.000000000000000 ) ;
#4206 = LINE ( 'NONE', #6723, #3446 ) ;
#4207 = CARTESIAN_POINT ( 'NONE',  ( -25.38719601203039744, -19.35175130696829271, -17.50000000000000000 ) ) ;
#4208 = ORIENTED_EDGE ( 'NONE', *, *, #953, .T. ) ;
#4209 = CARTESIAN_POINT ( 'NONE',  ( -10.75825214724779144, -13.25825214724773993, -40.00000000000000000 ) ) ;
#4210 = ORIENTED_EDGE ( 'NONE', *, *, #703, .T. ) ;
#4211 = DIRECTION ( 'NONE',  ( 1.000000000000000000, 0.000000000000000000, 0.000000000000000000 ) ) ;
#4212 = DIRECTION ( 'NONE',  ( 0.000000000000000000, 0.000000000000000000, 1.000000000000000000 ) ) ;
#4213 = DIRECTION ( 'NONE',  ( 1.000000000000000000, 0.000000000000000000, 0.000000000000000000 ) ) ;
#4214 = CYLINDRICAL_SURFACE ( 'NONE', #7513, 1.000000000000000888 ) ;
#4215 = DIRECTION ( 'NONE',  ( 0.7557495743542456124, -0.6548607339452996445, 0.000000000000000000 ) ) ;
#4216 = CYLINDRICAL_SURFACE ( 'NONE', #5383, 1.000000000000000888 ) ;
#4217 = EDGE_CURVE ( 'NONE', #6634, #5396, #6848, .T. ) ;
#4218 = EDGE_LOOP ( 'NONE', ( #5667, #1352, #7098, #4700 ) ) ;
#4219 = ORIENTED_EDGE ( 'NONE', *, *, #4804, .T. ) ;
#4220 = DIRECTION ( 'NONE',  ( 0.000000000000000000, 0.000000000000000000, 1.000000000000000000 ) ) ;
#4221 = DIRECTION ( 'NONE',  ( 1.000000000000000000, 0.000000000000000000, 0.000000000000000000 ) ) ;
#4222 = VERTEX_POINT ( 'NONE', #4402 ) ;
#4223 = CIRCLE ( 'NONE', #2906, 1.000000000000000888 ) ;
#4224 = VERTEX_POINT ( 'NONE', #3666 ) ;
#4225 = CIRCLE ( 'NONE', #680, 34.00000000000000711 ) ;
#4226 = ORIENTED_EDGE ( 'NONE', *, *, #2584, .F. ) ;
#4227 = EDGE_CURVE ( 'NONE', #5028, #3469, #2544, .T. ) ;
#4228 = VERTEX_POINT ( 'NONE', #4446 ) ;
#4229 = DIRECTION ( 'NONE',  ( -0.8412535328311881999, -0.5406408174555866752, -0.000000000000000000 ) ) ;
#4230 = CARTESIAN_POINT ( 'NONE',  ( 27.78317684298841783, 13.78749739841254573, -17.50000000000000000 ) ) ;
#4231 = CARTESIAN_POINT ( 'NONE',  ( 18.44237240678539536, -24.99757788285578997, 17.50000000000000000 ) ) ;
#4232 = AXIS2_PLACEMENT_3D ( 'NONE', #3431, #4167, #3474 ) ;
#4233 = CARTESIAN_POINT ( 'NONE',  ( 29.55232841815460176, -5.259266590080014403, -17.50000000000000000 ) ) ;
#4234 = DIRECTION ( 'NONE',  ( -0.000000000000000000, -0.000000000000000000, -1.000000000000000000 ) ) ;
#4235 = VERTEX_POINT ( 'NONE', #6182 ) ;
#4236 = VECTOR ( 'NONE', #2103, 1000.000000000000114 ) ;
#4237 = EDGE_CURVE ( 'NONE', #5129, #216, #6140, .T. ) ;
#4238 = CARTESIAN_POINT ( 'NONE',  ( 0.000000000000000000, 0.000000000000000000, -17.50000000000000000 ) ) ;
#4239 = ORIENTED_EDGE ( 'NONE', *, *, #5881, .F. ) ;
#4240 = PLANE ( 'NONE',  #6374 ) ;
#4241 = CARTESIAN_POINT ( 'NONE',  ( 9.693202235699240887, 29.46254962520785625, -17.50000000000000000 ) ) ;
#4242 = AXIS2_PLACEMENT_3D ( 'NONE', #582, #4328, #6855 ) ;
#4243 = LINE ( 'NONE', #4320, #3964 ) ;
#4244 = VECTOR ( 'NONE', #6399, 1000.000000000000000 ) ;
#4245 = DIRECTION ( 'NONE',  ( -0.000000000000000000, -0.000000000000000000, -1.000000000000000000 ) ) ;
#4246 = ORIENTED_EDGE ( 'NONE', *, *, #5587, .F. ) ;
#4247 = DIRECTION ( 'NONE',  ( 0.000000000000000000, 0.000000000000000000, 1.000000000000000000 ) ) ;
#4248 = ORIENTED_EDGE ( 'NONE', *, *, #7483, .T. ) ;
#4249 = CARTESIAN_POINT ( 'NONE',  ( -2.000000000000244693, -32.93933818400121538, -17.50000000000000000 ) ) ;
#4250 = LINE ( 'NONE', #7353, #2559 ) ;
#4251 = EDGE_CURVE ( 'NONE', #6433, #1755, #3048, .T. ) ;
#4252 = CARTESIAN_POINT ( 'NONE',  ( -10.75825214724779322, -13.25825214724773993, 28.00000000000000000 ) ) ;
#4253 = DIRECTION ( 'NONE',  ( -1.000000000000000000, 0.000000000000000000, 0.000000000000000000 ) ) ;
#4254 = ADVANCED_FACE ( 'NONE', ( #3748 ), #7580, .T. ) ;
#4255 = DIRECTION ( 'NONE',  ( 1.000000000000000000, 6.938893903907222067E-15, 0.000000000000000000 ) ) ;
#4256 = DIRECTION ( 'NONE',  ( 1.000000000000000000, 0.000000000000000000, 0.000000000000000000 ) ) ;
#4257 = ORIENTED_EDGE ( 'NONE', *, *, #5974, .T. ) ;
#4258 = ORIENTED_EDGE ( 'NONE', *, *, #646, .T. ) ;
#4259 = LINE ( 'NONE', #7320, #2486 ) ;
#4260 = CARTESIAN_POINT ( 'NONE',  ( 22.01762649668207317, -20.40157159271323195, -17.50000000000000000 ) ) ;
#4261 = ORIENTED_EDGE ( 'NONE', *, *, #4520, .F. ) ;
#4262 = EDGE_CURVE ( 'NONE', #7366, #1603, #2690, .T. ) ;
#4263 = AXIS2_PLACEMENT_3D ( 'NONE', #3609, #555, #2485 ) ;
#4264 = ORIENTED_EDGE ( 'NONE', *, *, #2027, .T. ) ;
#4265 = VERTEX_POINT ( 'NONE', #6220 ) ;
#4266 = ORIENTED_EDGE ( 'NONE', *, *, #6239, .T. ) ;
#4267 = VECTOR ( 'NONE', #7162, 1000.000000000000000 ) ;
#4268 = DIRECTION ( 'NONE',  ( 0.000000000000000000, 0.000000000000000000, -1.000000000000000000 ) ) ;
#4269 = CYLINDRICAL_SURFACE ( 'NONE', #6136, 2.499999999999996891 ) ;
#4270 = CYLINDRICAL_SURFACE ( 'NONE', #6082, 33.00000000000000711 ) ;
#4271 = AXIS2_PLACEMENT_3D ( 'NONE', #5451, #3636, #7770 ) ;
#4272 = DIRECTION ( 'NONE',  ( 1.000000000000000000, 0.000000000000000000, 0.000000000000000000 ) ) ;
#4273 = ADVANCED_FACE ( 'NONE', ( #4940 ), #8067, .T. ) ;
#4274 = DIRECTION ( 'NONE',  ( 1.000000000000000000, 0.000000000000000000, 0.000000000000000000 ) ) ;
#4275 = VERTEX_POINT ( 'NONE', #3165 ) ;
#4276 = AXIS2_PLACEMENT_3D ( 'NONE', #6929, #2389, #8110 ) ;
#4277 = EDGE_CURVE ( 'NONE', #5239, #8010, #2467, .T. ) ;
#4278 = DIRECTION ( 'NONE',  ( 1.000000000000000000, 0.000000000000000000, -0.000000000000000000 ) ) ;
#4279 = ORIENTED_EDGE ( 'NONE', *, *, #6187, .T. ) ;
#4280 = FACE_OUTER_BOUND ( 'NONE', #7286, .T. ) ;
#4281 = CARTESIAN_POINT ( 'NONE',  ( 18.44237240678627998, 24.99757788285513627, -17.50000000000000000 ) ) ;
#4282 = CARTESIAN_POINT ( 'NONE',  ( 29.83695809470132687, 3.279623706317118081, 17.50000000000000000 ) ) ;
#4283 = AXIS2_PLACEMENT_3D ( 'NONE', #3723, #6279, #3682 ) ;
#4284 = DIRECTION ( 'NONE',  ( 0.000000000000000000, 0.000000000000000000, -1.000000000000000000 ) ) ;
#4285 = VERTEX_POINT ( 'NONE', #618 ) ;
#4286 = CARTESIAN_POINT ( 'NONE',  ( -7.056749793543468208, -31.13201378567287136, -17.50000000000000000 ) ) ;
#4287 = CARTESIAN_POINT ( 'NONE',  ( -31.25015562650191470, -6.513660516131603906, -17.50000000000000000 ) ) ;
#4288 = VECTOR ( 'NONE', #1824, 1000.000000000000000 ) ;
#4289 = CARTESIAN_POINT ( 'NONE',  ( -26.20361227996063747, -20.05918003013822926, 17.50000000000000000 ) ) ;
#4290 = CARTESIAN_POINT ( 'NONE',  ( -15.75825214724778789, 13.25825214724773993, -40.00000000000000000 ) ) ;
#4291 = CIRCLE ( 'NONE', #7065, 1.000000000000000888 ) ;
#4292 = CARTESIAN_POINT ( 'NONE',  ( 27.78317684298792400, -13.78749739841351740, -17.50000000000000000 ) ) ;
#4293 = AXIS2_PLACEMENT_3D ( 'NONE', #6294, #5054, #651 ) ;
#4294 = VECTOR ( 'NONE', #2098, 1000.000000000000000 ) ;
#4295 = DIRECTION ( 'NONE',  ( -0.000000000000000000, -0.000000000000000000, 1.000000000000000000 ) ) ;
#4296 = EDGE_CURVE ( 'NONE', #2395, #8145, #7434, .T. ) ;
#4297 = EDGE_CURVE ( 'NONE', #7253, #7207, #1897, .T. ) ;
#4298 = ORIENTED_EDGE ( 'NONE', *, *, #4729, .T. ) ;
#4299 = ORIENTED_EDGE ( 'NONE', *, *, #4874, .F. ) ;
#4300 = LINE ( 'NONE', #3489, #6665 ) ;
#4301 = DIRECTION ( 'NONE',  ( 1.000000000000000000, 0.000000000000000000, 0.000000000000000000 ) ) ;
#4302 = ORIENTED_EDGE ( 'NONE', *, *, #1302, .F. ) ;
#4303 = ORIENTED_EDGE ( 'NONE', *, *, #6635, .T. ) ;
#4304 = VERTEX_POINT ( 'NONE', #574 ) ;
#4305 = DIRECTION ( 'NONE',  ( -1.000000000000000000, 0.000000000000000000, 0.000000000000000000 ) ) ;
#4306 = ORIENTED_EDGE ( 'NONE', *, *, #3598, .F. ) ;
#4307 = DIRECTION ( 'NONE',  ( 1.000000000000000000, 0.000000000000000000, -0.000000000000000000 ) ) ;
#4308 = EDGE_CURVE ( 'NONE', #780, #5589, #589, .T. ) ;
#4309 = CARTESIAN_POINT ( 'NONE',  ( -24.73795827287234061, 18.78918360359562456, 17.50000000000000000 ) ) ;
#4310 = CARTESIAN_POINT ( 'NONE',  ( 0.000000000000000000, 0.000000000000000000, -17.50000000000000000 ) ) ;
#4311 = CYLINDRICAL_SURFACE ( 'NONE', #6600, 0.9999999999999991118 ) ;
#4312 = DIRECTION ( 'NONE',  ( 0.000000000000000000, 0.000000000000000000, 1.000000000000000000 ) ) ;
#4313 = EDGE_CURVE ( 'NONE', #4078, #3519, #5188, .T. ) ;
#4314 = CARTESIAN_POINT ( 'NONE',  ( -9.693202235699057923, -29.46254962520790599, 17.50000000000000000 ) ) ;
#4315 = ORIENTED_EDGE ( 'NONE', *, *, #2352, .T. ) ;
#4316 = FACE_OUTER_BOUND ( 'NONE', #171, .T. ) ;
#4317 = ORIENTED_EDGE ( 'NONE', *, *, #6624, .T. ) ;
#4318 = DIRECTION ( 'NONE',  ( 0.000000000000000000, 0.000000000000000000, -1.000000000000000000 ) ) ;
#4319 = CARTESIAN_POINT ( 'NONE',  ( -30.39983502176241359, -6.391402870233392264, 17.50000000000000000 ) ) ;
#4320 = CARTESIAN_POINT ( 'NONE',  ( 33.00000000000001421, 0.000000000000000000, -17.50000000000000000 ) ) ;
#4321 = AXIS2_PLACEMENT_3D ( 'NONE', #5473, #1102, #6127 ) ;
#4322 = EDGE_CURVE ( 'NONE', #493, #1186, #4928, .T. ) ;
#4323 = ADVANCED_FACE ( 'NONE', ( #731 ), #2681, .T. ) ;
#4324 = DIRECTION ( 'NONE',  ( -0.000000000000000000, -0.000000000000000000, 1.000000000000000000 ) ) ;
#4325 = ORIENTED_EDGE ( 'NONE', *, *, #2240, .T. ) ;
#4326 = CIRCLE ( 'NONE', #6044, 2.499999999999996891 ) ;
#4327 = EDGE_CURVE ( 'NONE', #388, #3575, #3248, .T. ) ;
#4328 = DIRECTION ( 'NONE',  ( -0.000000000000000000, -0.000000000000000000, -1.000000000000000000 ) ) ;
#4329 = DIRECTION ( 'NONE',  ( 1.000000000000000000, 0.000000000000000000, 0.000000000000000000 ) ) ;
#4330 = VECTOR ( 'NONE', #7639, 1000.000000000000000 ) ;
#4331 = LINE ( 'NONE', #3718, #1774 ) ;
#4332 = CARTESIAN_POINT ( 'NONE',  ( -21.36276576273737149, -21.15732116706686838, 17.50000000000000000 ) ) ;
#4333 = CARTESIAN_POINT ( 'NONE',  ( -23.98220869851809312, 18.13432286965033313, 17.50000000000000000 ) ) ;
#4334 = DIRECTION ( 'NONE',  ( 1.000000000000000000, 0.000000000000000000, 0.000000000000000000 ) ) ;
#4335 = LINE ( 'NONE', #4422, #8090 ) ;
#4336 = EDGE_CURVE ( 'NONE', #326, #4888, #4598, .T. ) ;
#4337 = ORIENTED_EDGE ( 'NONE', *, *, #8099, .F. ) ;
#4338 = DIRECTION ( 'NONE',  ( -0.000000000000000000, 0.000000000000000000, 1.000000000000000000 ) ) ;
#4339 = CYLINDRICAL_SURFACE ( 'NONE', #4263, 1.000000000000000888 ) ;
#4340 = ADVANCED_FACE ( 'NONE', ( #7122 ), #1466, .T. ) ;
#4341 = ORIENTED_EDGE ( 'NONE', *, *, #6459, .F. ) ;
#4342 = ORIENTED_EDGE ( 'NONE', *, *, #2970, .T. ) ;
#4343 = ORIENTED_EDGE ( 'NONE', *, *, #4670, .T. ) ;
#4344 = CARTESIAN_POINT ( 'NONE',  ( 1.999999999999778399, -30.00000000000002842, -17.50000000000000000 ) ) ;
#4345 = ORIENTED_EDGE ( 'NONE', *, *, #188, .T. ) ;
#4346 = CIRCLE ( 'NONE', #5942, 1.000000000000000888 ) ;
#4347 = AXIS2_PLACEMENT_3D ( 'NONE', #8108, #6138, #1687 ) ;
#4348 = LINE ( 'NONE', #6245, #3965 ) ;
#4349 = DIRECTION ( 'NONE',  ( 1.000000000000000000, 0.000000000000000000, 0.000000000000000000 ) ) ;
#4350 = CARTESIAN_POINT ( 'NONE',  ( 28.60046011285956880, -16.46249316879827518, -17.50000000000000000 ) ) ;
#4351 = DIRECTION ( 'NONE',  ( 1.000000000000000000, 0.000000000000000000, 0.000000000000000000 ) ) ;
#4352 = EDGE_CURVE ( 'NONE', #3588, #6242, #7659, .T. ) ;
#4353 = CARTESIAN_POINT ( 'NONE',  ( -22.11851533709116424, 21.81218190101262522, 17.50000000000000000 ) ) ;
#4354 = VECTOR ( 'NONE', #3879, 1000.000000000000000 ) ;
#4355 = CIRCLE ( 'NONE', #1334, 0.9999999999999974465 ) ;
#4356 = ADVANCED_FACE ( 'NONE', ( #6334 ), #2663, .F. ) ;
#4357 = PLANE ( 'NONE',  #6150 ) ;
#4358 = EDGE_LOOP ( 'NONE', ( #3211, #5938, #3092, #2044 ) ) ;
#4359 = AXIS2_PLACEMENT_3D ( 'NONE', #2762, #7955, #4827 ) ;
#4360 = LINE ( 'NONE', #6180, #16 ) ;
#4361 = ORIENTED_EDGE ( 'NONE', *, *, #7848, .T. ) ;
#4362 = CARTESIAN_POINT ( 'NONE',  ( 31.17084050580884735, -10.83414519754224692, -17.50000000000000000 ) ) ;
#4363 = AXIS2_PLACEMENT_3D ( 'NONE', #240, #7864, #6548 ) ;
#4364 = PLANE ( 'NONE',  #2699 ) ;
#4365 = VECTOR ( 'NONE', #1225, 1000.000000000000000 ) ;
#4366 = DIRECTION ( 'NONE',  ( 0.6548607339452777731, -0.7557495743542645972, -0.000000000000000000 ) ) ;
#4367 = DIRECTION ( 'NONE',  ( -0.000000000000000000, -0.000000000000000000, 1.000000000000000000 ) ) ;
#4368 = ORIENTED_EDGE ( 'NONE', *, *, #6576, .F. ) ;
#4369 = ORIENTED_EDGE ( 'NONE', *, *, #4296, .T. ) ;
#4370 = EDGE_CURVE ( 'NONE', #3467, #3891, #7779, .T. ) ;
#4371 = CIRCLE ( 'NONE', #7005, 1.000000000000000000 ) ;
#4372 = VERTEX_POINT ( 'NONE', #1968 ) ;
#4373 = DIRECTION ( 'NONE',  ( 1.000000000000000000, 0.000000000000000000, 0.000000000000000000 ) ) ;
#4374 = DIRECTION ( 'NONE',  ( 1.000000000000000000, 0.000000000000000000, 0.000000000000000000 ) ) ;
#4375 = AXIS2_PLACEMENT_3D ( 'NONE', #3404, #2932, #844 ) ;
#4376 = DIRECTION ( 'NONE',  ( -0.000000000000000000, -0.000000000000000000, -1.000000000000000000 ) ) ;
#4377 = DIRECTION ( 'NONE',  ( -0.000000000000000000, -0.000000000000000000, 1.000000000000000000 ) ) ;
#4378 = ADVANCED_FACE ( 'NONE', ( #3984 ), #2009, .F. ) ;
#4379 = DIRECTION ( 'NONE',  ( 0.000000000000000000, 0.000000000000000000, 1.000000000000000000 ) ) ;
#4380 = CARTESIAN_POINT ( 'NONE',  ( 15.37797099083623564, -25.77824680239134381, -17.50000000000000000 ) ) ;
#4381 = EDGE_CURVE ( 'NONE', #419, #7478, #1370, .T. ) ;
#4382 = ORIENTED_EDGE ( 'NONE', *, *, #6054, .F. ) ;
#4383 = CARTESIAN_POINT ( 'NONE',  ( -30.22626958139069586, -10.50583776731283159, -17.50000000000000000 ) ) ;
#4384 = DIRECTION ( 'NONE',  ( 1.000000000000000000, 0.000000000000000000, 0.000000000000000000 ) ) ;
#4385 = ORIENTED_EDGE ( 'NONE', *, *, #37, .T. ) ;
#4386 = ORIENTED_EDGE ( 'NONE', *, *, #376, .T. ) ;
#4387 = ORIENTED_EDGE ( 'NONE', *, *, #6879, .T. ) ;
#4388 = FACE_OUTER_BOUND ( 'NONE', #4975, .T. ) ;
#4389 = ORIENTED_EDGE ( 'NONE', *, *, #4805, .F. ) ;
#4390 = DIRECTION ( 'NONE',  ( 0.000000000000000000, 0.000000000000000000, 1.000000000000000000 ) ) ;
#4391 = DIRECTION ( 'NONE',  ( 1.000000000000000000, 0.000000000000000000, 0.000000000000000000 ) ) ;
#4392 = CARTESIAN_POINT ( 'NONE',  ( 16.12584365658186769, -28.79161625132356761, -17.50000000000000000 ) ) ;
#4393 = LINE ( 'NONE', #487, #481 ) ;
#4394 = CARTESIAN_POINT ( 'NONE',  ( 29.54214986003572463, 5.401581428352257852, 17.50000000000000000 ) ) ;
#4395 = CIRCLE ( 'NONE', #847, 33.00000000000000711 ) ;
#4396 = ORIENTED_EDGE ( 'NONE', *, *, #137, .T. ) ;
#4397 = CIRCLE ( 'NONE', #8082, 2.499999999999996891 ) ;
#4398 = EDGE_CURVE ( 'NONE', #1576, #6644, #4397, .T. ) ;
#4399 = VECTOR ( 'NONE', #5300, 1000.000000000000000 ) ;
#4400 = DIRECTION ( 'NONE',  ( 0.000000000000000000, 0.000000000000000000, -1.000000000000000000 ) ) ;
#4401 = ORIENTED_EDGE ( 'NONE', *, *, #6133, .F. ) ;
#4402 = CARTESIAN_POINT ( 'NONE',  ( -12.22465886979077077, 30.65220572026174040, -17.50000000000000000 ) ) ;
#4403 = DIRECTION ( 'NONE',  ( 1.000000000000000000, 0.000000000000000000, 0.000000000000000000 ) ) ;
#4404 = DIRECTION ( 'NONE',  ( 1.000000000000000000, 3.469446951953611033E-15, 0.000000000000000000 ) ) ;
#4405 = AXIS2_PLACEMENT_3D ( 'NONE', #5400, #1036, #2801 ) ;
#4406 = CARTESIAN_POINT ( 'NONE',  ( 15.75825214724779144, -13.25825214724773993, 40.00000000000000000 ) ) ;
#4407 = ORIENTED_EDGE ( 'NONE', *, *, #3173, .F. ) ;
#4408 = AXIS2_PLACEMENT_3D ( 'NONE', #2474, #3716, #583 ) ;
#4409 = ORIENTED_EDGE ( 'NONE', *, *, #2363, .F. ) ;
#4410 = ADVANCED_FACE ( 'NONE', ( #4480 ), #4642, .T. ) ;
#4411 = ORIENTED_EDGE ( 'NONE', *, *, #7767, .T. ) ;
#4412 = DIRECTION ( 'NONE',  ( 1.000000000000000000, 0.000000000000000000, 0.000000000000000000 ) ) ;
#4413 = FACE_OUTER_BOUND ( 'NONE', #372, .T. ) ;
#4414 = CIRCLE ( 'NONE', #7968, 1.000000000000000888 ) ;
#4415 = EDGE_CURVE ( 'NONE', #1419, #4265, #5841, .T. ) ;
#4416 = AXIS2_PLACEMENT_3D ( 'NONE', #1969, #5799, #3206 ) ;
#4417 = CARTESIAN_POINT ( 'NONE',  ( 10.75825214724779144, -13.25825214724773993, 40.00000000000000000 ) ) ;
#4418 = DIRECTION ( 'NONE',  ( 1.000000000000000000, 0.000000000000000000, 0.000000000000000000 ) ) ;
#4419 = CYLINDRICAL_SURFACE ( 'NONE', #3543, 33.00000000000001421 ) ;
#4420 = ADVANCED_FACE ( 'NONE', ( #3901 ), #193, .F. ) ;
#4421 = ORIENTED_EDGE ( 'NONE', *, *, #1318, .F. ) ;
#4422 = CARTESIAN_POINT ( 'NONE',  ( 20.36519858079798340, 25.96649161447623300, -17.50000000000000000 ) ) ;
#4423 = VECTOR ( 'NONE', #4580, 1000.000000000000000 ) ;
#4424 = EDGE_LOOP ( 'NONE', ( #5560, #5705, #5966, #7269 ) ) ;
#4425 = AXIS2_PLACEMENT_3D ( 'NONE', #5965, #5422, #2821 ) ;
#4426 = EDGE_CURVE ( 'NONE', #6417, #1999, #6411, .T. ) ;
#4427 = CARTESIAN_POINT ( 'NONE',  ( 33.00000000000001421, 0.000000000000000000, 17.50000000000000000 ) ) ;
#4428 = DIRECTION ( 'NONE',  ( 0.9096319953545101145, -0.4154150130019044207, -0.000000000000000000 ) ) ;
#4429 = VECTOR ( 'NONE', #8062, 1000.000000000000000 ) ;
#4430 = AXIS2_PLACEMENT_3D ( 'NONE', #1519, #987, #5314 ) ;
#4431 = ADVANCED_FACE ( 'NONE', ( #6370 ), #770, .T. ) ;
#4432 = VERTEX_POINT ( 'NONE', #3284 ) ;
#4433 = ORIENTED_EDGE ( 'NONE', *, *, #2794, .T. ) ;
#4434 = AXIS2_PLACEMENT_3D ( 'NONE', #3787, #7107, #1496 ) ;
#4435 = DIRECTION ( 'NONE',  ( 0.000000000000000000, 0.000000000000000000, 1.000000000000000000 ) ) ;
#4436 = VERTEX_POINT ( 'NONE', #5798 ) ;
#4437 = DIRECTION ( 'NONE',  ( 1.000000000000000000, 0.000000000000000000, 0.000000000000000000 ) ) ;
#4438 = EDGE_CURVE ( 'NONE', #6508, #119, #150, .T. ) ;
#4439 = CARTESIAN_POINT ( 'NONE',  ( 0.000000000000000000, 0.000000000000000000, 17.50000000000000000 ) ) ;
#4440 = DIRECTION ( 'NONE',  ( 0.000000000000000000, 0.000000000000000000, 1.000000000000000000 ) ) ;
#4441 = CARTESIAN_POINT ( 'NONE',  ( -6.814723314854910896, 30.30774729573237281, 17.50000000000000000 ) ) ;
#4442 = VERTEX_POINT ( 'NONE', #6008 ) ;
#4443 = CIRCLE ( 'NONE', #4839, 1.000000000000000888 ) ;
#4444 = AXIS2_PLACEMENT_3D ( 'NONE', #1916, #1830, #4305 ) ;
#4445 = DIRECTION ( 'NONE',  ( 0.000000000000000000, 0.000000000000000000, 1.000000000000000000 ) ) ;
#4446 = CARTESIAN_POINT ( 'NONE',  ( -30.96909437485551209, -2.432117102709654866, -17.50000000000000000 ) ) ;
#4447 = DIRECTION ( 'NONE',  ( 1.000000000000000000, 0.000000000000000000, 0.000000000000000000 ) ) ;
#4448 = CIRCLE ( 'NONE', #899, 33.00000000000000711 ) ;
#4449 = DIRECTION ( 'NONE',  ( -0.000000000000000000, -0.000000000000000000, -1.000000000000000000 ) ) ;
#4450 = EDGE_CURVE ( 'NONE', #3467, #64, #5059, .T. ) ;
#4451 = ADVANCED_FACE ( 'NONE', ( #7862 ), #364, .T. ) ;
#4452 = DIRECTION ( 'NONE',  ( -0.9594929736144933718, 0.2817325568414433823, -0.000000000000000000 ) ) ;
#4453 = ORIENTED_EDGE ( 'NONE', *, *, #5151, .F. ) ;
#4454 = VERTEX_POINT ( 'NONE', #2829 ) ;
#4455 = ORIENTED_EDGE ( 'NONE', *, *, #5642, .T. ) ;
#4456 = CARTESIAN_POINT ( 'NONE',  ( -28.14919451638130710, -15.05399774408544644, -17.50000000000000000 ) ) ;
#4457 = ORIENTED_EDGE ( 'NONE', *, *, #6391, .F. ) ;
#4458 = PLANE ( 'NONE',  #7316 ) ;
#4459 = CARTESIAN_POINT ( 'NONE',  ( 26.85587101928687304, -19.17712678675897209, 17.50000000000000000 ) ) ;
#4460 = AXIS2_PLACEMENT_3D ( 'NONE', #671, #3100, #7433 ) ;
#4461 = DIRECTION ( 'NONE',  ( -0.4154150130019044762, -0.9096319953545102255, 0.000000000000000000 ) ) ;
#4462 = DIRECTION ( 'NONE',  ( -0.2817325568414431602, -0.9594929736144933718, 0.000000000000000000 ) ) ;
#4463 = DIRECTION ( 'NONE',  ( -0.1423148382732687955, 0.9898214418809351267, 0.000000000000000000 ) ) ;
#4464 = AXIS2_PLACEMENT_3D ( 'NONE', #3391, #1441, #3301 ) ;
#4465 = ORIENTED_EDGE ( 'NONE', *, *, #2169, .T. ) ;
#4466 = CARTESIAN_POINT ( 'NONE',  ( 32.31943353934529739, 6.667399470246500925, -17.50000000000000000 ) ) ;
#4467 = DIRECTION ( 'NONE',  ( -0.000000000000000000, -0.000000000000000000, -1.000000000000000000 ) ) ;
#4468 = CIRCLE ( 'NONE', #1429, 1.000000000000000000 ) ;
#4469 = DIRECTION ( 'NONE',  ( 0.7557495743542473887, -0.6548607339452976461, -0.000000000000000000 ) ) ;
#4470 = ORIENTED_EDGE ( 'NONE', *, *, #2715, .T. ) ;
#4471 = EDGE_CURVE ( 'NONE', #2725, #529, #7332, .T. ) ;
#4472 = CARTESIAN_POINT ( 'NONE',  ( -32.07996081286061241, 7.737965769201111677, 17.50000000000000000 ) ) ;
#4473 = ORIENTED_EDGE ( 'NONE', *, *, #3848, .T. ) ;
#4474 = ORIENTED_EDGE ( 'NONE', *, *, #3849, .T. ) ;
#4475 = DIRECTION ( 'NONE',  ( -0.9096319953545222159, -0.4154150130018779419, 0.000000000000000000 ) ) ;
#4476 = CARTESIAN_POINT ( 'NONE',  ( -13.25825214724778967, 13.25825214724773993, -28.00000000000000000 ) ) ;
#4477 = VERTEX_POINT ( 'NONE', #1025 ) ;
#4478 = EDGE_CURVE ( 'NONE', #4128, #4228, #1771, .T. ) ;
#4479 = CARTESIAN_POINT ( 'NONE',  ( 30.54214986003572463, 5.401581428352257852, 17.50000000000000000 ) ) ;
#4480 = FACE_OUTER_BOUND ( 'NONE', #3340, .T. ) ;
#4481 = EDGE_CURVE ( 'NONE', #7266, #7585, #5971, .T. ) ;
#4482 = DIRECTION ( 'NONE',  ( -0.000000000000000000, -0.000000000000000000, 1.000000000000000000 ) ) ;
#4483 = CARTESIAN_POINT ( 'NONE',  ( 27.70437487363722084, -11.55281839470259087, 17.50000000000000000 ) ) ;
#4484 = AXIS2_PLACEMENT_3D ( 'NONE', #3737, #3001, #7941 ) ;
#4485 = DIRECTION ( 'NONE',  ( -0.1423148382733025741, -0.9898214418809302417, 0.000000000000000000 ) ) ;
#4486 = VERTEX_POINT ( 'NONE', #4074 ) ;
#4487 = ORIENTED_EDGE ( 'NONE', *, *, #7101, .T. ) ;
#4488 = TOROIDAL_SURFACE ( 'NONE', #947, 34.00000000000000711, 1.000000000000000000 ) ;
#4489 = AXIS2_PLACEMENT_3D ( 'NONE', #375, #7916, #6560 ) ;
#4490 = ORIENTED_EDGE ( 'NONE', *, *, #6655, .T. ) ;
#4491 = CARTESIAN_POINT ( 'NONE',  ( 30.39983502176222885, -6.391402870234250244, 17.50000000000000000 ) ) ;
#4492 = ORIENTED_EDGE ( 'NONE', *, *, #7208, .F. ) ;
#4493 = DIRECTION ( 'NONE',  ( 0.000000000000000000, 0.000000000000000000, 1.000000000000000000 ) ) ;
#4494 = FACE_OUTER_BOUND ( 'NONE', #7141, .T. ) ;
#4495 = VECTOR ( 'NONE', #7334, 1000.000000000000114 ) ;
#4496 = CARTESIAN_POINT ( 'NONE',  ( 9.411469678856802190, -28.50305665159368829, 17.50000000000000000 ) ) ;
#4497 = CARTESIAN_POINT ( 'NONE',  ( -15.91861180829199540, 26.61950033522242265, -17.50000000000000000 ) ) ;
#4498 = DIRECTION ( 'NONE',  ( 1.000000000000000000, 0.000000000000000000, 0.000000000000000000 ) ) ;
#4499 = AXIS2_PLACEMENT_3D ( 'NONE', #332, #4781, #2881 ) ;
#4500 = ADVANCED_FACE ( 'NONE', ( #4734 ), #5351, .F. ) ;
#4501 = ORIENTED_EDGE ( 'NONE', *, *, #6485, .T. ) ;
#4502 = DIRECTION ( 'NONE',  ( -0.000000000000000000, -0.000000000000000000, -1.000000000000000000 ) ) ;
#4503 = LINE ( 'NONE', #1446, #1892 ) ;
#4504 = CARTESIAN_POINT ( 'NONE',  ( 31.96172981786830292, 1.564553306726723214, -17.50000000000000000 ) ) ;
#4505 = LINE ( 'NONE', #102, #1613 ) ;
#4506 = CARTESIAN_POINT ( 'NONE',  ( 28.11978988663912560, -10.64318639934807997, 17.50000000000000000 ) ) ;
#4507 = ORIENTED_EDGE ( 'NONE', *, *, #2411, .T. ) ;
#4508 = ORIENTED_EDGE ( 'NONE', *, *, #3598, .T. ) ;
#4509 = DIRECTION ( 'NONE',  ( 1.000000000000000000, 0.000000000000000000, 0.000000000000000000 ) ) ;
#4510 = DIRECTION ( 'NONE',  ( 1.000000000000000000, 0.000000000000000000, 0.000000000000000000 ) ) ;
#4511 = VERTEX_POINT ( 'NONE', #399 ) ;
#4512 = VERTEX_POINT ( 'NONE', #2258 ) ;
#4513 = DIRECTION ( 'NONE',  ( 0.000000000000000000, 0.000000000000000000, 1.000000000000000000 ) ) ;
#4514 = CARTESIAN_POINT ( 'NONE',  ( 13.25825214724778967, -13.25825214724773993, -28.00000000000000000 ) ) ;
#4515 = DIRECTION ( 'NONE',  ( -0.000000000000000000, -0.000000000000000000, 1.000000000000000000 ) ) ;
#4516 = EDGE_CURVE ( 'NONE', #2149, #3405, #4527, .T. ) ;
#4517 = LINE ( 'NONE', #7663, #8046 ) ;
#4518 = DIRECTION ( 'NONE',  ( 1.000000000000000000, 0.000000000000000000, 0.000000000000000000 ) ) ;
#4519 = VERTEX_POINT ( 'NONE', #4193 ) ;
#4520 = EDGE_CURVE ( 'NONE', #6208, #942, #7291, .T. ) ;
#4521 = VERTEX_POINT ( 'NONE', #6714 ) ;
#4522 = AXIS2_PLACEMENT_3D ( 'NONE', #4753, #7145, #6480 ) ;
#4523 = ORIENTED_EDGE ( 'NONE', *, *, #854, .F. ) ;
#4524 = CARTESIAN_POINT ( 'NONE',  ( -26.04205674597567466, -18.59600173261402745, -17.50000000000000000 ) ) ;
#4525 = ORIENTED_EDGE ( 'NONE', *, *, #7256, .T. ) ;
#4526 = DIRECTION ( 'NONE',  ( 0.7557495743542685940, 0.6548607339452733322, 0.000000000000000000 ) ) ;
#4527 = CIRCLE ( 'NONE', #7693, 2.500000000000000444 ) ;
#4528 = CARTESIAN_POINT ( 'NONE',  ( -31.10784078822863918, -7.503481958012538477, -17.50000000000000000 ) ) ;
#4529 = CARTESIAN_POINT ( 'NONE',  ( 11.19906991447155420, -31.04159842937826141, 17.50000000000000000 ) ) ;
#4530 = EDGE_LOOP ( 'NONE', ( #5766, #2717, #6709, #131 ) ) ;
#4531 = CARTESIAN_POINT ( 'NONE',  ( 28.60046011286014433, 16.46249316879727687, -17.50000000000000000 ) ) ;
#4532 = EDGE_LOOP ( 'NONE', ( #3871, #820, #3527, #2354 ) ) ;
#4533 = CARTESIAN_POINT ( 'NONE',  ( 0.000000000000000000, 0.000000000000000000, 0.000000000000000000 ) ) ;
#4534 = AXIS2_PLACEMENT_3D ( 'NONE', #4949, #1815, #4329 ) ;
#4535 = ORIENTED_EDGE ( 'NONE', *, *, #6261, .T. ) ;
#4536 = DIRECTION ( 'NONE',  ( 0.5406408174556038837, 0.8412535328311772087, 0.000000000000000000 ) ) ;
#4537 = CYLINDRICAL_SURFACE ( 'NONE', #5584, 1.000000000000000888 ) ;
#4538 = CARTESIAN_POINT ( 'NONE',  ( -28.61400686899181167, 11.96823340770429134, -17.50000000000000000 ) ) ;
#4539 = CARTESIAN_POINT ( 'NONE',  ( -29.41001357988148257, -6.249088031960117640, -17.50000000000000000 ) ) ;
#4540 = ADVANCED_FACE ( 'NONE', ( #3538 ), #4150, .F. ) ;
#4541 = ADVANCED_FACE ( 'NONE', ( #903 ), #2448, .F. ) ;
#4542 = CIRCLE ( 'NONE', #6530, 1.000000000000000000 ) ;
#4543 = AXIS2_PLACEMENT_3D ( 'NONE', #8087, #434, #4384 ) ;
#4544 = DIRECTION ( 'NONE',  ( -0.2817325568414169035, 0.9594929736145011434, -0.000000000000000000 ) ) ;
#4545 = ORIENTED_EDGE ( 'NONE', *, *, #7051, .T. ) ;
#4546 = ORIENTED_EDGE ( 'NONE', *, *, #4251, .T. ) ;
#4547 = LINE ( 'NONE', #1417, #6430 ) ;
#4548 = DIRECTION ( 'NONE',  ( 1.000000000000000000, 0.000000000000000000, 0.000000000000000000 ) ) ;
#4549 = CIRCLE ( 'NONE', #4164, 33.00000000000000711 ) ;
#4550 = CIRCLE ( 'NONE', #4693, 22.50000000000000355 ) ;
#4551 = ORIENTED_EDGE ( 'NONE', *, *, #6035, .F. ) ;
#4552 = ORIENTED_EDGE ( 'NONE', *, *, #3259, .T. ) ;
#4553 = CLOSED_SHELL ( 'NONE', ( #3479, #4838, #479, #5711, #652, #6193, #7875, #1400, #1174, #491, #6990, #5127, #272, #7454, #442, #1740, #4356, #1399, #4069, #2637, #4323, #1585, #1754, #6515, #6985, #6623, #3551, #3136, #4340, #725, #3407, #4273, #6297, #6400, #1657, #271, #6514, #1701, #6477, #7703, #1482, #2050, #2709, #7553, #5427, #675, #630, #4065, #6151, #1152, #3218, #931, #1686, #4741, #3962, #6603, #6774, #1628, #5994, #6938, #5545, #7119, #5683, #1098, #2664, #1498, #4131, #8026, #224, #2905, #6747, #4199, #1428, #2598, #1059, #6040, #5864, #3919, #2346, #2735, #6798, #8119, #4980, #5885, #1474, #4149, #4000, #3126, #7868, #5025, #1879, #4656, #6963, #1629, #3756, #7154, #7608, #162, #6895, #2836, #7414, #6092, #6363, #727, #1751, #1210, #8048, #7747, #3714, #7929, #1344, #4664, #5571, #6165, #7246, #4086, #6579, #2617, #1757, #5389, #6877, #1349, #4986, #2835, #7895, #4410, #163, #2372, #2623, #3192, #2289, #206, #7656, #3458, #3878, #6756, #6233, #7120, #6197, #8053, #1900, #7308, #6262, #5969, #3757, #4500, #2460, #3832, #5174, #4927, #6068, #5482, #5772, #5791, #8128, #5556, #1776, #3529, #3107, #2304, #4049, #7378, #7231, #5495, #900, #4254, #4936, #5271, #1852, #2266, #6724, #7345, #5386, #5756, #5937, #4182, #696, #3695, #4786, #6809, #767, #5237, #6029, #4706, #917, #3823, #4431, #5561, #4378, #1088, #3982, #1389, #828, #5052, #2976, #4920, #1191, #3523, #1130, #5110, #5259, #5011, #5191, #3167, #5778, #4198, #6304, #1938, #2604, #4737, #7285, #6017, #7684, #6901, #1963, #4682, #4420, #6018, #4451, #4577, #3336, #1005, #896, #4540, #2853, #1475, #2514, #7451, #6492, #135, #420, #3028, #6979, #4541, #7759, #592, #310, #6697, #6175, #5842, #6327, #2357, #5757, #2007, #5210, #7727, #1529, #1730, #4707 ) ) ;
#4554 = AXIS2_PLACEMENT_3D ( 'NONE', #8102, #3123, #7374 ) ;
#4555 = CIRCLE ( 'NONE', #5621, 1.000000000000000888 ) ;
#4556 = CYLINDRICAL_SURFACE ( 'NONE', #5382, 1.000000000000000000 ) ;
#4557 = DIRECTION ( 'NONE',  ( -0.8571673007021118895, 1.049727191138618079E-16, 0.5150380749100549327 ) ) ;
#4558 = DIRECTION ( 'NONE',  ( 0.000000000000000000, 0.000000000000000000, 1.000000000000000000 ) ) ;
#4559 = FACE_OUTER_BOUND ( 'NONE', #6376, .T. ) ;
#4560 = EDGE_CURVE ( 'NONE', #2612, #6147, #321, .T. ) ;
#4561 = AXIS2_PLACEMENT_3D ( 'NONE', #6637, #2268, #202 ) ;
#4562 = CARTESIAN_POINT ( 'NONE',  ( 22.11289234230335055, -23.13049917874024075, 17.50000000000000000 ) ) ;
#4563 = ORIENTED_EDGE ( 'NONE', *, *, #7179, .F. ) ;
#4564 = VERTEX_POINT ( 'NONE', #7249 ) ;
#4565 = CIRCLE ( 'NONE', #5100, 1.000000000000000888 ) ;
#4566 = EDGE_CURVE ( 'NONE', #975, #6744, #7455, .T. ) ;
#4567 = LINE ( 'NONE', #1187, #5619 ) ;
#4568 = CARTESIAN_POINT ( 'NONE',  ( -15.15994234640426797, 29.31170667248325756, -17.50000000000000000 ) ) ;
#4569 = ORIENTED_EDGE ( 'NONE', *, *, #71, .T. ) ;
#4570 = DIRECTION ( 'NONE',  ( -0.5406408174555803470, 0.8412535328311923077, 0.000000000000000000 ) ) ;
#4571 = EDGE_CURVE ( 'NONE', #3943, #3797, #5433, .T. ) ;
#4572 = DIRECTION ( 'NONE',  ( -0.000000000000000000, -0.000000000000000000, -1.000000000000000000 ) ) ;
#4573 = ORIENTED_EDGE ( 'NONE', *, *, #6287, .T. ) ;
#4574 =( NAMED_UNIT ( * ) SI_UNIT ( $, .STERADIAN. ) SOLID_ANGLE_UNIT ( ) );
#4575 = VERTEX_POINT ( 'NONE', #4028 ) ;
#4576 = SHAPE_DEFINITION_REPRESENTATION ( #7915, #3440 ) ;
#4577 = ADVANCED_FACE ( 'NONE', ( #3416 ), #279, .F. ) ;
#4578 = VERTEX_POINT ( 'NONE', #3460 ) ;
#4579 = ORIENTED_EDGE ( 'NONE', *, *, #1673, .F. ) ;
#4580 = DIRECTION ( 'NONE',  ( -0.5406408174555898949, 0.8412535328311860905, -0.000000000000000000 ) ) ;
#4581 = CARTESIAN_POINT ( 'NONE',  ( 27.70437487363763651, 11.55281839470162097, -17.50000000000000000 ) ) ;
#4582 = CARTESIAN_POINT ( 'NONE',  ( 0.000000000000000000, 0.000000000000000000, 17.50000000000000000 ) ) ;
#4583 = DIRECTION ( 'NONE',  ( -0.9594929736144933718, 0.2817325568414433823, -0.000000000000000000 ) ) ;
#4584 = LINE ( 'NONE', #1452, #5884 ) ;
#4585 = EDGE_CURVE ( 'NONE', #1541, #1444, #7721, .T. ) ;
#4586 = CIRCLE ( 'NONE', #7754, 1.000000000000000888 ) ;
#4587 = DIRECTION ( 'NONE',  ( 1.000000000000000000, 8.673617379884057166E-16, 0.000000000000000000 ) ) ;
#4588 = EDGE_LOOP ( 'NONE', ( #4782, #5167, #1520, #3414 ) ) ;
#4589 = AXIS2_PLACEMENT_3D ( 'NONE', #4140, #4918, #6786 ) ;
#4590 = ORIENTED_EDGE ( 'NONE', *, *, #5820, .T. ) ;
#4591 = FACE_OUTER_BOUND ( 'NONE', #2923, .T. ) ;
#4592 = DIRECTION ( 'NONE',  ( 1.000000000000000000, -3.469446951953611033E-15, 0.000000000000000000 ) ) ;
#4593 = VERTEX_POINT ( 'NONE', #4350 ) ;
#4594 = ORIENTED_EDGE ( 'NONE', *, *, #524, .F. ) ;
#4595 = EDGE_LOOP ( 'NONE', ( #6351, #4389, #2214, #6387 ) ) ;
#4596 = EDGE_CURVE ( 'NONE', #7518, #822, #4291, .T. ) ;
#4597 = DIRECTION ( 'NONE',  ( 1.000000000000000000, 0.000000000000000000, 0.000000000000000000 ) ) ;
#4598 = LINE ( 'NONE', #7004, #6506 ) ;
#4599 = FACE_OUTER_BOUND ( 'NONE', #3701, .T. ) ;
#4600 = CARTESIAN_POINT ( 'NONE',  ( -31.17084050580891486, 10.83414519754202310, -17.50000000000000000 ) ) ;
#4601 = EDGE_CURVE ( 'NONE', #2808, #1415, #3076, .T. ) ;
#4602 = DIRECTION ( 'NONE',  ( 0.000000000000000000, 0.000000000000000000, 1.000000000000000000 ) ) ;
#4603 = ORIENTED_EDGE ( 'NONE', *, *, #4822, .F. ) ;
#4604 = ORIENTED_EDGE ( 'NONE', *, *, #3819, .F. ) ;
#4605 = ORIENTED_EDGE ( 'NONE', *, *, #567, .T. ) ;
#4606 = DIRECTION ( 'NONE',  ( 0.000000000000000000, 0.000000000000000000, 1.000000000000000000 ) ) ;
#4607 = ORIENTED_EDGE ( 'NONE', *, *, #1353, .T. ) ;
#4608 = CARTESIAN_POINT ( 'NONE',  ( 15.91861180829275746, 26.61950033522196435, 17.50000000000000000 ) ) ;
#4609 = AXIS2_PLACEMENT_3D ( 'NONE', #4504, #4054, #1493 ) ;
#4610 = VECTOR ( 'NONE', #6218, 1000.000000000000000 ) ;
#4611 = DIRECTION ( 'NONE',  ( 1.000000000000000000, 0.000000000000000000, 0.000000000000000000 ) ) ;
#4612 = EDGE_CURVE ( 'NONE', #6610, #4888, #86, .T. ) ;
#4613 = CARTESIAN_POINT ( 'NONE',  ( 0.000000000000000000, 0.000000000000000000, -18.50000000000000711 ) ) ;
#4614 = CIRCLE ( 'NONE', #799, 33.00000000000001421 ) ;
#4615 = EDGE_LOOP ( 'NONE', ( #3576, #5107, #3125, #4579 ) ) ;
#4616 = DIRECTION ( 'NONE',  ( 1.000000000000000000, 0.000000000000000000, 0.000000000000000000 ) ) ;
#4617 = AXIS2_PLACEMENT_3D ( 'NONE', #6981, #1324, #6385 ) ;
#4618 = EDGE_LOOP ( 'NONE', ( #299, #1593, #7872, #2819 ) ) ;
#4619 = EDGE_LOOP ( 'NONE', ( #2531, #6912, #5806, #7866 ) ) ;
#4620 = AXIS2_PLACEMENT_3D ( 'NONE', #298, #1039, #2845 ) ;
#4621 = EDGE_LOOP ( 'NONE', ( #1443, #35, #1631, #6685 ) ) ;
#4622 = FACE_OUTER_BOUND ( 'NONE', #4740, .T. ) ;
#4623 = DIRECTION ( 'NONE',  ( -0.7557495743542457234, 0.6548607339452995335, 0.000000000000000000 ) ) ;
#4624 = CARTESIAN_POINT ( 'NONE',  ( 29.81085456838889058, 11.41546976266715241, -17.50000000000000000 ) ) ;
#4625 = CIRCLE ( 'NONE', #289, 33.00000000000001421 ) ;
#4626 = EDGE_CURVE ( 'NONE', #6765, #4224, #5741, .T. ) ;
#4627 = DIRECTION ( 'NONE',  ( 0.000000000000000000, 0.000000000000000000, 1.000000000000000000 ) ) ;
#4628 = CARTESIAN_POINT ( 'NONE',  ( 15.75825214724779144, 13.25825214724773993, -40.00000000000000000 ) ) ;
#4629 = EDGE_CURVE ( 'NONE', #45, #7118, #1013, .T. ) ;
#4630 = CARTESIAN_POINT ( 'NONE',  ( 6.774216288470253922, 30.02601473889074057, -17.50000000000000000 ) ) ;
#4631 = ORIENTED_EDGE ( 'NONE', *, *, #6650, .T. ) ;
#4632 = DIRECTION ( 'NONE',  ( 0.9096319953545253245, 0.4154150130018713361, 0.000000000000000000 ) ) ;
#4633 = ORIENTED_EDGE ( 'NONE', *, *, #1986, .F. ) ;
#4634 = VECTOR ( 'NONE', #6897, 1000.000000000000000 ) ;
#4635 = CARTESIAN_POINT ( 'NONE',  ( -18.90681781824548224, -25.72026904967511740, 17.50000000000000000 ) ) ;
#4636 = DIRECTION ( 'NONE',  ( -1.000000000000000000, 0.000000000000000000, 0.000000000000000000 ) ) ;
#4637 = VECTOR ( 'NONE', #6989, 1000.000000000000000 ) ;
#4638 = ORIENTED_EDGE ( 'NONE', *, *, #6337, .F. ) ;
#4639 = ORIENTED_EDGE ( 'NONE', *, *, #967, .F. ) ;
#4640 = ORIENTED_EDGE ( 'NONE', *, *, #3088, .F. ) ;
#4641 = CARTESIAN_POINT ( 'NONE',  ( 11.19906991447264133, 31.04159842937787417, -17.50000000000000000 ) ) ;
#4642 = PLANE ( 'NONE',  #5989 ) ;
#4643 = LINE ( 'NONE', #5393, #5068 ) ;
#4644 = CARTESIAN_POINT ( 'NONE',  ( 21.77337607103705963, 21.05643232665773468, -17.50000000000000000 ) ) ;
#4645 = CYLINDRICAL_SURFACE ( 'NONE', #2851, 1.000000000000000888 ) ;
#4646 = ORIENTED_EDGE ( 'NONE', *, *, #6337, .T. ) ;
#4647 = ORIENTED_EDGE ( 'NONE', *, *, #7860, .T. ) ;
#4648 = EDGE_CURVE ( 'NONE', #7545, #3289, #4550, .T. ) ;
#4649 = EDGE_CURVE ( 'NONE', #2265, #4454, #1880, .T. ) ;
#4650 = ORIENTED_EDGE ( 'NONE', *, *, #7431, .T. ) ;
#4651 = CARTESIAN_POINT ( 'NONE',  ( 13.25825214724778967, 13.25825214724773993, -40.00000000000000000 ) ) ;
#4652 = ORIENTED_EDGE ( 'NONE', *, *, #7578, .T. ) ;
#4653 = FACE_OUTER_BOUND ( 'NONE', #4615, .T. ) ;
#4654 = DIRECTION ( 'NONE',  ( -0.000000000000000000, -0.000000000000000000, -1.000000000000000000 ) ) ;
#4655 = LINE ( 'NONE', #1038, #2779 ) ;
#4656 = ADVANCED_FACE ( 'NONE', ( #1189 ), #8060, .T. ) ;
#4657 = DIRECTION ( 'NONE',  ( 1.000000000000000000, -8.673617379884027583E-16, 0.000000000000000000 ) ) ;
#4658 = ORIENTED_EDGE ( 'NONE', *, *, #1416, .F. ) ;
#4659 = CIRCLE ( 'NONE', #1637, 1.000000000000000888 ) ;
#4660 = DIRECTION ( 'NONE',  ( -0.8412535328311732119, 0.5406408174556098789, 0.000000000000000000 ) ) ;
#4661 = ORIENTED_EDGE ( 'NONE', *, *, #506, .T. ) ;
#4662 = LINE ( 'NONE', #5909, #1131 ) ;
#4663 = ORIENTED_EDGE ( 'NONE', *, *, #1252, .F. ) ;
#4664 = ADVANCED_FACE ( 'NONE', ( #3696 ), #6919, .T. ) ;
#4665 = AXIS2_PLACEMENT_3D ( 'NONE', #983, #5392, #7940 ) ;
#4666 = AXIS2_PLACEMENT_3D ( 'NONE', #461, #505, #3019 ) ;
#4667 = DIRECTION ( 'NONE',  ( -1.000000000000000000, 0.000000000000000000, 0.000000000000000000 ) ) ;
#4668 = LINE ( 'NONE', #4132, #4922 ) ;
#4669 = FACE_OUTER_BOUND ( 'NONE', #5479, .T. ) ;
#4670 = EDGE_CURVE ( 'NONE', #1829, #5418, #738, .T. ) ;
#4671 = CARTESIAN_POINT ( 'NONE',  ( -10.37096265247149951, 28.22132409475220527, -17.50000000000000000 ) ) ;
#4672 = AXIS2_PLACEMENT_3D ( 'NONE', #2314, #7182, #1003 ) ;
#4673 = CARTESIAN_POINT ( 'NONE',  ( -10.75825214724779322, -13.25825214724773993, -28.00000000000000000 ) ) ;
#4674 = CIRCLE ( 'NONE', #5465, 33.00000000000001421 ) ;
#4675 = EDGE_CURVE ( 'NONE', #7629, #3467, #1834, .T. ) ;
#4676 = CYLINDRICAL_SURFACE ( 'NONE', #8124, 1.000000000000000888 ) ;
#4677 = ORIENTED_EDGE ( 'NONE', *, *, #5097, .F. ) ;
#4678 = CARTESIAN_POINT ( 'NONE',  ( 1.999999999999999556, 31.85906464414798478, -17.50000000000000000 ) ) ;
#4679 = ORIENTED_EDGE ( 'NONE', *, *, #5701, .F. ) ;
#4680 = CARTESIAN_POINT ( 'NONE',  ( -22.80392022800048579, 23.85332727807571374, 17.50000000000000000 ) ) ;
#4681 = CYLINDRICAL_SURFACE ( 'NONE', #7191, 1.000000000000000888 ) ;
#4682 = ADVANCED_FACE ( 'NONE', ( #3657 ), #3159, .F. ) ;
#4683 = AXIS2_PLACEMENT_3D ( 'NONE', #2479, #4994, #1865 ) ;
#4684 = VERTEX_POINT ( 'NONE', #1227 ) ;
#4685 = ORIENTED_EDGE ( 'NONE', *, *, #4478, .T. ) ;
#4686 = VECTOR ( 'NONE', #7854, 1000.000000000000114 ) ;
#4687 = ORIENTED_EDGE ( 'NONE', *, *, #4174, .F. ) ;
#4688 = EDGE_CURVE ( 'NONE', #2146, #2654, #5353, .T. ) ;
#4689 = CIRCLE ( 'NONE', #1922, 1.000000000000000888 ) ;
#4690 = DIRECTION ( 'NONE',  ( 0.000000000000000000, 0.000000000000000000, -1.000000000000000000 ) ) ;
#4691 = DIRECTION ( 'NONE',  ( -0.000000000000000000, -0.000000000000000000, 1.000000000000000000 ) ) ;
#4692 = DIRECTION ( 'NONE',  ( -0.000000000000000000, -0.000000000000000000, -1.000000000000000000 ) ) ;
#4693 = AXIS2_PLACEMENT_3D ( 'NONE', #7531, #565, #8098 ) ;
#4694 = CARTESIAN_POINT ( 'NONE',  ( -29.81085456838881953, -11.41546976266735314, -17.50000000000000000 ) ) ;
#4695 = AXIS2_PLACEMENT_3D ( 'NONE', #2232, #3472, #295 ) ;
#4696 = CIRCLE ( 'NONE', #2326, 1.000000000000000888 ) ;
#4697 = CARTESIAN_POINT ( 'NONE',  ( -18.44237240678555878, 24.99757788285565496, -17.50000000000000000 ) ) ;
#4698 = VERTEX_POINT ( 'NONE', #4890 ) ;
#4699 = ORIENTED_EDGE ( 'NONE', *, *, #5738, .T. ) ;
#4700 = ORIENTED_EDGE ( 'NONE', *, *, #5467, .T. ) ;
#4701 = CARTESIAN_POINT ( 'NONE',  ( 0.000000000000000000, 0.000000000000000000, -17.50000000000000000 ) ) ;
#4702 = EDGE_LOOP ( 'NONE', ( #3570, #8057, #1890, #6563 ) ) ;
#4703 = CARTESIAN_POINT ( 'NONE',  ( 0.000000000000000000, 0.000000000000000000, 40.00000000000000000 ) ) ;
#4704 = AXIS2_PLACEMENT_3D ( 'NONE', #1066, #5559, #1684 ) ;
#4705 = DIRECTION ( 'NONE',  ( 0.000000000000000000, 0.000000000000000000, 1.000000000000000000 ) ) ;
#4706 = ADVANCED_FACE ( 'NONE', ( #6248 ), #6293, .F. ) ;
#4707 = ADVANCED_FACE ( 'NONE', ( #6758 ), #4269, .F. ) ;
#4708 = DIRECTION ( 'NONE',  ( -0.000000000000000000, -0.000000000000000000, 1.000000000000000000 ) ) ;
#4709 = DIRECTION ( 'NONE',  ( -0.000000000000000000, -0.000000000000000000, -1.000000000000000000 ) ) ;
#4710 = ORIENTED_EDGE ( 'NONE', *, *, #610, .T. ) ;
#4711 = DIRECTION ( 'NONE',  ( 1.000000000000000000, 0.000000000000000000, 0.000000000000000000 ) ) ;
#4712 = VERTEX_POINT ( 'NONE', #1799 ) ;
#4713 = ORIENTED_EDGE ( 'NONE', *, *, #7427, .T. ) ;
#4714 = AXIS2_PLACEMENT_3D ( 'NONE', #5128, #2572, #2533 ) ;
#4715 = DIRECTION ( 'NONE',  ( -0.4154150130018983145, -0.9096319953545128900, 0.000000000000000000 ) ) ;
#4716 = EDGE_CURVE ( 'NONE', #4078, #5388, #1535, .T. ) ;
#4717 = CARTESIAN_POINT ( 'NONE',  ( 23.32734796457333815, 18.89007244400392338, -17.50000000000000000 ) ) ;
#4718 = CARTESIAN_POINT ( 'NONE',  ( -7.492483731628627908, -29.06652176527628839, -17.50000000000000000 ) ) ;
#4719 = VECTOR ( 'NONE', #5797, 1000.000000000000000 ) ;
#4720 = DIRECTION ( 'NONE',  ( -0.000000000000000000, -0.000000000000000000, 1.000000000000000000 ) ) ;
#4721 = LINE ( 'NONE', #7315, #911 ) ;
#4722 = VERTEX_POINT ( 'NONE', #182 ) ;
#4723 = ORIENTED_EDGE ( 'NONE', *, *, #4108, .F. ) ;
#4724 = DIRECTION ( 'NONE',  ( 0.6548607339452938714, 0.7557495743542507194, 0.000000000000000000 ) ) ;
#4725 = FACE_OUTER_BOUND ( 'NONE', #6666, .T. ) ;
#4726 = VECTOR ( 'NONE', #7898, 1000.000000000000341 ) ;
#4727 = AXIS2_PLACEMENT_3D ( 'NONE', #4914, #1251, #6194 ) ;
#4728 = VERTEX_POINT ( 'NONE', #6444 ) ;
#4729 = EDGE_CURVE ( 'NONE', #7996, #8, #2982, .T. ) ;
#4730 = EDGE_LOOP ( 'NONE', ( #836, #6522, #4048, #6928 ) ) ;
#4731 = EDGE_LOOP ( 'NONE', ( #6026, #1221, #7584, #5123 ) ) ;
#4732 = VECTOR ( 'NONE', #3263, 1000.000000000000000 ) ;
#4733 = DIRECTION ( 'NONE',  ( -0.000000000000000000, -0.000000000000000000, -1.000000000000000000 ) ) ;
#4734 = FACE_OUTER_BOUND ( 'NONE', #3032, .T. ) ;
#4735 = CARTESIAN_POINT ( 'NONE',  ( 29.02942188199363827, -11.05860141234998473, -17.50000000000000000 ) ) ;
#4736 = LINE ( 'NONE', #1561, #3182 ) ;
#4737 = ADVANCED_FACE ( 'NONE', ( #3860 ), #3199, .T. ) ;
#4738 = DIRECTION ( 'NONE',  ( 0.000000000000000000, 0.000000000000000000, 1.000000000000000000 ) ) ;
#4739 = ORIENTED_EDGE ( 'NONE', *, *, #1165, .F. ) ;
#4740 = EDGE_LOOP ( 'NONE', ( #6885, #3035, #7838, #474 ) ) ;
#4741 = ADVANCED_FACE ( 'NONE', ( #3319 ), #850, .T. ) ;
#4742 = ORIENTED_EDGE ( 'NONE', *, *, #287, .F. ) ;
#4743 = CARTESIAN_POINT ( 'NONE',  ( -29.13184589196634633, 15.50275959068977194, 17.50000000000000000 ) ) ;
#4744 = ORIENTED_EDGE ( 'NONE', *, *, #4904, .T. ) ;
#4745 = PLANE ( 'NONE',  #856 ) ;
#4746 = LINE ( 'NONE', #1611, #5880 ) ;
#4747 = PLANE ( 'NONE',  #6608 ) ;
#4748 = CARTESIAN_POINT ( 'NONE',  ( 13.25825214724778611, -13.25825214724773993, -26.49784845243109999 ) ) ;
#4749 = ORIENTED_EDGE ( 'NONE', *, *, #4910, .T. ) ;
#4750 = CARTESIAN_POINT ( 'NONE',  ( -6.287796095551045461, 32.39542591571800756, -17.50000000000000000 ) ) ;
#4751 = ORIENTED_EDGE ( 'NONE', *, *, #881, .T. ) ;
#4752 = ORIENTED_EDGE ( 'NONE', *, *, #1994, .T. ) ;
#4753 = CARTESIAN_POINT ( 'NONE',  ( -30.82677953658216197, 3.421938544591244025, -17.50000000000000000 ) ) ;
#4754 = CARTESIAN_POINT ( 'NONE',  ( 26.87354484763341489, -13.37208238541161265, -17.50000000000000000 ) ) ;
#4755 = VECTOR ( 'NONE', #7925, 1000.000000000000000 ) ;
#4756 = CARTESIAN_POINT ( 'NONE',  ( -26.20361227996020759, 20.05918003013879769, -17.50000000000000000 ) ) ;
#4757 = CARTESIAN_POINT ( 'NONE',  ( -24.73795827287234061, 18.78918360359562456, -17.50000000000000000 ) ) ;
#4758 = PRODUCT_RELATED_PRODUCT_CATEGORY ( 'part', '', ( #943 ) ) ;
#4759 = AXIS2_PLACEMENT_3D ( 'NONE', #5538, #7552, #4255 ) ;
#4760 = ORIENTED_EDGE ( 'NONE', *, *, #5540, .F. ) ;
#4761 = VECTOR ( 'NONE', #1248, 1000.000000000000000 ) ;
#4762 = ORIENTED_EDGE ( 'NONE', *, *, #3466, .T. ) ;
#4763 = DIRECTION ( 'NONE',  ( 1.000000000000000000, 0.000000000000000000, 0.000000000000000000 ) ) ;
#4764 = PLANE ( 'NONE',  #80 ) ;
#4765 = CIRCLE ( 'NONE', #1211, 33.00000000000001421 ) ;
#4766 = VERTEX_POINT ( 'NONE', #1307 ) ;
#4767 = EDGE_CURVE ( 'NONE', #7803, #6086, #1924, .T. ) ;
#4768 = VECTOR ( 'NONE', #5139, 1000.000000000000000 ) ;
#4769 = EDGE_LOOP ( 'NONE', ( #667, #3946, #128, #1340 ) ) ;
#4770 = VERTEX_POINT ( 'NONE', #7689 ) ;
#4771 = CIRCLE ( 'NONE', #5695, 0.9999999999999974465 ) ;
#4772 = CYLINDRICAL_SURFACE ( 'NONE', #3270, 1.000000000000000888 ) ;
#4773 = CARTESIAN_POINT ( 'NONE',  ( 13.25825214724778967, 13.25825214724773993, -40.00000000000000000 ) ) ;
#4774 = CARTESIAN_POINT ( 'NONE',  ( -23.58416934417953570, -23.08217832755529386, 17.50000000000000000 ) ) ;
#4775 = DIRECTION ( 'NONE',  ( 0.4154150130018777753, -0.9096319953545222159, -0.000000000000000000 ) ) ;
#4776 = EDGE_CURVE ( 'NONE', #4442, #2449, #806, .T. ) ;
#4777 = CARTESIAN_POINT ( 'NONE',  ( 30.54214986003552923, -5.401581428353319225, -17.50000000000000000 ) ) ;
#4778 = ORIENTED_EDGE ( 'NONE', *, *, #1069, .F. ) ;
#4779 = DIRECTION ( 'NONE',  ( 0.000000000000000000, 0.000000000000000000, 1.000000000000000000 ) ) ;
#4780 = EDGE_CURVE ( 'NONE', #5129, #1904, #478, .T. ) ;
#4781 = DIRECTION ( 'NONE',  ( 0.000000000000000000, 0.000000000000000000, 1.000000000000000000 ) ) ;
#4782 = ORIENTED_EDGE ( 'NONE', *, *, #7313, .F. ) ;
#4783 = DIRECTION ( 'NONE',  ( 4.426311385549866305E-16, 1.000000000000000000, -0.000000000000000000 ) ) ;
#4784 = LINE ( 'NONE', #871, #7593 ) ;
#4785 = CYLINDRICAL_SURFACE ( 'NONE', #5549, 0.9999999999999991118 ) ;
#4786 = ADVANCED_FACE ( 'NONE', ( #2576 ), #143, .T. ) ;
#4787 = FACE_OUTER_BOUND ( 'NONE', #6296, .T. ) ;
#4788 = ORIENTED_EDGE ( 'NONE', *, *, #5295, .F. ) ;
#4789 = CARTESIAN_POINT ( 'NONE',  ( 0.000000000000000000, 0.000000000000000000, -17.50000000000000000 ) ) ;
#4790 = ORIENTED_EDGE ( 'NONE', *, *, #1877, .T. ) ;
#4791 = CARTESIAN_POINT ( 'NONE',  ( 28.73377950337897957, -15.96362973944075137, 17.50000000000000000 ) ) ;
#4792 = CARTESIAN_POINT ( 'NONE',  ( -10.75825214724779144, 13.25825214724773993, 40.00000000000000000 ) ) ;
#4793 = VECTOR ( 'NONE', #6952, 1000.000000000000000 ) ;
#4794 = AXIS2_PLACEMENT_3D ( 'NONE', #6088, #523, #7983 ) ;
#4795 = CARTESIAN_POINT ( 'NONE',  ( 30.96909437485552630, 2.432117102709453249, -17.50000000000000000 ) ) ;
#4796 = DIRECTION ( 'NONE',  ( 0.000000000000000000, -0.000000000000000000, -1.000000000000000000 ) ) ;
#4797 = AXIS2_PLACEMENT_3D ( 'NONE', #7541, #1886, #5137 ) ;
#4798 = AXIS2_PLACEMENT_3D ( 'NONE', #227, #8038, #5498 ) ;
#4799 = ORIENTED_EDGE ( 'NONE', *, *, #360, .F. ) ;
#4800 = EDGE_LOOP ( 'NONE', ( #642, #3861, #6707, #8105 ) ) ;
#4801 = FACE_OUTER_BOUND ( 'NONE', #1138, .T. ) ;
#4802 = DIRECTION ( 'NONE',  ( -0.000000000000000000, -0.000000000000000000, 1.000000000000000000 ) ) ;
#4803 = CIRCLE ( 'NONE', #2563, 33.00000000000001421 ) ;
#4804 = EDGE_CURVE ( 'NONE', #1972, #3758, #733, .T. ) ;
#4805 = EDGE_CURVE ( 'NONE', #5111, #7280, #7113, .T. ) ;
#4806 = AXIS2_PLACEMENT_3D ( 'NONE', #5941, #3947, #1358 ) ;
#4807 = VERTEX_POINT ( 'NONE', #6326 ) ;
#4808 = ORIENTED_EDGE ( 'NONE', *, *, #3819, .T. ) ;
#4809 = ORIENTED_EDGE ( 'NONE', *, *, #3375, .F. ) ;
#4810 = ORIENTED_EDGE ( 'NONE', *, *, #5523, .T. ) ;
#4811 = LINE ( 'NONE', #5553, #5456 ) ;
#4812 = DIRECTION ( 'NONE',  ( 1.000000000000000000, 0.000000000000000000, 0.000000000000000000 ) ) ;
#4813 = VECTOR ( 'NONE', #5103, 1000.000000000000000 ) ;
#4814 = DIRECTION ( 'NONE',  ( 0.000000000000000000, 0.000000000000000000, 1.000000000000000000 ) ) ;
#4815 = CYLINDRICAL_SURFACE ( 'NONE', #2786, 1.000000000000000888 ) ;
#4816 = CARTESIAN_POINT ( 'NONE',  ( 7.056749793542577365, -31.13201378567307032, -17.50000000000000000 ) ) ;
#4817 = ORIENTED_EDGE ( 'NONE', *, *, #3451, .T. ) ;
#4818 = AXIS2_PLACEMENT_3D ( 'NONE', #7283, #390, #6537 ) ;
#4819 = DIRECTION ( 'NONE',  ( 0.000000000000000000, 0.000000000000000000, 1.000000000000000000 ) ) ;
#4820 = ORIENTED_EDGE ( 'NONE', *, *, #6854, .F. ) ;
#4821 = FACE_OUTER_BOUND ( 'NONE', #3027, .T. ) ;
#4822 = EDGE_CURVE ( 'NONE', #3990, #3942, #2323, .T. ) ;
#4823 = DIRECTION ( 'NONE',  ( 1.000000000000000000, 0.000000000000000000, 0.000000000000000000 ) ) ;
#4824 = CIRCLE ( 'NONE', #1144, 1.000000000000000000 ) ;
#4825 = CIRCLE ( 'NONE', #2451, 1.000000000000000888 ) ;
#4826 = DIRECTION ( 'NONE',  ( 0.000000000000000000, 0.000000000000000000, 1.000000000000000000 ) ) ;
#4827 = DIRECTION ( 'NONE',  ( -1.000000000000000000, 0.000000000000000000, 0.000000000000000000 ) ) ;
#4828 = VERTEX_POINT ( 'NONE', #3931 ) ;
#4829 = EDGE_CURVE ( 'NONE', #6644, #7936, #1460, .T. ) ;
#4830 = CARTESIAN_POINT ( 'NONE',  ( 15.75825214724778789, 13.25825214724773993, 28.00000000000000000 ) ) ;
#4831 = ORIENTED_EDGE ( 'NONE', *, *, #5786, .T. ) ;
#4832 = CIRCLE ( 'NONE', #6946, 1.000000000000000888 ) ;
#4833 = CYLINDRICAL_SURFACE ( 'NONE', #1090, 2.500000000000000444 ) ;
#4834 = DIRECTION ( 'NONE',  ( 1.000000000000000000, 0.000000000000000000, 0.000000000000000000 ) ) ;
#4835 = CARTESIAN_POINT ( 'NONE',  ( 9.693202235698212377, -29.46254962520819021, 17.50000000000000000 ) ) ;
#4836 = DIRECTION ( 'NONE',  ( 0.9096319953545141113, -0.4154150130018957610, 0.000000000000000000 ) ) ;
#4837 = CARTESIAN_POINT ( 'NONE',  ( -7.056749793543467320, -31.13201378567287136, -17.50000000000000000 ) ) ;
#4838 = ADVANCED_FACE ( 'NONE', ( #688 ), #7713, .F. ) ;
#4839 = AXIS2_PLACEMENT_3D ( 'NONE', #4524, #3291, #6464 ) ;
#4840 = DIRECTION ( 'NONE',  ( 1.000000000000000000, 0.000000000000000000, 0.000000000000000000 ) ) ;
#4841 = VECTOR ( 'NONE', #889, 1000.000000000000000 ) ;
#4842 = ORIENTED_EDGE ( 'NONE', *, *, #2199, .T. ) ;
#4843 = EDGE_LOOP ( 'NONE', ( #3610, #316, #198, #1320 ) ) ;
#4844 = FACE_OUTER_BOUND ( 'NONE', #3838, .T. ) ;
#4845 = CARTESIAN_POINT ( 'NONE',  ( 19.74807135107595357, -25.17962823222007884, -17.50000000000000000 ) ) ;
#4846 = EDGE_CURVE ( 'NONE', #2100, #98, #5348, .T. ) ;
#4847 = ORIENTED_EDGE ( 'NONE', *, *, #3375, .T. ) ;
#4848 = EDGE_LOOP ( 'NONE', ( #3156, #2785, #7157, #5998 ) ) ;
#4849 = ORIENTED_EDGE ( 'NONE', *, *, #294, .T. ) ;
#4850 = ORIENTED_EDGE ( 'NONE', *, *, #7743, .T. ) ;
#4851 = DIRECTION ( 'NONE',  ( -0.000000000000000000, 0.000000000000000000, -1.000000000000000000 ) ) ;
#4852 = DIRECTION ( 'NONE',  ( 0.000000000000000000, 0.000000000000000000, -1.000000000000000000 ) ) ;
#4853 = FACE_OUTER_BOUND ( 'NONE', #1579, .T. ) ;
#4854 = CIRCLE ( 'NONE', #4727, 33.00000000000001421 ) ;
#4855 = DIRECTION ( 'NONE',  ( 0.000000000000000000, 0.000000000000000000, 1.000000000000000000 ) ) ;
#4856 = LINE ( 'NONE', #6177, #7598 ) ;
#4857 = ORIENTED_EDGE ( 'NONE', *, *, #7974, .T. ) ;
#4858 = AXIS2_PLACEMENT_3D ( 'NONE', #6728, #7879, #301 ) ;
#4859 = EDGE_CURVE ( 'NONE', #6420, #4235, #5753, .T. ) ;
#4860 = PLANE ( 'NONE',  #5408 ) ;
#4861 = ORIENTED_EDGE ( 'NONE', *, *, #1147, .F. ) ;
#4862 = FACE_OUTER_BOUND ( 'NONE', #1079, .T. ) ;
#4863 = EDGE_CURVE ( 'NONE', #6037, #4228, #2619, .T. ) ;
#4864 = DIRECTION ( 'NONE',  ( 0.7557495743542689270, 0.6548607339452727771, -0.000000000000000000 ) ) ;
#4865 = AXIS2_PLACEMENT_3D ( 'NONE', #6704, #1709, #6000 ) ;
#4866 = DIRECTION ( 'NONE',  ( 0.000000000000000000, 0.000000000000000000, -1.000000000000000000 ) ) ;
#4867 = PLANE ( 'NONE',  #7523 ) ;
#4868 = ORIENTED_EDGE ( 'NONE', *, *, #277, .F. ) ;
#4869 = CYLINDRICAL_SURFACE ( 'NONE', #5722, 0.9999999999999974465 ) ;
#4870 = VERTEX_POINT ( 'NONE', #7652 ) ;
#4871 = DIRECTION ( 'NONE',  ( 0.2817325568414180137, -0.9594929736145009214, 0.000000000000000000 ) ) ;
#4872 = LINE ( 'NONE', #2167, #184 ) ;
#4873 = FACE_OUTER_BOUND ( 'NONE', #1406, .T. ) ;
#4874 = EDGE_CURVE ( 'NONE', #7719, #4024, #7588, .T. ) ;
#4875 = CARTESIAN_POINT ( 'NONE',  ( -22.80392022800100804, -23.85332727807523057, -17.50000000000000000 ) ) ;
#4876 = CARTESIAN_POINT ( 'NONE',  ( -22.11289234230349976, 23.13049917874008088, 17.50000000000000000 ) ) ;
#4877 = LINE ( 'NONE', #5502, #6840 ) ;
#4878 = ORIENTED_EDGE ( 'NONE', *, *, #1353, .F. ) ;
#4879 = ORIENTED_EDGE ( 'NONE', *, *, #1453, .F. ) ;
#4880 = EDGE_CURVE ( 'NONE', #2570, #286, #471, .T. ) ;
#4881 = CARTESIAN_POINT ( 'NONE',  ( -29.02942188199395801, -11.05860141234916227, 17.50000000000000000 ) ) ;
#4882 = DIRECTION ( 'NONE',  ( -0.000000000000000000, -0.000000000000000000, -1.000000000000000000 ) ) ;
#4883 = ORIENTED_EDGE ( 'NONE', *, *, #5540, .T. ) ;
#4884 = VECTOR ( 'NONE', #6982, 1000.000000000000000 ) ;
#4885 = ORIENTED_EDGE ( 'NONE', *, *, #6137, .F. ) ;
#4886 = CIRCLE ( 'NONE', #3302, 2.499999999999996891 ) ;
#4887 = ORIENTED_EDGE ( 'NONE', *, *, #463, .T. ) ;
#4888 = VERTEX_POINT ( 'NONE', #1671 ) ;
#4889 = CARTESIAN_POINT ( 'NONE',  ( 7.097256819928071891, -31.41374634251448228, 17.50000000000000000 ) ) ;
#4890 = CARTESIAN_POINT ( 'NONE',  ( 2.000000000000000000, 31.00000000000000000, -17.50000000000000000 ) ) ;
#4891 = CYLINDRICAL_SURFACE ( 'NONE', #6862, 1.000000000000000888 ) ;
#4892 = CIRCLE ( 'NONE', #6870, 2.500000000000000444 ) ;
#4893 = CARTESIAN_POINT ( 'NONE',  ( 0.000000000000000000, 0.000000000000000000, -17.50000000000000000 ) ) ;
#4894 = VECTOR ( 'NONE', #7293, 1000.000000000000000 ) ;
#4895 = DIRECTION ( 'NONE',  ( 0.000000000000000000, 0.000000000000000000, 1.000000000000000000 ) ) ;
#4896 = ORIENTED_EDGE ( 'NONE', *, *, #7080, .T. ) ;
#4897 = AXIS2_PLACEMENT_3D ( 'NONE', #868, #4606, #3382 ) ;
#4898 = DIRECTION ( 'NONE',  ( 0.000000000000000000, 0.000000000000000000, 1.000000000000000000 ) ) ;
#4899 = ORIENTED_EDGE ( 'NONE', *, *, #4481, .F. ) ;
#4900 = DIRECTION ( 'NONE',  ( 1.000000000000000000, 0.000000000000000000, 0.000000000000000000 ) ) ;
#4901 = DIRECTION ( 'NONE',  ( -0.000000000000000000, -0.000000000000000000, 1.000000000000000000 ) ) ;
#4902 = DIRECTION ( 'NONE',  ( -0.1423148382732694617, 0.9898214418809349047, -0.000000000000000000 ) ) ;
#4903 = EDGE_CURVE ( 'NONE', #1756, #388, #7933, .T. ) ;
#4904 = EDGE_CURVE ( 'NONE', #8035, #3511, #6531, .T. ) ;
#4905 = DIRECTION ( 'NONE',  ( -0.6548607339452938714, -0.7557495743542507194, 0.000000000000000000 ) ) ;
#4906 = ORIENTED_EDGE ( 'NONE', *, *, #2628, .T. ) ;
#4907 = ORIENTED_EDGE ( 'NONE', *, *, #5381, .T. ) ;
#4908 = CARTESIAN_POINT ( 'NONE',  ( -3.093750000000244249, -32.85466041427759620, -17.50000000000000000 ) ) ;
#4909 = CARTESIAN_POINT ( 'NONE',  ( -13.25825214724778967, -13.25825214724773993, -40.00000000000000000 ) ) ;
#4910 = EDGE_CURVE ( 'NONE', #5449, #901, #1134, .T. ) ;
#4911 = FACE_OUTER_BOUND ( 'NONE', #4963, .T. ) ;
#4912 = CARTESIAN_POINT ( 'NONE',  ( 25.38719601202985743, -19.35175130696901391, 17.50000000000000000 ) ) ;
#4913 = DIRECTION ( 'NONE',  ( 0.000000000000000000, 0.000000000000000000, 1.000000000000000000 ) ) ;
#4914 = CARTESIAN_POINT ( 'NONE',  ( 0.000000000000000000, 0.000000000000000000, -17.50000000000000000 ) ) ;
#4915 = EDGE_CURVE ( 'NONE', #4511, #1875, #2130, .T. ) ;
#4916 = VERTEX_POINT ( 'NONE', #1552 ) ;
#4917 = VERTEX_POINT ( 'NONE', #7156 ) ;
#4918 = DIRECTION ( 'NONE',  ( -0.000000000000000000, -0.000000000000000000, -1.000000000000000000 ) ) ;
#4919 = CARTESIAN_POINT ( 'NONE',  ( 31.17084050580884735, -10.83414519754224692, 17.50000000000000000 ) ) ;
#4920 = ADVANCED_FACE ( 'NONE', ( #4725 ), #2783, .F. ) ;
#4921 = ORIENTED_EDGE ( 'NONE', *, *, #2385, .T. ) ;
#4922 = VECTOR ( 'NONE', #7806, 1000.000000000000114 ) ;
#4923 = ORIENTED_EDGE ( 'NONE', *, *, #842, .T. ) ;
#4924 = VERTEX_POINT ( 'NONE', #7893 ) ;
#4925 = ORIENTED_EDGE ( 'NONE', *, *, #1801, .T. ) ;
#4926 = CARTESIAN_POINT ( 'NONE',  ( -26.04205674597567466, -18.59600173261402745, 17.50000000000000000 ) ) ;
#4927 = ADVANCED_FACE ( 'NONE', ( #6622 ), #894, .T. ) ;
#4928 = CIRCLE ( 'NONE', #4797, 1.000000000000000888 ) ;
#4929 = CARTESIAN_POINT ( 'NONE',  ( 22.77337607103631711, -21.05643232665853049, -17.50000000000000000 ) ) ;
#4930 = CARTESIAN_POINT ( 'NONE',  ( 24.08309753892760696, 19.54493317794919705, -17.50000000000000000 ) ) ;
#4931 = PLANE ( 'NONE',  #5425 ) ;
#4932 = CIRCLE ( 'NONE', #1508, 1.000000000000000888 ) ;
#4933 = CARTESIAN_POINT ( 'NONE',  ( 13.25825214724778967, -13.25825214724773993, 28.00000000000000000 ) ) ;
#4934 = DIRECTION ( 'NONE',  ( 0.000000000000000000, 0.000000000000000000, -1.000000000000000000 ) ) ;
#4935 = VERTEX_POINT ( 'NONE', #1589 ) ;
#4936 = ADVANCED_FACE ( 'NONE', ( #978 ), #4681, .T. ) ;
#4937 = VECTOR ( 'NONE', #826, 1000.000000000000000 ) ;
#4938 = LINE ( 'NONE', #5524, #3569 ) ;
#4939 = ORIENTED_EDGE ( 'NONE', *, *, #7698, .F. ) ;
#4940 = FACE_OUTER_BOUND ( 'NONE', #5244, .T. ) ;
#4941 = CARTESIAN_POINT ( 'NONE',  ( -10.75825214724779144, 13.25825214724773993, -40.00000000000000000 ) ) ;
#4942 = LINE ( 'NONE', #1810, #552 ) ;
#4943 = CIRCLE ( 'NONE', #6002, 15.00000000000000000 ) ;
#4944 = CARTESIAN_POINT ( 'NONE',  ( 23.11289234230335055, -23.13049917874024075, -17.50000000000000000 ) ) ;
#4945 = ORIENTED_EDGE ( 'NONE', *, *, #7943, .F. ) ;
#4946 = EDGE_CURVE ( 'NONE', #6117, #908, #4105, .T. ) ;
#4947 = EDGE_CURVE ( 'NONE', #4984, #737, #6132, .T. ) ;
#4948 = CARTESIAN_POINT ( 'NONE',  ( 27.36776182998602636, -14.69712939376802652, 17.50000000000000000 ) ) ;
#4949 = CARTESIAN_POINT ( 'NONE',  ( -13.25825214724778967, 13.25825214724773993, 28.00000000000000000 ) ) ;
#4950 = LINE ( 'NONE', #8076, #63 ) ;
#4951 = DIRECTION ( 'NONE',  ( -0.4154150130018713361, 0.9096319953545252135, -0.000000000000000000 ) ) ;
#4952 = AXIS2_PLACEMENT_3D ( 'NONE', #1149, #6211, #485 ) ;
#4953 = CARTESIAN_POINT ( 'NONE',  ( -26.85587101928741660, -19.17712678675821181, -17.50000000000000000 ) ) ;
#4954 = AXIS2_PLACEMENT_3D ( 'NONE', #7834, #4705, #959 ) ;
#4955 = AXIS2_PLACEMENT_3D ( 'NONE', #4974, #4895, #4274 ) ;
#4956 = CARTESIAN_POINT ( 'NONE',  ( 2.999999999999764189, -31.85906464414802031, 17.50000000000000000 ) ) ;
#4957 = FACE_OUTER_BOUND ( 'NONE', #6135, .T. ) ;
#4958 = EDGE_CURVE ( 'NONE', #753, #380, #3490, .T. ) ;
#4959 = ORIENTED_EDGE ( 'NONE', *, *, #305, .F. ) ;
#4960 = LINE ( 'NONE', #8130, #85 ) ;
#4961 = LINE ( 'NONE', #5544, #2551 ) ;
#4962 = EDGE_CURVE ( 'NONE', #3920, #4984, #315, .T. ) ;
#4963 = EDGE_LOOP ( 'NONE', ( #4047, #2573, #4868, #7691 ) ) ;
#4964 = ORIENTED_EDGE ( 'NONE', *, *, #4352, .T. ) ;
#4965 = ORIENTED_EDGE ( 'NONE', *, *, #580, .T. ) ;
#4966 = DIRECTION ( 'NONE',  ( -0.000000000000000000, -0.000000000000000000, -1.000000000000000000 ) ) ;
#4967 = ORIENTED_EDGE ( 'NONE', *, *, #2160, .F. ) ;
#4968 = DIRECTION ( 'NONE',  ( 0.000000000000000000, 0.000000000000000000, 1.000000000000000000 ) ) ;
#4969 = CARTESIAN_POINT ( 'NONE',  ( 0.000000000000000000, 0.000000000000000000, -18.50000000000000711 ) ) ;
#4970 = CARTESIAN_POINT ( 'NONE',  ( -2.000000000000244693, -32.93933818400121538, -17.50000000000000000 ) ) ;
#4971 = DIRECTION ( 'NONE',  ( -0.000000000000000000, -0.000000000000000000, -1.000000000000000000 ) ) ;
#4972 = EDGE_CURVE ( 'NONE', #1093, #5629, #3634, .T. ) ;
#4973 = CARTESIAN_POINT ( 'NONE',  ( 25.38719601203052534, 19.35175130696812218, -17.50000000000000000 ) ) ;
#4974 = CARTESIAN_POINT ( 'NONE',  ( -17.60111887395437336, 25.53821870031124774, -17.50000000000000000 ) ) ;
#4975 = EDGE_LOOP ( 'NONE', ( #5649, #170, #4465, #5368 ) ) ;
#4976 = CARTESIAN_POINT ( 'NONE',  ( -22.50000000000000355, 2.755455298081545172E-15, -40.00000000000000000 ) ) ;
#4977 = VERTEX_POINT ( 'NONE', #1627 ) ;
#4978 = CYLINDRICAL_SURFACE ( 'NONE', #1507, 1.000000000000000888 ) ;
#4979 = CYLINDRICAL_SURFACE ( 'NONE', #2065, 33.00000000000000711 ) ;
#4980 = ADVANCED_FACE ( 'NONE', ( #2902 ), #4764, .T. ) ;
#4981 = DIRECTION ( 'NONE',  ( 1.000000000000000000, 1.040834085586083310E-14, 0.000000000000000000 ) ) ;
#4982 = CARTESIAN_POINT ( 'NONE',  ( 32.88869289243826444, -2.708113702723900396, -17.50000000000000000 ) ) ;
#4983 = ORIENTED_EDGE ( 'NONE', *, *, #1813, .T. ) ;
#4984 = VERTEX_POINT ( 'NONE', #4141 ) ;
#4985 = AXIS2_PLACEMENT_3D ( 'NONE', #5698, #2478, #2522 ) ;
#4986 = ADVANCED_FACE ( 'NONE', ( #1505 ), #3449, .T. ) ;
#4987 = AXIS2_PLACEMENT_3D ( 'NONE', #2742, #5303, #2170 ) ;
#4988 = CARTESIAN_POINT ( 'NONE',  ( 1.000000000000000000, 30.00000000000000000, -17.50000000000000000 ) ) ;
#4989 = DIRECTION ( 'NONE',  ( 0.000000000000000000, 0.000000000000000000, -1.000000000000000000 ) ) ;
#4990 = DIRECTION ( 'NONE',  ( -1.000000000000000000, 0.000000000000000000, 0.000000000000000000 ) ) ;
#4991 = DIRECTION ( 'NONE',  ( 1.000000000000000000, 0.000000000000000000, 0.000000000000000000 ) ) ;
#4992 = DIRECTION ( 'NONE',  ( -0.6548607339452946485, -0.7557495743542499422, -0.000000000000000000 ) ) ;
#4993 = CARTESIAN_POINT ( 'NONE',  ( 0.000000000000000000, 0.000000000000000000, 17.50000000000000000 ) ) ;
#4994 = DIRECTION ( 'NONE',  ( 0.000000000000000000, 0.000000000000000000, 1.000000000000000000 ) ) ;
#4995 = ORIENTED_EDGE ( 'NONE', *, *, #3358, .T. ) ;
#4996 = FACE_OUTER_BOUND ( 'NONE', #3788, .T. ) ;
#4997 = DIRECTION ( 'NONE',  ( -0.000000000000000000, -0.000000000000000000, 1.000000000000000000 ) ) ;
#4998 = ORIENTED_EDGE ( 'NONE', *, *, #4958, .T. ) ;
#4999 = EDGE_CURVE ( 'NONE', #4304, #4977, #5343, .T. ) ;
#5000 = EDGE_CURVE ( 'NONE', #2230, #4454, #7450, .T. ) ;
#5001 = VERTEX_POINT ( 'NONE', #6867 ) ;
#5002 = ORIENTED_EDGE ( 'NONE', *, *, #2958, .F. ) ;
#5003 = FACE_OUTER_BOUND ( 'NONE', #2208, .T. ) ;
#5004 = ORIENTED_EDGE ( 'NONE', *, *, #752, .F. ) ;
#5005 = CIRCLE ( 'NONE', #1449, 1.000000000000000444 ) ;
#5006 = CIRCLE ( 'NONE', #1450, 0.9999999999999991118 ) ;
#5007 = DIRECTION ( 'NONE',  ( 0.000000000000000000, 0.000000000000000000, 1.000000000000000000 ) ) ;
#5008 = DIRECTION ( 'NONE',  ( 0.000000000000000000, 0.000000000000000000, 1.000000000000000000 ) ) ;
#5009 = CARTESIAN_POINT ( 'NONE',  ( -22.77337607103645922, 21.05643232665837417, -17.50000000000000000 ) ) ;
#5010 = DIRECTION ( 'NONE',  ( 1.000000000000000000, 0.000000000000000000, 0.000000000000000000 ) ) ;
#5011 = ADVANCED_FACE ( 'NONE', ( #3686 ), #3727, .T. ) ;
#5012 = DIRECTION ( 'NONE',  ( 0.000000000000000000, 0.000000000000000000, 1.000000000000000000 ) ) ;
#5013 = VECTOR ( 'NONE', #5618, 1000.000000000000000 ) ;
#5014 = VECTOR ( 'NONE', #6423, 1000.000000000000114 ) ;
#5015 = CARTESIAN_POINT ( 'NONE',  ( 15.15994234640510463, 29.31170667248283124, -17.50000000000000000 ) ) ;
#5016 = EDGE_LOOP ( 'NONE', ( #7857, #1633, #914, #559 ) ) ;
#5017 = EDGE_CURVE ( 'NONE', #3080, #926, #1272, .T. ) ;
#5018 = AXIS2_PLACEMENT_3D ( 'NONE', #7544, #1848, #2972 ) ;
#5019 = DIRECTION ( 'NONE',  ( 1.000000000000000000, 0.000000000000000000, 0.000000000000000000 ) ) ;
#5020 = ORIENTED_EDGE ( 'NONE', *, *, #5283, .F. ) ;
#5021 = DIRECTION ( 'NONE',  ( 1.000000000000000000, 0.000000000000000000, 0.000000000000000000 ) ) ;
#5022 = VECTOR ( 'NONE', #2627, 999.9999999999998863 ) ;
#5023 = FACE_OUTER_BOUND ( 'NONE', #7851, .T. ) ;
#5024 = CARTESIAN_POINT ( 'NONE',  ( 26.20361227996077957, 20.05918003013806228, -17.50000000000000000 ) ) ;
#5025 = ADVANCED_FACE ( 'NONE', ( #2407 ), #6908, .T. ) ;
#5026 = CARTESIAN_POINT ( 'NONE',  ( 3.093749999999756639, -32.85466041427764594, -17.50000000000000000 ) ) ;
#5027 = ORIENTED_EDGE ( 'NONE', *, *, #5050, .F. ) ;
#5028 = VERTEX_POINT ( 'NONE', #4919 ) ;
#5029 = EDGE_CURVE ( 'NONE', #750, #685, #6828, .T. ) ;
#5030 = CIRCLE ( 'NONE', #1869, 1.000000000000000888 ) ;
#5031 = ORIENTED_EDGE ( 'NONE', *, *, #2087, .T. ) ;
#5032 = DIRECTION ( 'NONE',  ( -0.000000000000000000, -0.000000000000000000, 1.000000000000000000 ) ) ;
#5033 = DIRECTION ( 'NONE',  ( 0.000000000000000000, 0.000000000000000000, 1.000000000000000000 ) ) ;
#5034 = VECTOR ( 'NONE', #222, 1000.000000000000000 ) ;
#5035 = EDGE_CURVE ( 'NONE', #6939, #1565, #3031, .T. ) ;
#5036 = CARTESIAN_POINT ( 'NONE',  ( -10.75825214724779322, -13.25825214724773993, 28.00000000000000000 ) ) ;
#5037 = DIRECTION ( 'NONE',  ( 1.000000000000000000, 0.000000000000000000, 0.000000000000000000 ) ) ;
#5038 = DIRECTION ( 'NONE',  ( 1.000000000000000000, 0.000000000000000000, 0.000000000000000000 ) ) ;
#5039 = VERTEX_POINT ( 'NONE', #1218 ) ;
#5040 = LINE ( 'NONE', #7555, #2569 ) ;
#5041 = EDGE_CURVE ( 'NONE', #6535, #1146, #2708, .T. ) ;
#5042 = EDGE_LOOP ( 'NONE', ( #2315, #6240, #7989, #6489 ) ) ;
#5043 = CARTESIAN_POINT ( 'NONE',  ( 15.70055015408879129, -28.42347313695356092, -17.50000000000000000 ) ) ;
#5044 = DIRECTION ( 'NONE',  ( 1.000000000000000000, 0.000000000000000000, 0.000000000000000000 ) ) ;
#5045 = VERTEX_POINT ( 'NONE', #5463 ) ;
#5046 = EDGE_LOOP ( 'NONE', ( #593, #940 ) ) ;
#5047 = CARTESIAN_POINT ( 'NONE',  ( 13.25825214724778967, -13.25825214724773993, -40.00000000000000000 ) ) ;
#5048 = ORIENTED_EDGE ( 'NONE', *, *, #7262, .T. ) ;
#5049 = DIRECTION ( 'NONE',  ( 0.8571673007021118895, 1.049727191138618079E-16, -0.5150380749100549327 ) ) ;
#5050 = EDGE_CURVE ( 'NONE', #3289, #7545, #6937, .T. ) ;
#5051 = FACE_OUTER_BOUND ( 'NONE', #1339, .T. ) ;
#5052 = ADVANCED_FACE ( 'NONE', ( #6238 ), #2331, .T. ) ;
#5053 = CARTESIAN_POINT ( 'NONE',  ( -32.88869289243835681, -2.708113702722975802, -17.50000000000000000 ) ) ;
#5054 = DIRECTION ( 'NONE',  ( 0.000000000000000000, 0.000000000000000000, 1.000000000000000000 ) ) ;
#5055 = AXIS2_PLACEMENT_3D ( 'NONE', #2280, #2770, #5992 ) ;
#5056 = DIRECTION ( 'NONE',  ( -0.000000000000000000, -0.000000000000000000, -1.000000000000000000 ) ) ;
#5057 = AXIS2_PLACEMENT_3D ( 'NONE', #5514, #1716, #3694 ) ;
#5058 = ORIENTED_EDGE ( 'NONE', *, *, #3577, .T. ) ;
#5059 = CIRCLE ( 'NONE', #4005, 2.499999999999996891 ) ;
#5060 = AXIS2_PLACEMENT_3D ( 'NONE', #1698, #7962, #1084 ) ;
#5061 = DIRECTION ( 'NONE',  ( 0.000000000000000000, 0.000000000000000000, 1.000000000000000000 ) ) ;
#5062 = CARTESIAN_POINT ( 'NONE',  ( 6.774216288469208536, -30.02601473889101058, -17.50000000000000000 ) ) ;
#5063 = LINE ( 'NONE', #7662, #2436 ) ;
#5064 = CARTESIAN_POINT ( 'NONE',  ( -23.32734796457320314, -18.89007244400407615, -17.50000000000000000 ) ) ;
#5065 = CIRCLE ( 'NONE', #1905, 1.000000000000000000 ) ;
#5066 = DIRECTION ( 'NONE',  ( 1.000000000000000000, 0.000000000000000000, 0.000000000000000000 ) ) ;
#5067 = ORIENTED_EDGE ( 'NONE', *, *, #8040, .T. ) ;
#5068 = VECTOR ( 'NONE', #7900, 1000.000000000000114 ) ;
#5069 = ORIENTED_EDGE ( 'NONE', *, *, #6356, .T. ) ;
#5070 = ORIENTED_EDGE ( 'NONE', *, *, #3297, .F. ) ;
#5071 = DIRECTION ( 'NONE',  ( -0.000000000000000000, -0.000000000000000000, -1.000000000000000000 ) ) ;
#5072 = ORIENTED_EDGE ( 'NONE', *, *, #4585, .F. ) ;
#5073 = DIRECTION ( 'NONE',  ( 1.000000000000000000, 0.000000000000000000, 0.000000000000000000 ) ) ;
#5074 = AXIS2_PLACEMENT_3D ( 'NONE', #6371, #79, #1280 ) ;
#5075 = LINE ( 'NONE', #1859, #283 ) ;
#5076 = EDGE_CURVE ( 'NONE', #1707, #617, #5712, .T. ) ;
#5077 = CARTESIAN_POINT ( 'NONE',  ( -10.89472168800079288, 30.00508355830734786, -17.50000000000000000 ) ) ;
#5078 = DIRECTION ( 'NONE',  ( -0.000000000000000000, -0.000000000000000000, -1.000000000000000000 ) ) ;
#5079 = ORIENTED_EDGE ( 'NONE', *, *, #7604, .F. ) ;
#5080 = DIRECTION ( 'NONE',  ( 0.000000000000000000, 0.000000000000000000, -1.000000000000000000 ) ) ;
#5081 = AXIS2_PLACEMENT_3D ( 'NONE', #2726, #5951, #213 ) ;
#5082 = CIRCLE ( 'NONE', #1532, 1.000000000000000888 ) ;
#5083 = ORIENTED_EDGE ( 'NONE', *, *, #7600, .F. ) ;
#5084 = VECTOR ( 'NONE', #231, 1000.000000000000000 ) ;
#5085 = PLANE ( 'NONE',  #2704 ) ;
#5086 = CARTESIAN_POINT ( 'NONE',  ( -25.38719601203039744, -19.35175130696829271, 17.50000000000000000 ) ) ;
#5087 = EDGE_CURVE ( 'NONE', #7295, #5910, #3740, .T. ) ;
#5088 = CIRCLE ( 'NONE', #91, 2.500000000000000444 ) ;
#5089 = AXIS2_PLACEMENT_3D ( 'NONE', #1889, #2667, #3867 ) ;
#5090 = ORIENTED_EDGE ( 'NONE', *, *, #7595, .T. ) ;
#5091 = CIRCLE ( 'NONE', #4434, 1.000000000000000888 ) ;
#5092 = CARTESIAN_POINT ( 'NONE',  ( -15.07735827546081175, 27.16014115267801543, 17.50000000000000000 ) ) ;
#5093 = ORIENTED_EDGE ( 'NONE', *, *, #674, .T. ) ;
#5094 = ORIENTED_EDGE ( 'NONE', *, *, #4629, .T. ) ;
#5095 = DIRECTION ( 'NONE',  ( 0.000000000000000000, 0.000000000000000000, 1.000000000000000000 ) ) ;
#5096 = DIRECTION ( 'NONE',  ( 1.000000000000000000, 0.000000000000000000, 0.000000000000000000 ) ) ;
#5097 = EDGE_CURVE ( 'NONE', #4770, #3918, #3870, .T. ) ;
#5098 = DIRECTION ( 'NONE',  ( 0.2817325568414365544, 0.9594929736144953702, 0.000000000000000000 ) ) ;
#5099 = ORIENTED_EDGE ( 'NONE', *, *, #2702, .T. ) ;
#5100 = AXIS2_PLACEMENT_3D ( 'NONE', #4016, #7108, #5831 ) ;
#5101 = CARTESIAN_POINT ( 'NONE',  ( 0.000000000000000000, 0.000000000000000000, 20.00000000000000000 ) ) ;
#5102 = DIRECTION ( 'NONE',  ( -1.000000000000000000, 0.000000000000000000, 0.000000000000000000 ) ) ;
#5103 = DIRECTION ( 'NONE',  ( -1.000000000000000000, -0.000000000000000000, -0.000000000000000000 ) ) ;
#5104 = AXIS2_PLACEMENT_3D ( 'NONE', #5136, #5061, #3164 ) ;
#5105 = DIRECTION ( 'NONE',  ( 0.4154150130018703924, -0.9096319953545257686, 0.000000000000000000 ) ) ;
#5106 = CARTESIAN_POINT ( 'NONE',  ( -15.07735827546139973, -27.16014115267768148, -17.50000000000000000 ) ) ;
#5107 = ORIENTED_EDGE ( 'NONE', *, *, #7042, .F. ) ;
#5108 = ORIENTED_EDGE ( 'NONE', *, *, #3015, .T. ) ;
#5109 = EDGE_CURVE ( 'NONE', #2672, #5039, #4961, .T. ) ;
#5110 = ADVANCED_FACE ( 'NONE', ( #3106 ), #4339, .F. ) ;
#5111 = VERTEX_POINT ( 'NONE', #2990 ) ;
#5112 = CYLINDRICAL_SURFACE ( 'NONE', #2727, 22.50000000000000355 ) ;
#5113 = ORIENTED_EDGE ( 'NONE', *, *, #1957, .F. ) ;
#5114 = DIRECTION ( 'NONE',  ( -0.000000000000000000, -0.000000000000000000, 1.000000000000000000 ) ) ;
#5115 = AXIS2_PLACEMENT_3D ( 'NONE', #192, #2790, #7739 ) ;
#5116 = CARTESIAN_POINT ( 'NONE',  ( 1.999999999999999112, 32.93933818400121538, -17.50000000000000000 ) ) ;
#5117 = CIRCLE ( 'NONE', #3672, 1.000000000000000888 ) ;
#5118 = FACE_OUTER_BOUND ( 'NONE', #3194, .T. ) ;
#5119 = LINE ( 'NONE', #7062, #4330 ) ;
#5120 = ORIENTED_EDGE ( 'NONE', *, *, #3450, .F. ) ;
#5121 = LINE ( 'NONE', #4380, #1522 ) ;
#5122 = AXIS2_PLACEMENT_3D ( 'NONE', #2277, #2891, #458 ) ;
#5123 = ORIENTED_EDGE ( 'NONE', *, *, #4438, .F. ) ;
#5124 = CARTESIAN_POINT ( 'NONE',  ( -29.02942188199370932, 11.05860141234977867, 17.50000000000000000 ) ) ;
#5125 = FACE_OUTER_BOUND ( 'NONE', #5546, .T. ) ;
#5126 = CARTESIAN_POINT ( 'NONE',  ( 6.532990758014317834, 29.34825432211768970, -17.50000000000000000 ) ) ;
#5127 = ADVANCED_FACE ( 'NONE', ( #3067 ), #2685, .F. ) ;
#5128 = CARTESIAN_POINT ( 'NONE',  ( 15.91861180829275746, 26.61950033522196435, -17.50000000000000000 ) ) ;
#5129 = VERTEX_POINT ( 'NONE', #8013 ) ;
#5130 = ORIENTED_EDGE ( 'NONE', *, *, #6740, .F. ) ;
#5131 = CARTESIAN_POINT ( 'NONE',  ( 27.73377950337897602, -15.96362973944075137, -17.50000000000000000 ) ) ;
#5132 = DIRECTION ( 'NONE',  ( 0.9898214418809341275, 0.1423148382732752626, 0.000000000000000000 ) ) ;
#5133 = EDGE_CURVE ( 'NONE', #1345, #7401, #2371, .T. ) ;
#5134 = EDGE_LOOP ( 'NONE', ( #6584, #1866, #7387, #6446 ) ) ;
#5135 = ORIENTED_EDGE ( 'NONE', *, *, #7183, .T. ) ;
#5136 = CARTESIAN_POINT ( 'NONE',  ( 0.000000000000000000, 0.000000000000000000, -17.50000000000000000 ) ) ;
#5137 = DIRECTION ( 'NONE',  ( 1.000000000000000000, -6.938893903907222067E-15, 0.000000000000000000 ) ) ;
#5138 = CARTESIAN_POINT ( 'NONE',  ( -31.17084050580891486, 10.83414519754202310, 17.50000000000000000 ) ) ;
#5139 = DIRECTION ( 'NONE',  ( 0.000000000000000000, -0.000000000000000000, -1.000000000000000000 ) ) ;
#5140 = CIRCLE ( 'NONE', #6995, 1.000000000000000888 ) ;
#5141 = DIRECTION ( 'NONE',  ( -0.000000000000000000, -0.000000000000000000, -1.000000000000000000 ) ) ;
#5142 = VERTEX_POINT ( 'NONE', #8050 ) ;
#5143 = EDGE_LOOP ( 'NONE', ( #4067, #1557, #3614, #4573 ) ) ;
#5144 = VECTOR ( 'NONE', #5294, 1000.000000000000114 ) ;
#5145 = AXIS2_PLACEMENT_3D ( 'NONE', #6642, #7223, #918 ) ;
#5146 = ORIENTED_EDGE ( 'NONE', *, *, #319, .T. ) ;
#5147 = DIRECTION ( 'NONE',  ( -0.9096319953545114467, 0.4154150130019014786, 0.000000000000000000 ) ) ;
#5148 = ORIENTED_EDGE ( 'NONE', *, *, #5341, .T. ) ;
#5149 = AXIS2_PLACEMENT_3D ( 'NONE', #1738, #1855, #1122 ) ;
#5150 = CARTESIAN_POINT ( 'NONE',  ( -22.77337607103691397, -21.05643232665788034, -17.50000000000000000 ) ) ;
#5151 = EDGE_CURVE ( 'NONE', #3868, #790, #2029, .T. ) ;
#5152 = EDGE_CURVE ( 'NONE', #3932, #2209, #1953, .T. ) ;
#5153 = CARTESIAN_POINT ( 'NONE',  ( 15.07735827546158625, 27.16014115267757489, 17.50000000000000000 ) ) ;
#5154 = AXIS2_PLACEMENT_3D ( 'NONE', #1970, #734, #7582 ) ;
#5155 = FACE_OUTER_BOUND ( 'NONE', #6047, .T. ) ;
#5156 = ORIENTED_EDGE ( 'NONE', *, *, #4336, .F. ) ;
#5157 = DIRECTION ( 'NONE',  ( 1.000000000000000000, 0.000000000000000000, 0.000000000000000000 ) ) ;
#5158 = ORIENTED_EDGE ( 'NONE', *, *, #2775, .F. ) ;
#5159 = AXIS2_PLACEMENT_3D ( 'NONE', #6577, #3970, #422 ) ;
#5160 = EDGE_LOOP ( 'NONE', ( #5666, #2994, #2188, #1458 ) ) ;
#5161 = CARTESIAN_POINT ( 'NONE',  ( -20.36519858079780221, -25.96649161447637866, -17.50000000000000000 ) ) ;
#5162 = LINE ( 'NONE', #1333, #1241 ) ;
#5163 = DIRECTION ( 'NONE',  ( 1.000000000000000000, 0.000000000000000000, 0.000000000000000000 ) ) ;
#5164 = DIRECTION ( 'NONE',  ( 0.000000000000000000, 0.000000000000000000, 1.000000000000000000 ) ) ;
#5165 = EDGE_CURVE ( 'NONE', #7996, #4222, #4503, .T. ) ;
#5166 = CARTESIAN_POINT ( 'NONE',  ( -15.75825214724778789, 13.25825214724773993, 40.00000000000000000 ) ) ;
#5167 = ORIENTED_EDGE ( 'NONE', *, *, #3388, .T. ) ;
#5168 = EDGE_CURVE ( 'NONE', #2892, #4917, #712, .T. ) ;
#5169 = ORIENTED_EDGE ( 'NONE', *, *, #6226, .F. ) ;
#5170 = CARTESIAN_POINT ( 'NONE',  ( -7.361098020014463117, -32.16852865674368900, -17.50000000000000000 ) ) ;
#5171 = CARTESIAN_POINT ( 'NONE',  ( 0.000000000000000000, 0.000000000000000000, 17.50000000000000000 ) ) ;
#5172 = ORIENTED_EDGE ( 'NONE', *, *, #3160, .F. ) ;
#5173 = VERTEX_POINT ( 'NONE', #5783 ) ;
#5174 = ADVANCED_FACE ( 'NONE', ( #7026 ), #4537, .F. ) ;
#5175 = EDGE_CURVE ( 'NONE', #7956, #7518, #5202, .T. ) ;
#5176 = LINE ( 'NONE', #6887, #4719 ) ;
#5177 = DIRECTION ( 'NONE',  ( -0.000000000000000000, -0.000000000000000000, 1.000000000000000000 ) ) ;
#5178 = DIRECTION ( 'NONE',  ( 0.2817325568414430492, 0.9594929736144934829, -0.000000000000000000 ) ) ;
#5179 = DIRECTION ( 'NONE',  ( 0.000000000000000000, 0.000000000000000000, 1.000000000000000000 ) ) ;
#5180 = EDGE_CURVE ( 'NONE', #5987, #1278, #6645, .T. ) ;
#5181 = LINE ( 'NONE', #5723, #7070 ) ;
#5182 = ORIENTED_EDGE ( 'NONE', *, *, #1140, .F. ) ;
#5183 = ORIENTED_EDGE ( 'NONE', *, *, #8030, .T. ) ;
#5184 = ORIENTED_EDGE ( 'NONE', *, *, #8142, .F. ) ;
#5185 = CYLINDRICAL_SURFACE ( 'NONE', #5627, 2.500000000000000444 ) ;
#5186 = VERTEX_POINT ( 'NONE', #640 ) ;
#5187 = DIRECTION ( 'NONE',  ( 0.000000000000000000, 0.000000000000000000, 1.000000000000000000 ) ) ;
#5188 = CIRCLE ( 'NONE', #7309, 1.000000000000000888 ) ;
#5189 = DIRECTION ( 'NONE',  ( -0.000000000000000000, -0.000000000000000000, 1.000000000000000000 ) ) ;
#5190 = VECTOR ( 'NONE', #6534, 1000.000000000000000 ) ;
#5191 = ADVANCED_FACE ( 'NONE', ( #679 ), #1367, .T. ) ;
#5192 = CARTESIAN_POINT ( 'NONE',  ( -32.07996081286078294, -7.737965769200430444, 17.50000000000000000 ) ) ;
#5193 = EDGE_LOOP ( 'NONE', ( #6784, #810, #2592, #3555 ) ) ;
#5194 = CYLINDRICAL_SURFACE ( 'NONE', #4464, 1.000000000000000000 ) ;
#5195 = ORIENTED_EDGE ( 'NONE', *, *, #1009, .T. ) ;
#5196 = DIRECTION ( 'NONE',  ( -0.000000000000000000, -0.000000000000000000, 1.000000000000000000 ) ) ;
#5197 = ORIENTED_EDGE ( 'NONE', *, *, #7183, .F. ) ;
#5198 = AXIS2_PLACEMENT_3D ( 'NONE', #6467, #4493, #5770 ) ;
#5199 = AXIS2_PLACEMENT_3D ( 'NONE', #2440, #3225, #1173 ) ;
#5200 = ORIENTED_EDGE ( 'NONE', *, *, #7500, .F. ) ;
#5201 = CARTESIAN_POINT ( 'NONE',  ( 2.000000000000000000, 31.00000000000000000, 17.50000000000000000 ) ) ;
#5202 = LINE ( 'NONE', #6395, #4793 ) ;
#5203 = DIRECTION ( 'NONE',  ( -0.000000000000000000, -0.000000000000000000, 1.000000000000000000 ) ) ;
#5204 = DIRECTION ( 'NONE',  ( -1.000000000000000000, 0.000000000000000000, 0.000000000000000000 ) ) ;
#5205 = AXIS2_PLACEMENT_3D ( 'NONE', #3685, #1952, #3189 ) ;
#5206 = EDGE_CURVE ( 'NONE', #5359, #2796, #5162, .T. ) ;
#5207 = VECTOR ( 'NONE', #7816, 1000.000000000000000 ) ;
#5208 = DIRECTION ( 'NONE',  ( 0.9898214418809312409, -0.1423148382732950523, 0.000000000000000000 ) ) ;
#5209 = ORIENTED_EDGE ( 'NONE', *, *, #842, .F. ) ;
#5210 = ADVANCED_FACE ( 'NONE', ( #3267 ), #714, .F. ) ;
#5211 = ORIENTED_EDGE ( 'NONE', *, *, #8099, .T. ) ;
#5212 = CARTESIAN_POINT ( 'NONE',  ( 1.999999999999778399, -30.00000000000002842, 17.50000000000000000 ) ) ;
#5213 = CARTESIAN_POINT ( 'NONE',  ( 30.82677953658213710, -3.421938544591457632, -17.50000000000000000 ) ) ;
#5214 = VECTOR ( 'NONE', #1192, 1000.000000000000000 ) ;
#5215 = CIRCLE ( 'NONE', #4955, 1.000000000000000888 ) ;
#5216 = ORIENTED_EDGE ( 'NONE', *, *, #6404, .F. ) ;
#5217 = ORIENTED_EDGE ( 'NONE', *, *, #3995, .T. ) ;
#5218 = AXIS2_PLACEMENT_3D ( 'NONE', #6808, #575, #8068 ) ;
#5219 = AXIS2_PLACEMENT_3D ( 'NONE', #3004, #5597, #7944 ) ;
#5220 = ORIENTED_EDGE ( 'NONE', *, *, #4327, .F. ) ;
#5221 = LINE ( 'NONE', #6450, #3011 ) ;
#5222 = DIRECTION ( 'NONE',  ( 0.4154150130019036435, 0.9096319953545105585, -0.000000000000000000 ) ) ;
#5223 = EDGE_CURVE ( 'NONE', #7629, #64, #133, .T. ) ;
#5224 = DIRECTION ( 'NONE',  ( 0.000000000000000000, 0.000000000000000000, 1.000000000000000000 ) ) ;
#5225 = DIRECTION ( 'NONE',  ( 0.9594929736145032528, 0.2817325568414095760, -0.000000000000000000 ) ) ;
#5226 = VECTOR ( 'NONE', #5147, 1000.000000000000227 ) ;
#5227 = DIRECTION ( 'NONE',  ( 0.9898214418809302417, -0.1423148382733025741, 0.000000000000000000 ) ) ;
#5228 = ORIENTED_EDGE ( 'NONE', *, *, #1664, .T. ) ;
#5229 = ORIENTED_EDGE ( 'NONE', *, *, #2087, .F. ) ;
#5230 = AXIS2_PLACEMENT_3D ( 'NONE', #4344, #6874, #718 ) ;
#5231 = VERTEX_POINT ( 'NONE', #7681 ) ;
#5232 = EDGE_CURVE ( 'NONE', #5910, #469, #21, .T. ) ;
#5233 = DIRECTION ( 'NONE',  ( 0.000000000000000000, 0.000000000000000000, -1.000000000000000000 ) ) ;
#5234 = ORIENTED_EDGE ( 'NONE', *, *, #4915, .F. ) ;
#5235 = CARTESIAN_POINT ( 'NONE',  ( 28.61400686899215984, 11.96823340770349198, -17.50000000000000000 ) ) ;
#5236 = CARTESIAN_POINT ( 'NONE',  ( 17.06047805649862070, -24.69696516748017601, 17.50000000000000000 ) ) ;
#5237 = ADVANCED_FACE ( 'NONE', ( #1910 ), #5704, .T. ) ;
#5238 = LINE ( 'NONE', #4529, #3444 ) ;
#5239 = VERTEX_POINT ( 'NONE', #755 ) ;
#5240 = CARTESIAN_POINT ( 'NONE',  ( 27.78317684298841783, 13.78749739841254573, -17.50000000000000000 ) ) ;
#5241 = VERTEX_POINT ( 'NONE', #5086 ) ;
#5242 = CARTESIAN_POINT ( 'NONE',  ( -31.96172981786827449, -1.564553306726928383, -17.50000000000000000 ) ) ;
#5243 = ORIENTED_EDGE ( 'NONE', *, *, #6725, .F. ) ;
#5244 = EDGE_LOOP ( 'NONE', ( #5927, #3300, #8000, #1793 ) ) ;
#5245 = LINE ( 'NONE', #2030, #2047 ) ;
#5246 = LINE ( 'NONE', #4717, #3486 ) ;
#5247 = DIRECTION ( 'NONE',  ( -0.000000000000000000, -0.000000000000000000, -1.000000000000000000 ) ) ;
#5248 = CARTESIAN_POINT ( 'NONE',  ( 6.287796095550825193, -32.39542591571805730, -17.50000000000000000 ) ) ;
#5249 = DIRECTION ( 'NONE',  ( 0.000000000000000000, 0.000000000000000000, 1.000000000000000000 ) ) ;
#5250 = CIRCLE ( 'NONE', #7232, 1.000000000000000000 ) ;
#5251 = CARTESIAN_POINT ( 'NONE',  ( -11.19906991447176736, 31.04159842937817615, -17.50000000000000000 ) ) ;
#5252 = EDGE_LOOP ( 'NONE', ( #5282, #2016, #966, #1111 ) ) ;
#5253 = DIRECTION ( 'NONE',  ( 0.000000000000000000, 0.000000000000000000, 1.000000000000000000 ) ) ;
#5254 = CIRCLE ( 'NONE', #7099, 2.499999999999996891 ) ;
#5255 = ORIENTED_EDGE ( 'NONE', *, *, #6596, .F. ) ;
#5256 = DIRECTION ( 'NONE',  ( -0.000000000000000000, -0.000000000000000000, -1.000000000000000000 ) ) ;
#5257 = CARTESIAN_POINT ( 'NONE',  ( 0.000000000000000000, 0.000000000000000000, -20.00000000000000000 ) ) ;
#5258 = EDGE_CURVE ( 'NONE', #1419, #3595, #5325, .T. ) ;
#5259 = ADVANCED_FACE ( 'NONE', ( #3922 ), #60, .F. ) ;
#5260 = EDGE_LOOP ( 'NONE', ( #6791, #4341, #7736, #4663 ) ) ;
#5261 = ORIENTED_EDGE ( 'NONE', *, *, #538, .T. ) ;
#5262 = ORIENTED_EDGE ( 'NONE', *, *, #3226, .T. ) ;
#5263 = EDGE_CURVE ( 'NONE', #4578, #5629, #5743, .T. ) ;
#5264 = CARTESIAN_POINT ( 'NONE',  ( -15.54180368692077607, -27.88283231949753471, 17.50000000000000000 ) ) ;
#5265 = DIRECTION ( 'NONE',  ( 1.000000000000000000, 0.000000000000000000, 0.000000000000000000 ) ) ;
#5266 = DIRECTION ( 'NONE',  ( -0.000000000000000000, -0.000000000000000000, -1.000000000000000000 ) ) ;
#5267 = DIRECTION ( 'NONE',  ( -0.000000000000000000, -0.000000000000000000, 1.000000000000000000 ) ) ;
#5268 = DIRECTION ( 'NONE',  ( 1.000000000000000000, 1.040834085586084257E-14, 0.000000000000000000 ) ) ;
#5269 = ORIENTED_EDGE ( 'NONE', *, *, #4079, .F. ) ;
#5270 = ORIENTED_EDGE ( 'NONE', *, *, #2540, .T. ) ;
#5271 = ADVANCED_FACE ( 'NONE', ( #5125 ), #3350, .F. ) ;
#5272 = EDGE_LOOP ( 'NONE', ( #6280, #5070, #8056, #2109 ) ) ;
#5273 = DIRECTION ( 'NONE',  ( 1.000000000000000000, 0.000000000000000000, 0.000000000000000000 ) ) ;
#5274 = ORIENTED_EDGE ( 'NONE', *, *, #3173, .T. ) ;
#5275 = DIRECTION ( 'NONE',  ( 1.000000000000000000, 0.000000000000000000, 0.000000000000000000 ) ) ;
#5276 = EDGE_CURVE ( 'NONE', #4224, #5384, #4659, .T. ) ;
#5277 = VECTOR ( 'NONE', #3060, 1000.000000000000000 ) ;
#5278 = CARTESIAN_POINT ( 'NONE',  ( 31.96172981786830292, 1.564553306726723214, -17.50000000000000000 ) ) ;
#5279 = DIRECTION ( 'NONE',  ( -0.000000000000000000, -0.000000000000000000, -1.000000000000000000 ) ) ;
#5280 = CARTESIAN_POINT ( 'NONE',  ( 1.999999999999755973, -32.93933818400124380, 17.50000000000000000 ) ) ;
#5281 = CIRCLE ( 'NONE', #6203, 1.000000000000000888 ) ;
#5282 = ORIENTED_EDGE ( 'NONE', *, *, #7646, .F. ) ;
#5283 = EDGE_CURVE ( 'NONE', #5430, #7295, #1581, .T. ) ;
#5284 = CARTESIAN_POINT ( 'NONE',  ( 3.093750000000000444, 32.85466041427761752, -17.50000000000000000 ) ) ;
#5285 = ORIENTED_EDGE ( 'NONE', *, *, #2963, .F. ) ;
#5286 = DIRECTION ( 'NONE',  ( 0.000000000000000000, 0.000000000000000000, 1.000000000000000000 ) ) ;
#5287 = ORIENTED_EDGE ( 'NONE', *, *, #6815, .T. ) ;
#5288 = EDGE_CURVE ( 'NONE', #3797, #6598, #345, .T. ) ;
#5289 = VECTOR ( 'NONE', #2312, 1000.000000000000114 ) ;
#5290 = DIRECTION ( 'NONE',  ( 1.000000000000000000, 0.000000000000000000, 0.000000000000000000 ) ) ;
#5291 = DIRECTION ( 'NONE',  ( -0.4154150130018958165, -0.9096319953545141113, 0.000000000000000000 ) ) ;
#5292 = FACE_OUTER_BOUND ( 'NONE', #7032, .T. ) ;
#5293 = AXIS2_PLACEMENT_3D ( 'NONE', #3502, #4116, #7942 ) ;
#5294 = DIRECTION ( 'NONE',  ( -0.5406408174556091017, -0.8412535328311737670, 0.000000000000000000 ) ) ;
#5295 = EDGE_CURVE ( 'NONE', #6847, #3546, #7305, .T. ) ;
#5296 = VECTOR ( 'NONE', #1525, 1000.000000000000000 ) ;
#5297 = DIRECTION ( 'NONE',  ( 0.000000000000000000, 0.000000000000000000, 1.000000000000000000 ) ) ;
#5298 = CARTESIAN_POINT ( 'NONE',  ( -3.093750000000244249, -32.85466041427759620, 17.50000000000000000 ) ) ;
#5299 = ORIENTED_EDGE ( 'NONE', *, *, #4946, .F. ) ;
#5300 = DIRECTION ( 'NONE',  ( -0.8571673007021118895, 1.049727191138618079E-16, 0.5150380749100549327 ) ) ;
#5301 = ORIENTED_EDGE ( 'NONE', *, *, #2480, .T. ) ;
#5302 = VECTOR ( 'NONE', #460, 1000.000000000000000 ) ;
#5303 = DIRECTION ( 'NONE',  ( 0.000000000000000000, 0.000000000000000000, -1.000000000000000000 ) ) ;
#5304 = DIRECTION ( 'NONE',  ( 0.000000000000000000, 0.000000000000000000, -1.000000000000000000 ) ) ;
#5305 = ORIENTED_EDGE ( 'NONE', *, *, #2561, .F. ) ;
#5306 = ORIENTED_EDGE ( 'NONE', *, *, #319, .F. ) ;
#5307 = ORIENTED_EDGE ( 'NONE', *, *, #1921, .F. ) ;
#5308 = EDGE_CURVE ( 'NONE', #7096, #5511, #2290, .T. ) ;
#5309 = EDGE_CURVE ( 'NONE', #3920, #7478, #6779, .T. ) ;
#5310 = CARTESIAN_POINT ( 'NONE',  ( 14.91861180829181777, -26.61950033522253278, 17.50000000000000000 ) ) ;
#5311 = DIRECTION ( 'NONE',  ( 0.000000000000000000, 0.000000000000000000, -1.000000000000000000 ) ) ;
#5312 = CARTESIAN_POINT ( 'NONE',  ( 26.78317684298792400, -13.78749739841351740, -17.50000000000000000 ) ) ;
#5313 = LINE ( 'NONE', #4973, #5214 ) ;
#5314 = DIRECTION ( 'NONE',  ( 1.000000000000000000, 0.000000000000000000, 0.000000000000000000 ) ) ;
#5315 = ORIENTED_EDGE ( 'NONE', *, *, #1555, .T. ) ;
#5316 = ORIENTED_EDGE ( 'NONE', *, *, #5815, .T. ) ;
#5317 = ORIENTED_EDGE ( 'NONE', *, *, #7377, .F. ) ;
#5318 = CARTESIAN_POINT ( 'NONE',  ( 27.70437487363763651, 11.55281839470162275, -17.50000000000000000 ) ) ;
#5319 = VERTEX_POINT ( 'NONE', #7924 ) ;
#5320 = DIRECTION ( 'NONE',  ( -0.9594929736145034749, -0.2817325568414091319, 0.000000000000000000 ) ) ;
#5321 = DIRECTION ( 'NONE',  ( 0.9594929736144951482, -0.2817325568414373871, -0.000000000000000000 ) ) ;
#5322 = DIRECTION ( 'NONE',  ( 0.000000000000000000, 0.000000000000000000, 1.000000000000000000 ) ) ;
#5323 = CARTESIAN_POINT ( 'NONE',  ( 26.87354484763389451, 13.37208238541067296, 17.50000000000000000 ) ) ;
#5324 = ORIENTED_EDGE ( 'NONE', *, *, #2106, .F. ) ;
#5325 = CIRCLE ( 'NONE', #843, 33.00000000000001421 ) ;
#5326 = FACE_OUTER_BOUND ( 'NONE', #57, .T. ) ;
#5327 = ORIENTED_EDGE ( 'NONE', *, *, #2272, .T. ) ;
#5328 = DIRECTION ( 'NONE',  ( 1.000000000000000000, 0.000000000000000000, 0.000000000000000000 ) ) ;
#5329 = ORIENTED_EDGE ( 'NONE', *, *, #7646, .T. ) ;
#5330 = AXIS2_PLACEMENT_3D ( 'NONE', #1313, #3705, #3008 ) ;
#5331 = DIRECTION ( 'NONE',  ( 0.000000000000000000, 0.000000000000000000, 1.000000000000000000 ) ) ;
#5332 = DIRECTION ( 'NONE',  ( -1.000000000000000000, 0.000000000000000000, 0.000000000000000000 ) ) ;
#5333 = EDGE_CURVE ( 'NONE', #1099, #4916, #1492, .T. ) ;
#5334 = LINE ( 'NONE', #6698, #5670 ) ;
#5335 = CARTESIAN_POINT ( 'NONE',  ( 29.41001357988151810, 6.249088031959925793, -17.50000000000000000 ) ) ;
#5336 = CIRCLE ( 'NONE', #3224, 1.000000000000000000 ) ;
#5337 = CARTESIAN_POINT ( 'NONE',  ( 27.73377950337953379, 15.96362973943977970, -17.50000000000000000 ) ) ;
#5338 = AXIS2_PLACEMENT_3D ( 'NONE', #5235, #4040, #161 ) ;
#5339 = ORIENTED_EDGE ( 'NONE', *, *, #7398, .F. ) ;
#5340 = ORIENTED_EDGE ( 'NONE', *, *, #6857, .F. ) ;
#5341 = EDGE_CURVE ( 'NONE', #6772, #1014, #323, .T. ) ;
#5342 = CARTESIAN_POINT ( 'NONE',  ( 29.83695809470132687, 3.279623706317118081, -17.50000000000000000 ) ) ;
#5343 = LINE ( 'NONE', #2287, #4686 ) ;
#5344 = VECTOR ( 'NONE', #5527, 1000.000000000000000 ) ;
#5345 = ORIENTED_EDGE ( 'NONE', *, *, #7595, .F. ) ;
#5346 = EDGE_CURVE ( 'NONE', #980, #1392, #1109, .T. ) ;
#5347 = ORIENTED_EDGE ( 'NONE', *, *, #3826, .T. ) ;
#5348 = CIRCLE ( 'NONE', #5873, 1.000000000000000888 ) ;
#5349 = ORIENTED_EDGE ( 'NONE', *, *, #3273, .T. ) ;
#5350 = DIRECTION ( 'NONE',  ( -0.000000000000000000, -0.000000000000000000, 1.000000000000000000 ) ) ;
#5351 = CYLINDRICAL_SURFACE ( 'NONE', #6782, 1.000000000000000000 ) ;
#5352 = CARTESIAN_POINT ( 'NONE',  ( 29.54214986003552923, -5.401581428353319225, 17.50000000000000000 ) ) ;
#5353 = CIRCLE ( 'NONE', #1792, 1.000000000000000888 ) ;
#5354 = FACE_OUTER_BOUND ( 'NONE', #7712, .T. ) ;
#5355 = VECTOR ( 'NONE', #5902, 1000.000000000000000 ) ;
#5356 = CIRCLE ( 'NONE', #615, 1.000000000000000000 ) ;
#5357 = PLANE ( 'NONE',  #7594 ) ;
#5358 = ORIENTED_EDGE ( 'NONE', *, *, #4174, .T. ) ;
#5359 = VERTEX_POINT ( 'NONE', #883 ) ;
#5360 = EDGE_LOOP ( 'NONE', ( #3017, #5108, #3897, #1094 ) ) ;
#5361 = DIRECTION ( 'NONE',  ( 1.000000000000000000, 0.000000000000000000, 0.000000000000000000 ) ) ;
#5362 = ORIENTED_EDGE ( 'NONE', *, *, #2352, .F. ) ;
#5363 = CARTESIAN_POINT ( 'NONE',  ( -1.999999999999999112, 32.93933818400121538, -17.50000000000000000 ) ) ;
#5364 = CARTESIAN_POINT ( 'NONE',  ( 13.25825214724778967, -13.25825214724773993, -40.00000000000000000 ) ) ;
#5365 = PLANE ( 'NONE',  #1727 ) ;
#5366 = EDGE_CURVE ( 'NONE', #926, #7720, #3522, .T. ) ;
#5367 = LINE ( 'NONE', #5446, #3181 ) ;
#5368 = ORIENTED_EDGE ( 'NONE', *, *, #2561, .T. ) ;
#5369 = DIRECTION ( 'NONE',  ( 0.000000000000000000, 0.000000000000000000, 1.000000000000000000 ) ) ;
#5370 = ORIENTED_EDGE ( 'NONE', *, *, #3693, .T. ) ;
#5371 = ORIENTED_EDGE ( 'NONE', *, *, #3673, .F. ) ;
#5372 = DIRECTION ( 'NONE',  ( -0.7557495743542677058, -0.6548607339452741094, 0.000000000000000000 ) ) ;
#5373 = CARTESIAN_POINT ( 'NONE',  ( -30.22626958139045783, 10.50583776731347285, -17.50000000000000000 ) ) ;
#5374 = CARTESIAN_POINT ( 'NONE',  ( 23.98220869851797232, -18.13432286965049656, 17.50000000000000000 ) ) ;
#5375 = CARTESIAN_POINT ( 'NONE',  ( -30.54214986003556831, 5.401581428353106951, -17.50000000000000000 ) ) ;
#5376 = LINE ( 'NONE', #7850, #7094 ) ;
#5377 = ORIENTED_EDGE ( 'NONE', *, *, #186, .F. ) ;
#5378 = ORIENTED_EDGE ( 'NONE', *, *, #4481, .T. ) ;
#5379 = CARTESIAN_POINT ( 'NONE',  ( 15.70055015408980026, 28.42347313695304578, 17.50000000000000000 ) ) ;
#5380 = CARTESIAN_POINT ( 'NONE',  ( -30.22626958139069586, -10.50583776731283159, -17.50000000000000000 ) ) ;
#5381 = EDGE_CURVE ( 'NONE', #2442, #6510, #5246, .T. ) ;
#5382 = AXIS2_PLACEMENT_3D ( 'NONE', #320, #4690, #7778 ) ;
#5383 = AXIS2_PLACEMENT_3D ( 'NONE', #5337, #2898, #4840 ) ;
#5384 = VERTEX_POINT ( 'NONE', #4791 ) ;
#5385 = EDGE_LOOP ( 'NONE', ( #4788, #2074, #3154, #8116 ) ) ;
#5386 = ADVANCED_FACE ( 'NONE', ( #6652 ), #5913, .F. ) ;
#5387 = VECTOR ( 'NONE', #6621, 1000.000000000000000 ) ;
#5388 = VERTEX_POINT ( 'NONE', #4095 ) ;
#5389 = ADVANCED_FACE ( 'NONE', ( #2116 ), #6612, .T. ) ;
#5390 = CIRCLE ( 'NONE', #1308, 1.000000000000000888 ) ;
#5391 = LINE ( 'NONE', #858, #4726 ) ;
#5392 = DIRECTION ( 'NONE',  ( 0.000000000000000000, 0.000000000000000000, 1.000000000000000000 ) ) ;
#5393 = CARTESIAN_POINT ( 'NONE',  ( -16.12584365658268126, -28.79161625132310220, -17.50000000000000000 ) ) ;
#5394 = FACE_OUTER_BOUND ( 'NONE', #2806, .T. ) ;
#5395 = CARTESIAN_POINT ( 'NONE',  ( 30.79350594397428154, 11.86423160927086151, -17.50000000000000000 ) ) ;
#5396 = VERTEX_POINT ( 'NONE', #1620 ) ;
#5397 = DIRECTION ( 'NONE',  ( 0.000000000000000000, 0.000000000000000000, 1.000000000000000000 ) ) ;
#5398 = CARTESIAN_POINT ( 'NONE',  ( 10.75825214724779144, 13.25825214724773993, 40.00000000000000000 ) ) ;
#5399 = ORIENTED_EDGE ( 'NONE', *, *, #2992, .F. ) ;
#5400 = CARTESIAN_POINT ( 'NONE',  ( -30.82677953658224013, -3.421938544590588993, 17.50000000000000000 ) ) ;
#5401 = DIRECTION ( 'NONE',  ( 0.000000000000000000, 0.000000000000000000, 1.000000000000000000 ) ) ;
#5402 = CARTESIAN_POINT ( 'NONE',  ( -29.02942188199395801, -11.05860141234916227, -17.50000000000000000 ) ) ;
#5403 = DIRECTION ( 'NONE',  ( 1.000000000000000000, 0.000000000000000000, 0.000000000000000000 ) ) ;
#5404 = ORIENTED_EDGE ( 'NONE', *, *, #1302, .T. ) ;
#5405 = CARTESIAN_POINT ( 'NONE',  ( 10.37096265247130766, -28.22132409475227632, -17.50000000000000000 ) ) ;
#5406 = ORIENTED_EDGE ( 'NONE', *, *, #3872, .F. ) ;
#5407 = CIRCLE ( 'NONE', #2772, 2.499999999999998668 ) ;
#5408 = AXIS2_PLACEMENT_3D ( 'NONE', #5601, #8065, #4201 ) ;
#5409 = EDGE_CURVE ( 'NONE', #7715, #3546, #4668, .T. ) ;
#5410 = EDGE_CURVE ( 'NONE', #6939, #368, #1007, .T. ) ;
#5411 = DIRECTION ( 'NONE',  ( 0.000000000000000000, 0.000000000000000000, -1.000000000000000000 ) ) ;
#5412 = CARTESIAN_POINT ( 'NONE',  ( 6.814723314854704839, -30.30774729573241899, 17.50000000000000000 ) ) ;
#5413 = CIRCLE ( 'NONE', #6736, 1.000000000000000888 ) ;
#5414 = AXIS2_PLACEMENT_3D ( 'NONE', #3473, #1692, #2309 ) ;
#5415 = PLANE ( 'NONE',  #6605 ) ;
#5416 = DIRECTION ( 'NONE',  ( 1.000000000000000000, 0.000000000000000000, 0.000000000000000000 ) ) ;
#5417 = CIRCLE ( 'NONE', #6461, 1.000000000000000000 ) ;
#5418 = VERTEX_POINT ( 'NONE', #7189 ) ;
#5419 = AXIS2_PLACEMENT_3D ( 'NONE', #6338, #698, #7624 ) ;
#5420 = ORIENTED_EDGE ( 'NONE', *, *, #5288, .T. ) ;
#5421 = DIRECTION ( 'NONE',  ( 1.000000000000000000, 0.000000000000000000, 0.000000000000000000 ) ) ;
#5422 = DIRECTION ( 'NONE',  ( -0.7557495743542499422, 0.6548607339452946485, 0.000000000000000000 ) ) ;
#5423 = CIRCLE ( 'NONE', #2262, 1.000000000000000000 ) ;
#5424 = VERTEX_POINT ( 'NONE', #1543 ) ;
#5425 = AXIS2_PLACEMENT_3D ( 'NONE', #5476, #6881, #2341 ) ;
#5426 = ORIENTED_EDGE ( 'NONE', *, *, #1937, .F. ) ;
#5427 = ADVANCED_FACE ( 'NONE', ( #6571 ), #928, .T. ) ;
#5428 = VECTOR ( 'NONE', #2595, 1000.000000000000114 ) ;
#5429 = ORIENTED_EDGE ( 'NONE', *, *, #7577, .F. ) ;
#5430 = VERTEX_POINT ( 'NONE', #7467 ) ;
#5431 = AXIS2_PLACEMENT_3D ( 'NONE', #6033, #6615, #2324 ) ;
#5432 = CARTESIAN_POINT ( 'NONE',  ( -26.87354484763350371, 13.37208238541142080, -17.50000000000000000 ) ) ;
#5433 = LINE ( 'NONE', #3579, #2197 ) ;
#5434 = DIRECTION ( 'NONE',  ( -0.000000000000000000, -0.000000000000000000, 1.000000000000000000 ) ) ;
#5435 = EDGE_CURVE ( 'NONE', #2555, #4477, #991, .T. ) ;
#5436 = LINE ( 'NONE', #1683, #6142 ) ;
#5437 = CARTESIAN_POINT ( 'NONE',  ( -22.50000000000000355, 0.000000000000000000, 40.00000000000000000 ) ) ;
#5438 = EDGE_CURVE ( 'NONE', #3082, #2987, #7391, .T. ) ;
#5439 = ORIENTED_EDGE ( 'NONE', *, *, #7431, .F. ) ;
#5440 = CARTESIAN_POINT ( 'NONE',  ( 21.77337607103705963, 21.05643232665773468, -17.50000000000000000 ) ) ;
#5441 = ORIENTED_EDGE ( 'NONE', *, *, #7784, .F. ) ;
#5442 = CARTESIAN_POINT ( 'NONE',  ( -32.31943353934511265, 6.667399470247398874, -17.50000000000000000 ) ) ;
#5443 = CARTESIAN_POINT ( 'NONE',  ( -28.14919451638097314, 15.05399774408603975, -17.50000000000000000 ) ) ;
#5444 = EDGE_CURVE ( 'NONE', #98, #736, #6783, .T. ) ;
#5445 = CARTESIAN_POINT ( 'NONE',  ( -30.96909437485546235, 2.432117102710313894, -17.50000000000000000 ) ) ;
#5446 = CARTESIAN_POINT ( 'NONE',  ( -9.411469678856999366, 28.50305665159362078, 17.50000000000000000 ) ) ;
#5447 = ORIENTED_EDGE ( 'NONE', *, *, #7, .F. ) ;
#5448 = DIRECTION ( 'NONE',  ( -0.000000000000000000, -0.000000000000000000, 1.000000000000000000 ) ) ;
#5449 = VERTEX_POINT ( 'NONE', #5499 ) ;
#5450 = DIRECTION ( 'NONE',  ( 0.5406408174555807911, -0.8412535328311919747, -0.000000000000000000 ) ) ;
#5451 = CARTESIAN_POINT ( 'NONE',  ( 7.774216288469208536, -30.02601473889101058, -17.50000000000000000 ) ) ;
#5452 = EDGE_CURVE ( 'NONE', #3595, #1415, #1642, .T. ) ;
#5453 = DIRECTION ( 'NONE',  ( -1.000000000000000000, -0.000000000000000000, -0.000000000000000000 ) ) ;
#5454 = CARTESIAN_POINT ( 'NONE',  ( 23.32734796457333815, 18.89007244400392338, -17.50000000000000000 ) ) ;
#5455 = VECTOR ( 'NONE', #2077, 1000.000000000000000 ) ;
#5456 = VECTOR ( 'NONE', #6672, 1000.000000000000000 ) ;
#5457 = FACE_OUTER_BOUND ( 'NONE', #936, .T. ) ;
#5458 = CYLINDRICAL_SURFACE ( 'NONE', #3146, 1.000000000000000888 ) ;
#5459 = VECTOR ( 'NONE', #1043, 1000.000000000000000 ) ;
#5460 = ORIENTED_EDGE ( 'NONE', *, *, #4050, .T. ) ;
#5461 = ORIENTED_EDGE ( 'NONE', *, *, #7002, .T. ) ;
#5462 = DIRECTION ( 'NONE',  ( 0.000000000000000000, 0.000000000000000000, 1.000000000000000000 ) ) ;
#5463 = CARTESIAN_POINT ( 'NONE',  ( 15.00000000000000000, 0.000000000000000000, 40.00000000000000000 ) ) ;
#5464 = VECTOR ( 'NONE', #3016, 1000.000000000000000 ) ;
#5465 = AXIS2_PLACEMENT_3D ( 'NONE', #5655, #5694, #8121 ) ;
#5466 = ORIENTED_EDGE ( 'NONE', *, *, #6687, .T. ) ;
#5467 = EDGE_CURVE ( 'NONE', #3519, #921, #6818, .T. ) ;
#5468 = ORIENTED_EDGE ( 'NONE', *, *, #1284, .T. ) ;
#5469 = EDGE_CURVE ( 'NONE', #2356, #2499, #6250, .T. ) ;
#5470 = ORIENTED_EDGE ( 'NONE', *, *, #5815, .F. ) ;
#5471 = ORIENTED_EDGE ( 'NONE', *, *, #5796, .T. ) ;
#5472 = AXIS2_PLACEMENT_3D ( 'NONE', #2792, #1560, #6499 ) ;
#5473 = CARTESIAN_POINT ( 'NONE',  ( 13.25825214724778967, 13.25825214724773993, 28.00000000000000000 ) ) ;
#5474 = DIRECTION ( 'NONE',  ( -0.000000000000000000, -0.000000000000000000, -1.000000000000000000 ) ) ;
#5475 = AXIS2_PLACEMENT_3D ( 'NONE', #3145, #5660, #3101 ) ;
#5476 = CARTESIAN_POINT ( 'NONE',  ( -32.88869289243827865, 2.708113702723676131, -17.50000000000000000 ) ) ;
#5477 = CARTESIAN_POINT ( 'NONE',  ( 15.15994234640406546, -29.31170667248336414, 17.50000000000000000 ) ) ;
#5478 = DIRECTION ( 'NONE',  ( -0.000000000000000000, -0.000000000000000000, -1.000000000000000000 ) ) ;
#5479 = EDGE_LOOP ( 'NONE', ( #600, #7525, #6996, #6972 ) ) ;
#5480 = AXIS2_PLACEMENT_3D ( 'NONE', #7677, #5286, #169 ) ;
#5481 = AXIS2_PLACEMENT_3D ( 'NONE', #472, #1626, #5506 ) ;
#5482 = ADVANCED_FACE ( 'NONE', ( #4911 ), #6858, .F. ) ;
#5483 = AXIS2_PLACEMENT_3D ( 'NONE', #5171, #4440, #6406 ) ;
#5484 = CARTESIAN_POINT ( 'NONE',  ( 13.25825214724778967, -13.25825214724773993, -40.00000000000000000 ) ) ;
#5485 = ORIENTED_EDGE ( 'NONE', *, *, #7277, .F. ) ;
#5486 = DIRECTION ( 'NONE',  ( -0.000000000000000000, -0.000000000000000000, -1.000000000000000000 ) ) ;
#5487 = LINE ( 'NONE', #1235, #6276 ) ;
#5488 = AXIS2_PLACEMENT_3D ( 'NONE', #3540, #6051, #282 ) ;
#5489 = CIRCLE ( 'NONE', #6539, 1.000000000000000888 ) ;
#5490 = LINE ( 'NONE', #2152, #545 ) ;
#5491 = LINE ( 'NONE', #1772, #7918 ) ;
#5492 = ORIENTED_EDGE ( 'NONE', *, *, #1012, .F. ) ;
#5493 = DIRECTION ( 'NONE',  ( 0.5406408174556098789, 0.8412535328311732119, 0.000000000000000000 ) ) ;
#5494 = ORIENTED_EDGE ( 'NONE', *, *, #4716, .F. ) ;
#5495 = ADVANCED_FACE ( 'NONE', ( #2399 ), #424, .F. ) ;
#5496 = CIRCLE ( 'NONE', #2613, 1.000000000000000888 ) ;
#5497 = DIRECTION ( 'NONE',  ( 7.082098216879769522E-15, 1.000000000000000000, 0.000000000000000000 ) ) ;
#5498 = DIRECTION ( 'NONE',  ( 1.000000000000000000, 0.000000000000000000, 0.000000000000000000 ) ) ;
#5499 = CARTESIAN_POINT ( 'NONE',  ( 7.492483731628811761, 29.06652176527624576, 17.50000000000000000 ) ) ;
#5500 = FACE_OUTER_BOUND ( 'NONE', #147, .T. ) ;
#5501 = DIRECTION ( 'NONE',  ( -0.8412535328311858684, -0.5406408174555902280, 0.000000000000000000 ) ) ;
#5502 = CARTESIAN_POINT ( 'NONE',  ( -28.11978988663920020, 10.64318639934788102, -17.50000000000000000 ) ) ;
#5503 = CIRCLE ( 'NONE', #3790, 2.499999999999996891 ) ;
#5504 = ORIENTED_EDGE ( 'NONE', *, *, #7975, .T. ) ;
#5505 = VERTEX_POINT ( 'NONE', #7428 ) ;
#5506 = DIRECTION ( 'NONE',  ( 1.000000000000000000, 0.000000000000000000, 0.000000000000000000 ) ) ;
#5507 = CIRCLE ( 'NONE', #2602, 0.9999999999999991118 ) ;
#5508 = DIRECTION ( 'NONE',  ( 1.000000000000000000, 0.000000000000000000, 0.000000000000000000 ) ) ;
#5509 = EDGE_LOOP ( 'NONE', ( #5156, #6366, #498 ) ) ;
#5510 = ORIENTED_EDGE ( 'NONE', *, *, #4313, .F. ) ;
#5511 = VERTEX_POINT ( 'NONE', #8004 ) ;
#5512 = ORIENTED_EDGE ( 'NONE', *, *, #7946, .T. ) ;
#5513 = EDGE_CURVE ( 'NONE', #326, #6610, #1205, .T. ) ;
#5514 = CARTESIAN_POINT ( 'NONE',  ( 6.097256819929165239, 31.41374634251425135, -17.50000000000000000 ) ) ;
#5515 = EDGE_CURVE ( 'NONE', #3776, #2899, #6069, .T. ) ;
#5516 = DIRECTION ( 'NONE',  ( 0.000000000000000000, 0.000000000000000000, 1.000000000000000000 ) ) ;
#5517 = CARTESIAN_POINT ( 'NONE',  ( -22.11851533709116424, 21.81218190101262522, 17.50000000000000000 ) ) ;
#5518 = CIRCLE ( 'NONE', #1956, 1.000000000000000000 ) ;
#5519 = CARTESIAN_POINT ( 'NONE',  ( 28.60046011286014433, 16.46249316879727687, 17.50000000000000000 ) ) ;
#5520 = CARTESIAN_POINT ( 'NONE',  ( -31.17084050580915999, -10.83414519754135874, -17.50000000000000000 ) ) ;
#5521 = ORIENTED_EDGE ( 'NONE', *, *, #1601, .F. ) ;
#5522 = CIRCLE ( 'NONE', #517, 1.000000000000000888 ) ;
#5523 = EDGE_CURVE ( 'NONE', #2174, #3405, #4950, .T. ) ;
#5524 = CARTESIAN_POINT ( 'NONE',  ( -9.411469678857619314, -28.50305665159341473, -17.50000000000000000 ) ) ;
#5525 = VERTEX_POINT ( 'NONE', #5615 ) ;
#5526 = DIRECTION ( 'NONE',  ( -0.000000000000000000, -0.000000000000000000, -1.000000000000000000 ) ) ;
#5527 = DIRECTION ( 'NONE',  ( -0.000000000000000000, -0.000000000000000000, -1.000000000000000000 ) ) ;
#5528 = DIRECTION ( 'NONE',  ( -0.000000000000000000, 0.000000000000000000, -1.000000000000000000 ) ) ;
#5529 = EDGE_CURVE ( 'NONE', #5241, #1823, #6190, .T. ) ;
#5530 = CARTESIAN_POINT ( 'NONE',  ( 10.89472168800163487, 30.00508355830704943, -17.50000000000000000 ) ) ;
#5531 = ORIENTED_EDGE ( 'NONE', *, *, #2896, .T. ) ;
#5532 = ORIENTED_EDGE ( 'NONE', *, *, #2215, .T. ) ;
#5533 = EDGE_CURVE ( 'NONE', #5898, #448, #2299, .T. ) ;
#5534 = CARTESIAN_POINT ( 'NONE',  ( 15.54180368692097503, 27.88283231949743524, -17.50000000000000000 ) ) ;
#5535 = DIRECTION ( 'NONE',  ( -0.000000000000000000, -0.000000000000000000, -1.000000000000000000 ) ) ;
#5536 = DIRECTION ( 'NONE',  ( 1.000000000000000000, 1.734723475976805517E-15, 0.000000000000000000 ) ) ;
#5537 = CARTESIAN_POINT ( 'NONE',  ( 0.000000000000000000, 0.000000000000000000, -17.50000000000000000 ) ) ;
#5538 = CARTESIAN_POINT ( 'NONE',  ( -27.73377950337942721, -15.96362973943997154, -17.50000000000000000 ) ) ;
#5539 = CARTESIAN_POINT ( 'NONE',  ( 0.000000000000000000, 0.000000000000000000, -17.50000000000000000 ) ) ;
#5540 = EDGE_CURVE ( 'NONE', #6445, #6585, #4331, .T. ) ;
#5541 = ORIENTED_EDGE ( 'NONE', *, *, #1231, .T. ) ;
#5542 = ORIENTED_EDGE ( 'NONE', *, *, #748, .F. ) ;
#5543 = DIRECTION ( 'NONE',  ( 1.000000000000000000, 0.000000000000000000, 0.000000000000000000 ) ) ;
#5544 = CARTESIAN_POINT ( 'NONE',  ( -27.36776182998611873, 14.69712939376783467, 17.50000000000000000 ) ) ;
#5545 = ADVANCED_FACE ( 'NONE', ( #6777 ), #6154, .T. ) ;
#5546 = EDGE_LOOP ( 'NONE', ( #3509, #212, #7603, #203 ) ) ;
#5547 = AXIS2_PLACEMENT_3D ( 'NONE', #5375, #3525, #2814 ) ;
#5548 = ORIENTED_EDGE ( 'NONE', *, *, #7777, .T. ) ;
#5549 = AXIS2_PLACEMENT_3D ( 'NONE', #1573, #7302, #2192 ) ;
#5550 = VERTEX_POINT ( 'NONE', #6229 ) ;
#5551 = ORIENTED_EDGE ( 'NONE', *, *, #1877, .F. ) ;
#5552 = CARTESIAN_POINT ( 'NONE',  ( -15.91861180829199540, 26.61950033522242265, -17.50000000000000000 ) ) ;
#5553 = CARTESIAN_POINT ( 'NONE',  ( 18.44237240678627998, 24.99757788285513627, 17.50000000000000000 ) ) ;
#5554 = DIRECTION ( 'NONE',  ( 0.000000000000000000, 0.000000000000000000, 1.000000000000000000 ) ) ;
#5555 = DIRECTION ( 'NONE',  ( -0.000000000000000000, -0.000000000000000000, 1.000000000000000000 ) ) ;
#5556 = ADVANCED_FACE ( 'NONE', ( #6734 ), #3602, .F. ) ;
#5557 = CARTESIAN_POINT ( 'NONE',  ( -7.492483731627995525, 29.06652176527645537, -17.50000000000000000 ) ) ;
#5558 = AXIS2_PLACEMENT_3D ( 'NONE', #324, #6011, #3374 ) ;
#5559 = DIRECTION ( 'NONE',  ( 0.000000000000000000, 0.000000000000000000, 1.000000000000000000 ) ) ;
#5560 = ORIENTED_EDGE ( 'NONE', *, *, #42, .F. ) ;
#5561 = ADVANCED_FACE ( 'NONE', ( #4873 ), #3762, .F. ) ;
#5562 = AXIS2_PLACEMENT_3D ( 'NONE', #7871, #3333, #5853 ) ;
#5563 = CIRCLE ( 'NONE', #430, 33.00000000000001421 ) ;
#5564 = DIRECTION ( 'NONE',  ( 0.000000000000000000, 0.000000000000000000, -1.000000000000000000 ) ) ;
#5565 = ORIENTED_EDGE ( 'NONE', *, *, #1911, .F. ) ;
#5566 = CARTESIAN_POINT ( 'NONE',  ( -31.10784078822863918, -7.503481958012538477, -17.50000000000000000 ) ) ;
#5567 = DIRECTION ( 'NONE',  ( 0.4154150130018774978, -0.9096319953545224379, 0.000000000000000000 ) ) ;
#5568 = CARTESIAN_POINT ( 'NONE',  ( 22.76775307624865263, -22.37474960438599680, 17.50000000000000000 ) ) ;
#5569 = DIRECTION ( 'NONE',  ( 0.000000000000000000, 0.000000000000000000, 1.000000000000000000 ) ) ;
#5570 = ORIENTED_EDGE ( 'NONE', *, *, #1957, .T. ) ;
#5571 = ADVANCED_FACE ( 'NONE', ( #5656 ), #3141, .T. ) ;
#5572 = CYLINDRICAL_SURFACE ( 'NONE', #1469, 33.00000000000001421 ) ;
#5573 = CARTESIAN_POINT ( 'NONE',  ( 23.58416934417968491, 23.08217832755513044, -17.50000000000000000 ) ) ;
#5574 = CARTESIAN_POINT ( 'NONE',  ( -30.82677953658224013, -3.421938544590588993, -17.50000000000000000 ) ) ;
#5575 = DIRECTION ( 'NONE',  ( 0.000000000000000000, 0.000000000000000000, -1.000000000000000000 ) ) ;
#5576 = CARTESIAN_POINT ( 'NONE',  ( 31.17084050580923105, 10.83414519754114913, -17.50000000000000000 ) ) ;
#5577 = CARTESIAN_POINT ( 'NONE',  ( -32.31943353934511265, 6.667399470247398874, -17.50000000000000000 ) ) ;
#5578 = CARTESIAN_POINT ( 'NONE',  ( 29.81085456838849623, -11.41546976266820401, 17.50000000000000000 ) ) ;
#5579 = EDGE_CURVE ( 'NONE', #4828, #7737, #6115, .T. ) ;
#5580 = ORIENTED_EDGE ( 'NONE', *, *, #7784, .T. ) ;
#5581 = DIRECTION ( 'NONE',  ( 0.1423148382732677131, -0.9898214418809352377, 0.000000000000000000 ) ) ;
#5582 = CARTESIAN_POINT ( 'NONE',  ( 30.22626958139040099, -10.50583776731369312, -17.50000000000000000 ) ) ;
#5583 = ORIENTED_EDGE ( 'NONE', *, *, #5444, .F. ) ;
#5584 = AXIS2_PLACEMENT_3D ( 'NONE', #6988, #6282, #6318 ) ;
#5585 = ORIENTED_EDGE ( 'NONE', *, *, #5017, .T. ) ;
#5586 = ORIENTED_EDGE ( 'NONE', *, *, #1031, .T. ) ;
#5587 = EDGE_CURVE ( 'NONE', #1420, #3542, #1739, .T. ) ;
#5588 = CARTESIAN_POINT ( 'NONE',  ( 29.83695809470120963, -3.279623706318152809, -17.50000000000000000 ) ) ;
#5589 = VERTEX_POINT ( 'NONE', #2780 ) ;
#5590 = DIRECTION ( 'NONE',  ( 1.000000000000000000, 0.000000000000000000, 0.000000000000000000 ) ) ;
#5591 = AXIS2_PLACEMENT_3D ( 'NONE', #3793, #6258, #6299 ) ;
#5592 = CARTESIAN_POINT ( 'NONE',  ( 32.10784078822869247, 7.503481958012334196, 17.50000000000000000 ) ) ;
#5593 = DIRECTION ( 'NONE',  ( 1.000000000000000000, 0.000000000000000000, 0.000000000000000000 ) ) ;
#5594 = DIRECTION ( 'NONE',  ( 0.000000000000000000, 0.000000000000000000, 1.000000000000000000 ) ) ;
#5595 = CARTESIAN_POINT ( 'NONE',  ( -7.774216288469411928, 30.02601473889095729, -17.50000000000000000 ) ) ;
#5596 = EDGE_CURVE ( 'NONE', #2781, #6644, #2359, .T. ) ;
#5597 = DIRECTION ( 'NONE',  ( -0.000000000000000000, -0.000000000000000000, -1.000000000000000000 ) ) ;
#5598 = ORIENTED_EDGE ( 'NONE', *, *, #46, .T. ) ;
#5599 = AXIS2_PLACEMENT_3D ( 'NONE', #541, #8075, #1778 ) ;
#5600 = VECTOR ( 'NONE', #4864, 1000.000000000000000 ) ;
#5601 = CARTESIAN_POINT ( 'NONE',  ( 0.000000000000000000, 0.000000000000000000, -20.00000000000000000 ) ) ;
#5602 = ORIENTED_EDGE ( 'NONE', *, *, #4313, .T. ) ;
#5603 = CARTESIAN_POINT ( 'NONE',  ( 32.31943353934505581, -6.667399470247620918, -17.50000000000000000 ) ) ;
#5604 = CARTESIAN_POINT ( 'NONE',  ( 13.25825214724778967, 13.25825214724773993, -28.00000000000000000 ) ) ;
#5605 = CARTESIAN_POINT ( 'NONE',  ( 14.70055015408980026, 28.42347313695304578, -17.50000000000000000 ) ) ;
#5606 = CYLINDRICAL_SURFACE ( 'NONE', #1078, 1.000000000000000000 ) ;
#5607 = EDGE_LOOP ( 'NONE', ( #3043, #1068, #7102, #5794 ) ) ;
#5608 = EDGE_LOOP ( 'NONE', ( #892, #2028, #760, #7133 ) ) ;
#5609 = AXIS2_PLACEMENT_3D ( 'NONE', #6570, #927, #837 ) ;
#5610 = AXIS2_PLACEMENT_3D ( 'NONE', #6962, #5835, #6491 ) ;
#5611 = DIRECTION ( 'NONE',  ( 1.000000000000000000, 0.000000000000000000, 0.000000000000000000 ) ) ;
#5612 = CARTESIAN_POINT ( 'NONE',  ( -35.00000000000000711, 0.000000000000000000, 20.00000000000000000 ) ) ;
#5613 = EDGE_CURVE ( 'NONE', #1755, #6445, #2035, .T. ) ;
#5614 = EDGE_CURVE ( 'NONE', #6433, #4061, #6776, .T. ) ;
#5615 = CARTESIAN_POINT ( 'NONE',  ( -15.37797099083697283, -25.77824680239089972, -17.50000000000000000 ) ) ;
#5616 = DIRECTION ( 'NONE',  ( -1.000000000000000000, 0.000000000000000000, 0.000000000000000000 ) ) ;
#5617 = VECTOR ( 'NONE', #7372, 999.9999999999998863 ) ;
#5618 = DIRECTION ( 'NONE',  ( 0.000000000000000000, 0.000000000000000000, -1.000000000000000000 ) ) ;
#5619 = VECTOR ( 'NONE', #1305, 1000.000000000000114 ) ;
#5620 = CIRCLE ( 'NONE', #7725, 0.9999999999999991118 ) ;
#5621 = AXIS2_PLACEMENT_3D ( 'NONE', #6842, #1107, #7988 ) ;
#5622 = DIRECTION ( 'NONE',  ( 0.000000000000000000, 0.000000000000000000, 1.000000000000000000 ) ) ;
#5623 = CARTESIAN_POINT ( 'NONE',  ( 17.06047805649949822, 24.69696516747957205, -17.50000000000000000 ) ) ;
#5624 = VERTEX_POINT ( 'NONE', #2740 ) ;
#5625 = DIRECTION ( 'NONE',  ( 0.000000000000000000, 0.000000000000000000, -1.000000000000000000 ) ) ;
#5626 = DIRECTION ( 'NONE',  ( -7.672273068286434534E-15, -1.000000000000000000, 0.000000000000000000 ) ) ;
#5627 = AXIS2_PLACEMENT_3D ( 'NONE', #2633, #5032, #1395 ) ;
#5628 = ORIENTED_EDGE ( 'NONE', *, *, #2963, .T. ) ;
#5629 = VERTEX_POINT ( 'NONE', #7813 ) ;
#5630 = ORIENTED_EDGE ( 'NONE', *, *, #1311, .F. ) ;
#5631 = CARTESIAN_POINT ( 'NONE',  ( 0.000000000000000000, 0.000000000000000000, 17.50000000000000000 ) ) ;
#5632 = ORIENTED_EDGE ( 'NONE', *, *, #7359, .T. ) ;
#5633 = EDGE_CURVE ( 'NONE', #3469, #5805, #6368, .T. ) ;
#5634 = CARTESIAN_POINT ( 'NONE',  ( -6.287796095551045461, 32.39542591571800756, 17.50000000000000000 ) ) ;
#5635 = PLANE ( 'NONE',  #7951 ) ;
#5636 = DIRECTION ( 'NONE',  ( 1.000000000000000000, -7.082098216879770311E-15, 0.000000000000000000 ) ) ;
#5637 = DIRECTION ( 'NONE',  ( 1.000000000000000000, 0.000000000000000000, 0.000000000000000000 ) ) ;
#5638 = CARTESIAN_POINT ( 'NONE',  ( 0.9999999999997795097, -30.00000000000002132, -17.50000000000000000 ) ) ;
#5639 = EDGE_CURVE ( 'NONE', #1951, #7650, #891, .T. ) ;
#5640 = DIRECTION ( 'NONE',  ( 0.000000000000000000, 0.000000000000000000, 1.000000000000000000 ) ) ;
#5641 = ORIENTED_EDGE ( 'NONE', *, *, #4915, .T. ) ;
#5642 = EDGE_CURVE ( 'NONE', #160, #2409, #4018, .T. ) ;
#5643 = LINE ( 'NONE', #6927, #6555 ) ;
#5644 = ORIENTED_EDGE ( 'NONE', *, *, #3628, .F. ) ;
#5645 = DIRECTION ( 'NONE',  ( 0.000000000000000000, 0.000000000000000000, -1.000000000000000000 ) ) ;
#5646 = DIRECTION ( 'NONE',  ( 1.000000000000000000, 0.000000000000000000, 0.000000000000000000 ) ) ;
#5647 = LINE ( 'NONE', #496, #7275 ) ;
#5648 = DIRECTION ( 'NONE',  ( 0.5406408174556038837, 0.8412535328311772087, 0.000000000000000000 ) ) ;
#5649 = ORIENTED_EDGE ( 'NONE', *, *, #1371, .F. ) ;
#5650 = ORIENTED_EDGE ( 'NONE', *, *, #549, .F. ) ;
#5651 = CIRCLE ( 'NONE', #2091, 2.499999999999996891 ) ;
#5652 = VECTOR ( 'NONE', #265, 1000.000000000000000 ) ;
#5653 = ORIENTED_EDGE ( 'NONE', *, *, #1382, .F. ) ;
#5654 = DIRECTION ( 'NONE',  ( 0.000000000000000000, 0.000000000000000000, 1.000000000000000000 ) ) ;
#5655 = CARTESIAN_POINT ( 'NONE',  ( 0.000000000000000000, 0.000000000000000000, -17.50000000000000000 ) ) ;
#5656 = FACE_OUTER_BOUND ( 'NONE', #7453, .T. ) ;
#5657 = CARTESIAN_POINT ( 'NONE',  ( 14.91861180829275746, 26.61950033522196435, 17.50000000000000000 ) ) ;
#5658 = DIRECTION ( 'NONE',  ( 4.426311385549866305E-16, -1.000000000000000000, 0.000000000000000000 ) ) ;
#5659 = LINE ( 'NONE', #6278, #244 ) ;
#5660 = DIRECTION ( 'NONE',  ( 0.000000000000000000, 0.000000000000000000, 1.000000000000000000 ) ) ;
#5661 = EDGE_CURVE ( 'NONE', #5396, #6004, #7563, .T. ) ;
#5662 = EDGE_CURVE ( 'NONE', #4036, #2899, #4872, .T. ) ;
#5663 = ORIENTED_EDGE ( 'NONE', *, *, #5916, .F. ) ;
#5664 = CYLINDRICAL_SURFACE ( 'NONE', #2979, 1.000000000000000000 ) ;
#5665 = CARTESIAN_POINT ( 'NONE',  ( -15.75825214724778789, -13.25825214724773993, -28.00000000000000000 ) ) ;
#5666 = ORIENTED_EDGE ( 'NONE', *, *, #4601, .F. ) ;
#5667 = ORIENTED_EDGE ( 'NONE', *, *, #1405, .F. ) ;
#5668 = DIRECTION ( 'NONE',  ( -1.000000000000000000, 0.000000000000000000, 0.000000000000000000 ) ) ;
#5669 = ORIENTED_EDGE ( 'NONE', *, *, #7058, .F. ) ;
#5670 = VECTOR ( 'NONE', #4836, 1000.000000000000114 ) ;
#5671 = CIRCLE ( 'NONE', #4347, 1.000000000000000000 ) ;
#5672 = FACE_BOUND ( 'NONE', #44, .T. ) ;
#5673 = DIRECTION ( 'NONE',  ( 0.000000000000000000, 0.000000000000000000, -1.000000000000000000 ) ) ;
#5674 = DIRECTION ( 'NONE',  ( 1.000000000000000000, 0.000000000000000000, 0.000000000000000000 ) ) ;
#5675 = CARTESIAN_POINT ( 'NONE',  ( 22.80392022800032947, -23.85332727807587005, -17.50000000000000000 ) ) ;
#5676 = CONICAL_SURFACE ( 'NONE', #7517, 2.499999999999996891, 1.029744258676653645 ) ;
#5677 = VECTOR ( 'NONE', #5944, 1000.000000000000000 ) ;
#5678 = LINE ( 'NONE', #5871, #488 ) ;
#5679 = ORIENTED_EDGE ( 'NONE', *, *, #5109, .F. ) ;
#5680 = AXIS2_PLACEMENT_3D ( 'NONE', #5984, #1652, #5403 ) ;
#5681 = CARTESIAN_POINT ( 'NONE',  ( 17.60111887395420283, -25.53821870031136854, -17.50000000000000000 ) ) ;
#5682 = DIRECTION ( 'NONE',  ( 1.000000000000000000, 0.000000000000000000, 0.000000000000000000 ) ) ;
#5683 = ADVANCED_FACE ( 'NONE', ( #267 ), #2127, .T. ) ;
#5684 = AXIS2_PLACEMENT_3D ( 'NONE', #6891, #6812, #8069 ) ;
#5685 = CARTESIAN_POINT ( 'NONE',  ( 32.88869289243837102, 2.708113702722761307, -17.50000000000000000 ) ) ;
#5686 = DIRECTION ( 'NONE',  ( -0.2817325568414363324, -0.9594929736144954813, -0.000000000000000000 ) ) ;
#5687 = DIRECTION ( 'NONE',  ( 0.000000000000000000, -0.000000000000000000, 1.000000000000000000 ) ) ;
#5688 = ORIENTED_EDGE ( 'NONE', *, *, #5533, .F. ) ;
#5689 = EDGE_LOOP ( 'NONE', ( #5583, #5978, #1685, #845 ) ) ;
#5690 = ORIENTED_EDGE ( 'NONE', *, *, #1160, .T. ) ;
#5691 = EDGE_CURVE ( 'NONE', #7338, #2183, #5990, .T. ) ;
#5692 = DIRECTION ( 'NONE',  ( -0.000000000000000000, 0.000000000000000000, 1.000000000000000000 ) ) ;
#5693 = ORIENTED_EDGE ( 'NONE', *, *, #3259, .F. ) ;
#5694 = DIRECTION ( 'NONE',  ( 0.000000000000000000, 0.000000000000000000, 1.000000000000000000 ) ) ;
#5695 = AXIS2_PLACEMENT_3D ( 'NONE', #7071, #4627, #7726 ) ;
#5696 = CYLINDRICAL_SURFACE ( 'NONE', #22, 1.000000000000000888 ) ;
#5697 = DIRECTION ( 'NONE',  ( 0.000000000000000000, -0.000000000000000000, -1.000000000000000000 ) ) ;
#5698 = CARTESIAN_POINT ( 'NONE',  ( 24.08309753892760696, 19.54493317794919705, -17.50000000000000000 ) ) ;
#5699 = EDGE_LOOP ( 'NONE', ( #6053, #3753, #5004, #5988 ) ) ;
#5700 = CARTESIAN_POINT ( 'NONE',  ( 30.82677953658226144, 3.421938544590388265, -17.50000000000000000 ) ) ;
#5701 = EDGE_CURVE ( 'NONE', #2660, #45, #2430, .T. ) ;
#5702 = VERTEX_POINT ( 'NONE', #6067 ) ;
#5703 = DIRECTION ( 'NONE',  ( 0.000000000000000000, -0.000000000000000000, 1.000000000000000000 ) ) ;
#5704 = CYLINDRICAL_SURFACE ( 'NONE', #2164, 1.000000000000000000 ) ;
#5705 = ORIENTED_EDGE ( 'NONE', *, *, #4025, .F. ) ;
#5706 = CARTESIAN_POINT ( 'NONE',  ( -28.61400686899181167, 11.96823340770429134, -17.50000000000000000 ) ) ;
#5707 = VERTEX_POINT ( 'NONE', #2978 ) ;
#5708 = ORIENTED_EDGE ( 'NONE', *, *, #2813, .F. ) ;
#5709 = CARTESIAN_POINT ( 'NONE',  ( 31.96172981786824607, -1.564553306727832993, -17.50000000000000000 ) ) ;
#5710 = DIRECTION ( 'NONE',  ( 0.8412535328311727678, -0.5406408174556106561, 0.000000000000000000 ) ) ;
#5711 = ADVANCED_FACE ( 'NONE', ( #4175 ), #7694, .F. ) ;
#5712 = CIRCLE ( 'NONE', #176, 0.9999999999999974465 ) ;
#5713 = EDGE_CURVE ( 'NONE', #7299, #6701, #4007, .T. ) ;
#5714 = LINE ( 'NONE', #2579, #3014 ) ;
#5715 = ORIENTED_EDGE ( 'NONE', *, *, #703, .F. ) ;
#5716 = VECTOR ( 'NONE', #5222, 1000.000000000000000 ) ;
#5717 = AXIS2_PLACEMENT_3D ( 'NONE', #8122, #6107, #464 ) ;
#5718 = PLANE ( 'NONE',  #6448 ) ;
#5719 = DIRECTION ( 'NONE',  ( -1.000000000000000000, 0.000000000000000000, 0.000000000000000000 ) ) ;
#5720 = LINE ( 'NONE', #3327, #2311 ) ;
#5721 = CARTESIAN_POINT ( 'NONE',  ( 2.999999999999764189, -31.85906464414802031, -17.50000000000000000 ) ) ;
#5722 = AXIS2_PLACEMENT_3D ( 'NONE', #7999, #1735, #500 ) ;
#5723 = CARTESIAN_POINT ( 'NONE',  ( -32.88869289243827865, 2.708113702723676131, -17.50000000000000000 ) ) ;
#5724 = ORIENTED_EDGE ( 'NONE', *, *, #7160, .T. ) ;
#5725 = AXIS2_PLACEMENT_3D ( 'NONE', #6511, #870, #3384 ) ;
#5726 = ORIENTED_EDGE ( 'NONE', *, *, #5263, .F. ) ;
#5727 = EDGE_CURVE ( 'NONE', #1357, #5111, #4932, .T. ) ;
#5728 = ORIENTED_EDGE ( 'NONE', *, *, #2322, .F. ) ;
#5729 = LINE ( 'NONE', #6344, #2142 ) ;
#5730 = ORIENTED_EDGE ( 'NONE', *, *, #2951, .F. ) ;
#5731 = LINE ( 'NONE', #4287, #2433 ) ;
#5732 = VECTOR ( 'NONE', #7602, 1000.000000000000000 ) ;
#5733 = CARTESIAN_POINT ( 'NONE',  ( -1.999999999999999556, 31.85906464414798478, 17.50000000000000000 ) ) ;
#5734 = DIRECTION ( 'NONE',  ( 0.000000000000000000, 0.000000000000000000, 1.000000000000000000 ) ) ;
#5735 = EDGE_CURVE ( 'NONE', #4454, #6955, #4250, .T. ) ;
#5736 = DIRECTION ( 'NONE',  ( 0.2817325568414179582, -0.9594929736145009214, 0.000000000000000000 ) ) ;
#5737 = DIRECTION ( 'NONE',  ( 0.000000000000000000, -0.000000000000000000, -1.000000000000000000 ) ) ;
#5738 = EDGE_CURVE ( 'NONE', #7720, #1186, #7170, .T. ) ;
#5739 = VECTOR ( 'NONE', #3921, 1000.000000000000000 ) ;
#5740 = ORIENTED_EDGE ( 'NONE', *, *, #2215, .F. ) ;
#5741 = CIRCLE ( 'NONE', #4952, 33.00000000000001421 ) ;
#5742 = DIRECTION ( 'NONE',  ( -0.2817325568414363324, -0.9594929736144954813, 0.000000000000000000 ) ) ;
#5743 = LINE ( 'NONE', #100, #8078 ) ;
#5744 = AXIS2_PLACEMENT_3D ( 'NONE', #7301, #1572, #6059 ) ;
#5745 = VECTOR ( 'NONE', #4117, 1000.000000000000114 ) ;
#5746 = DIRECTION ( 'NONE',  ( 1.000000000000000000, 0.000000000000000000, 0.000000000000000000 ) ) ;
#5747 = ORIENTED_EDGE ( 'NONE', *, *, #8096, .T. ) ;
#5748 = AXIS2_PLACEMENT_3D ( 'NONE', #4013, #5249, #74 ) ;
#5749 = DIRECTION ( 'NONE',  ( -0.000000000000000000, -0.000000000000000000, -1.000000000000000000 ) ) ;
#5750 = ORIENTED_EDGE ( 'NONE', *, *, #8132, .F. ) ;
#5751 = ORIENTED_EDGE ( 'NONE', *, *, #4566, .F. ) ;
#5752 = DIRECTION ( 'NONE',  ( 1.000000000000000000, 0.000000000000000000, 0.000000000000000000 ) ) ;
#5753 = LINE ( 'NONE', #111, #5084 ) ;
#5754 = ORIENTED_EDGE ( 'NONE', *, *, #3738, .T. ) ;
#5755 = ORIENTED_EDGE ( 'NONE', *, *, #4999, .F. ) ;
#5756 = ADVANCED_FACE ( 'NONE', ( #2398 ), #7110, .T. ) ;
#5757 = ADVANCED_FACE ( 'NONE', ( #4413 ), #2516, .F. ) ;
#5758 = CIRCLE ( 'NONE', #7735, 35.00000000000000711 ) ;
#5759 = CYLINDRICAL_SURFACE ( 'NONE', #3262, 1.000000000000000888 ) ;
#5760 = DIRECTION ( 'NONE',  ( 0.000000000000000000, 0.000000000000000000, 1.000000000000000000 ) ) ;
#5761 = CARTESIAN_POINT ( 'NONE',  ( 0.000000000000000000, 0.000000000000000000, 17.50000000000000000 ) ) ;
#5762 = CIRCLE ( 'NONE', #5104, 33.00000000000000711 ) ;
#5763 = DIRECTION ( 'NONE',  ( 0.9096319953545256576, 0.4154150130018703369, 0.000000000000000000 ) ) ;
#5764 = CARTESIAN_POINT ( 'NONE',  ( 6.532990758014317834, 29.34825432211768970, 17.50000000000000000 ) ) ;
#5765 = EDGE_LOOP ( 'NONE', ( #2182, #1526, #8019, #7619 ) ) ;
#5766 = ORIENTED_EDGE ( 'NONE', *, *, #6549, .F. ) ;
#5767 = EDGE_LOOP ( 'NONE', ( #2302, #4345, #5953 ) ) ;
#5768 = DIRECTION ( 'NONE',  ( 1.000000000000000000, 0.000000000000000000, 0.000000000000000000 ) ) ;
#5769 = ORIENTED_EDGE ( 'NONE', *, *, #346, .F. ) ;
#5770 = DIRECTION ( 'NONE',  ( 1.000000000000000000, 0.000000000000000000, 0.000000000000000000 ) ) ;
#5771 = VECTOR ( 'NONE', #2828, 1000.000000000000114 ) ;
#5772 = ADVANCED_FACE ( 'NONE', ( #90 ), #1323, .F. ) ;
#5773 = CARTESIAN_POINT ( 'NONE',  ( 31.10784078822869247, 7.503481958012334196, 17.50000000000000000 ) ) ;
#5774 = AXIS2_PLACEMENT_3D ( 'NONE', #7470, #5078, #6821 ) ;
#5775 = DIRECTION ( 'NONE',  ( 1.000000000000000000, 0.000000000000000000, 0.000000000000000000 ) ) ;
#5776 = ORIENTED_EDGE ( 'NONE', *, *, #7743, .F. ) ;
#5777 = SURFACE_SIDE_STYLE ('',( #5907 ) ) ;
#5778 = ADVANCED_FACE ( 'NONE', ( #6270 ), #1245, .F. ) ;
#5779 = CYLINDRICAL_SURFACE ( 'NONE', #1137, 1.000000000000000888 ) ;
#5780 = MECHANICAL_DESIGN_GEOMETRIC_PRESENTATION_REPRESENTATION (  '', ( #7889 ), #777 ) ;
#5781 = EDGE_LOOP ( 'NONE', ( #4026, #2729, #5195 ) ) ;
#5782 = DIRECTION ( 'NONE',  ( -0.000000000000000000, -0.000000000000000000, 1.000000000000000000 ) ) ;
#5783 = CARTESIAN_POINT ( 'NONE',  ( 32.07996081286083268, 7.737965769200218169, -17.50000000000000000 ) ) ;
#5784 = CARTESIAN_POINT ( 'NONE',  ( 22.11289234230335055, -23.13049917874024075, -17.50000000000000000 ) ) ;
#5785 = CARTESIAN_POINT ( 'NONE',  ( 26.78317684298841783, 13.78749739841254573, -17.50000000000000000 ) ) ;
#5786 = EDGE_CURVE ( 'NONE', #2057, #7897, #1514, .T. ) ;
#5787 = EDGE_CURVE ( 'NONE', #4285, #7719, #7508, .T. ) ;
#5788 = LINE ( 'NONE', #5166, #233 ) ;
#5789 = ORIENTED_EDGE ( 'NONE', *, *, #3496, .F. ) ;
#5790 = ORIENTED_EDGE ( 'NONE', *, *, #793, .T. ) ;
#5791 = ADVANCED_FACE ( 'NONE', ( #6346 ), #3094, .T. ) ;
#5792 = LINE ( 'NONE', #1504, #4205 ) ;
#5793 = DIRECTION ( 'NONE',  ( 0.000000000000000000, -0.000000000000000000, -1.000000000000000000 ) ) ;
#5794 = ORIENTED_EDGE ( 'NONE', *, *, #1836, .T. ) ;
#5795 = ORIENTED_EDGE ( 'NONE', *, *, #5820, .F. ) ;
#5796 = EDGE_CURVE ( 'NONE', #726, #5319, #5731, .T. ) ;
#5797 = DIRECTION ( 'NONE',  ( -0.000000000000000000, -0.000000000000000000, 1.000000000000000000 ) ) ;
#5798 = CARTESIAN_POINT ( 'NONE',  ( -25.38719601202997467, 19.35175130696883272, 17.50000000000000000 ) ) ;
#5799 = DIRECTION ( 'NONE',  ( -0.000000000000000000, -0.000000000000000000, -1.000000000000000000 ) ) ;
#5800 = AXIS2_PLACEMENT_3D ( 'NONE', #6902, #1402, #1981 ) ;
#5801 = CYLINDRICAL_SURFACE ( 'NONE', #3845, 35.00000000000000711 ) ;
#5802 = VECTOR ( 'NONE', #5993, 1000.000000000000000 ) ;
#5803 = EDGE_CURVE ( 'NONE', #790, #6681, #6978, .T. ) ;
#5804 = CARTESIAN_POINT ( 'NONE',  ( 30.22626958139076336, 10.50583776731262731, 17.50000000000000000 ) ) ;
#5805 = VERTEX_POINT ( 'NONE', #6898 ) ;
#5806 = ORIENTED_EDGE ( 'NONE', *, *, #3147, .T. ) ;
#5807 = CIRCLE ( 'NONE', #676, 1.000000000000000888 ) ;
#5808 = AXIS2_PLACEMENT_3D ( 'NONE', #2674, #5189, #164 ) ;
#5809 = ORIENTED_EDGE ( 'NONE', *, *, #797, .T. ) ;
#5810 = FACE_OUTER_BOUND ( 'NONE', #3434, .T. ) ;
#5811 = ORIENTED_EDGE ( 'NONE', *, *, #3358, .F. ) ;
#5812 = CIRCLE ( 'NONE', #6873, 1.000000000000000888 ) ;
#5813 = CARTESIAN_POINT ( 'NONE',  ( -15.75825214724779144, -13.25825214724773993, 40.00000000000000000 ) ) ;
#5814 = CARTESIAN_POINT ( 'NONE',  ( -17.06047805649932059, -24.69696516747969284, -17.50000000000000000 ) ) ;
#5815 = EDGE_CURVE ( 'NONE', #5028, #2849, #7047, .T. ) ;
#5816 = CIRCLE ( 'NONE', #809, 1.000000000000000888 ) ;
#5817 = DIRECTION ( 'NONE',  ( -0.000000000000000000, -0.000000000000000000, -1.000000000000000000 ) ) ;
#5818 = VERTEX_POINT ( 'NONE', #5612 ) ;
#5819 = CYLINDRICAL_SURFACE ( 'NONE', #3677, 1.000000000000000888 ) ;
#5820 = EDGE_CURVE ( 'NONE', #5886, #4593, #4674, .T. ) ;
#5821 = EDGE_LOOP ( 'NONE', ( #7013, #6021, #5301, #5228 ) ) ;
#5822 = FACE_OUTER_BOUND ( 'NONE', #3138, .T. ) ;
#5823 = EDGE_LOOP ( 'NONE', ( #1936, #5628, #7131, #3436 ) ) ;
#5824 = VECTOR ( 'NONE', #1369, 1000.000000000000000 ) ;
#5825 = ORIENTED_EDGE ( 'NONE', *, *, #2775, .T. ) ;
#5826 = CARTESIAN_POINT ( 'NONE',  ( -1.000000000000000000, 30.00000000000000000, -17.50000000000000000 ) ) ;
#5827 = DIRECTION ( 'NONE',  ( 0.000000000000000000, 0.000000000000000000, -1.000000000000000000 ) ) ;
#5828 = DIRECTION ( 'NONE',  ( 1.000000000000000000, 0.000000000000000000, 0.000000000000000000 ) ) ;
#5829 = LINE ( 'NONE', #263, #4637 ) ;
#5830 = EDGE_CURVE ( 'NONE', #2532, #5424, #3057, .T. ) ;
#5831 = DIRECTION ( 'NONE',  ( 1.000000000000000000, -3.469446951953611033E-15, 0.000000000000000000 ) ) ;
#5832 = EDGE_LOOP ( 'NONE', ( #7138, #7078, #4342, #1243 ) ) ;
#5833 = ORIENTED_EDGE ( 'NONE', *, *, #5168, .T. ) ;
#5834 = PLANE ( 'NONE',  #6843 ) ;
#5835 = DIRECTION ( 'NONE',  ( -0.000000000000000000, -0.000000000000000000, 1.000000000000000000 ) ) ;
#5836 = ORIENTED_EDGE ( 'NONE', *, *, #2006, .F. ) ;
#5837 = ORIENTED_EDGE ( 'NONE', *, *, #5786, .F. ) ;
#5838 = EDGE_CURVE ( 'NONE', #1849, #2714, #4014, .T. ) ;
#5839 = EDGE_LOOP ( 'NONE', ( #217, #5512, #2132, #292 ) ) ;
#5840 = CARTESIAN_POINT ( 'NONE',  ( 11.85421466161612969, 29.72335100146560549, -17.50000000000000000 ) ) ;
#5841 = LINE ( 'NONE', #1385, #2427 ) ;
#5842 = ADVANCED_FACE ( 'NONE', ( #3675 ), #1124, .F. ) ;
#5843 = CYLINDRICAL_SURFACE ( 'NONE', #7317, 2.499999999999996891 ) ;
#5844 = AXIS2_PLACEMENT_3D ( 'NONE', #792, #5827, #2568 ) ;
#5845 = DIRECTION ( 'NONE',  ( -0.000000000000000000, -0.000000000000000000, -1.000000000000000000 ) ) ;
#5846 = CIRCLE ( 'NONE', #7561, 1.000000000000000888 ) ;
#5847 = DIRECTION ( 'NONE',  ( -0.000000000000000000, 0.000000000000000000, -1.000000000000000000 ) ) ;
#5848 = ORIENTED_EDGE ( 'NONE', *, *, #2254, .T. ) ;
#5849 = ORIENTED_EDGE ( 'NONE', *, *, #56, .T. ) ;
#5850 = AXIS2_PLACEMENT_3D ( 'NONE', #6968, #658, #1930 ) ;
#5851 = AXIS2_PLACEMENT_3D ( 'NONE', #5574, #3638, #7354 ) ;
#5852 = ORIENTED_EDGE ( 'NONE', *, *, #8117, .F. ) ;
#5853 = DIRECTION ( 'NONE',  ( 1.000000000000000000, 0.000000000000000000, 0.000000000000000000 ) ) ;
#5854 = EDGE_LOOP ( 'NONE', ( #3360, #6365 ) ) ;
#5855 = CARTESIAN_POINT ( 'NONE',  ( -19.74807135107666056, -25.17962823221951396, -17.50000000000000000 ) ) ;
#5856 = CYLINDRICAL_SURFACE ( 'NONE', #5808, 1.000000000000000888 ) ;
#5857 = CIRCLE ( 'NONE', #2565, 35.00000000000000711 ) ;
#5858 = CARTESIAN_POINT ( 'NONE',  ( -20.36519858079780576, -25.96649161447637510, 17.50000000000000000 ) ) ;
#5859 = EDGE_LOOP ( 'NONE', ( #5172, #5921, #1317, #677 ) ) ;
#5860 = FACE_OUTER_BOUND ( 'NONE', #7881, .T. ) ;
#5861 = CARTESIAN_POINT ( 'NONE',  ( -3.093750000000000444, 32.85466041427761752, -17.50000000000000000 ) ) ;
#5862 = ORIENTED_EDGE ( 'NONE', *, *, #3911, .F. ) ;
#5863 = AXIS2_PLACEMENT_3D ( 'NONE', #3461, #3501, #4075 ) ;
#5864 = ADVANCED_FACE ( 'NONE', ( #6856 ), #1204, .T. ) ;
#5865 = CIRCLE ( 'NONE', #6255, 33.00000000000001421 ) ;
#5866 = EDGE_LOOP ( 'NONE', ( #4246, #3633, #7060 ) ) ;
#5867 = CYLINDRICAL_SURFACE ( 'NONE', #5609, 33.00000000000001421 ) ;
#5868 = CARTESIAN_POINT ( 'NONE',  ( 27.73377950337897602, -15.96362973944075137, 17.50000000000000000 ) ) ;
#5869 = LINE ( 'NONE', #2078, #1065 ) ;
#5870 = LINE ( 'NONE', #3886, #6618 ) ;
#5871 = CARTESIAN_POINT ( 'NONE',  ( 15.00000000000000000, 0.000000000000000000, -40.00000000000000000 ) ) ;
#5872 = EDGE_CURVE ( 'NONE', #2676, #187, #6657, .T. ) ;
#5873 = AXIS2_PLACEMENT_3D ( 'NONE', #1342, #6362, #5879 ) ;
#5874 = DIRECTION ( 'NONE',  ( 0.000000000000000000, 0.000000000000000000, -1.000000000000000000 ) ) ;
#5875 = ORIENTED_EDGE ( 'NONE', *, *, #6854, .T. ) ;
#5876 = DIRECTION ( 'NONE',  ( -0.000000000000000000, -0.000000000000000000, 1.000000000000000000 ) ) ;
#5877 = ORIENTED_EDGE ( 'NONE', *, *, #3693, .F. ) ;
#5878 = CARTESIAN_POINT ( 'NONE',  ( -29.41001357988148257, -6.249088031960117640, -17.50000000000000000 ) ) ;
#5879 = DIRECTION ( 'NONE',  ( 1.000000000000000000, 0.000000000000000000, 0.000000000000000000 ) ) ;
#5880 = VECTOR ( 'NONE', #3429, 1000.000000000000114 ) ;
#5881 = EDGE_CURVE ( 'NONE', #8109, #4442, #1254, .T. ) ;
#5882 = VERTEX_POINT ( 'NONE', #7592 ) ;
#5883 = ORIENTED_EDGE ( 'NONE', *, *, #2039, .T. ) ;
#5884 = VECTOR ( 'NONE', #33, 1000.000000000000000 ) ;
#5885 = ADVANCED_FACE ( 'NONE', ( #1942 ), #4458, .T. ) ;
#5886 = VERTEX_POINT ( 'NONE', #742 ) ;
#5887 = CARTESIAN_POINT ( 'NONE',  ( -19.49085778790738743, -26.62905298150068845, -17.50000000000000000 ) ) ;
#5888 = CARTESIAN_POINT ( 'NONE',  ( -19.49085778790681545, 26.62905298150110056, -17.50000000000000000 ) ) ;
#5889 = CARTESIAN_POINT ( 'NONE',  ( -31.81941497959499898, -2.554374748607862955, 17.50000000000000000 ) ) ;
#5890 = EDGE_CURVE ( 'NONE', #6303, #6578, #6254, .T. ) ;
#5891 = DIRECTION ( 'NONE',  ( 1.000000000000000000, 0.000000000000000000, 0.000000000000000000 ) ) ;
#5892 = VECTOR ( 'NONE', #4082, 1000.000000000000000 ) ;
#5893 = CARTESIAN_POINT ( 'NONE',  ( 7.361098020013544740, -32.16852865674389506, -17.50000000000000000 ) ) ;
#5894 = ORIENTED_EDGE ( 'NONE', *, *, #7262, .F. ) ;
#5895 = EDGE_CURVE ( 'NONE', #5384, #7440, #4147, .T. ) ;
#5896 = ORIENTED_EDGE ( 'NONE', *, *, #3273, .F. ) ;
#5897 = CIRCLE ( 'NONE', #2730, 0.9999999999999991118 ) ;
#5898 = VERTEX_POINT ( 'NONE', #7054 ) ;
#5899 = CARTESIAN_POINT ( 'NONE',  ( 0.000000000000000000, 0.000000000000000000, -17.50000000000000000 ) ) ;
#5900 = ORIENTED_EDGE ( 'NONE', *, *, #5639, .T. ) ;
#5901 = CYLINDRICAL_SURFACE ( 'NONE', #596, 1.000000000000000888 ) ;
#5902 = DIRECTION ( 'NONE',  ( 0.000000000000000000, 0.000000000000000000, -1.000000000000000000 ) ) ;
#5903 = EDGE_CURVE ( 'NONE', #7760, #2125, #6558, .T. ) ;
#5904 = DIRECTION ( 'NONE',  ( 1.000000000000000000, 0.000000000000000000, 0.000000000000000000 ) ) ;
#5905 = CARTESIAN_POINT ( 'NONE',  ( 3.093750000000000888, 32.85466041427761752, 17.50000000000000000 ) ) ;
#5906 = ORIENTED_EDGE ( 'NONE', *, *, #1050, .F. ) ;
#5907 = SURFACE_STYLE_FILL_AREA ( #167 ) ;
#5908 = EDGE_LOOP ( 'NONE', ( #955, #8064, #2408, #4896 ) ) ;
#5909 = CARTESIAN_POINT ( 'NONE',  ( 32.31943353934505581, -6.667399470247620918, 17.50000000000000000 ) ) ;
#5910 = VERTEX_POINT ( 'NONE', #3257 ) ;
#5911 = AXIS2_PLACEMENT_3D ( 'NONE', #2439, #14, #3681 ) ;
#5912 = CYLINDRICAL_SURFACE ( 'NONE', #7609, 1.000000000000000888 ) ;
#5913 = CYLINDRICAL_SURFACE ( 'NONE', #6364, 1.000000000000000888 ) ;
#5914 = CARTESIAN_POINT ( 'NONE',  ( -21.36276576273737149, -21.15732116706686838, -17.50000000000000000 ) ) ;
#5915 = CARTESIAN_POINT ( 'NONE',  ( 26.78317684298792400, -13.78749739841351740, 17.50000000000000000 ) ) ;
#5916 = EDGE_CURVE ( 'NONE', #6701, #1146, #5857, .T. ) ;
#5917 = EDGE_CURVE ( 'NONE', #6634, #3323, #999, .T. ) ;
#5918 = LINE ( 'NONE', #4441, #1932 ) ;
#5919 = AXIS2_PLACEMENT_3D ( 'NONE', #4789, #1577, #4170 ) ;
#5920 = CARTESIAN_POINT ( 'NONE',  ( -23.98220869851809312, 18.13432286965033313, -17.50000000000000000 ) ) ;
#5921 = ORIENTED_EDGE ( 'NONE', *, *, #3297, .T. ) ;
#5922 = DIRECTION ( 'NONE',  ( 1.000000000000000000, 0.000000000000000000, 0.000000000000000000 ) ) ;
#5923 = VECTOR ( 'NONE', #2901, 1000.000000000000114 ) ;
#5924 = ORIENTED_EDGE ( 'NONE', *, *, #7146, .T. ) ;
#5925 = CARTESIAN_POINT ( 'NONE',  ( 32.31943353934505581, -6.667399470247620918, -17.50000000000000000 ) ) ;
#5926 = DIRECTION ( 'NONE',  ( -0.000000000000000000, -0.000000000000000000, 1.000000000000000000 ) ) ;
#5927 = ORIENTED_EDGE ( 'NONE', *, *, #2878, .F. ) ;
#5928 = ORIENTED_EDGE ( 'NONE', *, *, #228, .T. ) ;
#5929 = ORIENTED_EDGE ( 'NONE', *, *, #6994, .T. ) ;
#5930 = DIRECTION ( 'NONE',  ( -0.000000000000000000, -0.000000000000000000, -1.000000000000000000 ) ) ;
#5931 = CARTESIAN_POINT ( 'NONE',  ( 17.60111887395510522, 25.53821870031074326, -17.50000000000000000 ) ) ;
#5932 = DIRECTION ( 'NONE',  ( -0.000000000000000000, -0.000000000000000000, 1.000000000000000000 ) ) ;
#5933 = CARTESIAN_POINT ( 'NONE',  ( 30.22626958139076336, 10.50583776731262731, -17.50000000000000000 ) ) ;
#5934 = DIRECTION ( 'NONE',  ( -0.000000000000000000, -0.000000000000000000, -1.000000000000000000 ) ) ;
#5935 = ORIENTED_EDGE ( 'NONE', *, *, #8088, .T. ) ;
#5936 = ORIENTED_EDGE ( 'NONE', *, *, #793, .F. ) ;
#5937 = ADVANCED_FACE ( 'NONE', ( #4653 ), #5901, .T. ) ;
#5938 = ORIENTED_EDGE ( 'NONE', *, *, #4846, .F. ) ;
#5939 = CYLINDRICAL_SURFACE ( 'NONE', #2336, 2.499999999999996891 ) ;
#5940 = ORIENTED_EDGE ( 'NONE', *, *, #6879, .F. ) ;
#5941 = CARTESIAN_POINT ( 'NONE',  ( 27.73377950337897602, -15.96362973944075137, 17.50000000000000000 ) ) ;
#5942 = AXIS2_PLACEMENT_3D ( 'NONE', #5784, #7764, #2771 ) ;
#5943 = CARTESIAN_POINT ( 'NONE',  ( 0.000000000000000000, 0.000000000000000000, -17.50000000000000000 ) ) ;
#5944 = DIRECTION ( 'NONE',  ( -0.000000000000000000, -0.000000000000000000, 1.000000000000000000 ) ) ;
#5945 = CARTESIAN_POINT ( 'NONE',  ( -1.999999999999999556, 31.85906464414798478, -17.50000000000000000 ) ) ;
#5946 = AXIS2_PLACEMENT_3D ( 'NONE', #3183, #5817, #165 ) ;
#5947 = EDGE_LOOP ( 'NONE', ( #5837, #7019, #5339, #638 ) ) ;
#5948 = DIRECTION ( 'NONE',  ( 1.000000000000000000, 0.000000000000000000, 0.000000000000000000 ) ) ;
#5949 = CIRCLE ( 'NONE', #1208, 0.9999999999999974465 ) ;
#5950 = ORIENTED_EDGE ( 'NONE', *, *, #4398, .F. ) ;
#5951 = DIRECTION ( 'NONE',  ( -0.8412535328311919747, -0.5406408174555807911, 0.000000000000000000 ) ) ;
#5952 = EDGE_CURVE ( 'NONE', #3364, #1072, #1379, .T. ) ;
#5953 = ORIENTED_EDGE ( 'NONE', *, *, #1412, .T. ) ;
#5954 = DIRECTION ( 'NONE',  ( 0.9096319953545257686, 0.4154150130018702813, -0.000000000000000000 ) ) ;
#5955 = CARTESIAN_POINT ( 'NONE',  ( 0.000000000000000000, 0.000000000000000000, 20.00000000000000000 ) ) ;
#5956 = DIRECTION ( 'NONE',  ( -0.000000000000000000, -0.000000000000000000, -1.000000000000000000 ) ) ;
#5957 = AXIS2_PLACEMENT_3D ( 'NONE', #5973, #6591, #948 ) ;
#5958 = EDGE_CURVE ( 'NONE', #2226, #1224, #857, .T. ) ;
#5959 = CARTESIAN_POINT ( 'NONE',  ( 19.49085778790757217, 26.62905298150054634, -17.50000000000000000 ) ) ;
#5960 = CIRCLE ( 'NONE', #6748, 33.00000000000001421 ) ;
#5961 = DIRECTION ( 'NONE',  ( -0.2817325568414169035, 0.9594929736145011434, -0.000000000000000000 ) ) ;
#5962 = VERTEX_POINT ( 'NONE', #7016 ) ;
#5963 = ORIENTED_EDGE ( 'NONE', *, *, #2194, .T. ) ;
#5964 = LINE ( 'NONE', #5170, #2885 ) ;
#5965 = CARTESIAN_POINT ( 'NONE',  ( -23.98220869851809312, 18.13432286965033313, -17.50000000000000000 ) ) ;
#5966 = ORIENTED_EDGE ( 'NONE', *, *, #2012, .F. ) ;
#5967 = ORIENTED_EDGE ( 'NONE', *, *, #4217, .T. ) ;
#5968 = ORIENTED_EDGE ( 'NONE', *, *, #7752, .F. ) ;
#5969 = ADVANCED_FACE ( 'NONE', ( #2759 ), #1397, .T. ) ;
#5970 = CARTESIAN_POINT ( 'NONE',  ( -17.06047805649878413, 24.69696516748005877, -17.50000000000000000 ) ) ;
#5971 = LINE ( 'NONE', #2220, #3219 ) ;
#5972 = CARTESIAN_POINT ( 'NONE',  ( -31.81941497959499898, -2.554374748607862955, -17.50000000000000000 ) ) ;
#5973 = CARTESIAN_POINT ( 'NONE',  ( -11.85421466161529125, 29.72335100146592879, -17.50000000000000000 ) ) ;
#5974 = EDGE_CURVE ( 'NONE', #3797, #3265, #6377, .T. ) ;
#5975 = LINE ( 'NONE', #1029, #4294 ) ;
#5976 = EDGE_LOOP ( 'NONE', ( #1216, #4068, #7481, #4474 ) ) ;
#5977 = VERTEX_POINT ( 'NONE', #204 ) ;
#5978 = ORIENTED_EDGE ( 'NONE', *, *, #656, .T. ) ;
#5979 = CARTESIAN_POINT ( 'NONE',  ( 7.097256819929165239, 31.41374634251425135, 17.50000000000000000 ) ) ;
#5980 = ORIENTED_EDGE ( 'NONE', *, *, #1562, .T. ) ;
#5981 = FACE_OUTER_BOUND ( 'NONE', #1908, .T. ) ;
#5982 = CARTESIAN_POINT ( 'NONE',  ( -30.96909437485546235, 2.432117102710313894, 17.50000000000000000 ) ) ;
#5983 = DIRECTION ( 'NONE',  ( -0.000000000000000000, -0.000000000000000000, -1.000000000000000000 ) ) ;
#5984 = CARTESIAN_POINT ( 'NONE',  ( 0.000000000000000000, 0.000000000000000000, -17.50000000000000000 ) ) ;
#5985 = ORIENTED_EDGE ( 'NONE', *, *, #4120, .T. ) ;
#5986 = DIRECTION ( 'NONE',  ( -0.6548607339452977572, -0.7557495743542473887, 0.000000000000000000 ) ) ;
#5987 = VERTEX_POINT ( 'NONE', #5813 ) ;
#5988 = ORIENTED_EDGE ( 'NONE', *, *, #7516, .F. ) ;
#5989 = AXIS2_PLACEMENT_3D ( 'NONE', #5888, #2139, #7041 ) ;
#5990 = CIRCLE ( 'NONE', #3091, 1.000000000000000888 ) ;
#5991 = DIRECTION ( 'NONE',  ( -0.9096319953545128900, 0.4154150130018983145, 0.000000000000000000 ) ) ;
#5992 = DIRECTION ( 'NONE',  ( 0.000000000000000000, 0.000000000000000000, -1.000000000000000000 ) ) ;
#5993 = DIRECTION ( 'NONE',  ( 0.5406408174556106561, 0.8412535328311727678, -0.000000000000000000 ) ) ;
#5994 = ADVANCED_FACE ( 'NONE', ( #7174 ), #2019, .T. ) ;
#5995 = DIRECTION ( 'NONE',  ( 1.000000000000000000, 0.000000000000000000, 0.000000000000000000 ) ) ;
#5996 = CARTESIAN_POINT ( 'NONE',  ( 31.17084050580923105, 10.83414519754114913, 17.50000000000000000 ) ) ;
#5997 = EDGE_CURVE ( 'NONE', #3405, #2149, #3355, .T. ) ;
#5998 = ORIENTED_EDGE ( 'NONE', *, *, #2736, .T. ) ;
#5999 = ORIENTED_EDGE ( 'NONE', *, *, #6425, .F. ) ;
#6000 = DIRECTION ( 'NONE',  ( 1.000000000000000000, 0.000000000000000000, 0.000000000000000000 ) ) ;
#6001 = CARTESIAN_POINT ( 'NONE',  ( 15.91861180829275746, 26.61950033522196435, -17.50000000000000000 ) ) ;
#6002 = AXIS2_PLACEMENT_3D ( 'NONE', #3393, #3435, #3917 ) ;
#6003 = ORIENTED_EDGE ( 'NONE', *, *, #7195, .F. ) ;
#6004 = VERTEX_POINT ( 'NONE', #6421 ) ;
#6005 = AXIS2_PLACEMENT_3D ( 'NONE', #3362, #5710, #2697 ) ;
#6006 = EDGE_LOOP ( 'NONE', ( #6345, #6265, #1871, #4742 ) ) ;
#6007 = LINE ( 'NONE', #2747, #765 ) ;
#6008 = CARTESIAN_POINT ( 'NONE',  ( -18.90681781824492447, 25.72026904967552596, -17.50000000000000000 ) ) ;
#6009 = DIRECTION ( 'NONE',  ( -0.7557495743542637090, -0.6548607339452787723, -0.000000000000000000 ) ) ;
#6010 = AXIS2_PLACEMENT_3D ( 'NONE', #1717, #7411, #5674 ) ;
#6011 = DIRECTION ( 'NONE',  ( -0.000000000000000000, -0.000000000000000000, -1.000000000000000000 ) ) ;
#6012 = VECTOR ( 'NONE', #2957, 1000.000000000000000 ) ;
#6013 = AXIS2_PLACEMENT_3D ( 'NONE', #2713, #154, #118 ) ;
#6014 = DIRECTION ( 'NONE',  ( -0.2817325568414169035, 0.9594929736145011434, 0.000000000000000000 ) ) ;
#6015 = ORIENTED_EDGE ( 'NONE', *, *, #2241, .T. ) ;
#6016 = ORIENTED_EDGE ( 'NONE', *, *, #137, .F. ) ;
#6017 = ADVANCED_FACE ( 'NONE', ( #781 ), #3293, .F. ) ;
#6018 = ADVANCED_FACE ( 'NONE', ( #2673 ), #915, .T. ) ;
#6019 = ORIENTED_EDGE ( 'NONE', *, *, #5309, .T. ) ;
#6020 = LINE ( 'NONE', #2718, #689 ) ;
#6021 = ORIENTED_EDGE ( 'NONE', *, *, #5614, .T. ) ;
#6022 = DIRECTION ( 'NONE',  ( -0.000000000000000000, -0.000000000000000000, -1.000000000000000000 ) ) ;
#6023 = CYLINDRICAL_SURFACE ( 'NONE', #6669, 33.00000000000000711 ) ;
#6024 = DIRECTION ( 'NONE',  ( 4.426311385549866305E-16, 1.000000000000000000, -0.000000000000000000 ) ) ;
#6025 = CARTESIAN_POINT ( 'NONE',  ( 10.75825214724779322, 13.25825214724773993, 28.00000000000000000 ) ) ;
#6026 = ORIENTED_EDGE ( 'NONE', *, *, #7935, .F. ) ;
#6027 = PLANE ( 'NONE',  #3020 ) ;
#6028 = ORIENTED_EDGE ( 'NONE', *, *, #5469, .T. ) ;
#6029 = ADVANCED_FACE ( 'NONE', ( #7635 ), #2064, .T. ) ;
#6030 = DIRECTION ( 'NONE',  ( 0.000000000000000000, 0.000000000000000000, -1.000000000000000000 ) ) ;
#6031 = LINE ( 'NONE', #3439, #3441 ) ;
#6032 = EDGE_CURVE ( 'NONE', #4155, #3646, #6674, .T. ) ;
#6033 = CARTESIAN_POINT ( 'NONE',  ( 30.82677953658226144, 3.421938544590388265, 17.50000000000000000 ) ) ;
#6034 = DIRECTION ( 'NONE',  ( 0.000000000000000000, -0.000000000000000000, 1.000000000000000000 ) ) ;
#6035 = EDGE_CURVE ( 'NONE', #3487, #7528, #365, .T. ) ;
#6036 = ORIENTED_EDGE ( 'NONE', *, *, #6383, .T. ) ;
#6037 = VERTEX_POINT ( 'NONE', #5972 ) ;
#6038 = CARTESIAN_POINT ( 'NONE',  ( 13.25825214724778967, -13.25825214724773993, 28.00000000000000000 ) ) ;
#6039 = DIRECTION ( 'NONE',  ( 0.000000000000000000, 0.000000000000000000, 1.000000000000000000 ) ) ;
#6040 = ADVANCED_FACE ( 'NONE', ( #322 ), #7780, .T. ) ;
#6041 = VECTOR ( 'NONE', #3561, 1000.000000000000000 ) ;
#6042 = VERTEX_POINT ( 'NONE', #1636 ) ;
#6043 = ORIENTED_EDGE ( 'NONE', *, *, #6046, .T. ) ;
#6044 = AXIS2_PLACEMENT_3D ( 'NONE', #6038, #8049, #4763 ) ;
#6045 = ORIENTED_EDGE ( 'NONE', *, *, #1240, .T. ) ;
#6046 = EDGE_CURVE ( 'NONE', #3655, #5231, #3418, .T. ) ;
#6047 = EDGE_LOOP ( 'NONE', ( #2631, #7171, #3944, #7776 ) ) ;
#6048 = DIRECTION ( 'NONE',  ( -0.000000000000000000, -0.000000000000000000, -1.000000000000000000 ) ) ;
#6049 = CARTESIAN_POINT ( 'NONE',  ( 9.693202235699240887, 29.46254962520785625, -17.50000000000000000 ) ) ;
#6050 = CARTESIAN_POINT ( 'NONE',  ( 29.13184589196623975, -15.50275959068997444, -17.50000000000000000 ) ) ;
#6051 = DIRECTION ( 'NONE',  ( 0.000000000000000000, 0.000000000000000000, -1.000000000000000000 ) ) ;
#6052 = CARTESIAN_POINT ( 'NONE',  ( 15.75825214724778789, -13.25825214724773993, 28.00000000000000000 ) ) ;
#6053 = ORIENTED_EDGE ( 'NONE', *, *, #7678, .F. ) ;
#6054 = EDGE_CURVE ( 'NONE', #2622, #3519, #4643, .T. ) ;
#6055 = CARTESIAN_POINT ( 'NONE',  ( 21.77337607103705963, 21.05643232665773468, 17.50000000000000000 ) ) ;
#6056 = CARTESIAN_POINT ( 'NONE',  ( -27.70437487363755835, -11.55281839470180572, -17.50000000000000000 ) ) ;
#6057 = EDGE_LOOP ( 'NONE', ( #5715, #3163, #6429, #5426 ) ) ;
#6058 = DIRECTION ( 'NONE',  ( 0.000000000000000000, 0.000000000000000000, 1.000000000000000000 ) ) ;
#6059 = DIRECTION ( 'NONE',  ( -1.000000000000000000, 0.000000000000000000, 0.000000000000000000 ) ) ;
#6060 = LINE ( 'NONE', #3430, #5677 ) ;
#6061 = PLANE ( 'NONE',  #6332 ) ;
#6062 = VERTEX_POINT ( 'NONE', #7741 ) ;
#6063 = CARTESIAN_POINT ( 'NONE',  ( 22.11851533709101503, -21.81218190101277443, -17.50000000000000000 ) ) ;
#6064 = VERTEX_POINT ( 'NONE', #2749 ) ;
#6065 = CIRCLE ( 'NONE', #7649, 33.00000000000001421 ) ;
#6066 = DIRECTION ( 'NONE',  ( -0.000000000000000000, -0.000000000000000000, 1.000000000000000000 ) ) ;
#6067 = CARTESIAN_POINT ( 'NONE',  ( -22.76775307624879474, 22.37474960438582983, 17.50000000000000000 ) ) ;
#6068 = ADVANCED_FACE ( 'NONE', ( #4599 ), #2830, .T. ) ;
#6069 = LINE ( 'NONE', #2934, #3221 ) ;
#6070 = CARTESIAN_POINT ( 'NONE',  ( -2.000000000000236700, -31.85906464414798478, -17.50000000000000000 ) ) ;
#6071 = CIRCLE ( 'NONE', #544, 0.9999999999999991118 ) ;
#6072 = EDGE_CURVE ( 'NONE', #1606, #6565, #3985, .T. ) ;
#6073 = DIRECTION ( 'NONE',  ( 1.000000000000000000, 0.000000000000000000, 0.000000000000000000 ) ) ;
#6074 = LINE ( 'NONE', #7888, #6041 ) ;
#6075 = CIRCLE ( 'NONE', #2519, 2.500000000000000444 ) ;
#6076 = ORIENTED_EDGE ( 'NONE', *, *, #7535, .F. ) ;
#6077 = VERTEX_POINT ( 'NONE', #280 ) ;
#6078 = DIRECTION ( 'NONE',  ( 1.000000000000000000, 0.000000000000000000, 0.000000000000000000 ) ) ;
#6079 = DIRECTION ( 'NONE',  ( 0.000000000000000000, 0.000000000000000000, 1.000000000000000000 ) ) ;
#6080 = VERTEX_POINT ( 'NONE', #5352 ) ;
#6081 = EDGE_CURVE ( 'NONE', #2409, #1490, #1779, .T. ) ;
#6082 = AXIS2_PLACEMENT_3D ( 'NONE', #6797, #6212, #4351 ) ;
#6083 = ORIENTED_EDGE ( 'NONE', *, *, #7042, .T. ) ;
#6084 = CIRCLE ( 'NONE', #2926, 1.000000000000000888 ) ;
#6085 = ORIENTED_EDGE ( 'NONE', *, *, #2241, .F. ) ;
#6086 = VERTEX_POINT ( 'NONE', #5889 ) ;
#6087 = CIRCLE ( 'NONE', #962, 0.9999999999999974465 ) ;
#6088 = CARTESIAN_POINT ( 'NONE',  ( 30.79350594397428154, 11.86423160927086151, -17.50000000000000000 ) ) ;
#6089 = DIRECTION ( 'NONE',  ( -1.000000000000000000, 0.000000000000000000, 0.000000000000000000 ) ) ;
#6090 = DIRECTION ( 'NONE',  ( 1.000000000000000000, 0.000000000000000000, 0.000000000000000000 ) ) ;
#6091 = CARTESIAN_POINT ( 'NONE',  ( 28.14919451638087722, -15.05399774408624047, 17.50000000000000000 ) ) ;
#6092 = ADVANCED_FACE ( 'NONE', ( #6590 ), #2872, .T. ) ;
#6093 = DIRECTION ( 'NONE',  ( -0.9898214418809341275, -0.1423148382732752626, -0.000000000000000000 ) ) ;
#6094 = EDGE_LOOP ( 'NONE', ( #6965, #4810, #6403, #378 ) ) ;
#6095 = EDGE_CURVE ( 'NONE', #5239, #3932, #7863, .T. ) ;
#6096 = CARTESIAN_POINT ( 'NONE',  ( 15.00000000000000000, 0.000000000000000000, -40.00000000000000000 ) ) ;
#6097 = VERTEX_POINT ( 'NONE', #4115 ) ;
#6098 = LINE ( 'NONE', #6639, #7176 ) ;
#6099 = LINE ( 'NONE', #450, #5600 ) ;
#6100 = CARTESIAN_POINT ( 'NONE',  ( -14.53671745800579806, -26.31888761984650671, -17.50000000000000000 ) ) ;
#6101 = PLANE ( 'NONE',  #3958 ) ;
#6102 = VERTEX_POINT ( 'NONE', #2095 ) ;
#6103 = CARTESIAN_POINT ( 'NONE',  ( 27.78317684298841783, 13.78749739841254573, 17.50000000000000000 ) ) ;
#6104 = ORIENTED_EDGE ( 'NONE', *, *, #4471, .F. ) ;
#6105 = DIRECTION ( 'NONE',  ( -0.9594929736145009214, -0.2817325568414180137, 0.000000000000000000 ) ) ;
#6106 = DIRECTION ( 'NONE',  ( -0.000000000000000000, 0.000000000000000000, 1.000000000000000000 ) ) ;
#6107 = DIRECTION ( 'NONE',  ( 0.000000000000000000, 0.000000000000000000, -1.000000000000000000 ) ) ;
#6108 = CARTESIAN_POINT ( 'NONE',  ( 16.12584365658186769, -28.79161625132356761, 17.50000000000000000 ) ) ;
#6109 = AXIS2_PLACEMENT_3D ( 'NONE', #7363, #1710, #4221 ) ;
#6110 = AXIS2_PLACEMENT_3D ( 'NONE', #4929, #7445, #1798 ) ;
#6111 = CARTESIAN_POINT ( 'NONE',  ( 0.000000000000000000, 0.000000000000000000, 17.50000000000000000 ) ) ;
#6112 = CARTESIAN_POINT ( 'NONE',  ( -13.25825214724779322, 13.25825214724773993, -26.49784845243109999 ) ) ;
#6113 = EDGE_CURVE ( 'NONE', #1224, #6417, #239, .T. ) ;
#6114 = EDGE_CURVE ( 'NONE', #2226, #968, #7292, .T. ) ;
#6115 = CIRCLE ( 'NONE', #8084, 2.500000000000000444 ) ;
#6116 = ORIENTED_EDGE ( 'NONE', *, *, #3975, .F. ) ;
#6117 = VERTEX_POINT ( 'NONE', #7250 ) ;
#6118 = CYLINDRICAL_SURFACE ( 'NONE', #5481, 1.000000000000000000 ) ;
#6119 = CARTESIAN_POINT ( 'NONE',  ( 13.25825214724778967, 13.25825214724773993, 28.00000000000000000 ) ) ;
#6120 = AXIS2_PLACEMENT_3D ( 'NONE', #4703, #2270, #4203 ) ;
#6121 = VECTOR ( 'NONE', #10, 1000.000000000000000 ) ;
#6122 = ORIENTED_EDGE ( 'NONE', *, *, #3068, .T. ) ;
#6123 = ORIENTED_EDGE ( 'NONE', *, *, #2218, .T. ) ;
#6124 = ORIENTED_EDGE ( 'NONE', *, *, #2110, .F. ) ;
#6125 = ORIENTED_EDGE ( 'NONE', *, *, #3676, .F. ) ;
#6126 = EDGE_CURVE ( 'NONE', #1319, #7771, #4414, .T. ) ;
#6127 = DIRECTION ( 'NONE',  ( 1.000000000000000000, 0.000000000000000000, 0.000000000000000000 ) ) ;
#6128 = CARTESIAN_POINT ( 'NONE',  ( 0.000000000000000000, 0.000000000000000000, 17.50000000000000000 ) ) ;
#6129 = CIRCLE ( 'NONE', #2971, 1.000000000000000888 ) ;
#6130 = FACE_OUTER_BOUND ( 'NONE', #7011, .T. ) ;
#6131 = DIRECTION ( 'NONE',  ( -0.000000000000000000, -0.000000000000000000, 1.000000000000000000 ) ) ;
#6132 = CIRCLE ( 'NONE', #611, 35.00000000000000711 ) ;
#6133 = EDGE_CURVE ( 'NONE', #5624, #3080, #7211, .T. ) ;
#6134 = DIRECTION ( 'NONE',  ( 1.000000000000000000, 0.000000000000000000, 0.000000000000000000 ) ) ;
#6135 = EDGE_LOOP ( 'NONE', ( #1668, #3835, #4190, #3488 ) ) ;
#6136 = AXIS2_PLACEMENT_3D ( 'NONE', #6172, #3038, #7446 ) ;
#6137 = EDGE_CURVE ( 'NONE', #3943, #2907, #984, .T. ) ;
#6138 = DIRECTION ( 'NONE',  ( -0.000000000000000000, -0.000000000000000000, -1.000000000000000000 ) ) ;
#6139 = ORIENTED_EDGE ( 'NONE', *, *, #2661, .T. ) ;
#6140 = LINE ( 'NONE', #7496, #716 ) ;
#6141 = DIRECTION ( 'NONE',  ( 1.000000000000000000, 0.000000000000000000, 0.000000000000000000 ) ) ;
#6142 = VECTOR ( 'NONE', #2793, 1000.000000000000000 ) ;
#6143 = AXIS2_PLACEMENT_3D ( 'NONE', #4034, #2832, #3987 ) ;
#6144 = LINE ( 'NONE', #3168, #3713 ) ;
#6145 = EDGE_CURVE ( 'NONE', #7407, #2555, #7985, .T. ) ;
#6146 = CARTESIAN_POINT ( 'NONE',  ( -19.49085778790738743, -26.62905298150068845, -17.50000000000000000 ) ) ;
#6147 = VERTEX_POINT ( 'NONE', #607 ) ;
#6148 = CARTESIAN_POINT ( 'NONE',  ( 22.77337607103705963, 21.05643232665773468, -17.50000000000000000 ) ) ;
#6149 = ORIENTED_EDGE ( 'NONE', *, *, #5346, .T. ) ;
#6150 = AXIS2_PLACEMENT_3D ( 'NONE', #7415, #3741, #6252 ) ;
#6151 = ADVANCED_FACE ( 'NONE', ( #7486 ), #4270, .T. ) ;
#6152 = DIRECTION ( 'NONE',  ( 1.000000000000000000, 0.000000000000000000, 0.000000000000000000 ) ) ;
#6153 = CARTESIAN_POINT ( 'NONE',  ( 13.25825214724778967, 13.25825214724773993, -28.00000000000000000 ) ) ;
#6154 = CYLINDRICAL_SURFACE ( 'NONE', #7957, 33.00000000000001421 ) ;
#6155 = LINE ( 'NONE', #508, #5014 ) ;
#6156 = CARTESIAN_POINT ( 'NONE',  ( 29.81085456838889058, 11.41546976266715241, 17.50000000000000000 ) ) ;
#6157 = DIRECTION ( 'NONE',  ( 1.000000000000000000, 0.000000000000000000, 0.000000000000000000 ) ) ;
#6158 = AXIS2_PLACEMENT_3D ( 'NONE', #6321, #3856, #6358 ) ;
#6159 = VERTEX_POINT ( 'NONE', #8022 ) ;
#6160 = ORIENTED_EDGE ( 'NONE', *, *, #4566, .T. ) ;
#6161 = FACE_OUTER_BOUND ( 'NONE', #7858, .T. ) ;
#6162 = CIRCLE ( 'NONE', #7870, 1.000000000000000888 ) ;
#6163 = DIRECTION ( 'NONE',  ( 1.000000000000000000, 0.000000000000000000, 0.000000000000000000 ) ) ;
#6164 = EDGE_CURVE ( 'NONE', #1255, #2023, #426, .T. ) ;
#6165 = ADVANCED_FACE ( 'NONE', ( #1835 ), #4931, .T. ) ;
#6166 = VERTEX_POINT ( 'NONE', #4231 ) ;
#6167 = ORIENTED_EDGE ( 'NONE', *, *, #5041, .F. ) ;
#6168 = ORIENTED_EDGE ( 'NONE', *, *, #5206, .T. ) ;
#6169 = ORIENTED_EDGE ( 'NONE', *, *, #3955, .F. ) ;
#6170 = CIRCLE ( 'NONE', #2609, 1.000000000000000888 ) ;
#6171 = PLANE ( 'NONE',  #4794 ) ;
#6172 = CARTESIAN_POINT ( 'NONE',  ( -13.25825214724778967, 13.25825214724773993, -40.00000000000000000 ) ) ;
#6173 = CARTESIAN_POINT ( 'NONE',  ( 13.25825214724778967, -13.25825214724773993, -28.00000000000000000 ) ) ;
#6174 = CIRCLE ( 'NONE', #768, 1.000000000000000444 ) ;
#6175 = ADVANCED_FACE ( 'NONE', ( #441 ), #3077, .F. ) ;
#6176 = DIRECTION ( 'NONE',  ( 0.000000000000000000, 0.000000000000000000, 1.000000000000000000 ) ) ;
#6177 = CARTESIAN_POINT ( 'NONE',  ( -19.49085778790681545, 26.62905298150110056, -17.50000000000000000 ) ) ;
#6178 = ORIENTED_EDGE ( 'NONE', *, *, #7205, .F. ) ;
#6179 = CIRCLE ( 'NONE', #7238, 1.000000000000000888 ) ;
#6180 = CARTESIAN_POINT ( 'NONE',  ( -11.19906991447244415, -31.04159842937793812, 17.50000000000000000 ) ) ;
#6181 = ORIENTED_EDGE ( 'NONE', *, *, #5341, .F. ) ;
#6182 = CARTESIAN_POINT ( 'NONE',  ( -15.00000000000000000, 1.836970198721029589E-15, 40.00000000000000000 ) ) ;
#6183 = DIRECTION ( 'NONE',  ( -0.000000000000000000, -0.000000000000000000, 1.000000000000000000 ) ) ;
#6184 = DIRECTION ( 'NONE',  ( -0.000000000000000000, -0.000000000000000000, 1.000000000000000000 ) ) ;
#6185 = CARTESIAN_POINT ( 'NONE',  ( 26.20361227996077957, 20.05918003013806228, -17.50000000000000000 ) ) ;
#6186 = ORIENTED_EDGE ( 'NONE', *, *, #8030, .F. ) ;
#6187 = EDGE_CURVE ( 'NONE', #7405, #3214, #7534, .T. ) ;
#6188 = LINE ( 'NONE', #1244, #4634 ) ;
#6189 = DIRECTION ( 'NONE',  ( -0.000000000000000000, -0.000000000000000000, -1.000000000000000000 ) ) ;
#6190 = LINE ( 'NONE', #4289, #6911 ) ;
#6191 = CARTESIAN_POINT ( 'NONE',  ( 19.49085778790757217, 26.62905298150054634, -17.50000000000000000 ) ) ;
#6192 = DIRECTION ( 'NONE',  ( 0.000000000000000000, 0.000000000000000000, -1.000000000000000000 ) ) ;
#6193 = ADVANCED_FACE ( 'NONE', ( #4853 ), #6470, .F. ) ;
#6194 = DIRECTION ( 'NONE',  ( 1.000000000000000000, 0.000000000000000000, 0.000000000000000000 ) ) ;
#6195 = DIRECTION ( 'NONE',  ( -0.000000000000000000, -0.000000000000000000, -1.000000000000000000 ) ) ;
#6196 = ORIENTED_EDGE ( 'NONE', *, *, #7002, .F. ) ;
#6197 = ADVANCED_FACE ( 'NONE', ( #3658 ), #4311, .F. ) ;
#6198 = ORIENTED_EDGE ( 'NONE', *, *, #8007, .F. ) ;
#6199 = CARTESIAN_POINT ( 'NONE',  ( -7.361098020014463117, -32.16852865674368900, -17.50000000000000000 ) ) ;
#6200 = DIRECTION ( 'NONE',  ( 0.000000000000000000, 0.000000000000000000, 1.000000000000000000 ) ) ;
#6201 = VECTOR ( 'NONE', #2281, 1000.000000000000000 ) ;
#6202 = ORIENTED_EDGE ( 'NONE', *, *, #71, .F. ) ;
#6203 = AXIS2_PLACEMENT_3D ( 'NONE', #6312, #1782, #587 ) ;
#6204 = ORIENTED_EDGE ( 'NONE', *, *, #1708, .T. ) ;
#6205 = ORIENTED_EDGE ( 'NONE', *, *, #2736, .F. ) ;
#6206 = VECTOR ( 'NONE', #1033, 1000.000000000000000 ) ;
#6207 = LINE ( 'NONE', #5092, #1292 ) ;
#6208 = VERTEX_POINT ( 'NONE', #6759 ) ;
#6209 = DIRECTION ( 'NONE',  ( 0.000000000000000000, 0.000000000000000000, 1.000000000000000000 ) ) ;
#6210 = CYLINDRICAL_SURFACE ( 'NONE', #3612, 1.000000000000000888 ) ;
#6211 = DIRECTION ( 'NONE',  ( 0.000000000000000000, 0.000000000000000000, 1.000000000000000000 ) ) ;
#6212 = DIRECTION ( 'NONE',  ( -0.000000000000000000, -0.000000000000000000, 1.000000000000000000 ) ) ;
#6213 = CARTESIAN_POINT ( 'NONE',  ( 10.65269520931373570, 29.18081706836641231, -17.50000000000000000 ) ) ;
#6214 = VECTOR ( 'NONE', #5225, 1000.000000000000114 ) ;
#6215 = DIRECTION ( 'NONE',  ( -0.000000000000000000, -0.000000000000000000, -1.000000000000000000 ) ) ;
#6216 = ORIENTED_EDGE ( 'NONE', *, *, #2, .T. ) ;
#6217 = VECTOR ( 'NONE', #6438, 1000.000000000000000 ) ;
#6218 = DIRECTION ( 'NONE',  ( -0.000000000000000000, 0.000000000000000000, 1.000000000000000000 ) ) ;
#6219 = ORIENTED_EDGE ( 'NONE', *, *, #3577, .F. ) ;
#6220 = CARTESIAN_POINT ( 'NONE',  ( 20.36519858079707390, -25.96649161447695420, -17.50000000000000000 ) ) ;
#6221 = FACE_OUTER_BOUND ( 'NONE', #1591, .T. ) ;
#6222 = FACE_OUTER_BOUND ( 'NONE', #4001, .T. ) ;
#6223 = CARTESIAN_POINT ( 'NONE',  ( 28.14919451638140657, 15.05399774408525282, 17.50000000000000000 ) ) ;
#6224 = ORIENTED_EDGE ( 'NONE', *, *, #2692, .F. ) ;
#6225 = ORIENTED_EDGE ( 'NONE', *, *, #661, .T. ) ;
#6226 = EDGE_CURVE ( 'NONE', #7737, #4828, #8036, .T. ) ;
#6227 = FACE_OUTER_BOUND ( 'NONE', #4218, .T. ) ;
#6228 = CARTESIAN_POINT ( 'NONE',  ( 26.04205674597579900, 18.59600173261385336, -17.50000000000000000 ) ) ;
#6229 = CARTESIAN_POINT ( 'NONE',  ( -27.70437487363755835, -11.55281839470180572, -17.50000000000000000 ) ) ;
#6230 = DIRECTION ( 'NONE',  ( -0.000000000000000000, -0.000000000000000000, -1.000000000000000000 ) ) ;
#6231 = DIRECTION ( 'NONE',  ( -0.9096319953545222159, -0.4154150130018778864, -0.000000000000000000 ) ) ;
#6232 = CARTESIAN_POINT ( 'NONE',  ( 7.774216288469208536, -30.02601473889101058, -17.50000000000000000 ) ) ;
#6233 = ADVANCED_FACE ( 'NONE', ( #8061, #6130 ), #486, .T. ) ;
#6234 = DIRECTION ( 'NONE',  ( 0.9594929736145032528, 0.2817325568414095760, -0.000000000000000000 ) ) ;
#6235 = VERTEX_POINT ( 'NONE', #2298 ) ;
#6236 = EDGE_CURVE ( 'NONE', #822, #7416, #8101, .T. ) ;
#6237 = CARTESIAN_POINT ( 'NONE',  ( 26.87354484763389451, 13.37208238541067296, 17.50000000000000000 ) ) ;
#6238 = FACE_OUTER_BOUND ( 'NONE', #3896, .T. ) ;
#6239 = EDGE_CURVE ( 'NONE', #866, #6664, #2458, .T. ) ;
#6240 = ORIENTED_EDGE ( 'NONE', *, *, #4859, .T. ) ;
#6241 = ORIENTED_EDGE ( 'NONE', *, *, #7692, .F. ) ;
#6242 = VERTEX_POINT ( 'NONE', #1190 ) ;
#6243 = CARTESIAN_POINT ( 'NONE',  ( 13.25825214724778967, -13.25825214724773993, -28.00000000000000000 ) ) ;
#6244 = ORIENTED_EDGE ( 'NONE', *, *, #797, .F. ) ;
#6245 = CARTESIAN_POINT ( 'NONE',  ( -32.31943353934525476, -6.667399470246714088, -17.50000000000000000 ) ) ;
#6246 = AXIS2_PLACEMENT_3D ( 'NONE', #3083, #5526, #8029 ) ;
#6247 = CARTESIAN_POINT ( 'NONE',  ( -35.00000000000000711, 0.000000000000000000, 18.50000000000000355 ) ) ;
#6248 = FACE_OUTER_BOUND ( 'NONE', #2825, .T. ) ;
#6249 = CARTESIAN_POINT ( 'NONE',  ( 9.411469678856802190, -28.50305665159368829, 17.50000000000000000 ) ) ;
#6250 = CIRCLE ( 'NONE', #591, 1.000000000000000888 ) ;
#6251 = CARTESIAN_POINT ( 'NONE',  ( 0.000000000000000000, 0.000000000000000000, -18.50000000000000711 ) ) ;
#6252 = DIRECTION ( 'NONE',  ( -0.9594929736144933718, 0.2817325568414433268, 0.000000000000000000 ) ) ;
#6253 = ORIENTED_EDGE ( 'NONE', *, *, #7626, .T. ) ;
#6254 = CIRCLE ( 'NONE', #337, 1.000000000000000888 ) ;
#6255 = AXIS2_PLACEMENT_3D ( 'NONE', #116, #3166, #1426 ) ;
#6256 = DIRECTION ( 'NONE',  ( -1.000000000000000000, 0.000000000000000000, 0.000000000000000000 ) ) ;
#6257 = ORIENTED_EDGE ( 'NONE', *, *, #8040, .F. ) ;
#6258 = DIRECTION ( 'NONE',  ( 0.000000000000000000, 0.000000000000000000, 1.000000000000000000 ) ) ;
#6259 = DIRECTION ( 'NONE',  ( 0.9096319953545224379, 0.4154150130018774978, 0.000000000000000000 ) ) ;
#6260 = CARTESIAN_POINT ( 'NONE',  ( 29.41001357988151810, 6.249088031959925793, 17.50000000000000000 ) ) ;
#6261 = EDGE_CURVE ( 'NONE', #2499, #3511, #4194, .T. ) ;
#6262 = ADVANCED_FACE ( 'NONE', ( #3580 ), #4891, .T. ) ;
#6263 = DIRECTION ( 'NONE',  ( 0.8412535328311772087, -0.5406408174556038837, 0.000000000000000000 ) ) ;
#6264 = ORIENTED_EDGE ( 'NONE', *, *, #1260, .T. ) ;
#6265 = ORIENTED_EDGE ( 'NONE', *, *, #2218, .F. ) ;
#6266 = AXIS2_PLACEMENT_3D ( 'NONE', #1178, #2567, #1298 ) ;
#6267 = VECTOR ( 'NONE', #1920, 1000.000000000000000 ) ;
#6268 = ORIENTED_EDGE ( 'NONE', *, *, #4880, .T. ) ;
#6269 = PLANE ( 'NONE',  #3974 ) ;
#6270 = FACE_OUTER_BOUND ( 'NONE', #7730, .T. ) ;
#6271 = AXIS2_PLACEMENT_3D ( 'NONE', #6251, #5012, #4272 ) ;
#6272 = CIRCLE ( 'NONE', #2201, 1.000000000000000888 ) ;
#6273 = DIRECTION ( 'NONE',  ( -1.000000000000000000, 0.000000000000000000, 0.000000000000000000 ) ) ;
#6274 = CARTESIAN_POINT ( 'NONE',  ( 31.10784078822869247, 7.503481958012334196, -17.50000000000000000 ) ) ;
#6275 = LINE ( 'NONE', #1901, #5013 ) ;
#6276 = VECTOR ( 'NONE', #2468, 1000.000000000000000 ) ;
#6277 = CIRCLE ( 'NONE', #5219, 0.9999999999999974465 ) ;
#6278 = CARTESIAN_POINT ( 'NONE',  ( 19.49085778790757217, 26.62905298150054634, 17.50000000000000000 ) ) ;
#6279 = DIRECTION ( 'NONE',  ( 0.000000000000000000, 0.000000000000000000, -1.000000000000000000 ) ) ;
#6280 = ORIENTED_EDGE ( 'NONE', *, *, #6164, .F. ) ;
#6281 = LINE ( 'NONE', #2484, #2319 ) ;
#6282 = DIRECTION ( 'NONE',  ( 0.000000000000000000, 0.000000000000000000, -1.000000000000000000 ) ) ;
#6283 = EDGE_CURVE ( 'NONE', #1752, #4512, #15, .T. ) ;
#6284 = VECTOR ( 'NONE', #3873, 1000.000000000000114 ) ;
#6285 = AXIS2_PLACEMENT_3D ( 'NONE', #132, #754, #3266 ) ;
#6286 = ORIENTED_EDGE ( 'NONE', *, *, #1416, .T. ) ;
#6287 = EDGE_CURVE ( 'NONE', #7118, #3990, #7190, .T. ) ;
#6288 = ORIENTED_EDGE ( 'NONE', *, *, #6648, .F. ) ;
#6289 = CARTESIAN_POINT ( 'NONE',  ( 10.75825214724779322, 13.25825214724773993, 28.00000000000000000 ) ) ;
#6290 = ORIENTED_EDGE ( 'NONE', *, *, #7998, .T. ) ;
#6291 = DIRECTION ( 'NONE',  ( -0.000000000000000000, -0.000000000000000000, -1.000000000000000000 ) ) ;
#6292 = FACE_OUTER_BOUND ( 'NONE', #5272, .T. ) ;
#6293 = CYLINDRICAL_SURFACE ( 'NONE', #7196, 0.9999999999999997780 ) ;
#6294 = CARTESIAN_POINT ( 'NONE',  ( 0.000000000000000000, 0.000000000000000000, 18.50000000000000355 ) ) ;
#6295 = DIRECTION ( 'NONE',  ( -1.000000000000000000, 0.000000000000000000, 0.000000000000000000 ) ) ;
#6296 = EDGE_LOOP ( 'NONE', ( #3905, #835, #4191, #5980 ) ) ;
#6297 = ADVANCED_FACE ( 'NONE', ( #4669 ), #7027, .F. ) ;
#6298 = CARTESIAN_POINT ( 'NONE',  ( 1.999999999999755973, -32.93933818400124380, -17.50000000000000000 ) ) ;
#6299 = DIRECTION ( 'NONE',  ( 1.000000000000000000, 0.000000000000000000, 0.000000000000000000 ) ) ;
#6300 = CARTESIAN_POINT ( 'NONE',  ( -28.60046011285967538, 16.46249316879807267, -17.50000000000000000 ) ) ;
#6301 = CARTESIAN_POINT ( 'NONE',  ( 15.15994234640510463, 29.31170667248283124, -17.50000000000000000 ) ) ;
#6302 = FACE_BOUND ( 'NONE', #8045, .T. ) ;
#6303 = VERTEX_POINT ( 'NONE', #2733 ) ;
#6304 = ADVANCED_FACE ( 'NONE', ( #262 ), #7807, .T. ) ;
#6305 = ORIENTED_EDGE ( 'NONE', *, *, #354, .F. ) ;
#6306 = CIRCLE ( 'NONE', #4985, 1.000000000000000888 ) ;
#6307 = CIRCLE ( 'NONE', #1704, 33.00000000000000711 ) ;
#6308 = ORIENTED_EDGE ( 'NONE', *, *, #6356, .F. ) ;
#6309 = LINE ( 'NONE', #1895, #5428 ) ;
#6310 = DIRECTION ( 'NONE',  ( -1.000000000000000000, 0.000000000000000000, 0.000000000000000000 ) ) ;
#6311 = DIRECTION ( 'NONE',  ( -0.000000000000000000, 0.000000000000000000, 1.000000000000000000 ) ) ;
#6312 = CARTESIAN_POINT ( 'NONE',  ( -31.96172981786824607, 1.564553306727611837, -17.50000000000000000 ) ) ;
#6313 = CYLINDRICAL_SURFACE ( 'NONE', #4460, 1.000000000000000444 ) ;
#6314 = DIRECTION ( 'NONE',  ( -0.000000000000000000, -0.000000000000000000, -1.000000000000000000 ) ) ;
#6315 = EDGE_CURVE ( 'NONE', #6955, #898, #3948, .T. ) ;
#6316 = ORIENTED_EDGE ( 'NONE', *, *, #4776, .T. ) ;
#6317 = CARTESIAN_POINT ( 'NONE',  ( -32.96053387467662787, 1.613445597562849665, -17.50000000000000000 ) ) ;
#6318 = DIRECTION ( 'NONE',  ( -1.000000000000000000, 0.000000000000000000, 0.000000000000000000 ) ) ;
#6319 = EDGE_CURVE ( 'NONE', #2753, #6433, #5005, .T. ) ;
#6320 = ORIENTED_EDGE ( 'NONE', *, *, #5258, .T. ) ;
#6321 = CARTESIAN_POINT ( 'NONE',  ( 30.22626958139040099, -10.50583776731369312, 17.50000000000000000 ) ) ;
#6322 = ORIENTED_EDGE ( 'NONE', *, *, #5917, .T. ) ;
#6323 = VECTOR ( 'NONE', #8141, 1000.000000000000114 ) ;
#6324 = PLANE ( 'NONE',  #2917 ) ;
#6325 = DIRECTION ( 'NONE',  ( -0.000000000000000000, -0.000000000000000000, 1.000000000000000000 ) ) ;
#6326 = CARTESIAN_POINT ( 'NONE',  ( 32.96053387467668472, 1.613445597561933287, -17.50000000000000000 ) ) ;
#6327 = ADVANCED_FACE ( 'NONE', ( #5292 ), #1368, .F. ) ;
#6328 = AXIS2_PLACEMENT_3D ( 'NONE', #3765, #2983, #53 ) ;
#6329 = CIRCLE ( 'NONE', #3837, 1.000000000000000888 ) ;
#6330 = DIRECTION ( 'NONE',  ( 0.000000000000000000, 0.000000000000000000, 1.000000000000000000 ) ) ;
#6331 = ORIENTED_EDGE ( 'NONE', *, *, #300, .T. ) ;
#6332 = AXIS2_PLACEMENT_3D ( 'NONE', #2195, #414, #2805 ) ;
#6333 = CARTESIAN_POINT ( 'NONE',  ( 31.25015562650196443, 6.513660516131398737, -17.50000000000000000 ) ) ;
#6334 = FACE_OUTER_BOUND ( 'NONE', #5042, .T. ) ;
#6335 = VECTOR ( 'NONE', #5528, 1000.000000000000000 ) ;
#6336 = CARTESIAN_POINT ( 'NONE',  ( -18.44237240678555878, 24.99757788285565496, 17.50000000000000000 ) ) ;
#6337 = EDGE_CURVE ( 'NONE', #5142, #759, #6065, .T. ) ;
#6338 = CARTESIAN_POINT ( 'NONE',  ( -31.96172981786827449, -1.564553306726928383, -17.50000000000000000 ) ) ;
#6339 = VECTOR ( 'NONE', #4160, 1000.000000000000000 ) ;
#6340 = FACE_OUTER_BOUND ( 'NONE', #2295, .T. ) ;
#6341 = ORIENTED_EDGE ( 'NONE', *, *, #5803, .T. ) ;
#6342 = ORIENTED_EDGE ( 'NONE', *, *, #2136, .F. ) ;
#6343 = VERTEX_POINT ( 'NONE', #756 ) ;
#6344 = CARTESIAN_POINT ( 'NONE',  ( -25.38719601202997467, 19.35175130696883272, -17.50000000000000000 ) ) ;
#6345 = ORIENTED_EDGE ( 'NONE', *, *, #4804, .F. ) ;
#6346 = FACE_OUTER_BOUND ( 'NONE', #6006, .T. ) ;
#6347 = CARTESIAN_POINT ( 'NONE',  ( -32.88869289243835681, -2.708113702722975802, 17.50000000000000000 ) ) ;
#6348 = LINE ( 'NONE', #5077, #4354 ) ;
#6349 =( LENGTH_UNIT ( ) NAMED_UNIT ( * ) SI_UNIT ( .MILLI., .METRE. ) );
#6350 = LINE ( 'NONE', #3063, #4151 ) ;
#6351 = ORIENTED_EDGE ( 'NONE', *, *, #1607, .F. ) ;
#6352 = CARTESIAN_POINT ( 'NONE',  ( 15.75825214724778789, -13.25825214724773993, -28.00000000000000000 ) ) ;
#6353 = DIRECTION ( 'NONE',  ( 0.9096319953545257686, 0.4154150130018702813, -0.000000000000000000 ) ) ;
#6354 = CARTESIAN_POINT ( 'NONE',  ( 26.78317684298841783, 13.78749739841254573, 17.50000000000000000 ) ) ;
#6355 = EDGE_CURVE ( 'NONE', #1278, #5987, #5407, .T. ) ;
#6356 = EDGE_CURVE ( 'NONE', #2453, #2356, #1991, .T. ) ;
#6357 = ORIENTED_EDGE ( 'NONE', *, *, #2160, .T. ) ;
#6358 = DIRECTION ( 'NONE',  ( 1.000000000000000000, 0.000000000000000000, 0.000000000000000000 ) ) ;
#6359 = ORIENTED_EDGE ( 'NONE', *, *, #4015, .F. ) ;
#6360 = ORIENTED_EDGE ( 'NONE', *, *, #376, .F. ) ;
#6361 = CARTESIAN_POINT ( 'NONE',  ( 7.774216288469208536, -30.02601473889101058, 17.50000000000000000 ) ) ;
#6362 = DIRECTION ( 'NONE',  ( -0.000000000000000000, -0.000000000000000000, -1.000000000000000000 ) ) ;
#6363 = ADVANCED_FACE ( 'NONE', ( #2032 ), #7105, .T. ) ;
#6364 = AXIS2_PLACEMENT_3D ( 'NONE', #7273, #7311, #5332 ) ;
#6365 = ORIENTED_EDGE ( 'NONE', *, *, #4947, .F. ) ;
#6366 = ORIENTED_EDGE ( 'NONE', *, *, #5513, .T. ) ;
#6367 = EDGE_CURVE ( 'NONE', #3575, #3781, #4097, .T. ) ;
#6368 = CIRCLE ( 'NONE', #3745, 33.00000000000001421 ) ;
#6369 = CARTESIAN_POINT ( 'NONE',  ( -22.11851533709116424, 21.81218190101262522, -17.50000000000000000 ) ) ;
#6370 = FACE_OUTER_BOUND ( 'NONE', #5765, .T. ) ;
#6371 = CARTESIAN_POINT ( 'NONE',  ( 0.000000000000000000, 0.000000000000000000, -17.50000000000000000 ) ) ;
#6372 = CARTESIAN_POINT ( 'NONE',  ( 15.54180368691998204, -27.88283231949797880, -17.50000000000000000 ) ) ;
#6373 = EDGE_CURVE ( 'NONE', #2808, #7591, #4346, .T. ) ;
#6374 = AXIS2_PLACEMENT_3D ( 'NONE', #5442, #7300, #7873 ) ;
#6375 = LINE ( 'NONE', #2590, #3245 ) ;
#6376 = EDGE_LOOP ( 'NONE', ( #3317, #4487, #7676, #4965 ) ) ;
#6377 = CIRCLE ( 'NONE', #6920, 1.000000000000000888 ) ;
#6378 = ORIENTED_EDGE ( 'NONE', *, *, #4478, .F. ) ;
#6379 = ORIENTED_EDGE ( 'NONE', *, *, #2454, .T. ) ;
#6380 = LINE ( 'NONE', #1975, #691 ) ;
#6381 = EDGE_LOOP ( 'NONE', ( #775, #2975, #4569, #1196 ) ) ;
#6382 = CARTESIAN_POINT ( 'NONE',  ( 16.12584365658186769, -28.79161625132356761, -17.50000000000000000 ) ) ;
#6383 = EDGE_CURVE ( 'NONE', #2839, #3918, #6436, .T. ) ;
#6384 = AXIS2_PLACEMENT_3D ( 'NONE', #7640, #1949, #6948 ) ;
#6385 = DIRECTION ( 'NONE',  ( 1.000000000000000000, 6.938893903907228378E-15, 0.000000000000000000 ) ) ;
#6386 = CARTESIAN_POINT ( 'NONE',  ( 0.000000000000000000, 0.000000000000000000, -17.50000000000000000 ) ) ;
#6387 = ORIENTED_EDGE ( 'NONE', *, *, #3314, .F. ) ;
#6388 = AXIS2_PLACEMENT_3D ( 'NONE', #4187, #5304, #4636 ) ;
#6389 = PRESENTATION_STYLE_ASSIGNMENT (( #1326 ) ) ;
#6390 = CARTESIAN_POINT ( 'NONE',  ( -20.36519858079724088, 25.96649161447681564, -17.50000000000000000 ) ) ;
#6391 = EDGE_CURVE ( 'NONE', #2453, #7295, #2647, .T. ) ;
#6392 = ORIENTED_EDGE ( 'NONE', *, *, #3710, .T. ) ;
#6393 = VECTOR ( 'NONE', #6880, 1000.000000000000000 ) ;
#6394 = DIRECTION ( 'NONE',  ( -0.000000000000000000, -0.000000000000000000, 1.000000000000000000 ) ) ;
#6395 = CARTESIAN_POINT ( 'NONE',  ( -22.01762649668221172, 20.40157159271307918, -17.50000000000000000 ) ) ;
#6396 = DIRECTION ( 'NONE',  ( 0.000000000000000000, 0.000000000000000000, -1.000000000000000000 ) ) ;
#6397 = VECTOR ( 'NONE', #7573, 1000.000000000000000 ) ;
#6398 = VECTOR ( 'NONE', #4452, 1000.000000000000114 ) ;
#6399 = DIRECTION ( 'NONE',  ( 0.9898214418809302417, -0.1423148382733025741, -0.000000000000000000 ) ) ;
#6400 = ADVANCED_FACE ( 'NONE', ( #7147 ), #2688, .T. ) ;
#6401 = DIRECTION ( 'NONE',  ( -0.000000000000000000, -0.000000000000000000, 1.000000000000000000 ) ) ;
#6402 = ORIENTED_EDGE ( 'NONE', *, *, #7767, .F. ) ;
#6403 = ORIENTED_EDGE ( 'NONE', *, *, #5997, .T. ) ;
#6404 = EDGE_CURVE ( 'NONE', #1872, #2285, #5140, .T. ) ;
#6405 = DIRECTION ( 'NONE',  ( 1.000000000000000000, 0.000000000000000000, 0.000000000000000000 ) ) ;
#6406 = DIRECTION ( 'NONE',  ( 1.000000000000000000, 0.000000000000000000, 0.000000000000000000 ) ) ;
#6407 = EDGE_LOOP ( 'NONE', ( #4603, #2058, #2754, #5542 ) ) ;
#6408 = ORIENTED_EDGE ( 'NONE', *, *, #5614, .F. ) ;
#6409 = EDGE_CURVE ( 'NONE', #7648, #6847, #5869, .T. ) ;
#6410 = LINE ( 'NONE', #1929, #2216 ) ;
#6411 = LINE ( 'NONE', #2706, #5716 ) ;
#6412 = CARTESIAN_POINT ( 'NONE',  ( 0.000000000000000000, 0.000000000000000000, -17.50000000000000000 ) ) ;
#6413 = DIRECTION ( 'NONE',  ( -1.000000000000000000, 0.000000000000000000, 0.000000000000000000 ) ) ;
#6414 = EDGE_CURVE ( 'NONE', #4519, #160, #971, .T. ) ;
#6415 = DIRECTION ( 'NONE',  ( 1.000000000000000000, 0.000000000000000000, -0.000000000000000000 ) ) ;
#6416 = VERTEX_POINT ( 'NONE', #347 ) ;
#6417 = VERTEX_POINT ( 'NONE', #4754 ) ;
#6418 = VERTEX_POINT ( 'NONE', #3524 ) ;
#6419 = CARTESIAN_POINT ( 'NONE',  ( 27.73377950337953379, 15.96362973943977970, 17.50000000000000000 ) ) ;
#6420 = VERTEX_POINT ( 'NONE', #4096 ) ;
#6421 = CARTESIAN_POINT ( 'NONE',  ( 6.814723314854704839, -30.30774729573241899, -17.50000000000000000 ) ) ;
#6422 = VECTOR ( 'NONE', #4148, 1000.000000000000000 ) ;
#6423 = DIRECTION ( 'NONE',  ( -0.9096319953545132231, 0.4154150130018975373, -0.000000000000000000 ) ) ;
#6424 = VECTOR ( 'NONE', #386, 1000.000000000000000 ) ;
#6425 = EDGE_CURVE ( 'NONE', #7934, #6955, #2812, .T. ) ;
#6426 = LINE ( 'NONE', #1483, #3299 ) ;
#6427 = ORIENTED_EDGE ( 'NONE', *, *, #1489, .F. ) ;
#6428 = LINE ( 'NONE', #6983, #4732 ) ;
#6429 = ORIENTED_EDGE ( 'NONE', *, *, #7254, .F. ) ;
#6430 = VECTOR ( 'NONE', #3361, 1000.000000000000000 ) ;
#6431 = ORIENTED_EDGE ( 'NONE', *, *, #522, .T. ) ;
#6432 = CIRCLE ( 'NONE', #2360, 15.00000000000000000 ) ;
#6433 = VERTEX_POINT ( 'NONE', #7235 ) ;
#6434 = LINE ( 'NONE', #7762, #3659 ) ;
#6435 = DIRECTION ( 'NONE',  ( 1.000000000000000000, 0.000000000000000000, 0.000000000000000000 ) ) ;
#6436 = LINE ( 'NONE', #2117, #6868 ) ;
#6437 = EDGE_CURVE ( 'NONE', #7585, #2672, #5334, .T. ) ;
#6438 = DIRECTION ( 'NONE',  ( 0.1423148382732747075, -0.9898214418809342385, -0.000000000000000000 ) ) ;
#6439 = EDGE_CURVE ( 'NONE', #359, #4564, #1661, .T. ) ;
#6440 = CARTESIAN_POINT ( 'NONE',  ( 25.38719601203052534, 19.35175130696812218, -17.50000000000000000 ) ) ;
#6441 = VERTEX_POINT ( 'NONE', #1582 ) ;
#6442 = ORIENTED_EDGE ( 'NONE', *, *, #5087, .F. ) ;
#6443 = CARTESIAN_POINT ( 'NONE',  ( 6.814723314854704839, -30.30774729573241899, 17.50000000000000000 ) ) ;
#6444 = CARTESIAN_POINT ( 'NONE',  ( 7.492483731627797461, -29.06652176527650511, -17.50000000000000000 ) ) ;
#6445 = VERTEX_POINT ( 'NONE', #7965 ) ;
#6446 = ORIENTED_EDGE ( 'NONE', *, *, #6239, .F. ) ;
#6447 = CIRCLE ( 'NONE', #6730, 0.9999999999999974465 ) ;
#6448 = AXIS2_PLACEMENT_3D ( 'NONE', #2500, #1232, #7658 ) ;
#6449 = ORIENTED_EDGE ( 'NONE', *, *, #6439, .F. ) ;
#6450 = CARTESIAN_POINT ( 'NONE',  ( -1.000000000000222267, -30.00000000000000000, -17.50000000000000000 ) ) ;
#6451 = DIRECTION ( 'NONE',  ( 0.000000000000000000, 0.000000000000000000, -1.000000000000000000 ) ) ;
#6452 = FACE_OUTER_BOUND ( 'NONE', #2809, .T. ) ;
#6453 = AXIS2_PLACEMENT_3D ( 'NONE', #2282, #7192, #5995 ) ;
#6454 = LINE ( 'NONE', #5064, #7400 ) ;
#6455 = VECTOR ( 'NONE', #5279, 1000.000000000000000 ) ;
#6456 = CARTESIAN_POINT ( 'NONE',  ( 22.11289234230335055, -23.13049917874024075, -17.50000000000000000 ) ) ;
#6457 = ORIENTED_EDGE ( 'NONE', *, *, #2418, .F. ) ;
#6458 = ORIENTED_EDGE ( 'NONE', *, *, #1857, .T. ) ;
#6459 = EDGE_CURVE ( 'NONE', #785, #6463, #2895, .T. ) ;
#6460 = EDGE_CURVE ( 'NONE', #750, #780, #2362, .T. ) ;
#6461 = AXIS2_PLACEMENT_3D ( 'NONE', #3516, #2889, #1237 ) ;
#6462 = AXIS2_PLACEMENT_3D ( 'NONE', #3750, #3085, #2351 ) ;
#6463 = VERTEX_POINT ( 'NONE', #7885 ) ;
#6464 = DIRECTION ( 'NONE',  ( 1.000000000000000000, 0.000000000000000000, 0.000000000000000000 ) ) ;
#6465 = ORIENTED_EDGE ( 'NONE', *, *, #2865, .F. ) ;
#6466 = VECTOR ( 'NONE', #5049, 1000.000000000000000 ) ;
#6467 = CARTESIAN_POINT ( 'NONE',  ( 0.000000000000000000, 0.000000000000000000, -40.00000000000000000 ) ) ;
#6468 = LINE ( 'NONE', #3950, #6455 ) ;
#6469 = EDGE_CURVE ( 'NONE', #7280, #6869, #6031, .T. ) ;
#6470 = CONICAL_SURFACE ( 'NONE', #3969, 2.499999999999996891, 1.029744258676653645 ) ;
#6471 = CARTESIAN_POINT ( 'NONE',  ( 22.11851533709178597, 21.81218190101200349, -17.50000000000000000 ) ) ;
#6472 = ORIENTED_EDGE ( 'NONE', *, *, #354, .T. ) ;
#6473 = CARTESIAN_POINT ( 'NONE',  ( 11.19906991447264133, 31.04159842937787417, -17.50000000000000000 ) ) ;
#6474 =( NAMED_UNIT ( * ) PLANE_ANGLE_UNIT ( ) SI_UNIT ( $, .RADIAN. ) );
#6475 = VERTEX_POINT ( 'NONE', #4792 ) ;
#6476 = CIRCLE ( 'NONE', #557, 2.500000000000000444 ) ;
#6477 = ADVANCED_FACE ( 'NONE', ( #383 ), #8005, .F. ) ;
#6478 = EDGE_LOOP ( 'NONE', ( #2284, #4118, #1625 ) ) ;
#6479 = DIRECTION ( 'NONE',  ( -1.000000000000000000, 0.000000000000000000, 0.000000000000000000 ) ) ;
#6480 = DIRECTION ( 'NONE',  ( 1.000000000000000000, 0.000000000000000000, 0.000000000000000000 ) ) ;
#6481 = CARTESIAN_POINT ( 'NONE',  ( 27.73377950337897602, -15.96362973944075137, -17.50000000000000000 ) ) ;
#6482 = EDGE_CURVE ( 'NONE', #2899, #7760, #2641, .T. ) ;
#6483 = CARTESIAN_POINT ( 'NONE',  ( -15.07735827546081175, 27.16014115267801543, 17.50000000000000000 ) ) ;
#6484 = CARTESIAN_POINT ( 'NONE',  ( -15.75825214724779144, -13.25825214724773993, -40.00000000000000000 ) ) ;
#6485 = EDGE_CURVE ( 'NONE', #6004, #1262, #6653, .T. ) ;
#6486 = CARTESIAN_POINT ( 'NONE',  ( -7.492483731627995525, 29.06652176527645537, -17.50000000000000000 ) ) ;
#6487 = ORIENTED_EDGE ( 'NONE', *, *, #3653, .F. ) ;
#6488 = CARTESIAN_POINT ( 'NONE',  ( -30.22626958139069586, -10.50583776731283159, 17.50000000000000000 ) ) ;
#6489 = ORIENTED_EDGE ( 'NONE', *, *, #3403, .F. ) ;
#6490 = DIRECTION ( 'NONE',  ( -0.9898214418809342385, -0.1423148382732747075, 0.000000000000000000 ) ) ;
#6491 = DIRECTION ( 'NONE',  ( 1.000000000000000000, 0.000000000000000000, 0.000000000000000000 ) ) ;
#6492 = ADVANCED_FACE ( 'NONE', ( #465 ), #6613, .T. ) ;
#6493 = VERTEX_POINT ( 'NONE', #1008 ) ;
#6494 = VERTEX_POINT ( 'NONE', #1046 ) ;
#6495 = ORIENTED_EDGE ( 'NONE', *, *, #7556, .T. ) ;
#6496 = EDGE_CURVE ( 'NONE', #3324, #869, #3559, .T. ) ;
#6497 = DIRECTION ( 'NONE',  ( 1.000000000000000000, 0.000000000000000000, 0.000000000000000000 ) ) ;
#6498 = DIRECTION ( 'NONE',  ( 0.000000000000000000, 0.000000000000000000, -1.000000000000000000 ) ) ;
#6499 = DIRECTION ( 'NONE',  ( -0.7557495743542637090, -0.6548607339452787723, 0.000000000000000000 ) ) ;
#6500 = VECTOR ( 'NONE', #2159, 1000.000000000000000 ) ;
#6501 = CARTESIAN_POINT ( 'NONE',  ( -7.361098020014463117, -32.16852865674368900, 17.50000000000000000 ) ) ;
#6502 = VECTOR ( 'NONE', #2999, 1000.000000000000114 ) ;
#6503 = CARTESIAN_POINT ( 'NONE',  ( -26.45812983463192225, -14.28171438076537569, 17.50000000000000000 ) ) ;
#6504 = ORIENTED_EDGE ( 'NONE', *, *, #2411, .F. ) ;
#6505 = ORIENTED_EDGE ( 'NONE', *, *, #3088, .T. ) ;
#6506 = VECTOR ( 'NONE', #4557, 1000.000000000000000 ) ;
#6507 = AXIS2_PLACEMENT_3D ( 'NONE', #3557, #5535, #5922 ) ;
#6508 = VERTEX_POINT ( 'NONE', #4718 ) ;
#6509 = DIRECTION ( 'NONE',  ( 1.000000000000000000, 0.000000000000000000, 0.000000000000000000 ) ) ;
#6510 = VERTEX_POINT ( 'NONE', #5454 ) ;
#6511 = CARTESIAN_POINT ( 'NONE',  ( 7.774216288469208536, -30.02601473889101058, 17.50000000000000000 ) ) ;
#6512 = CARTESIAN_POINT ( 'NONE',  ( 27.73377950337897602, -15.96362973944075137, -17.50000000000000000 ) ) ;
#6513 = CIRCLE ( 'NONE', #6788, 1.000000000000000888 ) ;
#6514 = ADVANCED_FACE ( 'NONE', ( #425 ), #7355, .F. ) ;
#6515 = ADVANCED_FACE ( 'NONE', ( #5500 ), #4214, .F. ) ;
#6516 = FACE_OUTER_BOUND ( 'NONE', #5821, .T. ) ;
#6517 = AXIS2_PLACEMENT_3D ( 'NONE', #249, #3335, #125 ) ;
#6518 = DIRECTION ( 'NONE',  ( -0.000000000000000000, 0.000000000000000000, 1.000000000000000000 ) ) ;
#6519 = ORIENTED_EDGE ( 'NONE', *, *, #832, .F. ) ;
#6520 = ORIENTED_EDGE ( 'NONE', *, *, #8081, .T. ) ;
#6521 = DIRECTION ( 'NONE',  ( -0.9898214418809303528, 0.1423148382733016859, 0.000000000000000000 ) ) ;
#6522 = ORIENTED_EDGE ( 'NONE', *, *, #7532, .T. ) ;
#6523 = VECTOR ( 'NONE', #6630, 1000.000000000000000 ) ;
#6524 = CIRCLE ( 'NONE', #1000, 0.9999999999999974465 ) ;
#6525 = CYLINDRICAL_SURFACE ( 'NONE', #475, 1.000000000000000888 ) ;
#6526 = DIRECTION ( 'NONE',  ( 1.000000000000000000, 0.000000000000000000, 0.000000000000000000 ) ) ;
#6527 = DIRECTION ( 'NONE',  ( -1.000000000000000000, 0.000000000000000000, 0.000000000000000000 ) ) ;
#6528 = DIRECTION ( 'NONE',  ( -0.000000000000000000, -0.000000000000000000, -1.000000000000000000 ) ) ;
#6529 = PLANE ( 'NONE',  #885 ) ;
#6530 = AXIS2_PLACEMENT_3D ( 'NONE', #1989, #6987, #3726 ) ;
#6531 = CIRCLE ( 'NONE', #2838, 33.00000000000001421 ) ;
#6532 = CARTESIAN_POINT ( 'NONE',  ( 26.04205674597579900, 18.59600173261385336, -17.50000000000000000 ) ) ;
#6533 = EDGE_LOOP ( 'NONE', ( #4019, #989 ) ) ;
#6534 = DIRECTION ( 'NONE',  ( -0.000000000000000000, -0.000000000000000000, -1.000000000000000000 ) ) ;
#6535 = VERTEX_POINT ( 'NONE', #2981 ) ;
#6536 = PLANE ( 'NONE',  #7631 ) ;
#6537 = DIRECTION ( 'NONE',  ( 1.000000000000000000, 0.000000000000000000, 0.000000000000000000 ) ) ;
#6538 = AXIS2_PLACEMENT_3D ( 'NONE', #6760, #6882, #7413 ) ;
#6539 = AXIS2_PLACEMENT_3D ( 'NONE', #7627, #1285, #1316 ) ;
#6540 = EDGE_LOOP ( 'NONE', ( #243, #7840, #5849, #5471 ) ) ;
#6541 = EDGE_CURVE ( 'NONE', #469, #2654, #1291, .T. ) ;
#6542 = ORIENTED_EDGE ( 'NONE', *, *, #2886, .F. ) ;
#6543 = CIRCLE ( 'NONE', #1672, 0.9999999999999974465 ) ;
#6544 = ORIENTED_EDGE ( 'NONE', *, *, #196, .T. ) ;
#6545 = DIRECTION ( 'NONE',  ( 1.000000000000000000, 0.000000000000000000, 0.000000000000000000 ) ) ;
#6546 = DIRECTION ( 'NONE',  ( -0.000000000000000000, 0.000000000000000000, -1.000000000000000000 ) ) ;
#6547 = CARTESIAN_POINT ( 'NONE',  ( -2.000000000000230926, -30.99999999999999289, 17.50000000000000000 ) ) ;
#6548 = DIRECTION ( 'NONE',  ( 1.000000000000000000, 0.000000000000000000, 0.000000000000000000 ) ) ;
#6549 = EDGE_CURVE ( 'NONE', #104, #753, #6447, .T. ) ;
#6550 = CARTESIAN_POINT ( 'NONE',  ( -11.19906991447176736, 31.04159842937817615, -17.50000000000000000 ) ) ;
#6551 = ORIENTED_EDGE ( 'NONE', *, *, #1998, .F. ) ;
#6552 = ORIENTED_EDGE ( 'NONE', *, *, #2367, .F. ) ;
#6553 = AXIS2_PLACEMENT_3D ( 'NONE', #5047, #27, #7480 ) ;
#6554 = VERTEX_POINT ( 'NONE', #7429 ) ;
#6555 = VECTOR ( 'NONE', #1967, 1000.000000000000000 ) ;
#6556 = DIRECTION ( 'NONE',  ( -1.000000000000000000, 0.000000000000000000, 0.000000000000000000 ) ) ;
#6557 = EDGE_LOOP ( 'NONE', ( #2756, #3770, #4817, #5072 ) ) ;
#6558 = LINE ( 'NONE', #1977, #4937 ) ;
#6559 = DIRECTION ( 'NONE',  ( -0.000000000000000000, -0.000000000000000000, -1.000000000000000000 ) ) ;
#6560 = DIRECTION ( 'NONE',  ( 1.000000000000000000, 0.000000000000000000, 0.000000000000000000 ) ) ;
#6561 = EDGE_CURVE ( 'NONE', #759, #1051, #3169, .T. ) ;
#6562 = FACE_OUTER_BOUND ( 'NONE', #8135, .T. ) ;
#6563 = ORIENTED_EDGE ( 'NONE', *, *, #2583, .T. ) ;
#6564 = PLANE ( 'NONE',  #1574 ) ;
#6565 = VERTEX_POINT ( 'NONE', #4912 ) ;
#6566 = CARTESIAN_POINT ( 'NONE',  ( 7.361098020014663845, 32.16852865674363926, 17.50000000000000000 ) ) ;
#6567 = CIRCLE ( 'NONE', #7228, 1.000000000000000888 ) ;
#6568 = ORIENTED_EDGE ( 'NONE', *, *, #4767, .F. ) ;
#6569 = CIRCLE ( 'NONE', #7620, 0.9999999999999974465 ) ;
#6570 = CARTESIAN_POINT ( 'NONE',  ( 0.000000000000000000, 0.000000000000000000, -17.50000000000000000 ) ) ;
#6571 = FACE_OUTER_BOUND ( 'NONE', #5607, .T. ) ;
#6572 = DIRECTION ( 'NONE',  ( -0.000000000000000000, -0.000000000000000000, 1.000000000000000000 ) ) ;
#6573 = DIRECTION ( 'NONE',  ( 1.000000000000000000, 0.000000000000000000, 0.000000000000000000 ) ) ;
#6574 = DIRECTION ( 'NONE',  ( 1.000000000000000000, 0.000000000000000000, 0.000000000000000000 ) ) ;
#6575 = CIRCLE ( 'NONE', #2620, 1.000000000000000888 ) ;
#6576 = EDGE_CURVE ( 'NONE', #6242, #4828, #7468, .T. ) ;
#6577 = CARTESIAN_POINT ( 'NONE',  ( -15.91861180829199540, 26.61950033522242265, 17.50000000000000000 ) ) ;
#6578 = VERTEX_POINT ( 'NONE', #5657 ) ;
#6579 = ADVANCED_FACE ( 'NONE', ( #12 ), #3022, .T. ) ;
#6580 = AXIS2_PLACEMENT_3D ( 'NONE', #181, #2210, #7075 ) ;
#6581 = ORIENTED_EDGE ( 'NONE', *, *, #3786, .F. ) ;
#6582 = DIRECTION ( 'NONE',  ( -0.000000000000000000, -0.000000000000000000, 1.000000000000000000 ) ) ;
#6583 = CARTESIAN_POINT ( 'NONE',  ( 31.25015562650196443, 6.513660516131398737, -17.50000000000000000 ) ) ;
#6584 = ORIENTED_EDGE ( 'NONE', *, *, #3208, .F. ) ;
#6585 = VERTEX_POINT ( 'NONE', #8041 ) ;
#6586 = VERTEX_POINT ( 'NONE', #2400 ) ;
#6587 = CYLINDRICAL_SURFACE ( 'NONE', #1820, 0.9999999999999991118 ) ;
#6588 = DIRECTION ( 'NONE',  ( 1.000000000000000000, 0.000000000000000000, 0.000000000000000000 ) ) ;
#6589 = EDGE_CURVE ( 'NONE', #6077, #2846, #4355, .T. ) ;
#6590 = FACE_OUTER_BOUND ( 'NONE', #3564, .T. ) ;
#6591 = DIRECTION ( 'NONE',  ( -0.000000000000000000, -0.000000000000000000, 1.000000000000000000 ) ) ;
#6592 = DIRECTION ( 'NONE',  ( 1.000000000000000000, 0.000000000000000000, 0.000000000000000000 ) ) ;
#6593 = VERTEX_POINT ( 'NONE', #2437 ) ;
#6594 = ORIENTED_EDGE ( 'NONE', *, *, #2101, .F. ) ;
#6595 = ORIENTED_EDGE ( 'NONE', *, *, #7883, .T. ) ;
#6596 = EDGE_CURVE ( 'NONE', #801, #5505, #3098, .T. ) ;
#6597 = CYLINDRICAL_SURFACE ( 'NONE', #2002, 2.499999999999998668 ) ;
#6598 = VERTEX_POINT ( 'NONE', #1943 ) ;
#6599 = FACE_BOUND ( 'NONE', #7492, .T. ) ;
#6600 = AXIS2_PLACEMENT_3D ( 'NONE', #1150, #7373, #1718 ) ;
#6601 = CARTESIAN_POINT ( 'NONE',  ( -15.15994234640490212, -29.31170667248292716, -17.50000000000000000 ) ) ;
#6602 = CARTESIAN_POINT ( 'NONE',  ( 15.70055015408980026, 28.42347313695304578, -17.50000000000000000 ) ) ;
#6603 = ADVANCED_FACE ( 'NONE', ( #8123 ), #3679, .T. ) ;
#6604 = DIRECTION ( 'NONE',  ( -0.8571673007021118895, 0.000000000000000000, -0.5150380749100549327 ) ) ;
#6605 = AXIS2_PLACEMENT_3D ( 'NONE', #7276, #4215, #1622 ) ;
#6606 = ORIENTED_EDGE ( 'NONE', *, *, #782, .T. ) ;
#6607 = PLANE ( 'NONE',  #6917 ) ;
#6608 = AXIS2_PLACEMENT_3D ( 'NONE', #6100, #1612, #453 ) ;
#6609 = ORIENTED_EDGE ( 'NONE', *, *, #3203, .T. ) ;
#6610 = VERTEX_POINT ( 'NONE', #5036 ) ;
#6611 = LINE ( 'NONE', #969, #7997 ) ;
#6612 = PLANE ( 'NONE',  #1765 ) ;
#6613 = CYLINDRICAL_SURFACE ( 'NONE', #7903, 22.50000000000000355 ) ;
#6614 = VECTOR ( 'NONE', #1199, 1000.000000000000000 ) ;
#6615 = DIRECTION ( 'NONE',  ( -0.000000000000000000, -0.000000000000000000, -1.000000000000000000 ) ) ;
#6616 = AXIS2_PLACEMENT_3D ( 'NONE', #4701, #247, #7219 ) ;
#6617 = FACE_OUTER_BOUND ( 'NONE', #3536, .T. ) ;
#6618 = VECTOR ( 'NONE', #7106, 1000.000000000000000 ) ;
#6619 = ORIENTED_EDGE ( 'NONE', *, *, #2939, .F. ) ;
#6620 = ORIENTED_EDGE ( 'NONE', *, *, #6624, .F. ) ;
#6621 = DIRECTION ( 'NONE',  ( 1.000000000000000000, -8.673617379884032317E-15, -0.000000000000000000 ) ) ;
#6622 = FACE_OUTER_BOUND ( 'NONE', #2768, .T. ) ;
#6623 = ADVANCED_FACE ( 'NONE', ( #543 ), #5696, .F. ) ;
#6624 = EDGE_CURVE ( 'NONE', #4924, #6593, #8077, .T. ) ;
#6625 = ORIENTED_EDGE ( 'NONE', *, *, #4688, .T. ) ;
#6626 = VERTEX_POINT ( 'NONE', #3719 ) ;
#6627 = ORIENTED_EDGE ( 'NONE', *, *, #421, .T. ) ;
#6628 = CARTESIAN_POINT ( 'NONE',  ( -20.36519858079724088, 25.96649161447681564, 17.50000000000000000 ) ) ;
#6629 = DIRECTION ( 'NONE',  ( 1.000000000000000000, 0.000000000000000000, 0.000000000000000000 ) ) ;
#6630 = DIRECTION ( 'NONE',  ( -0.000000000000000000, -0.000000000000000000, 1.000000000000000000 ) ) ;
#6631 = DIRECTION ( 'NONE',  ( -0.1423148382732971895, -0.9898214418809309079, 0.000000000000000000 ) ) ;
#6632 = CARTESIAN_POINT ( 'NONE',  ( -31.10784078822846865, 7.503481958013199282, -17.50000000000000000 ) ) ;
#6633 = ORIENTED_EDGE ( 'NONE', *, *, #1530, .T. ) ;
#6634 = VERTEX_POINT ( 'NONE', #6778 ) ;
#6635 = EDGE_CURVE ( 'NONE', #2174, #4145, #7268, .T. ) ;
#6636 = ORIENTED_EDGE ( 'NONE', *, *, #1601, .T. ) ;
#6637 = CARTESIAN_POINT ( 'NONE',  ( 7.774216288470253922, 30.02601473889074057, -17.50000000000000000 ) ) ;
#6638 = EDGE_LOOP ( 'NONE', ( #7015, #1407, #6019, #342 ) ) ;
#6639 = CARTESIAN_POINT ( 'NONE',  ( 6.287796095551953179, 32.39542591571782992, -17.50000000000000000 ) ) ;
#6640 = EDGE_CURVE ( 'NONE', #2700, #6343, #7510, .T. ) ;
#6641 = DIRECTION ( 'NONE',  ( 1.000000000000000000, 0.000000000000000000, 0.000000000000000000 ) ) ;
#6642 = CARTESIAN_POINT ( 'NONE',  ( 27.73377950337953379, 15.96362973943977970, -17.50000000000000000 ) ) ;
#6643 = DIRECTION ( 'NONE',  ( 1.000000000000000000, 0.000000000000000000, 0.000000000000000000 ) ) ;
#6644 = VERTEX_POINT ( 'NONE', #2476 ) ;
#6645 = CIRCLE ( 'NONE', #7823, 2.499999999999998668 ) ;
#6646 = CYLINDRICAL_SURFACE ( 'NONE', #3751, 1.000000000000000888 ) ;
#6647 = ORIENTED_EDGE ( 'NONE', *, *, #7728, .F. ) ;
#6648 = EDGE_CURVE ( 'NONE', #2694, #2083, #5075, .T. ) ;
#6649 = AXIS2_PLACEMENT_3D ( 'NONE', #6049, #7984, #7210 ) ;
#6650 = EDGE_CURVE ( 'NONE', #4477, #1756, #52, .T. ) ;
#6651 = AXIS2_PLACEMENT_3D ( 'NONE', #3059, #1741, #3021 ) ;
#6652 = FACE_OUTER_BOUND ( 'NONE', #396, .T. ) ;
#6653 = LINE ( 'NONE', #5412, #4755 ) ;
#6654 = DIRECTION ( 'NONE',  ( 0.8571673007021118895, 1.049727191138618079E-16, -0.5150380749100549327 ) ) ;
#6655 = EDGE_CURVE ( 'NONE', #2442, #2100, #1126, .T. ) ;
#6656 = CARTESIAN_POINT ( 'NONE',  ( -15.75825214724778789, 13.25825214724773993, 28.00000000000000000 ) ) ;
#6657 = CIRCLE ( 'NONE', #7702, 33.00000000000001421 ) ;
#6658 = AXIS2_PLACEMENT_3D ( 'NONE', #2707, #4558, #3939 ) ;
#6659 = ORIENTED_EDGE ( 'NONE', *, *, #2651, .T. ) ;
#6660 = ORIENTED_EDGE ( 'NONE', *, *, #580, .F. ) ;
#6661 = DIRECTION ( 'NONE',  ( 1.000000000000000000, 0.000000000000000000, 0.000000000000000000 ) ) ;
#6662 = DIRECTION ( 'NONE',  ( -0.000000000000000000, -0.000000000000000000, -1.000000000000000000 ) ) ;
#6663 = EDGE_CURVE ( 'NONE', #1872, #5511, #6155, .T. ) ;
#6664 = VERTEX_POINT ( 'NONE', #3387 ) ;
#6665 = VECTOR ( 'NONE', #355, 1000.000000000000000 ) ;
#6666 = EDGE_LOOP ( 'NONE', ( #3316, #4809, #776, #4299 ) ) ;
#6667 = AXIS2_PLACEMENT_3D ( 'NONE', #72, #723, #7571 ) ;
#6668 = ORIENTED_EDGE ( 'NONE', *, *, #2804, .F. ) ;
#6669 = AXIS2_PLACEMENT_3D ( 'NONE', #2271, #2843, #6641 ) ;
#6670 = CIRCLE ( 'NONE', #3643, 1.000000000000000888 ) ;
#6671 = ORIENTED_EDGE ( 'NONE', *, *, #7101, .F. ) ;
#6672 = DIRECTION ( 'NONE',  ( 0.000000000000000000, -0.000000000000000000, 1.000000000000000000 ) ) ;
#6673 = CARTESIAN_POINT ( 'NONE',  ( -7.492483731628627908, -29.06652176527628839, 17.50000000000000000 ) ) ;
#6674 = LINE ( 'NONE', #1517, #7178 ) ;
#6675 = VECTOR ( 'NONE', #2378, 1000.000000000000000 ) ;
#6676 = FACE_OUTER_BOUND ( 'NONE', #6872, .T. ) ;
#6677 = CIRCLE ( 'NONE', #3114, 33.00000000000000711 ) ;
#6678 = CIRCLE ( 'NONE', #5218, 33.00000000000000711 ) ;
#6679 = VECTOR ( 'NONE', #4324, 1000.000000000000000 ) ;
#6680 = LINE ( 'NONE', #5395, #1540 ) ;
#6681 = VERTEX_POINT ( 'NONE', #783 ) ;
#6682 = EDGE_CURVE ( 'NONE', #6086, #4870, #3220, .T. ) ;
#6683 = DIRECTION ( 'NONE',  ( 1.000000000000000000, 0.000000000000000000, 0.000000000000000000 ) ) ;
#6684 = DIRECTION ( 'NONE',  ( -0.000000000000000000, -0.000000000000000000, -1.000000000000000000 ) ) ;
#6685 = ORIENTED_EDGE ( 'NONE', *, *, #2921, .T. ) ;
#6686 = DIRECTION ( 'NONE',  ( 0.000000000000000000, 0.000000000000000000, 1.000000000000000000 ) ) ;
#6687 = EDGE_CURVE ( 'NONE', #380, #1097, #5949, .T. ) ;
#6688 = CARTESIAN_POINT ( 'NONE',  ( 22.50000000000000355, 2.755455298081545172E-15, 40.00000000000000000 ) ) ;
#6689 = CIRCLE ( 'NONE', #1022, 34.00000000000000711 ) ;
#6690 = CARTESIAN_POINT ( 'NONE',  ( 28.73377950337897957, -15.96362973944075137, -17.50000000000000000 ) ) ;
#6691 = DIRECTION ( 'NONE',  ( -0.000000000000000000, -0.000000000000000000, -1.000000000000000000 ) ) ;
#6692 = VERTEX_POINT ( 'NONE', #5733 ) ;
#6693 = DIRECTION ( 'NONE',  ( 1.000000000000000000, 0.000000000000000000, 0.000000000000000000 ) ) ;
#6694 = ORIENTED_EDGE ( 'NONE', *, *, #5276, .T. ) ;
#6695 = DIRECTION ( 'NONE',  ( -0.000000000000000000, -0.000000000000000000, -1.000000000000000000 ) ) ;
#6696 = DIRECTION ( 'NONE',  ( 0.000000000000000000, 0.000000000000000000, -1.000000000000000000 ) ) ;
#6697 = ADVANCED_FACE ( 'NONE', ( #126 ), #7913, .F. ) ;
#6698 = CARTESIAN_POINT ( 'NONE',  ( -29.13184589196634633, 15.50275959068977194, -17.50000000000000000 ) ) ;
#6699 = CYLINDRICAL_SURFACE ( 'NONE', #3836, 1.000000000000000888 ) ;
#6700 = DIRECTION ( 'NONE',  ( -0.000000000000000000, -0.000000000000000000, 1.000000000000000000 ) ) ;
#6701 = VERTEX_POINT ( 'NONE', #2636 ) ;
#6702 = ORIENTED_EDGE ( 'NONE', *, *, #7797, .T. ) ;
#6703 = EDGE_CURVE ( 'NONE', #1435, #6475, #7921, .T. ) ;
#6704 = CARTESIAN_POINT ( 'NONE',  ( 0.000000000000000000, 0.000000000000000000, -40.00000000000000000 ) ) ;
#6705 = DIRECTION ( 'NONE',  ( -0.000000000000000000, -0.000000000000000000, 1.000000000000000000 ) ) ;
#6706 = AXIS2_PLACEMENT_3D ( 'NONE', #7278, #1667, #7358 ) ;
#6707 = ORIENTED_EDGE ( 'NONE', *, *, #4108, .T. ) ;
#6708 = EDGE_CURVE ( 'NONE', #3288, #2395, #827, .T. ) ;
#6709 = ORIENTED_EDGE ( 'NONE', *, *, #6687, .F. ) ;
#6710 = VECTOR ( 'NONE', #1306, 1000.000000000000000 ) ;
#6711 = ORIENTED_EDGE ( 'NONE', *, *, #905, .F. ) ;
#6712 = EDGE_LOOP ( 'NONE', ( #3929, #3504, #7367, #2566 ) ) ;
#6713 = CARTESIAN_POINT ( 'NONE',  ( 11.85421466161509052, -29.72335100146602116, -17.50000000000000000 ) ) ;
#6714 = CARTESIAN_POINT ( 'NONE',  ( 31.25015562650171930, -6.513660516132482314, 17.50000000000000000 ) ) ;
#6715 = DIRECTION ( 'NONE',  ( -0.000000000000000000, -0.000000000000000000, 1.000000000000000000 ) ) ;
#6716 = DIRECTION ( 'NONE',  ( -0.000000000000000000, -0.000000000000000000, -1.000000000000000000 ) ) ;
#6717 = CARTESIAN_POINT ( 'NONE',  ( -15.91861180829257805, -26.61950033522207804, -17.50000000000000000 ) ) ;
#6718 = VERTEX_POINT ( 'NONE', #5153 ) ;
#6719 = CARTESIAN_POINT ( 'NONE',  ( 13.25825214724778967, -13.25825214724773993, 28.00000000000000000 ) ) ;
#6720 = ORIENTED_EDGE ( 'NONE', *, *, #2068, .F. ) ;
#6721 = CARTESIAN_POINT ( 'NONE',  ( 0.000000000000000000, 0.000000000000000000, 17.50000000000000000 ) ) ;
#6722 = DIRECTION ( 'NONE',  ( 0.000000000000000000, 0.000000000000000000, -1.000000000000000000 ) ) ;
#6723 = CARTESIAN_POINT ( 'NONE',  ( 22.01762649668279082, 20.40157159271246101, 17.50000000000000000 ) ) ;
#6724 = ADVANCED_FACE ( 'NONE', ( #4494 ), #5856, .T. ) ;
#6725 = EDGE_CURVE ( 'NONE', #448, #2940, #7093, .T. ) ;
#6726 = DIRECTION ( 'NONE',  ( 0.000000000000000000, 0.000000000000000000, -1.000000000000000000 ) ) ;
#6727 = VERTEX_POINT ( 'NONE', #2020 ) ;
#6728 = CARTESIAN_POINT ( 'NONE',  ( -2.000000000000000444, 30.00000000000000000, -17.50000000000000000 ) ) ;
#6729 = ORIENTED_EDGE ( 'NONE', *, *, #4972, .T. ) ;
#6730 = AXIS2_PLACEMENT_3D ( 'NONE', #6274, #3142, #585 ) ;
#6731 = DIRECTION ( 'NONE',  ( 1.000000000000000000, 0.000000000000000000, 0.000000000000000000 ) ) ;
#6732 = CARTESIAN_POINT ( 'NONE',  ( 22.77337607103705963, 21.05643232665773468, -17.50000000000000000 ) ) ;
#6733 = EDGE_CURVE ( 'NONE', #6147, #726, #1074, .T. ) ;
#6734 = FACE_OUTER_BOUND ( 'NONE', #897, .T. ) ;
#6735 = DIRECTION ( 'NONE',  ( 0.000000000000000000, 0.000000000000000000, -1.000000000000000000 ) ) ;
#6736 = AXIS2_PLACEMENT_3D ( 'NONE', #1250, #2521, #1209 ) ;
#6737 = CIRCLE ( 'NONE', #4617, 1.000000000000000000 ) ;
#6738 = DIRECTION ( 'NONE',  ( 0.000000000000000000, 0.000000000000000000, 1.000000000000000000 ) ) ;
#6739 = LINE ( 'NONE', #4757, #1822 ) ;
#6740 = EDGE_CURVE ( 'NONE', #6117, #7399, #6468, .T. ) ;
#6741 = VECTOR ( 'NONE', #6518, 1000.000000000000000 ) ;
#6742 = ORIENTED_EDGE ( 'NONE', *, *, #2110, .T. ) ;
#6743 = AXIS2_PLACEMENT_3D ( 'NONE', #7782, #2141, #986 ) ;
#6744 = VERTEX_POINT ( 'NONE', #3338 ) ;
#6745 = CARTESIAN_POINT ( 'NONE',  ( 0.000000000000000000, 0.000000000000000000, -17.50000000000000000 ) ) ;
#6746 = DIRECTION ( 'NONE',  ( 0.000000000000000000, 0.000000000000000000, 1.000000000000000000 ) ) ;
#6747 = ADVANCED_FACE ( 'NONE', ( #7796 ), #2599, .T. ) ;
#6748 = AXIS2_PLACEMENT_3D ( 'NONE', #5899, #913, #5273 ) ;
#6749 = ORIENTED_EDGE ( 'NONE', *, *, #1614, .F. ) ;
#6750 = ORIENTED_EDGE ( 'NONE', *, *, #2403, .T. ) ;
#6751 = EDGE_CURVE ( 'NONE', #2861, #801, #7672, .T. ) ;
#6752 = VECTOR ( 'NONE', #5692, 1000.000000000000000 ) ;
#6753 = ORIENTED_EDGE ( 'NONE', *, *, #641, .T. ) ;
#6754 = ORIENTED_EDGE ( 'NONE', *, *, #4426, .T. ) ;
#6755 = AXIS2_PLACEMENT_3D ( 'NONE', #2033, #3312, #3966 ) ;
#6756 = ADVANCED_FACE ( 'NONE', ( #6516 ), #745, .T. ) ;
#6757 = CARTESIAN_POINT ( 'NONE',  ( 13.25825214724778967, 13.25825214724773993, 40.00000000000000000 ) ) ;
#6758 = FACE_OUTER_BOUND ( 'NONE', #880, .T. ) ;
#6759 = CARTESIAN_POINT ( 'NONE',  ( -2.000000000000000000, 31.00000000000000000, 17.50000000000000000 ) ) ;
#6760 = CARTESIAN_POINT ( 'NONE',  ( -27.78317684298801638, 13.78749739841331845, 17.50000000000000000 ) ) ;
#6761 = DIRECTION ( 'NONE',  ( 1.000000000000000000, -3.469446951953617344E-15, 0.000000000000000000 ) ) ;
#6762 = EDGE_LOOP ( 'NONE', ( #513, #7653, #5653, #4006 ) ) ;
#6763 = EDGE_CURVE ( 'NONE', #801, #3082, #4886, .T. ) ;
#6764 = CARTESIAN_POINT ( 'NONE',  ( -9.693202235699057923, -29.46254962520790599, -17.50000000000000000 ) ) ;
#6765 = VERTEX_POINT ( 'NONE', #4459 ) ;
#6766 = CARTESIAN_POINT ( 'NONE',  ( -29.83695809470130555, -3.279623706317314369, -17.50000000000000000 ) ) ;
#6767 = FACE_OUTER_BOUND ( 'NONE', #1431, .T. ) ;
#6768 = CYLINDRICAL_SURFACE ( 'NONE', #6462, 15.00000000000000000 ) ;
#6769 = DIRECTION ( 'NONE',  ( 1.000000000000000000, 0.000000000000000000, 0.000000000000000000 ) ) ;
#6770 = ORIENTED_EDGE ( 'NONE', *, *, #6414, .F. ) ;
#6771 = CARTESIAN_POINT ( 'NONE',  ( -29.55232841815475808, -5.259266590079183956, -17.50000000000000000 ) ) ;
#6772 = VERTEX_POINT ( 'NONE', #3876 ) ;
#6773 = EDGE_CURVE ( 'NONE', #89, #2725, #6737, .T. ) ;
#6774 = ADVANCED_FACE ( 'NONE', ( #3258 ), #3843, .T. ) ;
#6775 = CARTESIAN_POINT ( 'NONE',  ( 31.96172981786824607, -1.564553306727832993, 17.50000000000000000 ) ) ;
#6776 = LINE ( 'NONE', #4678, #5190 ) ;
#6777 = FACE_OUTER_BOUND ( 'NONE', #2099, .T. ) ;
#6778 = CARTESIAN_POINT ( 'NONE',  ( 6.774216288469208536, -30.02601473889101058, 17.50000000000000000 ) ) ;
#6779 = CIRCLE ( 'NONE', #5055, 1.000000000000000888 ) ;
#6780 = CARTESIAN_POINT ( 'NONE',  ( 1.999999999999770628, -31.00000000000002842, -17.50000000000000000 ) ) ;
#6781 = DIRECTION ( 'NONE',  ( -0.000000000000000000, 0.000000000000000000, -1.000000000000000000 ) ) ;
#6782 = AXIS2_PLACEMENT_3D ( 'NONE', #1680, #5311, #4114 ) ;
#6783 = CIRCLE ( 'NONE', #3491, 1.000000000000000888 ) ;
#6784 = ORIENTED_EDGE ( 'NONE', *, *, #1160, .F. ) ;
#6785 = VERTEX_POINT ( 'NONE', #7835 ) ;
#6786 = DIRECTION ( 'NONE',  ( 1.000000000000000000, 0.000000000000000000, 0.000000000000000000 ) ) ;
#6787 = DIRECTION ( 'NONE',  ( 0.000000000000000000, 0.000000000000000000, 1.000000000000000000 ) ) ;
#6788 = AXIS2_PLACEMENT_3D ( 'NONE', #449, #5486, #7949 ) ;
#6789 = AXIS2_PLACEMENT_3D ( 'NONE', #2150, #4526, #2720 ) ;
#6790 = ORIENTED_EDGE ( 'NONE', *, *, #7296, .T. ) ;
#6791 = ORIENTED_EDGE ( 'NONE', *, *, #972, .F. ) ;
#6792 = VERTEX_POINT ( 'NONE', #7344 ) ;
#6793 = ORIENTED_EDGE ( 'NONE', *, *, #3778, .T. ) ;
#6794 = CARTESIAN_POINT ( 'NONE',  ( 22.50000000000000355, 0.000000000000000000, -40.00000000000000000 ) ) ;
#6795 = CARTESIAN_POINT ( 'NONE',  ( -10.75825214724779322, -13.25825214724773993, -28.00000000000000000 ) ) ;
#6796 = CIRCLE ( 'NONE', #3231, 1.000000000000000888 ) ;
#6797 = CARTESIAN_POINT ( 'NONE',  ( 0.000000000000000000, 0.000000000000000000, -17.50000000000000000 ) ) ;
#6798 = ADVANCED_FACE ( 'NONE', ( #4043 ), #2887, .T. ) ;
#6799 = FACE_OUTER_BOUND ( 'NONE', #1403, .T. ) ;
#6800 = VECTOR ( 'NONE', #2445, 1000.000000000000000 ) ;
#6801 = CARTESIAN_POINT ( 'NONE',  ( 0.000000000000000000, 0.000000000000000000, -17.50000000000000000 ) ) ;
#6802 = ORIENTED_EDGE ( 'NONE', *, *, #1032, .F. ) ;
#6803 = AXIS2_PLACEMENT_3D ( 'NONE', #389, #7972, #5421 ) ;
#6804 = AXIS2_PLACEMENT_3D ( 'NONE', #4970, #5636, #2415 ) ;
#6805 = FACE_BOUND ( 'NONE', #180, .T. ) ;
#6806 = VERTEX_POINT ( 'NONE', #6690 ) ;
#6807 = DIRECTION ( 'NONE',  ( 0.1423148382733016859, 0.9898214418809303528, 0.000000000000000000 ) ) ;
#6808 = CARTESIAN_POINT ( 'NONE',  ( 0.000000000000000000, 0.000000000000000000, -17.50000000000000000 ) ) ;
#6809 = ADVANCED_FACE ( 'NONE', ( #3515 ), #4785, .F. ) ;
#6810 = AXIS2_PLACEMENT_3D ( 'NONE', #6512, #6559, #4823 ) ;
#6811 = AXIS2_PLACEMENT_3D ( 'NONE', #4562, #82, #1430 ) ;
#6812 = DIRECTION ( 'NONE',  ( -0.000000000000000000, -0.000000000000000000, -1.000000000000000000 ) ) ;
#6813 = CARTESIAN_POINT ( 'NONE',  ( 32.07996081286056977, -7.737965769201332833, 17.50000000000000000 ) ) ;
#6814 = ORIENTED_EDGE ( 'NONE', *, *, #5529, .T. ) ;
#6815 = EDGE_CURVE ( 'NONE', #5550, #6869, #411, .T. ) ;
#6816 = CARTESIAN_POINT ( 'NONE',  ( -7.361098020013765009, 32.16852865674383821, -17.50000000000000000 ) ) ;
#6817 = DIRECTION ( 'NONE',  ( 1.000000000000000000, 0.000000000000000000, 0.000000000000000000 ) ) ;
#6818 = LINE ( 'NONE', #3096, #3877 ) ;
#6819 = DIRECTION ( 'NONE',  ( 0.000000000000000000, 0.000000000000000000, 1.000000000000000000 ) ) ;
#6820 = CARTESIAN_POINT ( 'NONE',  ( 30.22626958139040099, -10.50583776731369312, -17.50000000000000000 ) ) ;
#6821 = DIRECTION ( 'NONE',  ( 1.000000000000000000, 8.673617379884027583E-16, 0.000000000000000000 ) ) ;
#6822 = CARTESIAN_POINT ( 'NONE',  ( 32.10784078822841536, -7.503481958013412445, -17.50000000000000000 ) ) ;
#6823 = CIRCLE ( 'NONE', #7348, 35.00000000000000711 ) ;
#6824 = VERTEX_POINT ( 'NONE', #413 ) ;
#6825 = ORIENTED_EDGE ( 'NONE', *, *, #8088, .F. ) ;
#6826 = FACE_OUTER_BOUND ( 'NONE', #867, .T. ) ;
#6827 = VECTOR ( 'NONE', #4513, 1000.000000000000000 ) ;
#6828 = LINE ( 'NONE', #4260, #210 ) ;
#6829 = ORIENTED_EDGE ( 'NONE', *, *, #2463, .T. ) ;
#6830 = EDGE_CURVE ( 'NONE', #2183, #2100, #4206, .T. ) ;
#6831 = ORIENTED_EDGE ( 'NONE', *, *, #1129, .T. ) ;
#6832 = ORIENTED_EDGE ( 'NONE', *, *, #3484, .F. ) ;
#6833 = DIRECTION ( 'NONE',  ( 0.000000000000000000, 0.000000000000000000, 1.000000000000000000 ) ) ;
#6834 = EDGE_LOOP ( 'NONE', ( #5836, #1894, #5754, #1101 ) ) ;
#6835 = CIRCLE ( 'NONE', #4321, 2.499999999999996891 ) ;
#6836 = CARTESIAN_POINT ( 'NONE',  ( -30.54214986003556831, 5.401581428353106951, -17.50000000000000000 ) ) ;
#6837 = FACE_OUTER_BOUND ( 'NONE', #2014, .T. ) ;
#6838 = DIRECTION ( 'NONE',  ( 0.000000000000000000, 0.000000000000000000, 1.000000000000000000 ) ) ;
#6839 = DIRECTION ( 'NONE',  ( 1.000000000000000000, 0.000000000000000000, 0.000000000000000000 ) ) ;
#6840 = VECTOR ( 'NONE', #2815, 1000.000000000000114 ) ;
#6841 = CARTESIAN_POINT ( 'NONE',  ( 34.00000000000000711, 0.000000000000000000, -17.50000000000000000 ) ) ;
#6842 = CARTESIAN_POINT ( 'NONE',  ( 17.60111887395420283, -25.53821870031136854, 17.50000000000000000 ) ) ;
#6843 = AXIS2_PLACEMENT_3D ( 'NONE', #7241, #4724, #3409 ) ;
#6844 = EDGE_LOOP ( 'NONE', ( #4778, #7670, #445, #553 ) ) ;
#6845 = AXIS2_PLACEMENT_3D ( 'NONE', #96, #2764, #2603 ) ;
#6846 = CARTESIAN_POINT ( 'NONE',  ( -15.91861180829257805, -26.61950033522207804, -17.50000000000000000 ) ) ;
#6847 = VERTEX_POINT ( 'NONE', #5445 ) ;
#6848 = LINE ( 'NONE', #5062, #3347 ) ;
#6849 = DIRECTION ( 'NONE',  ( -0.000000000000000000, -0.000000000000000000, 1.000000000000000000 ) ) ;
#6850 = CARTESIAN_POINT ( 'NONE',  ( 15.07735827546062701, -27.16014115267811491, 17.50000000000000000 ) ) ;
#6851 = EDGE_CURVE ( 'NONE', #6208, #6692, #2234, .T. ) ;
#6852 = FACE_OUTER_BOUND ( 'NONE', #7143, .T. ) ;
#6853 = ORIENTED_EDGE ( 'NONE', *, *, #8096, .F. ) ;
#6854 = EDGE_CURVE ( 'NONE', #848, #3235, #4655, .T. ) ;
#6855 = DIRECTION ( 'NONE',  ( 1.000000000000000000, 0.000000000000000000, 0.000000000000000000 ) ) ;
#6856 = FACE_OUTER_BOUND ( 'NONE', #313, .T. ) ;
#6857 = EDGE_CURVE ( 'NONE', #5388, #1477, #5490, .T. ) ;
#6858 = CYLINDRICAL_SURFACE ( 'NONE', #3754, 1.000000000000000888 ) ;
#6859 = DIRECTION ( 'NONE',  ( -0.000000000000000000, -0.000000000000000000, 1.000000000000000000 ) ) ;
#6860 = DIRECTION ( 'NONE',  ( -0.000000000000000000, -0.000000000000000000, 1.000000000000000000 ) ) ;
#6861 = CARTESIAN_POINT ( 'NONE',  ( -1.000000000000000000, 31.00000000000000000, -17.50000000000000000 ) ) ;
#6862 = AXIS2_PLACEMENT_3D ( 'NONE', #1760, #5555, #6839 ) ;
#6863 = AXIS2_PLACEMENT_3D ( 'NONE', #5484, #7990, #3545 ) ;
#6864 = DIRECTION ( 'NONE',  ( -0.9898214418809350157, -0.1423148382732687678, 0.000000000000000000 ) ) ;
#6865 = ORIENTED_EDGE ( 'NONE', *, *, #186, .T. ) ;
#6866 = CARTESIAN_POINT ( 'NONE',  ( 33.00000000000001421, 0.000000000000000000, -17.50000000000000000 ) ) ;
#6867 = CARTESIAN_POINT ( 'NONE',  ( -10.65269520931355096, -29.18081706836646916, 17.50000000000000000 ) ) ;
#6868 = VECTOR ( 'NONE', #134, 999.9999999999998863 ) ;
#6869 = VERTEX_POINT ( 'NONE', #5402 ) ;
#6870 = AXIS2_PLACEMENT_3D ( 'NONE', #7502, #1161, #6769 ) ;
#6871 = ORIENTED_EDGE ( 'NONE', *, *, #4585, .T. ) ;
#6872 = EDGE_LOOP ( 'NONE', ( #4677, #7565, #5002, #5 ) ) ;
#6873 = AXIS2_PLACEMENT_3D ( 'NONE', #4926, #4390, #3074 ) ;
#6874 = DIRECTION ( 'NONE',  ( -8.673617379884032317E-15, -1.000000000000000000, 0.000000000000000000 ) ) ;
#6875 = ORIENTED_EDGE ( 'NONE', *, *, #6114, .F. ) ;
#6876 = CARTESIAN_POINT ( 'NONE',  ( -16.12584365658206309, 28.79161625132344682, -17.50000000000000000 ) ) ;
#6877 = ADVANCED_FACE ( 'NONE', ( #7952 ), #998, .T. ) ;
#6878 = CARTESIAN_POINT ( 'NONE',  ( 15.15994234640510463, 29.31170667248283124, 17.50000000000000000 ) ) ;
#6879 = EDGE_CURVE ( 'NONE', #7440, #7922, #2273, .T. ) ;
#6880 = DIRECTION ( 'NONE',  ( -0.000000000000000000, -0.000000000000000000, 1.000000000000000000 ) ) ;
#6881 = DIRECTION ( 'NONE',  ( 0.1423148382732975503, 0.9898214418809310189, 0.000000000000000000 ) ) ;
#6882 = DIRECTION ( 'NONE',  ( -0.000000000000000000, -0.000000000000000000, -1.000000000000000000 ) ) ;
#6883 = VECTOR ( 'NONE', #862, 1000.000000000000000 ) ;
#6884 = DIRECTION ( 'NONE',  ( -0.000000000000000000, 0.000000000000000000, -1.000000000000000000 ) ) ;
#6885 = ORIENTED_EDGE ( 'NONE', *, *, #1857, .F. ) ;
#6886 = CIRCLE ( 'NONE', #3320, 33.00000000000001421 ) ;
#6887 = CARTESIAN_POINT ( 'NONE',  ( -6.287796095551044573, 32.39542591571800756, -17.50000000000000000 ) ) ;
#6888 = ORIENTED_EDGE ( 'NONE', *, *, #3151, .T. ) ;
#6889 = CARTESIAN_POINT ( 'NONE',  ( 1.999999999999999112, 32.93933818400121538, 17.50000000000000000 ) ) ;
#6890 = CARTESIAN_POINT ( 'NONE',  ( -30.79350594397419982, -11.86423160927106579, -17.50000000000000000 ) ) ;
#6891 = CARTESIAN_POINT ( 'NONE',  ( -22.77337607103691397, -21.05643232665788034, 17.50000000000000000 ) ) ;
#6892 = DIRECTION ( 'NONE',  ( -0.000000000000000000, -0.000000000000000000, -1.000000000000000000 ) ) ;
#6893 = ORIENTED_EDGE ( 'NONE', *, *, #3872, .T. ) ;
#6894 = VERTEX_POINT ( 'NONE', #7177 ) ;
#6895 = ADVANCED_FACE ( 'NONE', ( #3550 ), #4747, .T. ) ;
#6896 = ORIENTED_EDGE ( 'NONE', *, *, #5180, .T. ) ;
#6897 = DIRECTION ( 'NONE',  ( -0.8412535328311881999, -0.5406408174555866752, -0.000000000000000000 ) ) ;
#6898 = CARTESIAN_POINT ( 'NONE',  ( 32.07996081286056977, -7.737965769201332833, -17.50000000000000000 ) ) ;
#6899 = CARTESIAN_POINT ( 'NONE',  ( -13.25825214724778967, 13.25825214724773993, -40.00000000000000000 ) ) ;
#6900 = DIRECTION ( 'NONE',  ( 0.5406408174555902280, -0.8412535328311858684, 0.000000000000000000 ) ) ;
#6901 = ADVANCED_FACE ( 'NONE', ( #2968 ), #1531, .T. ) ;
#6902 = CARTESIAN_POINT ( 'NONE',  ( -11.85421466161529125, 29.72335100146592879, -17.50000000000000000 ) ) ;
#6903 = FACE_OUTER_BOUND ( 'NONE', #1328, .T. ) ;
#6904 = EDGE_CURVE ( 'NONE', #3733, #6475, #6060, .T. ) ;
#6905 = CARTESIAN_POINT ( 'NONE',  ( 22.11289234230415346, 23.13049917873945205, -17.50000000000000000 ) ) ;
#6906 = EDGE_LOOP ( 'NONE', ( #6619, #2015, #7665, #7153 ) ) ;
#6907 = FACE_OUTER_BOUND ( 'NONE', #139, .T. ) ;
#6908 = PLANE ( 'NONE',  #7061 ) ;
#6909 = EDGE_CURVE ( 'NONE', #5511, #3663, #7263, .T. ) ;
#6910 = AXIS2_PLACEMENT_3D ( 'NONE', #1197, #8148, #5682 ) ;
#6911 = VECTOR ( 'NONE', #3558, 999.9999999999998863 ) ;
#6912 = ORIENTED_EDGE ( 'NONE', *, *, #1809, .T. ) ;
#6913 = ORIENTED_EDGE ( 'NONE', *, *, #2628, .F. ) ;
#6914 = CARTESIAN_POINT ( 'NONE',  ( 0.000000000000000000, 0.000000000000000000, -20.00000000000000000 ) ) ;
#6915 = ORIENTED_EDGE ( 'NONE', *, *, #4903, .F. ) ;
#6916 = CARTESIAN_POINT ( 'NONE',  ( 6.097256819928071891, -31.41374634251448228, -17.50000000000000000 ) ) ;
#6917 = AXIS2_PLACEMENT_3D ( 'NONE', #5405, #965, #3518 ) ;
#6918 = CARTESIAN_POINT ( 'NONE',  ( -32.88869289243827865, 2.708113702723676131, 17.50000000000000000 ) ) ;
#6919 = PLANE ( 'NONE',  #1393 ) ;
#6920 = AXIS2_PLACEMENT_3D ( 'NONE', #5150, #7671, #7793 ) ;
#6921 = EDGE_CURVE ( 'NONE', #6894, #1490, #4087, .T. ) ;
#6922 = DIRECTION ( 'NONE',  ( -1.000000000000000000, 0.000000000000000000, 0.000000000000000000 ) ) ;
#6923 = DIRECTION ( 'NONE',  ( -0.000000000000000000, -0.000000000000000000, -1.000000000000000000 ) ) ;
#6924 = ORIENTED_EDGE ( 'NONE', *, *, #804, .T. ) ;
#6925 = VECTOR ( 'NONE', #6009, 1000.000000000000114 ) ;
#6926 = CIRCLE ( 'NONE', #4683, 1.000000000000000888 ) ;
#6927 = CARTESIAN_POINT ( 'NONE',  ( 30.39983502176222885, -6.391402870234249356, 17.50000000000000000 ) ) ;
#6928 = ORIENTED_EDGE ( 'NONE', *, *, #7351, .F. ) ;
#6929 = CARTESIAN_POINT ( 'NONE',  ( -17.60111887395492403, -25.53821870031087116, -17.50000000000000000 ) ) ;
#6930 = CYLINDRICAL_SURFACE ( 'NONE', #5074, 33.00000000000000711 ) ;
#6931 = DIRECTION ( 'NONE',  ( 1.000000000000000000, -3.469446951953611033E-15, 0.000000000000000000 ) ) ;
#6932 = DIRECTION ( 'NONE',  ( 1.224646799147353207E-16, 1.000000000000000000, -0.000000000000000000 ) ) ;
#6933 = EDGE_LOOP ( 'NONE', ( #2202, #5468, #890, #6016 ) ) ;
#6934 = ORIENTED_EDGE ( 'NONE', *, *, #5133, .F. ) ;
#6935 = CIRCLE ( 'NONE', #1139, 1.000000000000000888 ) ;
#6936 = EDGE_CURVE ( 'NONE', #7299, #6535, #4225, .T. ) ;
#6937 = CIRCLE ( 'NONE', #875, 22.50000000000000355 ) ;
#6938 = ADVANCED_FACE ( 'NONE', ( #2844 ), #5365, .T. ) ;
#6939 = VERTEX_POINT ( 'NONE', #5568 ) ;
#6940 = CARTESIAN_POINT ( 'NONE',  ( 0.000000000000000000, 0.000000000000000000, -40.00000000000000000 ) ) ;
#6941 = DIRECTION ( 'NONE',  ( -0.000000000000000000, -0.000000000000000000, -1.000000000000000000 ) ) ;
#6942 = VECTOR ( 'NONE', #2190, 1000.000000000000114 ) ;
#6943 = AXIS2_PLACEMENT_3D ( 'NONE', #6456, #7045, #4518 ) ;
#6944 = CARTESIAN_POINT ( 'NONE',  ( 13.25825214724778967, 13.25825214724773993, -28.00000000000000000 ) ) ;
#6945 = DIRECTION ( 'NONE',  ( -1.000000000000000000, 0.000000000000000000, 0.000000000000000000 ) ) ;
#6946 = AXIS2_PLACEMENT_3D ( 'NONE', #841, #3968, #7810 ) ;
#6947 = DIRECTION ( 'NONE',  ( 0.9898214418809312409, -0.1423148382732950523, 0.000000000000000000 ) ) ;
#6948 = DIRECTION ( 'NONE',  ( 1.000000000000000000, 0.000000000000000000, 0.000000000000000000 ) ) ;
#6949 = EDGE_CURVE ( 'NONE', #7585, #7801, #6329, .T. ) ;
#6950 = ORIENTED_EDGE ( 'NONE', *, *, #2503, .F. ) ;
#6951 = CARTESIAN_POINT ( 'NONE',  ( -22.11289234230400780, -23.13049917873961192, 17.50000000000000000 ) ) ;
#6952 = DIRECTION ( 'NONE',  ( -0.000000000000000000, 0.000000000000000000, -1.000000000000000000 ) ) ;
#6953 = VECTOR ( 'NONE', #7549, 1000.000000000000000 ) ;
#6954 = AXIS2_PLACEMENT_3D ( 'NONE', #3116, #1223, #8136 ) ;
#6955 = VERTEX_POINT ( 'NONE', #6850 ) ;
#6956 = EDGE_LOOP ( 'NONE', ( #6359, #1537, #4470 ) ) ;
#6957 = EDGE_CURVE ( 'NONE', #1133, #3475, #1236, .T. ) ;
#6958 = PLANE ( 'NONE',  #5230 ) ;
#6959 = ORIENTED_EDGE ( 'NONE', *, *, #4962, .T. ) ;
#6960 = DIRECTION ( 'NONE',  ( 1.000000000000000000, -2.081668171172168513E-14, 0.000000000000000000 ) ) ;
#6961 = FACE_OUTER_BOUND ( 'NONE', #3380, .T. ) ;
#6962 = CARTESIAN_POINT ( 'NONE',  ( 31.10784078822869247, 7.503481958012334196, -17.50000000000000000 ) ) ;
#6963 = ADVANCED_FACE ( 'NONE', ( #1114 ), #1282, .T. ) ;
#6964 = CARTESIAN_POINT ( 'NONE',  ( -13.25825214724778967, 13.25825214724773993, -40.00000000000000000 ) ) ;
#6965 = ORIENTED_EDGE ( 'NONE', *, *, #6635, .F. ) ;
#6966 = VECTOR ( 'NONE', #6781, 1000.000000000000000 ) ;
#6967 = CARTESIAN_POINT ( 'NONE',  ( 27.73377950337953379, 15.96362973943977970, 17.50000000000000000 ) ) ;
#6968 = CARTESIAN_POINT ( 'NONE',  ( 31.10784078822842247, -7.503481958013412445, -17.50000000000000000 ) ) ;
#6969 = DIRECTION ( 'NONE',  ( -1.000000000000000000, 0.000000000000000000, 0.000000000000000000 ) ) ;
#6970 = CARTESIAN_POINT ( 'NONE',  ( -26.87354484763350371, 13.37208238541142258, 17.50000000000000000 ) ) ;
#6971 = DIRECTION ( 'NONE',  ( -1.000000000000000000, 1.224646799147349509E-16, 0.000000000000000000 ) ) ;
#6972 = ORIENTED_EDGE ( 'NONE', *, *, #6113, .F. ) ;
#6973 = ORIENTED_EDGE ( 'NONE', *, *, #6469, .F. ) ;
#6974 = AXIS2_PLACEMENT_3D ( 'NONE', #1919, #7651, #4475 ) ;
#6975 = EDGE_LOOP ( 'NONE', ( #6720, #5197 ) ) ;
#6976 = CARTESIAN_POINT ( 'NONE',  ( 0.000000000000000000, 0.000000000000000000, 20.00000000000000000 ) ) ;
#6977 = ORIENTED_EDGE ( 'NONE', *, *, #5288, .F. ) ;
#6978 = LINE ( 'NONE', #3841, #73 ) ;
#6979 = ADVANCED_FACE ( 'NONE', ( #6222 ), #6768, .F. ) ;
#6980 = EDGE_CURVE ( 'NONE', #3475, #6894, #1995, .T. ) ;
#6981 = CARTESIAN_POINT ( 'NONE',  ( 6.097256819929165239, 31.41374634251425135, -17.50000000000000000 ) ) ;
#6982 = DIRECTION ( 'NONE',  ( 0.000000000000000000, -0.000000000000000000, -1.000000000000000000 ) ) ;
#6983 = CARTESIAN_POINT ( 'NONE',  ( -10.75825214724779322, 13.25825214724773993, -28.00000000000000000 ) ) ;
#6984 = CARTESIAN_POINT ( 'NONE',  ( 12.22465886979056116, -30.65220572026183277, -17.50000000000000000 ) ) ;
#6985 = ADVANCED_FACE ( 'NONE', ( #3709 ), #7421, .T. ) ;
#6986 = ORIENTED_EDGE ( 'NONE', *, *, #7842, .F. ) ;
#6987 = DIRECTION ( 'NONE',  ( 0.000000000000000000, 0.000000000000000000, 1.000000000000000000 ) ) ;
#6988 = CARTESIAN_POINT ( 'NONE',  ( -17.60111887395437336, 25.53821870031124774, -17.50000000000000000 ) ) ;
#6989 = DIRECTION ( 'NONE',  ( -0.000000000000000000, -0.000000000000000000, -1.000000000000000000 ) ) ;
#6990 = ADVANCED_FACE ( 'NONE', ( #622 ), #7462, .F. ) ;
#6991 = ORIENTED_EDGE ( 'NONE', *, *, #3567, .F. ) ;
#6992 = DIRECTION ( 'NONE',  ( 0.000000000000000000, 0.000000000000000000, -1.000000000000000000 ) ) ;
#6993 = ORIENTED_EDGE ( 'NONE', *, *, #2036, .T. ) ;
#6994 = EDGE_CURVE ( 'NONE', #7012, #1286, #3629, .T. ) ;
#6995 = AXIS2_PLACEMENT_3D ( 'NONE', #4538, #7724, #3351 ) ;
#6996 = ORIENTED_EDGE ( 'NONE', *, *, #674, .F. ) ;
#6997 = DIRECTION ( 'NONE',  ( 1.000000000000000000, 0.000000000000000000, 0.000000000000000000 ) ) ;
#6998 = DIRECTION ( 'NONE',  ( -1.000000000000000000, 0.000000000000000000, 0.000000000000000000 ) ) ;
#6999 = EDGE_CURVE ( 'NONE', #6593, #3943, #7660, .T. ) ;
#7000 = VECTOR ( 'NONE', #632, 1000.000000000000227 ) ;
#7001 = VERTEX_POINT ( 'NONE', #534 ) ;
#7002 = EDGE_CURVE ( 'NONE', #7814, #7096, #6144, .T. ) ;
#7003 = DIRECTION ( 'NONE',  ( -0.000000000000000000, -0.000000000000000000, -1.000000000000000000 ) ) ;
#7004 = CARTESIAN_POINT ( 'NONE',  ( -15.75825214724778789, -13.25825214724773993, 28.00000000000000000 ) ) ;
#7005 = AXIS2_PLACEMENT_3D ( 'NONE', #4031, #7212, #5891 ) ;
#7006 = CARTESIAN_POINT ( 'NONE',  ( 26.85587101928754450, 19.17712678675803772, -17.50000000000000000 ) ) ;
#7007 = FACE_OUTER_BOUND ( 'NONE', #3252, .T. ) ;
#7008 = EDGE_CURVE ( 'NONE', #1521, #1541, #4243, .T. ) ;
#7009 = CIRCLE ( 'NONE', #6616, 33.00000000000001421 ) ;
#7010 = CARTESIAN_POINT ( 'NONE',  ( -27.70437487363730256, 11.55281839470239369, 17.50000000000000000 ) ) ;
#7011 = EDGE_LOOP ( 'NONE', ( #2724, #7129 ) ) ;
#7012 = VERTEX_POINT ( 'NONE', #4282 ) ;
#7013 = ORIENTED_EDGE ( 'NONE', *, *, #4251, .F. ) ;
#7014 = CARTESIAN_POINT ( 'NONE',  ( -13.25825214724778967, 13.25825214724773993, 40.00000000000000000 ) ) ;
#7015 = ORIENTED_EDGE ( 'NONE', *, *, #3015, .F. ) ;
#7016 = CARTESIAN_POINT ( 'NONE',  ( 3.093750000000000888, 32.85466041427761752, -17.50000000000000000 ) ) ;
#7017 = CARTESIAN_POINT ( 'NONE',  ( 13.25825214724778967, -13.25825214724773993, 28.00000000000000000 ) ) ;
#7018 = CARTESIAN_POINT ( 'NONE',  ( -29.02942188199370932, 11.05860141234977867, -17.50000000000000000 ) ) ;
#7019 = ORIENTED_EDGE ( 'NONE', *, *, #7359, .F. ) ;
#7020 = DIRECTION ( 'NONE',  ( -0.000000000000000000, -0.000000000000000000, -1.000000000000000000 ) ) ;
#7021 = ORIENTED_EDGE ( 'NONE', *, *, #7501, .T. ) ;
#7022 = DIRECTION ( 'NONE',  ( 0.000000000000000000, 0.000000000000000000, 1.000000000000000000 ) ) ;
#7023 = EDGE_CURVE ( 'NONE', #5142, #2800, #5647, .T. ) ;
#7024 = ORIENTED_EDGE ( 'NONE', *, *, #2292, .T. ) ;
#7025 = DIRECTION ( 'NONE',  ( -0.000000000000000000, -0.000000000000000000, 1.000000000000000000 ) ) ;
#7026 = FACE_OUTER_BOUND ( 'NONE', #5134, .T. ) ;
#7027 = CYLINDRICAL_SURFACE ( 'NONE', #941, 1.000000000000000888 ) ;
#7028 = CARTESIAN_POINT ( 'NONE',  ( -26.85587101928699738, 19.17712678675879090, -17.50000000000000000 ) ) ;
#7029 = EDGE_CURVE ( 'NONE', #4285, #750, #5816, .T. ) ;
#7030 = CARTESIAN_POINT ( 'NONE',  ( 26.85587101928754450, 19.17712678675803772, -17.50000000000000000 ) ) ;
#7031 = EDGE_LOOP ( 'NONE', ( #7818, #124, #5663, #7869 ) ) ;
#7032 = EDGE_LOOP ( 'NONE', ( #5113, #6169, #3683, #6472 ) ) ;
#7033 = CARTESIAN_POINT ( 'NONE',  ( -13.25825214724778967, 13.25825214724773993, 40.00000000000000000 ) ) ;
#7034 = CARTESIAN_POINT ( 'NONE',  ( 0.9999999999997708500, -31.00000000000002132, 17.50000000000000000 ) ) ;
#7035 = VECTOR ( 'NONE', #3648, 1000.000000000000000 ) ;
#7036 = ORIENTED_EDGE ( 'NONE', *, *, #7578, .F. ) ;
#7037 = ORIENTED_EDGE ( 'NONE', *, *, #1513, .T. ) ;
#7038 = AXIS2_PLACEMENT_3D ( 'NONE', #1425, #5760, #2625 ) ;
#7039 = VECTOR ( 'NONE', #3406, 999.9999999999998863 ) ;
#7040 = LINE ( 'NONE', #6298, #503 ) ;
#7041 = DIRECTION ( 'NONE',  ( -0.5406408174555898949, 0.8412535328311860905, 0.000000000000000000 ) ) ;
#7042 = EDGE_CURVE ( 'NONE', #1287, #1319, #7383, .T. ) ;
#7043 = DIRECTION ( 'NONE',  ( -0.000000000000000000, -0.000000000000000000, -1.000000000000000000 ) ) ;
#7044 = PLANE ( 'NONE',  #2652 ) ;
#7045 = DIRECTION ( 'NONE',  ( -0.000000000000000000, -0.000000000000000000, 1.000000000000000000 ) ) ;
#7046 = ORIENTED_EDGE ( 'NONE', *, *, #4370, .F. ) ;
#7047 = CIRCLE ( 'NONE', #1650, 33.00000000000001421 ) ;
#7048 = ORIENTED_EDGE ( 'NONE', *, *, #3269, .F. ) ;
#7049 = CIRCLE ( 'NONE', #4416, 1.000000000000000888 ) ;
#7050 = VERTEX_POINT ( 'NONE', #2505 ) ;
#7051 = EDGE_CURVE ( 'NONE', #6445, #234, #3051, .T. ) ;
#7052 = CARTESIAN_POINT ( 'NONE',  ( 30.96909437485552630, 2.432117102709453249, 17.50000000000000000 ) ) ;
#7053 = ORIENTED_EDGE ( 'NONE', *, *, #3935, .F. ) ;
#7054 = CARTESIAN_POINT ( 'NONE',  ( 18.44237240678539536, -24.99757788285578997, -17.50000000000000000 ) ) ;
#7055 = VECTOR ( 'NONE', #6195, 1000.000000000000000 ) ;
#7056 = CARTESIAN_POINT ( 'NONE',  ( 0.000000000000000000, 0.000000000000000000, -17.50000000000000000 ) ) ;
#7057 = AXIS2_PLACEMENT_3D ( 'NONE', #4052, #3883, #6479 ) ;
#7058 = EDGE_CURVE ( 'NONE', #4770, #3265, #4942, .T. ) ;
#7059 = LINE ( 'NONE', #3913, #4884 ) ;
#7060 = ORIENTED_EDGE ( 'NONE', *, *, #3955, .T. ) ;
#7061 = AXIS2_PLACEMENT_3D ( 'NONE', #1179, #1750, #5626 ) ;
#7062 = CARTESIAN_POINT ( 'NONE',  ( 18.90681781824475749, -25.72026904967566452, -17.50000000000000000 ) ) ;
#7063 = DIRECTION ( 'NONE',  ( 1.000000000000000000, 0.000000000000000000, 0.000000000000000000 ) ) ;
#7064 = EDGE_LOOP ( 'NONE', ( #4525, #2060 ) ) ;
#7065 = AXIS2_PLACEMENT_3D ( 'NONE', #5009, #5516, #2494 ) ;
#7066 = CARTESIAN_POINT ( 'NONE',  ( -13.25825214724778967, 13.25825214724773993, -28.00000000000000000 ) ) ;
#7067 = DIRECTION ( 'NONE',  ( 0.000000000000000000, 0.000000000000000000, -1.000000000000000000 ) ) ;
#7068 = CARTESIAN_POINT ( 'NONE',  ( -7.056749793542785198, 31.13201378567300637, -17.50000000000000000 ) ) ;
#7069 = VECTOR ( 'NONE', #4855, 1000.000000000000000 ) ;
#7070 = VECTOR ( 'NONE', #1351, 1000.000000000000227 ) ;
#7071 = CARTESIAN_POINT ( 'NONE',  ( 31.10784078822869247, 7.503481958012334196, 17.50000000000000000 ) ) ;
#7072 = CARTESIAN_POINT ( 'NONE',  ( 0.000000000000000000, 0.000000000000000000, 20.00000000000000000 ) ) ;
#7073 = ORIENTED_EDGE ( 'NONE', *, *, #3810, .F. ) ;
#7074 = ORIENTED_EDGE ( 'NONE', *, *, #4670, .F. ) ;
#7075 = DIRECTION ( 'NONE',  ( 1.000000000000000000, 0.000000000000000000, 0.000000000000000000 ) ) ;
#7076 = CARTESIAN_POINT ( 'NONE',  ( -18.90681781824492447, 25.72026904967552596, -17.50000000000000000 ) ) ;
#7077 = EDGE_LOOP ( 'NONE', ( #5950, #4661, #1711, #3563 ) ) ;
#7078 = ORIENTED_EDGE ( 'NONE', *, *, #6409, .T. ) ;
#7079 = VERTEX_POINT ( 'NONE', #6970 ) ;
#7080 = EDGE_CURVE ( 'NONE', #617, #1286, #1933, .T. ) ;
#7081 = FACE_OUTER_BOUND ( 'NONE', #7109, .T. ) ;
#7082 = DIRECTION ( 'NONE',  ( 0.000000000000000000, 0.000000000000000000, 1.000000000000000000 ) ) ;
#7083 = CARTESIAN_POINT ( 'NONE',  ( -32.31943353934525476, -6.667399470246714088, -17.50000000000000000 ) ) ;
#7084 = CARTESIAN_POINT ( 'NONE',  ( 0.000000000000000000, 0.000000000000000000, -17.50000000000000000 ) ) ;
#7085 = DIRECTION ( 'NONE',  ( -0.7557495743542457234, 0.6548607339452995335, 0.000000000000000000 ) ) ;
#7086 = ORIENTED_EDGE ( 'NONE', *, *, #1784, .T. ) ;
#7087 = ORIENTED_EDGE ( 'NONE', *, *, #2970, .F. ) ;
#7088 = ORIENTED_EDGE ( 'NONE', *, *, #5366, .F. ) ;
#7089 = DIRECTION ( 'NONE',  ( 1.000000000000000000, 0.000000000000000000, 0.000000000000000000 ) ) ;
#7090 = ORIENTED_EDGE ( 'NONE', *, *, #972, .T. ) ;
#7091 = DIRECTION ( 'NONE',  ( 1.000000000000000000, 0.000000000000000000, 0.000000000000000000 ) ) ;
#7092 = EDGE_CURVE ( 'NONE', #4924, #4770, #6454, .T. ) ;
#7093 = LINE ( 'NONE', #5236, #2126 ) ;
#7094 = VECTOR ( 'NONE', #5961, 1000.000000000000000 ) ;
#7095 = CARTESIAN_POINT ( 'NONE',  ( 1.999999999999770628, -31.00000000000002842, -17.50000000000000000 ) ) ;
#7096 = VERTEX_POINT ( 'NONE', #4600 ) ;
#7097 = EDGE_CURVE ( 'NONE', #2800, #848, #25, .T. ) ;
#7098 = ORIENTED_EDGE ( 'NONE', *, *, #6054, .T. ) ;
#7099 = AXIS2_PLACEMENT_3D ( 'NONE', #3930, #2820, #893 ) ;
#7100 = ORIENTED_EDGE ( 'NONE', *, *, #5661, .F. ) ;
#7101 = EDGE_CURVE ( 'NONE', #3933, #2876, #772, .T. ) ;
#7102 = ORIENTED_EDGE ( 'NONE', *, *, #7600, .T. ) ;
#7103 = FACE_OUTER_BOUND ( 'NONE', #4769, .T. ) ;
#7104 = DIRECTION ( 'NONE',  ( 1.000000000000000000, 0.000000000000000000, 0.000000000000000000 ) ) ;
#7105 = PLANE ( 'NONE',  #402 ) ;
#7106 = DIRECTION ( 'NONE',  ( 1.000000000000000000, -8.673617379884032317E-15, -0.000000000000000000 ) ) ;
#7107 = DIRECTION ( 'NONE',  ( 0.000000000000000000, 0.000000000000000000, 1.000000000000000000 ) ) ;
#7108 = DIRECTION ( 'NONE',  ( -0.000000000000000000, -0.000000000000000000, -1.000000000000000000 ) ) ;
#7109 = EDGE_LOOP ( 'NONE', ( #6124, #1976, #7436, #2834 ) ) ;
#7110 = CYLINDRICAL_SURFACE ( 'NONE', #2823, 1.000000000000000888 ) ;
#7111 = ORIENTED_EDGE ( 'NONE', *, *, #7506, .F. ) ;
#7112 = CARTESIAN_POINT ( 'NONE',  ( -6.097256819928972504, -31.41374634251430820, 17.50000000000000000 ) ) ;
#7113 = LINE ( 'NONE', #7617, #7847 ) ;
#7114 = ORIENTED_EDGE ( 'NONE', *, *, #1215, .F. ) ;
#7115 = ORIENTED_EDGE ( 'NONE', *, *, #4596, .T. ) ;
#7116 = VECTOR ( 'NONE', #4951, 1000.000000000000114 ) ;
#7117 = VECTOR ( 'NONE', #4898, 1000.000000000000000 ) ;
#7118 = VERTEX_POINT ( 'NONE', #1427 ) ;
#7119 = ADVANCED_FACE ( 'NONE', ( #7007 ), #3903, .T. ) ;
#7120 = ADVANCED_FACE ( 'NONE', ( #3866 ), #5801, .T. ) ;
#7121 = CARTESIAN_POINT ( 'NONE',  ( 6.774216288470253922, 30.02601473889074057, 17.50000000000000000 ) ) ;
#7122 = FACE_OUTER_BOUND ( 'NONE', #4530, .T. ) ;
#7123 = DIRECTION ( 'NONE',  ( -0.000000000000000000, -0.000000000000000000, -1.000000000000000000 ) ) ;
#7124 = TOROIDAL_SURFACE ( 'NONE', #6328, 34.00000000000000711, 1.000000000000000000 ) ;
#7125 = DIRECTION ( 'NONE',  ( 1.000000000000000000, 0.000000000000000000, 0.000000000000000000 ) ) ;
#7126 = AXIS2_PLACEMENT_3D ( 'NONE', #2107, #251, #3994 ) ;
#7127 = FACE_OUTER_BOUND ( 'NONE', #4730, .T. ) ;
#7128 = ORIENTED_EDGE ( 'NONE', *, *, #1012, .T. ) ;
#7129 = ORIENTED_EDGE ( 'NONE', *, *, #551, .T. ) ;
#7130 = VECTOR ( 'NONE', #254, 1000.000000000000000 ) ;
#7131 = ORIENTED_EDGE ( 'NONE', *, *, #5916, .T. ) ;
#7132 = LINE ( 'NONE', #7258, #5296 ) ;
#7133 = ORIENTED_EDGE ( 'NONE', *, *, #6145, .T. ) ;
#7134 = DIRECTION ( 'NONE',  ( -0.000000000000000000, -0.000000000000000000, -1.000000000000000000 ) ) ;
#7135 = DIRECTION ( 'NONE',  ( -0.000000000000000000, -0.000000000000000000, -1.000000000000000000 ) ) ;
#7136 = AXIS2_PLACEMENT_3D ( 'NONE', #566, #4814, #3039 ) ;
#7137 = DIRECTION ( 'NONE',  ( 0.000000000000000000, 0.000000000000000000, 1.000000000000000000 ) ) ;
#7138 = ORIENTED_EDGE ( 'NONE', *, *, #1180, .F. ) ;
#7139 = DIRECTION ( 'NONE',  ( -1.000000000000000000, 0.000000000000000000, 0.000000000000000000 ) ) ;
#7140 = ORIENTED_EDGE ( 'NONE', *, *, #7058, .T. ) ;
#7141 = EDGE_LOOP ( 'NONE', ( #317, #1060, #3029, #1484 ) ) ;
#7142 = AXIS2_PLACEMENT_3D ( 'NONE', #7765, #6528, #886 ) ;
#7143 = EDGE_LOOP ( 'NONE', ( #4144, #1503, #624, #4849 ) ) ;
#7144 = CYLINDRICAL_SURFACE ( 'NONE', #1027, 33.00000000000001421 ) ;
#7145 = DIRECTION ( 'NONE',  ( 0.000000000000000000, 0.000000000000000000, 1.000000000000000000 ) ) ;
#7146 = EDGE_CURVE ( 'NONE', #2063, #6159, #4517, .T. ) ;
#7147 = FACE_OUTER_BOUND ( 'NONE', #6933, .T. ) ;
#7148 = CARTESIAN_POINT ( 'NONE',  ( 27.78317684298841783, 13.78749739841254573, 17.50000000000000000 ) ) ;
#7149 = DIRECTION ( 'NONE',  ( 4.426311385549866798E-16, 1.000000000000000000, 0.000000000000000000 ) ) ;
#7150 = CYLINDRICAL_SURFACE ( 'NONE', #8052, 35.00000000000000711 ) ;
#7151 = ORIENTED_EDGE ( 'NONE', *, *, #6857, .T. ) ;
#7152 = DIRECTION ( 'NONE',  ( 0.000000000000000000, 0.000000000000000000, 1.000000000000000000 ) ) ;
#7153 = ORIENTED_EDGE ( 'NONE', *, *, #7356, .F. ) ;
#7154 = ADVANCED_FACE ( 'NONE', ( #4559 ), #7044, .T. ) ;
#7155 = DIRECTION ( 'NONE',  ( -0.000000000000000000, -0.000000000000000000, -1.000000000000000000 ) ) ;
#7156 = CARTESIAN_POINT ( 'NONE',  ( 12.22465886979163407, 30.65220572026139934, -17.50000000000000000 ) ) ;
#7157 = ORIENTED_EDGE ( 'NONE', *, *, #6541, .T. ) ;
#7158 = ORIENTED_EDGE ( 'NONE', *, *, #3365, .T. ) ;
#7159 = ORIENTED_EDGE ( 'NONE', *, *, #2367, .T. ) ;
#7160 = EDGE_CURVE ( 'NONE', #7934, #2265, #1388, .T. ) ;
#7161 = DIRECTION ( 'NONE',  ( -0.9594929736144934829, 0.2817325568414432713, 0.000000000000000000 ) ) ;
#7162 = DIRECTION ( 'NONE',  ( -0.8571673007021118895, 0.000000000000000000, -0.5150380749100549327 ) ) ;
#7163 = DIRECTION ( 'NONE',  ( -0.000000000000000000, -0.000000000000000000, 1.000000000000000000 ) ) ;
#7164 = VECTOR ( 'NONE', #4428, 1000.000000000000227 ) ;
#7165 = CYLINDRICAL_SURFACE ( 'NONE', #5957, 1.000000000000000888 ) ;
#7166 = AXIS2_PLACEMENT_3D ( 'NONE', #2296, #7410, #7330 ) ;
#7167 = CARTESIAN_POINT ( 'NONE',  ( 23.11289234230415346, 23.13049917873945205, 17.50000000000000000 ) ) ;
#7168 = ORIENTED_EDGE ( 'NONE', *, *, #2755, .T. ) ;
#7169 = ORIENTED_EDGE ( 'NONE', *, *, #4308, .T. ) ;
#7170 = CIRCLE ( 'NONE', #4666, 33.00000000000000711 ) ;
#7171 = ORIENTED_EDGE ( 'NONE', *, *, #6095, .T. ) ;
#7172 = DIRECTION ( 'NONE',  ( 1.000000000000000000, 0.000000000000000000, 0.000000000000000000 ) ) ;
#7173 = ORIENTED_EDGE ( 'NONE', *, *, #1978, .F. ) ;
#7174 = FACE_OUTER_BOUND ( 'NONE', #3622, .T. ) ;
#7175 = CARTESIAN_POINT ( 'NONE',  ( 25.38719601203052534, 19.35175130696812218, 17.50000000000000000 ) ) ;
#7176 = VECTOR ( 'NONE', #3589, 1000.000000000000000 ) ;
#7177 = CARTESIAN_POINT ( 'NONE',  ( 15.70055015408980026, 28.42347313695304578, -17.50000000000000000 ) ) ;
#7178 = VECTOR ( 'NONE', #4029, 1000.000000000000000 ) ;
#7179 = EDGE_CURVE ( 'NONE', #3868, #7897, #4625, .T. ) ;
#7180 = CARTESIAN_POINT ( 'NONE',  ( 30.82677953658213710, -3.421938544591457632, 17.50000000000000000 ) ) ;
#7181 = ORIENTED_EDGE ( 'NONE', *, *, #5410, .T. ) ;
#7182 = DIRECTION ( 'NONE',  ( 0.000000000000000000, 0.000000000000000000, 1.000000000000000000 ) ) ;
#7183 = EDGE_CURVE ( 'NONE', #3891, #3392, #1081, .T. ) ;
#7184 = ORIENTED_EDGE ( 'NONE', *, *, #6283, .T. ) ;
#7185 = LINE ( 'NONE', #6566, #2184 ) ;
#7186 = ORIENTED_EDGE ( 'NONE', *, *, #5438, .T. ) ;
#7187 = AXIS2_PLACEMENT_3D ( 'NONE', #6412, #4482, #4403 ) ;
#7188 = LINE ( 'NONE', #2810, #5739 ) ;
#7189 = CARTESIAN_POINT ( 'NONE',  ( -22.50000000000000355, 2.755455298081545172E-15, -20.00000000000000000 ) ) ;
#7190 = LINE ( 'NONE', #7068, #3294 ) ;
#7191 = AXIS2_PLACEMENT_3D ( 'NONE', #5380, #6705, #2249 ) ;
#7192 = DIRECTION ( 'NONE',  ( -0.000000000000000000, -0.000000000000000000, 1.000000000000000000 ) ) ;
#7193 = LINE ( 'NONE', #3354, #1281 ) ;
#7194 = AXIS2_PLACEMENT_3D ( 'NONE', #2862, #4220, #6661 ) ;
#7195 = EDGE_CURVE ( 'NONE', #2209, #8010, #7699, .T. ) ;
#7196 = AXIS2_PLACEMENT_3D ( 'NONE', #3617, #31, #2537 ) ;
#7197 = DIRECTION ( 'NONE',  ( 1.000000000000000000, 0.000000000000000000, 0.000000000000000000 ) ) ;
#7198 = ORIENTED_EDGE ( 'NONE', *, *, #3586, .F. ) ;
#7199 = EDGE_LOOP ( 'NONE', ( #2745, #4899, #1177, #7567 ) ) ;
#7200 = FACE_OUTER_BOUND ( 'NONE', #5016, .T. ) ;
#7201 = DIRECTION ( 'NONE',  ( 0.8412535328311916416, 0.5406408174555813462, 0.000000000000000000 ) ) ;
#7202 = AXIS2_PLACEMENT_3D ( 'NONE', #6632, #2918, #3463 ) ;
#7203 = ORIENTED_EDGE ( 'NONE', *, *, #4859, .F. ) ;
#7204 = VERTEX_POINT ( 'NONE', #4483 ) ;
#7205 = EDGE_CURVE ( 'NONE', #4728, #7407, #3328, .T. ) ;
#7206 = VECTOR ( 'NONE', #1229, 1000.000000000000000 ) ;
#7207 = VERTEX_POINT ( 'NONE', #2710 ) ;
#7208 = EDGE_CURVE ( 'NONE', #2998, #3242, #1736, .T. ) ;
#7209 = DIRECTION ( 'NONE',  ( -0.2817325568414432158, -0.9594929736144933718, 0.000000000000000000 ) ) ;
#7210 = DIRECTION ( 'NONE',  ( -1.000000000000000000, 0.000000000000000000, 0.000000000000000000 ) ) ;
#7211 = LINE ( 'NONE', #946, #6523 ) ;
#7212 = DIRECTION ( 'NONE',  ( 0.000000000000000000, 0.000000000000000000, 1.000000000000000000 ) ) ;
#7213 = DIRECTION ( 'NONE',  ( 0.000000000000000000, -0.000000000000000000, -1.000000000000000000 ) ) ;
#7214 = ORIENTED_EDGE ( 'NONE', *, *, #3112, .F. ) ;
#7215 = ORIENTED_EDGE ( 'NONE', *, *, #4776, .F. ) ;
#7216 = VECTOR ( 'NONE', #5874, 1000.000000000000000 ) ;
#7217 = EDGE_LOOP ( 'NONE', ( #3953, #5307, #7971, #6495 ) ) ;
#7218 = CIRCLE ( 'NONE', #1164, 22.50000000000000355 ) ;
#7219 = DIRECTION ( 'NONE',  ( 1.000000000000000000, 0.000000000000000000, 0.000000000000000000 ) ) ;
#7220 = ORIENTED_EDGE ( 'NONE', *, *, #881, .F. ) ;
#7221 = PLANE ( 'NONE',  #7960 ) ;
#7222 = DIRECTION ( 'NONE',  ( 1.000000000000000000, 0.000000000000000000, 0.000000000000000000 ) ) ;
#7223 = DIRECTION ( 'NONE',  ( -0.000000000000000000, -0.000000000000000000, 1.000000000000000000 ) ) ;
#7224 = LINE ( 'NONE', #1533, #5289 ) ;
#7225 = ORIENTED_EDGE ( 'NONE', *, *, #4352, .F. ) ;
#7226 = CARTESIAN_POINT ( 'NONE',  ( -7.056749793542785198, 31.13201378567300637, -17.50000000000000000 ) ) ;
#7227 = ORIENTED_EDGE ( 'NONE', *, *, #610, .F. ) ;
#7228 = AXIS2_PLACEMENT_3D ( 'NONE', #2219, #4733, #1594 ) ;
#7229 = EDGE_LOOP ( 'NONE', ( #5285, #5565, #7360, #3070 ) ) ;
#7230 = EDGE_CURVE ( 'NONE', #5186, #2135, #1468, .T. ) ;
#7231 = ADVANCED_FACE ( 'NONE', ( #1315 ), #3830, .T. ) ;
#7232 = AXIS2_PLACEMENT_3D ( 'NONE', #6232, #5622, #3184 ) ;
#7233 = CARTESIAN_POINT ( 'NONE',  ( 2.000000000000000000, 31.00000000000000000, 17.50000000000000000 ) ) ;
#7234 = DIRECTION ( 'NONE',  ( -0.000000000000000000, -0.000000000000000000, -1.000000000000000000 ) ) ;
#7235 = CARTESIAN_POINT ( 'NONE',  ( 1.999999999999999556, 31.85906464414798478, 17.50000000000000000 ) ) ;
#7236 = CARTESIAN_POINT ( 'NONE',  ( -10.75825214724779322, 13.25825214724773993, -28.00000000000000000 ) ) ;
#7237 = DIRECTION ( 'NONE',  ( 0.000000000000000000, 0.000000000000000000, 1.000000000000000000 ) ) ;
#7238 = AXIS2_PLACEMENT_3D ( 'NONE', #3954, #2678, #256 ) ;
#7239 = ORIENTED_EDGE ( 'NONE', *, *, #2339, .T. ) ;
#7240 = ORIENTED_EDGE ( 'NONE', *, *, #4846, .T. ) ;
#7241 = CARTESIAN_POINT ( 'NONE',  ( -26.20361227996020759, 20.05918003013879769, -17.50000000000000000 ) ) ;
#7242 = DIRECTION ( 'NONE',  ( 1.000000000000000000, 2.081668171172168198E-14, 0.000000000000000000 ) ) ;
#7243 = EDGE_CURVE ( 'NONE', #3990, #7976, #3207, .T. ) ;
#7244 = ORIENTED_EDGE ( 'NONE', *, *, #5308, .T. ) ;
#7245 = ORIENTED_EDGE ( 'NONE', *, *, #1712, .F. ) ;
#7246 = ADVANCED_FACE ( 'NONE', ( #5354 ), #2831, .T. ) ;
#7247 = EDGE_LOOP ( 'NONE', ( #2489, #3572, #166, #852 ) ) ;
#7248 = DIRECTION ( 'NONE',  ( 0.000000000000000000, 0.000000000000000000, 1.000000000000000000 ) ) ;
#7249 = CARTESIAN_POINT ( 'NONE',  ( -28.14919451638130710, -15.05399774408544644, 17.50000000000000000 ) ) ;
#7250 = CARTESIAN_POINT ( 'NONE',  ( 29.55232841815460176, -5.259266590080014403, 17.50000000000000000 ) ) ;
#7251 = CARTESIAN_POINT ( 'NONE',  ( 29.02942188199403262, 11.05860141234896687, 17.50000000000000000 ) ) ;
#7252 = LINE ( 'NONE', #1602, #3899 ) ;
#7253 = VERTEX_POINT ( 'NONE', #2750 ) ;
#7254 = EDGE_CURVE ( 'NONE', #1974, #3324, #4371, .T. ) ;
#7255 = EDGE_LOOP ( 'NONE', ( #6305, #2798 ) ) ;
#7256 = EDGE_CURVE ( 'NONE', #7478, #419, #3453, .T. ) ;
#7257 = EDGE_LOOP ( 'NONE', ( #939, #4261, #2973, #2238 ) ) ;
#7258 = CARTESIAN_POINT ( 'NONE',  ( -10.65269520931355096, -29.18081706836646916, 17.50000000000000000 ) ) ;
#7259 = EDGE_LOOP ( 'NONE', ( #7220, #2082, #3731, #7690 ) ) ;
#7260 = CARTESIAN_POINT ( 'NONE',  ( 31.81941497959503451, 2.554374748607658674, 17.50000000000000000 ) ) ;
#7261 = CARTESIAN_POINT ( 'NONE',  ( 30.39983502176245622, 6.391402870233194200, -17.50000000000000000 ) ) ;
#7262 = EDGE_CURVE ( 'NONE', #1364, #7803, #1861, .T. ) ;
#7263 = LINE ( 'NONE', #297, #1599 ) ;
#7264 = CARTESIAN_POINT ( 'NONE',  ( 7.097256819929165239, 31.41374634251425135, -17.50000000000000000 ) ) ;
#7265 = VECTOR ( 'NONE', #4992, 1000.000000000000114 ) ;
#7266 = VERTEX_POINT ( 'NONE', #7824 ) ;
#7267 = CARTESIAN_POINT ( 'NONE',  ( 14.53671745800597570, 26.31888761984640368, -17.50000000000000000 ) ) ;
#7268 = CIRCLE ( 'NONE', #3309, 2.499999999999996891 ) ;
#7269 = ORIENTED_EDGE ( 'NONE', *, *, #1801, .F. ) ;
#7270 = AXIS2_PLACEMENT_3D ( 'NONE', #5552, #4968, #604 ) ;
#7271 = ORIENTED_EDGE ( 'NONE', *, *, #5738, .F. ) ;
#7272 = EDGE_CURVE ( 'NONE', #4436, #1176, #1462, .T. ) ;
#7273 = CARTESIAN_POINT ( 'NONE',  ( -22.77337607103691397, -21.05643232665788034, -17.50000000000000000 ) ) ;
#7274 = CARTESIAN_POINT ( 'NONE',  ( -28.14919451638130710, -15.05399774408544644, -17.50000000000000000 ) ) ;
#7275 = VECTOR ( 'NONE', #4866, 1000.000000000000000 ) ;
#7276 = CARTESIAN_POINT ( 'NONE',  ( 23.98220869851797232, -18.13432286965049656, -17.50000000000000000 ) ) ;
#7277 = EDGE_CURVE ( 'NONE', #1463, #7803, #4153, .T. ) ;
#7278 = CARTESIAN_POINT ( 'NONE',  ( -28.61400686899181167, 11.96823340770429134, 17.50000000000000000 ) ) ;
#7279 = AXIS2_PLACEMENT_3D ( 'NONE', #3442, #3604, #6573 ) ;
#7280 = VERTEX_POINT ( 'NONE', #4694 ) ;
#7281 = ORIENTED_EDGE ( 'NONE', *, *, #7160, .F. ) ;
#7282 = CARTESIAN_POINT ( 'NONE',  ( 0.000000000000000000, 0.000000000000000000, -17.50000000000000000 ) ) ;
#7283 = CARTESIAN_POINT ( 'NONE',  ( 7.774216288470253922, 30.02601473889074057, 17.50000000000000000 ) ) ;
#7284 = ORIENTED_EDGE ( 'NONE', *, *, #476, .T. ) ;
#7285 = ADVANCED_FACE ( 'NONE', ( #5394 ), #4815, .T. ) ;
#7286 = EDGE_LOOP ( 'NONE', ( #7745, #5644, #3725, #1162 ) ) ;
#7287 = EDGE_CURVE ( 'NONE', #4145, #2149, #4736, .T. ) ;
#7288 = ORIENTED_EDGE ( 'NONE', *, *, #5000, .T. ) ;
#7289 = ORIENTED_EDGE ( 'NONE', *, *, #121, .T. ) ;
#7290 = LINE ( 'NONE', #3037, #6422 ) ;
#7291 = LINE ( 'NONE', #1635, #2034 ) ;
#7292 = LINE ( 'NONE', #5312, #865 ) ;
#7293 = DIRECTION ( 'NONE',  ( -0.000000000000000000, -0.000000000000000000, 1.000000000000000000 ) ) ;
#7294 = DIRECTION ( 'NONE',  ( -1.000000000000000000, 0.000000000000000000, 0.000000000000000000 ) ) ;
#7295 = VERTEX_POINT ( 'NONE', #7251 ) ;
#7296 = EDGE_CURVE ( 'NONE', #5805, #2849, #7901, .T. ) ;
#7297 = DIRECTION ( 'NONE',  ( -0.9898214418809341275, -0.1423148382732752626, -0.000000000000000000 ) ) ;
#7298 = DIRECTION ( 'NONE',  ( 0.000000000000000000, 0.000000000000000000, 1.000000000000000000 ) ) ;
#7299 = VERTEX_POINT ( 'NONE', #1598 ) ;
#7300 = DIRECTION ( 'NONE',  ( -0.1423148382732950801, -0.9898214418809313520, 0.000000000000000000 ) ) ;
#7301 = CARTESIAN_POINT ( 'NONE',  ( 0.000000000000000000, 0.000000000000000000, 20.00000000000000000 ) ) ;
#7302 = DIRECTION ( 'NONE',  ( 0.000000000000000000, 0.000000000000000000, -1.000000000000000000 ) ) ;
#7303 = CARTESIAN_POINT ( 'NONE',  ( -15.54180368692016856, 27.88283231949786511, 17.50000000000000000 ) ) ;
#7304 = ORIENTED_EDGE ( 'NONE', *, *, #556, .F. ) ;
#7305 = CIRCLE ( 'NONE', #4522, 1.000000000000000888 ) ;
#7306 = LINE ( 'NONE', #4830, #3353 ) ;
#7307 = ORIENTED_EDGE ( 'NONE', *, *, #5435, .T. ) ;
#7308 = ADVANCED_FACE ( 'NONE', ( #906 ), #7165, .T. ) ;
#7309 = AXIS2_PLACEMENT_3D ( 'NONE', #3131, #2502, #5021 ) ;
#7310 = DIRECTION ( 'NONE',  ( -0.000000000000000000, 0.000000000000000000, 1.000000000000000000 ) ) ;
#7311 = DIRECTION ( 'NONE',  ( 0.000000000000000000, 0.000000000000000000, -1.000000000000000000 ) ) ;
#7312 = DIRECTION ( 'NONE',  ( 0.000000000000000000, 0.000000000000000000, -1.000000000000000000 ) ) ;
#7313 = EDGE_CURVE ( 'NONE', #5702, #7416, #3462, .T. ) ;
#7314 = DIRECTION ( 'NONE',  ( -0.7557495743542506084, 0.6548607339452937603, -0.000000000000000000 ) ) ;
#7315 = CARTESIAN_POINT ( 'NONE',  ( 32.96053387467662077, -1.613445597563077705, -17.50000000000000000 ) ) ;
#7316 = AXIS2_PLACEMENT_3D ( 'NONE', #6382, #2105, #4570 ) ;
#7317 = AXIS2_PLACEMENT_3D ( 'NONE', #152, #1931, #6969 ) ;
#7318 = ORIENTED_EDGE ( 'NONE', *, *, #6763, .F. ) ;
#7319 = ORIENTED_EDGE ( 'NONE', *, *, #909, .T. ) ;
#7320 = CARTESIAN_POINT ( 'NONE',  ( -32.96053387467662787, 1.613445597562849665, -17.50000000000000000 ) ) ;
#7321 = DIRECTION ( 'NONE',  ( 0.000000000000000000, 0.000000000000000000, 1.000000000000000000 ) ) ;
#7322 = ORIENTED_EDGE ( 'NONE', *, *, #3911, .T. ) ;
#7323 = ORIENTED_EDGE ( 'NONE', *, *, #6482, .F. ) ;
#7324 = AXIS2_PLACEMENT_3D ( 'NONE', #3822, #1378, #5096 ) ;
#7325 = ORIENTED_EDGE ( 'NONE', *, *, #6830, .T. ) ;
#7326 = CIRCLE ( 'NONE', #1794, 2.499999999999996891 ) ;
#7327 = VECTOR ( 'NONE', #4284, 1000.000000000000000 ) ;
#7328 = ORIENTED_EDGE ( 'NONE', *, *, #6226, .T. ) ;
#7329 = EDGE_CURVE ( 'NONE', #626, #2104, #954, .T. ) ;
#7330 = DIRECTION ( 'NONE',  ( 0.4154150130019036991, 0.9096319953545104475, 0.000000000000000000 ) ) ;
#7331 = EDGE_CURVE ( 'NONE', #5550, #2063, #2261, .T. ) ;
#7332 = LINE ( 'NONE', #1516, #62 ) ;
#7333 = CARTESIAN_POINT ( 'NONE',  ( -17.06047805649878413, 24.69696516748005877, 17.50000000000000000 ) ) ;
#7334 = DIRECTION ( 'NONE',  ( 0.7557495743542506084, -0.6548607339452937603, 0.000000000000000000 ) ) ;
#7335 = AXIS2_PLACEMENT_3D ( 'NONE', #7993, #6849, #6141 ) ;
#7336 = VECTOR ( 'NONE', #6093, 1000.000000000000227 ) ;
#7337 = DIRECTION ( 'NONE',  ( -0.000000000000000000, -0.000000000000000000, 1.000000000000000000 ) ) ;
#7338 = VERTEX_POINT ( 'NONE', #4644 ) ;
#7339 = DIRECTION ( 'NONE',  ( -1.000000000000000000, 0.000000000000000000, 0.000000000000000000 ) ) ;
#7340 = VERTEX_POINT ( 'NONE', #1638 ) ;
#7341 = DIRECTION ( 'NONE',  ( 0.2817325568414090764, -0.9594929736145033639, 0.000000000000000000 ) ) ;
#7342 = LINE ( 'NONE', #997, #6942 ) ;
#7343 = AXIS2_PLACEMENT_3D ( 'NONE', #3177, #3800, #7633 ) ;
#7344 = CARTESIAN_POINT ( 'NONE',  ( -10.65269520931291680, 29.18081706836670719, -17.50000000000000000 ) ) ;
#7345 = ADVANCED_FACE ( 'NONE', ( #6676 ), #1028, .F. ) ;
#7346 = CARTESIAN_POINT ( 'NONE',  ( 35.00000000000000711, 4.286263797015737285E-15, 20.00000000000000000 ) ) ;
#7347 = ORIENTED_EDGE ( 'NONE', *, *, #3246, .T. ) ;
#7348 = AXIS2_PLACEMENT_3D ( 'NONE', #3732, #6833, #3233 ) ;
#7349 = DIRECTION ( 'NONE',  ( 0.8571673007021118895, 0.000000000000000000, 0.5150380749100549327 ) ) ;
#7350 = ORIENTED_EDGE ( 'NONE', *, *, #1567, .T. ) ;
#7351 = EDGE_CURVE ( 'NONE', #5359, #3645, #1518, .T. ) ;
#7352 = DIRECTION ( 'NONE',  ( -0.000000000000000000, -0.000000000000000000, 1.000000000000000000 ) ) ;
#7353 = CARTESIAN_POINT ( 'NONE',  ( 15.07735827546062701, -27.16014115267811491, 17.50000000000000000 ) ) ;
#7354 = DIRECTION ( 'NONE',  ( -1.000000000000000000, 0.000000000000000000, 0.000000000000000000 ) ) ;
#7355 = CYLINDRICAL_SURFACE ( 'NONE', #795, 1.000000000000000888 ) ;
#7356 = EDGE_CURVE ( 'NONE', #5424, #6062, #5436, .T. ) ;
#7357 = LINE ( 'NONE', #4756, #145 ) ;
#7358 = DIRECTION ( 'NONE',  ( 1.000000000000000000, 0.000000000000000000, 0.000000000000000000 ) ) ;
#7359 = EDGE_CURVE ( 'NONE', #7548, #2057, #5313, .T. ) ;
#7360 = ORIENTED_EDGE ( 'NONE', *, *, #3599, .T. ) ;
#7361 = ORIENTED_EDGE ( 'NONE', *, *, #1423, .F. ) ;
#7362 = LINE ( 'NONE', #2942, #5923 ) ;
#7363 = CARTESIAN_POINT ( 'NONE',  ( -24.08309753892746485, -19.54493317794935336, -17.50000000000000000 ) ) ;
#7364 = EDGE_CURVE ( 'NONE', #2265, #1616, #7717, .T. ) ;
#7365 = AXIS2_PLACEMENT_3D ( 'NONE', #4993, #4379, #8080 ) ;
#7366 = VERTEX_POINT ( 'NONE', #5519 ) ;
#7367 = ORIENTED_EDGE ( 'NONE', *, *, #4297, .F. ) ;
#7368 = CIRCLE ( 'NONE', #3420, 35.00000000000000711 ) ;
#7369 = ORIENTED_EDGE ( 'NONE', *, *, #7208, .T. ) ;
#7370 = ORIENTED_EDGE ( 'NONE', *, *, #786, .F. ) ;
#7371 = DIRECTION ( 'NONE',  ( 1.000000000000000000, 0.000000000000000000, 0.000000000000000000 ) ) ;
#7372 = DIRECTION ( 'NONE',  ( -0.5406408174555803470, 0.8412535328311923077, 0.000000000000000000 ) ) ;
#7373 = DIRECTION ( 'NONE',  ( 0.000000000000000000, 0.000000000000000000, -1.000000000000000000 ) ) ;
#7374 = DIRECTION ( 'NONE',  ( 1.000000000000000000, -3.469446951953611033E-15, 0.000000000000000000 ) ) ;
#7375 = LINE ( 'NONE', #612, #2588 ) ;
#7376 = ORIENTED_EDGE ( 'NONE', *, *, #4904, .F. ) ;
#7377 = EDGE_CURVE ( 'NONE', #4917, #7405, #1719, .T. ) ;
#7378 = ADVANCED_FACE ( 'NONE', ( #3003 ), #1761, .T. ) ;
#7379 = CYLINDRICAL_SURFACE ( 'NONE', #2119, 1.000000000000000888 ) ;
#7380 = ORIENTED_EDGE ( 'NONE', *, *, #5333, .T. ) ;
#7381 = CARTESIAN_POINT ( 'NONE',  ( 1.999999999999999556, 31.85906464414798478, -17.50000000000000000 ) ) ;
#7382 = CARTESIAN_POINT ( 'NONE',  ( -20.36519858079780576, -25.96649161447637510, -17.50000000000000000 ) ) ;
#7383 = LINE ( 'NONE', #1844, #2520 ) ;
#7384 = DIRECTION ( 'NONE',  ( 1.000000000000000000, 0.000000000000000000, 0.000000000000000000 ) ) ;
#7385 = ORIENTED_EDGE ( 'NONE', *, *, #4322, .F. ) ;
#7386 = CARTESIAN_POINT ( 'NONE',  ( 0.000000000000000000, 0.000000000000000000, 17.50000000000000000 ) ) ;
#7387 = ORIENTED_EDGE ( 'NONE', *, *, #2938, .F. ) ;
#7388 = VECTOR ( 'NONE', #6715, 1000.000000000000000 ) ;
#7389 = PLANE ( 'NONE',  #5149 ) ;
#7390 = DIRECTION ( 'NONE',  ( 1.000000000000000000, 0.000000000000000000, 0.000000000000000000 ) ) ;
#7391 = LINE ( 'NONE', #3678, #2956 ) ;
#7392 = DIRECTION ( 'NONE',  ( -1.000000000000000000, 0.000000000000000000, 0.000000000000000000 ) ) ;
#7393 = CIRCLE ( 'NONE', #5946, 1.000000000000000888 ) ;
#7394 = AXIS2_PLACEMENT_3D ( 'NONE', #5537, #4377, #3804 ) ;
#7395 = DIRECTION ( 'NONE',  ( -0.000000000000000000, -0.000000000000000000, -1.000000000000000000 ) ) ;
#7396 = CARTESIAN_POINT ( 'NONE',  ( 22.50000000000000355, 2.755455298081545172E-15, 20.00000000000000000 ) ) ;
#7397 = CIRCLE ( 'NONE', #4620, 2.499999999999996891 ) ;
#7398 = EDGE_CURVE ( 'NONE', #1603, #7548, #2450, .T. ) ;
#7399 = VERTEX_POINT ( 'NONE', #4233 ) ;
#7400 = VECTOR ( 'NONE', #5845, 1000.000000000000000 ) ;
#7401 = VERTEX_POINT ( 'NONE', #5477 ) ;
#7402 = CYLINDRICAL_SURFACE ( 'NONE', #1270, 1.000000000000000000 ) ;
#7403 = CARTESIAN_POINT ( 'NONE',  ( 15.15994234640406546, -29.31170667248336414, -17.50000000000000000 ) ) ;
#7404 = AXIS2_PLACEMENT_3D ( 'NONE', #956, #3510, #6509 ) ;
#7405 = VERTEX_POINT ( 'NONE', #2417 ) ;
#7406 = VERTEX_POINT ( 'NONE', #5638 ) ;
#7407 = VERTEX_POINT ( 'NONE', #2380 ) ;
#7408 = EDGE_CURVE ( 'NONE', #736, #2532, #609, .T. ) ;
#7409 = ORIENTED_EDGE ( 'NONE', *, *, #6391, .T. ) ;
#7410 = DIRECTION ( 'NONE',  ( 0.9096319953545105585, -0.4154150130019037546, 0.000000000000000000 ) ) ;
#7411 = DIRECTION ( 'NONE',  ( 0.000000000000000000, 0.000000000000000000, 1.000000000000000000 ) ) ;
#7412 = CARTESIAN_POINT ( 'NONE',  ( -13.25825214724778967, 13.25825214724773993, -40.00000000000000000 ) ) ;
#7413 = DIRECTION ( 'NONE',  ( 1.000000000000000000, 0.000000000000000000, 0.000000000000000000 ) ) ;
#7414 = ADVANCED_FACE ( 'NONE', ( #3078 ), #8023, .T. ) ;
#7415 = CARTESIAN_POINT ( 'NONE',  ( 6.532990758014317834, 29.34825432211768970, -17.50000000000000000 ) ) ;
#7416 = VERTEX_POINT ( 'NONE', #4353 ) ;
#7417 = CYLINDRICAL_SURFACE ( 'NONE', #6863, 2.499999999999998668 ) ;
#7418 = ORIENTED_EDGE ( 'NONE', *, *, #4262, .F. ) ;
#7419 = CARTESIAN_POINT ( 'NONE',  ( 31.96172981786824607, -1.564553306727832993, -17.50000000000000000 ) ) ;
#7420 = CYLINDRICAL_SURFACE ( 'NONE', #7335, 1.000000000000000000 ) ;
#7421 = CYLINDRICAL_SURFACE ( 'NONE', #3054, 1.000000000000000888 ) ;
#7422 = CARTESIAN_POINT ( 'NONE',  ( 29.54214986003572463, 5.401581428352257852, -17.50000000000000000 ) ) ;
#7423 = VERTEX_POINT ( 'NONE', #6213 ) ;
#7424 = ORIENTED_EDGE ( 'NONE', *, *, #179, .F. ) ;
#7425 = CARTESIAN_POINT ( 'NONE',  ( 29.83695809470132687, 3.279623706317118081, -17.50000000000000000 ) ) ;
#7426 = DIRECTION ( 'NONE',  ( -1.000000000000000000, 0.000000000000000000, 0.000000000000000000 ) ) ;
#7427 = EDGE_CURVE ( 'NONE', #1904, #908, #2343, .T. ) ;
#7428 = CARTESIAN_POINT ( 'NONE',  ( 10.75825214724778967, -13.25825214724773993, 40.00000000000000000 ) ) ;
#7429 = CARTESIAN_POINT ( 'NONE',  ( -10.89472168800079288, 30.00508355830734786, 17.50000000000000000 ) ) ;
#7430 = VECTOR ( 'NONE', #7763, 1000.000000000000114 ) ;
#7431 = EDGE_CURVE ( 'NONE', #5039, #7079, #3108, .T. ) ;
#7432 = CYLINDRICAL_SURFACE ( 'NONE', #1597, 1.000000000000000000 ) ;
#7433 = DIRECTION ( 'NONE',  ( 1.000000000000000000, 0.000000000000000000, 0.000000000000000000 ) ) ;
#7434 = CIRCLE ( 'NONE', #6910, 1.000000000000000888 ) ;
#7435 = EDGE_LOOP ( 'NONE', ( #6620, #1132, #7140, #5985 ) ) ;
#7436 = ORIENTED_EDGE ( 'NONE', *, *, #3815, .T. ) ;
#7437 = DIRECTION ( 'NONE',  ( -0.000000000000000000, -0.000000000000000000, -1.000000000000000000 ) ) ;
#7438 = CARTESIAN_POINT ( 'NONE',  ( 28.61400686899215984, 11.96823340770349198, 17.50000000000000000 ) ) ;
#7439 = AXIS2_PLACEMENT_3D ( 'NONE', #3217, #6189, #6817 ) ;
#7440 = VERTEX_POINT ( 'NONE', #6091 ) ;
#7441 = ORIENTED_EDGE ( 'NONE', *, *, #2938, .T. ) ;
#7442 = ORIENTED_EDGE ( 'NONE', *, *, #4767, .T. ) ;
#7443 = ORIENTED_EDGE ( 'NONE', *, *, #2755, .F. ) ;
#7444 = CARTESIAN_POINT ( 'NONE',  ( 32.10784078822869247, 7.503481958012334196, -17.50000000000000000 ) ) ;
#7445 = DIRECTION ( 'NONE',  ( 0.000000000000000000, 0.000000000000000000, 1.000000000000000000 ) ) ;
#7446 = DIRECTION ( 'NONE',  ( -1.000000000000000000, 0.000000000000000000, 0.000000000000000000 ) ) ;
#7447 = VECTOR ( 'NONE', #925, 1000.000000000000000 ) ;
#7448 = DIRECTION ( 'NONE',  ( -1.000000000000000000, 0.000000000000000000, 0.000000000000000000 ) ) ;
#7449 = DIRECTION ( 'NONE',  ( 1.000000000000000000, 0.000000000000000000, 0.000000000000000000 ) ) ;
#7450 = CIRCLE ( 'NONE', #3888, 1.000000000000000888 ) ;
#7451 = ADVANCED_FACE ( 'NONE', ( #2496 ), #1539, .T. ) ;
#7452 = DIRECTION ( 'NONE',  ( -1.000000000000000000, 0.000000000000000000, 0.000000000000000000 ) ) ;
#7453 = EDGE_LOOP ( 'NONE', ( #5894, #6286, #5809, #3452 ) ) ;
#7454 = ADVANCED_FACE ( 'NONE', ( #6799 ), #7855, .F. ) ;
#7455 = CIRCLE ( 'NONE', #2578, 1.000000000000000888 ) ;
#7456 = DIRECTION ( 'NONE',  ( 0.2817325568414365544, 0.9594929736144953702, 0.000000000000000000 ) ) ;
#7457 = ORIENTED_EDGE ( 'NONE', *, *, #2339, .F. ) ;
#7458 = DIRECTION ( 'NONE',  ( 0.9096319953545101145, -0.4154150130019044207, -0.000000000000000000 ) ) ;
#7459 = CYLINDRICAL_SURFACE ( 'NONE', #3887, 2.499999999999996891 ) ;
#7460 = AXIS2_PLACEMENT_3D ( 'NONE', #5278, #4125, #3548 ) ;
#7461 = AXIS2_PLACEMENT_3D ( 'NONE', #2056, #3209, #6415 ) ;
#7462 = CYLINDRICAL_SURFACE ( 'NONE', #4109, 2.500000000000000444 ) ;
#7463 = CARTESIAN_POINT ( 'NONE',  ( 31.96172981786830292, 1.564553306726723214, 17.50000000000000000 ) ) ;
#7464 = ORIENTED_EDGE ( 'NONE', *, *, #3967, .F. ) ;
#7465 = CARTESIAN_POINT ( 'NONE',  ( 22.11289234230335055, -23.13049917874024075, -17.50000000000000000 ) ) ;
#7466 = DIRECTION ( 'NONE',  ( -0.000000000000000000, -0.000000000000000000, -1.000000000000000000 ) ) ;
#7467 = CARTESIAN_POINT ( 'NONE',  ( 29.02942188199403262, 11.05860141234896687, -17.50000000000000000 ) ) ;
#7468 = LINE ( 'NONE', #4290, #5277 ) ;
#7469 = DIRECTION ( 'NONE',  ( 0.000000000000000000, 0.000000000000000000, 1.000000000000000000 ) ) ;
#7470 = CARTESIAN_POINT ( 'NONE',  ( -30.82677953658216197, 3.421938544591244025, 17.50000000000000000 ) ) ;
#7471 = CYLINDRICAL_SURFACE ( 'NONE', #4283, 1.000000000000000888 ) ;
#7472 = EDGE_CURVE ( 'NONE', #1951, #7976, #4824, .T. ) ;
#7473 = EDGE_CURVE ( 'NONE', #6062, #3080, #2711, .T. ) ;
#7474 = ORIENTED_EDGE ( 'NONE', *, *, #1978, .T. ) ;
#7475 = CARTESIAN_POINT ( 'NONE',  ( -25.38719601203039744, -19.35175130696829271, -17.50000000000000000 ) ) ;
#7476 = CARTESIAN_POINT ( 'NONE',  ( 15.91861180829181777, -26.61950033522253278, -17.50000000000000000 ) ) ;
#7477 = ORIENTED_EDGE ( 'NONE', *, *, #8106, .F. ) ;
#7478 = VERTEX_POINT ( 'NONE', #6841 ) ;
#7479 = ORIENTED_EDGE ( 'NONE', *, *, #6650, .F. ) ;
#7480 = DIRECTION ( 'NONE',  ( -1.000000000000000000, 0.000000000000000000, 0.000000000000000000 ) ) ;
#7481 = ORIENTED_EDGE ( 'NONE', *, *, #7907, .T. ) ;
#7482 = CARTESIAN_POINT ( 'NONE',  ( 17.60111887395510522, 25.53821870031074326, -17.50000000000000000 ) ) ;
#7483 = EDGE_CURVE ( 'NONE', #2449, #980, #8113, .T. ) ;
#7484 = LINE ( 'NONE', #1833, #8017 ) ;
#7485 = DIRECTION ( 'NONE',  ( 0.1423148382732752626, -0.9898214418809342385, 0.000000000000000000 ) ) ;
#7486 = FACE_OUTER_BOUND ( 'NONE', #5193, .T. ) ;
#7487 = AXIS2_PLACEMENT_3D ( 'NONE', #350, #3485, #2207 ) ;
#7488 = DIRECTION ( 'NONE',  ( 1.000000000000000000, 0.000000000000000000, 0.000000000000000000 ) ) ;
#7489 = EDGE_CURVE ( 'NONE', #6441, #1951, #1881, .T. ) ;
#7490 = CARTESIAN_POINT ( 'NONE',  ( -22.80392022800048579, 23.85332727807571374, -17.50000000000000000 ) ) ;
#7491 = VECTOR ( 'NONE', #849, 1000.000000000000114 ) ;
#7492 = EDGE_LOOP ( 'NONE', ( #7589, #7086, #2313, #4325, #4298, #6505, #7826, #4188, #341, #7441, #3366, #4248, #6149, #3755, #7937, #778, #1361, #5148, #573, #8118, #625, #7687, #4189, #4650, #1100, #8133, #1696, #4605, #1885, #2596, #912, #3334, #8047, #3103, #2741, #6015, #5048, #7442, #456, #1653, #3232, #1117, #3005, #108, #6290, #302, #764, #3117, #6122, #4361, #4921, #4995, #6458, #437, #6814, #1381, #4317, #3148, #7945, #7037, #5460, #3282, #6204, #2156, #6139, #7474, #2797, #7632, #1767, #6379, #2447, #6609, #1796, #6888, #4184, #1854, #5580, #8015, #4923, #5358, #1587, #6268, #6659, #6793, #4646, #7746, #7289, #5586, #2929, #6322, #4107, #7307, #4906, #7799, #3427, #3243, #7610, #2333, #2513, #1706, #3528, #2328, #1473, #1021, #6320, #3422, #2217, #7181, #4847, #2462, #7832, #7169, #2833, #362, #7756, #6694, #3989, #5883, #432, #2668, #6993, #5327, #979, #4790, #5316, #2404, #352, #6520, #7786, #8091, #4080, #387, #4111, #3988, #5848, #6871, #2090, #952, #3855, #5929, #3691, #1590, #7158, #5466, #5031, #4744, #7819, #7409, #1052, #6216, #2114, #5963, #6168, #4386, #6606, #808, #877, #3073, #4850, #4490, #7240, #830, #4411, #1304, #5585, #7538, #3383, #1274, #2393, #6331, #1841, #7322, #4842, #3992, #4762, #4647, #4279, #6742, #864, #1656, #4749, #157, #5935, #2070, #1056, #5690, #2988, #4546, #2410, #4883, #5928, #1831, #7350, #8034, #5094, #1394, #3631 ) ) ;
#7493 = PRESENTATION_LAYER_ASSIGNMENT (  '', '', ( #7889 ) ) ;
#7494 = DIRECTION ( 'NONE',  ( 0.000000000000000000, 0.000000000000000000, 1.000000000000000000 ) ) ;
#7495 = ORIENTED_EDGE ( 'NONE', *, *, #7975, .F. ) ;
#7496 = CARTESIAN_POINT ( 'NONE',  ( 32.88869289243826444, -2.708113702723900396, -17.50000000000000000 ) ) ;
#7497 = EDGE_CURVE ( 'NONE', #1420, #3733, #4393, .T. ) ;
#7498 = CARTESIAN_POINT ( 'NONE',  ( 0.000000000000000000, 0.000000000000000000, -17.50000000000000000 ) ) ;
#7499 = DIRECTION ( 'NONE',  ( -0.000000000000000000, -0.000000000000000000, -1.000000000000000000 ) ) ;
#7500 = EDGE_CURVE ( 'NONE', #1146, #6701, #878, .T. ) ;
#7501 = EDGE_CURVE ( 'NONE', #2334, #6242, #7326, .T. ) ;
#7502 = CARTESIAN_POINT ( 'NONE',  ( 13.25825214724778967, -13.25825214724773993, 40.00000000000000000 ) ) ;
#7503 = EDGE_LOOP ( 'NONE', ( #2294, #431, #2553, #1773 ) ) ;
#7504 = ORIENTED_EDGE ( 'NONE', *, *, #1050, .T. ) ;
#7505 = ORIENTED_EDGE ( 'NONE', *, *, #3425, .T. ) ;
#7506 = EDGE_CURVE ( 'NONE', #7591, #3595, #32, .T. ) ;
#7507 = CARTESIAN_POINT ( 'NONE',  ( 13.25825214724778967, -13.25825214724773993, 40.00000000000000000 ) ) ;
#7508 = LINE ( 'NONE', #706, #1907 ) ;
#7509 = DIRECTION ( 'NONE',  ( 1.000000000000000000, 0.000000000000000000, 0.000000000000000000 ) ) ;
#7510 = LINE ( 'NONE', #3180, #2908 ) ;
#7511 = DIRECTION ( 'NONE',  ( -1.000000000000000000, 0.000000000000000000, 0.000000000000000000 ) ) ;
#7512 = CARTESIAN_POINT ( 'NONE',  ( -29.55232841815463729, 5.259266590079810122, -17.50000000000000000 ) ) ;
#7513 = AXIS2_PLACEMENT_3D ( 'NONE', #3603, #308, #929 ) ;
#7514 = AXIS2_PLACEMENT_3D ( 'NONE', #6719, #1071, #2387 ) ;
#7515 = LINE ( 'NONE', #5623, #1913 ) ;
#7516 = EDGE_CURVE ( 'NONE', #7423, #655, #2539, .T. ) ;
#7517 = AXIS2_PLACEMENT_3D ( 'NONE', #7966, #1703, #6945 ) ;
#7518 = VERTEX_POINT ( 'NONE', #374 ) ;
#7519 = CYLINDRICAL_SURFACE ( 'NONE', #5205, 2.499999999999998668 ) ;
#7520 = DIRECTION ( 'NONE',  ( 1.000000000000000000, 0.000000000000000000, 0.000000000000000000 ) ) ;
#7521 = VECTOR ( 'NONE', #6859, 1000.000000000000000 ) ;
#7522 = EDGE_LOOP ( 'NONE', ( #3505, #5967, #6487, #2947 ) ) ;
#7523 = AXIS2_PLACEMENT_3D ( 'NONE', #2470, #4905, #3052 ) ;
#7524 = ORIENTED_EDGE ( 'NONE', *, *, #5438, .F. ) ;
#7525 = ORIENTED_EDGE ( 'NONE', *, *, #6114, .T. ) ;
#7526 = VECTOR ( 'NONE', #1797, 1000.000000000000000 ) ;
#7527 = CARTESIAN_POINT ( 'NONE',  ( 30.82677953658226144, 3.421938544590388265, -17.50000000000000000 ) ) ;
#7528 = VERTEX_POINT ( 'NONE', #7261 ) ;
#7529 = CARTESIAN_POINT ( 'NONE',  ( 32.96053387467662787, -1.613445597563077927, -17.50000000000000000 ) ) ;
#7530 = CARTESIAN_POINT ( 'NONE',  ( -26.85587101928699738, 19.17712678675879090, 17.50000000000000000 ) ) ;
#7531 = CARTESIAN_POINT ( 'NONE',  ( 0.000000000000000000, 0.000000000000000000, 40.00000000000000000 ) ) ;
#7532 = EDGE_CURVE ( 'NONE', #2200, #2146, #2884, .T. ) ;
#7533 = DIRECTION ( 'NONE',  ( 1.000000000000000000, 0.000000000000000000, 0.000000000000000000 ) ) ;
#7534 = CIRCLE ( 'NONE', #2525, 0.9999999999999991118 ) ;
#7535 = EDGE_CURVE ( 'NONE', #1972, #7801, #4549, .T. ) ;
#7536 = FACE_OUTER_BOUND ( 'NONE', #1263, .T. ) ;
#7537 = VECTOR ( 'NONE', #5497, 1000.000000000000000 ) ;
#7538 = ORIENTED_EDGE ( 'NONE', *, *, #1140, .T. ) ;
#7539 = CARTESIAN_POINT ( 'NONE',  ( 6.287796095550825193, -32.39542591571805730, 17.50000000000000000 ) ) ;
#7540 = ORIENTED_EDGE ( 'NONE', *, *, #2611, .F. ) ;
#7541 = CARTESIAN_POINT ( 'NONE',  ( 19.74807135107683465, 25.17962823221937541, -17.50000000000000000 ) ) ;
#7542 = CARTESIAN_POINT ( 'NONE',  ( 22.80392022800116081, 23.85332727807506714, -17.50000000000000000 ) ) ;
#7543 = DIRECTION ( 'NONE',  ( 1.000000000000000000, 0.000000000000000000, 0.000000000000000000 ) ) ;
#7544 = CARTESIAN_POINT ( 'NONE',  ( -14.70055015408959775, -28.42347313695313815, 17.50000000000000000 ) ) ;
#7545 = VERTEX_POINT ( 'NONE', #6688 ) ;
#7546 = EDGE_LOOP ( 'NONE', ( #5182, #853, #4699, #5504 ) ) ;
#7547 = EDGE_CURVE ( 'NONE', #6441, #285, #1691, .T. ) ;
#7548 = VERTEX_POINT ( 'NONE', #7175 ) ;
#7549 = DIRECTION ( 'NONE',  ( -0.000000000000000000, -0.000000000000000000, 1.000000000000000000 ) ) ;
#7550 = CARTESIAN_POINT ( 'NONE',  ( 30.82677953658213710, -3.421938544591457632, -17.50000000000000000 ) ) ;
#7551 = DIRECTION ( 'NONE',  ( 0.000000000000000000, 0.000000000000000000, 1.000000000000000000 ) ) ;
#7552 = DIRECTION ( 'NONE',  ( -0.000000000000000000, -0.000000000000000000, -1.000000000000000000 ) ) ;
#7553 = ADVANCED_FACE ( 'NONE', ( #7794 ), #7914, .T. ) ;
#7554 = DIRECTION ( 'NONE',  ( -0.000000000000000000, -0.000000000000000000, -1.000000000000000000 ) ) ;
#7555 = CARTESIAN_POINT ( 'NONE',  ( 12.22465886979055938, -30.65220572026183277, -17.50000000000000000 ) ) ;
#7556 = EDGE_CURVE ( 'NONE', #7936, #3811, #5088, .T. ) ;
#7557 = ORIENTED_EDGE ( 'NONE', *, *, #3724, .F. ) ;
#7558 = AXIS2_PLACEMENT_3D ( 'NONE', #5373, #7234, #838 ) ;
#7559 = CARTESIAN_POINT ( 'NONE',  ( 18.90681781824565988, 25.72026904967498240, 17.50000000000000000 ) ) ;
#7560 = CARTESIAN_POINT ( 'NONE',  ( 0.000000000000000000, 0.000000000000000000, 17.50000000000000000 ) ) ;
#7561 = AXIS2_PLACEMENT_3D ( 'NONE', #1148, #6048, #1679 ) ;
#7562 = VECTOR ( 'NONE', #2871, 1000.000000000000000 ) ;
#7563 = CIRCLE ( 'NONE', #4271, 1.000000000000000000 ) ;
#7564 = EDGE_LOOP ( 'NONE', ( #6950, #812, #4161, #2112 ) ) ;
#7565 = ORIENTED_EDGE ( 'NONE', *, *, #7092, .F. ) ;
#7566 = FACE_OUTER_BOUND ( 'NONE', #3997, .T. ) ;
#7567 = ORIENTED_EDGE ( 'NONE', *, *, #3119, .F. ) ;
#7568 = DIRECTION ( 'NONE',  ( 0.000000000000000000, 0.000000000000000000, 1.000000000000000000 ) ) ;
#7569 = AXIS2_PLACEMENT_3D ( 'NONE', #6148, #6686, #7833 ) ;
#7570 = PLANE ( 'NONE',  #6974 ) ;
#7571 = DIRECTION ( 'NONE',  ( 1.000000000000000000, 0.000000000000000000, 0.000000000000000000 ) ) ;
#7572 = AXIS2_PLACEMENT_3D ( 'NONE', #6050, #2140, #1467 ) ;
#7573 = DIRECTION ( 'NONE',  ( -0.000000000000000000, -0.000000000000000000, 1.000000000000000000 ) ) ;
#7574 = CARTESIAN_POINT ( 'NONE',  ( 14.70055015408980026, 28.42347313695304578, 17.50000000000000000 ) ) ;
#7575 = ORIENTED_EDGE ( 'NONE', *, *, #7828, .T. ) ;
#7576 = VECTOR ( 'NONE', #4775, 1000.000000000000114 ) ;
#7577 = EDGE_CURVE ( 'NONE', #7340, #4511, #7980, .T. ) ;
#7578 = EDGE_CURVE ( 'NONE', #2580, #4078, #4085, .T. ) ;
#7579 = DIRECTION ( 'NONE',  ( 0.000000000000000000, 0.000000000000000000, 1.000000000000000000 ) ) ;
#7580 = CYLINDRICAL_SURFACE ( 'NONE', #990, 1.000000000000000888 ) ;
#7581 = CARTESIAN_POINT ( 'NONE',  ( -27.70437487363730256, 11.55281839470239369, 17.50000000000000000 ) ) ;
#7582 = DIRECTION ( 'NONE',  ( -1.000000000000000000, 0.000000000000000000, 0.000000000000000000 ) ) ;
#7583 = CARTESIAN_POINT ( 'NONE',  ( 17.06047805649862070, -24.69696516748017601, 17.50000000000000000 ) ) ;
#7584 = ORIENTED_EDGE ( 'NONE', *, *, #3151, .F. ) ;
#7585 = VERTEX_POINT ( 'NONE', #5443 ) ;
#7586 = VECTOR ( 'NONE', #59, 1000.000000000000114 ) ;
#7587 = EDGE_CURVE ( 'NONE', #6806, #4593, #1927, .T. ) ;
#7588 = CIRCLE ( 'NONE', #1787, 1.000000000000000888 ) ;
#7589 = ORIENTED_EDGE ( 'NONE', *, *, #7547, .T. ) ;
#7590 = CARTESIAN_POINT ( 'NONE',  ( 0.000000000000000000, 0.000000000000000000, 17.50000000000000000 ) ) ;
#7591 = VERTEX_POINT ( 'NONE', #1037 ) ;
#7592 = CARTESIAN_POINT ( 'NONE',  ( -26.85587101928741660, -19.17712678675821181, 17.50000000000000000 ) ) ;
#7593 = VECTOR ( 'NONE', #250, 1000.000000000000000 ) ;
#7594 = AXIS2_PLACEMENT_3D ( 'NONE', #6550, #3421, #6014 ) ;
#7595 = EDGE_CURVE ( 'NONE', #3646, #4807, #1275, .T. ) ;
#7596 = CARTESIAN_POINT ( 'NONE',  ( 30.54214986003552923, -5.401581428353319225, -17.50000000000000000 ) ) ;
#7597 = LINE ( 'NONE', #7018, #3571 ) ;
#7598 = VECTOR ( 'NONE', #3079, 1000.000000000000000 ) ;
#7599 = CARTESIAN_POINT ( 'NONE',  ( 31.81941497959503451, 2.554374748607658674, -17.50000000000000000 ) ) ;
#7600 = EDGE_CURVE ( 'NONE', #6785, #737, #3514, .T. ) ;
#7601 = ORIENTED_EDGE ( 'NONE', *, *, #4675, .F. ) ;
#7602 = DIRECTION ( 'NONE',  ( -0.000000000000000000, -0.000000000000000000, 1.000000000000000000 ) ) ;
#7603 = ORIENTED_EDGE ( 'NONE', *, *, #2789, .F. ) ;
#7604 = EDGE_CURVE ( 'NONE', #75, #1419, #3898, .T. ) ;
#7605 = DIRECTION ( 'NONE',  ( 0.000000000000000000, 0.000000000000000000, 1.000000000000000000 ) ) ;
#7606 = CARTESIAN_POINT ( 'NONE',  ( 31.10784078822842247, -7.503481958013412445, -17.50000000000000000 ) ) ;
#7607 = CARTESIAN_POINT ( 'NONE',  ( -11.85421466161529125, 29.72335100146592879, 17.50000000000000000 ) ) ;
#7608 = ADVANCED_FACE ( 'NONE', ( #2308 ), #6023, .T. ) ;
#7609 = AXIS2_PLACEMENT_3D ( 'NONE', #172, #2686, #2076 ) ;
#7610 = ORIENTED_EDGE ( 'NONE', *, *, #932, .T. ) ;
#7611 = CIRCLE ( 'NONE', #3661, 15.00000000000000000 ) ;
#7612 = CARTESIAN_POINT ( 'NONE',  ( 22.50000000000000355, 0.000000000000000000, -20.00000000000000000 ) ) ;
#7613 = ORIENTED_EDGE ( 'NONE', *, *, #2316, .T. ) ;
#7614 = EDGE_LOOP ( 'NONE', ( #4306, #728, #435, #5305 ) ) ;
#7615 = EDGE_CURVE ( 'NONE', #1057, #2940, #4746, .T. ) ;
#7616 = FACE_OUTER_BOUND ( 'NONE', #8025, .T. ) ;
#7617 = CARTESIAN_POINT ( 'NONE',  ( -29.81085456838881953, -11.41546976266735314, -17.50000000000000000 ) ) ;
#7618 = FACE_OUTER_BOUND ( 'NONE', #720, .T. ) ;
#7619 = ORIENTED_EDGE ( 'NONE', *, *, #121, .F. ) ;
#7620 = AXIS2_PLACEMENT_3D ( 'NONE', #3721, #7020, #5157 ) ;
#7621 = CARTESIAN_POINT ( 'NONE',  ( -7.774216288470063851, -30.02601473889078321, -17.50000000000000000 ) ) ;
#7622 = DIRECTION ( 'NONE',  ( -0.000000000000000000, -0.000000000000000000, 1.000000000000000000 ) ) ;
#7623 = LINE ( 'NONE', #697, #7969 ) ;
#7624 = DIRECTION ( 'NONE',  ( 1.000000000000000000, 0.000000000000000000, 0.000000000000000000 ) ) ;
#7625 = EDGE_CURVE ( 'NONE', #7079, #7841, #7342, .T. ) ;
#7626 = EDGE_CURVE ( 'NONE', #1753, #6585, #4784, .T. ) ;
#7627 = CARTESIAN_POINT ( 'NONE',  ( 27.73377950337953379, 15.96362973943977970, -17.50000000000000000 ) ) ;
#7628 = ORIENTED_EDGE ( 'NONE', *, *, #2593, .F. ) ;
#7629 = VERTEX_POINT ( 'NONE', #2151 ) ;
#7630 = AXIS2_PLACEMENT_3D ( 'NONE', #3554, #5369, #6693 ) ;
#7631 = AXIS2_PLACEMENT_3D ( 'NONE', #5878, #6490, #4104 ) ;
#7632 = ORIENTED_EDGE ( 'NONE', *, *, #2813, .T. ) ;
#7633 = DIRECTION ( 'NONE',  ( 1.000000000000000000, 0.000000000000000000, 0.000000000000000000 ) ) ;
#7634 = VERTEX_POINT ( 'NONE', #1528 ) ;
#7635 = FACE_OUTER_BOUND ( 'NONE', #6057, .T. ) ;
#7636 = DIRECTION ( 'NONE',  ( -0.000000000000000000, -0.000000000000000000, 1.000000000000000000 ) ) ;
#7637 = EDGE_CURVE ( 'NONE', #6042, #119, #4042, .T. ) ;
#7638 = FACE_OUTER_BOUND ( 'NONE', #2166, .T. ) ;
#7639 = DIRECTION ( 'NONE',  ( 0.000000000000000000, 0.000000000000000000, 1.000000000000000000 ) ) ;
#7640 = CARTESIAN_POINT ( 'NONE',  ( 0.000000000000000000, 0.000000000000000000, 17.50000000000000000 ) ) ;
#7641 = EDGE_LOOP ( 'NONE', ( #5184, #1973, #6568, #5485 ) ) ;
#7642 = DIRECTION ( 'NONE',  ( 1.000000000000000000, 0.000000000000000000, 0.000000000000000000 ) ) ;
#7643 = CARTESIAN_POINT ( 'NONE',  ( 11.85421466161612969, 29.72335100146560549, -17.50000000000000000 ) ) ;
#7644 = DIRECTION ( 'NONE',  ( 1.000000000000000000, 6.938893903907222067E-15, 0.000000000000000000 ) ) ;
#7645 = CARTESIAN_POINT ( 'NONE',  ( 16.12584365658288732, 28.79161625132299207, 17.50000000000000000 ) ) ;
#7646 = EDGE_CURVE ( 'NONE', #6792, #7650, #4032, .T. ) ;
#7647 = CYLINDRICAL_SURFACE ( 'NONE', #4444, 1.000000000000000888 ) ;
#7648 = VERTEX_POINT ( 'NONE', #5982 ) ;
#7649 = AXIS2_PLACEMENT_3D ( 'NONE', #4582, #3399, #1544 ) ;
#7650 = VERTEX_POINT ( 'NONE', #2390 ) ;
#7651 = DIRECTION ( 'NONE',  ( -0.4154150130018779974, 0.9096319953545223269, 0.000000000000000000 ) ) ;
#7652 = CARTESIAN_POINT ( 'NONE',  ( -30.96909437485551209, -2.432117102709654866, 17.50000000000000000 ) ) ;
#7653 = ORIENTED_EDGE ( 'NONE', *, *, #101, .F. ) ;
#7654 = VECTOR ( 'NONE', #6024, 1000.000000000000000 ) ;
#7655 = ORIENTED_EDGE ( 'NONE', *, *, #2086, .F. ) ;
#7656 = ADVANCED_FACE ( 'NONE', ( #6221 ), #4979, .T. ) ;
#7657 = CIRCLE ( 'NONE', #4106, 1.000000000000000888 ) ;
#7658 = DIRECTION ( 'NONE',  ( 0.7557495743542649302, 0.6548607339452773290, 0.000000000000000000 ) ) ;
#7659 = LINE ( 'NONE', #115, #4267 ) ;
#7660 = CIRCLE ( 'NONE', #5684, 1.000000000000000888 ) ;
#7661 = EDGE_CURVE ( 'NONE', #1072, #1829, #5487, .T. ) ;
#7662 = CARTESIAN_POINT ( 'NONE',  ( 7.361098020013544740, -32.16852865674389506, -17.50000000000000000 ) ) ;
#7663 = CARTESIAN_POINT ( 'NONE',  ( -26.87354484763380214, -13.37208238541085059, 17.50000000000000000 ) ) ;
#7664 = FACE_OUTER_BOUND ( 'NONE', #5160, .T. ) ;
#7665 = ORIENTED_EDGE ( 'NONE', *, *, #7473, .F. ) ;
#7666 = CIRCLE ( 'NONE', #7279, 1.000000000000000888 ) ;
#7667 = ORIENTED_EDGE ( 'NONE', *, *, #4322, .T. ) ;
#7668 = VERTEX_POINT ( 'NONE', #4281 ) ;
#7669 = LINE ( 'NONE', #4568, #6953 ) ;
#7670 = ORIENTED_EDGE ( 'NONE', *, *, #5890, .F. ) ;
#7671 = DIRECTION ( 'NONE',  ( 0.000000000000000000, 0.000000000000000000, 1.000000000000000000 ) ) ;
#7672 = LINE ( 'NONE', #205, #3956 ) ;
#7673 = FACE_OUTER_BOUND ( 'NONE', #5360, .T. ) ;
#7674 = ORIENTED_EDGE ( 'NONE', *, *, #421, .F. ) ;
#7675 = CARTESIAN_POINT ( 'NONE',  ( 0.000000000000000000, 0.000000000000000000, -40.00000000000000000 ) ) ;
#7676 = ORIENTED_EDGE ( 'NONE', *, *, #3492, .T. ) ;
#7677 = CARTESIAN_POINT ( 'NONE',  ( 30.54214986003552923, -5.401581428353319225, -17.50000000000000000 ) ) ;
#7678 = EDGE_CURVE ( 'NONE', #4916, #7423, #5620, .T. ) ;
#7679 = VERTEX_POINT ( 'NONE', #3132 ) ;
#7680 = CARTESIAN_POINT ( 'NONE',  ( 14.70055015408878951, -28.42347313695356092, -17.50000000000000000 ) ) ;
#7681 = CARTESIAN_POINT ( 'NONE',  ( -2.000000000000230926, -30.99999999999999289, 17.50000000000000000 ) ) ;
#7682 = CARTESIAN_POINT ( 'NONE',  ( 27.78317684298792400, -13.78749739841351740, -17.50000000000000000 ) ) ;
#7683 = DIRECTION ( 'NONE',  ( -0.2817325568414431602, -0.9594929736144933718, 0.000000000000000000 ) ) ;
#7684 = ADVANCED_FACE ( 'NONE', ( #6767 ), #1113, .F. ) ;
#7685 = CARTESIAN_POINT ( 'NONE',  ( -31.81941497959499898, -2.554374748607863399, -17.50000000000000000 ) ) ;
#7686 = ORIENTED_EDGE ( 'NONE', *, *, #6315, .F. ) ;
#7687 = ORIENTED_EDGE ( 'NONE', *, *, #1438, .T. ) ;
#7688 = DIRECTION ( 'NONE',  ( -0.2817325568414363324, -0.9594929736144954813, -0.000000000000000000 ) ) ;
#7689 = CARTESIAN_POINT ( 'NONE',  ( -23.32734796457320314, -18.89007244400407615, -17.50000000000000000 ) ) ;
#7690 = ORIENTED_EDGE ( 'NONE', *, *, #6355, .T. ) ;
#7691 = ORIENTED_EDGE ( 'NONE', *, *, #6236, .F. ) ;
#7692 = EDGE_CURVE ( 'NONE', #6610, #1278, #3084, .T. ) ;
#7693 = AXIS2_PLACEMENT_3D ( 'NONE', #4773, #5474, #6089 ) ;
#7694 = CONICAL_SURFACE ( 'NONE', #457, 2.499999999999996891, 1.029744258676653645 ) ;
#7695 = CARTESIAN_POINT ( 'NONE',  ( 22.11851533709178597, 21.81218190101200349, 17.50000000000000000 ) ) ;
#7696 = DIRECTION ( 'NONE',  ( 1.000000000000000000, 0.000000000000000000, 0.000000000000000000 ) ) ;
#7697 = PLANE ( 'NONE',  #1651 ) ;
#7698 = EDGE_CURVE ( 'NONE', #4222, #4512, #6678, .T. ) ;
#7699 = LINE ( 'NONE', #2053, #816 ) ;
#7700 = CARTESIAN_POINT ( 'NONE',  ( 35.00000000000000711, 4.286263797015737285E-15, 20.00000000000000000 ) ) ;
#7701 = ORIENTED_EDGE ( 'NONE', *, *, #5633, .F. ) ;
#7702 = AXIS2_PLACEMENT_3D ( 'NONE', #1856, #5033, #4374 ) ;
#7703 = ADVANCED_FACE ( 'NONE', ( #1158 ), #7420, .T. ) ;
#7704 = VERTEX_POINT ( 'NONE', #1843 ) ;
#7705 = AXIS2_PLACEMENT_3D ( 'NONE', #1329, #4463, #6864 ) ;
#7706 = ORIENTED_EDGE ( 'NONE', *, *, #5974, .F. ) ;
#7707 = DIRECTION ( 'NONE',  ( 1.000000000000000000, 0.000000000000000000, 0.000000000000000000 ) ) ;
#7708 = ORIENTED_EDGE ( 'NONE', *, *, #4426, .F. ) ;
#7709 = DIRECTION ( 'NONE',  ( -0.000000000000000000, -0.000000000000000000, 1.000000000000000000 ) ) ;
#7710 = DIRECTION ( 'NONE',  ( 0.9898214418809341275, 0.1423148382732752626, 0.000000000000000000 ) ) ;
#7711 = DIRECTION ( 'NONE',  ( -0.000000000000000000, 0.000000000000000000, -1.000000000000000000 ) ) ;
#7712 = EDGE_LOOP ( 'NONE', ( #5755, #5370, #2941, #519 ) ) ;
#7713 = CONICAL_SURFACE ( 'NONE', #3771, 2.499999999999996891, 1.029744258676653645 ) ;
#7714 = CARTESIAN_POINT ( 'NONE',  ( 15.75825214724779144, -13.25825214724773993, -40.00000000000000000 ) ) ;
#7715 = VERTEX_POINT ( 'NONE', #495 ) ;
#7716 = CARTESIAN_POINT ( 'NONE',  ( -30.39983502176227148, 6.391402870234039746, -17.50000000000000000 ) ) ;
#7717 = CIRCLE ( 'NONE', #4554, 1.000000000000000888 ) ;
#7718 = AXIS2_PLACEMENT_3D ( 'NONE', #284, #1470, #7294 ) ;
#7719 = VERTEX_POINT ( 'NONE', #3009 ) ;
#7720 = VERTEX_POINT ( 'NONE', #7542 ) ;
#7721 = CIRCLE ( 'NONE', #1142, 33.00000000000001421 ) ;
#7722 = DIRECTION ( 'NONE',  ( 1.000000000000000000, 0.000000000000000000, 0.000000000000000000 ) ) ;
#7723 = CARTESIAN_POINT ( 'NONE',  ( -13.25825214724778967, -13.25825214724773993, 40.00000000000000000 ) ) ;
#7724 = DIRECTION ( 'NONE',  ( 0.000000000000000000, 0.000000000000000000, 1.000000000000000000 ) ) ;
#7725 = AXIS2_PLACEMENT_3D ( 'NONE', #4241, #2504, #2967 ) ;
#7726 = DIRECTION ( 'NONE',  ( 1.000000000000000000, 0.000000000000000000, 0.000000000000000000 ) ) ;
#7727 = ADVANCED_FACE ( 'NONE', ( #5023 ), #3763, .F. ) ;
#7728 = EDGE_CURVE ( 'NONE', #1331, #5129, #3590, .T. ) ;
#7729 = DIRECTION ( 'NONE',  ( -0.6548607339452946485, -0.7557495743542499422, -0.000000000000000000 ) ) ;
#7730 = EDGE_LOOP ( 'NONE', ( #2787, #6647, #6224, #8028 ) ) ;
#7731 = EDGE_LOOP ( 'NONE', ( #6104, #3290, #5269, #7464 ) ) ;
#7732 = DIRECTION ( 'NONE',  ( 0.000000000000000000, 0.000000000000000000, 1.000000000000000000 ) ) ;
#7733 = DIRECTION ( 'NONE',  ( 1.000000000000000000, 0.000000000000000000, 0.000000000000000000 ) ) ;
#7734 = CIRCLE ( 'NONE', #4180, 22.50000000000000355 ) ;
#7735 = AXIS2_PLACEMENT_3D ( 'NONE', #6914, #2452, #3690 ) ;
#7736 = ORIENTED_EDGE ( 'NONE', *, *, #1513, .F. ) ;
#7737 = VERTEX_POINT ( 'NONE', #4941 ) ;
#7738 = ORIENTED_EDGE ( 'NONE', *, *, #5735, .F. ) ;
#7739 = DIRECTION ( 'NONE',  ( -1.000000000000000000, 0.000000000000000000, 0.000000000000000000 ) ) ;
#7740 = CARTESIAN_POINT ( 'NONE',  ( 6.097256819928071891, -31.41374634251448228, -17.50000000000000000 ) ) ;
#7741 = CARTESIAN_POINT ( 'NONE',  ( 22.76775307624942357, 22.37474960438518323, 17.50000000000000000 ) ) ;
#7742 = CARTESIAN_POINT ( 'NONE',  ( -22.11289234230349976, 23.13049917874008088, -17.50000000000000000 ) ) ;
#7743 = EDGE_CURVE ( 'NONE', #4684, #2442, #6129, .T. ) ;
#7744 = DIRECTION ( 'NONE',  ( -0.9096319953545246584, -0.4154150130018727793, 0.000000000000000000 ) ) ;
#7745 = ORIENTED_EDGE ( 'NONE', *, *, #1231, .F. ) ;
#7746 = ORIENTED_EDGE ( 'NONE', *, *, #6561, .T. ) ;
#7747 = ADVANCED_FACE ( 'NONE', ( #3667 ), #4364, .T. ) ;
#7748 = ORIENTED_EDGE ( 'NONE', *, *, #5533, .T. ) ;
#7749 = LINE ( 'NONE', #4743, #4236 ) ;
#7750 = ORIENTED_EDGE ( 'NONE', *, *, #7661, .T. ) ;
#7751 = DIRECTION ( 'NONE',  ( 1.000000000000000000, 0.000000000000000000, 0.000000000000000000 ) ) ;
#7752 = EDGE_CURVE ( 'NONE', #5111, #276, #619, .T. ) ;
#7753 = DIRECTION ( 'NONE',  ( -0.8571673007021118895, 1.049727191138618079E-16, 0.5150380749100549327 ) ) ;
#7754 = AXIS2_PLACEMENT_3D ( 'NONE', #1049, #1091, #5416 ) ;
#7755 = CYLINDRICAL_SURFACE ( 'NONE', #2123, 1.000000000000000888 ) ;
#7756 = ORIENTED_EDGE ( 'NONE', *, *, #4626, .T. ) ;
#7757 = ORIENTED_EDGE ( 'NONE', *, *, #2593, .T. ) ;
#7758 = VECTOR ( 'NONE', #5256, 1000.000000000000000 ) ;
#7759 = ADVANCED_FACE ( 'NONE', ( #3050 ), #7459, .F. ) ;
#7760 = VERTEX_POINT ( 'NONE', #4319 ) ;
#7761 = ORIENTED_EDGE ( 'NONE', *, *, #2068, .T. ) ;
#7762 = CARTESIAN_POINT ( 'NONE',  ( 29.13184589196679397, 15.50275959068895837, -17.50000000000000000 ) ) ;
#7763 = DIRECTION ( 'NONE',  ( -0.7557495743542637090, -0.6548607339452787723, -0.000000000000000000 ) ) ;
#7764 = DIRECTION ( 'NONE',  ( -0.000000000000000000, -0.000000000000000000, -1.000000000000000000 ) ) ;
#7765 = CARTESIAN_POINT ( 'NONE',  ( 11.85421466161509052, -29.72335100146602116, -17.50000000000000000 ) ) ;
#7766 = DIRECTION ( 'NONE',  ( -0.000000000000000000, -0.000000000000000000, 1.000000000000000000 ) ) ;
#7767 = EDGE_CURVE ( 'NONE', #736, #6062, #6099, .T. ) ;
#7768 = FACE_OUTER_BOUND ( 'NONE', #5823, .T. ) ;
#7769 = ORIENTED_EDGE ( 'NONE', *, *, #7856, .F. ) ;
#7770 = DIRECTION ( 'NONE',  ( 1.000000000000000000, 0.000000000000000000, 0.000000000000000000 ) ) ;
#7771 = VERTEX_POINT ( 'NONE', #7382 ) ;
#7772 = DIRECTION ( 'NONE',  ( 1.000000000000000000, 0.000000000000000000, 0.000000000000000000 ) ) ;
#7773 = CARTESIAN_POINT ( 'NONE',  ( 17.90173158932981323, -24.15632435002459744, -17.50000000000000000 ) ) ;
#7774 = EDGE_LOOP ( 'NONE', ( #6, #6595, #405, #6934 ) ) ;
#7775 = ORIENTED_EDGE ( 'NONE', *, *, #7356, .T. ) ;
#7776 = ORIENTED_EDGE ( 'NONE', *, *, #7195, .T. ) ;
#7777 = EDGE_CURVE ( 'NONE', #1674, #2700, #1728, .T. ) ;
#7778 = DIRECTION ( 'NONE',  ( -1.000000000000000000, 0.000000000000000000, 0.000000000000000000 ) ) ;
#7779 = LINE ( 'NONE', #3205, #3615 ) ;
#7780 = PLANE ( 'NONE',  #7572 ) ;
#7781 = VECTOR ( 'NONE', #6738, 1000.000000000000000 ) ;
#7782 = CARTESIAN_POINT ( 'NONE',  ( 0.000000000000000000, 0.000000000000000000, 17.50000000000000000 ) ) ;
#7783 = AXIS2_PLACEMENT_3D ( 'NONE', #1649, #4826, #2927 ) ;
#7784 = EDGE_CURVE ( 'NONE', #3532, #1974, #1261, .T. ) ;
#7785 = LINE ( 'NONE', #7865, #1795 ) ;
#7786 = ORIENTED_EDGE ( 'NONE', *, *, #3786, .T. ) ;
#7787 = ORIENTED_EDGE ( 'NONE', *, *, #8106, .T. ) ;
#7788 = VECTOR ( 'NONE', #4044, 1000.000000000000000 ) ;
#7789 = AXIS2_PLACEMENT_3D ( 'NONE', #2589, #5105, #5763 ) ;
#7790 = EDGE_LOOP ( 'NONE', ( #6378, #3597, #3687, #2728 ) ) ;
#7791 = FACE_OUTER_BOUND ( 'NONE', #6094, .T. ) ;
#7792 = VERTEX_POINT ( 'NONE', #6336 ) ;
#7793 = DIRECTION ( 'NONE',  ( 1.000000000000000000, 0.000000000000000000, 0.000000000000000000 ) ) ;
#7794 = FACE_OUTER_BOUND ( 'NONE', #2877, .T. ) ;
#7795 = AXIS2_PLACEMENT_3D ( 'NONE', #2229, #7298, #7172 ) ;
#7796 = FACE_OUTER_BOUND ( 'NONE', #2621, .T. ) ;
#7797 = EDGE_CURVE ( 'NONE', #234, #1753, #2587, .T. ) ;
#7798 = FACE_OUTER_BOUND ( 'NONE', #3357, .T. ) ;
#7799 = ORIENTED_EDGE ( 'NONE', *, *, #6367, .T. ) ;
#7800 = DIRECTION ( 'NONE',  ( 0.000000000000000000, 0.000000000000000000, -1.000000000000000000 ) ) ;
#7801 = VERTEX_POINT ( 'NONE', #6300 ) ;
#7802 = CIRCLE ( 'NONE', #8051, 1.000000000000000888 ) ;
#7803 = VERTEX_POINT ( 'NONE', #3249 ) ;
#7804 = VECTOR ( 'NONE', #7729, 1000.000000000000114 ) ;
#7805 = FACE_OUTER_BOUND ( 'NONE', #1619, .T. ) ;
#7806 = DIRECTION ( 'NONE',  ( -0.1423148382732971617, -0.9898214418809309079, -0.000000000000000000 ) ) ;
#7807 = CYLINDRICAL_SURFACE ( 'NONE', #4609, 1.000000000000000888 ) ;
#7808 = EDGE_CURVE ( 'NONE', #2852, #5449, #2051, .T. ) ;
#7809 = CARTESIAN_POINT ( 'NONE',  ( -27.70437487363730256, 11.55281839470239369, -17.50000000000000000 ) ) ;
#7810 = DIRECTION ( 'NONE',  ( 1.000000000000000000, 0.000000000000000000, 0.000000000000000000 ) ) ;
#7811 = FACE_OUTER_BOUND ( 'NONE', #6478, .T. ) ;
#7812 = ORIENTED_EDGE ( 'NONE', *, *, #1647, .F. ) ;
#7813 = CARTESIAN_POINT ( 'NONE',  ( 15.37797099083715047, 25.77824680239079314, -17.50000000000000000 ) ) ;
#7814 = VERTEX_POINT ( 'NONE', #5138 ) ;
#7815 = DIRECTION ( 'NONE',  ( 0.000000000000000000, 0.000000000000000000, 1.000000000000000000 ) ) ;
#7816 = DIRECTION ( 'NONE',  ( -0.000000000000000000, -0.000000000000000000, -1.000000000000000000 ) ) ;
#7817 = ORIENTED_EDGE ( 'NONE', *, *, #2384, .T. ) ;
#7818 = ORIENTED_EDGE ( 'NONE', *, *, #330, .F. ) ;
#7819 = ORIENTED_EDGE ( 'NONE', *, *, #3065, .T. ) ;
#7820 = LINE ( 'NONE', #5887, #8001 ) ;
#7821 = DIRECTION ( 'NONE',  ( -0.000000000000000000, -0.000000000000000000, -1.000000000000000000 ) ) ;
#7822 = DIRECTION ( 'NONE',  ( 1.000000000000000000, 0.000000000000000000, 0.000000000000000000 ) ) ;
#7823 = AXIS2_PLACEMENT_3D ( 'NONE', #7723, #3853, #3813 ) ;
#7824 = CARTESIAN_POINT ( 'NONE',  ( -28.14919451638097314, 15.05399774408603975, 17.50000000000000000 ) ) ;
#7825 = DIRECTION ( 'NONE',  ( 0.000000000000000000, 0.000000000000000000, -1.000000000000000000 ) ) ;
#7826 = ORIENTED_EDGE ( 'NONE', *, *, #6648, .T. ) ;
#7827 = ORIENTED_EDGE ( 'NONE', *, *, #5587, .T. ) ;
#7828 = EDGE_CURVE ( 'NONE', #685, #2023, #7623, .T. ) ;
#7829 = EDGE_CURVE ( 'NONE', #1230, #6004, #5063, .T. ) ;
#7830 = ORIENTED_EDGE ( 'NONE', *, *, #7797, .F. ) ;
#7831 = CARTESIAN_POINT ( 'NONE',  ( 27.73377950337897602, -15.96362973944075137, -17.50000000000000000 ) ) ;
#7832 = ORIENTED_EDGE ( 'NONE', *, *, #6460, .T. ) ;
#7833 = DIRECTION ( 'NONE',  ( 1.000000000000000000, 0.000000000000000000, 0.000000000000000000 ) ) ;
#7834 = CARTESIAN_POINT ( 'NONE',  ( -9.693202235698414881, 29.46254962520812271, -17.50000000000000000 ) ) ;
#7835 = CARTESIAN_POINT ( 'NONE',  ( -35.00000000000000711, 0.000000000000000000, -18.50000000000000711 ) ) ;
#7836 = VECTOR ( 'NONE', #400, 1000.000000000000000 ) ;
#7837 = CARTESIAN_POINT ( 'NONE',  ( -11.85421466161593607, -29.72335100146566234, -17.50000000000000000 ) ) ;
#7838 = ORIENTED_EDGE ( 'NONE', *, *, #549, .T. ) ;
#7839 = FACE_OUTER_BOUND ( 'NONE', #5859, .T. ) ;
#7840 = ORIENTED_EDGE ( 'NONE', *, *, #5903, .T. ) ;
#7841 = VERTEX_POINT ( 'NONE', #7581 ) ;
#7842 = EDGE_CURVE ( 'NONE', #7634, #7340, #1314, .T. ) ;
#7843 = CIRCLE ( 'NONE', #5475, 1.000000000000000000 ) ;
#7844 = CARTESIAN_POINT ( 'NONE',  ( 6.814723314855760883, 30.30774729573218451, -17.50000000000000000 ) ) ;
#7845 = DIRECTION ( 'NONE',  ( 1.000000000000000000, 0.000000000000000000, 0.000000000000000000 ) ) ;
#7846 = DIRECTION ( 'NONE',  ( -1.000000000000000000, 0.000000000000000000, 0.000000000000000000 ) ) ;
#7847 = VECTOR ( 'NONE', #5793, 1000.000000000000000 ) ;
#7848 = EDGE_CURVE ( 'NONE', #6159, #4766, #7049, .T. ) ;
#7849 = DIRECTION ( 'NONE',  ( -0.1423148382732694617, 0.9898214418809349047, -0.000000000000000000 ) ) ;
#7850 = CARTESIAN_POINT ( 'NONE',  ( -11.19906991447176736, 31.04159842937817615, 17.50000000000000000 ) ) ;
#7851 = EDGE_LOOP ( 'NONE', ( #5362, #5825, #4185 ) ) ;
#7852 = VERTEX_POINT ( 'NONE', #2626 ) ;
#7853 = FACE_OUTER_BOUND ( 'NONE', #7880, .T. ) ;
#7854 = DIRECTION ( 'NONE',  ( -0.1423148382732971617, -0.9898214418809309079, -0.000000000000000000 ) ) ;
#7855 = CONICAL_SURFACE ( 'NONE', #3376, 2.499999999999996891, 1.029744258676653645 ) ;
#7856 = EDGE_CURVE ( 'NONE', #1072, #3364, #598, .T. ) ;
#7857 = ORIENTED_EDGE ( 'NONE', *, *, #5515, .F. ) ;
#7858 = EDGE_LOOP ( 'NONE', ( #6802, #3216, #7304, #459 ) ) ;
#7859 = ORIENTED_EDGE ( 'NONE', *, *, #6460, .F. ) ;
#7860 = EDGE_CURVE ( 'NONE', #1133, #7405, #5865, .T. ) ;
#7861 = CARTESIAN_POINT ( 'NONE',  ( 26.78317684298792400, -13.78749739841351740, -17.50000000000000000 ) ) ;
#7862 = FACE_OUTER_BOUND ( 'NONE', #4139, .T. ) ;
#7863 = LINE ( 'NONE', #4735, #2310 ) ;
#7864 = DIRECTION ( 'NONE',  ( 0.000000000000000000, 0.000000000000000000, 1.000000000000000000 ) ) ;
#7865 = CARTESIAN_POINT ( 'NONE',  ( 26.20361227996007969, -20.05918003013897533, 17.50000000000000000 ) ) ;
#7866 = ORIENTED_EDGE ( 'NONE', *, *, #992, .T. ) ;
#7867 = ORIENTED_EDGE ( 'NONE', *, *, #5223, .F. ) ;
#7868 = ADVANCED_FACE ( 'NONE', ( #2010 ), #3829, .T. ) ;
#7869 = ORIENTED_EDGE ( 'NONE', *, *, #5713, .F. ) ;
#7870 = AXIS2_PLACEMENT_3D ( 'NONE', #6967, #7579, #616 ) ;
#7871 = CARTESIAN_POINT ( 'NONE',  ( 6.097256819929165239, 31.41374634251425135, 17.50000000000000000 ) ) ;
#7872 = ORIENTED_EDGE ( 'NONE', *, *, #346, .T. ) ;
#7873 = DIRECTION ( 'NONE',  ( 0.9898214418809312409, -0.1423148382732950523, 0.000000000000000000 ) ) ;
#7874 = DIRECTION ( 'NONE',  ( -0.000000000000000000, -0.000000000000000000, -1.000000000000000000 ) ) ;
#7875 = ADVANCED_FACE ( 'NONE', ( #6452 ), #5843, .F. ) ;
#7876 = CARTESIAN_POINT ( 'NONE',  ( -1.999999999999999112, 32.93933818400121538, 17.50000000000000000 ) ) ;
#7877 = CARTESIAN_POINT ( 'NONE',  ( -27.36776182998611873, 14.69712939376783467, -17.50000000000000000 ) ) ;
#7878 = ORIENTED_EDGE ( 'NONE', *, *, #6663, .T. ) ;
#7879 = DIRECTION ( 'NONE',  ( -0.000000000000000000, 1.000000000000000000, 0.000000000000000000 ) ) ;
#7880 = EDGE_LOOP ( 'NONE', ( #2088, #2038, #7239, #1935 ) ) ;
#7881 = EDGE_LOOP ( 'NONE', ( #353, #477, #2744, #4820 ) ) ;
#7882 = PLANE ( 'NONE',  #2464 ) ;
#7883 = EDGE_CURVE ( 'NONE', #1616, #4372, #5720, .T. ) ;
#7884 = DIRECTION ( 'NONE',  ( 0.000000000000000000, -0.000000000000000000, -1.000000000000000000 ) ) ;
#7885 = CARTESIAN_POINT ( 'NONE',  ( -22.80392022800100449, -23.85332727807522701, -17.50000000000000000 ) ) ;
#7886 = LINE ( 'NONE', #4056, #2274 ) ;
#7887 = AXIS2_PLACEMENT_3D ( 'NONE', #3735, #5673, #30 ) ;
#7888 = CARTESIAN_POINT ( 'NONE',  ( 10.89472168800163487, 30.00508355830704943, -17.50000000000000000 ) ) ;
#7889 = STYLED_ITEM ( 'NONE', ( #6389 ), #3842 ) ;
#7890 = ORIENTED_EDGE ( 'NONE', *, *, #3388, .F. ) ;
#7891 = EDGE_LOOP ( 'NONE', ( #5470, #1737, #4168, #6790 ) ) ;
#7892 = CARTESIAN_POINT ( 'NONE',  ( 0.000000000000000000, 0.000000000000000000, 17.50000000000000000 ) ) ;
#7893 = CARTESIAN_POINT ( 'NONE',  ( -23.32734796457320314, -18.89007244400407615, 17.50000000000000000 ) ) ;
#7894 = ORIENTED_EDGE ( 'NONE', *, *, #46, .F. ) ;
#7895 = ADVANCED_FACE ( 'NONE', ( #194 ), #6930, .T. ) ;
#7896 = ORIENTED_EDGE ( 'NONE', *, *, #6373, .F. ) ;
#7897 = VERTEX_POINT ( 'NONE', #7006 ) ;
#7898 = DIRECTION ( 'NONE',  ( -0.9096319953545222159, -0.4154150130018778864, -0.000000000000000000 ) ) ;
#7899 = DIRECTION ( 'NONE',  ( -0.000000000000000000, -0.000000000000000000, 1.000000000000000000 ) ) ;
#7900 = DIRECTION ( 'NONE',  ( -0.5406408174556033286, -0.8412535328311774308, -0.000000000000000000 ) ) ;
#7901 = LINE ( 'NONE', #366, #4894 ) ;
#7902 = EDGE_CURVE ( 'NONE', #3289, #4712, #1348, .T. ) ;
#7903 = AXIS2_PLACEMENT_3D ( 'NONE', #2205, #1702, #7392 ) ;
#7904 = CARTESIAN_POINT ( 'NONE',  ( -14.70055015408898491, 28.42347313695345790, 17.50000000000000000 ) ) ;
#7905 = AXIS2_PLACEMENT_3D ( 'NONE', #2305, #4819, #2347 ) ;
#7906 = ORIENTED_EDGE ( 'NONE', *, *, #6999, .F. ) ;
#7907 = EDGE_CURVE ( 'NONE', #3646, #2276, #732, .T. ) ;
#7908 = VECTOR ( 'NONE', #6231, 1000.000000000000341 ) ;
#7909 = LINE ( 'NONE', #2267, #7526 ) ;
#7910 = LINE ( 'NONE', #1569, #5892 ) ;
#7911 = ORIENTED_EDGE ( 'NONE', *, *, #7946, .F. ) ;
#7912 = DIRECTION ( 'NONE',  ( -0.000000000000000000, -0.000000000000000000, -1.000000000000000000 ) ) ;
#7913 = CONICAL_SURFACE ( 'NONE', #1992, 2.499999999999996891, 1.029744258676653645 ) ;
#7914 = CYLINDRICAL_SURFACE ( 'NONE', #5744, 35.00000000000000711 ) ;
#7915 = PRODUCT_DEFINITION_SHAPE ( 'NONE', 'NONE',  #2434 ) ;
#7916 = DIRECTION ( 'NONE',  ( -0.000000000000000000, -0.000000000000000000, 1.000000000000000000 ) ) ;
#7917 = CARTESIAN_POINT ( 'NONE',  ( 26.87354484763389451, 13.37208238541067296, -17.50000000000000000 ) ) ;
#7918 = VECTOR ( 'NONE', #3752, 1000.000000000000227 ) ;
#7919 = ORIENTED_EDGE ( 'NONE', *, *, #1664, .F. ) ;
#7920 = CARTESIAN_POINT ( 'NONE',  ( 26.20361227996007969, -20.05918003013897533, -17.50000000000000000 ) ) ;
#7921 = CIRCLE ( 'NONE', #1456, 2.499999999999998668 ) ;
#7922 = VERTEX_POINT ( 'NONE', #771 ) ;
#7923 = CIRCLE ( 'NONE', #811, 1.000000000000000888 ) ;
#7924 = CARTESIAN_POINT ( 'NONE',  ( -31.25015562650191470, -6.513660516131603906, 17.50000000000000000 ) ) ;
#7925 = DIRECTION ( 'NONE',  ( -0.000000000000000000, 0.000000000000000000, 1.000000000000000000 ) ) ;
#7926 = CARTESIAN_POINT ( 'NONE',  ( 28.61400686899173351, -11.96823340770449562, 17.50000000000000000 ) ) ;
#7927 = FACE_OUTER_BOUND ( 'NONE', #789, .T. ) ;
#7928 = CIRCLE ( 'NONE', #7142, 1.000000000000000888 ) ;
#7929 = ADVANCED_FACE ( 'NONE', ( #2665 ), #7697, .T. ) ;
#7930 = ORIENTED_EDGE ( 'NONE', *, *, #6589, .F. ) ;
#7931 = ORIENTED_EDGE ( 'NONE', *, *, #5258, .F. ) ;
#7932 = CARTESIAN_POINT ( 'NONE',  ( -32.96053387467666340, -1.613445597562145117, -17.50000000000000000 ) ) ;
#7933 = LINE ( 'NONE', #3566, #4158 ) ;
#7934 = VERTEX_POINT ( 'NONE', #1821 ) ;
#7935 = EDGE_CURVE ( 'NONE', #4070, #6508, #7843, .T. ) ;
#7936 = VERTEX_POINT ( 'NONE', #8083 ) ;
#7937 = ORIENTED_EDGE ( 'NONE', *, *, #7313, .T. ) ;
#7938 = VERTEX_POINT ( 'NONE', #6984 ) ;
#7939 = CARTESIAN_POINT ( 'NONE',  ( 15.37797099083623564, -25.77824680239134381, 17.50000000000000000 ) ) ;
#7940 = DIRECTION ( 'NONE',  ( 1.000000000000000000, 0.000000000000000000, 0.000000000000000000 ) ) ;
#7941 = DIRECTION ( 'NONE',  ( 1.000000000000000000, 0.000000000000000000, -0.000000000000000000 ) ) ;
#7942 = DIRECTION ( 'NONE',  ( 1.000000000000000000, 0.000000000000000000, 0.000000000000000000 ) ) ;
#7943 = EDGE_CURVE ( 'NONE', #7720, #5624, #343, .T. ) ;
#7944 = DIRECTION ( 'NONE',  ( 1.000000000000000000, -1.734723475976811433E-15, 0.000000000000000000 ) ) ;
#7945 = ORIENTED_EDGE ( 'NONE', *, *, #6137, .T. ) ;
#7946 = EDGE_CURVE ( 'NONE', #3781, #7938, #5040, .T. ) ;
#7947 = DIRECTION ( 'NONE',  ( 0.000000000000000000, 0.000000000000000000, 1.000000000000000000 ) ) ;
#7948 = EDGE_LOOP ( 'NONE', ( #4421, #5461, #5349, #5641 ) ) ;
#7949 = DIRECTION ( 'NONE',  ( 1.000000000000000000, -3.469446951953611033E-15, 0.000000000000000000 ) ) ;
#7950 = DIRECTION ( 'NONE',  ( 0.000000000000000000, 0.000000000000000000, 1.000000000000000000 ) ) ;
#7951 = AXIS2_PLACEMENT_3D ( 'NONE', #1226, #3821, #605 ) ;
#7952 = FACE_OUTER_BOUND ( 'NONE', #3447, .T. ) ;
#7953 = EDGE_CURVE ( 'NONE', #4045, #6824, #2564, .T. ) ;
#7954 = AXIS2_PLACEMENT_3D ( 'NONE', #3371, #6498, #5719 ) ;
#7955 = DIRECTION ( 'NONE',  ( -0.000000000000000000, -0.000000000000000000, -1.000000000000000000 ) ) ;
#7956 = VERTEX_POINT ( 'NONE', #1906 ) ;
#7957 = AXIS2_PLACEMENT_3D ( 'NONE', #507, #1700, #4213 ) ;
#7958 = CARTESIAN_POINT ( 'NONE',  ( 15.91861180829275746, 26.61950033522196435, 17.50000000000000000 ) ) ;
#7959 = ORIENTED_EDGE ( 'NONE', *, *, #2137, .F. ) ;
#7960 = AXIS2_PLACEMENT_3D ( 'NONE', #293, #3547, #958 ) ;
#7961 = LINE ( 'NONE', #4948, #5302 ) ;
#7962 = DIRECTION ( 'NONE',  ( 0.000000000000000000, -1.000000000000000000, 0.000000000000000000 ) ) ;
#7963 = VECTOR ( 'NONE', #7123, 1000.000000000000000 ) ;
#7964 = DIRECTION ( 'NONE',  ( 1.000000000000000000, 0.000000000000000000, 0.000000000000000000 ) ) ;
#7965 = CARTESIAN_POINT ( 'NONE',  ( 1.000000000000000000, 30.00000000000000000, 17.50000000000000000 ) ) ;
#7966 = CARTESIAN_POINT ( 'NONE',  ( -13.25825214724778967, -13.25825214724773993, -28.00000000000000000 ) ) ;
#7967 = CARTESIAN_POINT ( 'NONE',  ( -6.287796095551751563, -32.39542591571787256, 17.50000000000000000 ) ) ;
#7968 = AXIS2_PLACEMENT_3D ( 'NONE', #2179, #4692, #2259 ) ;
#7969 = VECTOR ( 'NONE', #817, 1000.000000000000000 ) ;
#7970 = ORIENTED_EDGE ( 'NONE', *, *, #4516, .T. ) ;
#7971 = ORIENTED_EDGE ( 'NONE', *, *, #4829, .T. ) ;
#7972 = DIRECTION ( 'NONE',  ( -0.000000000000000000, -0.000000000000000000, 1.000000000000000000 ) ) ;
#7973 = DIRECTION ( 'NONE',  ( 1.000000000000000000, 0.000000000000000000, 0.000000000000000000 ) ) ;
#7974 = EDGE_CURVE ( 'NONE', #7207, #4578, #7515, .T. ) ;
#7975 = EDGE_CURVE ( 'NONE', #1186, #739, #4335, .T. ) ;
#7976 = VERTEX_POINT ( 'NONE', #3808 ) ;
#7977 = VECTOR ( 'NONE', #5331, 1000.000000000000000 ) ;
#7978 = ORIENTED_EDGE ( 'NONE', *, *, #4058, .T. ) ;
#7979 = ORIENTED_EDGE ( 'NONE', *, *, #4648, .F. ) ;
#7980 = CIRCLE ( 'NONE', #4695, 1.000000000000000888 ) ;
#7981 = CIRCLE ( 'NONE', #4430, 33.00000000000000711 ) ;
#7982 = ORIENTED_EDGE ( 'NONE', *, *, #5000, .F. ) ;
#7983 = DIRECTION ( 'NONE',  ( -0.9096319953545246584, -0.4154150130018727238, 0.000000000000000000 ) ) ;
#7984 = DIRECTION ( 'NONE',  ( 0.000000000000000000, 0.000000000000000000, -1.000000000000000000 ) ) ;
#7985 = LINE ( 'NONE', #6249, #2969 ) ;
#7986 = CARTESIAN_POINT ( 'NONE',  ( 22.11851533709178597, 21.81218190101200349, -17.50000000000000000 ) ) ;
#7987 = CIRCLE ( 'NONE', #2991, 1.000000000000000888 ) ;
#7988 = DIRECTION ( 'NONE',  ( 1.000000000000000000, 0.000000000000000000, 0.000000000000000000 ) ) ;
#7989 = ORIENTED_EDGE ( 'NONE', *, *, #8117, .T. ) ;
#7990 = DIRECTION ( 'NONE',  ( -0.000000000000000000, -0.000000000000000000, -1.000000000000000000 ) ) ;
#7991 = ORIENTED_EDGE ( 'NONE', *, *, #5691, .T. ) ;
#7992 = CARTESIAN_POINT ( 'NONE',  ( -22.01762649668264871, -20.40157159271260312, 17.50000000000000000 ) ) ;
#7993 = CARTESIAN_POINT ( 'NONE',  ( 6.097256819928071891, -31.41374634251448228, -17.50000000000000000 ) ) ;
#7994 = DIRECTION ( 'NONE',  ( 0.000000000000000000, 0.000000000000000000, -1.000000000000000000 ) ) ;
#7995 = DIRECTION ( 'NONE',  ( -1.000000000000000000, 0.000000000000000000, 0.000000000000000000 ) ) ;
#7996 = VERTEX_POINT ( 'NONE', #673 ) ;
#7997 = VECTOR ( 'NONE', #5372, 1000.000000000000114 ) ;
#7998 = EDGE_CURVE ( 'NONE', #2612, #1357, #3097, .T. ) ;
#7999 = CARTESIAN_POINT ( 'NONE',  ( -30.82677953658216197, 3.421938544591244025, -17.50000000000000000 ) ) ;
#8000 = ORIENTED_EDGE ( 'NONE', *, *, #3321, .F. ) ;
#8001 = VECTOR ( 'NONE', #3498, 1000.000000000000000 ) ;
#8002 = DIRECTION ( 'NONE',  ( -0.8412535328311881999, -0.5406408174555866752, 0.000000000000000000 ) ) ;
#8003 = DIRECTION ( 'NONE',  ( -0.4154150130018712805, 0.9096319953545252135, 0.000000000000000000 ) ) ;
#8004 = CARTESIAN_POINT ( 'NONE',  ( -29.81085456838856018, 11.41546976266798552, -17.50000000000000000 ) ) ;
#8005 = CYLINDRICAL_SURFACE ( 'NONE', #1983, 1.000000000000000000 ) ;
#8006 = FACE_OUTER_BOUND ( 'NONE', #2253, .T. ) ;
#8007 = EDGE_CURVE ( 'NONE', #1057, #2251, #5121, .T. ) ;
#8008 = DIRECTION ( 'NONE',  ( -1.000000000000000000, 0.000000000000000000, 0.000000000000000000 ) ) ;
#8009 = AXIS2_PLACEMENT_3D ( 'NONE', #6861, #510, #3144 ) ;
#8010 = VERTEX_POINT ( 'NONE', #5578 ) ;
#8011 = ORIENTED_EDGE ( 'NONE', *, *, #4601, .T. ) ;
#8012 = CARTESIAN_POINT ( 'NONE',  ( -13.25825214724778967, -13.25825214724773993, -28.00000000000000000 ) ) ;
#8013 = CARTESIAN_POINT ( 'NONE',  ( 30.96909437485544103, -2.432117102710527501, -17.50000000000000000 ) ) ;
#8014 = EDGE_CURVE ( 'NONE', #2334, #7737, #590, .T. ) ;
#8015 = ORIENTED_EDGE ( 'NONE', *, *, #7254, .T. ) ;
#8016 = ORIENTED_EDGE ( 'NONE', *, *, #6980, .T. ) ;
#8017 = VECTOR ( 'NONE', #1341, 1000.000000000000000 ) ;
#8018 = ORIENTED_EDGE ( 'NONE', *, *, #6541, .F. ) ;
#8019 = ORIENTED_EDGE ( 'NONE', *, *, #3311, .F. ) ;
#8020 = CARTESIAN_POINT ( 'NONE',  ( -17.90173158932996955, 24.15632435002447309, -17.50000000000000000 ) ) ;
#8021 = DIRECTION ( 'NONE',  ( -1.000000000000000000, 0.000000000000000000, 0.000000000000000000 ) ) ;
#8022 = CARTESIAN_POINT ( 'NONE',  ( -26.87354484763380214, -13.37208238541085059, 17.50000000000000000 ) ) ;
#8023 = CYLINDRICAL_SURFACE ( 'NONE', #3244, 33.00000000000001421 ) ;
#8024 = CARTESIAN_POINT ( 'NONE',  ( 1.999999999999764189, -31.85906464414801320, 17.50000000000000000 ) ) ;
#8025 = EDGE_LOOP ( 'NONE', ( #4739, #5570, #1714, #3684 ) ) ;
#8026 = ADVANCED_FACE ( 'NONE', ( #2605 ), #3186, .T. ) ;
#8027 = DIRECTION ( 'NONE',  ( -0.000000000000000000, -0.000000000000000000, -1.000000000000000000 ) ) ;
#8028 = ORIENTED_EDGE ( 'NONE', *, *, #7427, .F. ) ;
#8029 = DIRECTION ( 'NONE',  ( 1.000000000000000000, 0.000000000000000000, 0.000000000000000000 ) ) ;
#8030 = EDGE_CURVE ( 'NONE', #1337, #2276, #6524, .T. ) ;
#8031 = CARTESIAN_POINT ( 'NONE',  ( -30.79350594397419982, -11.86423160927106579, 17.50000000000000000 ) ) ;
#8032 = DIRECTION ( 'NONE',  ( -0.000000000000000000, -0.000000000000000000, 1.000000000000000000 ) ) ;
#8033 = FACE_OUTER_BOUND ( 'NONE', #3495, .T. ) ;
#8034 = ORIENTED_EDGE ( 'NONE', *, *, #5701, .T. ) ;
#8035 = VERTEX_POINT ( 'NONE', #3847 ) ;
#8036 = CIRCLE ( 'NONE', #3568, 2.500000000000000444 ) ;
#8037 = DIRECTION ( 'NONE',  ( -0.5406408174555866752, 0.8412535328311881999, 0.000000000000000000 ) ) ;
#8038 = DIRECTION ( 'NONE',  ( 0.000000000000000000, 0.000000000000000000, 1.000000000000000000 ) ) ;
#8039 = DIRECTION ( 'NONE',  ( -1.000000000000000000, 0.000000000000000000, 0.000000000000000000 ) ) ;
#8040 = EDGE_CURVE ( 'NONE', #6080, #6077, #6350, .T. ) ;
#8041 = CARTESIAN_POINT ( 'NONE',  ( -1.000000000000000000, 30.00000000000000000, 17.50000000000000000 ) ) ;
#8042 = AXIS2_PLACEMENT_3D ( 'NONE', #2069, #3260, #5775 ) ;
#8043 = PLANE ( 'NONE',  #3045 ) ;
#8044 = DIRECTION ( 'NONE',  ( -0.5406408174556091017, -0.8412535328311737670, 0.000000000000000000 ) ) ;
#8045 = EDGE_LOOP ( 'NONE', ( #3650, #5347 ) ) ;
#8046 = VECTOR ( 'NONE', #3940, 1000.000000000000000 ) ;
#8047 = ORIENTED_EDGE ( 'NONE', *, *, #4999, .T. ) ;
#8048 = ADVANCED_FACE ( 'NONE', ( #97 ), #710, .T. ) ;
#8049 = DIRECTION ( 'NONE',  ( -0.000000000000000000, -0.000000000000000000, 1.000000000000000000 ) ) ;
#8050 = CARTESIAN_POINT ( 'NONE',  ( 3.093749999999756639, -32.85466041427764594, 17.50000000000000000 ) ) ;
#8051 = AXIS2_PLACEMENT_3D ( 'NONE', #7831, #291, #2187 ) ;
#8052 = AXIS2_PLACEMENT_3D ( 'NONE', #7072, #1413, #3926 ) ;
#8053 = ADVANCED_FACE ( 'NONE', ( #4957 ), #7471, .F. ) ;
#8054 = ORIENTED_EDGE ( 'NONE', *, *, #5662, .F. ) ;
#8055 = ORIENTED_EDGE ( 'NONE', *, *, #5152, .F. ) ;
#8056 = ORIENTED_EDGE ( 'NONE', *, *, #4308, .F. ) ;
#8057 = ORIENTED_EDGE ( 'NONE', *, *, #2538, .T. ) ;
#8058 = CARTESIAN_POINT ( 'NONE',  ( 6.287796095551952291, 32.39542591571782992, -17.50000000000000000 ) ) ;
#8059 = CARTESIAN_POINT ( 'NONE',  ( 9.411469678857798726, 28.50305665159336144, 17.50000000000000000 ) ) ;
#8060 = PLANE ( 'NONE',  #6804 ) ;
#8061 = FACE_BOUND ( 'NONE', #2680, .T. ) ;
#8062 = DIRECTION ( 'NONE',  ( -0.000000000000000000, 0.000000000000000000, -1.000000000000000000 ) ) ;
#8063 = CYLINDRICAL_SURFACE ( 'NONE', #221, 1.000000000000000888 ) ;
#8064 = ORIENTED_EDGE ( 'NONE', *, *, #179, .T. ) ;
#8065 = DIRECTION ( 'NONE',  ( 0.000000000000000000, 0.000000000000000000, 1.000000000000000000 ) ) ;
#8066 = ORIENTED_EDGE ( 'NONE', *, *, #5263, .T. ) ;
#8067 = CYLINDRICAL_SURFACE ( 'NONE', #5850, 0.9999999999999974465 ) ;
#8068 = DIRECTION ( 'NONE',  ( 1.000000000000000000, 0.000000000000000000, 0.000000000000000000 ) ) ;
#8069 = DIRECTION ( 'NONE',  ( 1.000000000000000000, -6.938893903907222067E-15, 0.000000000000000000 ) ) ;
#8070 = EDGE_CURVE ( 'NONE', #3323, #2555, #550, .T. ) ;
#8071 = EDGE_CURVE ( 'NONE', #2574, #1287, #6926, .T. ) ;
#8072 = FACE_OUTER_BOUND ( 'NONE', #268, .T. ) ;
#8073 = ORIENTED_EDGE ( 'NONE', *, *, #6414, .T. ) ;
#8074 = DIRECTION ( 'NONE',  ( 0.000000000000000000, 0.000000000000000000, 1.000000000000000000 ) ) ;
#8075 = DIRECTION ( 'NONE',  ( -0.000000000000000000, -0.000000000000000000, 1.000000000000000000 ) ) ;
#8076 = CARTESIAN_POINT ( 'NONE',  ( 15.75825214724779144, 13.25825214724773993, -40.00000000000000000 ) ) ;
#8077 = LINE ( 'NONE', #4332, #1853 ) ;
#8078 = VECTOR ( 'NONE', #2608, 1000.000000000000114 ) ;
#8079 = LINE ( 'NONE', #4333, #7265 ) ;
#8080 = DIRECTION ( 'NONE',  ( 1.000000000000000000, 0.000000000000000000, 0.000000000000000000 ) ) ;
#8081 = EDGE_CURVE ( 'NONE', #4521, #333, #4662, .T. ) ;
#8082 = AXIS2_PLACEMENT_3D ( 'NONE', #4514, #3938, #78 ) ;
#8083 = CARTESIAN_POINT ( 'NONE',  ( 10.75825214724778967, -13.25825214724773993, -40.00000000000000000 ) ) ;
#8084 = AXIS2_PLACEMENT_3D ( 'NONE', #6899, #4376, #1247 ) ;
#8085 = ORIENTED_EDGE ( 'NONE', *, *, #1809, .F. ) ;
#8086 = DIRECTION ( 'NONE',  ( 0.9898214418809352377, 0.1423148382732676853, -0.000000000000000000 ) ) ;
#8087 = CARTESIAN_POINT ( 'NONE',  ( 22.11289234230415346, 23.13049917873945205, 17.50000000000000000 ) ) ;
#8088 = EDGE_CURVE ( 'NONE', #6064, #6343, #7185, .T. ) ;
#8089 = ORIENTED_EDGE ( 'NONE', *, *, #3044, .F. ) ;
#8090 = VECTOR ( 'NONE', #1985, 1000.000000000000000 ) ;
#8091 = ORIENTED_EDGE ( 'NONE', *, *, #3337, .T. ) ;
#8092 = ORIENTED_EDGE ( 'NONE', *, *, #4099, .F. ) ;
#8093 = DIRECTION ( 'NONE',  ( 1.000000000000000000, 0.000000000000000000, 0.000000000000000000 ) ) ;
#8094 = ORIENTED_EDGE ( 'NONE', *, *, #4415, .F. ) ;
#8095 = FACE_BOUND ( 'NONE', #1966, .T. ) ;
#8096 = EDGE_CURVE ( 'NONE', #2251, #2230, #6796, .T. ) ;
#8097 = CARTESIAN_POINT ( 'NONE',  ( 26.87354484763341489, -13.37208238541161265, 17.50000000000000000 ) ) ;
#8098 = DIRECTION ( 'NONE',  ( 1.000000000000000000, 0.000000000000000000, 0.000000000000000000 ) ) ;
#8099 = EDGE_CURVE ( 'NONE', #6510, #2183, #751, .T. ) ;
#8100 = CIRCLE ( 'NONE', #2191, 1.000000000000000888 ) ;
#8101 = LINE ( 'NONE', #5517, #275 ) ;
#8102 = CARTESIAN_POINT ( 'NONE',  ( 14.70055015408878951, -28.42347313695356092, -17.50000000000000000 ) ) ;
#8103 = VECTOR ( 'NONE', #5132, 1000.000000000000227 ) ;
#8104 = DIRECTION ( 'NONE',  ( 1.000000000000000000, 0.000000000000000000, 0.000000000000000000 ) ) ;
#8105 = ORIENTED_EDGE ( 'NONE', *, *, #305, .T. ) ;
#8106 = EDGE_CURVE ( 'NONE', #2660, #1849, #1538, .T. ) ;
#8107 = PRODUCT_DEFINITION_FORMATION_WITH_SPECIFIED_SOURCE ( 'ANY', '', #943, .NOT_KNOWN. ) ;
#8108 = CARTESIAN_POINT ( 'NONE',  ( -3.000000000000236700, -31.85906464414797767, -17.50000000000000000 ) ) ;
#8109 = VERTEX_POINT ( 'NONE', #6390 ) ;
#8110 = DIRECTION ( 'NONE',  ( -1.000000000000000000, 0.000000000000000000, 0.000000000000000000 ) ) ;
#8111 = DIRECTION ( 'NONE',  ( -1.000000000000000000, 0.000000000000000000, 0.000000000000000000 ) ) ;
#8112 = AXIS2_PLACEMENT_3D ( 'NONE', #3820, #1832, #6683 ) ;
#8113 = CIRCLE ( 'NONE', #3774, 1.000000000000000888 ) ;
#8114 = DIRECTION ( 'NONE',  ( 1.000000000000000000, 0.000000000000000000, 0.000000000000000000 ) ) ;
#8115 = CARTESIAN_POINT ( 'NONE',  ( 7.097256819928071891, -31.41374634251448228, -17.50000000000000000 ) ) ;
#8116 = ORIENTED_EDGE ( 'NONE', *, *, #4157, .F. ) ;
#8117 = EDGE_CURVE ( 'NONE', #4235, #5045, #4943, .T. ) ;
#8118 = ORIENTED_EDGE ( 'NONE', *, *, #7272, .T. ) ;
#8119 = ADVANCED_FACE ( 'NONE', ( #5822 ), #3345, .T. ) ;
#8120 = FACE_OUTER_BOUND ( 'NONE', #6557, .T. ) ;
#8121 = DIRECTION ( 'NONE',  ( 1.000000000000000000, 0.000000000000000000, 0.000000000000000000 ) ) ;
#8122 = CARTESIAN_POINT ( 'NONE',  ( -27.78317684298801638, 13.78749739841331845, -17.50000000000000000 ) ) ;
#8123 = FACE_OUTER_BOUND ( 'NONE', #1722, .T. ) ;
#8124 = AXIS2_PLACEMENT_3D ( 'NONE', #6532, #6066, #7197 ) ;
#8125 = DIRECTION ( 'NONE',  ( 0.5406408174555902280, -0.8412535328311858684, 0.000000000000000000 ) ) ;
#8126 = LINE ( 'NONE', #7512, #6966 ) ;
#8127 = DIRECTION ( 'NONE',  ( 0.000000000000000000, 0.000000000000000000, 1.000000000000000000 ) ) ;
#8128 = ADVANCED_FACE ( 'NONE', ( #1363 ), #5779, .T. ) ;
#8129 = VERTEX_POINT ( 'NONE', #7716 ) ;
#8130 = CARTESIAN_POINT ( 'NONE',  ( 24.73795827287288063, 18.78918360359493178, 17.50000000000000000 ) ) ;
#8131 = CARTESIAN_POINT ( 'NONE',  ( 0.000000000000000000, 0.000000000000000000, 40.00000000000000000 ) ) ;
#8132 = EDGE_CURVE ( 'NONE', #7399, #6077, #2046, .T. ) ;
#8133 = ORIENTED_EDGE ( 'NONE', *, *, #3513, .T. ) ;
#8134 = ORIENTED_EDGE ( 'NONE', *, *, #7080, .F. ) ;
#8135 = EDGE_LOOP ( 'NONE', ( #3137, #3914, #201, #1790 ) ) ;
#8136 = DIRECTION ( 'NONE',  ( 1.000000000000000000, 0.000000000000000000, 0.000000000000000000 ) ) ;
#8137 = ORIENTED_EDGE ( 'NONE', *, *, #7856, .T. ) ;
#8138 = CARTESIAN_POINT ( 'NONE',  ( 0.000000000000000000, 0.000000000000000000, -17.50000000000000000 ) ) ;
#8139 = DIRECTION ( 'NONE',  ( -0.000000000000000000, -0.000000000000000000, 1.000000000000000000 ) ) ;
#8140 = DIRECTION ( 'NONE',  ( -0.000000000000000000, -0.000000000000000000, 1.000000000000000000 ) ) ;
#8141 = DIRECTION ( 'NONE',  ( -0.9096319953545246584, -0.4154150130018727793, 0.000000000000000000 ) ) ;
#8142 = EDGE_CURVE ( 'NONE', #6037, #1463, #8100, .T. ) ;
#8143 = DIRECTION ( 'NONE',  ( -0.000000000000000000, -0.000000000000000000, 1.000000000000000000 ) ) ;
#8144 = CARTESIAN_POINT ( 'NONE',  ( 28.61400686899173351, -11.96823340770449562, -17.50000000000000000 ) ) ;
#8145 = VERTEX_POINT ( 'NONE', #2642 ) ;
#8146 = DIRECTION ( 'NONE',  ( 0.000000000000000000, 0.000000000000000000, -1.000000000000000000 ) ) ;
#8147 = ORIENTED_EDGE ( 'NONE', *, *, #5295, .T. ) ;
#8148 = DIRECTION ( 'NONE',  ( 0.000000000000000000, 0.000000000000000000, 1.000000000000000000 ) ) ;
ENDSEC;
END-ISO-10303-21;
