ISO-10303-21;
HEADER;
FILE_DESCRIPTION (( 'STEP AP214' ),
    '1' );
FILE_NAME ('PRT-16.STEP',
    '2025-07-15T13:04:29',
    ( '' ),
    ( '' ),
    'SwSTEP 2.0',
    'SolidWorks 2023',
    '' );
FILE_SCHEMA (( 'AUTOMOTIVE_DESIGN' ));
ENDSEC;

DATA;
#1 = ADVANCED_FACE ( 'NONE', ( #1544 ), #1557, .T. ) ;
#2 = AXIS2_PLACEMENT_3D ( 'NONE', #551, #1655, #717 ) ;
#3 = EDGE_LOOP ( 'NONE', ( #581, #969, #1437, #2086 ) ) ;
#4 = CARTESIAN_POINT ( 'NONE',  ( -15.00000000000000000, 22.50000000000000000, -59.99999999999998579 ) ) ;
#5 = ORIENTED_EDGE ( 'NONE', *, *, #1859, .F. ) ;
#6 = LINE ( 'NONE', #892, #2216 ) ;
#7 = CARTESIAN_POINT ( 'NONE',  ( -12.49999999999999822, 17.50000000000000000, -67.50000000000000000 ) ) ;
#8 = CIRCLE ( 'NONE', #800, 2.000000000000001776 ) ;
#9 = DIRECTION ( 'NONE',  ( 0.000000000000000000, 1.000000000000000000, 0.000000000000000000 ) ) ;
#10 = FACE_OUTER_BOUND ( 'NONE', #1927, .T. ) ;
#11 = ORIENTED_EDGE ( 'NONE', *, *, #427, .T. ) ;
#12 = EDGE_CURVE ( 'NONE', #1497, #2256, #2248, .T. ) ;
#13 = VECTOR ( 'NONE', #343, 1000.000000000000000 ) ;
#14 = CARTESIAN_POINT ( 'NONE',  ( -7.500000000000001776, 14.50000000000000178, -67.50000000000000000 ) ) ;
#15 = AXIS2_PLACEMENT_3D ( 'NONE', #1588, #1786, #2201 ) ;
#16 = ORIENTED_EDGE ( 'NONE', *, *, #1213, .T. ) ;
#17 = CARTESIAN_POINT ( 'NONE',  ( -20.49999999999999645, -22.50000000000000000, 67.50000000000000000 ) ) ;
#18 = AXIS2_PLACEMENT_3D ( 'NONE', #1868, #1111, #185 ) ;
#19 = VERTEX_POINT ( 'NONE', #550 ) ;
#20 = CARTESIAN_POINT ( 'NONE',  ( 9.500000000000005329, 22.50000000000000355, 57.50000000000000000 ) ) ;
#21 = DIRECTION ( 'NONE',  ( -0.000000000000000000, -0.000000000000000000, -1.000000000000000000 ) ) ;
#22 = EDGE_LOOP ( 'NONE', ( #1808, #2161, #670, #2231, #996, #380, #2084, #57 ) ) ;
#23 = EDGE_CURVE ( 'NONE', #1400, #479, #1584, .T. ) ;
#24 = FACE_OUTER_BOUND ( 'NONE', #1945, .T. ) ;
#25 = EDGE_CURVE ( 'NONE', #1137, #825, #2439, .T. ) ;
#26 = ORIENTED_EDGE ( 'NONE', *, *, #2276, .T. ) ;
#27 = DIRECTION ( 'NONE',  ( -1.000000000000000000, -0.000000000000000000, -0.000000000000000000 ) ) ;
#28 = EDGE_CURVE ( 'NONE', #2092, #2200, #2105, .T. ) ;
#29 = DIRECTION ( 'NONE',  ( 1.734723475976806848E-16, -1.000000000000000000, -0.000000000000000000 ) ) ;
#30 = CARTESIAN_POINT ( 'NONE',  ( -21.67157287525381193, 22.50000000000000355, 57.50000000000000711 ) ) ;
#31 = AXIS2_PLACEMENT_3D ( 'NONE', #222, #47, #1148 ) ;
#32 = ORIENTED_EDGE ( 'NONE', *, *, #1017, .F. ) ;
#33 = EDGE_CURVE ( 'NONE', #1523, #67, #1032, .T. ) ;
#34 = EDGE_LOOP ( 'NONE', ( #1096, #1237, #2377, #1331 ) ) ;
#35 = ADVANCED_FACE ( 'NONE', ( #230 ), #1918, .F. ) ;
#36 = CARTESIAN_POINT ( 'NONE',  ( 0.000000000000000000, -14.49999999999999822, -65.50000000000000000 ) ) ;
#37 = DIRECTION ( 'NONE',  ( -0.000000000000000000, 1.000000000000000000, -0.000000000000000000 ) ) ;
#38 = VERTEX_POINT ( 'NONE', #162 ) ;
#39 = DIRECTION ( 'NONE',  ( 0.000000000000000000, 0.000000000000000000, -1.000000000000000000 ) ) ;
#40 = PRODUCT_DEFINITION_FORMATION_WITH_SPECIFIED_SOURCE ( 'ANY', '', #1811, .NOT_KNOWN. ) ;
#41 = DIRECTION ( 'NONE',  ( 1.000000000000000000, 0.000000000000000000, 0.000000000000000000 ) ) ;
#42 = DIRECTION ( 'NONE',  ( -0.000000000000000000, -0.000000000000000000, -1.000000000000000000 ) ) ;
#43 = ORIENTED_EDGE ( 'NONE', *, *, #504, .T. ) ;
#44 = EDGE_LOOP ( 'NONE', ( #2017, #81 ) ) ;
#45 = CIRCLE ( 'NONE', #1426, 1.499999999999997780 ) ;
#46 = DIRECTION ( 'NONE',  ( -1.000000000000000000, 0.000000000000000000, 0.000000000000000000 ) ) ;
#47 = DIRECTION ( 'NONE',  ( 0.000000000000000000, -0.000000000000000000, 1.000000000000000000 ) ) ;
#48 = AXIS2_PLACEMENT_3D ( 'NONE', #894, #1441, #2390 ) ;
#49 = ORIENTED_EDGE ( 'NONE', *, *, #377, .F. ) ;
#50 = CYLINDRICAL_SURFACE ( 'NONE', #895, 2.000000000000001776 ) ;
#51 = VECTOR ( 'NONE', #1956, 1000.000000000000000 ) ;
#52 = ADVANCED_FACE ( 'NONE', ( #981 ), #744, .T. ) ;
#53 = EDGE_CURVE ( 'NONE', #1400, #2221, #1654, .T. ) ;
#54 = DIRECTION ( 'NONE',  ( 1.000000000000000000, 0.000000000000000000, -0.000000000000000000 ) ) ;
#55 = AXIS2_PLACEMENT_3D ( 'NONE', #1465, #2268, #2036 ) ;
#56 = CYLINDRICAL_SURFACE ( 'NONE', #830, 2.499999999999995115 ) ;
#57 = ORIENTED_EDGE ( 'NONE', *, *, #619, .F. ) ;
#58 = EDGE_LOOP ( 'NONE', ( #2103, #870, #1874, #2447 ) ) ;
#59 = CARTESIAN_POINT ( 'NONE',  ( -12.49999999999999822, 17.50000000000000000, -58.70000000000000284 ) ) ;
#60 = DIRECTION ( 'NONE',  ( 0.000000000000000000, 0.000000000000000000, -1.000000000000000000 ) ) ;
#61 = ADVANCED_FACE ( 'NONE', ( #1169 ), #1823, .F. ) ;
#62 = ORIENTED_EDGE ( 'NONE', *, *, #2197, .T. ) ;
#63 = ADVANCED_FACE ( 'NONE', ( #1725 ), #2061, .T. ) ;
#64 = CARTESIAN_POINT ( 'NONE',  ( 12.50000000000000178, 17.50000000000000000, -58.70000000000000284 ) ) ;
#65 = VERTEX_POINT ( 'NONE', #1100 ) ;
#66 = CARTESIAN_POINT ( 'NONE',  ( -9.500000000000005329, 22.50000000000000355, 57.50000000000000000 ) ) ;
#67 = VERTEX_POINT ( 'NONE', #2302 ) ;
#68 = VECTOR ( 'NONE', #1921, 1000.000000000000000 ) ;
#69 = AXIS2_PLACEMENT_3D ( 'NONE', #2041, #2424, #546 ) ;
#70 = ORIENTED_EDGE ( 'NONE', *, *, #520, .F. ) ;
#71 = CARTESIAN_POINT ( 'NONE',  ( -7.500000000000000000, 22.50000000000000355, 67.50000000000000000 ) ) ;
#72 = LINE ( 'NONE', #1170, #1889 ) ;
#73 = VERTEX_POINT ( 'NONE', #1473 ) ;
#74 = DIRECTION ( 'NONE',  ( 0.000000000000000000, 0.000000000000000000, -1.000000000000000000 ) ) ;
#75 = VERTEX_POINT ( 'NONE', #605 ) ;
#76 = AXIS2_PLACEMENT_3D ( 'NONE', #1392, #799, #1573 ) ;
#77 = VECTOR ( 'NONE', #2443, 1000.000000000000000 ) ;
#78 = EDGE_CURVE ( 'NONE', #396, #1879, #1116, .T. ) ;
#79 = AXIS2_PLACEMENT_3D ( 'NONE', #1682, #1474, #1670 ) ;
#80 = CYLINDRICAL_SURFACE ( 'NONE', #2179, 1.499999999999999556 ) ;
#81 = ORIENTED_EDGE ( 'NONE', *, *, #1594, .F. ) ;
#82 = LINE ( 'NONE', #278, #1471 ) ;
#83 = VERTEX_POINT ( 'NONE', #1681 ) ;
#84 = CARTESIAN_POINT ( 'NONE',  ( 12.50000000000000178, -17.50000000000000000, 67.50000000000000000 ) ) ;
#85 = CARTESIAN_POINT ( 'NONE',  ( 7.499999999999998224, 12.50000000000000178, -65.50000000000000000 ) ) ;
#86 = LINE ( 'NONE', #283, #188 ) ;
#87 = ORIENTED_EDGE ( 'NONE', *, *, #2141, .T. ) ;
#88 = VECTOR ( 'NONE', #2175, 1000.000000000000000 ) ;
#89 = CARTESIAN_POINT ( 'NONE',  ( 12.50000000000000178, -17.50000000000000000, 67.50000000000000000 ) ) ;
#90 = ORIENTED_EDGE ( 'NONE', *, *, #2042, .F. ) ;
#91 = ADVANCED_FACE ( 'NONE', ( #2427 ), #2118, .T. ) ;
#92 = DIRECTION ( 'NONE',  ( 1.000000000000000000, 0.000000000000000000, 0.000000000000000000 ) ) ;
#93 = EDGE_LOOP ( 'NONE', ( #1839, #271, #2301, #1938 ) ) ;
#94 = DIRECTION ( 'NONE',  ( 1.000000000000000000, 0.000000000000000000, 0.000000000000000000 ) ) ;
#95 = CARTESIAN_POINT ( 'NONE',  ( 15.00000000000001421, 22.50000000000000000, 60.00000000000000000 ) ) ;
#96 = FACE_OUTER_BOUND ( 'NONE', #454, .T. ) ;
#97 = VERTEX_POINT ( 'NONE', #804 ) ;
#98 = CARTESIAN_POINT ( 'NONE',  ( -22.50000000000000000, 32.50000000000000000, 67.50000000000000000 ) ) ;
#99 = VERTEX_POINT ( 'NONE', #363 ) ;
#100 = EDGE_CURVE ( 'NONE', #178, #1885, #1905, .T. ) ;
#101 = LINE ( 'NONE', #1239, #1357 ) ;
#102 = FACE_OUTER_BOUND ( 'NONE', #1129, .T. ) ;
#103 = DIRECTION ( 'NONE',  ( -0.000000000000000000, -0.000000000000000000, 1.000000000000000000 ) ) ;
#104 = CIRCLE ( 'NONE', #2167, 2.000000000000001776 ) ;
#105 = CARTESIAN_POINT ( 'NONE',  ( -14.99999999999998401, 32.50000000000000000, 62.50000000000000000 ) ) ;
#106 = DIRECTION ( 'NONE',  ( -1.000000000000000000, 0.000000000000000000, 0.000000000000000000 ) ) ;
#107 = CARTESIAN_POINT ( 'NONE',  ( -12.49999999999999822, 17.50000000000000000, -67.50000000000000000 ) ) ;
#108 = ORIENTED_EDGE ( 'NONE', *, *, #1953, .T. ) ;
#109 = EDGE_CURVE ( 'NONE', #1214, #396, #443, .T. ) ;
#110 = CONICAL_SURFACE ( 'NONE', #592, 2.500000000000002220, 1.029744258676653867 ) ;
#111 = CARTESIAN_POINT ( 'NONE',  ( -12.50000000000000000, 17.50000000000000000, 57.79870907145865999 ) ) ;
#112 = EDGE_LOOP ( 'NONE', ( #32, #2365 ) ) ;
#113 = ORIENTED_EDGE ( 'NONE', *, *, #578, .F. ) ;
#114 = AXIS2_PLACEMENT_3D ( 'NONE', #1560, #600, #1912 ) ;
#115 = DIRECTION ( 'NONE',  ( 1.000000000000000000, 0.000000000000000000, 0.000000000000000000 ) ) ;
#116 = VECTOR ( 'NONE', #1278, 1000.000000000000000 ) ;
#117 = DIRECTION ( 'NONE',  ( 0.000000000000000000, -1.000000000000000000, 0.000000000000000000 ) ) ;
#118 = DIRECTION ( 'NONE',  ( 1.734723475976806848E-16, -1.000000000000000000, 0.000000000000000000 ) ) ;
#119 = DIRECTION ( 'NONE',  ( 0.000000000000000000, 0.000000000000000000, 1.000000000000000000 ) ) ;
#120 = CARTESIAN_POINT ( 'NONE',  ( 9.499999999999998224, 14.50000000000000178, -67.50000000000000000 ) ) ;
#121 = CARTESIAN_POINT ( 'NONE',  ( 22.49999999999999645, 32.50000000000000000, -57.50000000000000000 ) ) ;
#122 = ORIENTED_EDGE ( 'NONE', *, *, #377, .T. ) ;
#123 = VECTOR ( 'NONE', #1093, 1000.000000000000000 ) ;
#124 = DIRECTION ( 'NONE',  ( -0.000000000000000000, -0.000000000000000000, -1.000000000000000000 ) ) ;
#125 = EDGE_CURVE ( 'NONE', #1690, #970, #8, .T. ) ;
#126 = EDGE_LOOP ( 'NONE', ( #1867, #462, #324 ) ) ;
#127 = EDGE_CURVE ( 'NONE', #2082, #1911, #1798, .T. ) ;
#128 = CARTESIAN_POINT ( 'NONE',  ( 7.500000000000003553, 22.50000000000000355, 67.50000000000000000 ) ) ;
#129 = CARTESIAN_POINT ( 'NONE',  ( -20.49999999999999645, -22.50000000000000000, 59.50000000000000711 ) ) ;
#130 = DIRECTION ( 'NONE',  ( -1.000000000000000000, 0.000000000000000000, 0.000000000000000000 ) ) ;
#131 = EDGE_LOOP ( 'NONE', ( #2154, #366, #813, #1411, #1680, #1595, #2290, #378 ) ) ;
#132 = CARTESIAN_POINT ( 'NONE',  ( 20.49999999999999645, 22.50000000000000355, -57.50000000000000000 ) ) ;
#133 = DIRECTION ( 'NONE',  ( 0.000000000000000000, 0.000000000000000000, -1.000000000000000000 ) ) ;
#134 = EDGE_CURVE ( 'NONE', #615, #420, #1046, .T. ) ;
#135 = ORIENTED_EDGE ( 'NONE', *, *, #2330, .T. ) ;
#136 = EDGE_CURVE ( 'NONE', #2344, #1472, #1577, .T. ) ;
#137 = FACE_OUTER_BOUND ( 'NONE', #2401, .T. ) ;
#138 = VERTEX_POINT ( 'NONE', #71 ) ;
#139 = CARTESIAN_POINT ( 'NONE',  ( -12.49999999999999822, 17.50000000000000000, 67.50000000000000000 ) ) ;
#140 = CARTESIAN_POINT ( 'NONE',  ( 11.00000000000000533, -17.50000000000000000, 58.70000000000000284 ) ) ;
#141 = PLANE ( 'NONE',  #325 ) ;
#142 = CARTESIAN_POINT ( 'NONE',  ( -7.500000000000001776, 32.50000000000000000, 59.50000000000000711 ) ) ;
#143 = VERTEX_POINT ( 'NONE', #2349 ) ;
#144 = CARTESIAN_POINT ( 'NONE',  ( 11.00000000000000355, -17.50000000000000000, -67.50000000000000000 ) ) ;
#145 = AXIS2_PLACEMENT_3D ( 'NONE', #1779, #2351, #888 ) ;
#146 = ORIENTED_EDGE ( 'NONE', *, *, #1520, .F. ) ;
#147 = AXIS2_PLACEMENT_3D ( 'NONE', #1384, #627, #1363 ) ;
#148 = CARTESIAN_POINT ( 'NONE',  ( 22.50000000000000000, 21.67157287525381193, 58.32842712474619873 ) ) ;
#149 = FACE_OUTER_BOUND ( 'NONE', #1103, .T. ) ;
#150 = ORIENTED_EDGE ( 'NONE', *, *, #648, .F. ) ;
#151 = ADVANCED_FACE ( 'NONE', ( #2336 ), #637, .F. ) ;
#152 = CARTESIAN_POINT ( 'NONE',  ( 7.500000000000000000, 32.50000000000000000, -67.50000000000000000 ) ) ;
#153 = PLANE ( 'NONE',  #1158 ) ;
#154 = CARTESIAN_POINT ( 'NONE',  ( 20.49999999999999645, 32.50000000000000000, 57.50000000000000000 ) ) ;
#155 = DIRECTION ( 'NONE',  ( -0.000000000000000000, 1.000000000000000000, -0.000000000000000000 ) ) ;
#156 = ORIENTED_EDGE ( 'NONE', *, *, #1222, .F. ) ;
#157 = EDGE_CURVE ( 'NONE', #2142, #2388, #2304, .T. ) ;
#158 = LINE ( 'NONE', #386, #376 ) ;
#159 = EDGE_CURVE ( 'NONE', #199, #781, #254, .T. ) ;
#161 = ORIENTED_EDGE ( 'NONE', *, *, #1409, .T. ) ;
#160 = CIRCLE ( 'NONE', #2064, 2.000000000000001776 ) ;
#162 = CARTESIAN_POINT ( 'NONE',  ( 22.50000000000000000, 20.50000000000000355, -59.50000000000000000 ) ) ;
#163 = CARTESIAN_POINT ( 'NONE',  ( -13.99999999999999822, -17.50000000000000000, -67.50000000000000000 ) ) ;
#164 = ORIENTED_EDGE ( 'NONE', *, *, #1163, .F. ) ;
#165 = ADVANCED_FACE ( 'NONE', ( #102 ), #1601, .F. ) ;
#166 = CARTESIAN_POINT ( 'NONE',  ( 7.499999999999998224, 12.50000000000000178, 67.50000000000000000 ) ) ;
#167 = CARTESIAN_POINT ( 'NONE',  ( 7.499999999999998224, 12.50000000000000178, 67.50000000000000000 ) ) ;
#168 = ADVANCED_FACE ( 'NONE', ( #1217 ), #458, .F. ) ;
#169 = CARTESIAN_POINT ( 'NONE',  ( 15.00000000000001421, 32.50000000000000000, 59.99999999999999289 ) ) ;
#170 = CYLINDRICAL_SURFACE ( 'NONE', #868, 1.499999999999999556 ) ;
#171 = VERTEX_POINT ( 'NONE', #2139 ) ;
#172 = VECTOR ( 'NONE', #511, 1000.000000000000000 ) ;
#173 = PRESENTATION_STYLE_ASSIGNMENT (( #334 ) ) ;
#174 = VECTOR ( 'NONE', #1698, 1000.000000000000000 ) ;
#175 = ORIENTED_EDGE ( 'NONE', *, *, #1284, .T. ) ;
#176 = DIRECTION ( 'NONE',  ( -0.000000000000000000, -0.000000000000000000, -1.000000000000000000 ) ) ;
#177 = CARTESIAN_POINT ( 'NONE',  ( 15.00000000000001421, 22.50000000000000000, 60.00000000000000000 ) ) ;
#178 = VERTEX_POINT ( 'NONE', #480 ) ;
#179 = LINE ( 'NONE', #1659, #1037 ) ;
#180 = CARTESIAN_POINT ( 'NONE',  ( 14.00000000000000178, -17.50000000000000000, 67.50000000000000000 ) ) ;
#181 = EDGE_CURVE ( 'NONE', #1039, #220, #45, .T. ) ;
#182 = DIRECTION ( 'NONE',  ( 0.000000000000000000, 0.000000000000000000, 1.000000000000000000 ) ) ;
#183 = LINE ( 'NONE', #1481, #2217 ) ;
#184 = ORIENTED_EDGE ( 'NONE', *, *, #1922, .T. ) ;
#185 = DIRECTION ( 'NONE',  ( 0.000000000000000000, 0.000000000000000000, 1.000000000000000000 ) ) ;
#186 = ORIENTED_EDGE ( 'NONE', *, *, #243, .F. ) ;
#187 = DIRECTION ( 'NONE',  ( 0.8571673007021118895, 1.049727191138618079E-16, -0.5150380749100549327 ) ) ;
#188 = VECTOR ( 'NONE', #1073, 1000.000000000000000 ) ;
#189 = EDGE_LOOP ( 'NONE', ( #240, #1327, #925 ) ) ;
#190 = DIRECTION ( 'NONE',  ( -0.000000000000000000, -0.000000000000000000, 1.000000000000000000 ) ) ;
#191 = PLANE ( 'NONE',  #639 ) ;
#192 = CARTESIAN_POINT ( 'NONE',  ( -7.499999999999998224, -12.49999999999999822, 67.50000000000000000 ) ) ;
#193 = ORIENTED_EDGE ( 'NONE', *, *, #1984, .F. ) ;
#194 = AXIS2_PLACEMENT_3D ( 'NONE', #2218, #1988, #305 ) ;
#195 = CIRCLE ( 'NONE', #1769, 1.499999999999999556 ) ;
#196 = LINE ( 'NONE', #2246, #1360 ) ;
#197 = AXIS2_PLACEMENT_3D ( 'NONE', #2136, #1714, #1154 ) ;
#198 = VECTOR ( 'NONE', #2038, 1000.000000000000000 ) ;
#199 = VERTEX_POINT ( 'NONE', #1005 ) ;
#200 = CARTESIAN_POINT ( 'NONE',  ( -9.499999999999998224, -14.49999999999999822, -67.50000000000000000 ) ) ;
#201 = ORIENTED_EDGE ( 'NONE', *, *, #2249, .T. ) ;
#202 = CARTESIAN_POINT ( 'NONE',  ( 11.00000000000000533, -17.50000000000000000, 58.70000000000000284 ) ) ;
#203 = ADVANCED_FACE ( 'NONE', ( #1019 ), #626, .F. ) ;
#204 = DIRECTION ( 'NONE',  ( 0.000000000000000000, 0.000000000000000000, 1.000000000000000000 ) ) ;
#205 = EDGE_CURVE ( 'NONE', #143, #2013, #987, .T. ) ;
#206 = ORIENTED_EDGE ( 'NONE', *, *, #884, .T. ) ;
#207 = AXIS2_PLACEMENT_3D ( 'NONE', #317, #1662, #885 ) ;
#208 = DIRECTION ( 'NONE',  ( -0.000000000000000000, 1.000000000000000000, -0.000000000000000000 ) ) ;
#209 = AXIS2_PLACEMENT_3D ( 'NONE', #2162, #1016, #115 ) ;
#210 = ORIENTED_EDGE ( 'NONE', *, *, #349, .F. ) ;
#211 = EDGE_CURVE ( 'NONE', #1842, #625, #1188, .T. ) ;
#212 = CARTESIAN_POINT ( 'NONE',  ( 15.00000000000000000, 32.50000000000000000, -60.00000000000000000 ) ) ;
#213 = CIRCLE ( 'NONE', #1592, 1.499999999999999556 ) ;
#214 = EDGE_CURVE ( 'NONE', #802, #1472, #956, .T. ) ;
#215 = VERTEX_POINT ( 'NONE', #1417 ) ;
#216 = DIRECTION ( 'NONE',  ( -0.000000000000000000, -0.000000000000000000, -1.000000000000000000 ) ) ;
#217 = CARTESIAN_POINT ( 'NONE',  ( -12.49999999999999822, -17.50000000000000000, -67.50000000000000000 ) ) ;
#218 = ORIENTED_EDGE ( 'NONE', *, *, #1518, .T. ) ;
#219 = ORIENTED_EDGE ( 'NONE', *, *, #252, .T. ) ;
#220 = VERTEX_POINT ( 'NONE', #1179 ) ;
#221 = DIRECTION ( 'NONE',  ( 1.000000000000000000, 0.000000000000000000, 0.000000000000000000 ) ) ;
#222 = CARTESIAN_POINT ( 'NONE',  ( -20.49999999999999645, -20.49999999999999645, 67.50000000000000000 ) ) ;
#223 = VERTEX_POINT ( 'NONE', #993 ) ;
#224 = CARTESIAN_POINT ( 'NONE',  ( 11.00000000000000533, 17.50000000000000000, 58.70000000000000284 ) ) ;
#225 = LINE ( 'NONE', #1901, #1898 ) ;
#226 = DIRECTION ( 'NONE',  ( -1.000000000000000000, 0.000000000000000000, 0.000000000000000000 ) ) ;
#227 = CIRCLE ( 'NONE', #1605, 1.499999999999997780 ) ;
#228 = ORIENTED_EDGE ( 'NONE', *, *, #1508, .F. ) ;
#229 = ORIENTED_EDGE ( 'NONE', *, *, #23, .T. ) ;
#230 = FACE_OUTER_BOUND ( 'NONE', #131, .T. ) ;
#231 = DIRECTION ( 'NONE',  ( 0.000000000000000000, -1.000000000000000000, -0.000000000000000000 ) ) ;
#232 = ADVANCED_FACE ( 'NONE', ( #1751 ), #2378, .F. ) ;
#233 = EDGE_CURVE ( 'NONE', #2138, #215, #262, .T. ) ;
#234 = ORIENTED_EDGE ( 'NONE', *, *, #397, .T. ) ;
#235 = CARTESIAN_POINT ( 'NONE',  ( 12.50000000000000178, 17.50000000000000000, 58.70000000000000284 ) ) ;
#236 = CIRCLE ( 'NONE', #1611, 2.000000000000001776 ) ;
#237 = CARTESIAN_POINT ( 'NONE',  ( 11.00000000000000355, 17.50000000000000000, 67.50000000000000000 ) ) ;
#238 = DIRECTION ( 'NONE',  ( 0.000000000000000000, 0.000000000000000000, 1.000000000000000000 ) ) ;
#239 = CIRCLE ( 'NONE', #561, 2.499999999999995115 ) ;
#240 = ORIENTED_EDGE ( 'NONE', *, *, #1797, .F. ) ;
#241 = EDGE_CURVE ( 'NONE', #540, #625, #2321, .T. ) ;
#242 = VECTOR ( 'NONE', #793, 1000.000000000000000 ) ;
#243 = EDGE_CURVE ( 'NONE', #1607, #220, #358, .T. ) ;
#244 = DIRECTION ( 'NONE',  ( -0.000000000000000000, 1.000000000000000000, -0.000000000000000000 ) ) ;
#245 = DIRECTION ( 'NONE',  ( 0.000000000000000000, -1.000000000000000000, 0.000000000000000000 ) ) ;
#246 = CIRCLE ( 'NONE', #1906, 1.499999999999997780 ) ;
#247 = ORIENTED_EDGE ( 'NONE', *, *, #1483, .T. ) ;
#248 = CYLINDRICAL_SURFACE ( 'NONE', #1887, 2.500000000000002220 ) ;
#249 = CARTESIAN_POINT ( 'NONE',  ( -12.49999999999999822, -17.50000000000000000, -67.50000000000000000 ) ) ;
#250 = CARTESIAN_POINT ( 'NONE',  ( 12.50000000000000178, -17.50000000000000000, -67.50000000000000000 ) ) ;
#251 = ORIENTED_EDGE ( 'NONE', *, *, #678, .F. ) ;
#252 = EDGE_CURVE ( 'NONE', #787, #223, #246, .T. ) ;
#253 = ORIENTED_EDGE ( 'NONE', *, *, #125, .T. ) ;
#254 = LINE ( 'NONE', #652, #1264 ) ;
#255 = DIRECTION ( 'NONE',  ( 0.000000000000000000, 0.000000000000000000, 1.000000000000000000 ) ) ;
#256 = ORIENTED_EDGE ( 'NONE', *, *, #1314, .F. ) ;
#257 = DIRECTION ( 'NONE',  ( -0.000000000000000000, -0.000000000000000000, -1.000000000000000000 ) ) ;
#258 = VERTEX_POINT ( 'NONE', #1851 ) ;
#259 = DIRECTION ( 'NONE',  ( 0.000000000000000000, 0.000000000000000000, -1.000000000000000000 ) ) ;
#260 = ADVANCED_FACE ( 'NONE', ( #2190 ), #2382, .F. ) ;
#261 = ORIENTED_EDGE ( 'NONE', *, *, #233, .F. ) ;
#262 =( BOUNDED_CURVE ( )  B_SPLINE_CURVE ( 3, ( #1193, #1947, #1277, #1261 ),
 .UNSPECIFIED., .F., .F. ) 
 B_SPLINE_CURVE_WITH_KNOTS ( ( 4, 4 ),
 ( 3.141592653589793116, 4.712388980384692339 ),
 .UNSPECIFIED. ) 
 CURVE ( )  GEOMETRIC_REPRESENTATION_ITEM ( )  RATIONAL_B_SPLINE_CURVE ( ( 1.000000000000000000, 0.8047378541243643824, 0.8047378541243643824, 1.000000000000000000 ) ) 
 REPRESENTATION_ITEM ( '' )  );
#263 = AXIS2_PLACEMENT_3D ( 'NONE', #1353, #1742, #74 ) ;
#264 = CARTESIAN_POINT ( 'NONE',  ( 22.50000000000000000, 32.50000000000000000, -67.50000000000000000 ) ) ;
#265 = CONICAL_SURFACE ( 'NONE', #549, 1.499999999999997780, 1.029744258676653645 ) ;
#266 = EDGE_LOOP ( 'NONE', ( #1023, #1077, #49, #1722 ) ) ;
#267 = DIRECTION ( 'NONE',  ( -0.000000000000000000, 1.000000000000000000, -0.000000000000000000 ) ) ;
#268 = CARTESIAN_POINT ( 'NONE',  ( 22.50000000000000000, 22.50000000000000355, 67.50000000000000000 ) ) ;
#269 = VERTEX_POINT ( 'NONE', #873 ) ;
#270 = LINE ( 'NONE', #1593, #2166 ) ;
#271 = ORIENTED_EDGE ( 'NONE', *, *, #1964, .T. ) ;
#272 = EDGE_CURVE ( 'NONE', #2104, #2176, #543, .T. ) ;
#273 = VECTOR ( 'NONE', #2180, 1000.000000000000000 ) ;
#274 = VECTOR ( 'NONE', #1368, 1000.000000000000000 ) ;
#275 = VECTOR ( 'NONE', #2081, 1000.000000000000000 ) ;
#276 = FACE_OUTER_BOUND ( 'NONE', #1335, .T. ) ;
#277 = ORIENTED_EDGE ( 'NONE', *, *, #1882, .F. ) ;
#278 = CARTESIAN_POINT ( 'NONE',  ( 22.50000000000000000, 20.50000000000000355, 67.50000000000000000 ) ) ;
#279 = EDGE_LOOP ( 'NONE', ( #1563, #1457, #2422, #778 ) ) ;
#280 = DIRECTION ( 'NONE',  ( 1.734723475976806848E-16, 0.000000000000000000, 1.000000000000000000 ) ) ;
#281 = LINE ( 'NONE', #1418, #659 ) ;
#282 = VECTOR ( 'NONE', #1843, 1000.000000000000000 ) ;
#283 = CARTESIAN_POINT ( 'NONE',  ( -22.49999999999999645, 32.50000000000000000, 57.50000000000000000 ) ) ;
#284 = ORIENTED_EDGE ( 'NONE', *, *, #1485, .T. ) ;
#285 = ADVANCED_FACE ( 'NONE', ( #2052 ), #141, .F. ) ;
#286 = PRODUCT_RELATED_PRODUCT_CATEGORY ( 'part', '', ( #1811 ) ) ;
#287 = CARTESIAN_POINT ( 'NONE',  ( 7.500000000000002665, -12.49999999999999822, -65.50000000000000000 ) ) ;
#288 = ORIENTED_EDGE ( 'NONE', *, *, #1314, .T. ) ;
#289 = CIRCLE ( 'NONE', #922, 2.500000000000002220 ) ;
#290 = DIRECTION ( 'NONE',  ( 0.000000000000000000, -0.000000000000000000, 1.000000000000000000 ) ) ;
#291 = DIRECTION ( 'NONE',  ( 1.000000000000000000, 0.000000000000000000, 0.000000000000000000 ) ) ;
#292 = CARTESIAN_POINT ( 'NONE',  ( -15.00000000000000000, 32.50000000000000000, -64.99999999999998579 ) ) ;
#293 = ADVANCED_FACE ( 'NONE', ( #2229 ), #2420, .T. ) ;
#294 = CARTESIAN_POINT ( 'NONE',  ( -22.50000000000000000, 32.50000000000000000, 67.50000000000000000 ) ) ;
#295 = LINE ( 'NONE', #1219, #939 ) ;
#296 = DIRECTION ( 'NONE',  ( -0.000000000000000000, -0.000000000000000000, 1.000000000000000000 ) ) ;
#297 = ORIENTED_EDGE ( 'NONE', *, *, #524, .F. ) ;
#298 = CARTESIAN_POINT ( 'NONE',  ( 15.00000000000000000, 22.50000000000000000, -62.49999999999999289 ) ) ;
#299 = ORIENTED_EDGE ( 'NONE', *, *, #2261, .F. ) ;
#300 = VERTEX_POINT ( 'NONE', #1998 ) ;
#301 = DIRECTION ( 'NONE',  ( 0.000000000000000000, -1.000000000000000000, 0.000000000000000000 ) ) ;
#302 = DIRECTION ( 'NONE',  ( -1.000000000000000000, 0.000000000000000000, 0.000000000000000000 ) ) ;
#303 = AXIS2_PLACEMENT_3D ( 'NONE', #1268, #654, #133 ) ;
#304 = DIRECTION ( 'NONE',  ( -0.8571673007021118895, 0.000000000000000000, -0.5150380749100549327 ) ) ;
#305 = DIRECTION ( 'NONE',  ( -1.734723475976806848E-16, 0.000000000000000000, -1.000000000000000000 ) ) ;
#306 = EDGE_CURVE ( 'NONE', #625, #1842, #763, .T. ) ;
#307 = CARTESIAN_POINT ( 'NONE',  ( -13.99999999999999822, -17.50000000000000000, 67.50000000000000000 ) ) ;
#308 = CARTESIAN_POINT ( 'NONE',  ( -11.00000000000000178, 17.50000000000000000, -58.70000000000000284 ) ) ;
#309 = ADVANCED_FACE ( 'NONE', ( #725 ), #2243, .T. ) ;
#310 = ORIENTED_EDGE ( 'NONE', *, *, #2185, .F. ) ;
#311 = CARTESIAN_POINT ( 'NONE',  ( 12.50000000000000178, -17.50000000000000000, 58.70000000000000284 ) ) ;
#312 = EDGE_LOOP ( 'NONE', ( #484, #1176, #2284, #2187 ) ) ;
#313 = AXIS2_PLACEMENT_3D ( 'NONE', #1712, #989, #2287 ) ;
#314 = DIRECTION ( 'NONE',  ( 1.000000000000000000, 0.000000000000000000, 0.000000000000000000 ) ) ;
#315 = VECTOR ( 'NONE', #1487, 1000.000000000000000 ) ;
#316 = EDGE_CURVE ( 'NONE', #1539, #1214, #1455, .T. ) ;
#317 = CARTESIAN_POINT ( 'NONE',  ( -12.49999999999999822, -17.50000000000000000, 67.50000000000000000 ) ) ;
#318 = DIRECTION ( 'NONE',  ( 0.000000000000000000, 0.000000000000000000, 1.000000000000000000 ) ) ;
#319 = ORIENTED_EDGE ( 'NONE', *, *, #316, .T. ) ;
#320 = ADVANCED_FACE ( 'NONE', ( #688 ), #2433, .T. ) ;
#321 = PRODUCT_CONTEXT ( 'NONE', #791, 'mechanical' ) ;
#322 = CARTESIAN_POINT ( 'NONE',  ( -22.50000000000000000, 32.50000000000000000, 67.50000000000000000 ) ) ;
#323 = VECTOR ( 'NONE', #2358, 1000.000000000000000 ) ;
#324 = ORIENTED_EDGE ( 'NONE', *, *, #1320, .T. ) ;
#325 = AXIS2_PLACEMENT_3D ( 'NONE', #1646, #2405, #1623 ) ;
#326 = CARTESIAN_POINT ( 'NONE',  ( -22.50000000000000000, -20.49999999999999645, -67.50000000000000000 ) ) ;
#327 = ORIENTED_EDGE ( 'NONE', *, *, #586, .T. ) ;
#328 = AXIS2_PLACEMENT_3D ( 'NONE', #139, #920, #735 ) ;
#329 = CARTESIAN_POINT ( 'NONE',  ( -12.50000000000000000, -17.50000000000000000, -57.79870907145865999 ) ) ;
#330 = CIRCLE ( 'NONE', #1713, 1.499999999999999556 ) ;
#331 = CARTESIAN_POINT ( 'NONE',  ( 12.50000000000000178, 17.50000000000000000, -58.70000000000000284 ) ) ;
#332 = DIRECTION ( 'NONE',  ( 1.000000000000000000, 0.000000000000000000, 0.000000000000000000 ) ) ;
#333 = EDGE_LOOP ( 'NONE', ( #2100, #499, #992, #734, #11, #1728 ) ) ;
#334 = SURFACE_STYLE_USAGE ( .BOTH. , #1666 ) ;
#335 = ORIENTED_EDGE ( 'NONE', *, *, #2347, .T. ) ;
#336 = CARTESIAN_POINT ( 'NONE',  ( 21.67157287525381193, 22.50000000000000355, 57.50000000000000711 ) ) ;
#337 = EDGE_CURVE ( 'NONE', #1587, #83, #1812, .T. ) ;
#338 = CARTESIAN_POINT ( 'NONE',  ( -7.500000000000000000, 32.50000000000000000, -67.50000000000000000 ) ) ;
#339 = VERTEX_POINT ( 'NONE', #1080 ) ;
#340 = ADVANCED_FACE ( 'NONE', ( #910 ), #1249, .F. ) ;
#341 = DIRECTION ( 'NONE',  ( -0.000000000000000000, 1.000000000000000000, -0.000000000000000000 ) ) ;
#342 = DIRECTION ( 'NONE',  ( -0.000000000000000000, 1.000000000000000000, -0.000000000000000000 ) ) ;
#343 = DIRECTION ( 'NONE',  ( 1.000000000000000000, -0.000000000000000000, -0.000000000000000000 ) ) ;
#344 = CARTESIAN_POINT ( 'NONE',  ( -13.99999999999999645, -17.50000000000000000, 58.70000000000000284 ) ) ;
#345 = ORIENTED_EDGE ( 'NONE', *, *, #1556, .T. ) ;
#346 = CYLINDRICAL_SURFACE ( 'NONE', #1177, 1.499999999999999556 ) ;
#347 = ORIENTED_EDGE ( 'NONE', *, *, #2174, .F. ) ;
#348 = CONICAL_SURFACE ( 'NONE', #1412, 2.500000000000002220, 1.029744258676653645 ) ;
#349 = EDGE_CURVE ( 'NONE', #2138, #1581, #1634, .T. ) ;
#350 = CARTESIAN_POINT ( 'NONE',  ( 9.500000000000001776, 32.50000000000000000, -59.50000000000000711 ) ) ;
#351 = CARTESIAN_POINT ( 'NONE',  ( 12.50000000000000178, -17.50000000000000000, -58.70000000000000284 ) ) ;
#352 = EDGE_CURVE ( 'NONE', #1678, #866, #1865, .T. ) ;
#353 = CARTESIAN_POINT ( 'NONE',  ( -9.500000000000000000, -1.318389841742373392E-15, -65.50000000000000000 ) ) ;
#354 = EDGE_LOOP ( 'NONE', ( #801, #1322, #1589, #657 ) ) ;
#355 = DIRECTION ( 'NONE',  ( -0.000000000000000000, -0.000000000000000000, 1.000000000000000000 ) ) ;
#356 = DIRECTION ( 'NONE',  ( 0.000000000000000000, 0.000000000000000000, -1.000000000000000000 ) ) ;
#357 = AXIS2_PLACEMENT_3D ( 'NONE', #1924, #622, #54 ) ;
#358 = LINE ( 'NONE', #1291, #123 ) ;
#359 = DIRECTION ( 'NONE',  ( 1.049727191138618326E-16, 0.5150380749100547106, -0.8571673007021120005 ) ) ;
#360 = ORIENTED_EDGE ( 'NONE', *, *, #1697, .F. ) ;
#361 = CARTESIAN_POINT ( 'NONE',  ( 11.00000000000000533, -17.50000000000000000, -58.70000000000000284 ) ) ;
#362 = VERTEX_POINT ( 'NONE', #169 ) ;
#363 = CARTESIAN_POINT ( 'NONE',  ( 7.500000000000002665, -12.49999999999999822, -65.50000000000000000 ) ) ;
#364 = DIRECTION ( 'NONE',  ( -0.000000000000000000, 1.000000000000000000, -0.000000000000000000 ) ) ;
#365 = ADVANCED_FACE ( 'NONE', ( #1428 ), #191, .T. ) ;
#366 = ORIENTED_EDGE ( 'NONE', *, *, #648, .T. ) ;
#367 = AXIS2_PLACEMENT_3D ( 'NONE', #2269, #2067, #383 ) ;
#368 = CARTESIAN_POINT ( 'NONE',  ( -15.00000000000000000, 22.50000000000000000, -62.49999999999998579 ) ) ;
#369 = CARTESIAN_POINT ( 'NONE',  ( -20.49999999999999645, 32.50000000000000000, 57.50000000000000000 ) ) ;
#370 = CYLINDRICAL_SURFACE ( 'NONE', #676, 2.000000000000001776 ) ;
#371 = EDGE_CURVE ( 'NONE', #1847, #545, #1705, .T. ) ;
#372 = CARTESIAN_POINT ( 'NONE',  ( -14.99999999999998401, 32.50000000000000000, 60.00000000000000000 ) ) ;
#373 = EDGE_LOOP ( 'NONE', ( #2147, #769, #1074, #1957 ) ) ;
#374 = VECTOR ( 'NONE', #452, 1000.000000000000000 ) ;
#375 = DIRECTION ( 'NONE',  ( -0.000000000000000000, -0.000000000000000000, -1.000000000000000000 ) ) ;
#376 = VECTOR ( 'NONE', #914, 1000.000000000000000 ) ;
#377 = EDGE_CURVE ( 'NONE', #65, #1949, #456, .T. ) ;
#378 = ORIENTED_EDGE ( 'NONE', *, *, #450, .F. ) ;
#379 = DIRECTION ( 'NONE',  ( 0.000000000000000000, 0.000000000000000000, 1.000000000000000000 ) ) ;
#380 = ORIENTED_EDGE ( 'NONE', *, *, #559, .T. ) ;
#381 = DIRECTION ( 'NONE',  ( -0.000000000000000000, 1.000000000000000000, -0.000000000000000000 ) ) ;
#382 = LINE ( 'NONE', #1515, #174 ) ;
#383 = DIRECTION ( 'NONE',  ( -1.000000000000000000, 0.000000000000000000, 0.000000000000000000 ) ) ;
#384 = LINE ( 'NONE', #1134, #709 ) ;
#385 = VERTEX_POINT ( 'NONE', #1145 ) ;
#386 = CARTESIAN_POINT ( 'NONE',  ( 20.49999999999999645, 22.50000000000000355, 67.50000000000000000 ) ) ;
#387 = DIRECTION ( 'NONE',  ( 0.000000000000000000, 0.000000000000000000, -1.000000000000000000 ) ) ;
#388 = CARTESIAN_POINT ( 'NONE',  ( 14.00000000000000178, 17.50000000000000000, -67.50000000000000000 ) ) ;
#389 = AXIS2_PLACEMENT_3D ( 'NONE', #449, #796, #1374 ) ;
#390 = EDGE_CURVE ( 'NONE', #1768, #746, #1319, .T. ) ;
#391 = ADVANCED_FACE ( 'NONE', ( #1699 ), #370, .T. ) ;
#392 = ORIENTED_EDGE ( 'NONE', *, *, #650, .T. ) ;
#393 = DIRECTION ( 'NONE',  ( 1.387778780781445676E-16, -1.000000000000000000, -0.000000000000000000 ) ) ;
#394 = PLANE ( 'NONE',  #530 ) ;
#395 = CARTESIAN_POINT ( 'NONE',  ( -9.500000000000001776, 14.50000000000000178, -67.50000000000000000 ) ) ;
#396 = VERTEX_POINT ( 'NONE', #2080 ) ;
#397 = EDGE_CURVE ( 'NONE', #866, #2357, #767, .T. ) ;
#398 = AXIS2_PLACEMENT_3D ( 'NONE', #89, #2186, #1042 ) ;
#399 = CARTESIAN_POINT ( 'NONE',  ( -13.99999999999999822, 17.50000000000000000, 67.50000000000000000 ) ) ;
#400 = AXIS2_PLACEMENT_3D ( 'NONE', #368, #2226, #933 ) ;
#401 = ADVANCED_FACE ( 'NONE', ( #1877 ), #579, .F. ) ;
#402 = CIRCLE ( 'NONE', #1776, 2.500000000000002220 ) ;
#403 = EDGE_LOOP ( 'NONE', ( #1468, #1373, #261, #1149 ) ) ;
#404 = CARTESIAN_POINT ( 'NONE',  ( -9.500000000000001776, 32.50000000000000000, 59.50000000000000711 ) ) ;
#405 = EDGE_CURVE ( 'NONE', #776, #557, #1330, .T. ) ;
#406 = VERTEX_POINT ( 'NONE', #2445 ) ;
#407 = CARTESIAN_POINT ( 'NONE',  ( 20.49999999999999645, -22.50000000000000000, -67.50000000000000000 ) ) ;
#408 = FACE_OUTER_BOUND ( 'NONE', #34, .T. ) ;
#409 = ORIENTED_EDGE ( 'NONE', *, *, #2174, .T. ) ;
#410 = ORIENTED_EDGE ( 'NONE', *, *, #1110, .T. ) ;
#411 = ORIENTED_EDGE ( 'NONE', *, *, #1626, .F. ) ;
#412 = CARTESIAN_POINT ( 'NONE',  ( -12.49999999999999822, -17.50000000000000000, -58.70000000000000284 ) ) ;
#413 = DIRECTION ( 'NONE',  ( 1.734723475976806848E-16, -1.000000000000000000, -0.000000000000000000 ) ) ;
#414 = AXIS2_PLACEMENT_3D ( 'NONE', #468, #301, #1621 ) ;
#415 = ORIENTED_EDGE ( 'NONE', *, *, #1044, .F. ) ;
#416 = CARTESIAN_POINT ( 'NONE',  ( 7.500000000000001776, 32.50000000000000000, -59.50000000000000711 ) ) ;
#417 = CARTESIAN_POINT ( 'NONE',  ( 7.500000000000000000, 32.50000000000000000, -67.50000000000000000 ) ) ;
#418 = CARTESIAN_POINT ( 'NONE',  ( 15.00000000000000000, 22.50000000000000000, -62.49999999999999289 ) ) ;
#419 = EDGE_LOOP ( 'NONE', ( #695, #713, #284 ) ) ;
#420 = VERTEX_POINT ( 'NONE', #1433 ) ;
#421 = CARTESIAN_POINT ( 'NONE',  ( 20.49999999999999645, 20.50000000000000355, 67.50000000000000000 ) ) ;
#422 = LINE ( 'NONE', #399, #431 ) ;
#423 = DIRECTION ( 'NONE',  ( 0.000000000000000000, -1.000000000000000000, 0.000000000000000000 ) ) ;
#424 = CARTESIAN_POINT ( 'NONE',  ( -20.49999999999999645, 22.50000000000000355, -57.50000000000000000 ) ) ;
#425 = EDGE_CURVE ( 'NONE', #220, #1039, #1869, .T. ) ;
#426 = VECTOR ( 'NONE', #2194, 1000.000000000000000 ) ;
#427 = EDGE_CURVE ( 'NONE', #812, #1282, #633, .T. ) ;
#428 = UNCERTAINTY_MEASURE_WITH_UNIT (LENGTH_MEASURE( 1.000000000000000082E-05 ), #729, 'distance_accuracy_value', 'NONE');
#429 = CARTESIAN_POINT ( 'NONE',  ( -22.50000000000000000, -20.49999999999999645, 67.50000000000000000 ) ) ;
#430 = DIRECTION ( 'NONE',  ( -1.000000000000000000, 0.000000000000000000, 0.000000000000000000 ) ) ;
#431 = VECTOR ( 'NONE', #1929, 1000.000000000000000 ) ;
#432 = ORIENTED_EDGE ( 'NONE', *, *, #1220, .F. ) ;
#433 = DIRECTION ( 'NONE',  ( -0.000000000000000000, -0.000000000000000000, -1.000000000000000000 ) ) ;
#434 = DIRECTION ( 'NONE',  ( -0.000000000000000000, -0.000000000000000000, -1.000000000000000000 ) ) ;
#435 = VERTEX_POINT ( 'NONE', #1243 ) ;
#436 = CONICAL_SURFACE ( 'NONE', #2133, 1.499999999999997780, 1.029744258676653645 ) ;
#437 = DIRECTION ( 'NONE',  ( 1.000000000000000000, 0.000000000000000000, 0.000000000000000000 ) ) ;
#438 = AXIS2_PLACEMENT_3D ( 'NONE', #1708, #1499, #2062 ) ;
#439 = EDGE_CURVE ( 'NONE', #787, #1172, #821, .T. ) ;
#440 = DIRECTION ( 'NONE',  ( 1.000000000000000000, 1.734723475976807587E-16, 0.000000000000000000 ) ) ;
#441 = CARTESIAN_POINT ( 'NONE',  ( -13.99999999999999645, -17.50000000000000000, 58.70000000000000284 ) ) ;
#442 = ORIENTED_EDGE ( 'NONE', *, *, #211, .F. ) ;
#443 =( BOUNDED_CURVE ( )  B_SPLINE_CURVE ( 3, ( #1370, #336, #148, #901 ),
 .UNSPECIFIED., .F., .T. ) 
 B_SPLINE_CURVE_WITH_KNOTS ( ( 4, 4 ),
 ( 0.000000000000000000, 1.570796326794896558 ),
 .UNSPECIFIED. ) 
 CURVE ( )  GEOMETRIC_REPRESENTATION_ITEM ( )  RATIONAL_B_SPLINE_CURVE ( ( 1.000000000000000000, 0.8047378541243649375, 0.8047378541243649375, 1.000000000000000000 ) ) 
 REPRESENTATION_ITEM ( '' )  );
#444 = VECTOR ( 'NONE', #1088, 1000.000000000000000 ) ;
#445 = ORIENTED_EDGE ( 'NONE', *, *, #1649, .F. ) ;
#446 = CARTESIAN_POINT ( 'NONE',  ( -13.99999999999999822, -17.50000000000000000, 67.50000000000000000 ) ) ;
#447 = VECTOR ( 'NONE', #117, 1000.000000000000000 ) ;
#448 = ORIENTED_EDGE ( 'NONE', *, *, #23, .F. ) ;
#449 = CARTESIAN_POINT ( 'NONE',  ( -12.49999999999999822, 17.50000000000000000, -58.70000000000000284 ) ) ;
#450 = EDGE_CURVE ( 'NONE', #19, #300, #1445, .T. ) ;
#451 = VERTEX_POINT ( 'NONE', #2003 ) ;
#452 = DIRECTION ( 'NONE',  ( 3.469446951953613696E-16, 0.000000000000000000, 1.000000000000000000 ) ) ;
#453 = DIRECTION ( 'NONE',  ( 1.000000000000000000, 0.000000000000000000, 0.000000000000000000 ) ) ;
#454 = EDGE_LOOP ( 'NONE', ( #1346, #795, #715 ) ) ;
#455 = DIRECTION ( 'NONE',  ( 1.000000000000000000, 0.000000000000000000, -0.000000000000000000 ) ) ;
#456 =( BOUNDED_CURVE ( )  B_SPLINE_CURVE ( 3, ( #395, #1890, #2254, #555 ),
 .UNSPECIFIED., .F., .F. ) 
 B_SPLINE_CURVE_WITH_KNOTS ( ( 4, 4 ),
 ( 1.570796326794896558, 3.141592653589793116 ),
 .UNSPECIFIED. ) 
 CURVE ( )  GEOMETRIC_REPRESENTATION_ITEM ( )  RATIONAL_B_SPLINE_CURVE ( ( 1.000000000000000000, 0.8047378541243649375, 0.8047378541243649375, 1.000000000000000000 ) ) 
 REPRESENTATION_ITEM ( '' )  );
#457 = ORIENTED_EDGE ( 'NONE', *, *, #681, .F. ) ;
#458 = CYLINDRICAL_SURFACE ( 'NONE', #1112, 2.499999999999995115 ) ;
#459 = CARTESIAN_POINT ( 'NONE',  ( -20.49999999999999645, 32.50000000000000000, -59.50000000000000711 ) ) ;
#460 = ORIENTED_EDGE ( 'NONE', *, *, #1443, .T. ) ;
#461 = CYLINDRICAL_SURFACE ( 'NONE', #2002, 1.499999999999999556 ) ;
#462 = ORIENTED_EDGE ( 'NONE', *, *, #610, .T. ) ;
#463 = EDGE_CURVE ( 'NONE', #655, #2354, #2375, .T. ) ;
#464 = EDGE_CURVE ( 'NONE', #1702, #479, #1391, .T. ) ;
#465 = FACE_OUTER_BOUND ( 'NONE', #1054, .T. ) ;
#466 = EDGE_LOOP ( 'NONE', ( #2386, #915, #1781, #460 ) ) ;
#467 = AXIS2_PLACEMENT_3D ( 'NONE', #2204, #1801, #2395 ) ;
#468 = CARTESIAN_POINT ( 'NONE',  ( 9.500000000000001776, 22.50000000000000355, -59.50000000000000711 ) ) ;
#469 = ORIENTED_EDGE ( 'NONE', *, *, #650, .F. ) ;
#470 = CARTESIAN_POINT ( 'NONE',  ( -9.500000000000001776, 32.50000000000000000, -57.50000000000000000 ) ) ;
#471 = CARTESIAN_POINT ( 'NONE',  ( -12.49999999999999822, -17.50000000000000000, -58.70000000000000284 ) ) ;
#472 = EDGE_CURVE ( 'NONE', #2104, #1690, #1050, .T. ) ;
#473 = ADVANCED_FACE ( 'NONE', ( #2385 ), #2189, .F. ) ;
#474 = CARTESIAN_POINT ( 'NONE',  ( -20.49999999999998224, -22.50000000000000000, 67.50000000000000000 ) ) ;
#475 = EDGE_LOOP ( 'NONE', ( #564, #807, #1820, #2334 ) ) ;
#476 = FACE_OUTER_BOUND ( 'NONE', #3, .T. ) ;
#477 = ORIENTED_EDGE ( 'NONE', *, *, #1598, .T. ) ;
#478 = FACE_OUTER_BOUND ( 'NONE', #419, .T. ) ;
#479 = VERTEX_POINT ( 'NONE', #308 ) ;
#480 = CARTESIAN_POINT ( 'NONE',  ( -14.99999999999998401, 22.50000000000000000, 60.00000000000000711 ) ) ;
#481 = CARTESIAN_POINT ( 'NONE',  ( -12.50000000000000000, 17.50000000000000000, -57.79870907145865999 ) ) ;
#482 = DIRECTION ( 'NONE',  ( -0.000000000000000000, 1.000000000000000000, -0.000000000000000000 ) ) ;
#483 = CARTESIAN_POINT ( 'NONE',  ( 14.00000000000000000, 17.50000000000000000, 58.70000000000000284 ) ) ;
#484 = ORIENTED_EDGE ( 'NONE', *, *, #427, .F. ) ;
#485 = CIRCLE ( 'NONE', #1746, 2.000000000000001776 ) ;
#486 = ADVANCED_FACE ( 'NONE', ( #1627 ), #1803, .F. ) ;
#487 = PLANE ( 'NONE',  #1185 ) ;
#488 = ORIENTED_EDGE ( 'NONE', *, *, #2392, .F. ) ;
#489 = EDGE_LOOP ( 'NONE', ( #1482, #2039, #1861 ) ) ;
#490 = VECTOR ( 'NONE', #1323, 1000.000000000000000 ) ;
#491 = FACE_BOUND ( 'NONE', #2412, .T. ) ;
#492 = EDGE_CURVE ( 'NONE', #502, #1911, #101, .T. ) ;
#493 = DIRECTION ( 'NONE',  ( 0.8571673007021118895, 1.049727191138618079E-16, -0.5150380749100549327 ) ) ;
#494 = CARTESIAN_POINT ( 'NONE',  ( 12.50000000000000178, -17.50000000000000000, 58.70000000000000284 ) ) ;
#495 = EDGE_CURVE ( 'NONE', #269, #1807, #1203, .T. ) ;
#496 =( LENGTH_UNIT ( ) NAMED_UNIT ( * ) SI_UNIT ( .MILLI., .METRE. ) );
#497 = DIRECTION ( 'NONE',  ( -0.000000000000000000, -0.000000000000000000, 1.000000000000000000 ) ) ;
#498 = DIRECTION ( 'NONE',  ( 1.734723475976806848E-16, -0.000000000000000000, -1.000000000000000000 ) ) ;
#499 = ORIENTED_EDGE ( 'NONE', *, *, #1354, .T. ) ;
#500 = EDGE_CURVE ( 'NONE', #215, #300, #687, .T. ) ;
#501 = FACE_BOUND ( 'NONE', #1303, .T. ) ;
#502 = VERTEX_POINT ( 'NONE', #1427 ) ;
#503 = EDGE_LOOP ( 'NONE', ( #184, #409, #2438, #980 ) ) ;
#504 = EDGE_CURVE ( 'NONE', #746, #1847, #1405, .T. ) ;
#505 = DIRECTION ( 'NONE',  ( 0.000000000000000000, 0.5150380749100547106, 0.8571673007021120005 ) ) ;
#506 = DIRECTION ( 'NONE',  ( 0.000000000000000000, 0.000000000000000000, -1.000000000000000000 ) ) ;
#507 = CONICAL_SURFACE ( 'NONE', #2088, 1.499999999999997780, 1.029744258676653645 ) ;
#508 = FACE_OUTER_BOUND ( 'NONE', #2247, .T. ) ;
#509 = AXIS2_PLACEMENT_3D ( 'NONE', #794, #231, #1752 ) ;
#510 = CARTESIAN_POINT ( 'NONE',  ( -20.49999999999999645, 32.50000000000000000, -57.50000000000000000 ) ) ;
#511 = DIRECTION ( 'NONE',  ( -0.000000000000000000, 1.000000000000000000, -0.000000000000000000 ) ) ;
#512 = ORIENTED_EDGE ( 'NONE', *, *, #1543, .T. ) ;
#513 = DIRECTION ( 'NONE',  ( -1.387778780781445676E-16, 1.000000000000000000, 0.000000000000000000 ) ) ;
#514 = EDGE_LOOP ( 'NONE', ( #445, #347, #1764, #523 ) ) ;
#515 = LINE ( 'NONE', #166, #1269 ) ;
#516 = VECTOR ( 'NONE', #1125, 1000.000000000000000 ) ;
#517 = DIRECTION ( 'NONE',  ( 0.000000000000000000, -1.000000000000000000, 0.000000000000000000 ) ) ;
#518 = LINE ( 'NONE', #1492, #116 ) ;
#519 = VERTEX_POINT ( 'NONE', #1068 ) ;
#520 = EDGE_CURVE ( 'NONE', #67, #1523, #766, .T. ) ;
#521 =( NAMED_UNIT ( * ) SI_UNIT ( $, .STERADIAN. ) SOLID_ANGLE_UNIT ( ) );
#522 = CARTESIAN_POINT ( 'NONE',  ( 22.49999999999999645, 32.50000000000000000, 57.50000000000000000 ) ) ;
#523 = ORIENTED_EDGE ( 'NONE', *, *, #272, .F. ) ;
#524 = EDGE_CURVE ( 'NONE', #1172, #1379, #682, .T. ) ;
#525 = VECTOR ( 'NONE', #567, 1000.000000000000000 ) ;
#526 = FACE_BOUND ( 'NONE', #2251, .T. ) ;
#527 = ORIENTED_EDGE ( 'NONE', *, *, #906, .F. ) ;
#528 = DIRECTION ( 'NONE',  ( 0.000000000000000000, -0.000000000000000000, -1.000000000000000000 ) ) ;
#529 = DIRECTION ( 'NONE',  ( 0.000000000000000000, -0.000000000000000000, -1.000000000000000000 ) ) ;
#530 = AXIS2_PLACEMENT_3D ( 'NONE', #1290, #2253, #921 ) ;
#531 = DIRECTION ( 'NONE',  ( 0.000000000000000000, -1.000000000000000000, 0.000000000000000000 ) ) ;
#532 = FACE_OUTER_BOUND ( 'NONE', #848, .T. ) ;
#533 = ORIENTED_EDGE ( 'NONE', *, *, #2044, .F. ) ;
#534 = DIRECTION ( 'NONE',  ( -1.000000000000000000, 0.000000000000000000, 0.000000000000000000 ) ) ;
#535 = EDGE_CURVE ( 'NONE', #420, #889, #1215, .T. ) ;
#536 = ORIENTED_EDGE ( 'NONE', *, *, #1594, .T. ) ;
#537 = CARTESIAN_POINT ( 'NONE',  ( -22.50000000000000000, -22.50000000000000000, 67.50000000000000000 ) ) ;
#538 = CARTESIAN_POINT ( 'NONE',  ( -9.500000000000005329, 22.50000000000000355, -57.50000000000000000 ) ) ;
#539 = CARTESIAN_POINT ( 'NONE',  ( 15.00000000000001421, 32.50000000000000000, 62.49999999999999289 ) ) ;
#540 = VERTEX_POINT ( 'NONE', #1454 ) ;
#541 = CARTESIAN_POINT ( 'NONE',  ( 15.00000000000001421, 22.50000000000000000, 64.99999999999998579 ) ) ;
#542 = LINE ( 'NONE', #1059, #2327 ) ;
#543 = LINE ( 'NONE', #2010, #991 ) ;
#544 = CARTESIAN_POINT ( 'NONE',  ( 15.00000000000000000, 22.50000000000000000, -64.99999999999998579 ) ) ;
#545 = VERTEX_POINT ( 'NONE', #1599 ) ;
#546 = DIRECTION ( 'NONE',  ( 1.000000000000000000, 0.000000000000000000, 0.000000000000000000 ) ) ;
#547 = ADVANCED_FACE ( 'NONE', ( #2367, #1771, #671, #1970, #2188, #491 ), #1045, .T. ) ;
#548 = ORIENTED_EDGE ( 'NONE', *, *, #1528, .F. ) ;
#549 = AXIS2_PLACEMENT_3D ( 'NONE', #471, #2165, #130 ) ;
#550 = CARTESIAN_POINT ( 'NONE',  ( -22.50000000000000000, 32.50000000000000000, -67.50000000000000000 ) ) ;
#551 = CARTESIAN_POINT ( 'NONE',  ( -12.49999999999999822, 17.50000000000000000, 67.50000000000000000 ) ) ;
#552 = ORIENTED_EDGE ( 'NONE', *, *, #1952, .T. ) ;
#553 = CARTESIAN_POINT ( 'NONE',  ( 14.00000000000000000, -17.50000000000000000, -58.70000000000000284 ) ) ;
#554 = FACE_OUTER_BOUND ( 'NONE', #1434, .T. ) ;
#555 = CARTESIAN_POINT ( 'NONE',  ( -7.500000000000001776, 12.50000000000000178, -65.50000000000000000 ) ) ;
#556 = CARTESIAN_POINT ( 'NONE',  ( -9.500000000000005329, 32.50000000000000000, -57.50000000000000000 ) ) ;
#557 = VERTEX_POINT ( 'NONE', #128 ) ;
#558 = VECTOR ( 'NONE', #745, 1000.000000000000000 ) ;
#559 = EDGE_CURVE ( 'NONE', #38, #396, #82, .T. ) ;
#560 = CARTESIAN_POINT ( 'NONE',  ( 15.00000000000000000, 22.50000000000000000, -62.49999999999999289 ) ) ;
#562 = ORIENTED_EDGE ( 'NONE', *, *, #578, .T. ) ;
#561 = AXIS2_PLACEMENT_3D ( 'NONE', #2031, #2223, #1075 ) ;
#563 = CARTESIAN_POINT ( 'NONE',  ( -15.00000000000000000, 32.50000000000000000, -62.49999999999998579 ) ) ;
#564 = ORIENTED_EDGE ( 'NONE', *, *, #472, .F. ) ;
#565 = DIRECTION ( 'NONE',  ( 1.000000000000000000, -0.000000000000000000, -0.000000000000000000 ) ) ;
#566 = CARTESIAN_POINT ( 'NONE',  ( 7.500000000000003553, 22.50000000000000355, -67.50000000000000000 ) ) ;
#567 = DIRECTION ( 'NONE',  ( 0.8571673007021118895, 1.049727191138618079E-16, -0.5150380749100549327 ) ) ;
#568 = CARTESIAN_POINT ( 'NONE',  ( 7.500000000000000000, 22.50000000000000355, -67.50000000000000000 ) ) ;
#569 = ORIENTED_EDGE ( 'NONE', *, *, #1618, .T. ) ;
#570 = EDGE_CURVE ( 'NONE', #2176, #1062, #2148, .T. ) ;
#571 = ADVANCED_FACE ( 'NONE', ( #478 ), #2423, .F. ) ;
#572 = ORIENTED_EDGE ( 'NONE', *, *, #789, .T. ) ;
#573 = CARTESIAN_POINT ( 'NONE',  ( 12.50000000000000178, 17.50000000000000000, 67.50000000000000000 ) ) ;
#574 = ORIENTED_EDGE ( 'NONE', *, *, #1923, .F. ) ;
#575 = ADVANCED_FACE ( 'NONE', ( #1809 ), #2009, .F. ) ;
#576 = CYLINDRICAL_SURFACE ( 'NONE', #1730, 2.000000000000000000 ) ;
#577 = FACE_OUTER_BOUND ( 'NONE', #1832, .T. ) ;
#578 = EDGE_CURVE ( 'NONE', #1157, #1619, #1229, .T. ) ;
#579 = CYLINDRICAL_SURFACE ( 'NONE', #2272, 2.500000000000002220 ) ;
#580 = DIRECTION ( 'NONE',  ( 1.000000000000000000, 0.000000000000000000, 0.000000000000000000 ) ) ;
#581 = ORIENTED_EDGE ( 'NONE', *, *, #1700, .F. ) ;
#582 = EDGE_LOOP ( 'NONE', ( #1192, #1108, #1404 ) ) ;
#583 = CYLINDRICAL_SURFACE ( 'NONE', #2135, 2.499999999999995115 ) ;
#584 = VECTOR ( 'NONE', #1458, 1000.000000000000000 ) ;
#585 = CIRCLE ( 'NONE', #147, 1.499999999999999556 ) ;
#586 = EDGE_CURVE ( 'NONE', #2357, #1587, #1909, .T. ) ;
#587 = ORIENTED_EDGE ( 'NONE', *, *, #2276, .F. ) ;
#588 = FACE_OUTER_BOUND ( 'NONE', #1977, .T. ) ;
#589 = FACE_OUTER_BOUND ( 'NONE', #189, .T. ) ;
#590 = ORIENTED_EDGE ( 'NONE', *, *, #1910, .T. ) ;
#591 = EDGE_LOOP ( 'NONE', ( #1778, #1027 ) ) ;
#592 = AXIS2_PLACEMENT_3D ( 'NONE', #2028, #482, #2040 ) ;
#593 = CARTESIAN_POINT ( 'NONE',  ( -12.49999999999999822, 17.50000000000000000, -58.70000000000000284 ) ) ;
#594 = FACE_OUTER_BOUND ( 'NONE', #1521, .T. ) ;
#595 = VECTOR ( 'NONE', #1757, 1000.000000000000000 ) ;
#596 = VECTOR ( 'NONE', #2238, 1000.000000000000000 ) ;
#597 = ORIENTED_EDGE ( 'NONE', *, *, #2371, .F. ) ;
#598 = CARTESIAN_POINT ( 'NONE',  ( -15.00000000000000000, 22.50000000000000000, -64.99999999999998579 ) ) ;
#599 = EDGE_CURVE ( 'NONE', #2380, #1690, #1982, .T. ) ;
#600 = DIRECTION ( 'NONE',  ( 0.000000000000000000, -0.000000000000000000, -1.000000000000000000 ) ) ;
#601 = CARTESIAN_POINT ( 'NONE',  ( 15.00000000000001243, 20.99784845243109999, 62.49999999999999289 ) ) ;
#602 = AXIS2_PLACEMENT_3D ( 'NONE', #350, #1298, #1498 ) ;
#603 = ORIENTED_EDGE ( 'NONE', *, *, #1707, .T. ) ;
#604 = ORIENTED_EDGE ( 'NONE', *, *, #2319, .T. ) ;
#605 = CARTESIAN_POINT ( 'NONE',  ( -7.499999999999998224, -12.49999999999999822, -65.50000000000000000 ) ) ;
#606 = CARTESIAN_POINT ( 'NONE',  ( 7.500000000000002665, -12.49999999999999822, -65.50000000000000000 ) ) ;
#607 = AXIS2_PLACEMENT_3D ( 'NONE', #2355, #290, #455 ) ;
#608 = EDGE_CURVE ( 'NONE', #1270, #258, #1415, .T. ) ;
#609 = ORIENTED_EDGE ( 'NONE', *, *, #1723, .F. ) ;
#610 = EDGE_CURVE ( 'NONE', #1527, #1885, #1248, .T. ) ;
#611 = FACE_OUTER_BOUND ( 'NONE', #2393, .T. ) ;
#612 = AXIS2_PLACEMENT_3D ( 'NONE', #722, #1276, #2419 ) ;
#613 = LINE ( 'NONE', #2134, #1460 ) ;
#614 = DIRECTION ( 'NONE',  ( -1.000000000000000000, 0.000000000000000000, 0.000000000000000000 ) ) ;
#615 = VERTEX_POINT ( 'NONE', #1644 ) ;
#616 = DIRECTION ( 'NONE',  ( -0.000000000000000000, 1.000000000000000000, -0.000000000000000000 ) ) ;
#617 = CARTESIAN_POINT ( 'NONE',  ( -14.99999999999998757, 20.99784845243109999, 62.50000000000000000 ) ) ;
#618 = ORIENTED_EDGE ( 'NONE', *, *, #1844, .F. ) ;
#619 = EDGE_CURVE ( 'NONE', #83, #1879, #179, .T. ) ;
#620 = DIRECTION ( 'NONE',  ( -1.000000000000000000, 0.000000000000000000, -0.000000000000000000 ) ) ;
#621 = VECTOR ( 'NONE', #2168, 1000.000000000000000 ) ;
#622 = DIRECTION ( 'NONE',  ( 0.000000000000000000, 0.000000000000000000, 1.000000000000000000 ) ) ;
#623 = CARTESIAN_POINT ( 'NONE',  ( 12.50000000000000178, -17.50000000000000000, 58.70000000000000284 ) ) ;
#624 = ORIENTED_EDGE ( 'NONE', *, *, #127, .T. ) ;
#625 = VERTEX_POINT ( 'NONE', #764 ) ;
#626 = PLANE ( 'NONE',  #675 ) ;
#627 = DIRECTION ( 'NONE',  ( -0.000000000000000000, -0.000000000000000000, -1.000000000000000000 ) ) ;
#628 = EDGE_LOOP ( 'NONE', ( #457, #1903, #1414 ) ) ;
#629 = VECTOR ( 'NONE', #1378, 1000.000000000000000 ) ;
#630 = DIRECTION ( 'NONE',  ( 1.049727191138618326E-16, 0.5150380749100547106, -0.8571673007021120005 ) ) ;
#631 = AXIS2_PLACEMENT_3D ( 'NONE', #943, #1691, #759 ) ;
#632 = ORIENTED_EDGE ( 'NONE', *, *, #640, .F. ) ;
#633 = LINE ( 'NONE', #1614, #919 ) ;
#634 = LINE ( 'NONE', #990, #1575 ) ;
#635 = ORIENTED_EDGE ( 'NONE', *, *, #1076, .T. ) ;
#636 = EDGE_LOOP ( 'NONE', ( #1740, #1369, #218, #1008 ) ) ;
#637 = CYLINDRICAL_SURFACE ( 'NONE', #2225, 1.499999999999999556 ) ;
#638 = CARTESIAN_POINT ( 'NONE',  ( 7.499999999999998224, 12.50000000000000178, 67.50000000000000000 ) ) ;
#639 = AXIS2_PLACEMENT_3D ( 'NONE', #737, #9, #1491 ) ;
#640 = EDGE_CURVE ( 'NONE', #1911, #812, #485, .T. ) ;
#641 = ORIENTED_EDGE ( 'NONE', *, *, #1979, .F. ) ;
#642 = AXIS2_PLACEMENT_3D ( 'NONE', #1819, #2195, #1252 ) ;
#643 = FACE_OUTER_BOUND ( 'NONE', #2294, .T. ) ;
#644 = EDGE_CURVE ( 'NONE', #339, #1735, #515, .T. ) ;
#645 = ORIENTED_EDGE ( 'NONE', *, *, #472, .T. ) ;
#646 = DIRECTION ( 'NONE',  ( -0.000000000000000000, 1.000000000000000000, -0.000000000000000000 ) ) ;
#647 = EDGE_LOOP ( 'NONE', ( #2240, #1152, #840, #234 ) ) ;
#648 = EDGE_CURVE ( 'NONE', #1236, #825, #1503, .T. ) ;
#649 = DIRECTION ( 'NONE',  ( 1.000000000000000000, 0.000000000000000000, 0.000000000000000000 ) ) ;
#650 = EDGE_CURVE ( 'NONE', #435, #1628, #1787, .T. ) ;
#651 = ORIENTED_EDGE ( 'NONE', *, *, #109, .F. ) ;
#652 = CARTESIAN_POINT ( 'NONE',  ( -9.500000000000001776, 32.50000000000000000, 57.50000000000000000 ) ) ;
#653 = CARTESIAN_POINT ( 'NONE',  ( -14.99999999999998401, 22.50000000000000000, 60.00000000000000711 ) ) ;
#654 = DIRECTION ( 'NONE',  ( -0.000000000000000000, 1.000000000000000000, -0.000000000000000000 ) ) ;
#655 = VERTEX_POINT ( 'NONE', #541 ) ;
#656 = CARTESIAN_POINT ( 'NONE',  ( 7.500000000000002665, -14.49999999999999822, -67.50000000000000000 ) ) ;
#657 = ORIENTED_EDGE ( 'NONE', *, *, #1548, .F. ) ;
#658 = CARTESIAN_POINT ( 'NONE',  ( 20.49999999999999645, 32.50000000000000000, -57.50000000000000000 ) ) ;
#659 = VECTOR ( 'NONE', #689, 1000.000000000000000 ) ;
#660 = ORIENTED_EDGE ( 'NONE', *, *, #28, .T. ) ;
#661 = DIRECTION ( 'NONE',  ( -1.000000000000000000, 0.000000000000000000, 0.000000000000000000 ) ) ;
#662 = CARTESIAN_POINT ( 'NONE',  ( 20.49999999999999645, -20.49999999999999645, 67.50000000000000000 ) ) ;
#663 = CYLINDRICAL_SURFACE ( 'NONE', #1021, 1.499999999999999556 ) ;
#664 = LINE ( 'NONE', #510, #1961 ) ;
#665 = ADVANCED_FACE ( 'NONE', ( #1289, #1489 ), #2403, .F. ) ;
#666 = ORIENTED_EDGE ( 'NONE', *, *, #1044, .T. ) ;
#667 = VECTOR ( 'NONE', #1549, 1000.000000000000000 ) ;
#668 = VECTOR ( 'NONE', #1081, 1000.000000000000000 ) ;
#669 = DIRECTION ( 'NONE',  ( 0.000000000000000000, 0.000000000000000000, 1.000000000000000000 ) ) ;
#670 = ORIENTED_EDGE ( 'NONE', *, *, #134, .T. ) ;
#671 = FACE_BOUND ( 'NONE', #2163, .T. ) ;
#672 = AXIS2_PLACEMENT_3D ( 'NONE', #298, #1052, #869 ) ;
#673 = CARTESIAN_POINT ( 'NONE',  ( -12.49999999999999822, -17.50000000000000000, 58.70000000000000284 ) ) ;
#674 = FACE_OUTER_BOUND ( 'NONE', #373, .T. ) ;
#675 = AXIS2_PLACEMENT_3D ( 'NONE', #1590, #1407, #2164 ) ;
#676 = AXIS2_PLACEMENT_3D ( 'NONE', #1306, #1687, #752 ) ;
#677 = LINE ( 'NONE', #2016, #621 ) ;
#678 = EDGE_CURVE ( 'NONE', #2176, #2380, #1120, .T. ) ;
#679 = DIRECTION ( 'NONE',  ( 0.000000000000000000, 0.000000000000000000, 1.000000000000000000 ) ) ;
#680 = VERTEX_POINT ( 'NONE', #329 ) ;
#681 = EDGE_CURVE ( 'NONE', #984, #655, #2241, .T. ) ;
#682 = CIRCLE ( 'NONE', #209, 1.499999999999999556 ) ;
#683 = DIRECTION ( 'NONE',  ( 0.000000000000000000, -1.000000000000000000, 0.000000000000000000 ) ) ;
#684 = ORIENTED_EDGE ( 'NONE', *, *, #439, .T. ) ;
#685 = ORIENTED_EDGE ( 'NONE', *, *, #1233, .T. ) ;
#686 = AXIS2_PLACEMENT_3D ( 'NONE', #560, #2083, #952 ) ;
#687 = LINE ( 'NONE', #1824, #995 ) ;
#688 = FACE_OUTER_BOUND ( 'NONE', #2224, .T. ) ;
#689 = DIRECTION ( 'NONE',  ( -1.734723475976806848E-16, -0.000000000000000000, 1.000000000000000000 ) ) ;
#690 = CARTESIAN_POINT ( 'NONE',  ( -11.00000000000000000, 17.50000000000000000, 67.50000000000000000 ) ) ;
#691 = DIRECTION ( 'NONE',  ( -0.000000000000000000, -0.000000000000000000, -1.000000000000000000 ) ) ;
#692 = ORIENTED_EDGE ( 'NONE', *, *, #371, .T. ) ;
#693 = EDGE_CURVE ( 'NONE', #2138, #2082, #1079, .T. ) ;
#694 = CARTESIAN_POINT ( 'NONE',  ( 0.000000000000000000, 32.50000000000000000, 0.000000000000000000 ) ) ;
#695 = ORIENTED_EDGE ( 'NONE', *, *, #608, .F. ) ;
#696 = DIRECTION ( 'NONE',  ( 0.000000000000000000, -0.000000000000000000, 1.000000000000000000 ) ) ;
#697 = CARTESIAN_POINT ( 'NONE',  ( -20.49999999999999645, 22.50000000000000355, 67.50000000000000000 ) ) ;
#698 = DIRECTION ( 'NONE',  ( -0.000000000000000000, -0.000000000000000000, 1.000000000000000000 ) ) ;
#699 = ORIENTED_EDGE ( 'NONE', *, *, #1770, .F. ) ;
#700 = AXIS2_PLACEMENT_3D ( 'NONE', #494, #103, #2191 ) ;
#701 = EDGE_CURVE ( 'NONE', #2137, #1926, #1835, .T. ) ;
#702 = DIRECTION ( 'NONE',  ( 0.000000000000000000, 0.000000000000000000, 1.000000000000000000 ) ) ;
#703 = CARTESIAN_POINT ( 'NONE',  ( -13.99999999999999645, 17.50000000000000000, 58.70000000000000284 ) ) ;
#704 = ORIENTED_EDGE ( 'NONE', *, *, #241, .T. ) ;
#705 = FACE_BOUND ( 'NONE', #44, .T. ) ;
#706 = VERTEX_POINT ( 'NONE', #1863 ) ;
#707 = AXIS2_PLACEMENT_3D ( 'NONE', #249, #1514, #810 ) ;
#708 = CARTESIAN_POINT ( 'NONE',  ( -7.500000000000001776, 32.50000000000000000, 59.50000000000000711 ) ) ;
#709 = VECTOR ( 'NONE', #1647, 1000.000000000000000 ) ;
#710 = CARTESIAN_POINT ( 'NONE',  ( -20.49999999999999645, 32.50000000000000000, -59.50000000000000711 ) ) ;
#711 = DIRECTION ( 'NONE',  ( -1.387778780781445676E-16, 1.000000000000000000, 0.000000000000000000 ) ) ;
#712 = DIRECTION ( 'NONE',  ( -0.000000000000000000, -0.000000000000000000, 1.000000000000000000 ) ) ;
#713 = ORIENTED_EDGE ( 'NONE', *, *, #1797, .T. ) ;
#714 = FACE_OUTER_BOUND ( 'NONE', #1425, .T. ) ;
#715 = ORIENTED_EDGE ( 'NONE', *, *, #2042, .T. ) ;
#716 = DIRECTION ( 'NONE',  ( 0.000000000000000000, 0.000000000000000000, 1.000000000000000000 ) ) ;
#717 = DIRECTION ( 'NONE',  ( 1.000000000000000000, 0.000000000000000000, 0.000000000000000000 ) ) ;
#718 = FACE_OUTER_BOUND ( 'NONE', #850, .T. ) ;
#719 = ORIENTED_EDGE ( 'NONE', *, *, #644, .F. ) ;
#720 = VECTOR ( 'NONE', #1275, 1000.000000000000000 ) ;
#721 = CARTESIAN_POINT ( 'NONE',  ( -22.50000000000000000, -20.49999999999999645, 67.50000000000000000 ) ) ;
#722 = CARTESIAN_POINT ( 'NONE',  ( 12.50000000000000178, 17.50000000000000000, 58.70000000000000284 ) ) ;
#723 = EDGE_CURVE ( 'NONE', #220, #1157, #1875, .T. ) ;
#724 = VECTOR ( 'NONE', #1888, 1000.000000000000000 ) ;
#725 = FACE_OUTER_BOUND ( 'NONE', #1750, .T. ) ;
#726 = FACE_OUTER_BOUND ( 'NONE', #928, .T. ) ;
#727 = ORIENTED_EDGE ( 'NONE', *, *, #1076, .F. ) ;
#728 = PRODUCT_DEFINITION ( 'UNKNOWN', '', #40, #1756 ) ;
#729 =( LENGTH_UNIT ( ) NAMED_UNIT ( * ) SI_UNIT ( .MILLI., .METRE. ) );
#730 = PRODUCT_DEFINITION_SHAPE ( 'NONE', 'NONE',  #728 ) ;
#731 = ORIENTED_EDGE ( 'NONE', *, *, #1440, .F. ) ;
#732 = DIRECTION ( 'NONE',  ( 0.000000000000000000, 0.000000000000000000, 1.000000000000000000 ) ) ;
#733 = LINE ( 'NONE', #1299, #1026 ) ;
#734 = ORIENTED_EDGE ( 'NONE', *, *, #640, .T. ) ;
#735 = DIRECTION ( 'NONE',  ( 1.000000000000000000, 0.000000000000000000, 0.000000000000000000 ) ) ;
#736 = CARTESIAN_POINT ( 'NONE',  ( -15.00000000000000000, 22.50000000000000000, -64.99999999999998579 ) ) ;
#737 = CARTESIAN_POINT ( 'NONE',  ( -7.499999999999998224, -12.49999999999999822, 67.50000000000000000 ) ) ;
#738 = CARTESIAN_POINT ( 'NONE',  ( 9.500000000000001776, 32.50000000000000000, 57.50000000000000000 ) ) ;
#739 = ORIENTED_EDGE ( 'NONE', *, *, #535, .F. ) ;
#740 = CIRCLE ( 'NONE', #2441, 1.499999999999997780 ) ;
#741 = CARTESIAN_POINT ( 'NONE',  ( 14.00000000000000178, 17.50000000000000000, 67.50000000000000000 ) ) ;
#742 = EDGE_LOOP ( 'NONE', ( #635, #210, #823, #963 ) ) ;
#743 = CIRCLE ( 'NONE', #69, 1.499999999999999556 ) ;
#744 = CYLINDRICAL_SURFACE ( 'NONE', #602, 2.000000000000001776 ) ;
#745 = DIRECTION ( 'NONE',  ( 0.000000000000000000, -0.000000000000000000, -1.000000000000000000 ) ) ;
#746 = VERTEX_POINT ( 'NONE', #553 ) ;
#747 = EDGE_CURVE ( 'NONE', #1735, #1552, #6, .T. ) ;
#748 = DIRECTION ( 'NONE',  ( -0.000000000000000000, -0.000000000000000000, 1.000000000000000000 ) ) ;
#749 = EDGE_CURVE ( 'NONE', #1345, #1497, #1144, .T. ) ;
#750 = FACE_OUTER_BOUND ( 'NONE', #1962, .T. ) ;
#751 = VECTOR ( 'NONE', #967, 1000.000000000000000 ) ;
#752 = DIRECTION ( 'NONE',  ( 0.000000000000000000, 0.000000000000000000, -1.000000000000000000 ) ) ;
#753 = LINE ( 'NONE', #344, #1256 ) ;
#754 = ORIENTED_EDGE ( 'NONE', *, *, #1884, .T. ) ;
#755 = AXIS2_PLACEMENT_3D ( 'NONE', #573, #2250, #931 ) ;
#756 = CARTESIAN_POINT ( 'NONE',  ( -11.00000000000000000, -17.50000000000000000, -67.50000000000000000 ) ) ;
#757 = VERTEX_POINT ( 'NONE', #2035 ) ;
#758 = EDGE_CURVE ( 'NONE', #1497, #1345, #867, .T. ) ;
#759 = DIRECTION ( 'NONE',  ( 0.000000000000000000, 0.000000000000000000, 1.000000000000000000 ) ) ;
#760 = VECTOR ( 'NONE', #1857, 1000.000000000000000 ) ;
#761 = EDGE_CURVE ( 'NONE', #2075, #655, #1500, .T. ) ;
#762 = ORIENTED_EDGE ( 'NONE', *, *, #2015, .F. ) ;
#763 = CIRCLE ( 'NONE', #1072, 1.499999999999997780 ) ;
#764 = CARTESIAN_POINT ( 'NONE',  ( 14.00000000000000000, 17.50000000000000000, -58.70000000000000284 ) ) ;
#765 = CARTESIAN_POINT ( 'NONE',  ( 12.50000000000000178, 17.50000000000000000, 58.70000000000000284 ) ) ;
#766 = CIRCLE ( 'NONE', #1155, 1.499999999999997780 ) ;
#767 = LINE ( 'NONE', #1124, #1743 ) ;
#768 = DIRECTION ( 'NONE',  ( 1.000000000000000000, 0.000000000000000000, 0.000000000000000000 ) ) ;
#769 = ORIENTED_EDGE ( 'NONE', *, *, #1548, .T. ) ;
#770 = DIRECTION ( 'NONE',  ( -1.000000000000000000, 0.000000000000000000, 0.000000000000000000 ) ) ;
#771 = EDGE_LOOP ( 'NONE', ( #1312, #150, #2426, #1146 ) ) ;
#772 = CARTESIAN_POINT ( 'NONE',  ( -7.499999999999998224, -12.49999999999999822, -65.50000000000000000 ) ) ;
#773 = EDGE_LOOP ( 'NONE', ( #533, #1359 ) ) ;
#774 = CARTESIAN_POINT ( 'NONE',  ( 9.500000000000000000, 1.647987302177966542E-15, -65.50000000000000000 ) ) ;
#775 = DIRECTION ( 'NONE',  ( 1.000000000000000000, 0.000000000000000000, 0.000000000000000000 ) ) ;
#776 = VERTEX_POINT ( 'NONE', #1091 ) ;
#777 = EDGE_CURVE ( 'NONE', #889, #1951, #1849, .T. ) ;
#778 = ORIENTED_EDGE ( 'NONE', *, *, #159, .F. ) ;
#779 = CARTESIAN_POINT ( 'NONE',  ( -7.500000000000001776, 12.50000000000000178, 67.50000000000000000 ) ) ;
#780 = EDGE_CURVE ( 'NONE', #1379, #1172, #1024, .T. ) ;
#781 = VERTEX_POINT ( 'NONE', #66 ) ;
#782 = LINE ( 'NONE', #1545, #68 ) ;
#783 = AXIS2_PLACEMENT_3D ( 'NONE', #878, #844, #106 ) ;
#784 = AXIS2_PLACEMENT_3D ( 'NONE', #1350, #245, #60 ) ;
#785 = CARTESIAN_POINT ( 'NONE',  ( 22.50000000000000000, -22.50000000000000000, 67.50000000000000000 ) ) ;
#786 = CARTESIAN_POINT ( 'NONE',  ( -7.500000000000001776, 12.50000000000000178, -65.50000000000000000 ) ) ;
#787 = VERTEX_POINT ( 'NONE', #202 ) ;
#788 =( BOUNDED_CURVE ( )  B_SPLINE_CURVE ( 3, ( #200, #2275, #2074, #772 ),
 .UNSPECIFIED., .F., .T. ) 
 B_SPLINE_CURVE_WITH_KNOTS ( ( 4, 4 ),
 ( 1.570796326794896558, 3.141592653589793116 ),
 .UNSPECIFIED. ) 
 CURVE ( )  GEOMETRIC_REPRESENTATION_ITEM ( )  RATIONAL_B_SPLINE_CURVE ( ( 1.000000000000000000, 0.8047378541243649375, 0.8047378541243649375, 1.000000000000000000 ) ) 
 REPRESENTATION_ITEM ( '' )  );
#789 = EDGE_CURVE ( 'NONE', #1539, #1502, #1355, .T. ) ;
#790 = ORIENTED_EDGE ( 'NONE', *, *, #1297, .F. ) ;
#791 = APPLICATION_CONTEXT ( 'automotive_design' ) ;
#792 = EDGE_CURVE ( 'NONE', #451, #75, #957, .T. ) ;
#793 = DIRECTION ( 'NONE',  ( -0.000000000000000000, -1.000000000000000000, -0.000000000000000000 ) ) ;
#794 = CARTESIAN_POINT ( 'NONE',  ( 0.000000000000000000, 32.50000000000000000, 0.000000000000000000 ) ) ;
#795 = ORIENTED_EDGE ( 'NONE', *, *, #1440, .T. ) ;
#796 = DIRECTION ( 'NONE',  ( -0.000000000000000000, -0.000000000000000000, -1.000000000000000000 ) ) ;
#797 = VECTOR ( 'NONE', #2019, 1000.000000000000000 ) ;
#798 = LINE ( 'NONE', #1141, #667 ) ;
#799 = DIRECTION ( 'NONE',  ( 0.000000000000000000, -1.000000000000000000, 0.000000000000000000 ) ) ;
#800 = AXIS2_PLACEMENT_3D ( 'NONE', #2311, #2413, #1939 ) ;
#801 = ORIENTED_EDGE ( 'NONE', *, *, #2220, .T. ) ;
#802 = VERTEX_POINT ( 'NONE', #237 ) ;
#803 = ADVANCED_FACE ( 'NONE', ( #588 ), #2123, .F. ) ;
#804 = CARTESIAN_POINT ( 'NONE',  ( 9.499999999999998224, 14.50000000000000178, -67.50000000000000000 ) ) ;
#805 = DIRECTION ( 'NONE',  ( -0.000000000000000000, -0.000000000000000000, -1.000000000000000000 ) ) ;
#806 = VECTOR ( 'NONE', #879, 1000.000000000000000 ) ;
#807 = ORIENTED_EDGE ( 'NONE', *, *, #272, .T. ) ;
#808 = FACE_OUTER_BOUND ( 'NONE', #2430, .T. ) ;
#809 = CONICAL_SURFACE ( 'NONE', #1749, 1.499999999999997780, 1.029744258676653645 ) ;
#810 = DIRECTION ( 'NONE',  ( -1.000000000000000000, 0.000000000000000000, 0.000000000000000000 ) ) ;
#811 = FACE_OUTER_BOUND ( 'NONE', #1511, .T. ) ;
#812 = VERTEX_POINT ( 'NONE', #1525 ) ;
#813 = ORIENTED_EDGE ( 'NONE', *, *, #25, .F. ) ;
#814 = DIRECTION ( 'NONE',  ( -0.000000000000000000, -0.000000000000000000, -1.000000000000000000 ) ) ;
#815 = CARTESIAN_POINT ( 'NONE',  ( 7.500000000000002665, -12.49999999999999822, 67.50000000000000000 ) ) ;
#816 = ORIENTED_EDGE ( 'NONE', *, *, #2108, .F. ) ;
#817 = DIRECTION ( 'NONE',  ( -0.000000000000000000, 1.000000000000000000, -0.000000000000000000 ) ) ;
#818 = VERTEX_POINT ( 'NONE', #20 ) ;
#819 = CONICAL_SURFACE ( 'NONE', #783, 1.499999999999997780, 1.029744258676653645 ) ;
#820 = CIRCLE ( 'NONE', #2361, 1.499999999999999556 ) ;
#821 = LINE ( 'NONE', #1571, #1667 ) ;
#822 = CARTESIAN_POINT ( 'NONE',  ( -20.49999999999999645, 22.50000000000000355, 57.50000000000000000 ) ) ;
#823 = ORIENTED_EDGE ( 'NONE', *, *, #233, .T. ) ;
#824 = ADVANCED_FACE ( 'NONE', ( #1535 ), #1377, .T. ) ;
#825 = VERTEX_POINT ( 'NONE', #429 ) ;
#826 = CARTESIAN_POINT ( 'NONE',  ( 12.50000000000000178, 17.50000000000000000, 67.50000000000000000 ) ) ;
#827 = CARTESIAN_POINT ( 'NONE',  ( -12.50000000000000000, -17.50000000000000000, 57.79870907145865999 ) ) ;
#828 = AXIS2_PLACEMENT_3D ( 'NONE', #2387, #2160, #1014 ) ;
#829 = ORIENTED_EDGE ( 'NONE', *, *, #1783, .T. ) ;
#830 = AXIS2_PLACEMENT_3D ( 'NONE', #2316, #2333, #238 ) ;
#831 = FACE_OUTER_BOUND ( 'NONE', #1615, .T. ) ;
#832 = CONICAL_SURFACE ( 'NONE', #1383, 2.499999999999995115, 1.029744258676653645 ) ;
#833 = EDGE_LOOP ( 'NONE', ( #1003, #448, #973, #2245 ) ) ;
#834 = EDGE_CURVE ( 'NONE', #178, #1834, #2278, .T. ) ;
#835 = EDGE_CURVE ( 'NONE', #1842, #2142, #613, .T. ) ;
#836 = DIRECTION ( 'NONE',  ( -0.000000000000000000, -0.000000000000000000, -1.000000000000000000 ) ) ;
#837 = EDGE_LOOP ( 'NONE', ( #609, #912, #1406 ) ) ;
#838 = DIRECTION ( 'NONE',  ( -0.000000000000000000, -0.000000000000000000, -1.000000000000000000 ) ) ;
#839 = AXIS2_PLACEMENT_3D ( 'NONE', #2262, #1737, #916 ) ;
#840 = ORIENTED_EDGE ( 'NONE', *, *, #352, .T. ) ;
#841 = CARTESIAN_POINT ( 'NONE',  ( -7.500000000000000000, 32.50000000000000000, 67.50000000000000000 ) ) ;
#842 = DIRECTION ( 'NONE',  ( 0.000000000000000000, -1.000000000000000000, 0.000000000000000000 ) ) ;
#843 = VECTOR ( 'NONE', #505, 1000.000000000000000 ) ;
#844 = DIRECTION ( 'NONE',  ( -0.000000000000000000, -0.000000000000000000, -1.000000000000000000 ) ) ;
#845 = ORIENTED_EDGE ( 'NONE', *, *, #100, .T. ) ;
#846 = VECTOR ( 'NONE', #890, 1000.000000000000000 ) ;
#847 = DIRECTION ( 'NONE',  ( 1.734723475976806848E-16, 0.000000000000000000, -1.000000000000000000 ) ) ;
#848 = EDGE_LOOP ( 'NONE', ( #411, #699, #135, #392 ) ) ;
#849 = DIRECTION ( 'NONE',  ( -0.000000000000000000, 1.000000000000000000, -0.000000000000000000 ) ) ;
#850 = EDGE_LOOP ( 'NONE', ( #122, #2184, #193, #1221 ) ) ;
#851 = DIRECTION ( 'NONE',  ( -0.000000000000000000, -0.000000000000000000, 1.000000000000000000 ) ) ;
#852 = DIRECTION ( 'NONE',  ( -0.000000000000000000, -1.000000000000000000, -0.000000000000000000 ) ) ;
#853 = CARTESIAN_POINT ( 'NONE',  ( 7.499999999999998224, 12.50000000000000178, -65.50000000000000000 ) ) ;
#854 = EDGE_LOOP ( 'NONE', ( #1920, #1620, #790, #1907, #603, #156, #2323, #739, #1204, #1766 ) ) ;
#855 = CONICAL_SURFACE ( 'NONE', #389, 1.499999999999997780, 1.029744258676653645 ) ;
#856 = FACE_OUTER_BOUND ( 'NONE', #1715, .T. ) ;
#857 = ORIENTED_EDGE ( 'NONE', *, *, #747, .T. ) ;
#858 = CARTESIAN_POINT ( 'NONE',  ( -7.500000000000000000, 22.50000000000000355, -67.50000000000000000 ) ) ;
#859 = AXIS2_PLACEMENT_3D ( 'NONE', #1035, #1813, #118 ) ;
#860 = ADVANCED_FACE ( 'NONE', ( #1720 ), #576, .T. ) ;
#861 = CARTESIAN_POINT ( 'NONE',  ( 14.00000000000000178, 17.50000000000000000, 67.50000000000000000 ) ) ;
#862 = DIRECTION ( 'NONE',  ( 1.000000000000000000, 0.000000000000000000, 0.000000000000000000 ) ) ;
#863 = DIRECTION ( 'NONE',  ( -0.000000000000000000, 1.000000000000000000, -0.000000000000000000 ) ) ;
#864 = FACE_OUTER_BOUND ( 'NONE', #1247, .T. ) ;
#865 = DIRECTION ( 'NONE',  ( -1.000000000000000000, 0.000000000000000000, 0.000000000000000000 ) ) ;
#866 = VERTEX_POINT ( 'NONE', #407 ) ;
#867 = CIRCLE ( 'NONE', #1814, 2.500000000000002220 ) ;
#868 = AXIS2_PLACEMENT_3D ( 'NONE', #1307, #698, #2446 ) ;
#869 = DIRECTION ( 'NONE',  ( 0.000000000000000000, 0.000000000000000000, 1.000000000000000000 ) ) ;
#870 = ORIENTED_EDGE ( 'NONE', *, *, #397, .F. ) ;
#871 = ORIENTED_EDGE ( 'NONE', *, *, #1213, .F. ) ;
#872 = CARTESIAN_POINT ( 'NONE',  ( 14.00000000000000178, -17.50000000000000000, -67.50000000000000000 ) ) ;
#873 = CARTESIAN_POINT ( 'NONE',  ( -7.500000000000001776, 22.50000000000000355, -59.50000000000000711 ) ) ;
#874 = DIRECTION ( 'NONE',  ( 0.000000000000000000, -0.000000000000000000, -1.000000000000000000 ) ) ;
#875 = EDGE_CURVE ( 'NONE', #1879, #1539, #1255, .T. ) ;
#876 = VECTOR ( 'NONE', #2091, 1000.000000000000000 ) ;
#877 = CARTESIAN_POINT ( 'NONE',  ( 0.000000000000000000, 0.000000000000000000, 0.000000000000000000 ) ) ;
#878 = CARTESIAN_POINT ( 'NONE',  ( 12.50000000000000178, -17.50000000000000000, -58.70000000000000284 ) ) ;
#879 = DIRECTION ( 'NONE',  ( 1.000000000000000000, -0.000000000000000000, -0.000000000000000000 ) ) ;
#880 = ORIENTED_EDGE ( 'NONE', *, *, #252, .F. ) ;
#881 = FACE_OUTER_BOUND ( 'NONE', #333, .T. ) ;
#882 = ORIENTED_EDGE ( 'NONE', *, *, #1119, .F. ) ;
#883 = CARTESIAN_POINT ( 'NONE',  ( -12.49999999999999822, -17.50000000000000000, -58.70000000000000284 ) ) ;
#884 = EDGE_CURVE ( 'NONE', #2335, #2357, #1340, .T. ) ;
#885 = DIRECTION ( 'NONE',  ( 1.000000000000000000, 0.000000000000000000, 0.000000000000000000 ) ) ;
#886 = CYLINDRICAL_SURFACE ( 'NONE', #1848, 2.500000000000002220 ) ;
#887 = ORIENTED_EDGE ( 'NONE', *, *, #1209, .F. ) ;
#888 = DIRECTION ( 'NONE',  ( 0.000000000000000000, 0.000000000000000000, -1.000000000000000000 ) ) ;
#889 = VERTEX_POINT ( 'NONE', #417 ) ;
#890 = DIRECTION ( 'NONE',  ( -1.734723475976806848E-16, 0.000000000000000000, -1.000000000000000000 ) ) ;
#891 = ORIENTED_EDGE ( 'NONE', *, *, #938, .F. ) ;
#892 = CARTESIAN_POINT ( 'NONE',  ( -7.500000000000001776, 12.50000000000000178, 67.50000000000000000 ) ) ;
#893 = CARTESIAN_POINT ( 'NONE',  ( 22.50000000000000000, 21.67157287525381193, -58.32842712474618452 ) ) ;
#894 = CARTESIAN_POINT ( 'NONE',  ( -20.49999999999999645, 20.50000000000000355, 67.50000000000000000 ) ) ;
#895 = AXIS2_PLACEMENT_3D ( 'NONE', #2339, #1965, #1198 ) ;
#896 = CARTESIAN_POINT ( 'NONE',  ( 22.49999999999999645, 32.50000000000000000, 59.50000000000000711 ) ) ;
#897 = ADVANCED_FACE ( 'NONE', ( #1935 ), #2057, .F. ) ;
#898 = ORIENTED_EDGE ( 'NONE', *, *, #1376, .F. ) ;
#899 = CARTESIAN_POINT ( 'NONE',  ( 11.00000000000000355, 17.50000000000000000, 67.50000000000000000 ) ) ;
#900 = ORIENTED_EDGE ( 'NONE', *, *, #2110, .T. ) ;
#901 = CARTESIAN_POINT ( 'NONE',  ( 22.50000000000000000, 20.50000000000000355, 59.50000000000000711 ) ) ;
#902 = ADVANCED_FACE ( 'NONE', ( #1744 ), #2296, .F. ) ;
#903 = AXIS2_PLACEMENT_3D ( 'NONE', #1201, #124, #1993 ) ;
#904 = CYLINDRICAL_SURFACE ( 'NONE', #2011, 2.499999999999995115 ) ;
#905 = ORIENTED_EDGE ( 'NONE', *, *, #1882, .T. ) ;
#906 = EDGE_CURVE ( 'NONE', #1885, #1358, #2087, .T. ) ;
#907 = DIRECTION ( 'NONE',  ( 0.000000000000000000, 0.000000000000000000, 1.000000000000000000 ) ) ;
#908 = CIRCLE ( 'NONE', #438, 1.499999999999997780 ) ;
#909 = CARTESIAN_POINT ( 'NONE',  ( 20.49999999999999645, 22.50000000000000355, -57.50000000000000000 ) ) ;
#910 = FACE_OUTER_BOUND ( 'NONE', #2236, .T. ) ;
#911 = LINE ( 'NONE', #924, #516 ) ;
#912 = ORIENTED_EDGE ( 'NONE', *, *, #464, .T. ) ;
#913 = SHAPE_DEFINITION_REPRESENTATION ( #730, #1578 ) ;
#914 = DIRECTION ( 'NONE',  ( 0.000000000000000000, 0.000000000000000000, -1.000000000000000000 ) ) ;
#915 = ORIENTED_EDGE ( 'NONE', *, *, #1320, .F. ) ;
#916 = DIRECTION ( 'NONE',  ( 1.000000000000000000, 0.000000000000000000, 0.000000000000000000 ) ) ;
#917 = DIRECTION ( 'NONE',  ( -0.000000000000000000, -0.000000000000000000, -1.000000000000000000 ) ) ;
#918 = ORIENTED_EDGE ( 'NONE', *, *, #1419, .F. ) ;
#919 = VECTOR ( 'NONE', #498, 1000.000000000000000 ) ;
#920 = DIRECTION ( 'NONE',  ( -0.000000000000000000, -0.000000000000000000, 1.000000000000000000 ) ) ;
#921 = DIRECTION ( 'NONE',  ( 1.000000000000000000, 0.000000000000000000, -0.000000000000000000 ) ) ;
#922 = AXIS2_PLACEMENT_3D ( 'NONE', #1317, #1836, #2227 ) ;
#923 = CARTESIAN_POINT ( 'NONE',  ( 12.50000000000000178, -17.50000000000000000, 58.70000000000000284 ) ) ;
#924 = CARTESIAN_POINT ( 'NONE',  ( 14.00000000000000000, -17.50000000000000000, 58.70000000000000284 ) ) ;
#925 = ORIENTED_EDGE ( 'NONE', *, *, #1209, .T. ) ;
#926 = EDGE_CURVE ( 'NONE', #65, #757, #225, .T. ) ;
#927 = DIRECTION ( 'NONE',  ( 0.000000000000000000, 0.000000000000000000, -1.000000000000000000 ) ) ;
#928 = EDGE_LOOP ( 'NONE', ( #360, #953, #1339 ) ) ;
#929 = EDGE_CURVE ( 'NONE', #615, #866, #2098, .T. ) ;
#930 = DIRECTION ( 'NONE',  ( 0.000000000000000000, 0.000000000000000000, -1.000000000000000000 ) ) ;
#931 = DIRECTION ( 'NONE',  ( 1.000000000000000000, 0.000000000000000000, 0.000000000000000000 ) ) ;
#932 = EDGE_LOOP ( 'NONE', ( #469, #1719 ) ) ;
#933 = DIRECTION ( 'NONE',  ( 0.000000000000000000, 0.000000000000000000, 1.000000000000000000 ) ) ;
#934 = LINE ( 'NONE', #140, #1475 ) ;
#935 = CARTESIAN_POINT ( 'NONE',  ( 7.500000000000000000, 32.50000000000000000, 67.50000000000000000 ) ) ;
#936 = DIRECTION ( 'NONE',  ( 0.000000000000000000, 0.000000000000000000, 1.000000000000000000 ) ) ;
#937 = EDGE_LOOP ( 'NONE', ( #1604, #1488, #965, #1296 ) ) ;
#938 = EDGE_CURVE ( 'NONE', #540, #1842, #798, .T. ) ;
#939 = VECTOR ( 'NONE', #1625, 1000.000000000000000 ) ;
#940 = CARTESIAN_POINT ( 'NONE',  ( -7.500000000000000000, 32.50000000000000000, 67.50000000000000000 ) ) ;
#941 = EDGE_CURVE ( 'NONE', #889, #1293, #2307, .T. ) ;
#942 = ORIENTED_EDGE ( 'NONE', *, *, #1547, .F. ) ;
#943 = CARTESIAN_POINT ( 'NONE',  ( -15.00000000000000000, 22.50000000000000000, -62.49999999999998579 ) ) ;
#944 = EDGE_LOOP ( 'NONE', ( #1463, #297 ) ) ;
#945 = DIRECTION ( 'NONE',  ( 1.000000000000000000, 0.000000000000000000, 0.000000000000000000 ) ) ;
#946 = CONICAL_SURFACE ( 'NONE', #1423, 1.499999999999997780, 1.029744258676653645 ) ;
#947 = CYLINDRICAL_SURFACE ( 'NONE', #2235, 1.499999999999999556 ) ;
#948 = VECTOR ( 'NONE', #355, 1000.000000000000000 ) ;
#949 = CARTESIAN_POINT ( 'NONE',  ( 14.00000000000000000, -17.50000000000000000, -58.70000000000000284 ) ) ;
#950 = CARTESIAN_POINT ( 'NONE',  ( 22.50000000000000000, -20.49999999999999645, 67.50000000000000000 ) ) ;
#951 = ORIENTED_EDGE ( 'NONE', *, *, #306, .F. ) ;
#952 = DIRECTION ( 'NONE',  ( 0.000000000000000000, 0.000000000000000000, 1.000000000000000000 ) ) ;
#953 = ORIENTED_EDGE ( 'NONE', *, *, #681, .T. ) ;
#954 = CARTESIAN_POINT ( 'NONE',  ( 15.00000000000001421, 32.50000000000000000, 60.00000000000000000 ) ) ;
#955 = ORIENTED_EDGE ( 'NONE', *, *, #53, .F. ) ;
#956 = CIRCLE ( 'NONE', #2340, 1.499999999999999556 ) ;
#957 = LINE ( 'NONE', #1153, #1772 ) ;
#958 = FACE_OUTER_BOUND ( 'NONE', #1199, .T. ) ;
#959 = VECTOR ( 'NONE', #2381, 1000.000000000000000 ) ;
#960 = ORIENTED_EDGE ( 'NONE', *, *, #504, .F. ) ;
#961 = STYLED_ITEM ( 'NONE', ( #173 ), #1386 ) ;
#962 = DIRECTION ( 'NONE',  ( 0.000000000000000000, 0.000000000000000000, -1.000000000000000000 ) ) ;
#963 = ORIENTED_EDGE ( 'NONE', *, *, #1390, .F. ) ;
#964 = PLANE ( 'NONE',  #1449 ) ;
#965 = ORIENTED_EDGE ( 'NONE', *, *, #12, .T. ) ;
#966 = EDGE_CURVE ( 'NONE', #75, #1949, #1914, .T. ) ;
#967 = DIRECTION ( 'NONE',  ( -0.000000000000000000, 1.000000000000000000, -0.000000000000000000 ) ) ;
#968 = DIRECTION ( 'NONE',  ( -0.000000000000000000, 1.000000000000000000, -0.000000000000000000 ) ) ;
#969 = ORIENTED_EDGE ( 'NONE', *, *, #1419, .T. ) ;
#970 = VERTEX_POINT ( 'NONE', #2150 ) ;
#971 = CARTESIAN_POINT ( 'NONE',  ( -13.99999999999999822, 17.50000000000000000, -67.50000000000000000 ) ) ;
#972 = DIRECTION ( 'NONE',  ( -1.000000000000000000, 0.000000000000000000, 0.000000000000000000 ) ) ;
#973 = ORIENTED_EDGE ( 'NONE', *, *, #53, .T. ) ;
#974 = CARTESIAN_POINT ( 'NONE',  ( -13.99999999999999822, 17.50000000000000000, -67.50000000000000000 ) ) ;
#975 = CONICAL_SURFACE ( 'NONE', #700, 1.499999999999997780, 1.029744258676653645 ) ;
#976 = ADVANCED_FACE ( 'NONE', ( #1944 ), #56, .F. ) ;
#977 = CARTESIAN_POINT ( 'NONE',  ( 20.49999999999999645, -20.49999999999999645, -67.50000000000000000 ) ) ;
#978 = DIRECTION ( 'NONE',  ( -0.8571673007021118895, 0.000000000000000000, -0.5150380749100549327 ) ) ;
#979 = EDGE_LOOP ( 'NONE', ( #816, #2210, #2442 ) ) ;
#980 = ORIENTED_EDGE ( 'NONE', *, *, #941, .T. ) ;
#981 = FACE_OUTER_BOUND ( 'NONE', #514, .T. ) ;
#982 = CIRCLE ( 'NONE', #2259, 2.000000000000001776 ) ;
#983 = CARTESIAN_POINT ( 'NONE',  ( 20.49999999999999645, 32.50000000000000000, 57.50000000000000000 ) ) ;
#984 = VERTEX_POINT ( 'NONE', #601 ) ;
#985 = DIRECTION ( 'NONE',  ( -1.000000000000000000, 0.000000000000000000, 0.000000000000000000 ) ) ;
#986 = CIRCLE ( 'NONE', #2372, 1.499999999999997780 ) ;
#987 = CIRCLE ( 'NONE', #2376, 2.499999999999995115 ) ;
#988 = UNCERTAINTY_MEASURE_WITH_UNIT (LENGTH_MEASURE( 1.000000000000000082E-05 ), #496, 'distance_accuracy_value', 'NONE');
#989 = DIRECTION ( 'NONE',  ( 0.000000000000000000, 1.000000000000000000, 0.000000000000000000 ) ) ;
#990 = CARTESIAN_POINT ( 'NONE',  ( -22.50000000000000000, 32.50000000000000000, -67.50000000000000000 ) ) ;
#991 = VECTOR ( 'NONE', #517, 1000.000000000000000 ) ;
#992 = ORIENTED_EDGE ( 'NONE', *, *, #492, .T. ) ;
#993 = CARTESIAN_POINT ( 'NONE',  ( 14.00000000000000000, -17.50000000000000000, 58.70000000000000284 ) ) ;
#994 = DIRECTION ( 'NONE',  ( -0.000000000000000000, 1.000000000000000000, -0.000000000000000000 ) ) ;
#995 = VECTOR ( 'NONE', #849, 1000.000000000000000 ) ;
#996 = ORIENTED_EDGE ( 'NONE', *, *, #1923, .T. ) ;
#997 = DIRECTION ( 'NONE',  ( -0.000000000000000000, -1.000000000000000000, -0.000000000000000000 ) ) ;
#998 = VECTOR ( 'NONE', #770, 1000.000000000000000 ) ;
#999 = VERTEX_POINT ( 'NONE', #1356 ) ;
#1000 = ADVANCED_FACE ( 'NONE', ( #1550 ), #1934, .F. ) ;
#1001 = CARTESIAN_POINT ( 'NONE',  ( 22.49999999999999645, 32.50000000000000000, 57.50000000000000000 ) ) ;
#1002 = LINE ( 'NONE', #1166, #1651 ) ;
#1003 = ORIENTED_EDGE ( 'NONE', *, *, #2228, .F. ) ;
#1004 = ORIENTED_EDGE ( 'NONE', *, *, #2319, .F. ) ;
#1005 = CARTESIAN_POINT ( 'NONE',  ( -9.500000000000005329, 32.50000000000000000, 57.50000000000000000 ) ) ;
#1006 = CARTESIAN_POINT ( 'NONE',  ( 15.00000000000000000, 22.50000000000000000, -64.99999999999998579 ) ) ;
#1007 = ADVANCED_FACE ( 'NONE', ( #958 ), #436, .F. ) ;
#1008 = ORIENTED_EDGE ( 'NONE', *, *, #1233, .F. ) ;
#1009 = ADVANCED_FACE ( 'NONE', ( #811 ), #1925, .F. ) ;
#1010 = CARTESIAN_POINT ( 'NONE',  ( -12.49999999999999822, -17.50000000000000000, -67.50000000000000000 ) ) ;
#1011 = EDGE_LOOP ( 'NONE', ( #1774, #641 ) ) ;
#1012 = CIRCLE ( 'NONE', #303, 2.000000000000001776 ) ;
#1013 = AXIS2_PLACEMENT_3D ( 'NONE', #268, #842, #874 ) ;
#1014 = DIRECTION ( 'NONE',  ( 0.000000000000000000, 0.000000000000000000, 1.000000000000000000 ) ) ;
#1015 = ORIENTED_EDGE ( 'NONE', *, *, #1376, .T. ) ;
#1016 = DIRECTION ( 'NONE',  ( -0.000000000000000000, -0.000000000000000000, 1.000000000000000000 ) ) ;
#1017 = EDGE_CURVE ( 'NONE', #999, #1416, #1380, .T. ) ;
#1018 = ORIENTED_EDGE ( 'NONE', *, *, #159, .T. ) ;
#1019 = FACE_OUTER_BOUND ( 'NONE', #312, .T. ) ;
#1020 = CARTESIAN_POINT ( 'NONE',  ( -15.00000000000000000, 32.50000000000000000, -62.49999999999998579 ) ) ;
#1021 = AXIS2_PLACEMENT_3D ( 'NONE', #1230, #2193, #1637 ) ;
#1022 = CIRCLE ( 'NONE', #903, 1.499999999999997780 ) ;
#1023 = ORIENTED_EDGE ( 'NONE', *, *, #2220, .F. ) ;
#1024 = CIRCLE ( 'NONE', #2409, 1.499999999999999556 ) ;
#1025 = DIRECTION ( 'NONE',  ( -1.000000000000000000, 0.000000000000000000, 0.000000000000000000 ) ) ;
#1026 = VECTOR ( 'NONE', #187, 1000.000000000000000 ) ;
#1027 = ORIENTED_EDGE ( 'NONE', *, *, #2429, .F. ) ;
#1028 = ADVANCED_FACE ( 'NONE', ( #408 ), #1902, .F. ) ;
#1029 = CARTESIAN_POINT ( 'NONE',  ( 7.500000000000000000, 32.50000000000000000, 67.50000000000000000 ) ) ;
#1030 = ORIENTED_EDGE ( 'NONE', *, *, #495, .F. ) ;
#1031 = DIRECTION ( 'NONE',  ( 0.000000000000000000, 0.000000000000000000, 1.000000000000000000 ) ) ;
#1032 = CIRCLE ( 'NONE', #2143, 1.499999999999997780 ) ;
#1033 = ORIENTED_EDGE ( 'NONE', *, *, #1710, .F. ) ;
#1034 = CARTESIAN_POINT ( 'NONE',  ( 15.00000000000000000, 32.50000000000000000, -62.49999999999999289 ) ) ;
#1035 = CARTESIAN_POINT ( 'NONE',  ( 7.499999999999998224, 12.50000000000000178, 67.50000000000000000 ) ) ;
#1036 = EDGE_CURVE ( 'NONE', #545, #1847, #195, .T. ) ;
#1037 = VECTOR ( 'NONE', #2022, 1000.000000000000000 ) ;
#1038 = CARTESIAN_POINT ( 'NONE',  ( 8.328427124746188071, 13.32842712474619518, -67.50000000000000000 ) ) ;
#1039 = VERTEX_POINT ( 'NONE', #441 ) ;
#1040 = CONICAL_SURFACE ( 'NONE', #55, 1.499999999999997780, 1.029744258676653645 ) ;
#1041 = EDGE_CURVE ( 'NONE', #1282, #19, #634, .T. ) ;
#1042 = DIRECTION ( 'NONE',  ( 1.000000000000000000, 0.000000000000000000, 0.000000000000000000 ) ) ;
#1043 = ORIENTED_EDGE ( 'NONE', *, *, #2015, .T. ) ;
#1044 = EDGE_CURVE ( 'NONE', #680, #67, #1002, .T. ) ;
#1045 = PLANE ( 'NONE',  #607 ) ;
#1046 = LINE ( 'NONE', #1397, #323 ) ;
#1047 = FACE_OUTER_BOUND ( 'NONE', #937, .T. ) ;
#1048 = DIRECTION ( 'NONE',  ( 1.000000000000000000, -0.000000000000000000, -0.000000000000000000 ) ) ;
#1049 = LINE ( 'NONE', #322, #426 ) ;
#1050 = LINE ( 'NONE', #121, #806 ) ;
#1051 = ORIENTED_EDGE ( 'NONE', *, *, #2044, .T. ) ;
#1052 = DIRECTION ( 'NONE',  ( -0.000000000000000000, 1.000000000000000000, -0.000000000000000000 ) ) ;
#1053 = EDGE_LOOP ( 'NONE', ( #2069, #2298, #651, #2435 ) ) ;
#1054 = EDGE_LOOP ( 'NONE', ( #2260, #1067, #845 ) ) ;
#1055 = ADVANCED_FACE ( 'NONE', ( #589 ), #1897, .F. ) ;
#1056 = DIRECTION ( 'NONE',  ( -0.000000000000000000, 1.000000000000000000, -0.000000000000000000 ) ) ;
#1057 = DIRECTION ( 'NONE',  ( -0.000000000000000000, -0.000000000000000000, 1.000000000000000000 ) ) ;
#1058 = CARTESIAN_POINT ( 'NONE',  ( -12.49999999999999822, 17.50000000000000000, 58.70000000000000284 ) ) ;
#1059 = CARTESIAN_POINT ( 'NONE',  ( 22.50000000000000000, 32.50000000000000000, 67.50000000000000000 ) ) ;
#1060 = LINE ( 'NONE', #703, #584 ) ;
#1061 = DIRECTION ( 'NONE',  ( 0.8571673007021118895, 1.049727191138618079E-16, -0.5150380749100549327 ) ) ;
#1062 = VERTEX_POINT ( 'NONE', #1343 ) ;
#1063 = AXIS2_PLACEMENT_3D ( 'NONE', #1886, #381, #1684 ) ;
#1064 = CIRCLE ( 'NONE', #2, 1.499999999999999556 ) ;
#1065 = ADVANCED_FACE ( 'NONE', ( #1937 ), #1732, .F. ) ;
#1066 = CARTESIAN_POINT ( 'NONE',  ( 12.50000000000000178, -17.50000000000000000, -67.50000000000000000 ) ) ;
#1067 = ORIENTED_EDGE ( 'NONE', *, *, #1748, .T. ) ;
#1068 = CARTESIAN_POINT ( 'NONE',  ( -15.00000000000000355, 20.99784845243109999, -62.49999999999998579 ) ) ;
#1069 = DIRECTION ( 'NONE',  ( 0.000000000000000000, 0.000000000000000000, -1.000000000000000000 ) ) ;
#1070 = DIRECTION ( 'NONE',  ( 1.049727191138618079E-16, 0.5150380749100549327, -0.8571673007021118895 ) ) ;
#1071 = ORIENTED_EDGE ( 'NONE', *, *, #136, .F. ) ;
#1072 = AXIS2_PLACEMENT_3D ( 'NONE', #331, #1676, #302 ) ;
#1073 = DIRECTION ( 'NONE',  ( -1.000000000000000000, -0.000000000000000000, -0.000000000000000000 ) ) ;
#1074 = ORIENTED_EDGE ( 'NONE', *, *, #1618, .F. ) ;
#1075 = DIRECTION ( 'NONE',  ( 0.000000000000000000, 0.000000000000000000, 1.000000000000000000 ) ) ;
#1076 = EDGE_CURVE ( 'NONE', #2054, #1581, #1780, .T. ) ;
#1077 = ORIENTED_EDGE ( 'NONE', *, *, #1933, .F. ) ;
#1078 = ADVANCED_FACE ( 'NONE', ( #1536 ), #2297, .T. ) ;
#1079 = LINE ( 'NONE', #2211, #720 ) ;
#1080 = CARTESIAN_POINT ( 'NONE',  ( 7.500000000000002665, -12.49999999999999822, 67.50000000000000000 ) ) ;
#1081 = DIRECTION ( 'NONE',  ( 0.000000000000000000, -1.000000000000000000, 0.000000000000000000 ) ) ;
#1082 = ORIENTED_EDGE ( 'NONE', *, *, #1616, .T. ) ;
#1083 = CARTESIAN_POINT ( 'NONE',  ( 14.00000000000000178, 17.50000000000000000, -67.50000000000000000 ) ) ;
#1084 =( NAMED_UNIT ( * ) PLANE_ANGLE_UNIT ( ) SI_UNIT ( $, .RADIAN. ) );
#1085 = EDGE_CURVE ( 'NONE', #757, #406, #2309, .T. ) ;
#1086 = ORIENTED_EDGE ( 'NONE', *, *, #777, .T. ) ;
#1087 = ADVANCED_FACE ( 'NONE', ( #856 ), #1980, .F. ) ;
#1088 = DIRECTION ( 'NONE',  ( -0.000000000000000000, 1.000000000000000000, -0.000000000000000000 ) ) ;
#1089 = FACE_BOUND ( 'NONE', #2341, .T. ) ;
#1090 = ORIENTED_EDGE ( 'NONE', *, *, #181, .F. ) ;
#1091 = CARTESIAN_POINT ( 'NONE',  ( 7.500000000000000000, 32.50000000000000000, 67.50000000000000000 ) ) ;
#1092 = DIRECTION ( 'NONE',  ( -0.000000000000000000, -0.000000000000000000, -1.000000000000000000 ) ) ;
#1093 = DIRECTION ( 'NONE',  ( 0.8571673007021118895, 0.000000000000000000, 0.5150380749100549327 ) ) ;
#1094 = CIRCLE ( 'NONE', #263, 2.000000000000001776 ) ;
#1095 = DIRECTION ( 'NONE',  ( -0.000000000000000000, 1.000000000000000000, -0.000000000000000000 ) ) ;
#1096 = ORIENTED_EDGE ( 'NONE', *, *, #1953, .F. ) ;
#1097 = VECTOR ( 'NONE', #413, 1000.000000000000000 ) ;
#1098 = CARTESIAN_POINT ( 'NONE',  ( 12.50000000000000178, -17.50000000000000000, -67.50000000000000000 ) ) ;
#1099 = ORIENTED_EDGE ( 'NONE', *, *, #205, .F. ) ;
#1100 = CARTESIAN_POINT ( 'NONE',  ( -9.500000000000001776, 14.50000000000000178, -67.50000000000000000 ) ) ;
#1101 = CARTESIAN_POINT ( 'NONE',  ( -22.50000000000000000, 20.50000000000000355, 59.50000000000000711 ) ) ;
#1102 = DIRECTION ( 'NONE',  ( -1.000000000000000000, -1.387778780781445922E-16, 0.000000000000000000 ) ) ;
#1103 = EDGE_LOOP ( 'NONE', ( #1325, #882, #1600, #1126 ) ) ;
#1104 = CARTESIAN_POINT ( 'NONE',  ( -15.00000000000000000, 22.50000000000000000, -62.49999999999998579 ) ) ;
#1105 = DIRECTION ( 'NONE',  ( -0.8571673007021118895, 1.049727191138618079E-16, 0.5150380749100549327 ) ) ;
#1106 = DIRECTION ( 'NONE',  ( -0.000000000000000000, -0.000000000000000000, 1.000000000000000000 ) ) ;
#1107 = CARTESIAN_POINT ( 'NONE',  ( -14.99999999999998401, 22.50000000000000000, 65.00000000000000000 ) ) ;
#1108 = ORIENTED_EDGE ( 'NONE', *, *, #1830, .T. ) ;
#1109 = AXIS2_PLACEMENT_3D ( 'NONE', #1954, #646, #669 ) ;
#1110 = EDGE_CURVE ( 'NONE', #99, #406, #1195, .T. ) ;
#1111 = DIRECTION ( 'NONE',  ( -0.000000000000000000, 1.000000000000000000, -0.000000000000000000 ) ) ;
#1112 = AXIS2_PLACEMENT_3D ( 'NONE', #1034, #244, #1958 ) ;
#1113 = EDGE_CURVE ( 'NONE', #479, #1400, #1022, .T. ) ;
#1114 = AXIS2_PLACEMENT_3D ( 'NONE', #2155, #1775, #1205 ) ;
#1115 = ORIENTED_EDGE ( 'NONE', *, *, #2392, .T. ) ;
#1116 = LINE ( 'NONE', #1362, #1704 ) ;
#1117 = LINE ( 'NONE', #17, #558 ) ;
#1118 = ORIENTED_EDGE ( 'NONE', *, *, #157, .T. ) ;
#1119 = EDGE_CURVE ( 'NONE', #655, #2075, #2097, .T. ) ;
#1120 = LINE ( 'NONE', #2267, #1395 ) ;
#1121 = DIRECTION ( 'NONE',  ( 0.000000000000000000, -1.000000000000000000, 0.000000000000000000 ) ) ;
#1122 = EDGE_CURVE ( 'NONE', #781, #2137, #2406, .T. ) ;
#1123 = AXIS2_PLACEMENT_3D ( 'NONE', #710, #342, #356 ) ;
#1124 = CARTESIAN_POINT ( 'NONE',  ( 20.49999999999999645, -22.50000000000000000, 67.50000000000000000 ) ) ;
#1125 = DIRECTION ( 'NONE',  ( 0.8571673007021118895, 0.000000000000000000, 0.5150380749100549327 ) ) ;
#1126 = ORIENTED_EDGE ( 'NONE', *, *, #2356, .T. ) ;
#1127 = ORIENTED_EDGE ( 'NONE', *, *, #439, .F. ) ;
#1128 = FACE_OUTER_BOUND ( 'NONE', #979, .T. ) ;
#1129 = EDGE_LOOP ( 'NONE', ( #175, #2265, #2117, #87 ) ) ;
#1130 = CARTESIAN_POINT ( 'NONE',  ( 15.00000000000001421, 22.50000000000000000, 64.99999999999998579 ) ) ;
#1131 = LINE ( 'NONE', #167, #2192 ) ;
#1132 = ADVANCED_FACE ( 'NONE', ( #2198 ), #946, .F. ) ;
#1133 = CARTESIAN_POINT ( 'NONE',  ( -15.00000000000000000, 32.50000000000000000, -62.49999999999998579 ) ) ;
#1134 = CARTESIAN_POINT ( 'NONE',  ( 22.50000000000000000, 22.50000000000000355, 67.50000000000000000 ) ) ;
#1135 = EDGE_LOOP ( 'NONE', ( #2157, #2397, #219 ) ) ;
#1136 = VECTOR ( 'NONE', #805, 1000.000000000000000 ) ;
#1137 = VERTEX_POINT ( 'NONE', #98 ) ;
#1138 = CARTESIAN_POINT ( 'NONE',  ( -7.500000000000001776, 32.50000000000000000, -59.50000000000000711 ) ) ;
#1139 = ADVANCED_FACE ( 'NONE', ( #276 ), #80, .F. ) ;
#1140 = VERTEX_POINT ( 'NONE', #111 ) ;
#1141 = CARTESIAN_POINT ( 'NONE',  ( 11.00000000000000533, 17.50000000000000000, -58.70000000000000284 ) ) ;
#1142 = AXIS2_PLACEMENT_3D ( 'NONE', #2289, #2102, #775 ) ;
#1143 = DIRECTION ( 'NONE',  ( -0.000000000000000000, -0.000000000000000000, 1.000000000000000000 ) ) ;
#1144 = CIRCLE ( 'NONE', #400, 2.500000000000002220 ) ;
#1145 = CARTESIAN_POINT ( 'NONE',  ( 12.50000000000000000, -17.50000000000000000, 57.79870907145865999 ) ) ;
#1146 = ORIENTED_EDGE ( 'NONE', *, *, #2034, .F. ) ;
#1147 = VECTOR ( 'NONE', #1858, 1000.000000000000000 ) ;
#1148 = DIRECTION ( 'NONE',  ( 1.000000000000000000, 0.000000000000000000, 0.000000000000000000 ) ) ;
#1149 = ORIENTED_EDGE ( 'NONE', *, *, #2264, .F. ) ;
#1150 = DIRECTION ( 'NONE',  ( -0.000000000000000000, 1.000000000000000000, -0.000000000000000000 ) ) ;
#1151 = AXIS2_PLACEMENT_3D ( 'NONE', #1364, #423, #387 ) ;
#1152 = ORIENTED_EDGE ( 'NONE', *, *, #2034, .T. ) ;
#1153 = CARTESIAN_POINT ( 'NONE',  ( -7.499999999999998224, -12.49999999999999822, 67.50000000000000000 ) ) ;
#1154 = DIRECTION ( 'NONE',  ( 1.000000000000000000, 0.000000000000000000, 0.000000000000000000 ) ) ;
#1155 = AXIS2_PLACEMENT_3D ( 'NONE', #883, #838, #1608 ) ;
#1156 = ORIENTED_EDGE ( 'NONE', *, *, #1568, .F. ) ;
#1157 = VERTEX_POINT ( 'NONE', #1403 ) ;
#1158 = AXIS2_PLACEMENT_3D ( 'NONE', #1686, #1121, #1876 ) ;
#1159 = ORIENTED_EDGE ( 'NONE', *, *, #1922, .F. ) ;
#1160 = DIRECTION ( 'NONE',  ( -1.000000000000000000, 0.000000000000000000, 0.000000000000000000 ) ) ;
#1161 = LINE ( 'NONE', #2119, #1532 ) ;
#1162 = ORIENTED_EDGE ( 'NONE', *, *, #792, .F. ) ;
#1163 = EDGE_CURVE ( 'NONE', #1523, #1416, #1794, .T. ) ;
#1164 = DIRECTION ( 'NONE',  ( -0.000000000000000000, -0.000000000000000000, -1.000000000000000000 ) ) ;
#1165 = DIRECTION ( 'NONE',  ( -0.000000000000000000, 1.000000000000000000, -0.000000000000000000 ) ) ;
#1166 = CARTESIAN_POINT ( 'NONE',  ( -13.99999999999999645, -17.50000000000000000, -58.70000000000000284 ) ) ;
#1167 = ORIENTED_EDGE ( 'NONE', *, *, #1649, .T. ) ;
#1168 = ORIENTED_EDGE ( 'NONE', *, *, #1448, .F. ) ;
#1169 = FACE_OUTER_BOUND ( 'NONE', #1202, .T. ) ;
#1170 = CARTESIAN_POINT ( 'NONE',  ( 14.00000000000000000, 17.50000000000000000, 58.70000000000000284 ) ) ;
#1171 = VECTOR ( 'NONE', #2181, 1000.000000000000000 ) ;
#1172 = VERTEX_POINT ( 'NONE', #2364 ) ;
#1173 = CARTESIAN_POINT ( 'NONE',  ( 11.00000000000000355, 17.50000000000000000, -67.50000000000000000 ) ) ;
#1174 = DIRECTION ( 'NONE',  ( -0.000000000000000000, -0.000000000000000000, -1.000000000000000000 ) ) ;
#1175 = CARTESIAN_POINT ( 'NONE',  ( -22.50000000000000000, 21.67157287525381193, 58.32842712474619873 ) ) ;
#1176 = ORIENTED_EDGE ( 'NONE', *, *, #2055, .T. ) ;
#1177 = AXIS2_PLACEMENT_3D ( 'NONE', #1098, #1840, #1431 ) ;
#1178 = CIRCLE ( 'NONE', #1341, 2.500000000000002220 ) ;
#1179 = CARTESIAN_POINT ( 'NONE',  ( -11.00000000000000178, -17.50000000000000000, 58.70000000000000284 ) ) ;
#1180 = VECTOR ( 'NONE', #2407, 1000.000000000000000 ) ;
#1181 = CARTESIAN_POINT ( 'NONE',  ( 12.50000000000000178, 17.50000000000000000, 58.70000000000000284 ) ) ;
#1182 = ADVANCED_FACE ( 'NONE', ( #465 ), #2266, .F. ) ;
#1183 = ORIENTED_EDGE ( 'NONE', *, *, #136, .T. ) ;
#1184 = FACE_OUTER_BOUND ( 'NONE', #466, .T. ) ;
#1185 = AXIS2_PLACEMENT_3D ( 'NONE', #1029, #1784, #847 ) ;
#1186 = DIRECTION ( 'NONE',  ( 1.000000000000000000, -0.000000000000000000, -0.000000000000000000 ) ) ;
#1187 = DIRECTION ( 'NONE',  ( -0.000000000000000000, -0.000000000000000000, -1.000000000000000000 ) ) ;
#1188 = CIRCLE ( 'NONE', #2023, 1.499999999999997780 ) ;
#1189 = EDGE_LOOP ( 'NONE', ( #1822, #2026, #1224 ) ) ;
#1190 = ADVANCED_FACE ( 'NONE', ( #501, #881 ), #1424, .F. ) ;
#1191 = ADVANCED_FACE ( 'NONE', ( #476 ), #487, .F. ) ;
#1192 = ORIENTED_EDGE ( 'NONE', *, *, #1351, .F. ) ;
#1193 = CARTESIAN_POINT ( 'NONE',  ( -20.49999999999999645, 22.50000000000000355, -57.50000000000000000 ) ) ;
#1194 = CARTESIAN_POINT ( 'NONE',  ( -13.99999999999999822, 17.50000000000000000, 67.50000000000000000 ) ) ;
#1195 =( BOUNDED_CURVE ( )  B_SPLINE_CURVE ( 3, ( #287, #2172, #2343, #2005 ),
 .UNSPECIFIED., .F., .F. ) 
 B_SPLINE_CURVE_WITH_KNOTS ( ( 4, 4 ),
 ( 0.000000000000000000, 1.570796326794897002 ),
 .UNSPECIFIED. ) 
 CURVE ( )  GEOMETRIC_REPRESENTATION_ITEM ( )  RATIONAL_B_SPLINE_CURVE ( ( 1.000000000000000000, 0.8047378541243649375, 0.8047378541243649375, 1.000000000000000000 ) ) 
 REPRESENTATION_ITEM ( '' )  );
#1196 = APPLICATION_CONTEXT ( 'automotive_design' ) ;
#1197 = ORIENTED_EDGE ( 'NONE', *, *, #2429, .T. ) ;
#1198 = DIRECTION ( 'NONE',  ( 0.000000000000000000, 0.000000000000000000, -1.000000000000000000 ) ) ;
#1199 = EDGE_LOOP ( 'NONE', ( #762, #666, #1853 ) ) ;
#1200 = DIRECTION ( 'NONE',  ( -0.000000000000000000, 1.000000000000000000, -0.000000000000000000 ) ) ;
#1201 = CARTESIAN_POINT ( 'NONE',  ( -12.49999999999999822, 17.50000000000000000, -58.70000000000000284 ) ) ;
#1202 = EDGE_LOOP ( 'NONE', ( #186, #2271, #1995 ) ) ;
#1203 = LINE ( 'NONE', #858, #51 ) ;
#1204 = ORIENTED_EDGE ( 'NONE', *, *, #134, .F. ) ;
#1205 = DIRECTION ( 'NONE',  ( -1.000000000000000000, 0.000000000000000000, 0.000000000000000000 ) ) ;
#1206 = DIRECTION ( 'NONE',  ( 0.000000000000000000, -1.000000000000000000, 0.000000000000000000 ) ) ;
#1207 = VERTEX_POINT ( 'NONE', #1235 ) ;
#1208 = LINE ( 'NONE', #2158, #1685 ) ;
#1209 = EDGE_CURVE ( 'NONE', #258, #1648, #1509, .T. ) ;
#1210 = ORIENTED_EDGE ( 'NONE', *, *, #2360, .F. ) ;
#1211 = VECTOR ( 'NONE', #1070, 1000.000000000000000 ) ;
#1212 = DIRECTION ( 'NONE',  ( 0.000000000000000000, -1.000000000000000000, 0.000000000000000000 ) ) ;
#1213 = EDGE_CURVE ( 'NONE', #269, #2082, #160, .T. ) ;
#1214 = VERTEX_POINT ( 'NONE', #1245 ) ;
#1215 = LINE ( 'NONE', #264, #88 ) ;
#1216 = EDGE_LOOP ( 'NONE', ( #1246, #2063, #310, #1955, #1583, #1438, #1033, #477, #618, #247, #251, #2215, #1159, #2196, #1030, #16 ) ) ;
#1217 = FACE_OUTER_BOUND ( 'NONE', #1517, .T. ) ;
#1218 = LINE ( 'NONE', #95, #1727 ) ;
#1219 = CARTESIAN_POINT ( 'NONE',  ( -11.00000000000000000, 17.50000000000000000, -67.50000000000000000 ) ) ;
#1220 = EDGE_CURVE ( 'NONE', #223, #787, #986, .T. ) ;
#1221 = ORIENTED_EDGE ( 'NONE', *, *, #926, .F. ) ;
#1222 = EDGE_CURVE ( 'NONE', #1293, #1807, #1767, .T. ) ;
#1223 = DIRECTION ( 'NONE',  ( 1.000000000000000000, 0.000000000000000000, -0.000000000000000000 ) ) ;
#1224 = ORIENTED_EDGE ( 'NONE', *, *, #1568, .T. ) ;
#1225 = CARTESIAN_POINT ( 'NONE',  ( -12.49999999999999822, -17.50000000000000000, 67.50000000000000000 ) ) ;
#1226 = ORIENTED_EDGE ( 'NONE', *, *, #306, .T. ) ;
#1227 = DIRECTION ( 'NONE',  ( -0.000000000000000000, 1.000000000000000000, -0.000000000000000000 ) ) ;
#1228 = CARTESIAN_POINT ( 'NONE',  ( -7.500000000000000000, 32.50000000000000000, -67.50000000000000000 ) ) ;
#1229 = CIRCLE ( 'NONE', #1551, 1.499999999999999556 ) ;
#1230 = CARTESIAN_POINT ( 'NONE',  ( -12.49999999999999822, -17.50000000000000000, 67.50000000000000000 ) ) ;
#1231 = DIRECTION ( 'NONE',  ( -0.000000000000000000, -0.000000000000000000, 1.000000000000000000 ) ) ;
#1232 = ORIENTED_EDGE ( 'NONE', *, *, #1996, .T. ) ;
#1233 = EDGE_CURVE ( 'NONE', #67, #999, #1273, .T. ) ;
#1234 = VECTOR ( 'NONE', #2437, 1000.000000000000000 ) ;
#1235 = CARTESIAN_POINT ( 'NONE',  ( -7.500000000000000000, 32.50000000000000000, 67.50000000000000000 ) ) ;
#1236 = VERTEX_POINT ( 'NONE', #326 ) ;
#1237 = ORIENTED_EDGE ( 'NONE', *, *, #1626, .T. ) ;
#1238 = EDGE_CURVE ( 'NONE', #2013, #143, #239, .T. ) ;
#1239 = CARTESIAN_POINT ( 'NONE',  ( -22.49999999999999645, 32.50000000000000000, -57.50000000000000000 ) ) ;
#1240 = CARTESIAN_POINT ( 'NONE',  ( 22.49999999999999645, 32.50000000000000000, -57.50000000000000000 ) ) ;
#1241 = CARTESIAN_POINT ( 'NONE',  ( -20.49999999999998224, -22.50000000000000000, -67.50000000000000000 ) ) ;
#1242 = CYLINDRICAL_SURFACE ( 'NONE', #145, 2.000000000000001776 ) ;
#1243 = CARTESIAN_POINT ( 'NONE',  ( -11.00000000000000000, 17.50000000000000000, 67.50000000000000000 ) ) ;
#1244 = ORIENTED_EDGE ( 'NONE', *, *, #1933, .T. ) ;
#1245 = CARTESIAN_POINT ( 'NONE',  ( 20.49999999999999645, 22.50000000000000355, 57.50000000000000000 ) ) ;
#1246 = ORIENTED_EDGE ( 'NONE', *, *, #693, .F. ) ;
#1247 = EDGE_LOOP ( 'NONE', ( #1870, #905, #1486, #319 ) ) ;
#1248 = LINE ( 'NONE', #1304, #2342 ) ;
#1249 = CYLINDRICAL_SURFACE ( 'NONE', #207, 1.499999999999999556 ) ;
#1250 = CARTESIAN_POINT ( 'NONE',  ( 7.500000000000000000, 22.50000000000000355, 67.50000000000000000 ) ) ;
#1251 = FACE_OUTER_BOUND ( 'NONE', #279, .T. ) ;
#1252 = DIRECTION ( 'NONE',  ( 1.000000000000000000, 0.000000000000000000, 0.000000000000000000 ) ) ;
#1253 = ADVANCED_FACE ( 'NONE', ( #718 ), #2209, .T. ) ;
#1254 = ORIENTED_EDGE ( 'NONE', *, *, #2076, .T. ) ;
#1255 = CIRCLE ( 'NONE', #313, 2.000000000000001776 ) ;
#1256 = VECTOR ( 'NONE', #2421, 1000.000000000000000 ) ;
#1257 = DIRECTION ( 'NONE',  ( -0.000000000000000000, 1.000000000000000000, -0.000000000000000000 ) ) ;
#1258 = EDGE_LOOP ( 'NONE', ( #1991, #2274, #512, #955 ) ) ;
#1259 = DIRECTION ( 'NONE',  ( -1.734723475976807094E-16, 1.000000000000000000, -0.000000000000000000 ) ) ;
#1260 = ADVANCED_FACE ( 'NONE', ( #149 ), #904, .F. ) ;
#1261 = CARTESIAN_POINT ( 'NONE',  ( -22.50000000000000000, 20.50000000000000355, -59.50000000000000711 ) ) ;
#1262 = LINE ( 'NONE', #2068, #198 ) ;
#1263 = ORIENTED_EDGE ( 'NONE', *, *, #1409, .F. ) ;
#1264 = VECTOR ( 'NONE', #1985, 1000.000000000000000 ) ;
#1265 = ADVANCED_FACE ( 'NONE', ( #137 ), #2047, .T. ) ;
#1266 = AXIS2_PLACEMENT_3D ( 'NONE', #59, #814, #1564 ) ;
#1267 = FACE_OUTER_BOUND ( 'NONE', #1513, .T. ) ;
#1268 = CARTESIAN_POINT ( 'NONE',  ( -20.49999999999999645, 32.50000000000000000, 59.50000000000000711 ) ) ;
#1269 = VECTOR ( 'NONE', #1259, 1000.000000000000000 ) ;
#1270 = VERTEX_POINT ( 'NONE', #1476 ) ;
#1271 =( BOUNDED_CURVE ( )  B_SPLINE_CURVE ( 3, ( #2051, #893, #1660, #909 ),
 .UNSPECIFIED., .F., .F. ) 
 B_SPLINE_CURVE_WITH_KNOTS ( ( 4, 4 ),
 ( 1.570796326794896558, 3.141592653589793116 ),
 .UNSPECIFIED. ) 
 CURVE ( )  GEOMETRIC_REPRESENTATION_ITEM ( )  RATIONAL_B_SPLINE_CURVE ( ( 1.000000000000000000, 0.8047378541243649375, 0.8047378541243649375, 1.000000000000000000 ) ) 
 REPRESENTATION_ITEM ( '' )  );
#1272 = AXIS2_PLACEMENT_3D ( 'NONE', #2089, #1305, #529 ) ;
#1273 = LINE ( 'NONE', #163, #797 ) ;
#1274 = EDGE_LOOP ( 'NONE', ( #1086, #1167, #645, #253, #829, #2379 ) ) ;
#1275 = DIRECTION ( 'NONE',  ( 1.000000000000000000, 0.000000000000000000, 0.000000000000000000 ) ) ;
#1276 = DIRECTION ( 'NONE',  ( -0.000000000000000000, -0.000000000000000000, 1.000000000000000000 ) ) ;
#1277 = CARTESIAN_POINT ( 'NONE',  ( -22.50000000000000000, 21.67157287525381548, -58.32842712474618452 ) ) ;
#1278 = DIRECTION ( 'NONE',  ( -0.000000000000000000, -0.000000000000000000, 1.000000000000000000 ) ) ;
#1279 = ORIENTED_EDGE ( 'NONE', *, *, #2110, .F. ) ;
#1280 = APPLICATION_PROTOCOL_DEFINITION ( 'draft international standard', 'automotive_design', 1998, #1196 ) ;
#1281 = CARTESIAN_POINT ( 'NONE',  ( -12.49999999999999822, 17.50000000000000000, 58.70000000000000284 ) ) ;
#1282 = VERTEX_POINT ( 'NONE', #338 ) ;
#1283 = CARTESIAN_POINT ( 'NONE',  ( 11.00000000000000533, 17.50000000000000000, 58.70000000000000284 ) ) ;
#1284 = EDGE_CURVE ( 'NONE', #138, #2137, #1833, .T. ) ;
#1285 = LINE ( 'NONE', #954, #1461 ) ;
#1286 = DIRECTION ( 'NONE',  ( 0.000000000000000000, 0.000000000000000000, 1.000000000000000000 ) ) ;
#1287 = ORIENTED_EDGE ( 'NONE', *, *, #1723, .T. ) ;
#1288 = ADVANCED_FACE ( 'NONE', ( #2400, #705, #1462, #526, #1089, #2066 ), #394, .F. ) ;
#1289 = FACE_BOUND ( 'NONE', #591, .T. ) ;
#1290 = CARTESIAN_POINT ( 'NONE',  ( 0.000000000000000000, 0.000000000000000000, -67.50000000000000000 ) ) ;
#1291 = CARTESIAN_POINT ( 'NONE',  ( -11.00000000000000178, -17.50000000000000000, 58.70000000000000284 ) ) ;
#1292 = CARTESIAN_POINT ( 'NONE',  ( 7.500000000000001776, 32.50000000000000000, -59.50000000000000711 ) ) ;
#1293 = VERTEX_POINT ( 'NONE', #566 ) ;
#1294 = AXIS2_PLACEMENT_3D ( 'NONE', #662, #2012, #1635 ) ;
#1295 = CARTESIAN_POINT ( 'NONE',  ( -11.00000000000000178, -17.50000000000000000, -58.70000000000000284 ) ) ;
#1296 = ORIENTED_EDGE ( 'NONE', *, *, #1528, .T. ) ;
#1297 = EDGE_CURVE ( 'NONE', #19, #1236, #382, .T. ) ;
#1298 = DIRECTION ( 'NONE',  ( 0.000000000000000000, -1.000000000000000000, 0.000000000000000000 ) ) ;
#1299 = CARTESIAN_POINT ( 'NONE',  ( -11.00000000000000178, -17.50000000000000000, -58.70000000000000284 ) ) ;
#1300 = AXIS2_PLACEMENT_3D ( 'NONE', #977, #1731, #41 ) ;
#1301 = EDGE_CURVE ( 'NONE', #1581, #1664, #1645, .T. ) ;
#1302 = CIRCLE ( 'NONE', #79, 2.499999999999995115 ) ;
#1303 = EDGE_LOOP ( 'NONE', ( #548, #1567 ) ) ;
#1304 = CARTESIAN_POINT ( 'NONE',  ( -14.99999999999998401, 22.50000000000000000, 65.00000000000000000 ) ) ;
#1305 = DIRECTION ( 'NONE',  ( 0.000000000000000000, -1.000000000000000000, 0.000000000000000000 ) ) ;
#1306 = CARTESIAN_POINT ( 'NONE',  ( 0.000000000000000000, 14.50000000000000178, -65.50000000000000000 ) ) ;
#1307 = CARTESIAN_POINT ( 'NONE',  ( -12.49999999999999822, 17.50000000000000000, 67.50000000000000000 ) ) ;
#1308 = ORIENTED_EDGE ( 'NONE', *, *, #1238, .T. ) ;
#1309 = VECTOR ( 'NONE', #1641, 1000.000000000000000 ) ;
#1310 = CARTESIAN_POINT ( 'NONE',  ( -15.00000000000000000, 22.50000000000000000, -59.99999999999998579 ) ) ;
#1311 = VECTOR ( 'NONE', #493, 1000.000000000000000 ) ;
#1312 = ORIENTED_EDGE ( 'NONE', *, *, #1558, .F. ) ;
#1313 = LINE ( 'NONE', #4, #1147 ) ;
#1314 = EDGE_CURVE ( 'NONE', #38, #2380, #1271, .T. ) ;
#1315 = EDGE_LOOP ( 'NONE', ( #164, #70, #685, #2352 ) ) ;
#1316 = CARTESIAN_POINT ( 'NONE',  ( 12.50000000000000178, -17.50000000000000000, 67.50000000000000000 ) ) ;
#1317 = CARTESIAN_POINT ( 'NONE',  ( -14.99999999999998401, 22.50000000000000000, 62.50000000000000000 ) ) ;
#1318 = AXIS2_PLACEMENT_3D ( 'NONE', #1656, #2415, #1860 ) ;
#1319 = LINE ( 'NONE', #949, #525 ) ;
#1320 = EDGE_CURVE ( 'NONE', #1885, #178, #289, .T. ) ;
#1321 = LINE ( 'NONE', #2391, #668 ) ;
#1322 = ORIENTED_EDGE ( 'NONE', *, *, #1556, .F. ) ;
#1323 = DIRECTION ( 'NONE',  ( -1.734723475976806848E-16, 0.000000000000000000, -1.000000000000000000 ) ) ;
#1324 = ADVANCED_FACE ( 'NONE', ( #1864 ), #947, .F. ) ;
#1325 = ORIENTED_EDGE ( 'NONE', *, *, #1964, .F. ) ;
#1326 = CARTESIAN_POINT ( 'NONE',  ( -20.49999999999999645, -20.49999999999999645, -67.50000000000000000 ) ) ;
#1327 = ORIENTED_EDGE ( 'NONE', *, *, #608, .T. ) ;
#1328 = DIRECTION ( 'NONE',  ( -0.000000000000000000, -0.000000000000000000, 1.000000000000000000 ) ) ;
#1329 = PLANE ( 'NONE',  #1272 ) ;
#1330 = LINE ( 'NONE', #935, #876 ) ;
#1331 = ORIENTED_EDGE ( 'NONE', *, *, #2330, .F. ) ;
#1332 = VECTOR ( 'NONE', #1231, 1000.000000000000000 ) ;
#1333 = CARTESIAN_POINT ( 'NONE',  ( -15.00000000000000000, 32.50000000000000000, -62.49999999999998579 ) ) ;
#1334 = CIRCLE ( 'NONE', #1963, 1.499999999999997780 ) ;
#1335 = EDGE_LOOP ( 'NONE', ( #960, #90, #161, #1507 ) ) ;
#1336 = CARTESIAN_POINT ( 'NONE',  ( 15.00000000000001421, 32.50000000000000000, 62.49999999999999289 ) ) ;
#1337 = ADVANCED_FACE ( 'NONE', ( #1479, #2078 ), #153, .F. ) ;
#1338 = ADVANCED_FACE ( 'NONE', ( #750 ), #1399, .F. ) ;
#1339 = ORIENTED_EDGE ( 'NONE', *, *, #1119, .T. ) ;
#1340 = LINE ( 'NONE', #785, #1693 ) ;
#1341 = AXIS2_PLACEMENT_3D ( 'NONE', #105, #863, #119 ) ;
#1342 = VECTOR ( 'NONE', #1223, 1000.000000000000000 ) ;
#1343 = CARTESIAN_POINT ( 'NONE',  ( 7.500000000000001776, 22.50000000000000355, -59.50000000000000711 ) ) ;
#1344 = VECTOR ( 'NONE', #1165, 1000.000000000000000 ) ;
#1345 = VERTEX_POINT ( 'NONE', #736 ) ;
#1346 = ORIENTED_EDGE ( 'NONE', *, *, #390, .F. ) ;
#1347 = VECTOR ( 'NONE', #1891, 1000.000000000000000 ) ;
#1348 = EDGE_CURVE ( 'NONE', #1735, #1695, #1131, .T. ) ;
#1349 = DIRECTION ( 'NONE',  ( -0.000000000000000000, -0.000000000000000000, -1.000000000000000000 ) ) ;
#1350 = CARTESIAN_POINT ( 'NONE',  ( 9.500000000000001776, 22.50000000000000355, 59.50000000000000711 ) ) ;
#1351 = EDGE_CURVE ( 'NONE', #385, #787, #934, .T. ) ;
#1352 = ORIENTED_EDGE ( 'NONE', *, *, #1453, .T. ) ;
#1353 = CARTESIAN_POINT ( 'NONE',  ( 9.500000000000001776, 32.50000000000000000, 59.50000000000000711 ) ) ;
#1354 = EDGE_CURVE ( 'NONE', #300, #502, #2308, .T. ) ;
#1355 = LINE ( 'NONE', #1001, #595 ) ;
#1356 = CARTESIAN_POINT ( 'NONE',  ( -13.99999999999999822, -17.50000000000000000, -67.50000000000000000 ) ) ;
#1357 = VECTOR ( 'NONE', #649, 1000.000000000000000 ) ;
#1358 = VERTEX_POINT ( 'NONE', #1674 ) ;
#1359 = ORIENTED_EDGE ( 'NONE', *, *, #214, .F. ) ;
#1360 = VECTOR ( 'NONE', #927, 1000.000000000000000 ) ;
#1361 = ORIENTED_EDGE ( 'NONE', *, *, #835, .T. ) ;
#1362 = CARTESIAN_POINT ( 'NONE',  ( 22.50000000000000000, -22.50000000000000000, 59.50000000000000711 ) ) ;
#1363 = DIRECTION ( 'NONE',  ( -1.000000000000000000, 0.000000000000000000, 0.000000000000000000 ) ) ;
#1364 = CARTESIAN_POINT ( 'NONE',  ( 9.500000000000001776, 32.50000000000000000, 59.50000000000000711 ) ) ;
#1365 = CYLINDRICAL_SURFACE ( 'NONE', #1566, 1.499999999999999556 ) ;
#1366 = ADVANCED_FACE ( 'NONE', ( #577 ), #1040, .F. ) ;
#1367 = CARTESIAN_POINT ( 'NONE',  ( 7.500000000000000000, 32.50000000000000000, -67.50000000000000000 ) ) ;
#1368 = DIRECTION ( 'NONE',  ( -1.387778780781445676E-16, 1.000000000000000000, -0.000000000000000000 ) ) ;
#1369 = ORIENTED_EDGE ( 'NONE', *, *, #1163, .T. ) ;
#1370 = CARTESIAN_POINT ( 'NONE',  ( 20.49999999999999645, 22.50000000000000355, 57.50000000000000000 ) ) ;
#1371 = DIRECTION ( 'NONE',  ( 1.000000000000000000, 0.000000000000000000, 0.000000000000000000 ) ) ;
#1372 = VECTOR ( 'NONE', #1387, 1000.000000000000000 ) ;
#1373 = ORIENTED_EDGE ( 'NONE', *, *, #500, .F. ) ;
#1374 = DIRECTION ( 'NONE',  ( -1.000000000000000000, 0.000000000000000000, 0.000000000000000000 ) ) ;
#1375 = ADVANCED_FACE ( 'NONE', ( #554 ), #1329, .T. ) ;
#1376 = EDGE_CURVE ( 'NONE', #2200, #2344, #1630, .T. ) ;
#1377 = CYLINDRICAL_SURFACE ( 'NONE', #114, 2.000000000000001776 ) ;
#1378 = DIRECTION ( 'NONE',  ( -0.000000000000000000, -1.000000000000000000, -0.000000000000000000 ) ) ;
#1379 = VERTEX_POINT ( 'NONE', #180 ) ;
#1380 = CIRCLE ( 'NONE', #2014, 1.499999999999999556 ) ;
#1381 = VERTEX_POINT ( 'NONE', #2242 ) ;
#1382 = DIRECTION ( 'NONE',  ( -1.000000000000000000, 0.000000000000000000, 1.734723475976806848E-16 ) ) ;
#1383 = AXIS2_PLACEMENT_3D ( 'NONE', #1866, #1095, #936 ) ;
#1384 = CARTESIAN_POINT ( 'NONE',  ( -12.49999999999999822, 17.50000000000000000, -67.50000000000000000 ) ) ;
#1385 = ORIENTED_EDGE ( 'NONE', *, *, #125, .F. ) ;
#1386 = MANIFOLD_SOLID_BREP ( 'Mirror1', #1546 ) ;
#1387 = DIRECTION ( 'NONE',  ( -0.000000000000000000, 1.000000000000000000, -0.000000000000000000 ) ) ;
#1388 = ORIENTED_EDGE ( 'NONE', *, *, #938, .T. ) ;
#1389 = AXIS2_PLACEMENT_3D ( 'NONE', #36, #1871, #716 ) ;
#1390 = EDGE_CURVE ( 'NONE', #2054, #215, #196, .T. ) ;
#1391 = LINE ( 'NONE', #2149, #2306 ) ;
#1392 = CARTESIAN_POINT ( 'NONE',  ( 20.49999999999999645, 32.50000000000000000, 59.50000000000000711 ) ) ;
#1393 = AXIS2_PLACEMENT_3D ( 'NONE', #129, #531, #506 ) ;
#1394 = ORIENTED_EDGE ( 'NONE', *, *, #25, .T. ) ;
#1395 = VECTOR ( 'NONE', #565, 1000.000000000000000 ) ;
#1396 = ORIENTED_EDGE ( 'NONE', *, *, #1859, .T. ) ;
#1397 = CARTESIAN_POINT ( 'NONE',  ( 22.50000000000000000, -22.50000000000000000, -67.50000000000000000 ) ) ;
#1398 = FACE_OUTER_BOUND ( 'NONE', #58, .T. ) ;
#1399 = CONICAL_SURFACE ( 'NONE', #1671, 1.499999999999997780, 1.029744258676653645 ) ;
#1400 = VERTEX_POINT ( 'NONE', #2411 ) ;
#1401 = DIRECTION ( 'NONE',  ( -1.000000000000000000, 0.000000000000000000, 0.000000000000000000 ) ) ;
#1402 = ORIENTED_EDGE ( 'NONE', *, *, #1700, .T. ) ;
#1403 = CARTESIAN_POINT ( 'NONE',  ( -11.00000000000000000, -17.50000000000000000, 67.50000000000000000 ) ) ;
#1404 = ORIENTED_EDGE ( 'NONE', *, *, #1220, .T. ) ;
#1405 = LINE ( 'NONE', #872, #2027 ) ;
#1406 = ORIENTED_EDGE ( 'NONE', *, *, #1113, .T. ) ;
#1407 = DIRECTION ( 'NONE',  ( -1.000000000000000000, 0.000000000000000000, -1.734723475976806848E-16 ) ) ;
#1408 = DIRECTION ( 'NONE',  ( -1.734723475976806848E-16, -0.000000000000000000, 1.000000000000000000 ) ) ;
#1409 = EDGE_CURVE ( 'NONE', #2033, #545, #2257, .T. ) ;
#1410 = CARTESIAN_POINT ( 'NONE',  ( -13.99999999999999645, 17.50000000000000000, 58.70000000000000284 ) ) ;
#1411 = ORIENTED_EDGE ( 'NONE', *, *, #2300, .F. ) ;
#1412 = AXIS2_PLACEMENT_3D ( 'NONE', #2128, #2093, #1531 ) ;
#1413 = CARTESIAN_POINT ( 'NONE',  ( -9.500000000000001776, 22.50000000000000355, 59.50000000000000711 ) ) ;
#1414 = ORIENTED_EDGE ( 'NONE', *, *, #761, .T. ) ;
#1415 = LINE ( 'NONE', #1796, #843 ) ;
#1416 = VERTEX_POINT ( 'NONE', #756 ) ;
#1417 = CARTESIAN_POINT ( 'NONE',  ( -22.50000000000000000, 20.50000000000000355, -59.50000000000000711 ) ) ;
#1418 = CARTESIAN_POINT ( 'NONE',  ( 7.500000000000000000, 32.50000000000000000, 67.50000000000000000 ) ) ;
#1419 = EDGE_CURVE ( 'NONE', #706, #1881, #2283, .T. ) ;
#1420 = FACE_OUTER_BOUND ( 'NONE', #1793, .T. ) ;
#1421 = CARTESIAN_POINT ( 'NONE',  ( -7.500000000000001776, 12.50000000000000178, 67.50000000000000000 ) ) ;
#1422 = EDGE_LOOP ( 'NONE', ( #2416, #1099 ) ) ;
#1423 = AXIS2_PLACEMENT_3D ( 'NONE', #1631, #1436, #2353 ) ;
#1424 = PLANE ( 'NONE',  #1739 ) ;
#1425 = EDGE_LOOP ( 'NONE', ( #1210, #1972, #1785 ) ) ;
#1426 = AXIS2_PLACEMENT_3D ( 'NONE', #673, #2369, #291 ) ;
#1427 = CARTESIAN_POINT ( 'NONE',  ( -20.49999999999999645, 32.50000000000000000, -57.50000000000000000 ) ) ;
#1428 = FACE_OUTER_BOUND ( 'NONE', #2020, .T. ) ;
#1429 = PLANE ( 'NONE',  #859 ) ;
#1430 = AXIS2_PLACEMENT_3D ( 'NONE', #2346, #696, #314 ) ;
#1431 = DIRECTION ( 'NONE',  ( -1.000000000000000000, 0.000000000000000000, 0.000000000000000000 ) ) ;
#1432 = FACE_OUTER_BOUND ( 'NONE', #1931, .T. ) ;
#1433 = CARTESIAN_POINT ( 'NONE',  ( 22.50000000000000000, 32.50000000000000000, -67.50000000000000000 ) ) ;
#1434 = EDGE_LOOP ( 'NONE', ( #26, #1244, #1668, #857 ) ) ;
#1435 = VECTOR ( 'NONE', #1510, 1000.000000000000000 ) ;
#1436 = DIRECTION ( 'NONE',  ( -0.000000000000000000, -0.000000000000000000, -1.000000000000000000 ) ) ;
#1437 = ORIENTED_EDGE ( 'NONE', *, *, #1710, .T. ) ;
#1438 = ORIENTED_EDGE ( 'NONE', *, *, #1952, .F. ) ;
#1439 = DIRECTION ( 'NONE',  ( -0.000000000000000000, -0.000000000000000000, -1.000000000000000000 ) ) ;
#1440 = EDGE_CURVE ( 'NONE', #1768, #2033, #2273, .T. ) ;
#1441 = DIRECTION ( 'NONE',  ( 0.000000000000000000, 0.000000000000000000, -1.000000000000000000 ) ) ;
#1442 = CYLINDRICAL_SURFACE ( 'NONE', #2332, 2.000000000000001776 ) ;
#1443 = EDGE_CURVE ( 'NONE', #1358, #1834, #1553, .T. ) ;
#1444 = DIRECTION ( 'NONE',  ( 0.000000000000000000, -0.000000000000000000, 1.000000000000000000 ) ) ;
#1445 = LINE ( 'NONE', #2331, #374 ) ;
#1446 = ORIENTED_EDGE ( 'NONE', *, *, #1520, .T. ) ;
#1447 =( BOUNDED_CURVE ( )  B_SPLINE_CURVE ( 3, ( #853, #1976, #1038, #120 ),
 .UNSPECIFIED., .F., .F. ) 
 B_SPLINE_CURVE_WITH_KNOTS ( ( 4, 4 ),
 ( 0.000000000000000000, 1.570796326794896558 ),
 .UNSPECIFIED. ) 
 CURVE ( )  GEOMETRIC_REPRESENTATION_ITEM ( )  RATIONAL_B_SPLINE_CURVE ( ( 1.000000000000000000, 0.8047378541243649375, 0.8047378541243649375, 1.000000000000000000 ) ) 
 REPRESENTATION_ITEM ( '' )  );
#1448 = EDGE_CURVE ( 'NONE', #2200, #802, #1679, .T. ) ;
#1449 = AXIS2_PLACEMENT_3D ( 'NONE', #2144, #39, #620 ) ;
#1450 = CARTESIAN_POINT ( 'NONE',  ( -11.00000000000000000, -17.50000000000000000, -67.50000000000000000 ) ) ;
#1451 = ORIENTED_EDGE ( 'NONE', *, *, #2371, .T. ) ;
#1452 = CIRCLE ( 'NONE', #784, 2.000000000000001776 ) ;
#1453 = EDGE_CURVE ( 'NONE', #1207, #1926, #1495, .T. ) ;
#1454 = CARTESIAN_POINT ( 'NONE',  ( 12.50000000000000000, 17.50000000000000000, -57.79870907145865999 ) ) ;
#1455 = LINE ( 'NONE', #154, #447 ) ;
#1456 = CARTESIAN_POINT ( 'NONE',  ( 14.00000000000000178, -17.50000000000000000, -67.50000000000000000 ) ) ;
#1457 = ORIENTED_EDGE ( 'NONE', *, *, #701, .F. ) ;
#1458 = DIRECTION ( 'NONE',  ( -0.8571673007021118895, 1.049727191138618079E-16, 0.5150380749100549327 ) ) ;
#1459 = ORIENTED_EDGE ( 'NONE', *, *, #619, .T. ) ;
#1460 = VECTOR ( 'NONE', #1174, 1000.000000000000000 ) ;
#1461 = VECTOR ( 'NONE', #1896, 1000.000000000000000 ) ;
#1462 = FACE_BOUND ( 'NONE', #112, .T. ) ;
#1463 = ORIENTED_EDGE ( 'NONE', *, *, #780, .F. ) ;
#1464 = DIRECTION ( 'NONE',  ( -1.000000000000000000, -0.000000000000000000, -0.000000000000000000 ) ) ;
#1465 = CARTESIAN_POINT ( 'NONE',  ( -12.49999999999999822, -17.50000000000000000, 58.70000000000000284 ) ) ;
#1466 = CARTESIAN_POINT ( 'NONE',  ( 22.50000000000000000, -22.50000000000000000, 67.50000000000000000 ) ) ;
#1467 = CARTESIAN_POINT ( 'NONE',  ( 22.50000000000000000, 32.50000000000000000, -67.50000000000000000 ) ) ;
#1468 = ORIENTED_EDGE ( 'NONE', *, *, #1354, .F. ) ;
#1469 = ADVANCED_FACE ( 'NONE', ( #714 ), #809, .F. ) ;
#1470 = DIRECTION ( 'NONE',  ( -1.000000000000000000, 0.000000000000000000, 0.000000000000000000 ) ) ;
#1471 = VECTOR ( 'NONE', #1997, 1000.000000000000000 ) ;
#1472 = VERTEX_POINT ( 'NONE', #741 ) ;
#1473 = CARTESIAN_POINT ( 'NONE',  ( -15.00000000000000000, 32.50000000000000000, -64.99999999999998579 ) ) ;
#1474 = DIRECTION ( 'NONE',  ( -0.000000000000000000, 1.000000000000000000, -0.000000000000000000 ) ) ;
#1475 = VECTOR ( 'NONE', #1105, 1000.000000000000000 ) ;
#1476 = CARTESIAN_POINT ( 'NONE',  ( 14.99999999999999645, 20.99784845243109999, -62.49999999999999289 ) ) ;
#1477 = EDGE_LOOP ( 'NONE', ( #1753, #2043, #288, #1642 ) ) ;
#1478 = DIRECTION ( 'NONE',  ( 0.000000000000000000, 0.000000000000000000, -1.000000000000000000 ) ) ;
#1479 = FACE_BOUND ( 'NONE', #1422, .T. ) ;
#1480 = DIRECTION ( 'NONE',  ( -1.000000000000000000, 0.000000000000000000, -0.000000000000000000 ) ) ;
#1481 = CARTESIAN_POINT ( 'NONE',  ( 15.00000000000000000, 32.50000000000000000, -64.99999999999998579 ) ) ;
#1482 = ORIENTED_EDGE ( 'NONE', *, *, #1971, .F. ) ;
#1483 = EDGE_CURVE ( 'NONE', #1214, #2380, #158, .T. ) ;
#1484 =( NAMED_UNIT ( * ) SI_UNIT ( $, .STERADIAN. ) SOLID_ANGLE_UNIT ( ) );
#1485 = EDGE_CURVE ( 'NONE', #1648, #258, #1913, .T. ) ;
#1486 = ORIENTED_EDGE ( 'NONE', *, *, #789, .F. ) ;
#1487 = DIRECTION ( 'NONE',  ( -1.000000000000000000, 0.000000000000000000, -0.000000000000000000 ) ) ;
#1488 = ORIENTED_EDGE ( 'NONE', *, *, #758, .F. ) ;
#1489 = FACE_OUTER_BOUND ( 'NONE', #2291, .T. ) ;
#1490 = FILL_AREA_STYLE ('',( #2432 ) ) ;
#1491 = DIRECTION ( 'NONE',  ( 0.000000000000000000, -0.000000000000000000, 1.000000000000000000 ) ) ;
#1492 = CARTESIAN_POINT ( 'NONE',  ( 14.00000000000000178, -17.50000000000000000, 67.50000000000000000 ) ) ;
#1493 = ORIENTED_EDGE ( 'NONE', *, *, #693, .T. ) ;
#1494 = VECTOR ( 'NONE', #2370, 1000.000000000000000 ) ;
#1495 = LINE ( 'NONE', #940, #490 ) ;
#1496 = EDGE_CURVE ( 'NONE', #97, #65, #1703, .T. ) ;
#1497 = VERTEX_POINT ( 'NONE', #1310 ) ;
#1498 = DIRECTION ( 'NONE',  ( 0.000000000000000000, 0.000000000000000000, -1.000000000000000000 ) ) ;
#1499 = DIRECTION ( 'NONE',  ( -0.000000000000000000, -0.000000000000000000, -1.000000000000000000 ) ) ;
#1500 = CIRCLE ( 'NONE', #1063, 2.499999999999995115 ) ;
#1501 = AXIS2_PLACEMENT_3D ( 'NONE', #2053, #712, #768 ) ;
#1502 = VERTEX_POINT ( 'NONE', #1650 ) ;
#1503 = LINE ( 'NONE', #721, #2072 ) ;
#1504 = DIRECTION ( 'NONE',  ( 1.000000000000000000, 0.000000000000000000, 0.000000000000000000 ) ) ;
#1505 = DIRECTION ( 'NONE',  ( -0.000000000000000000, 0.000000000000000000, 1.000000000000000000 ) ) ;
#1506 = DIRECTION ( 'NONE',  ( 0.000000000000000000, 0.000000000000000000, -1.000000000000000000 ) ) ;
#1507 = ORIENTED_EDGE ( 'NONE', *, *, #1036, .T. ) ;
#1508 = EDGE_CURVE ( 'NONE', #2221, #171, #330, .T. ) ;
#1509 = CIRCLE ( 'NONE', #672, 2.499999999999995115 ) ;
#1510 = DIRECTION ( 'NONE',  ( -0.8571673007021118895, 0.000000000000000000, -0.5150380749100549327 ) ) ;
#1511 = EDGE_LOOP ( 'NONE', ( #898, #1804, #2338, #1071 ) ) ;
#1512 = LINE ( 'NONE', #388, #596 ) ;
#1513 = EDGE_LOOP ( 'NONE', ( #1900, #43, #692, #1263 ) ) ;
#1514 = DIRECTION ( 'NONE',  ( -0.000000000000000000, -0.000000000000000000, -1.000000000000000000 ) ) ;
#1515 = CARTESIAN_POINT ( 'NONE',  ( -22.50000000000000000, -22.50000000000000000, -67.50000000000000000 ) ) ;
#1516 = CYLINDRICAL_SURFACE ( 'NONE', #2099, 1.499999999999999556 ) ;
#1517 = EDGE_LOOP ( 'NONE', ( #1968, #887, #1082, #1308 ) ) ;
#1518 = EDGE_CURVE ( 'NONE', #1416, #999, #213, .T. ) ;
#1519 = DIRECTION ( 'NONE',  ( -0.000000000000000000, -0.000000000000000000, -1.000000000000000000 ) ) ;
#1520 = EDGE_CURVE ( 'NONE', #1619, #1157, #743, .T. ) ;
#1521 = EDGE_LOOP ( 'NONE', ( #1895, #2109, #1197, #527 ) ) ;
#1522 = DIRECTION ( 'NONE',  ( 0.000000000000000000, -1.000000000000000000, 0.000000000000000000 ) ) ;
#1523 = VERTEX_POINT ( 'NONE', #1295 ) ;
#1524 = ADVANCED_FACE ( 'NONE', ( #2337, #24 ), #1565, .F. ) ;
#1525 = CARTESIAN_POINT ( 'NONE',  ( -7.500000000000001776, 32.50000000000000000, -59.50000000000000711 ) ) ;
#1526 = DIRECTION ( 'NONE',  ( 1.000000000000000000, 0.000000000000000000, 0.000000000000000000 ) ) ;
#1527 = VERTEX_POINT ( 'NONE', #617 ) ;
#1528 = EDGE_CURVE ( 'NONE', #2256, #73, #2398, .T. ) ;
#1529 = ORIENTED_EDGE ( 'NONE', *, *, #1085, .T. ) ;
#1530 = CIRCLE ( 'NONE', #467, 2.499999999999995115 ) ;
#1531 = DIRECTION ( 'NONE',  ( 0.000000000000000000, 0.000000000000000000, 1.000000000000000000 ) ) ;
#1532 = VECTOR ( 'NONE', #2312, 1000.000000000000000 ) ;
#1533 = ORIENTED_EDGE ( 'NONE', *, *, #1301, .T. ) ;
#1534 = LINE ( 'NONE', #598, #2126 ) ;
#1535 = FACE_OUTER_BOUND ( 'NONE', #771, .T. ) ;
#1536 = FACE_OUTER_BOUND ( 'NONE', #1053, .T. ) ;
#1537 = ORIENTED_EDGE ( 'NONE', *, *, #835, .F. ) ;
#1538 = ORIENTED_EDGE ( 'NONE', *, *, #1301, .F. ) ;
#1539 = VERTEX_POINT ( 'NONE', #983 ) ;
#1540 = CARTESIAN_POINT ( 'NONE',  ( -22.50000000000000000, -22.50000000000000000, 67.50000000000000000 ) ) ;
#1541 = DIRECTION ( 'NONE',  ( -0.000000000000000000, 1.000000000000000000, -0.000000000000000000 ) ) ;
#1542 = AXIS2_PLACEMENT_3D ( 'NONE', #353, #513, #1102 ) ;
#1543 = EDGE_CURVE ( 'NONE', #171, #2221, #585, .T. ) ;
#1544 = FACE_OUTER_BOUND ( 'NONE', #2131, .T. ) ;
#1545 = CARTESIAN_POINT ( 'NONE',  ( -7.500000000000001776, 12.50000000000000178, 67.50000000000000000 ) ) ;
#1546 = CLOSED_SHELL ( 'NONE', ( #486, #2145, #2182, #2153, #2129, #1692, #2402, #1132, #1028, #897, #1009, #1338, #340, #61, #151, #1000, #401, #2399, #976, #571, #2070, #473, #1629, #1182, #1658, #547, #1288, #35, #285, #1065, #1773, #1375, #309, #365, #2436, #260, #1337, #2121, #203, #1190, #2318, #1191, #1524, #165, #803, #665, #320, #1782, #293, #1078, #1265, #91, #824, #1675, #2152, #52, #2292, #1, #391, #1253, #860, #63, #1572, #2171, #1894, #1260, #1055, #168, #2018, #1734, #1661, #1087, #1366, #2394, #2169, #1960, #1469, #1815, #2222, #1139, #1007, #902, #2233, #575, #232, #1324 ) ) ;
#1547 = EDGE_CURVE ( 'NONE', #2092, #2344, #72, .T. ) ;
#1548 = EDGE_CURVE ( 'NONE', #1695, #99, #2106, .T. ) ;
#1549 = DIRECTION ( 'NONE',  ( -0.8571673007021118895, 0.000000000000000000, -0.5150380749100549327 ) ) ;
#1550 = FACE_OUTER_BOUND ( 'NONE', #1135, .T. ) ;
#1551 = AXIS2_PLACEMENT_3D ( 'NONE', #1225, #2389, #92 ) ;
#1552 = VERTEX_POINT ( 'NONE', #779 ) ;
#1553 = CIRCLE ( 'NONE', #18, 2.500000000000002220 ) ;
#1554 = CARTESIAN_POINT ( 'NONE',  ( -14.99999999999998401, 22.50000000000000000, 62.50000000000000000 ) ) ;
#1555 = DIRECTION ( 'NONE',  ( -0.000000000000000000, -0.000000000000000000, 1.000000000000000000 ) ) ;
#1556 = EDGE_CURVE ( 'NONE', #406, #97, #1161, .T. ) ;
#1557 = CYLINDRICAL_SURFACE ( 'NONE', #1151, 2.000000000000001776 ) ;
#1558 = EDGE_CURVE ( 'NONE', #825, #2335, #1930, .T. ) ;
#1559 = LINE ( 'NONE', #1729, #2205 ) ;
#1560 = CARTESIAN_POINT ( 'NONE',  ( -20.49999999999999645, -20.49999999999999645, 67.50000000000000000 ) ) ;
#1561 = CARTESIAN_POINT ( 'NONE',  ( -22.50000000000000000, 20.50000000000000355, 59.50000000000000711 ) ) ;
#1562 = ORIENTED_EDGE ( 'NONE', *, *, #2055, .F. ) ;
#1563 = ORIENTED_EDGE ( 'NONE', *, *, #2076, .F. ) ;
#1564 = DIRECTION ( 'NONE',  ( -1.000000000000000000, 0.000000000000000000, 0.000000000000000000 ) ) ;
#1565 = PLANE ( 'NONE',  #509 ) ;
#1566 = AXIS2_PLACEMENT_3D ( 'NONE', #1010, #257, #985 ) ;
#1567 = ORIENTED_EDGE ( 'NONE', *, *, #2008, .F. ) ;
#1568 = EDGE_CURVE ( 'NONE', #2344, #2200, #1334, .T. ) ;
#1569 = DIRECTION ( 'NONE',  ( -0.000000000000000000, -0.000000000000000000, -1.000000000000000000 ) ) ;
#1570 = ORIENTED_EDGE ( 'NONE', *, *, #2326, .F. ) ;
#1571 = CARTESIAN_POINT ( 'NONE',  ( 11.00000000000000355, -17.50000000000000000, 67.50000000000000000 ) ) ;
#1572 = ADVANCED_FACE ( 'NONE', ( #2322 ), #348, .F. ) ;
#1573 = DIRECTION ( 'NONE',  ( 0.000000000000000000, 0.000000000000000000, -1.000000000000000000 ) ) ;
#1574 = ORIENTED_EDGE ( 'NONE', *, *, #2249, .F. ) ;
#1575 = VECTOR ( 'NONE', #1745, 1000.000000000000000 ) ;
#1576 = ORIENTED_EDGE ( 'NONE', *, *, #2264, .T. ) ;
#1577 = LINE ( 'NONE', #861, #1978 ) ;
#1578 = ADVANCED_BREP_SHAPE_REPRESENTATION ( 'PRT-16', ( #1386, #2058 ), #2366 ) ;
#1579 = VECTOR ( 'NONE', #359, 1000.000000000000000 ) ;
#1580 = LINE ( 'NONE', #1726, #2208 ) ;
#1581 = VERTEX_POINT ( 'NONE', #2293 ) ;
#1582 = CARTESIAN_POINT ( 'NONE',  ( 12.50000000000000178, 17.50000000000000000, -67.50000000000000000 ) ) ;
#1583 = ORIENTED_EDGE ( 'NONE', *, *, #1284, .F. ) ;
#1584 = CIRCLE ( 'NONE', #2107, 1.499999999999997780 ) ;
#1585 = CARTESIAN_POINT ( 'NONE',  ( -9.500000000000001776, 22.50000000000000355, -59.50000000000000711 ) ) ;
#1586 = VECTOR ( 'NONE', #2202, 1000.000000000000000 ) ;
#1587 = VERTEX_POINT ( 'NONE', #1940 ) ;
#1588 = CARTESIAN_POINT ( 'NONE',  ( 12.50000000000000178, 17.50000000000000000, -67.50000000000000000 ) ) ;
#1589 = ORIENTED_EDGE ( 'NONE', *, *, #1110, .F. ) ;
#1590 = CARTESIAN_POINT ( 'NONE',  ( -7.500000000000000000, 32.50000000000000000, -67.50000000000000000 ) ) ;
#1591 = CARTESIAN_POINT ( 'NONE',  ( -22.49999999999999645, 32.50000000000000000, 59.50000000000000711 ) ) ;
#1592 = AXIS2_PLACEMENT_3D ( 'NONE', #2234, #2056, #534 ) ;
#1593 = CARTESIAN_POINT ( 'NONE',  ( -22.50000000000000000, -22.50000000000000000, 59.50000000000000711 ) ) ;
#1594 = EDGE_CURVE ( 'NONE', #2388, #2142, #820, .T. ) ;
#1595 = ORIENTED_EDGE ( 'NONE', *, *, #1390, .T. ) ;
#1596 = DIRECTION ( 'NONE',  ( 0.000000000000000000, -1.000000000000000000, 0.000000000000000000 ) ) ;
#1597 = ORIENTED_EDGE ( 'NONE', *, *, #1598, .F. ) ;
#1598 = EDGE_CURVE ( 'NONE', #1881, #818, #1452, .T. ) ;
#1599 = CARTESIAN_POINT ( 'NONE',  ( 11.00000000000000355, -17.50000000000000000, -67.50000000000000000 ) ) ;
#1600 = ORIENTED_EDGE ( 'NONE', *, *, #463, .T. ) ;
#1601 = PLANE ( 'NONE',  #2183 ) ;
#1602 = LINE ( 'NONE', #1986, #1643 ) ;
#1603 = PLANE ( 'NONE',  #1802 ) ;
#1604 = ORIENTED_EDGE ( 'NONE', *, *, #1736, .F. ) ;
#1605 = AXIS2_PLACEMENT_3D ( 'NONE', #1058, #1799, #862 ) ;
#1606 = DIRECTION ( 'NONE',  ( -1.000000000000000000, 0.000000000000000000, 0.000000000000000000 ) ) ;
#1607 = VERTEX_POINT ( 'NONE', #827 ) ;
#1608 = DIRECTION ( 'NONE',  ( -1.000000000000000000, 0.000000000000000000, 0.000000000000000000 ) ) ;
#1609 = CARTESIAN_POINT ( 'NONE',  ( 12.50000000000000178, 17.50000000000000000, -58.70000000000000284 ) ) ;
#1610 = DIRECTION ( 'NONE',  ( 1.049727191138618079E-16, 0.5150380749100549327, -0.8571673007021118895 ) ) ;
#1611 = AXIS2_PLACEMENT_3D ( 'NONE', #1326, #1883, #2440 ) ;
#1612 = FACE_OUTER_BOUND ( 'NONE', #503, .T. ) ;
#1613 = CARTESIAN_POINT ( 'NONE',  ( 20.49999999999999645, -22.50000000000000000, 67.50000000000000000 ) ) ;
#1614 = CARTESIAN_POINT ( 'NONE',  ( -7.500000000000000000, 32.50000000000000000, -67.50000000000000000 ) ) ;
#1615 = EDGE_LOOP ( 'NONE', ( #951, #2207, #536, #1537 ) ) ;
#1616 = EDGE_CURVE ( 'NONE', #258, #2013, #1580, .T. ) ;
#1617 = DIRECTION ( 'NONE',  ( 0.000000000000000000, 0.000000000000000000, -1.000000000000000000 ) ) ;
#1618 = EDGE_CURVE ( 'NONE', #339, #99, #2140, .T. ) ;
#1619 = VERTEX_POINT ( 'NONE', #446 ) ;
#1620 = ORIENTED_EDGE ( 'NONE', *, *, #1992, .T. ) ;
#1621 = DIRECTION ( 'NONE',  ( 0.000000000000000000, 0.000000000000000000, -1.000000000000000000 ) ) ;
#1622 = AXIS2_PLACEMENT_3D ( 'NONE', #2024, #1826, #711 ) ;
#1623 = DIRECTION ( 'NONE',  ( 0.000000000000000000, 0.000000000000000000, 1.000000000000000000 ) ) ;
#1624 = FACE_OUTER_BOUND ( 'NONE', #403, .T. ) ;
#1625 = DIRECTION ( 'NONE',  ( -0.000000000000000000, -0.000000000000000000, -1.000000000000000000 ) ) ;
#1626 = EDGE_CURVE ( 'NONE', #2325, #1628, #422, .T. ) ;
#1627 = FACE_OUTER_BOUND ( 'NONE', #1258, .T. ) ;
#1628 = VERTEX_POINT ( 'NONE', #1194 ) ;
#1629 = ADVANCED_FACE ( 'NONE', ( #594 ), #1948, .F. ) ;
#1630 = CIRCLE ( 'NONE', #612, 1.499999999999997780 ) ;
#1631 = CARTESIAN_POINT ( 'NONE',  ( 12.50000000000000178, -17.50000000000000000, -58.70000000000000284 ) ) ;
#1632 = ORIENTED_EDGE ( 'NONE', *, *, #723, .T. ) ;
#1633 = CARTESIAN_POINT ( 'NONE',  ( 15.00000000000000000, 22.50000000000000000, -62.49999999999999289 ) ) ;
#1634 = LINE ( 'NONE', #697, #2146 ) ;
#1635 = DIRECTION ( 'NONE',  ( -1.000000000000000000, 0.000000000000000000, 0.000000000000000000 ) ) ;
#1636 = EDGE_LOOP ( 'NONE', ( #2408, #1287, #229 ) ) ;
#1637 = DIRECTION ( 'NONE',  ( 1.000000000000000000, 0.000000000000000000, 0.000000000000000000 ) ) ;
#1638 = DIRECTION ( 'NONE',  ( 1.000000000000000000, 0.000000000000000000, -0.000000000000000000 ) ) ;
#1639 = ORIENTED_EDGE ( 'NONE', *, *, #241, .F. ) ;
#1640 = AXIS2_PLACEMENT_3D ( 'NONE', #64, #1569, #2132 ) ;
#1641 = DIRECTION ( 'NONE',  ( -1.000000000000000000, 0.000000000000000000, 0.000000000000000000 ) ) ;
#1642 = ORIENTED_EDGE ( 'NONE', *, *, #1483, .F. ) ;
#1643 = VECTOR ( 'NONE', #304, 1000.000000000000000 ) ;
#1644 = CARTESIAN_POINT ( 'NONE',  ( 22.50000000000000000, -20.49999999999999645, -67.50000000000000000 ) ) ;
#1645 = LINE ( 'NONE', #369, #724 ) ;
#1646 = CARTESIAN_POINT ( 'NONE',  ( 22.50000000000000000, -22.50000000000000000, 67.50000000000000000 ) ) ;
#1647 = DIRECTION ( 'NONE',  ( -1.000000000000000000, 0.000000000000000000, 0.000000000000000000 ) ) ;
#1648 = VERTEX_POINT ( 'NONE', #1006 ) ;
#1649 = EDGE_CURVE ( 'NONE', #1951, #2104, #104, .T. ) ;
#1650 = CARTESIAN_POINT ( 'NONE',  ( 9.500000000000005329, 32.50000000000000000, 57.50000000000000000 ) ) ;
#1651 = VECTOR ( 'NONE', #978, 1000.000000000000000 ) ;
#1652 = ORIENTED_EDGE ( 'NONE', *, *, #337, .T. ) ;
#1653 = VECTOR ( 'NONE', #2077, 1000.000000000000000 ) ;
#1654 = LINE ( 'NONE', #971, #760 ) ;
#1655 = DIRECTION ( 'NONE',  ( -0.000000000000000000, -0.000000000000000000, 1.000000000000000000 ) ) ;
#1656 = CARTESIAN_POINT ( 'NONE',  ( 20.49999999999999645, -22.50000000000000000, -59.50000000000000000 ) ) ;
#1657 = ORIENTED_EDGE ( 'NONE', *, *, #780, .T. ) ;
#1658 = ADVANCED_FACE ( 'NONE', ( #1716 ), #2203, .F. ) ;
#1659 = CARTESIAN_POINT ( 'NONE',  ( 22.50000000000000000, 32.50000000000000000, 67.50000000000000000 ) ) ;
#1660 = CARTESIAN_POINT ( 'NONE',  ( 21.67157287525381193, 22.50000000000000355, -57.49999999999999289 ) ) ;
#1661 = ADVANCED_FACE ( 'NONE', ( #1777 ), #975, .F. ) ;
#1662 = DIRECTION ( 'NONE',  ( -0.000000000000000000, -0.000000000000000000, 1.000000000000000000 ) ) ;
#1663 = CARTESIAN_POINT ( 'NONE',  ( 7.499999999999998224, 12.50000000000000178, -65.50000000000000000 ) ) ;
#1664 = VERTEX_POINT ( 'NONE', #1999 ) ;
#1665 = AXIS2_PLACEMENT_3D ( 'NONE', #421, #2045, #46 ) ;
#1666 = SURFACE_SIDE_STYLE ('',( #2444 ) ) ;
#1667 = VECTOR ( 'NONE', #296, 1000.000000000000000 ) ;
#1668 = ORIENTED_EDGE ( 'NONE', *, *, #1348, .F. ) ;
#1669 = DIRECTION ( 'NONE',  ( -0.000000000000000000, 1.000000000000000000, -0.000000000000000000 ) ) ;
#1670 = DIRECTION ( 'NONE',  ( 0.000000000000000000, 0.000000000000000000, 1.000000000000000000 ) ) ;
#1671 = AXIS2_PLACEMENT_3D ( 'NONE', #765, #2279, #1504 ) ;
#1672 = ORIENTED_EDGE ( 'NONE', *, *, #492, .F. ) ;
#1673 = CARTESIAN_POINT ( 'NONE',  ( -9.500000000000001776, 32.50000000000000000, -59.50000000000000711 ) ) ;
#1674 = CARTESIAN_POINT ( 'NONE',  ( -14.99999999999998401, 32.50000000000000000, 65.00000000000000000 ) ) ;
#1675 = ADVANCED_FACE ( 'NONE', ( #1398 ), #2383, .T. ) ;
#1676 = DIRECTION ( 'NONE',  ( -0.000000000000000000, -0.000000000000000000, -1.000000000000000000 ) ) ;
#1677 = CARTESIAN_POINT ( 'NONE',  ( 11.00000000000000533, 17.50000000000000000, -58.70000000000000284 ) ) ;
#1678 = VERTEX_POINT ( 'NONE', #1241 ) ;
#1679 = LINE ( 'NONE', #899, #1234 ) ;
#1680 = ORIENTED_EDGE ( 'NONE', *, *, #2261, .T. ) ;
#1681 = CARTESIAN_POINT ( 'NONE',  ( 22.50000000000000000, 32.50000000000000000, 67.50000000000000000 ) ) ;
#1682 = CARTESIAN_POINT ( 'NONE',  ( 15.00000000000001421, 32.50000000000000000, 62.49999999999999289 ) ) ;
#1683 = ORIENTED_EDGE ( 'NONE', *, *, #1558, .T. ) ;
#1684 = DIRECTION ( 'NONE',  ( 0.000000000000000000, 0.000000000000000000, 1.000000000000000000 ) ) ;
#1685 = VECTOR ( 'NONE', #27, 1000.000000000000000 ) ;
#1686 = CARTESIAN_POINT ( 'NONE',  ( 0.000000000000000000, 32.50000000000000000, 0.000000000000000000 ) ) ;
#1687 = DIRECTION ( 'NONE',  ( 1.000000000000000000, 0.000000000000000000, 0.000000000000000000 ) ) ;
#1688 = LINE ( 'NONE', #568, #1180 ) ;
#1689 = VERTEX_POINT ( 'NONE', #1591 ) ;
#1690 = VERTEX_POINT ( 'NONE', #2350 ) ;
#1691 = DIRECTION ( 'NONE',  ( -0.000000000000000000, 1.000000000000000000, -0.000000000000000000 ) ) ;
#1692 = ADVANCED_FACE ( 'NONE', ( #508 ), #265, .F. ) ;
#1693 = VECTOR ( 'NONE', #1186, 1000.000000000000000 ) ;
#1694 = CIRCLE ( 'NONE', #1501, 1.499999999999997780 ) ;
#1695 = VERTEX_POINT ( 'NONE', #85 ) ;
#1696 = DIRECTION ( 'NONE',  ( 0.000000000000000000, -1.000000000000000000, 0.000000000000000000 ) ) ;
#1697 = EDGE_CURVE ( 'NONE', #984, #2075, #1218, .T. ) ;
#1698 = DIRECTION ( 'NONE',  ( -0.000000000000000000, -1.000000000000000000, -0.000000000000000000 ) ) ;
#1699 = FACE_OUTER_BOUND ( 'NONE', #266, .T. ) ;
#1700 = EDGE_CURVE ( 'NONE', #706, #776, #281, .T. ) ;
#1701 = DIRECTION ( 'NONE',  ( -0.000000000000000000, -0.000000000000000000, 1.000000000000000000 ) ) ;
#1702 = VERTEX_POINT ( 'NONE', #481 ) ;
#1703 = LINE ( 'NONE', #14, #998 ) ;
#1704 = VECTOR ( 'NONE', #1669, 1000.000000000000000 ) ;
#1705 = CIRCLE ( 'NONE', #367, 1.499999999999999556 ) ;
#1706 = ORIENTED_EDGE ( 'NONE', *, *, #599, .F. ) ;
#1707 = EDGE_CURVE ( 'NONE', #1282, #1807, #1827, .T. ) ;
#1708 = CARTESIAN_POINT ( 'NONE',  ( 12.50000000000000178, -17.50000000000000000, -58.70000000000000284 ) ) ;
#1709 = VECTOR ( 'NONE', #2050, 1000.000000000000000 ) ;
#1710 = EDGE_CURVE ( 'NONE', #1881, #557, #1975, .T. ) ;
#1711 = ORIENTED_EDGE ( 'NONE', *, *, #2094, .T. ) ;
#1712 = CARTESIAN_POINT ( 'NONE',  ( 20.49999999999999645, 32.50000000000000000, 59.50000000000000711 ) ) ;
#1713 = AXIS2_PLACEMENT_3D ( 'NONE', #2071, #375, #1470 ) ;
#1714 = DIRECTION ( 'NONE',  ( -0.000000000000000000, -0.000000000000000000, 1.000000000000000000 ) ) ;
#1715 = EDGE_LOOP ( 'NONE', ( #1127, #432, #754, #1657 ) ) ;
#1716 = FACE_OUTER_BOUND ( 'NONE', #1216, .T. ) ;
#1717 = EDGE_LOOP ( 'NONE', ( #1570, #2286, #108 ) ) ;
#1718 = FACE_OUTER_BOUND ( 'NONE', #636, .T. ) ;
#1719 = ORIENTED_EDGE ( 'NONE', *, *, #2079, .F. ) ;
#1720 = FACE_OUTER_BOUND ( 'NONE', #354, .T. ) ;
#1721 = CARTESIAN_POINT ( 'NONE',  ( -12.49999999999999822, -17.50000000000000000, -58.70000000000000284 ) ) ;
#1722 = ORIENTED_EDGE ( 'NONE', *, *, #1496, .F. ) ;
#1723 = EDGE_CURVE ( 'NONE', #1702, #1400, #1602, .T. ) ;
#1724 = ORIENTED_EDGE ( 'NONE', *, *, #2008, .T. ) ;
#1725 = FACE_OUTER_BOUND ( 'NONE', #1828, .T. ) ;
#1726 = CARTESIAN_POINT ( 'NONE',  ( 15.00000000000000000, 32.50000000000000000, -60.00000000000000000 ) ) ;
#1727 = VECTOR ( 'NONE', #1610, 1000.000000000000000 ) ;
#1728 = ORIENTED_EDGE ( 'NONE', *, *, #1041, .T. ) ;
#1729 = CARTESIAN_POINT ( 'NONE',  ( -7.500000000000000000, 32.50000000000000000, 67.50000000000000000 ) ) ;
#1730 = AXIS2_PLACEMENT_3D ( 'NONE', #774, #29, #440 ) ;
#1731 = DIRECTION ( 'NONE',  ( -0.000000000000000000, 0.000000000000000000, -1.000000000000000000 ) ) ;
#1732 = PLANE ( 'NONE',  #2213 ) ;
#1733 = ORIENTED_EDGE ( 'NONE', *, *, #425, .T. ) ;
#1734 = ADVANCED_FACE ( 'NONE', ( #1047 ), #886, .F. ) ;
#1735 = VERTEX_POINT ( 'NONE', #638 ) ;
#1736 = EDGE_CURVE ( 'NONE', #1345, #73, #1959, .T. ) ;
#1737 = DIRECTION ( 'NONE',  ( -0.000000000000000000, -0.000000000000000000, 1.000000000000000000 ) ) ;
#1738 = DIRECTION ( 'NONE',  ( 0.000000000000000000, 0.000000000000000000, 1.000000000000000000 ) ) ;
#1739 = AXIS2_PLACEMENT_3D ( 'NONE', #694, #1212, #1967 ) ;
#1740 = ORIENTED_EDGE ( 'NONE', *, *, #33, .F. ) ;
#1741 = AXIS2_PLACEMENT_3D ( 'NONE', #1554, #616, #732 ) ;
#1742 = DIRECTION ( 'NONE',  ( 0.000000000000000000, 1.000000000000000000, 0.000000000000000000 ) ) ;
#1743 = VECTOR ( 'NONE', #1505, 1000.000000000000000 ) ;
#1744 = FACE_OUTER_BOUND ( 'NONE', #1315, .T. ) ;
#1745 = DIRECTION ( 'NONE',  ( -1.000000000000000000, -0.000000000000000000, -0.000000000000000000 ) ) ;
#1746 = AXIS2_PLACEMENT_3D ( 'NONE', #1673, #2431, #1478 ) ;
#1747 = EDGE_LOOP ( 'NONE', ( #2151, #2060, #1724, #2317 ) ) ;
#1748 = EDGE_CURVE ( 'NONE', #1527, #178, #2156, .T. ) ;
#1749 = AXIS2_PLACEMENT_3D ( 'NONE', #1281, #1855, #1880 ) ;
#1750 = EDGE_LOOP ( 'NONE', ( #1916, #2125, #587, #62 ) ) ;
#1751 = FACE_OUTER_BOUND ( 'NONE', #1636, .T. ) ;
#1752 = DIRECTION ( 'NONE',  ( 0.000000000000000000, 0.000000000000000000, -1.000000000000000000 ) ) ;
#1753 = ORIENTED_EDGE ( 'NONE', *, *, #109, .T. ) ;
#1754 = CARTESIAN_POINT ( 'NONE',  ( -14.99999999999998401, 32.50000000000000000, 62.50000000000000000 ) ) ;
#1755 = ORIENTED_EDGE ( 'NONE', *, *, #1485, .F. ) ;
#1756 = PRODUCT_DEFINITION_CONTEXT ( 'detailed design', #1196, 'design' ) ;
#1757 = DIRECTION ( 'NONE',  ( -1.000000000000000000, 0.000000000000000000, 0.000000000000000000 ) ) ;
#1758 = DIRECTION ( 'NONE',  ( 0.000000000000000000, 0.000000000000000000, 1.000000000000000000 ) ) ;
#1759 = ORIENTED_EDGE ( 'NONE', *, *, #1085, .F. ) ;
#1760 = ORIENTED_EDGE ( 'NONE', *, *, #2032, .F. ) ;
#1761 = CARTESIAN_POINT ( 'NONE',  ( 15.00000000000000000, 32.50000000000000000, -62.49999999999999289 ) ) ;
#1762 = CARTESIAN_POINT ( 'NONE',  ( 9.500000000000001776, 32.50000000000000000, -59.50000000000000711 ) ) ;
#1763 = CONICAL_SURFACE ( 'NONE', #1640, 1.499999999999997780, 1.029744258676653645 ) ;
#1764 = ORIENTED_EDGE ( 'NONE', *, *, #570, .F. ) ;
#1765 = DIRECTION ( 'NONE',  ( 0.000000000000000000, 0.000000000000000000, 1.000000000000000000 ) ) ;
#1766 = ORIENTED_EDGE ( 'NONE', *, *, #929, .T. ) ;
#1767 = LINE ( 'NONE', #1846, #1309 ) ;
#1768 = VERTEX_POINT ( 'NONE', #2359 ) ;
#1769 = AXIS2_PLACEMENT_3D ( 'NONE', #250, #1187, #226 ) ;
#1770 = EDGE_CURVE ( 'NONE', #1381, #2325, #227, .T. ) ;
#1771 = FACE_BOUND ( 'NONE', #773, .T. ) ;
#1772 = VECTOR ( 'NONE', #216, 1000.000000000000000 ) ;
#1773 = ADVANCED_FACE ( 'NONE', ( #674 ), #1429, .T. ) ;
#1774 = ORIENTED_EDGE ( 'NONE', *, *, #2356, .F. ) ;
#1775 = DIRECTION ( 'NONE',  ( -0.000000000000000000, -0.000000000000000000, -1.000000000000000000 ) ) ;
#1776 = AXIS2_PLACEMENT_3D ( 'NONE', #563, #2428, #379 ) ;
#1777 = FACE_OUTER_BOUND ( 'NONE', #582, .T. ) ;
#1778 = ORIENTED_EDGE ( 'NONE', *, *, #1443, .F. ) ;
#1779 = CARTESIAN_POINT ( 'NONE',  ( -9.500000000000001776, 32.50000000000000000, 59.50000000000000711 ) ) ;
#1780 =( BOUNDED_CURVE ( )  B_SPLINE_CURVE ( 3, ( #1561, #1175, #30, #822 ),
 .UNSPECIFIED., .F., .F. ) 
 B_SPLINE_CURVE_WITH_KNOTS ( ( 4, 4 ),
 ( 4.712388980384689674, 6.283185307179586232 ),
 .UNSPECIFIED. ) 
 CURVE ( )  GEOMETRIC_REPRESENTATION_ITEM ( )  RATIONAL_B_SPLINE_CURVE ( ( 1.000000000000000000, 0.8047378541243649375, 0.8047378541243649375, 1.000000000000000000 ) ) 
 REPRESENTATION_ITEM ( '' )  );
#1781 = ORIENTED_EDGE ( 'NONE', *, *, #906, .T. ) ;
#1782 = ADVANCED_FACE ( 'NONE', ( #1624 ), #1442, .T. ) ;
#1783 = EDGE_CURVE ( 'NONE', #970, #420, #2230, .T. ) ;
#1784 = DIRECTION ( 'NONE',  ( 1.000000000000000000, -0.000000000000000000, 1.734723475976806848E-16 ) ) ;
#1785 = ORIENTED_EDGE ( 'NONE', *, *, #1770, .T. ) ;
#1786 = DIRECTION ( 'NONE',  ( -0.000000000000000000, -0.000000000000000000, -1.000000000000000000 ) ) ;
#1787 = CIRCLE ( 'NONE', #328, 1.499999999999999556 ) ;
#1788 = ORIENTED_EDGE ( 'NONE', *, *, #2300, .T. ) ;
#1789 = DIRECTION ( 'NONE',  ( -0.000000000000000000, -0.000000000000000000, 1.000000000000000000 ) ) ;
#1790 = DIRECTION ( 'NONE',  ( 0.000000000000000000, 0.000000000000000000, -1.000000000000000000 ) ) ;
#1791 = COLOUR_RGB ( '',0.7921568627450980005, 0.8196078431372548767, 0.9333333333333333481 ) ;
#1792 = LINE ( 'NONE', #1421, #1171 ) ;
#1793 = EDGE_LOOP ( 'NONE', ( #2073, #1856, #1632, #562 ) ) ;
#1794 = LINE ( 'NONE', #1450, #1862 ) ;
#1795 = ORIENTED_EDGE ( 'NONE', *, *, #1893, .F. ) ;
#1796 = CARTESIAN_POINT ( 'NONE',  ( 15.00000000000000000, 22.50000000000000000, -60.00000000000000000 ) ) ;
#1797 = EDGE_CURVE ( 'NONE', #1270, #1648, #1852, .T. ) ;
#1798 = LINE ( 'NONE', #470, #2021 ) ;
#1799 = DIRECTION ( 'NONE',  ( -0.000000000000000000, -0.000000000000000000, 1.000000000000000000 ) ) ;
#1800 = LINE ( 'NONE', #294, #273 ) ;
#1801 = DIRECTION ( 'NONE',  ( -0.000000000000000000, 1.000000000000000000, -0.000000000000000000 ) ) ;
#1802 = AXIS2_PLACEMENT_3D ( 'NONE', #522, #1444, #1638 ) ;
#1803 = CYLINDRICAL_SURFACE ( 'NONE', #2232, 1.499999999999999556 ) ;
#1804 = ORIENTED_EDGE ( 'NONE', *, *, #1448, .T. ) ;
#1805 = AXIS2_PLACEMENT_3D ( 'NONE', #1904, #37, #255 ) ;
#1806 = DIRECTION ( 'NONE',  ( -0.000000000000000000, -0.000000000000000000, -1.000000000000000000 ) ) ;
#1807 = VERTEX_POINT ( 'NONE', #2214 ) ;
#1808 = ORIENTED_EDGE ( 'NONE', *, *, #337, .F. ) ;
#1809 = FACE_OUTER_BOUND ( 'NONE', #2159, .T. ) ;
#1810 = EDGE_CURVE ( 'NONE', #1587, #615, #2025, .T. ) ;
#1811 = PRODUCT ( 'PRT-16', 'PRT-16', '', ( #321 ) ) ;
#1812 = LINE ( 'NONE', #1466, #1586 ) ;
#1813 = DIRECTION ( 'NONE',  ( -1.000000000000000000, -1.734723475976806848E-16, 0.000000000000000000 ) ) ;
#1814 = AXIS2_PLACEMENT_3D ( 'NONE', #1104, #341, #907 ) ;
#1815 = ADVANCED_FACE ( 'NONE', ( #532 ), #170, .F. ) ;
#1816 = CIRCLE ( 'NONE', #755, 1.499999999999999556 ) ;
#1817 = FACE_OUTER_BOUND ( 'NONE', #489, .T. ) ;
#1818 = DIRECTION ( 'NONE',  ( -0.000000000000000000, -0.000000000000000000, -1.000000000000000000 ) ) ;
#1819 = CARTESIAN_POINT ( 'NONE',  ( -12.49999999999999822, -17.50000000000000000, 58.70000000000000284 ) ) ;
#1820 = ORIENTED_EDGE ( 'NONE', *, *, #678, .T. ) ;
#1821 = DIRECTION ( 'NONE',  ( -0.000000000000000000, -0.000000000000000000, 1.000000000000000000 ) ) ;
#1822 = ORIENTED_EDGE ( 'NONE', *, *, #28, .F. ) ;
#1823 = CONICAL_SURFACE ( 'NONE', #839, 1.499999999999997780, 1.029744258676653645 ) ;
#1824 = CARTESIAN_POINT ( 'NONE',  ( -22.50000000000000000, -22.50000000000000000, -59.50000000000000000 ) ) ;
#1825 = AXIS2_PLACEMENT_3D ( 'NONE', #1240, #1069, #1480 ) ;
#1826 = DIRECTION ( 'NONE',  ( 1.000000000000000000, 1.387778780781445676E-16, -0.000000000000000000 ) ) ;
#1827 = LINE ( 'NONE', #1228, #2090 ) ;
#1828 = EDGE_LOOP ( 'NONE', ( #2170, #2120, #410, #1759 ) ) ;
#1829 = AXIS2_PLACEMENT_3D ( 'NONE', #2252, #1696, #528 ) ;
#1830 = EDGE_CURVE ( 'NONE', #385, #223, #911, .T. ) ;
#1831 = DIRECTION ( 'NONE',  ( 0.000000000000000000, -1.000000000000000000, 0.000000000000000000 ) ) ;
#1832 = EDGE_LOOP ( 'NONE', ( #1795, #2363, #1733 ) ) ;
#1833 = LINE ( 'NONE', #2239, #846 ) ;
#1834 = VERTEX_POINT ( 'NONE', #372 ) ;
#1835 = LINE ( 'NONE', #708, #1653 ) ;
#1836 = DIRECTION ( 'NONE',  ( -0.000000000000000000, 1.000000000000000000, -0.000000000000000000 ) ) ;
#1837 = CARTESIAN_POINT ( 'NONE',  ( 14.00000000000000000, 17.50000000000000000, -58.70000000000000284 ) ) ;
#1838 = CARTESIAN_POINT ( 'NONE',  ( -7.500000000000001776, 12.50000000000000178, -65.50000000000000000 ) ) ;
#1839 = ORIENTED_EDGE ( 'NONE', *, *, #761, .F. ) ;
#1840 = DIRECTION ( 'NONE',  ( -0.000000000000000000, -0.000000000000000000, -1.000000000000000000 ) ) ;
#1841 = DIRECTION ( 'NONE',  ( 0.000000000000000000, -1.000000000000000000, 0.000000000000000000 ) ) ;
#1842 = VERTEX_POINT ( 'NONE', #1677 ) ;
#1843 = DIRECTION ( 'NONE',  ( -0.8571673007021118895, 1.049727191138618079E-16, 0.5150380749100549327 ) ) ;
#1844 = EDGE_CURVE ( 'NONE', #1214, #818, #1262, .T. ) ;
#1845 = AXIS2_PLACEMENT_3D ( 'NONE', #235, #1932, #437 ) ;
#1846 = CARTESIAN_POINT ( 'NONE',  ( 22.50000000000000000, 22.50000000000000355, -67.50000000000000000 ) ) ;
#1847 = VERTEX_POINT ( 'NONE', #1456 ) ;
#1848 = AXIS2_PLACEMENT_3D ( 'NONE', #1020, #2178, #318 ) ;
#1849 = LINE ( 'NONE', #152, #77 ) ;
#1850 = DIRECTION ( 'NONE',  ( -1.000000000000000000, 0.000000000000000000, 0.000000000000000000 ) ) ;
#1851 = CARTESIAN_POINT ( 'NONE',  ( 15.00000000000000000, 22.50000000000000000, -60.00000000000000000 ) ) ;
#1852 = LINE ( 'NONE', #544, #1579 ) ;
#1853 = ORIENTED_EDGE ( 'NONE', *, *, #520, .T. ) ;
#1854 = PLANE ( 'NONE',  #194 ) ;
#1855 = DIRECTION ( 'NONE',  ( -0.000000000000000000, -0.000000000000000000, 1.000000000000000000 ) ) ;
#1856 = ORIENTED_EDGE ( 'NONE', *, *, #425, .F. ) ;
#1857 = DIRECTION ( 'NONE',  ( -0.000000000000000000, -0.000000000000000000, -1.000000000000000000 ) ) ;
#1858 = DIRECTION ( 'NONE',  ( 0.000000000000000000, 0.5150380749100547106, 0.8571673007021120005 ) ) ;
#1859 = EDGE_CURVE ( 'NONE', #451, #339, #1878, .T. ) ;
#1860 = DIRECTION ( 'NONE',  ( 0.000000000000000000, 0.000000000000000000, -1.000000000000000000 ) ) ;
#1861 = ORIENTED_EDGE ( 'NONE', *, *, #749, .T. ) ;
#1862 = VECTOR ( 'NONE', #836, 1000.000000000000000 ) ;
#1863 = CARTESIAN_POINT ( 'NONE',  ( 7.500000000000001776, 32.50000000000000000, 59.50000000000000711 ) ) ;
#1864 = FACE_OUTER_BOUND ( 'NONE', #833, .T. ) ;
#1865 = LINE ( 'NONE', #2037, #13 ) ;
#1866 = CARTESIAN_POINT ( 'NONE',  ( 15.00000000000001421, 22.50000000000000000, 62.49999999999999289 ) ) ;
#1867 = ORIENTED_EDGE ( 'NONE', *, *, #1748, .F. ) ;
#1868 = CARTESIAN_POINT ( 'NONE',  ( -14.99999999999998401, 32.50000000000000000, 62.50000000000000000 ) ) ;
#1869 = CIRCLE ( 'NONE', #642, 1.499999999999997780 ) ;
#1870 = ORIENTED_EDGE ( 'NONE', *, *, #1844, .T. ) ;
#1871 = DIRECTION ( 'NONE',  ( -1.000000000000000000, 0.000000000000000000, 0.000000000000000000 ) ) ;
#1872 = LINE ( 'NONE', #1138, #2059 ) ;
#1873 = VECTOR ( 'NONE', #1841, 1000.000000000000000 ) ;
#1874 = ORIENTED_EDGE ( 'NONE', *, *, #929, .F. ) ;
#1875 = LINE ( 'NONE', #2418, #948 ) ;
#1876 = DIRECTION ( 'NONE',  ( 0.000000000000000000, -0.000000000000000000, -1.000000000000000000 ) ) ;
#1877 = FACE_OUTER_BOUND ( 'NONE', #1747, .T. ) ;
#1878 = LINE ( 'NONE', #192, #2368 ) ;
#1879 = VERTEX_POINT ( 'NONE', #896 ) ;
#1880 = DIRECTION ( 'NONE',  ( 1.000000000000000000, 0.000000000000000000, 0.000000000000000000 ) ) ;
#1881 = VERTEX_POINT ( 'NONE', #2244 ) ;
#1882 = EDGE_CURVE ( 'NONE', #818, #1502, #2434, .T. ) ;
#1883 = DIRECTION ( 'NONE',  ( -0.000000000000000000, 0.000000000000000000, -1.000000000000000000 ) ) ;
#1884 = EDGE_CURVE ( 'NONE', #223, #1379, #518, .T. ) ;
#1885 = VERTEX_POINT ( 'NONE', #1107 ) ;
#1886 = CARTESIAN_POINT ( 'NONE',  ( 15.00000000000001421, 22.50000000000000000, 62.49999999999999289 ) ) ;
#1887 = AXIS2_PLACEMENT_3D ( 'NONE', #1754, #817, #1765 ) ;
#1888 = DIRECTION ( 'NONE',  ( -0.000000000000000000, 1.000000000000000000, -0.000000000000000000 ) ) ;
#1889 = VECTOR ( 'NONE', #2303, 1000.000000000000000 ) ;
#1890 = CARTESIAN_POINT ( 'NONE',  ( -8.328427124746191623, 13.32842712474619518, -67.50000000000000000 ) ) ;
#1891 = DIRECTION ( 'NONE',  ( 3.469446951953613696E-16, -0.000000000000000000, -1.000000000000000000 ) ) ;
#1892 = ORIENTED_EDGE ( 'NONE', *, *, #205, .T. ) ;
#1893 = EDGE_CURVE ( 'NONE', #1607, #1039, #753, .T. ) ;
#1894 = ADVANCED_FACE ( 'NONE', ( #726 ), #832, .F. ) ;
#1895 = ORIENTED_EDGE ( 'NONE', *, *, #100, .F. ) ;
#1896 = DIRECTION ( 'NONE',  ( -0.000000000000000000, 1.000000000000000000, -0.000000000000000000 ) ) ;
#1897 = CONICAL_SURFACE ( 'NONE', #1969, 2.499999999999995115, 1.029744258676653867 ) ;
#1898 = VECTOR ( 'NONE', #393, 1000.000000000000000 ) ;
#1899 = VECTOR ( 'NONE', #155, 1000.000000000000000 ) ;
#1900 = ORIENTED_EDGE ( 'NONE', *, *, #2094, .F. ) ;
#1901 = CARTESIAN_POINT ( 'NONE',  ( -9.499999999999998224, -12.49999999999999822, -67.50000000000000000 ) ) ;
#1902 = CYLINDRICAL_SURFACE ( 'NONE', #1142, 1.499999999999999556 ) ;
#1903 = ORIENTED_EDGE ( 'NONE', *, *, #1697, .T. ) ;
#1904 = CARTESIAN_POINT ( 'NONE',  ( -14.99999999999998401, 32.50000000000000000, 62.50000000000000000 ) ) ;
#1905 = CIRCLE ( 'NONE', #1741, 2.500000000000002220 ) ;
#1906 = AXIS2_PLACEMENT_3D ( 'NONE', #923, #1057, #2212 ) ;
#1907 = ORIENTED_EDGE ( 'NONE', *, *, #1041, .F. ) ;
#1908 = DIRECTION ( 'NONE',  ( 5.204170427930416550E-15, 0.000000000000000000, -1.000000000000000000 ) ) ;
#1909 = CIRCLE ( 'NONE', #1430, 2.000000000000001776 ) ;
#1910 = EDGE_CURVE ( 'NONE', #1648, #143, #183, .T. ) ;
#1911 = VERTEX_POINT ( 'NONE', #556 ) ;
#1912 = DIRECTION ( 'NONE',  ( -1.000000000000000000, 0.000000000000000000, 0.000000000000000000 ) ) ;
#1913 = CIRCLE ( 'NONE', #686, 2.499999999999995115 ) ;
#1914 = LINE ( 'NONE', #786, #274 ) ;
#1915 = ORIENTED_EDGE ( 'NONE', *, *, #875, .T. ) ;
#1916 = ORIENTED_EDGE ( 'NONE', *, *, #792, .T. ) ;
#1917 = ORIENTED_EDGE ( 'NONE', *, *, #2197, .F. ) ;
#1918 = PLANE ( 'NONE',  #2417 ) ;
#1919 = CARTESIAN_POINT ( 'NONE',  ( 12.50000000000000178, 17.50000000000000000, -67.50000000000000000 ) ) ;
#1920 = ORIENTED_EDGE ( 'NONE', *, *, #352, .F. ) ;
#1921 = DIRECTION ( 'NONE',  ( 1.387778780781445676E-16, -1.000000000000000000, 0.000000000000000000 ) ) ;
#1922 = EDGE_CURVE ( 'NONE', #1293, #1062, #1688, .T. ) ;
#1923 = EDGE_CURVE ( 'NONE', #970, #38, #1321, .T. ) ;
#1924 = CARTESIAN_POINT ( 'NONE',  ( -22.49999999999999645, 32.50000000000000000, 57.50000000000000000 ) ) ;
#1925 = CYLINDRICAL_SURFACE ( 'NONE', #197, 1.499999999999999556 ) ;
#1926 = VERTEX_POINT ( 'NONE', #142 ) ;
#1927 = EDGE_LOOP ( 'NONE', ( #1168, #1156, #1183, #1051 ) ) ;
#1928 = CARTESIAN_POINT ( 'NONE',  ( -15.00000000000000000, 32.50000000000000000, -59.99999999999998579 ) ) ;
#1929 = DIRECTION ( 'NONE',  ( -0.000000000000000000, -0.000000000000000000, 1.000000000000000000 ) ) ;
#1930 = CIRCLE ( 'NONE', #31, 2.000000000000001776 ) ;
#1931 = EDGE_LOOP ( 'NONE', ( #1639, #1388, #2004 ) ) ;
#1932 = DIRECTION ( 'NONE',  ( -0.000000000000000000, -0.000000000000000000, 1.000000000000000000 ) ) ;
#1933 = EDGE_CURVE ( 'NONE', #1949, #1695, #2270, .T. ) ;
#1934 = CONICAL_SURFACE ( 'NONE', #2258, 1.499999999999997780, 1.029744258676653645 ) ;
#1935 = FACE_OUTER_BOUND ( 'NONE', #1717, .T. ) ;
#1936 = VECTOR ( 'NONE', #1506, 1000.000000000000000 ) ;
#1937 = FACE_OUTER_BOUND ( 'NONE', #22, .T. ) ;
#1938 = ORIENTED_EDGE ( 'NONE', *, *, #463, .F. ) ;
#1939 = DIRECTION ( 'NONE',  ( 0.000000000000000000, 0.000000000000000000, -1.000000000000000000 ) ) ;
#1940 = CARTESIAN_POINT ( 'NONE',  ( 22.50000000000000000, -20.49999999999999645, 67.50000000000000000 ) ) ;
#1941 = ORIENTED_EDGE ( 'NONE', *, *, #33, .T. ) ;
#1942 = CARTESIAN_POINT ( 'NONE',  ( 9.500000000000005329, 32.50000000000000000, -57.50000000000000000 ) ) ;
#1943 = DIRECTION ( 'NONE',  ( 1.000000000000000000, 0.000000000000000000, 0.000000000000000000 ) ) ;
#1944 = FACE_OUTER_BOUND ( 'NONE', #2310, .T. ) ;
#1945 = EDGE_LOOP ( 'NONE', ( #572, #900, #1402, #1451, #1459, #1915 ) ) ;
#1946 = ORIENTED_EDGE ( 'NONE', *, *, #127, .F. ) ;
#1947 = CARTESIAN_POINT ( 'NONE',  ( -21.67157287525381193, 22.50000000000000000, -57.49999999999997868 ) ) ;
#1948 = CYLINDRICAL_SURFACE ( 'NONE', #1805, 2.500000000000002220 ) ;
#1949 = VERTEX_POINT ( 'NONE', #1838 ) ;
#1950 = DIRECTION ( 'NONE',  ( -1.000000000000000000, 0.000000000000000000, 0.000000000000000000 ) ) ;
#1951 = VERTEX_POINT ( 'NONE', #1292 ) ;
#1952 = EDGE_CURVE ( 'NONE', #557, #138, #384, .T. ) ;
#1953 = EDGE_CURVE ( 'NONE', #2325, #1381, #1694, .T. ) ;
#1954 = CARTESIAN_POINT ( 'NONE',  ( -14.99999999999998401, 22.50000000000000000, 62.50000000000000000 ) ) ;
#1955 = ORIENTED_EDGE ( 'NONE', *, *, #1122, .T. ) ;
#1956 = DIRECTION ( 'NONE',  ( 1.734723475976806848E-16, -0.000000000000000000, -1.000000000000000000 ) ) ;
#1957 = ORIENTED_EDGE ( 'NONE', *, *, #644, .T. ) ;
#1958 = DIRECTION ( 'NONE',  ( 0.000000000000000000, 0.000000000000000000, 1.000000000000000000 ) ) ;
#1959 = LINE ( 'NONE', #292, #1494 ) ;
#1960 = ADVANCED_FACE ( 'NONE', ( #10 ), #1516, .F. ) ;
#1961 = VECTOR ( 'NONE', #1831, 1000.000000000000000 ) ;
#1962 = EDGE_LOOP ( 'NONE', ( #942, #660, #1015 ) ) ;
#1963 = AXIS2_PLACEMENT_3D ( 'NONE', #1181, #1555, #1371 ) ;
#1964 = EDGE_CURVE ( 'NONE', #2075, #362, #1285, .T. ) ;
#1965 = DIRECTION ( 'NONE',  ( 0.000000000000000000, -1.000000000000000000, 0.000000000000000000 ) ) ;
#1966 = ORIENTED_EDGE ( 'NONE', *, *, #1496, .T. ) ;
#1967 = DIRECTION ( 'NONE',  ( 0.000000000000000000, -0.000000000000000000, -1.000000000000000000 ) ) ;
#1968 = ORIENTED_EDGE ( 'NONE', *, *, #1910, .F. ) ;
#1969 = AXIS2_PLACEMENT_3D ( 'NONE', #418, #968, #1758 ) ;
#1970 = FACE_BOUND ( 'NONE', #944, .T. ) ;
#1971 = EDGE_CURVE ( 'NONE', #519, #1497, #1313, .T. ) ;
#1972 = ORIENTED_EDGE ( 'NONE', *, *, #2326, .T. ) ;
#1973 = DIRECTION ( 'NONE',  ( 0.000000000000000000, 0.000000000000000000, 1.000000000000000000 ) ) ;
#1974 = CONICAL_SURFACE ( 'NONE', #631, 2.500000000000002220, 1.029744258676653867 ) ;
#1975 = LINE ( 'NONE', #1250, #2130 ) ;
#1976 = CARTESIAN_POINT ( 'NONE',  ( 7.499999999999999112, 12.50000000000000000, -66.67157287525381548 ) ) ;
#1977 = EDGE_LOOP ( 'NONE', ( #2006, #1533, #1574, #1018 ) ) ;
#1978 = VECTOR ( 'NONE', #2177, 1000.000000000000000 ) ;
#1979 = EDGE_CURVE ( 'NONE', #362, #2354, #1302, .T. ) ;
#1980 = CYLINDRICAL_SURFACE ( 'NONE', #398, 1.499999999999999556 ) ;
#1981 = ORIENTED_EDGE ( 'NONE', *, *, #390, .T. ) ;
#1982 = LINE ( 'NONE', #658, #959 ) ;
#1983 = AXIS2_PLACEMENT_3D ( 'NONE', #1633, #1056, #1031 ) ;
#1984 = EDGE_CURVE ( 'NONE', #757, #75, #788, .T. ) ;
#1985 = DIRECTION ( 'NONE',  ( 0.000000000000000000, -1.000000000000000000, 0.000000000000000000 ) ) ;
#1986 = CARTESIAN_POINT ( 'NONE',  ( -13.99999999999999645, 17.50000000000000000, -58.70000000000000284 ) ) ;
#1987 = VECTOR ( 'NONE', #1519, 1000.000000000000000 ) ;
#1988 = DIRECTION ( 'NONE',  ( 1.000000000000000000, 0.000000000000000000, -1.734723475976806848E-16 ) ) ;
#1989 = CARTESIAN_POINT ( 'NONE',  ( 15.00000000000001421, 32.50000000000000000, 64.99999999999998579 ) ) ;
#1990 = CARTESIAN_POINT ( 'NONE',  ( 15.00000000000001421, 22.50000000000000000, 62.49999999999999289 ) ) ;
#1991 = ORIENTED_EDGE ( 'NONE', *, *, #1113, .F. ) ;
#1992 = EDGE_CURVE ( 'NONE', #1678, #1236, #236, .T. ) ;
#1993 = DIRECTION ( 'NONE',  ( -1.000000000000000000, 0.000000000000000000, 0.000000000000000000 ) ) ;
#1994 = ORIENTED_EDGE ( 'NONE', *, *, #723, .F. ) ;
#1995 = ORIENTED_EDGE ( 'NONE', *, *, #181, .T. ) ;
#1996 = EDGE_CURVE ( 'NONE', #99, #75, #2414, .T. ) ;
#1997 = DIRECTION ( 'NONE',  ( -0.000000000000000000, -0.000000000000000000, 1.000000000000000000 ) ) ;
#1998 = CARTESIAN_POINT ( 'NONE',  ( -22.49999999999999645, 32.50000000000000000, -59.50000000000000711 ) ) ;
#1999 = CARTESIAN_POINT ( 'NONE',  ( -20.49999999999999645, 32.50000000000000000, 57.50000000000000000 ) ) ;
#2000 = APPLICATION_PROTOCOL_DEFINITION ( 'draft international standard', 'automotive_design', 1998, #791 ) ;
#2001 = LINE ( 'NONE', #307, #1332 ) ;
#2002 = AXIS2_PLACEMENT_3D ( 'NONE', #1582, #1164, #1401 ) ;
#2003 = CARTESIAN_POINT ( 'NONE',  ( -7.499999999999998224, -12.49999999999999822, 67.50000000000000000 ) ) ;
#2004 = ORIENTED_EDGE ( 'NONE', *, *, #211, .T. ) ;
#2005 = CARTESIAN_POINT ( 'NONE',  ( 9.500000000000003553, -14.49999999999999822, -67.50000000000000000 ) ) ;
#2006 = ORIENTED_EDGE ( 'NONE', *, *, #2185, .T. ) ;
#2007 = ORIENTED_EDGE ( 'NONE', *, *, #371, .F. ) ;
#2008 = EDGE_CURVE ( 'NONE', #73, #2256, #402, .T. ) ;
#2009 = CYLINDRICAL_SURFACE ( 'NONE', #15, 1.499999999999999556 ) ;
#2010 = CARTESIAN_POINT ( 'NONE',  ( 9.500000000000001776, 32.50000000000000000, -57.50000000000000000 ) ) ;
#2011 = AXIS2_PLACEMENT_3D ( 'NONE', #539, #1257, #1286 ) ;
#2012 = DIRECTION ( 'NONE',  ( 0.000000000000000000, 0.000000000000000000, -1.000000000000000000 ) ) ;
#2013 = VERTEX_POINT ( 'NONE', #212 ) ;
#2014 = AXIS2_PLACEMENT_3D ( 'NONE', #217, #21, #2115 ) ;
#2015 = EDGE_CURVE ( 'NONE', #680, #1523, #733, .T. ) ;
#2016 = CARTESIAN_POINT ( 'NONE',  ( -11.00000000000000178, 17.50000000000000000, 58.70000000000000284 ) ) ;
#2017 = ORIENTED_EDGE ( 'NONE', *, *, #157, .F. ) ;
#2018 = ADVANCED_FACE ( 'NONE', ( #1128 ), #1974, .F. ) ;
#2019 = DIRECTION ( 'NONE',  ( -0.000000000000000000, -0.000000000000000000, -1.000000000000000000 ) ) ;
#2020 = EDGE_LOOP ( 'NONE', ( #569, #1232, #1162, #1396 ) ) ;
#2021 = VECTOR ( 'NONE', #267, 1000.000000000000000 ) ;
#2022 = DIRECTION ( 'NONE',  ( -3.469446951953613696E-16, 0.000000000000000000, -1.000000000000000000 ) ) ;
#2023 = AXIS2_PLACEMENT_3D ( 'NONE', #1609, #433, #661 ) ;
#2024 = CARTESIAN_POINT ( 'NONE',  ( -7.500000000000001776, 12.50000000000000178, 67.50000000000000000 ) ) ;
#2025 = LINE ( 'NONE', #950, #1936 ) ;
#2026 = ORIENTED_EDGE ( 'NONE', *, *, #1547, .T. ) ;
#2027 = VECTOR ( 'NONE', #1439, 1000.000000000000000 ) ;
#2028 = CARTESIAN_POINT ( 'NONE',  ( -15.00000000000000000, 22.50000000000000000, -62.49999999999998579 ) ) ;
#2029 = CARTESIAN_POINT ( 'NONE',  ( 7.500000000000001776, 32.50000000000000000, 59.50000000000000711 ) ) ;
#2030 = ORIENTED_EDGE ( 'NONE', *, *, #747, .F. ) ;
#2031 = CARTESIAN_POINT ( 'NONE',  ( 15.00000000000000000, 32.50000000000000000, -62.49999999999999289 ) ) ;
#2032 = EDGE_CURVE ( 'NONE', #625, #2388, #1512, .T. ) ;
#2033 = VERTEX_POINT ( 'NONE', #2085 ) ;
#2034 = EDGE_CURVE ( 'NONE', #2335, #1678, #1117, .T. ) ;
#2035 = CARTESIAN_POINT ( 'NONE',  ( -9.499999999999998224, -14.49999999999999822, -67.50000000000000000 ) ) ;
#2036 = DIRECTION ( 'NONE',  ( 1.000000000000000000, 0.000000000000000000, 0.000000000000000000 ) ) ;
#2037 = CARTESIAN_POINT ( 'NONE',  ( 22.50000000000000000, -22.50000000000000000, -67.50000000000000000 ) ) ;
#2038 = DIRECTION ( 'NONE',  ( -1.000000000000000000, 0.000000000000000000, 0.000000000000000000 ) ) ;
#2039 = ORIENTED_EDGE ( 'NONE', *, *, #2108, .T. ) ;
#2040 = DIRECTION ( 'NONE',  ( 0.000000000000000000, 0.000000000000000000, 1.000000000000000000 ) ) ;
#2041 = CARTESIAN_POINT ( 'NONE',  ( -12.49999999999999822, -17.50000000000000000, 67.50000000000000000 ) ) ;
#2042 = EDGE_CURVE ( 'NONE', #2033, #746, #908, .T. ) ;
#2043 = ORIENTED_EDGE ( 'NONE', *, *, #559, .F. ) ;
#2044 = EDGE_CURVE ( 'NONE', #1472, #802, #1816, .T. ) ;
#2045 = DIRECTION ( 'NONE',  ( 0.000000000000000000, 0.000000000000000000, -1.000000000000000000 ) ) ;
#2046 = CARTESIAN_POINT ( 'NONE',  ( 12.50000000000000000, 17.50000000000000000, 57.79870907145865999 ) ) ;
#2047 = CYLINDRICAL_SURFACE ( 'NONE', #1318, 2.000000000000001776 ) ;
#2048 = ORIENTED_EDGE ( 'NONE', *, *, #1543, .F. ) ;
#2049 = AXIS2_PLACEMENT_3D ( 'NONE', #1333, #1541, #1738 ) ;
#2050 = DIRECTION ( 'NONE',  ( 0.000000000000000000, 0.5150380749100549327, 0.8571673007021118895 ) ) ;
#2051 = CARTESIAN_POINT ( 'NONE',  ( 22.50000000000000000, 20.50000000000000355, -59.50000000000000000 ) ) ;
#2052 = FACE_OUTER_BOUND ( 'NONE', #647, .T. ) ;
#2053 = CARTESIAN_POINT ( 'NONE',  ( -12.49999999999999822, 17.50000000000000000, 58.70000000000000284 ) ) ;
#2054 = VERTEX_POINT ( 'NONE', #1101 ) ;
#2055 = EDGE_CURVE ( 'NONE', #812, #269, #1872, .T. ) ;
#2056 = DIRECTION ( 'NONE',  ( -0.000000000000000000, -0.000000000000000000, -1.000000000000000000 ) ) ;
#2057 = CONICAL_SURFACE ( 'NONE', #2329, 1.499999999999997780, 1.029744258676653645 ) ;
#2058 = AXIS2_PLACEMENT_3D ( 'NONE', #877, #702, #2410 ) ;
#2059 = VECTOR ( 'NONE', #1522, 1000.000000000000000 ) ;
#2060 = ORIENTED_EDGE ( 'NONE', *, *, #1736, .T. ) ;
#2061 = CYLINDRICAL_SURFACE ( 'NONE', #1389, 2.000000000000001776 ) ;
#2062 = DIRECTION ( 'NONE',  ( -1.000000000000000000, 0.000000000000000000, 0.000000000000000000 ) ) ;
#2063 = ORIENTED_EDGE ( 'NONE', *, *, #349, .T. ) ;
#2064 = AXIS2_PLACEMENT_3D ( 'NONE', #1585, #1596, #1617 ) ;
#2065 = DIRECTION ( 'NONE',  ( 0.000000000000000000, 0.5150380749100549327, 0.8571673007021118895 ) ) ;
#2066 = FACE_OUTER_BOUND ( 'NONE', #854, .T. ) ;
#2067 = DIRECTION ( 'NONE',  ( -0.000000000000000000, -0.000000000000000000, -1.000000000000000000 ) ) ;
#2068 = CARTESIAN_POINT ( 'NONE',  ( 22.49999999999999645, 22.50000000000000355, 57.50000000000000000 ) ) ;
#2069 = ORIENTED_EDGE ( 'NONE', *, *, #875, .F. ) ;
#2070 = ADVANCED_FACE ( 'NONE', ( #2285 ), #583, .F. ) ;
#2071 = CARTESIAN_POINT ( 'NONE',  ( -12.49999999999999822, 17.50000000000000000, -67.50000000000000000 ) ) ;
#2072 = VECTOR ( 'NONE', #748, 1000.000000000000000 ) ;
#2073 = ORIENTED_EDGE ( 'NONE', *, *, #2347, .F. ) ;
#2074 = CARTESIAN_POINT ( 'NONE',  ( -7.499999999999999112, -12.50000000000000000, -66.67157287525381548 ) ) ;
#2075 = VERTEX_POINT ( 'NONE', #177 ) ;
#2076 = EDGE_CURVE ( 'NONE', #1926, #199, #982, .T. ) ;
#2077 = DIRECTION ( 'NONE',  ( -0.000000000000000000, 1.000000000000000000, -0.000000000000000000 ) ) ;
#2078 = FACE_OUTER_BOUND ( 'NONE', #1274, .T. ) ;
#2079 = EDGE_CURVE ( 'NONE', #1628, #435, #1064, .T. ) ;
#2080 = CARTESIAN_POINT ( 'NONE',  ( 22.50000000000000000, 20.50000000000000355, 59.50000000000000711 ) ) ;
#2081 = DIRECTION ( 'NONE',  ( 1.000000000000000000, -0.000000000000000000, -0.000000000000000000 ) ) ;
#2082 = VERTEX_POINT ( 'NONE', #538 ) ;
#2083 = DIRECTION ( 'NONE',  ( -0.000000000000000000, 1.000000000000000000, -0.000000000000000000 ) ) ;
#2084 = ORIENTED_EDGE ( 'NONE', *, *, #78, .T. ) ;
#2085 = CARTESIAN_POINT ( 'NONE',  ( 11.00000000000000533, -17.50000000000000000, -58.70000000000000284 ) ) ;
#2086 = ORIENTED_EDGE ( 'NONE', *, *, #405, .F. ) ;
#2087 = LINE ( 'NONE', #2113, #1344 ) ;
#2088 = AXIS2_PLACEMENT_3D ( 'NONE', #2374, #1818, #1025 ) ;
#2089 = CARTESIAN_POINT ( 'NONE',  ( -7.500000000000001776, 12.50000000000000178, 67.50000000000000000 ) ) ;
#2090 = VECTOR ( 'NONE', #852, 1000.000000000000000 ) ;
#2091 = DIRECTION ( 'NONE',  ( -0.000000000000000000, -1.000000000000000000, -0.000000000000000000 ) ) ;
#2092 = VERTEX_POINT ( 'NONE', #2046 ) ;
#2093 = DIRECTION ( 'NONE',  ( -0.000000000000000000, 1.000000000000000000, -0.000000000000000000 ) ) ;
#2094 = EDGE_CURVE ( 'NONE', #746, #2033, #740, .T. ) ;
#2095 = ORIENTED_EDGE ( 'NONE', *, *, #1036, .F. ) ;
#2096 = DIRECTION ( 'NONE',  ( 0.000000000000000000, 0.000000000000000000, 1.000000000000000000 ) ) ;
#2097 = CIRCLE ( 'NONE', #828, 2.499999999999995115 ) ;
#2098 = CIRCLE ( 'NONE', #1300, 2.000000000000001776 ) ;
#2099 = AXIS2_PLACEMENT_3D ( 'NONE', #2281, #1701, #580 ) ;
#2100 = ORIENTED_EDGE ( 'NONE', *, *, #450, .T. ) ;
#2101 = CARTESIAN_POINT ( 'NONE',  ( -14.99999999999998401, 32.50000000000000000, 60.00000000000000711 ) ) ;
#2102 = DIRECTION ( 'NONE',  ( -0.000000000000000000, -0.000000000000000000, 1.000000000000000000 ) ) ;
#2103 = ORIENTED_EDGE ( 'NONE', *, *, #586, .F. ) ;
#2104 = VERTEX_POINT ( 'NONE', #1942 ) ;
#2105 = LINE ( 'NONE', #1283, #282 ) ;
#2106 = LINE ( 'NONE', #606, #1097 ) ;
#2107 = AXIS2_PLACEMENT_3D ( 'NONE', #593, #1349, #2237 ) ;
#2108 = EDGE_CURVE ( 'NONE', #519, #1345, #1534, .T. ) ;
#2109 = ORIENTED_EDGE ( 'NONE', *, *, #834, .T. ) ;
#2110 = EDGE_CURVE ( 'NONE', #1502, #706, #1094, .T. ) ;
#2111 = LINE ( 'NONE', #416, #1372 ) ;
#2112 = AXIS2_PLACEMENT_3D ( 'NONE', #1990, #1200, #679 ) ;
#2113 = CARTESIAN_POINT ( 'NONE',  ( -14.99999999999998401, 32.50000000000000000, 65.00000000000000000 ) ) ;
#2114 = PRESENTATION_LAYER_ASSIGNMENT (  '', '', ( #961 ) ) ;
#2115 = DIRECTION ( 'NONE',  ( -1.000000000000000000, 0.000000000000000000, 0.000000000000000000 ) ) ;
#2116 = ORIENTED_EDGE ( 'NONE', *, *, #2141, .F. ) ;
#2117 = ORIENTED_EDGE ( 'NONE', *, *, #1453, .F. ) ;
#2118 = CYLINDRICAL_SURFACE ( 'NONE', #1665, 2.000000000000001776 ) ;
#2119 = CARTESIAN_POINT ( 'NONE',  ( 9.499999999999998224, 12.50000000000000178, -67.50000000000000000 ) ) ;
#2120 = ORIENTED_EDGE ( 'NONE', *, *, #1996, .F. ) ;
#2121 = ADVANCED_FACE ( 'NONE', ( #611 ), #964, .F. ) ;
#2122 = CARTESIAN_POINT ( 'NONE',  ( -7.500000000000001776, 22.50000000000000355, 59.50000000000000711 ) ) ;
#2123 = PLANE ( 'NONE',  #357 ) ;
#2124 = CARTESIAN_POINT ( 'NONE',  ( 22.50000000000000000, -22.50000000000000000, 67.50000000000000000 ) ) ;
#2125 = ORIENTED_EDGE ( 'NONE', *, *, #966, .T. ) ;
#2126 = VECTOR ( 'NONE', #630, 1000.000000000000000 ) ;
#2127 = DIRECTION ( 'NONE',  ( 1.000000000000000000, 0.000000000000000000, 0.000000000000000000 ) ) ;
#2128 = CARTESIAN_POINT ( 'NONE',  ( -14.99999999999998401, 22.50000000000000000, 62.50000000000000000 ) ) ;
#2129 = ADVANCED_FACE ( 'NONE', ( #1718 ), #1365, .F. ) ;
#2130 = VECTOR ( 'NONE', #1408, 1000.000000000000000 ) ;
#2131 = EDGE_LOOP ( 'NONE', ( #1279, #277, #1597, #918 ) ) ;
#2132 = DIRECTION ( 'NONE',  ( -1.000000000000000000, 0.000000000000000000, 0.000000000000000000 ) ) ;
#2133 = AXIS2_PLACEMENT_3D ( 'NONE', #1721, #42, #614 ) ;
#2134 = CARTESIAN_POINT ( 'NONE',  ( 11.00000000000000355, 17.50000000000000000, -67.50000000000000000 ) ) ;
#2135 = AXIS2_PLACEMENT_3D ( 'NONE', #1336, #364, #2096 ) ;
#2136 = CARTESIAN_POINT ( 'NONE',  ( 12.50000000000000178, 17.50000000000000000, 67.50000000000000000 ) ) ;
#2137 = VERTEX_POINT ( 'NONE', #2122 ) ;
#2138 = VERTEX_POINT ( 'NONE', #424 ) ;
#2139 = CARTESIAN_POINT ( 'NONE',  ( -11.00000000000000000, 17.50000000000000000, -67.50000000000000000 ) ) ;
#2140 = LINE ( 'NONE', #815, #1136 ) ;
#2141 = EDGE_CURVE ( 'NONE', #1207, #138, #1559, .T. ) ;
#2142 = VERTEX_POINT ( 'NONE', #1173 ) ;
#2143 = AXIS2_PLACEMENT_3D ( 'NONE', #412, #176, #1160 ) ;
#2144 = CARTESIAN_POINT ( 'NONE',  ( -22.49999999999999645, 32.50000000000000000, -57.50000000000000000 ) ) ;
#2145 = ADVANCED_FACE ( 'NONE', ( #2314 ), #855, .F. ) ;
#2146 = VECTOR ( 'NONE', #1106, 1000.000000000000000 ) ;
#2147 = ORIENTED_EDGE ( 'NONE', *, *, #1348, .T. ) ;
#2148 = CIRCLE ( 'NONE', #414, 2.000000000000001776 ) ;
#2149 = CARTESIAN_POINT ( 'NONE',  ( -11.00000000000000178, 17.50000000000000000, -58.70000000000000284 ) ) ;
#2150 = CARTESIAN_POINT ( 'NONE',  ( 22.49999999999999645, 32.50000000000000000, -59.50000000000000000 ) ) ;
#2151 = ORIENTED_EDGE ( 'NONE', *, *, #749, .F. ) ;
#2152 = ADVANCED_FACE ( 'NONE', ( #643 ), #50, .T. ) ;
#2153 = ADVANCED_FACE ( 'NONE', ( #808 ), #1763, .F. ) ;
#2154 = ORIENTED_EDGE ( 'NONE', *, *, #1297, .T. ) ;
#2155 = CARTESIAN_POINT ( 'NONE',  ( 12.50000000000000178, 17.50000000000000000, -67.50000000000000000 ) ) ;
#2156 = LINE ( 'NONE', #653, #1211 ) ;
#2157 = ORIENTED_EDGE ( 'NONE', *, *, #1830, .F. ) ;
#2158 = CARTESIAN_POINT ( 'NONE',  ( -22.49999999999999645, 22.50000000000000355, 57.50000000000000000 ) ) ;
#2159 = EDGE_LOOP ( 'NONE', ( #1760, #442, #1361, #1118 ) ) ;
#2160 = DIRECTION ( 'NONE',  ( -0.000000000000000000, 1.000000000000000000, -0.000000000000000000 ) ) ;
#2161 = ORIENTED_EDGE ( 'NONE', *, *, #1810, .T. ) ;
#2162 = CARTESIAN_POINT ( 'NONE',  ( 12.50000000000000178, -17.50000000000000000, 67.50000000000000000 ) ) ;
#2163 = EDGE_LOOP ( 'NONE', ( #113, #146 ) ) ;
#2164 = DIRECTION ( 'NONE',  ( -1.734723475976806848E-16, 0.000000000000000000, 1.000000000000000000 ) ) ;
#2165 = DIRECTION ( 'NONE',  ( -0.000000000000000000, -0.000000000000000000, -1.000000000000000000 ) ) ;
#2166 = VECTOR ( 'NONE', #2219, 1000.000000000000000 ) ;
#2167 = AXIS2_PLACEMENT_3D ( 'NONE', #1762, #208, #962 ) ;
#2168 = DIRECTION ( 'NONE',  ( 0.8571673007021118895, 0.000000000000000000, 0.5150380749100549327 ) ) ;
#2169 = ADVANCED_FACE ( 'NONE', ( #2295 ), #2288, .F. ) ;
#2170 = ORIENTED_EDGE ( 'NONE', *, *, #1984, .T. ) ;
#2171 = ADVANCED_FACE ( 'NONE', ( #1184 ), #248, .F. ) ;
#2172 = CARTESIAN_POINT ( 'NONE',  ( 7.500000000000002665, -12.50000000000000000, -66.67157287525381548 ) ) ;
#2173 = EDGE_LOOP ( 'NONE', ( #731, #1981, #1711 ) ) ;
#2174 = EDGE_CURVE ( 'NONE', #1062, #1951, #2111, .T. ) ;
#2175 = DIRECTION ( 'NONE',  ( -1.000000000000000000, 0.000000000000000000, 0.000000000000000000 ) ) ;
#2176 = VERTEX_POINT ( 'NONE', #2324 ) ;
#2177 = DIRECTION ( 'NONE',  ( -0.000000000000000000, -0.000000000000000000, 1.000000000000000000 ) ) ;
#2178 = DIRECTION ( 'NONE',  ( -0.000000000000000000, 1.000000000000000000, -0.000000000000000000 ) ) ;
#2179 = AXIS2_PLACEMENT_3D ( 'NONE', #1066, #1806, #1606 ) ;
#2180 = DIRECTION ( 'NONE',  ( 1.000000000000000000, 0.000000000000000000, 0.000000000000000000 ) ) ;
#2181 = DIRECTION ( 'NONE',  ( -0.000000000000000000, -0.000000000000000000, -1.000000000000000000 ) ) ;
#2182 = ADVANCED_FACE ( 'NONE', ( #831 ), #461, .F. ) ;
#2183 = AXIS2_PLACEMENT_3D ( 'NONE', #841, #1382, #280 ) ;
#2184 = ORIENTED_EDGE ( 'NONE', *, *, #966, .F. ) ;
#2185 = EDGE_CURVE ( 'NONE', #781, #1581, #1208, .T. ) ;
#2186 = DIRECTION ( 'NONE',  ( -0.000000000000000000, -0.000000000000000000, 1.000000000000000000 ) ) ;
#2187 = ORIENTED_EDGE ( 'NONE', *, *, #1707, .F. ) ;
#2188 = FACE_OUTER_BOUND ( 'NONE', #2299, .T. ) ;
#2189 = CONICAL_SURFACE ( 'NONE', #2112, 2.499999999999995115, 1.029744258676653645 ) ;
#2190 = FACE_OUTER_BOUND ( 'NONE', #475, .T. ) ;
#2191 = DIRECTION ( 'NONE',  ( 1.000000000000000000, 0.000000000000000000, 0.000000000000000000 ) ) ;
#2192 = VECTOR ( 'NONE', #1092, 1000.000000000000000 ) ;
#2193 = DIRECTION ( 'NONE',  ( -0.000000000000000000, -0.000000000000000000, 1.000000000000000000 ) ) ;
#2194 = DIRECTION ( 'NONE',  ( -3.469446951953613696E-16, -0.000000000000000000, 1.000000000000000000 ) ) ;
#2195 = DIRECTION ( 'NONE',  ( -0.000000000000000000, -0.000000000000000000, 1.000000000000000000 ) ) ;
#2196 = ORIENTED_EDGE ( 'NONE', *, *, #1222, .T. ) ;
#2197 = EDGE_CURVE ( 'NONE', #1552, #451, #782, .T. ) ;
#2198 = FACE_OUTER_BOUND ( 'NONE', #2173, .T. ) ;
#2199 = EDGE_LOOP ( 'NONE', ( #880, #684, #2277, #2348 ) ) ;
#2200 = VERTEX_POINT ( 'NONE', #224 ) ;
#2201 = DIRECTION ( 'NONE',  ( -1.000000000000000000, 0.000000000000000000, 0.000000000000000000 ) ) ;
#2202 = DIRECTION ( 'NONE',  ( 0.000000000000000000, 1.000000000000000000, 0.000000000000000000 ) ) ;
#2203 = PLANE ( 'NONE',  #1013 ) ;
#2204 = CARTESIAN_POINT ( 'NONE',  ( 15.00000000000001421, 32.50000000000000000, 62.49999999999999289 ) ) ;
#2205 = VECTOR ( 'NONE', #997, 1000.000000000000000 ) ;
#2206 = CARTESIAN_POINT ( 'NONE',  ( 15.00000000000001421, 32.50000000000000000, 64.99999999999998579 ) ) ;
#2207 = ORIENTED_EDGE ( 'NONE', *, *, #2032, .T. ) ;
#2208 = VECTOR ( 'NONE', #994, 1000.000000000000000 ) ;
#2209 = CYLINDRICAL_SURFACE ( 'NONE', #1542, 2.000000000000000000 ) ;
#2210 = ORIENTED_EDGE ( 'NONE', *, *, #1971, .T. ) ;
#2211 = CARTESIAN_POINT ( 'NONE',  ( -22.49999999999999645, 22.50000000000000355, -57.50000000000000000 ) ) ;
#2212 = DIRECTION ( 'NONE',  ( 1.000000000000000000, 0.000000000000000000, 0.000000000000000000 ) ) ;
#2213 = AXIS2_PLACEMENT_3D ( 'NONE', #2124, #430, #204 ) ;
#2214 = CARTESIAN_POINT ( 'NONE',  ( -7.500000000000000000, 22.50000000000000355, -67.50000000000000000 ) ) ;
#2215 = ORIENTED_EDGE ( 'NONE', *, *, #570, .T. ) ;
#2216 = VECTOR ( 'NONE', #1464, 1000.000000000000000 ) ;
#2217 = VECTOR ( 'NONE', #2255, 1000.000000000000000 ) ;
#2218 = CARTESIAN_POINT ( 'NONE',  ( 7.500000000000000000, 32.50000000000000000, -67.50000000000000000 ) ) ;
#2219 = DIRECTION ( 'NONE',  ( 0.000000000000000000, -1.000000000000000000, 0.000000000000000000 ) ) ;
#2220 = EDGE_CURVE ( 'NONE', #1695, #97, #1447, .T. ) ;
#2221 = VERTEX_POINT ( 'NONE', #974 ) ;
#2222 = ADVANCED_FACE ( 'NONE', ( #96 ), #819, .F. ) ;
#2223 = DIRECTION ( 'NONE',  ( -0.000000000000000000, 1.000000000000000000, -0.000000000000000000 ) ) ;
#2224 = EDGE_LOOP ( 'NONE', ( #1004, #1538, #727, #299 ) ) ;
#2225 = AXIS2_PLACEMENT_3D ( 'NONE', #84, #851, #2127 ) ;
#2226 = DIRECTION ( 'NONE',  ( -0.000000000000000000, 1.000000000000000000, -0.000000000000000000 ) ) ;
#2227 = DIRECTION ( 'NONE',  ( 0.000000000000000000, 0.000000000000000000, 1.000000000000000000 ) ) ;
#2228 = EDGE_CURVE ( 'NONE', #479, #171, #295, .T. ) ;
#2229 = FACE_OUTER_BOUND ( 'NONE', #742, .T. ) ;
#2230 = LINE ( 'NONE', #1467, #1347 ) ;
#2231 = ORIENTED_EDGE ( 'NONE', *, *, #1783, .F. ) ;
#2232 = AXIS2_PLACEMENT_3D ( 'NONE', #107, #691, #865 ) ;
#2233 = ADVANCED_FACE ( 'NONE', ( #1432 ), #507, .F. ) ;
#2234 = CARTESIAN_POINT ( 'NONE',  ( -12.49999999999999822, -17.50000000000000000, -67.50000000000000000 ) ) ;
#2235 = AXIS2_PLACEMENT_3D ( 'NONE', #7, #2404, #1850 ) ;
#2236 = EDGE_LOOP ( 'NONE', ( #1090, #335, #1446, #1994 ) ) ;
#2237 = DIRECTION ( 'NONE',  ( -1.000000000000000000, 0.000000000000000000, 0.000000000000000000 ) ) ;
#2238 = DIRECTION ( 'NONE',  ( -0.000000000000000000, -0.000000000000000000, -1.000000000000000000 ) ) ;
#2239 = CARTESIAN_POINT ( 'NONE',  ( -7.500000000000000000, 22.50000000000000355, 67.50000000000000000 ) ) ;
#2240 = ORIENTED_EDGE ( 'NONE', *, *, #884, .F. ) ;
#2241 = LINE ( 'NONE', #1130, #1709 ) ;
#2242 = CARTESIAN_POINT ( 'NONE',  ( -11.00000000000000178, 17.50000000000000000, 58.70000000000000284 ) ) ;
#2243 = PLANE ( 'NONE',  #1622 ) ;
#2244 = CARTESIAN_POINT ( 'NONE',  ( 7.500000000000001776, 22.50000000000000355, 59.50000000000000711 ) ) ;
#2245 = ORIENTED_EDGE ( 'NONE', *, *, #1508, .T. ) ;
#2246 = CARTESIAN_POINT ( 'NONE',  ( -22.50000000000000000, 20.50000000000000355, 67.50000000000000000 ) ) ;
#2247 = EDGE_LOOP ( 'NONE', ( #415, #1043, #1941 ) ) ;
#2248 = LINE ( 'NONE', #1928, #444 ) ;
#2249 = EDGE_CURVE ( 'NONE', #199, #1664, #86, .T. ) ;
#2250 = DIRECTION ( 'NONE',  ( -0.000000000000000000, -0.000000000000000000, 1.000000000000000000 ) ) ;
#2251 = EDGE_LOOP ( 'NONE', ( #2095, #2007 ) ) ;
#2252 = CARTESIAN_POINT ( 'NONE',  ( 0.000000000000000000, 32.50000000000000000, 0.000000000000000000 ) ) ;
#2253 = DIRECTION ( 'NONE',  ( 0.000000000000000000, -0.000000000000000000, 1.000000000000000000 ) ) ;
#2254 = CARTESIAN_POINT ( 'NONE',  ( -7.500000000000002665, 12.50000000000000000, -66.67157287525381548 ) ) ;
#2255 = DIRECTION ( 'NONE',  ( -0.000000000000000000, 1.000000000000000000, -0.000000000000000000 ) ) ;
#2256 = VERTEX_POINT ( 'NONE', #2384 ) ;
#2257 = LINE ( 'NONE', #144, #1987 ) ;
#2258 = AXIS2_PLACEMENT_3D ( 'NONE', #623, #1143, #1526 ) ;
#2259 = AXIS2_PLACEMENT_3D ( 'NONE', #404, #1150, #1908 ) ;
#2260 = ORIENTED_EDGE ( 'NONE', *, *, #610, .F. ) ;
#2261 = EDGE_CURVE ( 'NONE', #1689, #2054, #270, .T. ) ;
#2262 = CARTESIAN_POINT ( 'NONE',  ( -12.49999999999999822, -17.50000000000000000, 58.70000000000000284 ) ) ;
#2263 = CARTESIAN_POINT ( 'NONE',  ( -7.499999999999998224, -12.49999999999999822, -65.50000000000000000 ) ) ;
#2264 = EDGE_CURVE ( 'NONE', #502, #2138, #664, .T. ) ;
#2265 = ORIENTED_EDGE ( 'NONE', *, *, #701, .T. ) ;
#2266 = CONICAL_SURFACE ( 'NONE', #1109, 2.500000000000002220, 1.029744258676653645 ) ;
#2267 = CARTESIAN_POINT ( 'NONE',  ( 22.49999999999999645, 22.50000000000000355, -57.50000000000000000 ) ) ;
#2268 = DIRECTION ( 'NONE',  ( -0.000000000000000000, -0.000000000000000000, 1.000000000000000000 ) ) ;
#2269 = CARTESIAN_POINT ( 'NONE',  ( 12.50000000000000178, -17.50000000000000000, -67.50000000000000000 ) ) ;
#2270 = LINE ( 'NONE', #1663, #275 ) ;
#2271 = ORIENTED_EDGE ( 'NONE', *, *, #1893, .T. ) ;
#2272 = AXIS2_PLACEMENT_3D ( 'NONE', #1133, #2280, #182 ) ;
#2273 = LINE ( 'NONE', #361, #1435 ) ;
#2274 = ORIENTED_EDGE ( 'NONE', *, *, #2228, .T. ) ;
#2275 = CARTESIAN_POINT ( 'NONE',  ( -8.328427124746188071, -13.32842712474618985, -67.50000000000000000 ) ) ;
#2276 = EDGE_CURVE ( 'NONE', #1552, #1949, #1792, .T. ) ;
#2277 = ORIENTED_EDGE ( 'NONE', *, *, #524, .T. ) ;
#2278 = LINE ( 'NONE', #2101, #751 ) ;
#2279 = DIRECTION ( 'NONE',  ( -0.000000000000000000, -0.000000000000000000, 1.000000000000000000 ) ) ;
#2280 = DIRECTION ( 'NONE',  ( -0.000000000000000000, 1.000000000000000000, -0.000000000000000000 ) ) ;
#2281 = CARTESIAN_POINT ( 'NONE',  ( 12.50000000000000178, 17.50000000000000000, 67.50000000000000000 ) ) ;
#2282 = ORIENTED_EDGE ( 'NONE', *, *, #926, .T. ) ;
#2283 = LINE ( 'NONE', #2029, #1873 ) ;
#2284 = ORIENTED_EDGE ( 'NONE', *, *, #495, .T. ) ;
#2285 = FACE_OUTER_BOUND ( 'NONE', #93, .T. ) ;
#2286 = ORIENTED_EDGE ( 'NONE', *, *, #2360, .T. ) ;
#2287 = DIRECTION ( 'NONE',  ( 0.000000000000000000, 0.000000000000000000, -1.000000000000000000 ) ) ;
#2288 = CONICAL_SURFACE ( 'NONE', #1845, 1.499999999999997780, 1.029744258676653645 ) ;
#2289 = CARTESIAN_POINT ( 'NONE',  ( -12.49999999999999822, 17.50000000000000000, 67.50000000000000000 ) ) ;
#2290 = ORIENTED_EDGE ( 'NONE', *, *, #500, .T. ) ;
#2291 = EDGE_LOOP ( 'NONE', ( #201, #604, #1788, #1115, #1352, #1254 ) ) ;
#2292 = ADVANCED_FACE ( 'NONE', ( #1251 ), #1242, .T. ) ;
#2293 = CARTESIAN_POINT ( 'NONE',  ( -20.49999999999999645, 22.50000000000000355, 57.50000000000000000 ) ) ;
#2294 = EDGE_LOOP ( 'NONE', ( #632, #1946, #871, #1562 ) ) ;
#2295 = FACE_OUTER_BOUND ( 'NONE', #1189, .T. ) ;
#2296 = CYLINDRICAL_SURFACE ( 'NONE', #707, 1.499999999999999556 ) ;
#2297 = CYLINDRICAL_SURFACE ( 'NONE', #76, 2.000000000000001776 ) ;
#2298 = ORIENTED_EDGE ( 'NONE', *, *, #78, .F. ) ;
#2299 = EDGE_LOOP ( 'NONE', ( #1394, #1683, #206, #327, #1652, #597, #2313, #552, #2116, #488 ) ) ;
#2300 = EDGE_CURVE ( 'NONE', #1689, #1137, #1049, .T. ) ;
#2301 = ORIENTED_EDGE ( 'NONE', *, *, #1979, .T. ) ;
#2302 = CARTESIAN_POINT ( 'NONE',  ( -13.99999999999999645, -17.50000000000000000, -58.70000000000000284 ) ) ;
#2303 = DIRECTION ( 'NONE',  ( 0.8571673007021118895, 0.000000000000000000, 0.5150380749100549327 ) ) ;
#2304 = CIRCLE ( 'NONE', #1114, 1.499999999999999556 ) ;
#2305 = EDGE_LOOP ( 'NONE', ( #228, #2048 ) ) ;
#2306 = VECTOR ( 'NONE', #1061, 1000.000000000000000 ) ;
#2307 = LINE ( 'NONE', #1367, #629 ) ;
#2308 = CIRCLE ( 'NONE', #1123, 2.000000000000001776 ) ;
#2309 = LINE ( 'NONE', #656, #1342 ) ;
#2310 = EDGE_LOOP ( 'NONE', ( #1755, #590, #1892, #2320 ) ) ;
#2311 = CARTESIAN_POINT ( 'NONE',  ( 20.49999999999999645, 32.50000000000000000, -59.50000000000000000 ) ) ;
#2312 = DIRECTION ( 'NONE',  ( -1.734723475976806848E-16, 1.000000000000000000, 0.000000000000000000 ) ) ;
#2313 = ORIENTED_EDGE ( 'NONE', *, *, #405, .T. ) ;
#2314 = FACE_OUTER_BOUND ( 'NONE', #837, .T. ) ;
#2315 = CARTESIAN_POINT ( 'NONE',  ( -12.49999999999999822, 17.50000000000000000, 58.70000000000000284 ) ) ;
#2316 = CARTESIAN_POINT ( 'NONE',  ( 15.00000000000000000, 32.50000000000000000, -62.49999999999999289 ) ) ;
#2317 = ORIENTED_EDGE ( 'NONE', *, *, #12, .F. ) ;
#2318 = ADVANCED_FACE ( 'NONE', ( #864 ), #1603, .F. ) ;
#2319 = EDGE_CURVE ( 'NONE', #1664, #1689, #1012, .T. ) ;
#2320 = ORIENTED_EDGE ( 'NONE', *, *, #1616, .F. ) ;
#2321 = LINE ( 'NONE', #1837, #1311 ) ;
#2322 = FACE_OUTER_BOUND ( 'NONE', #126, .T. ) ;
#2323 = ORIENTED_EDGE ( 'NONE', *, *, #941, .F. ) ;
#2324 = CARTESIAN_POINT ( 'NONE',  ( 9.500000000000005329, 22.50000000000000355, -57.50000000000000000 ) ) ;
#2325 = VERTEX_POINT ( 'NONE', #1410 ) ;
#2326 = EDGE_CURVE ( 'NONE', #1140, #1381, #677, .T. ) ;
#2327 = VECTOR ( 'NONE', #1048, 1000.000000000000000 ) ;
#2328 = AXIS2_PLACEMENT_3D ( 'NONE', #1413, #683, #259 ) ;
#2329 = AXIS2_PLACEMENT_3D ( 'NONE', #2315, #1328, #1943 ) ;
#2330 = EDGE_CURVE ( 'NONE', #1381, #435, #2362, .T. ) ;
#2331 = CARTESIAN_POINT ( 'NONE',  ( -22.50000000000000000, 32.50000000000000000, -67.50000000000000000 ) ) ;
#2332 = AXIS2_PLACEMENT_3D ( 'NONE', #459, #1206, #1790 ) ;
#2333 = DIRECTION ( 'NONE',  ( -0.000000000000000000, 1.000000000000000000, -0.000000000000000000 ) ) ;
#2334 = ORIENTED_EDGE ( 'NONE', *, *, #599, .T. ) ;
#2335 = VERTEX_POINT ( 'NONE', #474 ) ;
#2336 = FACE_OUTER_BOUND ( 'NONE', #2199, .T. ) ;
#2337 = FACE_BOUND ( 'NONE', #1011, .T. ) ;
#2338 = ORIENTED_EDGE ( 'NONE', *, *, #214, .T. ) ;
#2339 = CARTESIAN_POINT ( 'NONE',  ( -9.500000000000001776, 32.50000000000000000, -59.50000000000000711 ) ) ;
#2340 = AXIS2_PLACEMENT_3D ( 'NONE', #826, #1789, #94 ) ;
#2341 = EDGE_LOOP ( 'NONE', ( #2282, #1529, #345, #1966 ) ) ;
#2342 = VECTOR ( 'NONE', #2065, 1000.000000000000000 ) ;
#2343 = CARTESIAN_POINT ( 'NONE',  ( 8.328427124746189847, -13.32842712474618985, -67.50000000000000000 ) ) ;
#2344 = VERTEX_POINT ( 'NONE', #483 ) ;
#2345 =( GEOMETRIC_REPRESENTATION_CONTEXT ( 3 ) GLOBAL_UNCERTAINTY_ASSIGNED_CONTEXT ( ( #428 ) ) GLOBAL_UNIT_ASSIGNED_CONTEXT ( ( #729, #1084, #1484 ) ) REPRESENTATION_CONTEXT ( 'NONE', 'WORKASPACE' ) );
#2346 = CARTESIAN_POINT ( 'NONE',  ( 20.49999999999999645, -20.49999999999999645, 67.50000000000000000 ) ) ;
#2347 = EDGE_CURVE ( 'NONE', #1039, #1619, #2001, .T. ) ;
#2348 = ORIENTED_EDGE ( 'NONE', *, *, #1884, .F. ) ;
#2349 = CARTESIAN_POINT ( 'NONE',  ( 15.00000000000000000, 32.50000000000000000, -64.99999999999998579 ) ) ;
#2350 = CARTESIAN_POINT ( 'NONE',  ( 20.49999999999999645, 32.50000000000000000, -57.50000000000000000 ) ) ;
#2351 = DIRECTION ( 'NONE',  ( 0.000000000000000000, -1.000000000000000000, 0.000000000000000000 ) ) ;
#2352 = ORIENTED_EDGE ( 'NONE', *, *, #1017, .T. ) ;
#2353 = DIRECTION ( 'NONE',  ( -1.000000000000000000, 0.000000000000000000, 0.000000000000000000 ) ) ;
#2354 = VERTEX_POINT ( 'NONE', #1989 ) ;
#2355 = CARTESIAN_POINT ( 'NONE',  ( 0.000000000000000000, 0.000000000000000000, 67.50000000000000000 ) ) ;
#2356 = EDGE_CURVE ( 'NONE', #2354, #362, #1530, .T. ) ;
#2357 = VERTEX_POINT ( 'NONE', #1613 ) ;
#2358 = DIRECTION ( 'NONE',  ( 0.000000000000000000, 1.000000000000000000, 0.000000000000000000 ) ) ;
#2359 = CARTESIAN_POINT ( 'NONE',  ( 12.50000000000000000, -17.50000000000000000, -57.79870907145865999 ) ) ;
#2360 = EDGE_CURVE ( 'NONE', #1140, #2325, #1060, .T. ) ;
#2361 = AXIS2_PLACEMENT_3D ( 'NONE', #1919, #434, #972 ) ;
#2362 = LINE ( 'NONE', #690, #2396 ) ;
#2363 = ORIENTED_EDGE ( 'NONE', *, *, #243, .T. ) ;
#2364 = CARTESIAN_POINT ( 'NONE',  ( 11.00000000000000355, -17.50000000000000000, 67.50000000000000000 ) ) ;
#2365 = ORIENTED_EDGE ( 'NONE', *, *, #1518, .F. ) ;
#2366 =( GEOMETRIC_REPRESENTATION_CONTEXT ( 3 ) GLOBAL_UNCERTAINTY_ASSIGNED_CONTEXT ( ( #988 ) ) GLOBAL_UNIT_ASSIGNED_CONTEXT ( ( #496, #2373, #521 ) ) REPRESENTATION_CONTEXT ( 'NONE', 'WORKASPACE' ) );
#2367 = FACE_BOUND ( 'NONE', #932, .T. ) ;
#2368 = VECTOR ( 'NONE', #332, 1000.000000000000000 ) ;
#2369 = DIRECTION ( 'NONE',  ( -0.000000000000000000, -0.000000000000000000, 1.000000000000000000 ) ) ;
#2370 = DIRECTION ( 'NONE',  ( -0.000000000000000000, 1.000000000000000000, -0.000000000000000000 ) ) ;
#2371 = EDGE_CURVE ( 'NONE', #776, #83, #542, .T. ) ;
#2372 = AXIS2_PLACEMENT_3D ( 'NONE', #311, #1821, #453 ) ;
#2373 =( NAMED_UNIT ( * ) PLANE_ANGLE_UNIT ( ) SI_UNIT ( $, .RADIAN. ) );
#2374 = CARTESIAN_POINT ( 'NONE',  ( 12.50000000000000178, 17.50000000000000000, -58.70000000000000284 ) ) ;
#2375 = LINE ( 'NONE', #2206, #172 ) ;
#2376 = AXIS2_PLACEMENT_3D ( 'NONE', #1761, #1227, #1973 ) ;
#2377 = ORIENTED_EDGE ( 'NONE', *, *, #2079, .T. ) ;
#2378 = CONICAL_SURFACE ( 'NONE', #1266, 1.499999999999997780, 1.029744258676653645 ) ;
#2379 = ORIENTED_EDGE ( 'NONE', *, *, #535, .T. ) ;
#2380 = VERTEX_POINT ( 'NONE', #132 ) ;
#2381 = DIRECTION ( 'NONE',  ( -0.000000000000000000, 1.000000000000000000, -0.000000000000000000 ) ) ;
#2382 = PLANE ( 'NONE',  #1825 ) ;
#2383 = CYLINDRICAL_SURFACE ( 'NONE', #1294, 2.000000000000001776 ) ;
#2384 = CARTESIAN_POINT ( 'NONE',  ( -15.00000000000000000, 32.50000000000000000, -59.99999999999998579 ) ) ;
#2385 = FACE_OUTER_BOUND ( 'NONE', #628, .T. ) ;
#2386 = ORIENTED_EDGE ( 'NONE', *, *, #834, .F. ) ;
#2387 = CARTESIAN_POINT ( 'NONE',  ( 15.00000000000001421, 22.50000000000000000, 62.49999999999999289 ) ) ;
#2388 = VERTEX_POINT ( 'NONE', #1083 ) ;
#2389 = DIRECTION ( 'NONE',  ( -0.000000000000000000, -0.000000000000000000, 1.000000000000000000 ) ) ;
#2390 = DIRECTION ( 'NONE',  ( -1.000000000000000000, 0.000000000000000000, 0.000000000000000000 ) ) ;
#2391 = CARTESIAN_POINT ( 'NONE',  ( 22.50000000000000000, -22.50000000000000000, -59.50000000000000000 ) ) ;
#2392 = EDGE_CURVE ( 'NONE', #1137, #1207, #1800, .T. ) ;
#2393 = EDGE_LOOP ( 'NONE', ( #1672, #1576, #1493, #624 ) ) ;
#2394 = ADVANCED_FACE ( 'NONE', ( #1420 ), #663, .F. ) ;
#2395 = DIRECTION ( 'NONE',  ( 0.000000000000000000, 0.000000000000000000, 1.000000000000000000 ) ) ;
#2396 = VECTOR ( 'NONE', #497, 1000.000000000000000 ) ;
#2397 = ORIENTED_EDGE ( 'NONE', *, *, #1351, .T. ) ;
#2398 = CIRCLE ( 'NONE', #2049, 2.500000000000002220 ) ;
#2399 = ADVANCED_FACE ( 'NONE', ( #1817 ), #110, .F. ) ;
#2400 = FACE_BOUND ( 'NONE', #2305, .T. ) ;
#2401 = EDGE_LOOP ( 'NONE', ( #1385, #1706, #256, #574 ) ) ;
#2402 = ADVANCED_FACE ( 'NONE', ( #1267 ), #346, .F. ) ;
#2403 = PLANE ( 'NONE',  #1829 ) ;
#2404 = DIRECTION ( 'NONE',  ( -0.000000000000000000, -0.000000000000000000, -1.000000000000000000 ) ) ;
#2405 = DIRECTION ( 'NONE',  ( 0.000000000000000000, 1.000000000000000000, -0.000000000000000000 ) ) ;
#2406 = CIRCLE ( 'NONE', #2328, 2.000000000000001776 ) ;
#2407 = DIRECTION ( 'NONE',  ( 1.734723475976806848E-16, 0.000000000000000000, 1.000000000000000000 ) ) ;
#2408 = ORIENTED_EDGE ( 'NONE', *, *, #464, .F. ) ;
#2409 = AXIS2_PLACEMENT_3D ( 'NONE', #1316, #190, #945 ) ;
#2410 = DIRECTION ( 'NONE',  ( 1.000000000000000000, 0.000000000000000000, 0.000000000000000000 ) ) ;
#2411 = CARTESIAN_POINT ( 'NONE',  ( -13.99999999999999645, 17.50000000000000000, -58.70000000000000284 ) ) ;
#2412 = EDGE_LOOP ( 'NONE', ( #2030, #719, #5, #1917 ) ) ;
#2413 = DIRECTION ( 'NONE',  ( -0.000000000000000000, 1.000000000000000000, -0.000000000000000000 ) ) ;
#2414 = LINE ( 'NONE', #2263, #315 ) ;
#2415 = DIRECTION ( 'NONE',  ( 0.000000000000000000, -1.000000000000000000, 0.000000000000000000 ) ) ;
#2416 = ORIENTED_EDGE ( 'NONE', *, *, #1238, .F. ) ;
#2417 = AXIS2_PLACEMENT_3D ( 'NONE', #1540, #221, #930 ) ;
#2418 = CARTESIAN_POINT ( 'NONE',  ( -11.00000000000000000, -17.50000000000000000, 67.50000000000000000 ) ) ;
#2419 = DIRECTION ( 'NONE',  ( 1.000000000000000000, 0.000000000000000000, 0.000000000000000000 ) ) ;
#2420 = CYLINDRICAL_SURFACE ( 'NONE', #48, 2.000000000000001776 ) ;
#2421 = DIRECTION ( 'NONE',  ( -0.8571673007021118895, 1.049727191138618079E-16, 0.5150380749100549327 ) ) ;
#2422 = ORIENTED_EDGE ( 'NONE', *, *, #1122, .F. ) ;
#2423 = CONICAL_SURFACE ( 'NONE', #1983, 2.499999999999995115, 1.029744258676653867 ) ;
#2424 = DIRECTION ( 'NONE',  ( -0.000000000000000000, -0.000000000000000000, 1.000000000000000000 ) ) ;
#2425 = MECHANICAL_DESIGN_GEOMETRIC_PRESENTATION_REPRESENTATION (  '', ( #961 ), #2345 ) ;
#2426 = ORIENTED_EDGE ( 'NONE', *, *, #1992, .F. ) ;
#2427 = FACE_OUTER_BOUND ( 'NONE', #1477, .T. ) ;
#2428 = DIRECTION ( 'NONE',  ( -0.000000000000000000, 1.000000000000000000, -0.000000000000000000 ) ) ;
#2429 = EDGE_CURVE ( 'NONE', #1834, #1358, #1178, .T. ) ;
#2430 = EDGE_LOOP ( 'NONE', ( #891, #704, #1226 ) ) ;
#2431 = DIRECTION ( 'NONE',  ( -0.000000000000000000, 1.000000000000000000, -0.000000000000000000 ) ) ;
#2432 = FILL_AREA_STYLE_COLOUR ( '', #1791 ) ;
#2433 = CYLINDRICAL_SURFACE ( 'NONE', #1393, 2.000000000000001776 ) ;
#2434 = LINE ( 'NONE', #738, #1899 ) ;
#2435 = ORIENTED_EDGE ( 'NONE', *, *, #316, .F. ) ;
#2436 = ADVANCED_FACE ( 'NONE', ( #1612 ), #1854, .F. ) ;
#2437 = DIRECTION ( 'NONE',  ( -0.000000000000000000, -0.000000000000000000, 1.000000000000000000 ) ) ;
#2438 = ORIENTED_EDGE ( 'NONE', *, *, #777, .F. ) ;
#2439 = LINE ( 'NONE', #537, #242 ) ;
#2440 = DIRECTION ( 'NONE',  ( 1.000000000000000000, 0.000000000000000000, 0.000000000000000000 ) ) ;
#2441 = AXIS2_PLACEMENT_3D ( 'NONE', #351, #917, #1950 ) ;
#2442 = ORIENTED_EDGE ( 'NONE', *, *, #758, .T. ) ;
#2443 = DIRECTION ( 'NONE',  ( 1.734723475976806848E-16, 0.000000000000000000, 1.000000000000000000 ) ) ;
#2444 = SURFACE_STYLE_FILL_AREA ( #1490 ) ;
#2445 = CARTESIAN_POINT ( 'NONE',  ( 9.500000000000003553, -14.49999999999999822, -67.50000000000000000 ) ) ;
#2446 = DIRECTION ( 'NONE',  ( 1.000000000000000000, 0.000000000000000000, 0.000000000000000000 ) ) ;
#2447 = ORIENTED_EDGE ( 'NONE', *, *, #1810, .F. ) ;
ENDSEC;
END-ISO-10303-21;
