ISO-10303-21;
HEADER;
FILE_DESCRIPTION (( 'STEP AP214' ),
    '1' );
FILE_NAME ('PRT-8.STEP',
    '2025-07-15T13:00:17',
    ( '' ),
    ( '' ),
    'SwSTEP 2.0',
    'SolidWorks 2023',
    '' );
FILE_SCHEMA (( 'AUTOMOTIVE_DESIGN' ));
ENDSEC;

DATA;
#1 = CARTESIAN_POINT ( 'NONE',  ( -1.278904416015278489, 19.95961237535069088, 29.50000000000000711 ) ) ;
#2 = CARTESIAN_POINT ( 'NONE',  ( -15.00000000000000000, 6.000000000000001776, 7.500000000000000000 ) ) ;
#3 = VECTOR ( 'NONE', #658, 1000.000000000000000 ) ;
#4 = CARTESIAN_POINT ( 'NONE',  ( -3.855705572859459807, -9.226783542243770952, 30.50000000000000000 ) ) ;
#5 = CARTESIAN_POINT ( 'NONE',  ( -3.552324774695910126, 9.749922591737899324, 44.50000000000000000 ) ) ;
#6 = VECTOR ( 'NONE', #247, 1000.000000000000000 ) ;
#7 = CARTESIAN_POINT ( 'NONE',  ( -1.538237836446201268, 9.883735168335952892, 21.99730340005805473 ) ) ;
#8 = DIRECTION ( 'NONE',  ( 1.000000000000000000, 0.000000000000000000, -1.387778780781445676E-14 ) ) ;
#9 = EDGE_CURVE ( 'NONE', #3715, #37, #1421, .T. ) ;
#10 = AXIS2_PLACEMENT_3D ( 'NONE', #4036, #1371, #789 ) ;
#11 = CARTESIAN_POINT ( 'NONE',  ( -19.07878402833891229, 6.000000000000001776, 5.988040724699453143 ) ) ;
#12 = CYLINDRICAL_SURFACE ( 'NONE', #2309, 4.349999999999997868 ) ;
#13 = EDGE_CURVE ( 'NONE', #3156, #2441, #2008, .T. ) ;
#14 = FACE_OUTER_BOUND ( 'NONE', #19, .T. ) ;
#15 = PLANE ( 'NONE',  #2005 ) ;
#16 = DIRECTION ( 'NONE',  ( 0.000000000000000000, 0.000000000000000000, 1.000000000000000000 ) ) ;
#17 = ORIENTED_EDGE ( 'NONE', *, *, #3643, .T. ) ;
#18 = CARTESIAN_POINT ( 'NONE',  ( 18.37976959730893967, 7.885687639631567158, 44.50000000000000000 ) ) ;
#19 = EDGE_LOOP ( 'NONE', ( #1834, #2127, #3655, #1759 ) ) ;
#20 = ORIENTED_EDGE ( 'NONE', *, *, #1911, .F. ) ;
#21 = AXIS2_PLACEMENT_3D ( 'NONE', #4042, #745, #3708 ) ;
#22 = CARTESIAN_POINT ( 'NONE',  ( -2.301662002013975084, 19.36368642662045048, 44.50000000000000000 ) ) ;
#23 = CARTESIAN_POINT ( 'NONE',  ( 12.32498968311279519, -11.72751850796005790, 30.50000000000000000 ) ) ;
#24 = FACE_OUTER_BOUND ( 'NONE', #519, .T. ) ;
#25 = LINE ( 'NONE', #1624, #667 ) ;
#26 = CIRCLE ( 'NONE', #3074, 2.499999999999988454 ) ;
#27 = DIRECTION ( 'NONE',  ( -0.8009545310442169885, -0.5987251783579327080, 0.000000000000000000 ) ) ;
#28 = CARTESIAN_POINT ( 'NONE',  ( -3.505398488449273042, 9.373170522043627884, 30.41996400438925008 ) ) ;
#29 = CARTESIAN_POINT ( 'NONE',  ( -1.858430132767706189, -19.13228739878225682, 44.50000000000000000 ) ) ;
#30 = CARTESIAN_POINT ( 'NONE',  ( -1.103460564432393376, 19.46875380661902000, 30.00000000000000000 ) ) ;
#31 = CARTESIAN_POINT ( 'NONE',  ( -1.707512218341073806, -19.92747724700050327, 29.60860922544649299 ) ) ;
#32 = CARTESIAN_POINT ( 'NONE',  ( 10.21984303672479300, -1.798557798489456294, 30.50000000000000000 ) ) ;
#33 = CARTESIAN_POINT ( 'NONE',  ( 15.00000000000000000, 21.00000000000000000, 5.000000000000004441 ) ) ;
#34 = VERTEX_POINT ( 'NONE', #2731 ) ;
#35 = ORIENTED_EDGE ( 'NONE', *, *, #2312, .T. ) ;
#36 = ORIENTED_EDGE ( 'NONE', *, *, #2289, .T. ) ;
#37 = VERTEX_POINT ( 'NONE', #18 ) ;
#38 = AXIS2_PLACEMENT_3D ( 'NONE', #724, #1461, #2768 ) ;
#39 = CARTESIAN_POINT ( 'NONE',  ( 9.746533523499586238, -2.237204567154887247, 30.00000000000000000 ) ) ;
#40 = AXIS2_PLACEMENT_3D ( 'NONE', #2160, #1852, #211 ) ;
#41 = ORIENTED_EDGE ( 'NONE', *, *, #2553, .F. ) ;
#42 = CARTESIAN_POINT ( 'NONE',  ( -2.500000000000000444, 15.00000000000000000, 3.061616997868383634E-16 ) ) ;
#43 = DIRECTION ( 'NONE',  ( 1.000000000000000000, 0.000000000000000000, -1.301042606982605321E-16 ) ) ;
#44 = ADVANCED_FACE ( 'NONE', ( #367 ), #712, .T. ) ;
#45 = CIRCLE ( 'NONE', #3240, 16.50000000000000000 ) ;
#46 = CARTESIAN_POINT ( 'NONE',  ( -3.189301394130154232, -9.480432229098241237, 30.01644470337384618 ) ) ;
#47 = AXIS2_PLACEMENT_3D ( 'NONE', #1206, #1246, #1575 ) ;
#48 = DIRECTION ( 'NONE',  ( -0.000000000000000000, 1.000000000000000000, -0.000000000000000000 ) ) ;
#49 = EDGE_CURVE ( 'NONE', #1232, #830, #3478, .T. ) ;
#50 = LINE ( 'NONE', #1083, #914 ) ;
#51 = CARTESIAN_POINT ( 'NONE',  ( -3.539852238479465729, 9.758907917071518057, 30.36726958296370782 ) ) ;
#52 = AXIS2_PLACEMENT_3D ( 'NONE', #4174, #3865, #879 ) ;
#53 = CARTESIAN_POINT ( 'NONE',  ( 17.46323165302157321, -9.748663830851185708, 7.941177788814406391 ) ) ;
#54 = CARTESIAN_POINT ( 'NONE',  ( -4.048490851502433152, -9.688122719355961365, 30.50000000000000000 ) ) ;
#55 = ADVANCED_FACE ( 'NONE', ( #690 ), #1052, .T. ) ;
#56 = DIRECTION ( 'NONE',  ( 0.000000000000000000, 0.000000000000000000, 1.000000000000000000 ) ) ;
#57 = DIRECTION ( 'NONE',  ( 1.000000000000000000, 0.000000000000000000, 0.000000000000000000 ) ) ;
#58 = EDGE_CURVE ( 'NONE', #3552, #2148, #1725, .T. ) ;
#59 = ORIENTED_EDGE ( 'NONE', *, *, #257, .F. ) ;
#60 = CARTESIAN_POINT ( 'NONE',  ( -4.048490851502433152, 9.688122719355957813, 30.50000000000000000 ) ) ;
#61 = VERTEX_POINT ( 'NONE', #2051 ) ;
#62 = EDGE_LOOP ( 'NONE', ( #3913, #2358, #1590, #3931 ) ) ;
#63 = CARTESIAN_POINT ( 'NONE',  ( 9.775478813222914454, -2.111191585600524334, 29.98702305332175655 ) ) ;
#64 = CYLINDRICAL_SURFACE ( 'NONE', #1787, 0.5000000000000000000 ) ;
#65 = CARTESIAN_POINT ( 'NONE',  ( 10.41440581569465174, -1.337965435287997051, 44.50000000000000000 ) ) ;
#66 = CARTESIAN_POINT ( 'NONE',  ( 9.918481729233004529, 1.274252795512364367, 30.36951481360031480 ) ) ;
#67 = EDGE_CURVE ( 'NONE', #2597, #4209, #1533, .T. ) ;
#68 = CIRCLE ( 'NONE', #2633, 2.499999999999988454 ) ;
#69 = DIRECTION ( 'NONE',  ( 1.301042606982605321E-16, 0.000000000000000000, 1.000000000000000000 ) ) ;
#70 = FACE_OUTER_BOUND ( 'NONE', #1223, .T. ) ;
#71 = CARTESIAN_POINT ( 'NONE',  ( -6.810742750368505405, 7.322143346609848003, 29.50000000000000000 ) ) ;
#72 = VECTOR ( 'NONE', #3046, 1000.000000000000000 ) ;
#73 = CARTESIAN_POINT ( 'NONE',  ( -17.11489374841104549, -10.34926969698789101, 8.844710075042504727 ) ) ;
#74 = DIRECTION ( 'NONE',  ( -0.7322143346609845116, -0.6810742750368508069, 0.000000000000000000 ) ) ;
#75 = ADVANCED_FACE ( 'NONE', ( #4066 ), #3431, .T. ) ;
#76 = CARTESIAN_POINT ( 'NONE',  ( 10.21984303672479300, -1.798557798489457626, 30.36114533092258938 ) ) ;
#77 = DIRECTION ( 'NONE',  ( 1.000000000000000000, 0.000000000000000000, 0.000000000000000000 ) ) ;
#78 = EDGE_LOOP ( 'NONE', ( #1226, #4030, #805, #2253 ) ) ;
#79 = CARTESIAN_POINT ( 'NONE',  ( -15.00000000000000000, 21.00000000000000000, 5.000000000000004441 ) ) ;
#80 = ORIENTED_EDGE ( 'NONE', *, *, #2554, .T. ) ;
#81 = ORIENTED_EDGE ( 'NONE', *, *, #1281, .T. ) ;
#82 = CARTESIAN_POINT ( 'NONE',  ( 19.07878402833891229, 6.000000000000001776, 5.988040724699446926 ) ) ;
#83 = CARTESIAN_POINT ( 'NONE',  ( -15.61861335536223017, -11.67514097797968731, 30.50000000000000000 ) ) ;
#84 = DIRECTION ( 'NONE',  ( 0.000000000000000000, 0.000000000000000000, 1.000000000000000000 ) ) ;
#85 = DIRECTION ( 'NONE',  ( 0.000000000000000000, 0.000000000000000000, 1.000000000000000000 ) ) ;
#86 = ORIENTED_EDGE ( 'NONE', *, *, #3130, .T. ) ;
#87 = B_SPLINE_CURVE_WITH_KNOTS ( 'NONE', 3,
 ( #3330, #1427, #1383, #3659, #2758, #1344 ),
 .UNSPECIFIED., .F., .F.,
 ( 4, 2, 4 ),
 ( 0.000000000000000000, 0.0004092641569856217713, 0.0008185283139712435426 ),
 .UNSPECIFIED. ) ;
#88 = CARTESIAN_POINT ( 'NONE',  ( -17.17027385237740944, 10.26214493543297124, 11.27599859809162730 ) ) ;
#89 = DIRECTION ( 'NONE',  ( 0.000000000000000000, 0.000000000000000000, 1.000000000000000000 ) ) ;
#90 = VECTOR ( 'NONE', #2893, 1000.000000000000000 ) ;
#91 = CARTESIAN_POINT ( 'NONE',  ( 17.24288759814927019, -10.13358537997686959, 6.392191004969044243 ) ) ;
#92 = DIRECTION ( 'NONE',  ( -1.000000000000000000, 6.938893903907234689E-15, 0.000000000000000000 ) ) ;
#93 = EDGE_CURVE ( 'NONE', #3147, #266, #1797, .T. ) ;
#94 = FACE_OUTER_BOUND ( 'NONE', #230, .T. ) ;
#95 = EDGE_CURVE ( 'NONE', #284, #2777, #3686, .T. ) ;
#96 = CARTESIAN_POINT ( 'NONE',  ( 9.760130927203592321, 2.177966566239752044, 29.98808561263508210 ) ) ;
#97 = ORIENTED_EDGE ( 'NONE', *, *, #2454, .F. ) ;
#98 = FACE_OUTER_BOUND ( 'NONE', #1409, .T. ) ;
#99 = ORIENTED_EDGE ( 'NONE', *, *, #1898, .T. ) ;
#100 = ORIENTED_EDGE ( 'NONE', *, *, #2177, .T. ) ;
#101 = CARTESIAN_POINT ( 'NONE',  ( -1.265247969166164888, -19.40048351454070996, 30.00840125434415029 ) ) ;
#102 = ORIENTED_EDGE ( 'NONE', *, *, #584, .F. ) ;
#103 = CARTESIAN_POINT ( 'NONE',  ( 18.10913730928069043, 8.489921528588620703, 29.60645437640761557 ) ) ;
#104 = CARTESIAN_POINT ( 'NONE',  ( -7.032528644530017914, -7.762270020728633035, 30.01282069018198584 ) ) ;
#105 = DIRECTION ( 'NONE',  ( 1.000000000000000000, 0.000000000000000000, 0.000000000000000000 ) ) ;
#106 = AXIS2_PLACEMENT_3D ( 'NONE', #619, #985, #595 ) ;
#107 = ORIENTED_EDGE ( 'NONE', *, *, #1998, .F. ) ;
#108 = ADVANCED_FACE ( 'NONE', ( #98 ), #2710, .F. ) ;
#109 = DIRECTION ( 'NONE',  ( 0.000000000000000000, 0.000000000000000000, 1.000000000000000000 ) ) ;
#110 = DIRECTION ( 'NONE',  ( 0.000000000000000000, 0.000000000000000000, 1.000000000000000000 ) ) ;
#111 = AXIS2_PLACEMENT_3D ( 'NONE', #4021, #2351, #3689 ) ;
#112 = ADVANCED_FACE ( 'NONE', ( #2667, #2692 ), #3695, .F. ) ;
#113 = CARTESIAN_POINT ( 'NONE',  ( -3.492774146411635083, 9.791735249194790214, 30.24620192045858502 ) ) ;
#114 = CARTESIAN_POINT ( 'NONE',  ( 17.11736412175797994, -10.34517989335691546, 6.159137827550718924 ) ) ;
#115 = AXIS2_PLACEMENT_3D ( 'NONE', #2887, #2865, #3874 ) ;
#116 = CARTESIAN_POINT ( 'NONE',  ( -16.64607915873630617, -11.08736990095668773, 29.50000000000000355 ) ) ;
#117 = VERTEX_POINT ( 'NONE', #2336 ) ;
#118 = CARTESIAN_POINT ( 'NONE',  ( -16.56390966070548032, 11.20967636274546209, 29.52154340914573183 ) ) ;
#119 = CARTESIAN_POINT ( 'NONE',  ( 9.870103027827926923, 1.650821133341916047, 30.41968304441569160 ) ) ;
#120 = ORIENTED_EDGE ( 'NONE', *, *, #3845, .T. ) ;
#121 = CARTESIAN_POINT ( 'NONE',  ( -16.12274129962380798, -11.84274009422365026, 5.248161907538953841 ) ) ;
#122 = VERTEX_POINT ( 'NONE', #3367 ) ;
#123 = EDGE_LOOP ( 'NONE', ( #1817, #3938, #2582, #1437, #2715 ) ) ;
#124 = CARTESIAN_POINT ( 'NONE',  ( 19.07878402833891229, 6.000000000000001776, 5.988040724699446926 ) ) ;
#125 = ORIENTED_EDGE ( 'NONE', *, *, #2948, .T. ) ;
#126 = CARTESIAN_POINT ( 'NONE',  ( 0.000000000000000000, 0.000000000000000000, 29.50000000000000000 ) ) ;
#127 = CARTESIAN_POINT ( 'NONE',  ( -15.00000000000000000, 6.000000000000001776, 7.500000000000000000 ) ) ;
#128 = EDGE_CURVE ( 'NONE', #2455, #129, #909, .T. ) ;
#129 = VERTEX_POINT ( 'NONE', #2713 ) ;
#130 = CARTESIAN_POINT ( 'NONE',  ( -18.54882891976962966, 7.486887656446678641, 10.02448171272796706 ) ) ;
#131 = CARTESIAN_POINT ( 'NONE',  ( -19.07878402833891229, 6.000000000000001776, 9.011959275300547745 ) ) ;
#132 = DIRECTION ( 'NONE',  ( 1.000000000000000000, 0.000000000000000000, 0.000000000000000000 ) ) ;
#133 = CARTESIAN_POINT ( 'NONE',  ( -6.062776156373552716, 7.952530746731405031, 30.36951481360031480 ) ) ;
#134 = CIRCLE ( 'NONE', #3472, 15.99999999999999289 ) ;
#135 = CARTESIAN_POINT ( 'NONE',  ( 17.02200268731483135, -10.50178067563744300, 6.021330395849617823 ) ) ;
#136 = AXIS2_PLACEMENT_3D ( 'NONE', #1082, #3721, #3087 ) ;
#137 = CARTESIAN_POINT ( 'NONE',  ( -16.72687701983677755, -10.96410439403311798, 29.50000000000000000 ) ) ;
#138 = EDGE_LOOP ( 'NONE', ( #1097, #3127, #3860, #692 ) ) ;
#139 = AXIS2_PLACEMENT_3D ( 'NONE', #4232, #2130, #482 ) ;
#140 = CARTESIAN_POINT ( 'NONE',  ( -16.64501017368185742, 11.08900074839294270, 29.50000001409020101 ) ) ;
#141 = EDGE_CURVE ( 'NONE', #2148, #347, #1719, .T. ) ;
#142 = B_SPLINE_CURVE_WITH_KNOTS ( 'NONE', 3,
 ( #1916, #4301, #1589, #3925, #4259, #679, #2327, #2263, #3602, #3269, #1305, #2658 ),
 .UNSPECIFIED., .F., .F.,
 ( 4, 2, 2, 2, 2, 4 ),
 ( 0.000000000000000000, 0.0004421220274960694740, 0.0008842440549921389481, 0.001326366082488208368, 0.001547427096236245626, 0.001768488109984282667 ),
 .UNSPECIFIED. ) ;
#143 = CARTESIAN_POINT ( 'NONE',  ( 10.23386019967457017, 2.349064795512636916, 29.99999999999996803 ) ) ;
#144 = VERTEX_POINT ( 'NONE', #3146 ) ;
#145 = CARTESIAN_POINT ( 'NONE',  ( -17.50052471220036310, -9.681510011834554064, 7.398506702633927290 ) ) ;
#146 = AXIS2_PLACEMENT_3D ( 'NONE', #3769, #1748, #1433 ) ;
#147 = ORIENTED_EDGE ( 'NONE', *, *, #424, .F. ) ;
#148 = CARTESIAN_POINT ( 'NONE',  ( 18.89104190351357815, 6.575068574202758143, 5.542434215224511185 ) ) ;
#149 = ORIENTED_EDGE ( 'NONE', *, *, #943, .T. ) ;
#150 = CARTESIAN_POINT ( 'NONE',  ( -7.151279887886930808, 7.688250513940340980, 30.00000000000000000 ) ) ;
#151 = CARTESIAN_POINT ( 'NONE',  ( 19.60648050646572216, 1.000000000000000000, 1.143494478793305150E-17 ) ) ;
#152 = CARTESIAN_POINT ( 'NONE',  ( 18.01805255077473333, 8.723881832737911068, 30.53728158764386080 ) ) ;
#153 = ORIENTED_EDGE ( 'NONE', *, *, #2942, .F. ) ;
#154 = ORIENTED_EDGE ( 'NONE', *, *, #4128, .T. ) ;
#155 = CARTESIAN_POINT ( 'NONE',  ( -12.68234468300502016, -15.46512203630284610, 8.455692704000703941 ) ) ;
#156 = EDGE_CURVE ( 'NONE', #3988, #3098, #1040, .T. ) ;
#157 = CARTESIAN_POINT ( 'NONE',  ( -6.062776156373535841, -7.952530746731413913, 45.00000000000000000 ) ) ;
#158 = DIRECTION ( 'NONE',  ( 1.000000000000000000, 0.000000000000000000, 0.000000000000000000 ) ) ;
#159 = CARTESIAN_POINT ( 'NONE',  ( 11.22964908512210336, 16.55063444986275911, 5.306831105477244570 ) ) ;
#160 = ORIENTED_EDGE ( 'NONE', *, *, #2082, .F. ) ;
#161 = CARTESIAN_POINT ( 'NONE',  ( -16.01909062088458668, 11.97450356715872211, 30.49999999999999645 ) ) ;
#162 = DIRECTION ( 'NONE',  ( 1.000000000000000000, 0.000000000000000000, -0.000000000000000000 ) ) ;
#163 = EDGE_LOOP ( 'NONE', ( #3208, #1830, #4268, #4075 ) ) ;
#164 = CARTESIAN_POINT ( 'NONE',  ( 10.61961668254449087, -0.9999999999999978906, 1.333614813980341429 ) ) ;
#165 = ORIENTED_EDGE ( 'NONE', *, *, #887, .T. ) ;
#166 = CARTESIAN_POINT ( 'NONE',  ( 12.94897199354813644, -15.24285982525268679, 6.060149779914997481 ) ) ;
#167 = VERTEX_POINT ( 'NONE', #2446 ) ;
#168 = CARTESIAN_POINT ( 'NONE',  ( 15.00000000000000000, 13.22875655532295269, 11.84999999999999787 ) ) ;
#169 = DIRECTION ( 'NONE',  ( 0.000000000000000000, 0.000000000000000000, -1.000000000000000000 ) ) ;
#170 = CARTESIAN_POINT ( 'NONE',  ( 18.11202184796304238, -8.483792188422864200, 29.60912086617889827 ) ) ;
#171 = B_SPLINE_CURVE_WITH_KNOTS ( 'NONE', 3,
 ( #3756, #748, #3407, #4111, #3542, #3826 ),
 .UNSPECIFIED., .F., .F.,
 ( 4, 2, 4 ),
 ( 0.000000000000000000, 0.0004092641569856228555, 0.0008185283139712457110 ),
 .UNSPECIFIED. ) ;
#172 = ORIENTED_EDGE ( 'NONE', *, *, #1313, .T. ) ;
#173 = EDGE_LOOP ( 'NONE', ( #1616, #1638, #165, #2070, #3325 ) ) ;
#174 = LINE ( 'NONE', #3840, #687 ) ;
#175 = EDGE_CURVE ( 'NONE', #3964, #3086, #2139, .T. ) ;
#176 = CARTESIAN_POINT ( 'NONE',  ( 3.993834109689195166, -16.53751342093682553, 44.50000000000000000 ) ) ;
#177 = CARTESIAN_POINT ( 'NONE',  ( 9.918481729233004529, -1.274252795512359704, 30.50000000000000000 ) ) ;
#178 = CARTESIAN_POINT ( 'NONE',  ( -2.360678976424586573, -19.86019120679020489, 30.50000000000000000 ) ) ;
#179 = ADVANCED_FACE ( 'NONE', ( #3099 ), #1455, .F. ) ;
#180 = CIRCLE ( 'NONE', #2815, 20.00000000000000000 ) ;
#181 = CIRCLE ( 'NONE', #2044, 19.50000000000000000 ) ;
#182 = CARTESIAN_POINT ( 'NONE',  ( -15.61861335536223017, -11.67514097797968908, 45.00000000000000000 ) ) ;
#183 = CARTESIAN_POINT ( 'NONE',  ( 11.23793753469892209, 16.54500995799946850, 9.706999187623912562 ) ) ;
#184 = ORIENTED_EDGE ( 'NONE', *, *, #1185, .F. ) ;
#185 = CIRCLE ( 'NONE', #2611, 16.49999999999999289 ) ;
#186 = DIRECTION ( 'NONE',  ( -1.000000000000000000, 0.000000000000000000, 0.000000000000000000 ) ) ;
#187 = CIRCLE ( 'NONE', #47, 15.99999999999999289 ) ;
#188 = EDGE_CURVE ( 'NONE', #1194, #2252, #1245, .T. ) ;
#189 = CARTESIAN_POINT ( 'NONE',  ( 17.45450057463056126, -8.427883663098688416, 30.03185467814205722 ) ) ;
#190 = AXIS2_PLACEMENT_3D ( 'NONE', #2216, #2880, #3204 ) ;
#191 = EDGE_LOOP ( 'NONE', ( #1500, #3789, #3829, #4217 ) ) ;
#192 = ORIENTED_EDGE ( 'NONE', *, *, #2699, .T. ) ;
#193 = DIRECTION ( 'NONE',  ( 1.000000000000000000, 0.000000000000000000, 0.000000000000000000 ) ) ;
#194 = EDGE_LOOP ( 'NONE', ( #2071, #3696, #344, #1261 ) ) ;
#195 = DIRECTION ( 'NONE',  ( 1.000000000000000000, -0.000000000000000000, -0.000000000000000000 ) ) ;
#196 = CARTESIAN_POINT ( 'NONE',  ( -2.301662002013974195, 19.36368642662045403, 44.50000000000000000 ) ) ;
#197 = EDGE_CURVE ( 'NONE', #3086, #1661, #4043, .T. ) ;
#198 = CARTESIAN_POINT ( 'NONE',  ( 17.46690311492708503, -8.304085218711106720, 30.08721769314650629 ) ) ;
#199 = ORIENTED_EDGE ( 'NONE', *, *, #3620, .T. ) ;
#200 = ORIENTED_EDGE ( 'NONE', *, *, #197, .F. ) ;
#201 = DIRECTION ( 'NONE',  ( 0.000000000000000000, 0.000000000000000000, 1.000000000000000000 ) ) ;
#202 = CARTESIAN_POINT ( 'NONE',  ( 9.918481729233004529, -1.274252795512359482, 45.00000000000000000 ) ) ;
#203 = PLANE ( 'NONE',  #2151 ) ;
#204 = EDGE_CURVE ( 'NONE', #3147, #2929, #2330, .T. ) ;
#205 = CARTESIAN_POINT ( 'NONE',  ( 0.000000000000000000, 0.000000000000000000, 44.50000000000000000 ) ) ;
#206 = B_SPLINE_CURVE_WITH_KNOTS ( 'NONE', 3,
 ( #4178, #490, #1805, #2841, #535, #3142 ),
 .UNSPECIFIED., .F., .F.,
 ( 4, 2, 4 ),
 ( 1.367470808934543632E-17, 0.0003907915060639438219, 0.0007815830121278739828 ),
 .UNSPECIFIED. ) ;
#207 = CARTESIAN_POINT ( 'NONE',  ( 18.37976959730893967, -7.885687639631556500, 30.49999999999999645 ) ) ;
#208 = CIRCLE ( 'NONE', #2287, 10.50000000000000000 ) ;
#209 = DIRECTION ( 'NONE',  ( 1.000000000000000000, -7.105427357601001859E-15, 0.000000000000000000 ) ) ;
#210 = ORIENTED_EDGE ( 'NONE', *, *, #4191, .F. ) ;
#211 = DIRECTION ( 'NONE',  ( 1.000000000000000000, 0.000000000000000000, 0.000000000000000000 ) ) ;
#212 = TOROIDAL_SURFACE ( 'NONE', #693, 19.50000000000000000, 0.5000000000000000000 ) ;
#213 = ADVANCED_FACE ( 'NONE', ( #1669 ), #2724, .T. ) ;
#214 = AXIS2_PLACEMENT_3D ( 'NONE', #435, #2672, #4032 ) ;
#215 = CARTESIAN_POINT ( 'NONE',  ( 10.21984303672479300, 1.798557798489462289, 44.50000000000000000 ) ) ;
#216 = AXIS2_PLACEMENT_3D ( 'NONE', #936, #1935, #2257 ) ;
#217 = ORIENTED_EDGE ( 'NONE', *, *, #382, .F. ) ;
#218 = DIRECTION ( 'NONE',  ( 0.000000000000000000, 0.000000000000000000, 1.000000000000000000 ) ) ;
#219 = DIRECTION ( 'NONE',  ( 1.000000000000000000, 0.000000000000000000, 0.000000000000000000 ) ) ;
#220 = CARTESIAN_POINT ( 'NONE',  ( 19.97498435543817763, 1.000000000000000000, 0.5000000000000143219 ) ) ;
#221 = CARTESIAN_POINT ( 'NONE',  ( 17.43663477642196824, -8.582022563653511682, 30.01079575467606730 ) ) ;
#222 = VERTEX_POINT ( 'NONE', #29 ) ;
#223 = VERTEX_POINT ( 'NONE', #4060 ) ;
#224 = CARTESIAN_POINT ( 'NONE',  ( -1.103460564432394486, 19.46875380661901644, 30.00000000000000000 ) ) ;
#225 = CARTESIAN_POINT ( 'NONE',  ( -19.47434209415045103, -0.9999999999999995559, 0.000000000000000000 ) ) ;
#226 = DIRECTION ( 'NONE',  ( 1.000000000000000000, -1.179632090937179808E-27, -1.214306433183763862E-14 ) ) ;
#227 = CARTESIAN_POINT ( 'NONE',  ( 19.97498435543817763, 1.000000000000000000, 0.5000000000000143219 ) ) ;
#228 = DIRECTION ( 'NONE',  ( 1.000000000000000000, 0.000000000000000000, 0.000000000000000000 ) ) ;
#229 = CARTESIAN_POINT ( 'NONE',  ( 10.68700995732289627, 16.90549438573203034, 6.843257101508605444 ) ) ;
#230 = EDGE_LOOP ( 'NONE', ( #2974, #3260, #2478, #2888 ) ) ;
#231 = CARTESIAN_POINT ( 'NONE',  ( 9.918481729233004529, 1.274252795512361258, 30.50000000000000000 ) ) ;
#232 = AXIS2_PLACEMENT_3D ( 'NONE', #2314, #663, #1984 ) ;
#233 = ADVANCED_FACE ( 'NONE', ( #744 ), #3339, .T. ) ;
#234 = CARTESIAN_POINT ( 'NONE',  ( 17.49826198623418705, -7.956695993255801902, 30.50000000000000000 ) ) ;
#235 = ORIENTED_EDGE ( 'NONE', *, *, #3778, .T. ) ;
#236 = AXIS2_PLACEMENT_3D ( 'NONE', #1927, #3257, #2994 ) ;
#237 = ADVANCED_FACE ( 'NONE', ( #2682 ), #3831, .T. ) ;
#238 = CARTESIAN_POINT ( 'NONE',  ( 19.07878402833891229, 6.000000000000001776, 9.011959275300545968 ) ) ;
#239 = CARTESIAN_POINT ( 'NONE',  ( -6.719243375452546019, 7.407252128953023984, 29.50000001116126214 ) ) ;
#240 = FACE_OUTER_BOUND ( 'NONE', #1991, .T. ) ;
#241 = CARTESIAN_POINT ( 'NONE',  ( -16.01909062088435576, 11.97450356715862974, 30.50000000000000000 ) ) ;
#242 = ORIENTED_EDGE ( 'NONE', *, *, #680, .T. ) ;
#243 = ORIENTED_EDGE ( 'NONE', *, *, #1460, .T. ) ;
#244 = FACE_OUTER_BOUND ( 'NONE', #4289, .T. ) ;
#245 = DIRECTION ( 'NONE',  ( 0.000000000000000000, 1.000000000000000000, -0.000000000000000000 ) ) ;
#246 =( NAMED_UNIT ( * ) PLANE_ANGLE_UNIT ( ) SI_UNIT ( $, .RADIAN. ) );
#247 = DIRECTION ( 'NONE',  ( 0.000000000000000000, 0.000000000000000000, 1.000000000000000000 ) ) ;
#248 = EDGE_CURVE ( 'NONE', #144, #3080, #2531, .T. ) ;
#249 = EDGE_CURVE ( 'NONE', #34, #3583, #1414, .T. ) ;
#250 = DIRECTION ( 'NONE',  ( 0.000000000000000000, 0.000000000000000000, 1.000000000000000000 ) ) ;
#251 = DIRECTION ( 'NONE',  ( 0.000000000000000000, 0.000000000000000000, -1.000000000000000000 ) ) ;
#252 = ORIENTED_EDGE ( 'NONE', *, *, #3484, .F. ) ;
#253 = CIRCLE ( 'NONE', #2678, 10.00000000000000000 ) ;
#254 = CARTESIAN_POINT ( 'NONE',  ( 17.49826198623418705, -7.956695993255800126, 30.00000000000000000 ) ) ;
#255 = AXIS2_PLACEMENT_3D ( 'NONE', #3825, #2442, #2814 ) ;
#256 = AXIS2_PLACEMENT_3D ( 'NONE', #1098, #2405, #3351 ) ;
#257 = EDGE_CURVE ( 'NONE', #4210, #3500, #1108, .T. ) ;
#258 = DIRECTION ( 'NONE',  ( 1.000000000000000000, 0.000000000000000000, 0.000000000000000000 ) ) ;
#259 = ORIENTED_EDGE ( 'NONE', *, *, #67, .F. ) ;
#260 = AXIS2_PLACEMENT_3D ( 'NONE', #2067, #2729, #2795 ) ;
#261 = CARTESIAN_POINT ( 'NONE',  ( -20.00000000000000000, 0.000000000000000000, 20.00000000000000000 ) ) ;
#262 = CARTESIAN_POINT ( 'NONE',  ( -6.474302856337061485, 7.628181957674276426, 30.13691340947006125 ) ) ;
#263 = CIRCLE ( 'NONE', #52, 0.5000000000000000000 ) ;
#264 = CARTESIAN_POINT ( 'NONE',  ( 17.45773857708540788, -8.393254247915825417, 30.05456042882600798 ) ) ;
#265 = ORIENTED_EDGE ( 'NONE', *, *, #2726, .T. ) ;
#266 = VERTEX_POINT ( 'NONE', #3772 ) ;
#267 = DIRECTION ( 'NONE',  ( 0.000000000000000000, 0.000000000000000000, 1.000000000000000000 ) ) ;
#268 = CARTESIAN_POINT ( 'NONE',  ( -16.32611951728409849, -11.55300179789828974, 29.67443538427299288 ) ) ;
#269 = DIRECTION ( 'NONE',  ( 1.000000000000000000, 0.000000000000000000, 0.000000000000000000 ) ) ;
#270 = EDGE_CURVE ( 'NONE', #2578, #2813, #4154, .T. ) ;
#271 = FACE_OUTER_BOUND ( 'NONE', #1532, .T. ) ;
#272 = DIRECTION ( 'NONE',  ( 1.000000000000000000, 6.071532165918824830E-17, 0.000000000000000000 ) ) ;
#273 = CYLINDRICAL_SURFACE ( 'NONE', #2954, 4.349999999999996092 ) ;
#274 = ORIENTED_EDGE ( 'NONE', *, *, #2230, .F. ) ;
#275 = FACE_OUTER_BOUND ( 'NONE', #1398, .T. ) ;
#276 = CARTESIAN_POINT ( 'NONE',  ( 0.000000000000000000, 0.000000000000000000, 29.50000000000000000 ) ) ;
#277 = CARTESIAN_POINT ( 'NONE',  ( 0.000000000000000000, 0.000000000000000000, 44.50000000000000000 ) ) ;
#278 = TOROIDAL_SURFACE ( 'NONE', #2705, 16.49999999999999289, 0.5000000000000000000 ) ;
#279 = EDGE_LOOP ( 'NONE', ( #1879, #1381, #1678, #153 ) ) ;
#280 = DIRECTION ( 'NONE',  ( 1.000000000000000000, 0.000000000000000000, 0.000000000000000000 ) ) ;
#281 = ADVANCED_FACE ( 'NONE', ( #3443 ), #3423, .F. ) ;
#282 = CARTESIAN_POINT ( 'NONE',  ( -3.322667526291274154, 9.903789877229534966, 30.05007342923862623 ) ) ;
#283 = CIRCLE ( 'NONE', #2984, 0.4999999999999994449 ) ;
#284 = VERTEX_POINT ( 'NONE', #1750 ) ;
#285 = ORIENTED_EDGE ( 'NONE', *, *, #706, .F. ) ;
#286 = EDGE_LOOP ( 'NONE', ( #2335, #3516, #931, #1075, #2533, #3782 ) ) ;
#287 = FACE_BOUND ( 'NONE', #3752, .T. ) ;
#288 = CARTESIAN_POINT ( 'NONE',  ( -16.01909062088434510, -11.97450356715865638, 30.50000000000000355 ) ) ;
#289 = CARTESIAN_POINT ( 'NONE',  ( -15.63983185346646820, -11.17559140552646291, 30.50000000000000000 ) ) ;
#290 = ADVANCED_FACE ( 'NONE', ( #2111 ), #1534, .T. ) ;
#291 = CARTESIAN_POINT ( 'NONE',  ( -15.00000000000000000, 6.000000000000001776, 7.500000000000000000 ) ) ;
#292 = VECTOR ( 'NONE', #1648, 1000.000000000000000 ) ;
#293 = EDGE_CURVE ( 'NONE', #1812, #2540, #2420, .T. ) ;
#294 = CARTESIAN_POINT ( 'NONE',  ( 25.00000000000000000, 1.000000000000000000, 0.000000000000000000 ) ) ;
#295 = DIRECTION ( 'NONE',  ( 0.000000000000000000, 0.000000000000000000, 1.000000000000000000 ) ) ;
#296 = ORIENTED_EDGE ( 'NONE', *, *, #3709, .T. ) ;
#297 = CARTESIAN_POINT ( 'NONE',  ( -4.048490851502429599, -9.688122719355963142, 44.50000000000000000 ) ) ;
#298 = DIRECTION ( 'NONE',  ( -1.000000000000000000, -6.071532165918824830E-17, 0.000000000000000000 ) ) ;
#299 = CARTESIAN_POINT ( 'NONE',  ( -1.512139415084851501, -19.95382522125202485, 30.48448322836490476 ) ) ;
#300 = VERTEX_POINT ( 'NONE', #1512 ) ;
#301 = CARTESIAN_POINT ( 'NONE',  ( 14.73745336003482187, -13.52645646256730494, 9.999999999999991118 ) ) ;
#302 = EDGE_CURVE ( 'NONE', #117, #2510, #3116, .T. ) ;
#303 = CARTESIAN_POINT ( 'NONE',  ( -14.55048413865515933, 13.72565259186126951, 11.83306641629646272 ) ) ;
#304 = CARTESIAN_POINT ( 'NONE',  ( -3.496725203229918311, 9.790543866844297227, 30.22926236964243429 ) ) ;
#305 = ORIENTED_EDGE ( 'NONE', *, *, #2551, .F. ) ;
#306 = EDGE_LOOP ( 'NONE', ( #1486, #2364, #36, #653, #2603, #296 ) ) ;
#307 = ORIENTED_EDGE ( 'NONE', *, *, #4008, .F. ) ;
#308 = DIRECTION ( 'NONE',  ( 1.000000000000000000, 0.000000000000000000, 0.000000000000000000 ) ) ;
#309 = DIRECTION ( 'NONE',  ( -0.000000000000000000, -0.000000000000000000, 1.000000000000000000 ) ) ;
#310 = CARTESIAN_POINT ( 'NONE',  ( -2.319457797390437559, -19.86518457136686777, 30.20731475328534543 ) ) ;
#311 = DIRECTION ( 'NONE',  ( -0.000000000000000000, -0.000000000000000000, -1.000000000000000000 ) ) ;
#312 = DIRECTION ( 'NONE',  ( -1.000000000000000000, 0.000000000000000000, 0.000000000000000000 ) ) ;
#313 = CARTESIAN_POINT ( 'NONE',  ( -1.882573851067033566, 9.821889575081643287, 21.65295638890388119 ) ) ;
#314 = CARTESIAN_POINT ( 'NONE',  ( -15.00000000000000000, 21.00000000000000000, 7.500000000000000000 ) ) ;
#315 = EDGE_CURVE ( 'NONE', #1165, #167, #1354, .T. ) ;
#316 = DIRECTION ( 'NONE',  ( -0.000000000000000000, -0.000000000000000000, 1.000000000000000000 ) ) ;
#317 = DIRECTION ( 'NONE',  ( 0.000000000000000000, 0.000000000000000000, -1.000000000000000000 ) ) ;
#318 = CIRCLE ( 'NONE', #3657, 0.5000000000000003331 ) ;
#319 = DIRECTION ( 'NONE',  ( -1.000000000000000000, 0.000000000000000000, 0.000000000000000000 ) ) ;
#320 = CARTESIAN_POINT ( 'NONE',  ( 17.49826198623418705, -7.956695993255801902, 44.50000000000000000 ) ) ;
#321 = AXIS2_PLACEMENT_3D ( 'NONE', #2125, #85, #2453 ) ;
#322 = EDGE_CURVE ( 'NONE', #3712, #3809, #4011, .T. ) ;
#323 = CARTESIAN_POINT ( 'NONE',  ( -6.379911538270334859, 7.709515109364668106, 30.33880758781372577 ) ) ;
#324 = DIRECTION ( 'NONE',  ( 0.000000000000000000, 0.000000000000000000, 1.000000000000000000 ) ) ;
#325 = ORIENTED_EDGE ( 'NONE', *, *, #3692, .T. ) ;
#326 = EDGE_LOOP ( 'NONE', ( #1573, #149, #265, #713 ) ) ;
#327 = ORIENTED_EDGE ( 'NONE', *, *, #1511, .F. ) ;
#328 = FACE_OUTER_BOUND ( 'NONE', #1971, .T. ) ;
#329 = CIRCLE ( 'NONE', #2750, 0.5000000000000004441 ) ;
#330 = ADVANCED_FACE ( 'NONE', ( #4109 ), #2585, .T. ) ;
#331 = CARTESIAN_POINT ( 'NONE',  ( -16.72687701983680597, -10.96410439403308068, 29.99999999999998224 ) ) ;
#332 = CARTESIAN_POINT ( 'NONE',  ( -3.060609162219428026, -9.521014684520629601, 29.49999999999999645 ) ) ;
#333 = CARTESIAN_POINT ( 'NONE',  ( -3.855705572859459362, -9.226783542243770952, 30.50000000000000000 ) ) ;
#334 = EDGE_CURVE ( 'NONE', #2769, #646, #2260, .T. ) ;
#335 = CARTESIAN_POINT ( 'NONE',  ( 2.500000000000003109, 9.682458365518542109, 20.16584693706484188 ) ) ;
#336 = DIRECTION ( 'NONE',  ( -0.000000000000000000, 1.000000000000000000, -0.000000000000000000 ) ) ;
#337 = CARTESIAN_POINT ( 'NONE',  ( -15.00000000000000178, -13.22875655532295269, 9.999999999999998224 ) ) ;
#338 = AXIS2_PLACEMENT_3D ( 'NONE', #2038, #2679, #3684 ) ;
#339 = CARTESIAN_POINT ( 'NONE',  ( -16.31882379280198236, -4.809994912976777393, 30.50000000000000000 ) ) ;
#340 = DIRECTION ( 'NONE',  ( 0.000000000000000000, 0.000000000000000000, 1.000000000000000000 ) ) ;
#341 = LINE ( 'NONE', #4022, #1310 ) ;
#342 = VECTOR ( 'NONE', #3158, 1000.000000000000000 ) ;
#343 = CARTESIAN_POINT ( 'NONE',  ( 12.32498968311279341, 11.72751850796005968, 45.00000000000000000 ) ) ;
#344 = ORIENTED_EDGE ( 'NONE', *, *, #3584, .F. ) ;
#345 = ORIENTED_EDGE ( 'NONE', *, *, #2349, .T. ) ;
#346 = ORIENTED_EDGE ( 'NONE', *, *, #3979, .F. ) ;
#347 = VERTEX_POINT ( 'NONE', #2135 ) ;
#348 = TOROIDAL_SURFACE ( 'NONE', #2066, 16.49999999999999645, 0.5000000000000000000 ) ;
#349 = CARTESIAN_POINT ( 'NONE',  ( -3.552324774695908793, -9.749922591737902877, 30.00000000000000000 ) ) ;
#350 = CARTESIAN_POINT ( 'NONE',  ( 15.00000000000000000, 6.000000000000001776, 11.84999999999999609 ) ) ;
#351 = CARTESIAN_POINT ( 'NONE',  ( -16.16811674357098383, -10.79725041642196715, 30.00000000000000000 ) ) ;
#352 = AXIS2_PLACEMENT_3D ( 'NONE', #391, #3741, #1683 ) ;
#353 = CLOSED_SHELL ( 'NONE', ( #570, #2643, #772, #4280, #3088, #1791, #1069, #4088, #2676, #3520, #3329, #508, #2963, #2864, #1705, #1178, #683, #529, #738, #863, #3010, #1212, #3181, #1556, #961, #2373, #4261, #2882, #3604, #55, #3149, #776, #2594, #1733, #3858, #2274, #1138, #949, #4069, #1449, #2637, #1981, #655, #3783, #565, #1471, #4052, #3092, #2025, #281, #2224, #964, #2539, #1520, #112, #3768, #695, #179, #1958, #3043, #1316, #3805, #3008, #1228, #108, #1336, #4196, #2588, #44, #643, #2544, #1641, #2039, #4143, #4226, #1153, #2810, #3185, #513, #1727, #1645, #290, #75, #4252, #2575, #762, #2993, #213, #330, #3317, #396, #2346, #237, #1708, #2321, #2241, #4157, #2234, #4061, #4304, #3323, #2881, #1713, #1769, #233, #1868, #832, #635, #2836, #2728, #2047, #2900, #2267, #2686, #1551, #905, #3510, #552, #420, #563, #2416, #3668 ) ) ;
#354 = CARTESIAN_POINT ( 'NONE',  ( 9.949874371066199430, 1.000000000000000000, 20.00000000000000000 ) ) ;
#355 = DIRECTION ( 'NONE',  ( -1.263891526004121286E-28, -1.000000000000000000, -1.040834085586083310E-14 ) ) ;
#356 = CARTESIAN_POINT ( 'NONE',  ( -0.6515443865484591424, 9.980061495363194979, 22.41921612982989487 ) ) ;
#357 = LINE ( 'NONE', #3950, #2766 ) ;
#358 = AXIS2_PLACEMENT_3D ( 'NONE', #4149, #1198, #3843 ) ;
#359 = CARTESIAN_POINT ( 'NONE',  ( -17.01938987766094513, -10.50601847367105535, 8.982227340335523280 ) ) ;
#360 = CARTESIAN_POINT ( 'NONE',  ( -2.301662002013976416, 19.36368642662045048, 44.50000000000000000 ) ) ;
#361 = CARTESIAN_POINT ( 'NONE',  ( 0.000000000000000000, 0.000000000000000000, 44.50000000000000000 ) ) ;
#362 = DIRECTION ( 'NONE',  ( 0.000000000000000000, 0.000000000000000000, 1.000000000000000000 ) ) ;
#363 = EDGE_CURVE ( 'NONE', #3228, #1451, #206, .T. ) ;
#364 = CARTESIAN_POINT ( 'NONE',  ( -3.552324774695909237, 9.749922591737904654, 30.36114533092258583 ) ) ;
#365 = EDGE_CURVE ( 'NONE', #1718, #2578, #3799, .T. ) ;
#366 = ORIENTED_EDGE ( 'NONE', *, *, #1848, .F. ) ;
#367 = FACE_OUTER_BOUND ( 'NONE', #2669, .T. ) ;
#368 = ORIENTED_EDGE ( 'NONE', *, *, #128, .F. ) ;
#369 = ORIENTED_EDGE ( 'NONE', *, *, #3730, .T. ) ;
#370 = DIRECTION ( 'NONE',  ( -1.444447458290426666E-28, 1.000000000000000000, 1.040834085586083310E-14 ) ) ;
#371 = CARTESIAN_POINT ( 'NONE',  ( 10.61961668254449087, 1.000000000000000222, 1.333614813980340763 ) ) ;
#372 = CARTESIAN_POINT ( 'NONE',  ( -7.151279887886915709, -7.688250513940352526, 30.00000000000000000 ) ) ;
#373 = CARTESIAN_POINT ( 'NONE',  ( -3.552324775483557850, -9.749922598061610657, 30.43375124542627574 ) ) ;
#374 = CIRCLE ( 'NONE', #2877, 20.00000000000000000 ) ;
#375 = DIRECTION ( 'NONE',  ( 0.000000000000000000, 0.000000000000000000, 1.000000000000000000 ) ) ;
#376 = CARTESIAN_POINT ( 'NONE',  ( 10.41440581569465529, -1.337965435287975735, 30.50000000000000000 ) ) ;
#377 = CARTESIAN_POINT ( 'NONE',  ( -3.056667888437493819, 9.522225097124891846, 29.50000002313676006 ) ) ;
#378 = EDGE_CURVE ( 'NONE', #428, #117, #601, .T. ) ;
#379 = CARTESIAN_POINT ( 'NONE',  ( 17.12037692669781919, -10.34019775645884387, 8.836236786198128357 ) ) ;
#380 = DIRECTION ( 'NONE',  ( -1.000000000000000000, 0.000000000000000000, 0.000000000000000000 ) ) ;
#381 = CARTESIAN_POINT ( 'NONE',  ( 10.23826739056958424, -2.074380452516923601, 30.05007342923862268 ) ) ;
#382 = EDGE_CURVE ( 'NONE', #3447, #1342, #1912, .T. ) ;
#383 = CARTESIAN_POINT ( 'NONE',  ( 9.844424321758868501, 1.760948075190990059, 29.62407421312258293 ) ) ;
#384 = ORIENTED_EDGE ( 'NONE', *, *, #93, .F. ) ;
#385 = CARTESIAN_POINT ( 'NONE',  ( 15.00000000000000000, 1.000000000000000888, 7.500000000000000000 ) ) ;
#386 = ORIENTED_EDGE ( 'NONE', *, *, #2503, .F. ) ;
#387 = ORIENTED_EDGE ( 'NONE', *, *, #58, .F. ) ;
#388 = AXIS2_PLACEMENT_3D ( 'NONE', #532, #3493, #486 ) ;
#389 = DIRECTION ( 'NONE',  ( 1.000000000000000000, 3.469446951953611033E-15, 0.000000000000000000 ) ) ;
#390 = CARTESIAN_POINT ( 'NONE',  ( -2.500000000000000444, 15.00000000000000000, 3.061616997868383634E-16 ) ) ;
#391 = CARTESIAN_POINT ( 'NONE',  ( 0.000000000000000000, 0.000000000000000000, 0.000000000000000000 ) ) ;
#392 = AXIS2_PLACEMENT_3D ( 'NONE', #1899, #2273, #3214 ) ;
#393 = DIRECTION ( 'NONE',  ( 0.000000000000000000, -0.000000000000000000, -1.000000000000000000 ) ) ;
#394 = TOROIDAL_SURFACE ( 'NONE', #886, 16.50000000000000000, 0.5000000000000000000 ) ;
#395 = CARTESIAN_POINT ( 'NONE',  ( -6.810742750368492082, -7.322143346609860437, 29.50000000000000000 ) ) ;
#396 = ADVANCED_FACE ( 'NONE', ( #275 ), #1205, .T. ) ;
#397 = DIRECTION ( 'NONE',  ( -0.000000000000000000, -0.000000000000000000, 1.000000000000000000 ) ) ;
#398 = CARTESIAN_POINT ( 'NONE',  ( 17.92027535737621591, 7.688545448640778268, 44.50000000000000000 ) ) ;
#399 = ADVANCED_BREP_SHAPE_REPRESENTATION ( 'PRT-8', ( #1697, #1957 ), #2166 ) ;
#400 = AXIS2_PLACEMENT_3D ( 'NONE', #2654, #311, #2239 ) ;
#401 = CARTESIAN_POINT ( 'NONE',  ( -7.151279887886930808, 7.688250513940340980, 29.50000000000000000 ) ) ;
#402 = CARTESIAN_POINT ( 'NONE',  ( 17.49826198623418350, 7.956695993255809007, 30.50000000000000000 ) ) ;
#403 = CARTESIAN_POINT ( 'NONE',  ( -15.00000000000000000, 13.22875655532295269, 11.84999999999999787 ) ) ;
#404 = ORIENTED_EDGE ( 'NONE', *, *, #2910, .F. ) ;
#405 = DIRECTION ( 'NONE',  ( -0.9226783542243923719, -0.3855705572859094987, 0.000000000000000000 ) ) ;
#406 = ORIENTED_EDGE ( 'NONE', *, *, #1373, .T. ) ;
#407 = ORIENTED_EDGE ( 'NONE', *, *, #175, .F. ) ;
#408 = EDGE_CURVE ( 'NONE', #2912, #2228, #1149, .T. ) ;
#409 = CARTESIAN_POINT ( 'NONE',  ( 0.000000000000000000, 0.000000000000000000, 1.999999999999980904 ) ) ;
#410 = LINE ( 'NONE', #42, #3117 ) ;
#411 = CARTESIAN_POINT ( 'NONE',  ( -6.564135595895203679, -7.548666004192303269, 30.04658763007159550 ) ) ;
#412 = CARTESIAN_POINT ( 'NONE',  ( 9.864394158883696306, 1.643705156992681049, 29.70535662644472197 ) ) ;
#413 = AXIS2_PLACEMENT_3D ( 'NONE', #2214, #3223, #2898 ) ;
#414 = DIRECTION ( 'NONE',  ( -1.000000000000000000, 0.000000000000000000, 0.000000000000000000 ) ) ;
#415 = EDGE_CURVE ( 'NONE', #873, #3461, #3911, .T. ) ;
#416 = CYLINDRICAL_SURFACE ( 'NONE', #10, 20.00000000000000000 ) ;
#417 = LINE ( 'NONE', #765, #1647 ) ;
#418 = CIRCLE ( 'NONE', #3201, 0.4999999999999995559 ) ;
#419 = AXIS2_PLACEMENT_3D ( 'NONE', #1071, #2379, #1340 ) ;
#420 = ADVANCED_FACE ( 'NONE', ( #4218 ), #2268, .T. ) ;
#421 = DIRECTION ( 'NONE',  ( -1.000000000000000000, 0.000000000000000000, 0.000000000000000000 ) ) ;
#422 = DIRECTION ( 'NONE',  ( -0.000000000000000000, 1.000000000000000000, -0.000000000000000000 ) ) ;
#423 = CARTESIAN_POINT ( 'NONE',  ( 17.42345187265719986, 8.691115490925351850, 30.00000000000000355 ) ) ;
#424 = EDGE_CURVE ( 'NONE', #1342, #830, #318, .T. ) ;
#425 = CARTESIAN_POINT ( 'NONE',  ( 10.23727136861236175, 2.280181096097352977, 29.99999999999996803 ) ) ;
#426 = ORIENTED_EDGE ( 'NONE', *, *, #430, .F. ) ;
#427 = DIRECTION ( 'NONE',  ( 1.000000000000000000, 0.000000000000000000, 0.000000000000000000 ) ) ;
#428 = VERTEX_POINT ( 'NONE', #2202 ) ;
#429 = EDGE_LOOP ( 'NONE', ( #524, #41, #20, #2648 ) ) ;
#430 = EDGE_CURVE ( 'NONE', #4265, #448, #1067, .T. ) ;
#431 = CARTESIAN_POINT ( 'NONE',  ( -1.858430132767708187, -19.13228739878225326, 30.41050795938039641 ) ) ;
#432 = VERTEX_POINT ( 'NONE', #3541 ) ;
#433 = CIRCLE ( 'NONE', #3005, 0.5000000000000000000 ) ;
#434 = CARTESIAN_POINT ( 'NONE',  ( 18.30452721918751280, 8.059139272302658696, 29.95096918943838560 ) ) ;
#435 = CARTESIAN_POINT ( 'NONE',  ( 0.000000000000000000, 0.000000000000000000, 44.50000000000000000 ) ) ;
#436 = DIRECTION ( 'NONE',  ( -1.000000000000000000, 0.000000000000000000, 0.000000000000000000 ) ) ;
#437 = EDGE_LOOP ( 'NONE', ( #1679, #1862, #2924, #3579, #2449 ) ) ;
#438 = FACE_OUTER_BOUND ( 'NONE', #2522, .T. ) ;
#439 = CARTESIAN_POINT ( 'NONE',  ( -3.082580311787643801, -10.03731530945298189, 30.00000000000000000 ) ) ;
#440 = CARTESIAN_POINT ( 'NONE',  ( -3.176411285889824132, 9.482838676141478018, 29.52564138725334431 ) ) ;
#441 = CIRCLE ( 'NONE', #928, 0.5000000000000000000 ) ;
#442 = CARTESIAN_POINT ( 'NONE',  ( 16.36300832906717417, -11.50207239157509420, 5.399321508151337490 ) ) ;
#443 = EDGE_CURVE ( 'NONE', #167, #1146, #3093, .T. ) ;
#444 = FACE_OUTER_BOUND ( 'NONE', #620, .T. ) ;
#445 = ORIENTED_EDGE ( 'NONE', *, *, #3681, .F. ) ;
#446 = DIRECTION ( 'NONE',  ( 1.000000000000000000, 0.000000000000000000, -0.000000000000000000 ) ) ;
#447 = CARTESIAN_POINT ( 'NONE',  ( 10.23755076074214720, 2.078229720211100862, 30.06203710728311407 ) ) ;
#448 = VERTEX_POINT ( 'NONE', #231 ) ;
#449 = CARTESIAN_POINT ( 'NONE',  ( 12.32498968311279341, 11.72751850796005968, 30.50000000000000000 ) ) ;
#450 = EDGE_LOOP ( 'NONE', ( #3834, #1576, #3133, #1700 ) ) ;
#451 = ORIENTED_EDGE ( 'NONE', *, *, #1583, .T. ) ;
#452 = CARTESIAN_POINT ( 'NONE',  ( 17.85794060921292470, 9.032561913411324639, 4.194344152494879907 ) ) ;
#453 = CARTESIAN_POINT ( 'NONE',  ( -12.67266632664084547, 15.47573903230200010, 3.815152766223380620 ) ) ;
#454 = DIRECTION ( 'NONE',  ( -0.04243699620846975301, -0.9990991449064513530, 0.000000000000000000 ) ) ;
#455 = CARTESIAN_POINT ( 'NONE',  ( 17.48796628595837532, 8.079817266311920321, 30.22825225986624176 ) ) ;
#456 = ORIENTED_EDGE ( 'NONE', *, *, #1123, .T. ) ;
#457 = DIRECTION ( 'NONE',  ( 0.000000000000000000, 0.000000000000000000, 1.000000000000000000 ) ) ;
#458 = VECTOR ( 'NONE', #316, 1000.000000000000000 ) ;
#459 = CARTESIAN_POINT ( 'NONE',  ( -16.01909062088435576, 11.97450356715862974, 30.50000000000000000 ) ) ;
#460 = DIRECTION ( 'NONE',  ( -0.1180339488212286680, 0.9930095603395103776, 0.000000000000000000 ) ) ;
#461 = CIRCLE ( 'NONE', #2895, 15.99999999999999645 ) ;
#462 = CARTESIAN_POINT ( 'NONE',  ( -6.159513283878438550, 7.877991384632064609, 30.00114072906966811 ) ) ;
#463 = CARTESIAN_POINT ( 'NONE',  ( 15.00000000000008527, -13.22875655532294026, 4.999999999999824141 ) ) ;
#464 = EDGE_CURVE ( 'NONE', #2068, #3809, #4074, .T. ) ;
#465 = CARTESIAN_POINT ( 'NONE',  ( -16.19113432228342120, -11.74143447730421919, 29.84481231210315855 ) ) ;
#466 = EDGE_LOOP ( 'NONE', ( #4135, #3882, #3079, #1273 ) ) ;
#467 = DIRECTION ( 'NONE',  ( 0.000000000000000000, -1.000000000000000000, 0.000000000000000000 ) ) ;
#468 = CARTESIAN_POINT ( 'NONE',  ( 10.22138419472795867, 1.813793412969906926, 30.36729378104322308 ) ) ;
#469 = ORIENTED_EDGE ( 'NONE', *, *, #175, .T. ) ;
#470 = CARTESIAN_POINT ( 'NONE',  ( -16.37584439507831391, -11.48906516569760150, 5.391638821640227341 ) ) ;
#471 = ORIENTED_EDGE ( 'NONE', *, *, #2041, .T. ) ;
#472 = CARTESIAN_POINT ( 'NONE',  ( 14.06719990710270807, -14.21797518601844956, 5.176152791396015473 ) ) ;
#473 = AXIS2_PLACEMENT_3D ( 'NONE', #3559, #3640, #2568 ) ;
#474 = VERTEX_POINT ( 'NONE', #906 ) ;
#475 = CARTESIAN_POINT ( 'NONE',  ( 25.00000000000000000, 1.000000000000000000, 0.000000000000000000 ) ) ;
#476 = LINE ( 'NONE', #3836, #4038 ) ;
#477 = DIRECTION ( 'NONE',  ( 0.000000000000000000, 1.040834085586083310E-14, -1.000000000000000000 ) ) ;
#478 = ORIENTED_EDGE ( 'NONE', *, *, #2105, .T. ) ;
#479 = ORIENTED_EDGE ( 'NONE', *, *, #382, .T. ) ;
#480 = CARTESIAN_POINT ( 'NONE',  ( -1.280851294662065820, 19.95950202910911742, 29.49999999081718016 ) ) ;
#481 = CARTESIAN_POINT ( 'NONE',  ( 10.21984303672479300, -1.798557798489456294, 30.50000000000000000 ) ) ;
#482 = DIRECTION ( 'NONE',  ( -1.000000000000000000, 0.000000000000000000, 0.000000000000000000 ) ) ;
#483 = CARTESIAN_POINT ( 'NONE',  ( -15.00000000000000000, 21.00000000000000000, 7.500000000000000000 ) ) ;
#484 = AXIS2_PLACEMENT_3D ( 'NONE', #1502, #3221, #1842 ) ;
#485 = CIRCLE ( 'NONE', #2423, 0.5000000000000004441 ) ;
#486 = DIRECTION ( 'NONE',  ( 1.000000000000000000, 0.000000000000000000, 0.000000000000000000 ) ) ;
#487 = VERTEX_POINT ( 'NONE', #1574 ) ;
#488 = CIRCLE ( 'NONE', #139, 10.50000000000000000 ) ;
#489 = AXIS2_PLACEMENT_3D ( 'NONE', #1809, #3121, #1490 ) ;
#490 = CARTESIAN_POINT ( 'NONE',  ( 19.97498435543817763, -0.9999999999999976685, 0.3678597009769125625 ) ) ;
#491 = FACE_OUTER_BOUND ( 'NONE', #2996, .T. ) ;
#492 = EDGE_LOOP ( 'NONE', ( #2121, #730, #2126, #4237 ) ) ;
#493 = CARTESIAN_POINT ( 'NONE',  ( -14.99999999999999822, -13.22875655532295447, 5.000000000000007105 ) ) ;
#494 = AXIS2_PLACEMENT_3D ( 'NONE', #1218, #3793, #3512 ) ;
#495 = ORIENTED_EDGE ( 'NONE', *, *, #4240, .F. ) ;
#496 = EDGE_CURVE ( 'NONE', #3500, #545, #1625, .T. ) ;
#497 = DIRECTION ( 'NONE',  ( 1.000000000000000000, 0.000000000000000000, 0.000000000000000000 ) ) ;
#498 = ORIENTED_EDGE ( 'NONE', *, *, #4108, .F. ) ;
#499 = DIRECTION ( 'NONE',  ( 0.000000000000000000, 0.000000000000000000, 1.000000000000000000 ) ) ;
#500 = CARTESIAN_POINT ( 'NONE',  ( -6.681536050137405702, -7.945055922702219497, 30.36726958296356926 ) ) ;
#501 = EDGE_CURVE ( 'NONE', #2929, #2712, #4282, .T. ) ;
#502 = CARTESIAN_POINT ( 'NONE',  ( 9.915365287697463614, 1.299185653452260336, 30.24122217541818003 ) ) ;
#503 = ORIENTED_EDGE ( 'NONE', *, *, #3497, .T. ) ;
#504 = ORIENTED_EDGE ( 'NONE', *, *, #871, .T. ) ;
#505 = DIRECTION ( 'NONE',  ( -0.000000000000000000, -0.000000000000000000, -1.000000000000000000 ) ) ;
#506 = CARTESIAN_POINT ( 'NONE',  ( -12.68111919249425057, -15.46611760490565679, 6.547582272032145490 ) ) ;
#507 = DIRECTION ( 'NONE',  ( -0.000000000000000000, -0.000000000000000000, 1.000000000000000000 ) ) ;
#508 = ADVANCED_FACE ( 'NONE', ( #3952 ), #1241, .T. ) ;
#509 = CARTESIAN_POINT ( 'NONE',  ( 12.32498968311279519, -11.72751850796005790, 30.00000000000000000 ) ) ;
#510 = DIRECTION ( 'NONE',  ( 0.9923321536130442766, 0.1235997447638844948, 0.000000000000000000 ) ) ;
#511 = ORIENTED_EDGE ( 'NONE', *, *, #3284, .F. ) ;
#512 = CARTESIAN_POINT ( 'NONE',  ( -16.58623982549651288, 11.21579031969114837, 30.52407114742807082 ) ) ;
#513 = ADVANCED_FACE ( 'NONE', ( #2925 ), #4262, .T. ) ;
#514 = CARTESIAN_POINT ( 'NONE',  ( -4.048490851502434040, -9.688122719355961365, 45.00000000000000000 ) ) ;
#515 = VERTEX_POINT ( 'NONE', #1939 ) ;
#516 = ORIENTED_EDGE ( 'NONE', *, *, #875, .T. ) ;
#517 = DIRECTION ( 'NONE',  ( 1.000000000000000000, 0.000000000000000000, 0.000000000000000000 ) ) ;
#518 = EDGE_CURVE ( 'NONE', #911, #222, #1978, .T. ) ;
#519 = EDGE_LOOP ( 'NONE', ( #3502, #3476, #511, #1855 ) ) ;
#520 = CARTESIAN_POINT ( 'NONE',  ( -11.40570648604204429, 16.43061491767402771, 5.030577623199242510 ) ) ;
#521 = DIRECTION ( 'NONE',  ( -0.5987251783579311537, -0.8009545310442184318, 0.000000000000000000 ) ) ;
#522 = CARTESIAN_POINT ( 'NONE',  ( -15.63983185346648064, 11.17559140552643981, 30.50000000000000000 ) ) ;
#523 = VERTEX_POINT ( 'NONE', #3295 ) ;
#524 = ORIENTED_EDGE ( 'NONE', *, *, #315, .F. ) ;
#525 = CARTESIAN_POINT ( 'NONE',  ( -1.454043453219417970, 19.94876368629182295, 30.21292199652777555 ) ) ;
#526 = CARTESIAN_POINT ( 'NONE',  ( 0.000000000000000000, 0.000000000000000000, 30.00000000000000000 ) ) ;
#527 = AXIS2_PLACEMENT_3D ( 'NONE', #4279, #941, #557 ) ;
#528 = CARTESIAN_POINT ( 'NONE',  ( 12.32498968311279519, -11.72751850796005790, 44.50000000000000000 ) ) ;
#529 = ADVANCED_FACE ( 'NONE', ( #2243 ), #273, .F. ) ;
#530 = CIRCLE ( 'NONE', #806, 0.5000000000000004441 ) ;
#531 = DIRECTION ( 'NONE',  ( 1.000000000000000000, 0.000000000000000000, 0.000000000000000000 ) ) ;
#532 = CARTESIAN_POINT ( 'NONE',  ( 12.32498968311279519, -11.72751850796005790, 30.00000000000000000 ) ) ;
#533 = ORIENTED_EDGE ( 'NONE', *, *, #2085, .T. ) ;
#534 = CIRCLE ( 'NONE', #2962, 0.5000000000000005551 ) ;
#535 = CARTESIAN_POINT ( 'NONE',  ( 19.60647761031619396, -0.9999999999999974465, 4.607859233063393845E-16 ) ) ;
#536 = AXIS2_PLACEMENT_3D ( 'NONE', #1012, #651, #1969 ) ;
#537 = B_SPLINE_CURVE_WITH_KNOTS ( 'NONE', 3,
 ( #2073, #431, #2670, #2339, #715, #2429, #1741, #101, #3762, #2014 ),
 .UNSPECIFIED., .F., .F.,
 ( 4, 2, 2, 2, 4 ),
 ( 0.000000000000000000, 0.0002678222605410761521, 0.0005356445210821523042, 0.0008034667816232284564, 0.001071289042164304608 ),
 .UNSPECIFIED. ) ;
#538 = DIRECTION ( 'NONE',  ( 0.1235997447638702007, 0.9923321536130461640, -0.000000000000000000 ) ) ;
#539 = ORIENTED_EDGE ( 'NONE', *, *, #1049, .T. ) ;
#540 = CYLINDRICAL_SURFACE ( 'NONE', #3727, 0.5000000000000000000 ) ;
#541 = EDGE_LOOP ( 'NONE', ( #80, #1476, #426, #2557 ) ) ;
#542 = DIRECTION ( 'NONE',  ( -0.9983976311086677491, 0.05658772125294295186, 0.000000000000000000 ) ) ;
#543 = DIRECTION ( 'NONE',  ( -0.000000000000000000, -0.000000000000000000, -1.000000000000000000 ) ) ;
#544 = CARTESIAN_POINT ( 'NONE',  ( -16.13168295204469871, 11.82261593992877735, 29.95096918943837494 ) ) ;
#545 = VERTEX_POINT ( 'NONE', #3313 ) ;
#546 = ORIENTED_EDGE ( 'NONE', *, *, #1592, .T. ) ;
#547 = AXIS2_PLACEMENT_3D ( 'NONE', #1024, #4037, #1044 ) ;
#548 = CARTESIAN_POINT ( 'NONE',  ( -13.16690659344121528, -15.05500956946411328, 9.208737871488365201 ) ) ;
#549 = FACE_OUTER_BOUND ( 'NONE', #286, .T. ) ;
#550 = CARTESIAN_POINT ( 'NONE',  ( 9.775765004638824252, -2.109855635792989847, 29.49999999999999289 ) ) ;
#551 = DIRECTION ( 'NONE',  ( 0.000000000000000000, -1.000000000000000000, 0.000000000000000000 ) ) ;
#552 = ADVANCED_FACE ( 'NONE', ( #2965 ), #1004, .T. ) ;
#553 = CIRCLE ( 'NONE', #2848, 15.99999999999999289 ) ;
#554 = CARTESIAN_POINT ( 'NONE',  ( 12.43884147454995848, 15.66373169887942041, 11.02773005878012746 ) ) ;
#555 = VERTEX_POINT ( 'NONE', #3645 ) ;
#556 = EDGE_CURVE ( 'NONE', #3447, #2712, #1833, .T. ) ;
#557 = DIRECTION ( 'NONE',  ( -1.000000000000000000, 0.000000000000000000, 0.000000000000000000 ) ) ;
#558 = AXIS2_PLACEMENT_3D ( 'NONE', #2369, #109, #788 ) ;
#559 = VECTOR ( 'NONE', #737, 1000.000000000000000 ) ;
#560 = PLANE ( 'NONE',  #1358 ) ;
#561 = VECTOR ( 'NONE', #593, 1000.000000000000000 ) ;
#562 = ORIENTED_EDGE ( 'NONE', *, *, #1579, .F. ) ;
#563 = ADVANCED_FACE ( 'NONE', ( #2573 ), #878, .T. ) ;
#564 = CARTESIAN_POINT ( 'NONE',  ( -2.499999999999994227, 9.682458365518542109, 1.999999999999994893 ) ) ;
#565 = ADVANCED_FACE ( 'NONE', ( #938 ), #1284, .T. ) ;
#566 = CARTESIAN_POINT ( 'NONE',  ( -13.85254938835506699, 14.42952075296977021, 11.70333820742961883 ) ) ;
#567 = DIRECTION ( 'NONE',  ( 1.000000000000000000, 0.000000000000000000, 0.000000000000000000 ) ) ;
#568 = CARTESIAN_POINT ( 'NONE',  ( -16.23845273869441286, 10.74359419787399972, 30.00000000000000355 ) ) ;
#569 = EDGE_LOOP ( 'NONE', ( #1111, #3635, #160, #184 ) ) ;
#570 = ADVANCED_FACE ( 'NONE', ( #4236 ), #2923, .T. ) ;
#571 = ORIENTED_EDGE ( 'NONE', *, *, #3052, .T. ) ;
#572 = CARTESIAN_POINT ( 'NONE',  ( -1.454038093210100024, 19.96600015124608163, 30.53692556371004940 ) ) ;
#573 = CARTESIAN_POINT ( 'NONE',  ( -16.56363739709787097, -11.21008392006483056, 29.52159150082550809 ) ) ;
#574 = DIRECTION ( 'NONE',  ( -0.000000000000000000, 1.000000000000000000, -0.000000000000000000 ) ) ;
#575 = CARTESIAN_POINT ( 'NONE',  ( 25.00000000000000000, -0.9999999999999970024, 0.000000000000000000 ) ) ;
#576 = EDGE_CURVE ( 'NONE', #1051, #2401, #1609, .T. ) ;
#577 = FACE_OUTER_BOUND ( 'NONE', #691, .T. ) ;
#578 = CARTESIAN_POINT ( 'NONE',  ( 0.000000000000000000, 0.000000000000000000, 29.50000000000000000 ) ) ;
#579 = ORIENTED_EDGE ( 'NONE', *, *, #3470, .T. ) ;
#580 = CIRCLE ( 'NONE', #232, 0.5000000000000000000 ) ;
#581 = CARTESIAN_POINT ( 'NONE',  ( 17.43475152342902135, -8.603374623074026672, 30.00000000000000711 ) ) ;
#582 = ORIENTED_EDGE ( 'NONE', *, *, #3072, .F. ) ;
#583 = CIRCLE ( 'NONE', #3012, 10.00000000000000000 ) ;
#584 = EDGE_CURVE ( 'NONE', #555, #2318, #142, .T. ) ;
#585 = DIRECTION ( 'NONE',  ( -0.9226783542243774949, 0.3855705572859452479, 4.350219441621331951E-14 ) ) ;
#586 = CARTESIAN_POINT ( 'NONE',  ( -6.434491043536428201, 7.662668722910137120, 30.19773884149796928 ) ) ;
#587 = CARTESIAN_POINT ( 'NONE',  ( 17.92586145142654175, -8.870501254907102506, 29.49999999081718016 ) ) ;
#588 = ORIENTED_EDGE ( 'NONE', *, *, #9, .T. ) ;
#589 = ORIENTED_EDGE ( 'NONE', *, *, #2563, .F. ) ;
#590 = CARTESIAN_POINT ( 'NONE',  ( -15.61861335536224971, 11.67514097797966421, 45.00000000000000000 ) ) ;
#591 = CARTESIAN_POINT ( 'NONE',  ( -16.12810836694444916, -11.82747649133196788, 29.95926858222246025 ) ) ;
#592 = CARTESIAN_POINT ( 'NONE',  ( 10.00000000000000000, 1.224646799147353059E-15, 45.00000000000000000 ) ) ;
#593 = DIRECTION ( 'NONE',  ( -0.000000000000000000, -0.000000000000000000, 1.000000000000000000 ) ) ;
#594 = FACE_BOUND ( 'NONE', #4084, .T. ) ;
#595 = DIRECTION ( 'NONE',  ( 1.000000000000000000, 0.000000000000000000, 2.775557561562893560E-14 ) ) ;
#596 = ORIENTED_EDGE ( 'NONE', *, *, #257, .T. ) ;
#597 = EDGE_CURVE ( 'NONE', #3712, #671, #682, .T. ) ;
#598 = AXIS2_PLACEMENT_3D ( 'NONE', #2961, #355, #477 ) ;
#599 = CARTESIAN_POINT ( 'NONE',  ( -2.301662002013972419, -19.36368642662045403, 44.50000000000000000 ) ) ;
#600 = AXIS2_PLACEMENT_3D ( 'NONE', #401, #74, #3073 ) ;
#601 = CIRCLE ( 'NONE', #809, 15.99999999999999645 ) ;
#602 = DIRECTION ( 'NONE',  ( 0.8864637384925315722, 0.4627980556763874875, 0.000000000000000000 ) ) ;
#603 = AXIS2_PLACEMENT_3D ( 'NONE', #22, #3414, #1425 ) ;
#604 = DIRECTION ( 'NONE',  ( 1.000000000000000000, 0.000000000000000000, 0.000000000000000000 ) ) ;
#605 = ORIENTED_EDGE ( 'NONE', *, *, #3258, .F. ) ;
#606 = TOROIDAL_SURFACE ( 'NONE', #1986, 10.50000000000000000, 0.5000000000000000000 ) ;
#607 = CARTESIAN_POINT ( 'NONE',  ( -15.00000000000000000, 6.000000000000001776, 7.500000000000000000 ) ) ;
#608 = VECTOR ( 'NONE', #3467, 1000.000000000000000 ) ;
#609 = CARTESIAN_POINT ( 'NONE',  ( 18.30694928762913065, -8.053613315095855540, 29.95926858222196643 ) ) ;
#610 = EDGE_CURVE ( 'NONE', #487, #1660, #3112, .T. ) ;
#611 = VERTEX_POINT ( 'NONE', #3976 ) ;
#612 = ORIENTED_EDGE ( 'NONE', *, *, #2741, .T. ) ;
#613 = EDGE_LOOP ( 'NONE', ( #451, #831, #1662, #1917 ) ) ;
#614 = LINE ( 'NONE', #3263, #2113 ) ;
#615 = CYLINDRICAL_SURFACE ( 'NONE', #1715, 15.99999999999999289 ) ;
#616 = LINE ( 'NONE', #1975, #3477 ) ;
#617 = CARTESIAN_POINT ( 'NONE',  ( -12.50000000000000355, 6.000000000000001776, 7.500000000000000000 ) ) ;
#618 = CARTESIAN_POINT ( 'NONE',  ( 2.245515131709419521, 9.744835464754315169, 21.11100668586869133 ) ) ;
#619 = CARTESIAN_POINT ( 'NONE',  ( -6.365914964192213255, -8.350157284067988073, 44.50000000000000000 ) ) ;
#620 = EDGE_LOOP ( 'NONE', ( #3737, #252, #2320, #1929, #1380 ) ) ;
#621 = DIRECTION ( 'NONE',  ( -0.6032065956733194678, 0.7975849816390755409, 0.000000000000000000 ) ) ;
#622 = CARTESIAN_POINT ( 'NONE',  ( 25.00000000000000000, 1.000000000000000000, 20.00000000000000000 ) ) ;
#623 = CARTESIAN_POINT ( 'NONE',  ( -2.075245375372781087, -19.89239081679082943, 29.84727631938556769 ) ) ;
#624 = AXIS2_PLACEMENT_3D ( 'NONE', #1798, #4148, #1150 ) ;
#625 = ORIENTED_EDGE ( 'NONE', *, *, #1671, .F. ) ;
#626 = CARTESIAN_POINT ( 'NONE',  ( 13.53473839029730463, -14.72546145062671030, 9.532049531916715779 ) ) ;
#627 = SHAPE_DEFINITION_REPRESENTATION ( #3798, #399 ) ;
#628 = CARTESIAN_POINT ( 'NONE',  ( 16.17106717964481888, 11.77414547985900484, 11.69524986633840768 ) ) ;
#629 = AXIS2_PLACEMENT_3D ( 'NONE', #60, #2029, #3713 ) ;
#630 = EDGE_CURVE ( 'NONE', #4265, #2732, #357, .T. ) ;
#631 = ORIENTED_EDGE ( 'NONE', *, *, #1008, .T. ) ;
#632 = ORIENTED_EDGE ( 'NONE', *, *, #3681, .T. ) ;
#633 = ORIENTED_EDGE ( 'NONE', *, *, #464, .T. ) ;
#634 = FACE_BOUND ( 'NONE', #450, .T. ) ;
#635 = ADVANCED_FACE ( 'NONE', ( #2288 ), #3625, .T. ) ;
#636 = CARTESIAN_POINT ( 'NONE',  ( -16.22892482836079964, -10.75086261960629663, 29.99999999999999645 ) ) ;
#637 = CARTESIAN_POINT ( 'NONE',  ( -3.855705572859459362, 9.226783542243770952, 45.00000000000000000 ) ) ;
#638 = CARTESIAN_POINT ( 'NONE',  ( -16.11861335536222839, -11.67514097797968731, 30.50000000000000000 ) ) ;
#639 = LINE ( 'NONE', #1325, #4286 ) ;
#640 = CARTESIAN_POINT ( 'NONE',  ( -3.552324774695908793, -9.749922591737902877, 30.50000000000000000 ) ) ;
#641 = DIRECTION ( 'NONE',  ( 0.000000000000000000, 0.000000000000000000, 1.000000000000000000 ) ) ;
#642 = DIRECTION ( 'NONE',  ( 0.000000000000000000, -0.000000000000000000, 1.000000000000000000 ) ) ;
#643 = ADVANCED_FACE ( 'NONE', ( #3293 ), #1389, .T. ) ;
#644 = DIRECTION ( 'NONE',  ( -0.000000000000000000, 0.000000000000000000, -1.000000000000000000 ) ) ;
#645 = CARTESIAN_POINT ( 'NONE',  ( -1.840955274013397203, -19.91543972537469287, 29.67392799906510703 ) ) ;
#646 = VERTEX_POINT ( 'NONE', #3725 ) ;
#647 = EDGE_CURVE ( 'NONE', #3447, #830, #4234, .T. ) ;
#648 = CARTESIAN_POINT ( 'NONE',  ( 12.49961983094029705, -15.61279937503305426, 7.693754602962491695 ) ) ;
#649 =( LENGTH_UNIT ( ) NAMED_UNIT ( * ) SI_UNIT ( .MILLI., .METRE. ) );
#650 = VECTOR ( 'NONE', #169, 1000.000000000000000 ) ;
#651 = DIRECTION ( 'NONE',  ( -0.000000000000000000, 0.000000000000000000, 1.000000000000000000 ) ) ;
#652 = ORIENTED_EDGE ( 'NONE', *, *, #3333, .F. ) ;
#653 = ORIENTED_EDGE ( 'NONE', *, *, #2828, .T. ) ;
#654 = EDGE_LOOP ( 'NONE', ( #1555, #3899, #210, #1072 ) ) ;
#655 = ADVANCED_FACE ( 'NONE', ( #2765 ), #2371, .F. ) ;
#656 = DIRECTION ( 'NONE',  ( -0.000000000000000000, -0.000000000000000000, -1.000000000000000000 ) ) ;
#657 = CARTESIAN_POINT ( 'NONE',  ( -16.56404429633755271, -11.24223400241383786, 30.53692556371005296 ) ) ;
#658 = DIRECTION ( 'NONE',  ( -0.000000000000000000, -0.000000000000000000, -1.000000000000000000 ) ) ;
#659 = CARTESIAN_POINT ( 'NONE',  ( -1.801662002013971531, -19.36368642662045048, 44.50000000000000000 ) ) ;
#660 = CARTESIAN_POINT ( 'NONE',  ( 12.32498968311279341, 11.72751850796005968, 30.50000000000000000 ) ) ;
#661 = DIRECTION ( 'NONE',  ( -1.000000000000000000, 0.000000000000000000, 0.000000000000000000 ) ) ;
#662 = CARTESIAN_POINT ( 'NONE',  ( 17.36130842433075117, -9.929590133647696604, 8.346599901098270990 ) ) ;
#663 = DIRECTION ( 'NONE',  ( -0.000000000000000000, -0.000000000000000000, 1.000000000000000000 ) ) ;
#664 = AXIS2_PLACEMENT_3D ( 'NONE', #1627, #1239, #8 ) ;
#665 = CARTESIAN_POINT ( 'NONE',  ( -1.318676898509459683, -19.95677815026031965, 30.08630483075683770 ) ) ;
#666 = DIRECTION ( 'NONE',  ( 1.000000000000000000, 0.000000000000000000, -0.000000000000000000 ) ) ;
#667 = VECTOR ( 'NONE', #3047, 1000.000000000000000 ) ;
#668 = CARTESIAN_POINT ( 'NONE',  ( 10.21984303672479122, 1.798557798489465176, 30.50000000000000000 ) ) ;
#669 = ORIENTED_EDGE ( 'NONE', *, *, #4278, .T. ) ;
#670 = ORIENTED_EDGE ( 'NONE', *, *, #1628, .F. ) ;
#671 = VERTEX_POINT ( 'NONE', #1372 ) ;
#672 = EDGE_LOOP ( 'NONE', ( #107, #2624, #714 ) ) ;
#673 = DIRECTION ( 'NONE',  ( 0.6062776156373539393, -0.7952530746731415467, 0.000000000000000000 ) ) ;
#674 = CARTESIAN_POINT ( 'NONE',  ( -2.301662002013972863, -19.36368642662045048, 30.50000000000000000 ) ) ;
#675 = CARTESIAN_POINT ( 'NONE',  ( -1.835107062912697318, -19.91598074369873572, 29.67069376681732251 ) ) ;
#676 = DIRECTION ( 'NONE',  ( 0.000000000000000000, -0.000000000000000000, -1.000000000000000000 ) ) ;
#677 = DIRECTION ( 'NONE',  ( 1.000000000000000000, 0.000000000000000000, 0.000000000000000000 ) ) ;
#678 = CARTESIAN_POINT ( 'NONE',  ( -2.499999999999998668, 9.682458365518542109, 20.16584261258807587 ) ) ;
#679 = CARTESIAN_POINT ( 'NONE',  ( 18.26394769535762563, -8.151216400531483330, 29.84481231210316565 ) ) ;
#680 = EDGE_CURVE ( 'NONE', #696, #2318, #417, .T. ) ;
#681 = CARTESIAN_POINT ( 'NONE',  ( -18.16042405047866737, 8.405172557832534252, 4.481342837594207040 ) ) ;
#682 = CIRCLE ( 'NONE', #3321, 19.50000000000000000 ) ;
#683 = ADVANCED_FACE ( 'NONE', ( #1668 ), #1730, .F. ) ;
#684 = DIRECTION ( 'NONE',  ( 0.000000000000000000, -1.000000000000000000, 0.000000000000000000 ) ) ;
#685 = DIRECTION ( 'NONE',  ( 1.000000000000000000, 0.000000000000000000, 0.000000000000000000 ) ) ;
#686 = CARTESIAN_POINT ( 'NONE',  ( 17.48470249156842726, 8.116902744964642480, 30.19496519848195248 ) ) ;
#687 = VECTOR ( 'NONE', #505, 1000.000000000000000 ) ;
#688 = DIRECTION ( 'NONE',  ( 0.1274252795512358927, -0.9918481729233005195, 4.733991287020003779E-14 ) ) ;
#689 = EDGE_LOOP ( 'NONE', ( #916, #369, #1944 ) ) ;
#690 = FACE_OUTER_BOUND ( 'NONE', #306, .T. ) ;
#691 = EDGE_LOOP ( 'NONE', ( #1053, #2542, #3553, #1121 ) ) ;
#692 = ORIENTED_EDGE ( 'NONE', *, *, #3732, .T. ) ;
#693 = AXIS2_PLACEMENT_3D ( 'NONE', #4063, #56, #2316 ) ;
#694 = CARTESIAN_POINT ( 'NONE',  ( -10.61961668254448732, 1.000000000000000000, 1.333614813980331881 ) ) ;
#695 = ADVANCED_FACE ( 'NONE', ( #2061 ), #3070, .F. ) ;
#696 = VERTEX_POINT ( 'NONE', #1348 ) ;
#697 = CARTESIAN_POINT ( 'NONE',  ( 9.949874371066197654, 1.000000000000000000, 2.000000000000008882 ) ) ;
#698 = CARTESIAN_POINT ( 'NONE',  ( 0.000000000000000000, 0.000000000000000000, 20.00000000000000000 ) ) ;
#699 = AXIS2_PLACEMENT_3D ( 'NONE', #2718, #3764, #3416 ) ;
#700 = EDGE_CURVE ( 'NONE', #3761, #3122, #2203, .T. ) ;
#701 = CARTESIAN_POINT ( 'NONE',  ( -3.206194901383657925, -9.971397359950692874, 30.01292118407640075 ) ) ;
#702 = CARTESIAN_POINT ( 'NONE',  ( -6.062776156373537617, -7.952530746731415690, 30.50000000000000000 ) ) ;
#703 = DIRECTION ( 'NONE',  ( 1.000000000000000000, 0.000000000000000000, 0.000000000000000000 ) ) ;
#704 = CARTESIAN_POINT ( 'NONE',  ( -3.082580311787645133, 10.03731530945298012, 30.00000000000000000 ) ) ;
#705 = CARTESIAN_POINT ( 'NONE',  ( 16.37263246971102859, -11.49363093245104039, 9.610380920503169833 ) ) ;
#706 = EDGE_CURVE ( 'NONE', #37, #4007, #1089, .T. ) ;
#707 = CYLINDRICAL_SURFACE ( 'NONE', #3215, 10.00000000000000000 ) ;
#708 = CARTESIAN_POINT ( 'NONE',  ( 2.500000000000000444, 15.00000000000000000, -3.061616997868383634E-16 ) ) ;
#709 = CARTESIAN_POINT ( 'NONE',  ( -16.11861335536223194, -11.67514097797968731, 44.50000000000000000 ) ) ;
#710 = B_SPLINE_CURVE_WITH_KNOTS ( 'NONE', 3,
 ( #1707, #2385, #1370, #3703, #2739, #88, #4035, #2763, #2720, #130, #2700, #4097, #3068, #1041 ),
 .UNSPECIFIED., .F., .F.,
 ( 4, 2, 2, 2, 2, 2, 4 ),
 ( 0.02484817476642875791, 0.02708220925972995921, 0.02819922650638055986, 0.02931624375303116051, 0.03155027824633235833, 0.03266729549298296592, 0.03378431273963356657 ),
 .UNSPECIFIED. ) ;
#711 = ORIENTED_EDGE ( 'NONE', *, *, #1185, .T. ) ;
#712 = SPHERICAL_SURFACE ( 'NONE', #2779, 0.5000000000000000000 ) ;
#713 = ORIENTED_EDGE ( 'NONE', *, *, #1363, .T. ) ;
#714 = ORIENTED_EDGE ( 'NONE', *, *, #785, .F. ) ;
#715 = CARTESIAN_POINT ( 'NONE',  ( -1.644464082224189827, -19.23225992171577303, 30.14527206618427968 ) ) ;
#716 = ORIENTED_EDGE ( 'NONE', *, *, #2276, .F. ) ;
#717 = DIRECTION ( 'NONE',  ( -0.000000000000000000, -0.000000000000000000, -1.000000000000000000 ) ) ;
#718 = DIRECTION ( 'NONE',  ( -1.301042606982605321E-16, 0.000000000000000000, -1.000000000000000000 ) ) ;
#719 = CARTESIAN_POINT ( 'NONE',  ( -3.059579573230167160, -9.521348640035936839, 29.98711071652648030 ) ) ;
#720 = CARTESIAN_POINT ( 'NONE',  ( 3.993834109689189837, 16.53751342093682553, 30.00000000000000000 ) ) ;
#721 = DIRECTION ( 'NONE',  ( 0.000000000000000000, 0.000000000000000000, 1.000000000000000000 ) ) ;
#722 = CARTESIAN_POINT ( 'NONE',  ( 15.00000000000000000, 21.00000000000000000, 7.500000000000000000 ) ) ;
#723 = CARTESIAN_POINT ( 'NONE',  ( -15.48639251037244691, 12.66142716825440750, 3.170913607062241457 ) ) ;
#724 = CARTESIAN_POINT ( 'NONE',  ( 3.993834109689189837, 16.53751342093682553, 30.50000000000000000 ) ) ;
#725 = EDGE_CURVE ( 'NONE', #2233, #1319, #3936, .T. ) ;
#726 = CARTESIAN_POINT ( 'NONE',  ( 2.500000000000003109, 9.682458365518538557, 20.00000000000000000 ) ) ;
#727 = CARTESIAN_POINT ( 'NONE',  ( 3.993834109689189837, 16.53751342093682553, 30.00000000000000000 ) ) ;
#728 = EDGE_LOOP ( 'NONE', ( #799, #2053, #994, #3883 ) ) ;
#729 = DIRECTION ( 'NONE',  ( 0.000000000000000000, -1.000000000000000000, 0.000000000000000000 ) ) ;
#730 = ORIENTED_EDGE ( 'NONE', *, *, #1330, .T. ) ;
#731 = ORIENTED_EDGE ( 'NONE', *, *, #3977, .T. ) ;
#732 = EDGE_CURVE ( 'NONE', #2301, #222, #896, .T. ) ;
#733 = AXIS2_PLACEMENT_3D ( 'NONE', #2644, #340, #319 ) ;
#734 = AXIS2_PLACEMENT_3D ( 'NONE', #4105, #3774, #1732 ) ;
#735 = CARTESIAN_POINT ( 'NONE',  ( 9.844668491116198794, -1.759636415534994169, 29.62471702883296132 ) ) ;
#736 = DIRECTION ( 'NONE',  ( 1.000000000000000000, 0.000000000000000000, 0.000000000000000000 ) ) ;
#737 = DIRECTION ( 'NONE',  ( 0.000000000000000000, 0.000000000000000000, 1.000000000000000000 ) ) ;
#738 = ADVANCED_FACE ( 'NONE', ( #2131 ), #1822, .F. ) ;
#739 = CIRCLE ( 'NONE', #392, 15.99999999999999289 ) ;
#740 = DIRECTION ( 'NONE',  ( -1.000000000000000000, 0.000000000000000000, 0.000000000000000000 ) ) ;
#741 = DIRECTION ( 'NONE',  ( 1.000000000000000000, -2.664535259100375697E-15, 0.000000000000000000 ) ) ;
#742 = DIRECTION ( 'NONE',  ( 1.000000000000000000, 0.000000000000000000, 0.000000000000000000 ) ) ;
#743 = CARTESIAN_POINT ( 'NONE',  ( -2.994602177078233840, 9.541286226572252005, 29.98793979849706659 ) ) ;
#744 = FACE_OUTER_BOUND ( 'NONE', #1137, .T. ) ;
#745 = DIRECTION ( 'NONE',  ( -0.000000000000000000, -0.000000000000000000, -1.000000000000000000 ) ) ;
#746 = EDGE_CURVE ( 'NONE', #515, #1538, #3180, .T. ) ;
#747 = CARTESIAN_POINT ( 'NONE',  ( -2.360678976424589681, 19.86019120679020489, 44.50000000000000000 ) ) ;
#748 = CARTESIAN_POINT ( 'NONE',  ( -3.552324774695907905, -9.749922591737902877, 30.36118614105075508 ) ) ;
#749 = ORIENTED_EDGE ( 'NONE', *, *, #3393, .F. ) ;
#750 = DIRECTION ( 'NONE',  ( 0.000000000000000000, 1.000000000000000000, -0.000000000000000000 ) ) ;
#751 = EDGE_LOOP ( 'NONE', ( #4162, #1252, #2015, #4227 ) ) ;
#752 = VERTEX_POINT ( 'NONE', #1846 ) ;
#753 = CARTESIAN_POINT ( 'NONE',  ( -6.667518262028873544, -7.951364793248449914, 30.50000000000000000 ) ) ;
#754 = CIRCLE ( 'NONE', #413, 15.49999999999999645 ) ;
#755 = CARTESIAN_POINT ( 'NONE',  ( 12.32498968311279341, 11.72751850796005968, 44.50000000000000000 ) ) ;
#756 = FACE_OUTER_BOUND ( 'NONE', #2885, .T. ) ;
#757 = PRODUCT_RELATED_PRODUCT_CATEGORY ( 'part', '', ( #3444 ) ) ;
#758 = CARTESIAN_POINT ( 'NONE',  ( 18.36409276322698503, 7.922458167039986066, 30.21189797438229263 ) ) ;
#759 = ORIENTED_EDGE ( 'NONE', *, *, #3832, .T. ) ;
#760 = CIRCLE ( 'NONE', #3546, 0.5000000000000014433 ) ;
#761 = CYLINDRICAL_SURFACE ( 'NONE', #2002, 4.349999999999997868 ) ;
#762 = ADVANCED_FACE ( 'NONE', ( #3159 ), #816, .T. ) ;
#763 = VECTOR ( 'NONE', #1995, 1000.000000000000000 ) ;
#764 = CARTESIAN_POINT ( 'NONE',  ( -3.855705572859459807, 9.226783542243770952, 30.50000000000000000 ) ) ;
#765 = CARTESIAN_POINT ( 'NONE',  ( 18.37976959730893967, -7.885687639631556500, 45.00000000000000000 ) ) ;
#766 = AXIS2_PLACEMENT_3D ( 'NONE', #617, #1644, #3266 ) ;
#767 = VECTOR ( 'NONE', #3340, 1000.000000000000000 ) ;
#768 = CARTESIAN_POINT ( 'NONE',  ( 3.993834109689195166, -16.53751342093682553, 30.00000000000000000 ) ) ;
#769 = DIRECTION ( 'NONE',  ( -1.000000000000000000, 0.000000000000000000, 0.000000000000000000 ) ) ;
#770 = CIRCLE ( 'NONE', #3205, 0.5000000000000015543 ) ;
#771 = EDGE_LOOP ( 'NONE', ( #953, #605, #865, #3044 ) ) ;
#772 = ADVANCED_FACE ( 'NONE', ( #2546 ), #2859, .T. ) ;
#773 = CARTESIAN_POINT ( 'NONE',  ( -16.51132019442125198, 11.29920203581673555, 30.42506089015971327 ) ) ;
#774 = CARTESIAN_POINT ( 'NONE',  ( -16.11861335536223194, -11.67514097797968731, 45.00000000000000000 ) ) ;
#775 = CARTESIAN_POINT ( 'NONE',  ( 10.23386019967456839, 2.349064795512637360, 29.50000000000000000 ) ) ;
#776 = ADVANCED_FACE ( 'NONE', ( #1526 ), #813, .F. ) ;
#777 = VERTEX_POINT ( 'NONE', #900 ) ;
#778 = CARTESIAN_POINT ( 'NONE',  ( 0.000000000000000000, 0.000000000000000000, 45.00000000000000000 ) ) ;
#779 = VERTEX_POINT ( 'NONE', #3491 ) ;
#780 = ORIENTED_EDGE ( 'NONE', *, *, #1087, .F. ) ;
#781 = DIRECTION ( 'NONE',  ( 0.000000000000000000, 0.000000000000000000, -1.000000000000000000 ) ) ;
#782 = CARTESIAN_POINT ( 'NONE',  ( -10.84246304939861361, 16.80622153552586084, 6.178671512730002036 ) ) ;
#783 = DIRECTION ( 'NONE',  ( -1.000000000000000000, 0.000000000000000000, -0.000000000000000000 ) ) ;
#784 = CARTESIAN_POINT ( 'NONE',  ( 17.46682122471644405, 8.304873132141297631, 30.08696400434247664 ) ) ;
#785 = EDGE_CURVE ( 'NONE', #1739, #4007, #3036, .T. ) ;
#786 = VERTEX_POINT ( 'NONE', #4195 ) ;
#787 = VECTOR ( 'NONE', #1047, 1000.000000000000000 ) ;
#788 = DIRECTION ( 'NONE',  ( 1.000000000000000000, 0.000000000000000000, 0.000000000000000000 ) ) ;
#789 = DIRECTION ( 'NONE',  ( -1.000000000000000000, 0.000000000000000000, 0.000000000000000000 ) ) ;
#790 = CARTESIAN_POINT ( 'NONE',  ( -3.190044361857267141, 9.480196358263947687, 30.01665732608159587 ) ) ;
#791 = AXIS2_PLACEMENT_3D ( 'NONE', #952, #688, #3937 ) ;
#792 = DIRECTION ( 'NONE',  ( 0.000000000000000000, 0.000000000000000000, 1.000000000000000000 ) ) ;
#793 = DIRECTION ( 'NONE',  ( 0.000000000000000000, 0.000000000000000000, -1.000000000000000000 ) ) ;
#794 = ORIENTED_EDGE ( 'NONE', *, *, #1483, .F. ) ;
#795 = CARTESIAN_POINT ( 'NONE',  ( -1.858430132767709519, 19.13228739878225682, 30.00000000000000000 ) ) ;
#796 = CARTESIAN_POINT ( 'NONE',  ( 0.000000000000000000, 0.000000000000000000, 44.50000000000000000 ) ) ;
#797 = ORIENTED_EDGE ( 'NONE', *, *, #156, .F. ) ;
#798 = CARTESIAN_POINT ( 'NONE',  ( -15.14906353394163041, -13.05973439516953860, 5.000000000000007105 ) ) ;
#799 = ORIENTED_EDGE ( 'NONE', *, *, #3272, .T. ) ;
#800 = CARTESIAN_POINT ( 'NONE',  ( 18.15653747587100142, 8.413697830789674370, 4.477161988761760192 ) ) ;
#801 = VERTEX_POINT ( 'NONE', #1219 ) ;
#802 = CARTESIAN_POINT ( 'NONE',  ( -10.84656792607698605, 16.80345888158431578, 8.803159526193073958 ) ) ;
#803 = CARTESIAN_POINT ( 'NONE',  ( -6.364704539488745816, -7.722349404416497087, 30.50000000000002132 ) ) ;
#804 = CARTESIAN_POINT ( 'NONE',  ( 18.00627925312193156, 8.756209882290912461, 30.52407114742761252 ) ) ;
#805 = ORIENTED_EDGE ( 'NONE', *, *, #1276, .T. ) ;
#806 = AXIS2_PLACEMENT_3D ( 'NONE', #3702, #393, #3947 ) ;
#807 = EDGE_LOOP ( 'NONE', ( #2896, #927, #498, #2010 ) ) ;
#808 = CARTESIAN_POINT ( 'NONE',  ( -14.06917536124211665, -14.21599925053358859, 9.824566192500586936 ) ) ;
#809 = AXIS2_PLACEMENT_3D ( 'NONE', #1919, #1894, #4238 ) ;
#810 = CARTESIAN_POINT ( 'NONE',  ( -14.99999999999999822, -13.22875655532295447, 5.000000000000007105 ) ) ;
#811 = CARTESIAN_POINT ( 'NONE',  ( -1.131754425058864921, 19.96795262217335676, 29.50000000000000000 ) ) ;
#812 = AXIS2_PLACEMENT_3D ( 'NONE', #1402, #3081, #781 ) ;
#813 = CYLINDRICAL_SURFACE ( 'NONE', #4161, 15.99999999999999645 ) ;
#814 = CIRCLE ( 'NONE', #3314, 0.5000000000000012212 ) ;
#815 = DIRECTION ( 'NONE',  ( -1.000000000000000000, 0.000000000000000000, 0.000000000000000000 ) ) ;
#816 = TOROIDAL_SURFACE ( 'NONE', #3600, 10.50000000000000000, 0.5000000000000000000 ) ;
#817 = EDGE_LOOP ( 'NONE', ( #3366, #2866, #2096, #1094 ) ) ;
#818 = EDGE_CURVE ( 'NONE', #671, #2068, #1158, .T. ) ;
#819 = CARTESIAN_POINT ( 'NONE',  ( -16.58623981673160586, 11.21579033008119985, 30.49999999999999645 ) ) ;
#820 = EDGE_CURVE ( 'NONE', #3908, #523, #4150, .T. ) ;
#821 = CARTESIAN_POINT ( 'NONE',  ( 17.49826198623419060, -7.956695993255801902, 30.41058880163708622 ) ) ;
#822 = EDGE_LOOP ( 'NONE', ( #2501, #2821 ) ) ;
#823 = CARTESIAN_POINT ( 'NONE',  ( -17.38386789085125983, -9.889599409888091941, 8.260063948882779172 ) ) ;
#824 = VERTEX_POINT ( 'NONE', #178 ) ;
#825 = CARTESIAN_POINT ( 'NONE',  ( 13.53733556392831794, -14.72308228704865840, 5.466036970730457689 ) ) ;
#826 = ORIENTED_EDGE ( 'NONE', *, *, #2707, .F. ) ;
#827 = FACE_OUTER_BOUND ( 'NONE', #2361, .T. ) ;
#828 = CARTESIAN_POINT ( 'NONE',  ( 0.000000000000000000, 0.000000000000000000, 1.999999999999994893 ) ) ;
#829 = CARTESIAN_POINT ( 'NONE',  ( 18.11145763840936951, 8.484989665144542670, 29.60860922544624430 ) ) ;
#830 = VERTEX_POINT ( 'NONE', #1506 ) ;
#831 = ORIENTED_EDGE ( 'NONE', *, *, #1753, .T. ) ;
#832 = ADVANCED_FACE ( 'NONE', ( #2837 ), #2055, .F. ) ;
#833 = CARTESIAN_POINT ( 'NONE',  ( -1.460097889425933548, 19.31547222434133104, 30.05456042882598311 ) ) ;
#834 = CARTESIAN_POINT ( 'NONE',  ( 2.500000000000006661, 9.682458365518538557, 45.00000000000000000 ) ) ;
#835 = CARTESIAN_POINT ( 'NONE',  ( 17.92027535737621946, -7.688545448640768498, 44.50000000000000000 ) ) ;
#836 = DIRECTION ( 'NONE',  ( -0.8440267422840633804, 0.5363010892300624777, 0.000000000000000000 ) ) ;
#837 = AXIS2_PLACEMENT_3D ( 'NONE', #3818, #1197, #3533 ) ;
#838 = CYLINDRICAL_SURFACE ( 'NONE', #3153, 15.99999999999999289 ) ;
#839 = DIRECTION ( 'NONE',  ( -0.000000000000000000, -0.000000000000000000, -1.000000000000000000 ) ) ;
#840 = EDGE_LOOP ( 'NONE', ( #2479, #1903, #955, #407 ) ) ;
#841 = CIRCLE ( 'NONE', #3267, 0.5000000000000011102 ) ;
#842 = EDGE_CURVE ( 'NONE', #2597, #300, #263, .T. ) ;
#843 = CARTESIAN_POINT ( 'NONE',  ( -16.32679909270559193, 11.55203389721386387, 29.67392799906510703 ) ) ;
#844 = CARTESIAN_POINT ( 'NONE',  ( 17.41216565877326161, -8.778752022436735913, 30.00000000000000000 ) ) ;
#845 = ORIENTED_EDGE ( 'NONE', *, *, #4108, .T. ) ;
#846 = CIRCLE ( 'NONE', #3273, 10.00000000000000000 ) ;
#847 = ORIENTED_EDGE ( 'NONE', *, *, #2520, .T. ) ;
#848 = CARTESIAN_POINT ( 'NONE',  ( 15.00000000000000000, 13.22875655532295269, 3.150000000000001688 ) ) ;
#849 = ORIENTED_EDGE ( 'NONE', *, *, #1011, .F. ) ;
#850 = CARTESIAN_POINT ( 'NONE',  ( -13.85328973437249012, 14.42881236321120220, 3.296456303535697074 ) ) ;
#851 = DIRECTION ( 'NONE',  ( -0.000000000000000000, 1.000000000000000000, -0.000000000000000000 ) ) ;
#852 = CARTESIAN_POINT ( 'NONE',  ( 17.42498255535559792, -8.679229867665341658, 29.99999999999999645 ) ) ;
#853 = EDGE_LOOP ( 'NONE', ( #854, #2013, #797, #3890 ) ) ;
#854 = ORIENTED_EDGE ( 'NONE', *, *, #2956, .F. ) ;
#855 = DIRECTION ( 'NONE',  ( -0.000000000000000000, -0.000000000000000000, 1.000000000000000000 ) ) ;
#856 = CARTESIAN_POINT ( 'NONE',  ( -12.49967081532689761, -15.61275855478958619, 7.306986343378913951 ) ) ;
#857 = CARTESIAN_POINT ( 'NONE',  ( 9.801792485438529212, -1.984695785768389786, 29.52703472450881961 ) ) ;
#858 = DIRECTION ( 'NONE',  ( 0.000000000000000000, 0.000000000000000000, -1.000000000000000000 ) ) ;
#859 = DIRECTION ( 'NONE',  ( 1.000000000000000000, 0.000000000000000000, 0.000000000000000000 ) ) ;
#860 = CARTESIAN_POINT ( 'NONE',  ( 14.55048413865516999, 13.72565259186127307, 3.166933583703532840 ) ) ;
#861 = ORIENTED_EDGE ( 'NONE', *, *, #1911, .T. ) ;
#862 = CARTESIAN_POINT ( 'NONE',  ( -16.62373840656088220, 11.12039676862291948, 30.08630483075684481 ) ) ;
#863 = ADVANCED_FACE ( 'NONE', ( #2198 ), #3535, .F. ) ;
#864 = FACE_OUTER_BOUND ( 'NONE', #466, .T. ) ;
#865 = ORIENTED_EDGE ( 'NONE', *, *, #2419, .T. ) ;
#866 = DIRECTION ( 'NONE',  ( -0.000000000000000000, -0.000000000000000000, -1.000000000000000000 ) ) ;
#867 = VERTEX_POINT ( 'NONE', #227 ) ;
#868 = CARTESIAN_POINT ( 'NONE',  ( -10.95657611213557026, 16.73266369837978473, 5.864554290094877054 ) ) ;
#869 = CARTESIAN_POINT ( 'NONE',  ( -19.73604540323399803, 1.000000000000000000, 0.05425043822631329254 ) ) ;
#870 = CARTESIAN_POINT ( 'NONE',  ( 17.94255796474068276, -8.836092917643444622, 30.08648032375254289 ) ) ;
#871 = EDGE_CURVE ( 'NONE', #1451, #3988, #1549, .T. ) ;
#872 = ORIENTED_EDGE ( 'NONE', *, *, #3915, .F. ) ;
#873 = VERTEX_POINT ( 'NONE', #1257 ) ;
#874 = CARTESIAN_POINT ( 'NONE',  ( -13.53735213150929262, -14.72305628885512441, 9.533898558614517071 ) ) ;
#875 = EDGE_CURVE ( 'NONE', #2211, #1639, #3001, .T. ) ;
#876 = CARTESIAN_POINT ( 'NONE',  ( -12.61367189931672073, -15.52090989616972649, 6.729902653539842738 ) ) ;
#877 = FACE_OUTER_BOUND ( 'NONE', #1195, .T. ) ;
#878 = TOROIDAL_SURFACE ( 'NONE', #3304, 10.50000000000000000, 0.5000000000000000000 ) ;
#879 = DIRECTION ( 'NONE',  ( 1.000000000000000000, 0.000000000000000000, 0.000000000000000000 ) ) ;
#880 = VECTOR ( 'NONE', #1333, 1000.000000000000000 ) ;
#881 = CARTESIAN_POINT ( 'NONE',  ( 9.918481729233004529, -1.274252795512359704, 44.50000000000000000 ) ) ;
#882 = CARTESIAN_POINT ( 'NONE',  ( -15.63983185346648064, 11.17559140552644337, 30.00000000000000000 ) ) ;
#883 = VERTEX_POINT ( 'NONE', #3225 ) ;
#884 = DIRECTION ( 'NONE',  ( -1.000000000000000000, -8.673617379884027583E-15, 0.000000000000000000 ) ) ;
#885 = EDGE_CURVE ( 'NONE', #824, #3965, #3577, .T. ) ;
#886 = AXIS2_PLACEMENT_3D ( 'NONE', #910, #3143, #3565 ) ;
#887 = EDGE_CURVE ( 'NONE', #2777, #428, #2616, .T. ) ;
#888 = DIRECTION ( 'NONE',  ( 1.000000000000000000, 0.000000000000000000, 0.000000000000000000 ) ) ;
#889 = ORIENTED_EDGE ( 'NONE', *, *, #1269, .T. ) ;
#890 = CARTESIAN_POINT ( 'NONE',  ( -15.61861335536223017, -11.67514097797968731, 30.50000000000000000 ) ) ;
#891 = CARTESIAN_POINT ( 'NONE',  ( -14.77977353291941398, 13.47846989704134302, 11.84999999999999609 ) ) ;
#892 = CARTESIAN_POINT ( 'NONE',  ( -19.92068266308154989, 1.000000000000000222, 0.2386648427249345172 ) ) ;
#893 = CARTESIAN_POINT ( 'NONE',  ( -16.33019173386846035, 11.54723970699599889, 29.67069376681732962 ) ) ;
#894 = EDGE_LOOP ( 'NONE', ( #2400, #1131, #1215, #1115 ) ) ;
#895 = VERTEX_POINT ( 'NONE', #638 ) ;
#896 = CIRCLE ( 'NONE', #4090, 15.99999999999999289 ) ;
#897 = CARTESIAN_POINT ( 'NONE',  ( -1.196057726995574555, 19.43009248727266680, 30.00000000000000000 ) ) ;
#898 = CARTESIAN_POINT ( 'NONE',  ( -19.97498435543817763, -0.9999999999999997780, 0.5000000000000143219 ) ) ;
#899 = FACE_OUTER_BOUND ( 'NONE', #1875, .T. ) ;
#900 = CARTESIAN_POINT ( 'NONE',  ( -6.810742750368492082, -7.322143346609860437, 29.50000000000000000 ) ) ;
#901 = SPHERICAL_SURFACE ( 'NONE', #3574, 0.5000000000000000000 ) ;
#902 = AXIS2_PLACEMENT_3D ( 'NONE', #1770, #3048, #69 ) ;
#903 = CARTESIAN_POINT ( 'NONE',  ( 13.38028864015709019, 14.86849483247412529, 11.54490533290657872 ) ) ;
#904 = ORIENTED_EDGE ( 'NONE', *, *, #1946, .T. ) ;
#905 = ADVANCED_FACE ( 'NONE', ( #1000 ), #3308, .T. ) ;
#906 = CARTESIAN_POINT ( 'NONE',  ( 20.00000000000000000, 2.449293598294706119E-15, 44.50000000000000000 ) ) ;
#907 = VECTOR ( 'NONE', #1417, 1000.000000000000000 ) ;
#908 = AXIS2_PLACEMENT_3D ( 'NONE', #2017, #3436, #454 ) ;
#909 = CIRCLE ( 'NONE', #2292, 2.499999999999995115 ) ;
#910 = CARTESIAN_POINT ( 'NONE',  ( -16.31882379280198592, 4.809994912976760517, 44.50000000000000000 ) ) ;
#911 = VERTEX_POINT ( 'NONE', #659 ) ;
#912 = DIRECTION ( 'NONE',  ( -0.000000000000000000, -0.000000000000000000, -1.000000000000000000 ) ) ;
#913 = FACE_OUTER_BOUND ( 'NONE', #3807, .T. ) ;
#914 = VECTOR ( 'NONE', #3704, 1000.000000000000000 ) ;
#915 = CARTESIAN_POINT ( 'NONE',  ( 18.67136691059923237, 7.175095090502261463, 9.843681158664974618 ) ) ;
#916 = ORIENTED_EDGE ( 'NONE', *, *, #1967, .F. ) ;
#917 = EDGE_LOOP ( 'NONE', ( #3162, #4137, #826, #305 ) ) ;
#918 = CARTESIAN_POINT ( 'NONE',  ( 15.00000000000008527, -13.22875655532294026, 4.999999999999824141 ) ) ;
#919 = CARTESIAN_POINT ( 'NONE',  ( -1.836344154434366827, 19.91587192099625625, 29.67120101862962045 ) ) ;
#920 = EDGE_CURVE ( 'NONE', #777, #2769, #2687, .T. ) ;
#921 = CARTESIAN_POINT ( 'NONE',  ( -16.31882379280198592, 4.809994912976760517, 30.00000000000000000 ) ) ;
#922 = DIRECTION ( 'NONE',  ( 0.000000000000000000, 0.000000000000000000, 1.000000000000000000 ) ) ;
#923 = DIRECTION ( 'NONE',  ( 0.000000000000000000, 0.000000000000000000, -1.000000000000000000 ) ) ;
#924 = ORIENTED_EDGE ( 'NONE', *, *, #2219, .T. ) ;
#925 = DIRECTION ( 'NONE',  ( 0.000000000000000000, 1.000000000000000000, -0.000000000000000000 ) ) ;
#926 = CARTESIAN_POINT ( 'NONE',  ( -2.499999999999998224, 15.00000000000000000, 20.00000000000000000 ) ) ;
#927 = ORIENTED_EDGE ( 'NONE', *, *, #2751, .F. ) ;
#928 = AXIS2_PLACEMENT_3D ( 'NONE', #196, #2474, #2146 ) ;
#929 = CARTESIAN_POINT ( 'NONE',  ( -4.048490851502432264, 9.688122719355961365, 44.50000000000000000 ) ) ;
#930 = CARTESIAN_POINT ( 'NONE',  ( -16.56565950524651853, 11.20707574723265232, 29.52106698357721370 ) ) ;
#931 = ORIENTED_EDGE ( 'NONE', *, *, #1511, .T. ) ;
#932 = ORIENTED_EDGE ( 'NONE', *, *, #1860, .T. ) ;
#933 = DIRECTION ( 'NONE',  ( -0.000000000000000000, -0.000000000000000000, -1.000000000000000000 ) ) ;
#934 = CARTESIAN_POINT ( 'NONE',  ( -16.54911439981045973, -11.23362041184038773, 30.21292199652718224 ) ) ;
#935 = CARTESIAN_POINT ( 'NONE',  ( 0.000000000000000000, 0.000000000000000000, 30.00000000000000000 ) ) ;
#936 = CARTESIAN_POINT ( 'NONE',  ( 25.00000000000000000, 1.000000000000000000, 20.00000000000000000 ) ) ;
#937 = DIRECTION ( 'NONE',  ( 6.071532165918824830E-17, -1.000000000000000000, 0.000000000000000000 ) ) ;
#938 = FACE_OUTER_BOUND ( 'NONE', #1838, .T. ) ;
#939 = ORIENTED_EDGE ( 'NONE', *, *, #1092, .F. ) ;
#940 = AXIS2_PLACEMENT_3D ( 'NONE', #277, #3297, #2248 ) ;
#941 = DIRECTION ( 'NONE',  ( -0.000000000000000000, -0.000000000000000000, -1.000000000000000000 ) ) ;
#942 = CIRCLE ( 'NONE', #38, 15.99999999999999289 ) ;
#943 = EDGE_CURVE ( 'NONE', #752, #2668, #4297, .T. ) ;
#944 = CARTESIAN_POINT ( 'NONE',  ( -1.858430132767709519, -19.13228739878225682, 30.00000000000000000 ) ) ;
#945 = CIRCLE ( 'NONE', #603, 0.4999999999999999445 ) ;
#946 = CARTESIAN_POINT ( 'NONE',  ( -1.684570468911392727, -19.21383050129836079, 30.17363815488268841 ) ) ;
#947 = ORIENTED_EDGE ( 'NONE', *, *, #2105, .F. ) ;
#948 = AXIS2_PLACEMENT_3D ( 'NONE', #3608, #3982, #604 ) ;
#949 = ADVANCED_FACE ( 'NONE', ( #271 ), #3903, .F. ) ;
#951 = B_SPLINE_CURVE_WITH_KNOTS ( 'NONE', 3,
 ( #2342, #2307, #4299, #3641 ),
 .UNSPECIFIED., .F., .F.,
 ( 4, 4 ),
 ( 1.166915873571243247E-17, 0.002834363388730633086 ),
 .UNSPECIFIED. ) ;
#950 = CARTESIAN_POINT ( 'NONE',  ( -2.499999999999998224, 15.00000000000000000, 20.00000000000000000 ) ) ;
#952 = CARTESIAN_POINT ( 'NONE',  ( 10.41440581569465529, 1.337965435287979288, 44.50000000000000000 ) ) ;
#953 = ORIENTED_EDGE ( 'NONE', *, *, #4101, .F. ) ;
#954 = EDGE_LOOP ( 'NONE', ( #406, #3061, #3303, #99 ) ) ;
#955 = ORIENTED_EDGE ( 'NONE', *, *, #966, .T. ) ;
#956 = DIRECTION ( 'NONE',  ( -0.000000000000000000, -0.000000000000000000, -1.000000000000000000 ) ) ;
#957 = CARTESIAN_POINT ( 'NONE',  ( -16.62355991924957266, -11.12066454751823663, 30.08648032375254289 ) ) ;
#958 = CARTESIAN_POINT ( 'NONE',  ( -15.83187222872192734, -11.04136249962976102, 30.14630441404691297 ) ) ;
#959 = CARTESIAN_POINT ( 'NONE',  ( -2.360678976424586573, -19.86019120679020489, 45.00000000000000000 ) ) ;
#960 = CARTESIAN_POINT ( 'NONE',  ( 0.000000000000000000, 0.000000000000000000, 29.50000000000000000 ) ) ;
#961 = ADVANCED_FACE ( 'NONE', ( #4256, #2589 ), #3922, .F. ) ;
#962 = CARTESIAN_POINT ( 'NONE',  ( -0.1659711750669235486, 9.999963327249192346, 22.49985330894251589 ) ) ;
#963 = DIRECTION ( 'NONE',  ( -0.000000000000000000, -0.000000000000000000, 1.000000000000000000 ) ) ;
#964 = ADVANCED_FACE ( 'NONE', ( #3597, #3288 ), #3621, .F. ) ;
#965 = CIRCLE ( 'NONE', #3054, 11.99999999999998046 ) ;
#966 = EDGE_CURVE ( 'NONE', #3811, #3086, #2856, .T. ) ;
#967 = CARTESIAN_POINT ( 'NONE',  ( -1.858430132767675991, -19.13228739878249129, 30.49999999999999645 ) ) ;
#968 = CIRCLE ( 'NONE', #2844, 0.5000000000000000000 ) ;
#969 = ORIENTED_EDGE ( 'NONE', *, *, #1914, .F. ) ;
#970 = CARTESIAN_POINT ( 'NONE',  ( 13.92895082741397239, -14.35331970461202467, 9.763996427309569626 ) ) ;
#971 = CARTESIAN_POINT ( 'NONE',  ( -6.163682091471091695, 7.874742150865171375, 29.99126639909455960 ) ) ;
#972 = CIRCLE ( 'NONE', #3973, 10.00000000000000000 ) ;
#973 = CARTESIAN_POINT ( 'NONE',  ( 15.48639251037245224, 12.66142716825441106, 11.82908639293775721 ) ) ;
#974 = ORIENTED_EDGE ( 'NONE', *, *, #1415, .T. ) ;
#975 = ORIENTED_EDGE ( 'NONE', *, *, #518, .T. ) ;
#976 = EDGE_LOOP ( 'NONE', ( #471, #3103, #2623, #3239 ) ) ;
#977 = DIRECTION ( 'NONE',  ( -1.000000000000000000, 0.000000000000000000, 0.000000000000000000 ) ) ;
#978 = CARTESIAN_POINT ( 'NONE',  ( -15.61861335536224793, 11.67514097797966244, 30.00000000000000000 ) ) ;
#979 = VECTOR ( 'NONE', #2634, 1000.000000000000000 ) ;
#980 = CARTESIAN_POINT ( 'NONE',  ( 0.000000000000000000, 0.000000000000000000, 29.50000000000000000 ) ) ;
#981 = EDGE_CURVE ( 'NONE', #3281, #3438, #1279, .T. ) ;
#982 = CARTESIAN_POINT ( 'NONE',  ( -3.742784027947101855, -9.273290671102463634, 30.00114072906966456 ) ) ;
#983 = CARTESIAN_POINT ( 'NONE',  ( -3.082580311787645133, -10.03731530945298189, 29.99999999999996803 ) ) ;
#984 = DIRECTION ( 'NONE',  ( 0.000000000000000000, 0.000000000000000000, 1.000000000000000000 ) ) ;
#985 = DIRECTION ( 'NONE',  ( 3.851859888774471258E-28, 1.000000000000000000, -1.387778780781444413E-14 ) ) ;
#986 = CARTESIAN_POINT ( 'NONE',  ( 17.02543170860767674, -10.49624010390154893, 8.974095286538849692 ) ) ;
#987 = DIRECTION ( 'NONE',  ( 1.000000000000000000, 0.000000000000000000, 0.000000000000000000 ) ) ;
#988 = DIRECTION ( 'NONE',  ( 1.000000000000000000, 0.000000000000000000, 0.000000000000000000 ) ) ;
#989 = CIRCLE ( 'NONE', #21, 19.50000000000000000 ) ;
#990 = DIRECTION ( 'NONE',  ( 1.000000000000000000, 0.000000000000000000, 0.000000000000000000 ) ) ;
#991 = AXIS2_PLACEMENT_3D ( 'NONE', #1201, #3906, #2220 ) ;
#992 = DIRECTION ( 'NONE',  ( -0.000000000000000000, -0.000000000000000000, -1.000000000000000000 ) ) ;
#993 = ORIENTED_EDGE ( 'NONE', *, *, #3732, .F. ) ;
#994 = ORIENTED_EDGE ( 'NONE', *, *, #1403, .F. ) ;
#995 = ORIENTED_EDGE ( 'NONE', *, *, #4008, .T. ) ;
#996 = FACE_BOUND ( 'NONE', #3544, .T. ) ;
#997 = FACE_OUTER_BOUND ( 'NONE', #728, .T. ) ;
#998 = CARTESIAN_POINT ( 'NONE',  ( -16.01909062088434155, -11.97450356715865460, 44.50000000000000000 ) ) ;
#999 = EDGE_CURVE ( 'NONE', #3965, #911, #1531, .T. ) ;
#1000 = FACE_OUTER_BOUND ( 'NONE', #2184, .T. ) ;
#1001 = CARTESIAN_POINT ( 'NONE',  ( -3.831201186665443625, -9.237122838558953219, 30.23458756512294698 ) ) ;
#1002 = EDGE_CURVE ( 'NONE', #3349, #266, #3363, .T. ) ;
#1003 = CARTESIAN_POINT ( 'NONE',  ( 0.1615221894768353594, 10.00003617791398014, 22.50014471170981167 ) ) ;
#1004 = SPHERICAL_SURFACE ( 'NONE', #106, 0.5000000000000000000 ) ;
#1005 = CARTESIAN_POINT ( 'NONE',  ( -15.24709571655768237, 12.94857634844827565, 3.150000000000003020 ) ) ;
#1006 = CARTESIAN_POINT ( 'NONE',  ( 10.41440581569465706, 1.337965435287979732, 45.00000000000000000 ) ) ;
#1007 = FACE_OUTER_BOUND ( 'NONE', #1272, .T. ) ;
#1008 = EDGE_CURVE ( 'NONE', #2401, #4145, #972, .T. ) ;
#1009 = AXIS2_PLACEMENT_3D ( 'NONE', #1487, #2489, #186 ) ;
#1010 = TOROIDAL_SURFACE ( 'NONE', #321, 16.49999999999999645, 0.5000000000000000000 ) ;
#1011 = EDGE_CURVE ( 'NONE', #2165, #867, #2324, .T. ) ;
#1012 = CARTESIAN_POINT ( 'NONE',  ( -4.048490851502431376, -9.688122719355961365, 44.50000000000000000 ) ) ;
#1013 = ORIENTED_EDGE ( 'NONE', *, *, #363, .F. ) ;
#1014 = DIRECTION ( 'NONE',  ( 0.000000000000000000, -0.000000000000000000, -1.000000000000000000 ) ) ;
#1015 = ORIENTED_EDGE ( 'NONE', *, *, #322, .F. ) ;
#1016 = ORIENTED_EDGE ( 'NONE', *, *, #3294, .F. ) ;
#1017 = VERTEX_POINT ( 'NONE', #354 ) ;
#1018 = CARTESIAN_POINT ( 'NONE',  ( -4.048490851502414500, 9.688122719355968471, 45.00000000000000000 ) ) ;
#1019 = DIRECTION ( 'NONE',  ( 0.9918481729232955235, -0.1274252795512747227, 0.000000000000000000 ) ) ;
#1020 = CARTESIAN_POINT ( 'NONE',  ( -3.369047931867554801, -9.421001724219308926, 30.13691340947028863 ) ) ;
#1021 = EDGE_CURVE ( 'NONE', #1296, #2211, #2003, .T. ) ;
#1022 = DIRECTION ( 'NONE',  ( -0.000000000000000000, 1.000000000000000000, -0.000000000000000000 ) ) ;
#1023 = CARTESIAN_POINT ( 'NONE',  ( -1.260470938680504638, 9.924834352017377626, 22.18337183622096020 ) ) ;
#1024 = CARTESIAN_POINT ( 'NONE',  ( -15.00000000000000000, 21.00000000000000000, 7.500000000000000000 ) ) ;
#1025 = DIRECTION ( 'NONE',  ( -1.000000000000000000, 0.000000000000000000, 0.000000000000000000 ) ) ;
#1026 = CARTESIAN_POINT ( 'NONE',  ( -14.99999999999999822, -13.22875655532295447, 5.000000000000007105 ) ) ;
#1027 = EDGE_CURVE ( 'NONE', #1938, #2402, #418, .T. ) ;
#1028 = FACE_OUTER_BOUND ( 'NONE', #3254, .T. ) ;
#1029 = CARTESIAN_POINT ( 'NONE',  ( 17.43393555387654104, 8.604504873885790772, 30.00840125434415029 ) ) ;
#1030 = CIRCLE ( 'NONE', #1588, 0.5000000000000013323 ) ;
#1031 = CARTESIAN_POINT ( 'NONE',  ( -16.01909062088434155, -11.97450356715865460, 30.50000000000000000 ) ) ;
#1032 = ORIENTED_EDGE ( 'NONE', *, *, #4117, .F. ) ;
#1033 = DIRECTION ( 'NONE',  ( 1.000000000000000000, 0.000000000000000000, -0.000000000000000000 ) ) ;
#1034 = VERTEX_POINT ( 'NONE', #2642 ) ;
#1035 = EDGE_LOOP ( 'NONE', ( #1032, #3714, #2874, #3508 ) ) ;
#1036 = CARTESIAN_POINT ( 'NONE',  ( -6.365914964192228354, 8.350157284067972085, 44.50000000000000000 ) ) ;
#1037 = CARTESIAN_POINT ( 'NONE',  ( -6.810742750368490306, -7.322143346609860437, 29.50000000000000000 ) ) ;
#1038 = AXIS2_PLACEMENT_3D ( 'NONE', #1368, #43, #718 ) ;
#1039 = CARTESIAN_POINT ( 'NONE',  ( -3.737885705165664429, -9.275276347497808160, 29.99126639909455960 ) ) ;
#1040 = B_SPLINE_CURVE_WITH_KNOTS ( 'NONE', 3,
 ( #4136, #2797, #164, #4163 ),
 .UNSPECIFIED., .F., .F.,
 ( 4, 4 ),
 ( 0.000000000000000000, 0.002834363388730645663 ),
 .UNSPECIFIED. ) ;
#1041 = CARTESIAN_POINT ( 'NONE',  ( -19.07878402833891229, 6.000000000000001776, 9.011959275300547745 ) ) ;
#1042 = EDGE_CURVE ( 'NONE', #34, #2192, #3274, .T. ) ;
#1043 = DIRECTION ( 'NONE',  ( -0.000000000000000000, 1.000000000000000000, -0.000000000000000000 ) ) ;
#1044 = DIRECTION ( 'NONE',  ( 0.000000000000000000, 0.000000000000000000, 1.000000000000000000 ) ) ;
#1045 = AXIS2_PLACEMENT_3D ( 'NONE', #1151, #3886, #1799 ) ;
#1046 = CARTESIAN_POINT ( 'NONE',  ( -15.30052778422698623, -12.88799007855299195, 9.999999999999987566 ) ) ;
#1047 = DIRECTION ( 'NONE',  ( 0.000000000000000000, 0.000000000000000000, 1.000000000000000000 ) ) ;
#1048 = CARTESIAN_POINT ( 'NONE',  ( -15.00000000000000000, 1.000000000000000888, 9.999999999999994671 ) ) ;
#1049 = EDGE_CURVE ( 'NONE', #1017, #2165, #3953, .T. ) ;
#1050 = CARTESIAN_POINT ( 'NONE',  ( 9.915183629402156029, 1.300643864618419965, 30.23458756512271961 ) ) ;
#1051 = VERTEX_POINT ( 'NONE', #3981 ) ;
#1052 = PLANE ( 'NONE',  #3974 ) ;
#1053 = ORIENTED_EDGE ( 'NONE', *, *, #3639, .T. ) ;
#1054 = ORIENTED_EDGE ( 'NONE', *, *, #2059, .T. ) ;
#1055 = CARTESIAN_POINT ( 'NONE',  ( 10.23858735125016750, -2.209213448640394706, 30.01282069018196452 ) ) ;
#1056 = CARTESIAN_POINT ( 'NONE',  ( -4.048490851502431376, 9.688122719355957813, 30.00000000000000000 ) ) ;
#1057 = CARTESIAN_POINT ( 'NONE',  ( -6.716084951997490116, -7.410217193607440578, 29.98702305332175655 ) ) ;
#1058 = CARTESIAN_POINT ( 'NONE',  ( 9.746533523499588014, 2.237204567154892576, 29.50000000000000000 ) ) ;
#1059 = DIRECTION ( 'NONE',  ( -0.000000000000000000, -0.000000000000000000, -1.000000000000000000 ) ) ;
#1060 = CARTESIAN_POINT ( 'NONE',  ( -3.508217205872550704, 9.364853001864434034, 29.70492520632996047 ) ) ;
#1061 = EDGE_CURVE ( 'NONE', #3848, #2068, #1874, .T. ) ;
#1062 = CARTESIAN_POINT ( 'NONE',  ( -3.419193796939130170, 9.403636464089709435, 30.19839419181690943 ) ) ;
#1063 = CARTESIAN_POINT ( 'NONE',  ( 0.000000000000000000, 0.000000000000000000, 29.50000000000000000 ) ) ;
#1064 = B_SPLINE_CURVE_WITH_KNOTS ( 'NONE', 3,
 ( #697, #371, #2016, #1742 ),
 .UNSPECIFIED., .F., .F.,
 ( 4, 4 ),
 ( 1.166915873571243247E-17, 0.002834363388730634387 ),
 .UNSPECIFIED. ) ;
#1065 = DIRECTION ( 'NONE',  ( -1.000000000000000000, 0.000000000000000000, 0.000000000000000000 ) ) ;
#1066 = LINE ( 'NONE', #2727, #2217 ) ;
#1067 = CIRCLE ( 'NONE', #3517, 0.5000000000000004441 ) ;
#1068 = CARTESIAN_POINT ( 'NONE',  ( 9.862754468960847731, 1.653579738023871037, 29.69747645581636419 ) ) ;
#1069 = ADVANCED_FACE ( 'NONE', ( #2595 ), #1314, .T. ) ;
#1070 = EDGE_LOOP ( 'NONE', ( #3457, #3115, #1559, #1785 ) ) ;
#1071 = CARTESIAN_POINT ( 'NONE',  ( -15.61861335536224793, 11.67514097797966244, 30.00000000000000000 ) ) ;
#1072 = ORIENTED_EDGE ( 'NONE', *, *, #1276, .F. ) ;
#1073 = ORIENTED_EDGE ( 'NONE', *, *, #3315, .F. ) ;
#1074 = CARTESIAN_POINT ( 'NONE',  ( 0.000000000000000000, 0.000000000000000000, 0.5000000000000004441 ) ) ;
#1075 = ORIENTED_EDGE ( 'NONE', *, *, #3284, .T. ) ;
#1076 = CARTESIAN_POINT ( 'NONE',  ( -9.949874371066199430, 1.000000000000000000, 20.00000000000000000 ) ) ;
#1077 = CARTESIAN_POINT ( 'NONE',  ( -6.810742750368491194, -7.322143346609860437, 30.00000000000000000 ) ) ;
#1078 = AXIS2_PLACEMENT_3D ( 'NONE', #2598, #3610, #1925 ) ;
#1079 = CARTESIAN_POINT ( 'NONE',  ( 18.37976959730913151, 7.885687639631721702, 30.49999999999999645 ) ) ;
#1080 = ORIENTED_EDGE ( 'NONE', *, *, #2186, .F. ) ;
#1081 = CIRCLE ( 'NONE', #3729, 20.00000000000000000 ) ;
#1082 = CARTESIAN_POINT ( 'NONE',  ( 10.41440581569465529, -1.337965435287975735, 44.50000000000000000 ) ) ;
#1083 = CARTESIAN_POINT ( 'NONE',  ( -15.00000000000000000, 21.00000000000000000, 3.150000000000002576 ) ) ;
#1084 = CARTESIAN_POINT ( 'NONE',  ( -3.206058706720388951, 9.971483469369008645, 30.01282069018200716 ) ) ;
#1085 = EDGE_CURVE ( 'NONE', #801, #222, #2291, .T. ) ;
#1086 = CARTESIAN_POINT ( 'NONE',  ( -9.949874371066197654, -0.9999999999999991118, 45.00000000000000000 ) ) ;
#1087 = EDGE_CURVE ( 'NONE', #1146, #117, #2735, .T. ) ;
#1088 = CARTESIAN_POINT ( 'NONE',  ( -16.13044726333773582, -11.82429451366209605, 29.95402061465114940 ) ) ;
#1089 = CIRCLE ( 'NONE', #3537, 0.5000000000000004441 ) ;
#1090 = CARTESIAN_POINT ( 'NONE',  ( -16.22892491861989939, 10.75086254962475962, 30.00000000000000000 ) ) ;
#1091 = DIRECTION ( 'NONE',  ( 0.000000000000000000, 0.000000000000000000, -1.000000000000000000 ) ) ;
#1092 = EDGE_CURVE ( 'NONE', #222, #2854, #3627, .T. ) ;
#1093 = DIRECTION ( 'NONE',  ( 0.000000000000000000, 0.000000000000000000, 1.000000000000000000 ) ) ;
#1094 = ORIENTED_EDGE ( 'NONE', *, *, #3463, .F. ) ;
#1095 = DIRECTION ( 'NONE',  ( -0.000000000000000000, -0.000000000000000000, 1.000000000000000000 ) ) ;
#1096 = ORIENTED_EDGE ( 'NONE', *, *, #1497, .F. ) ;
#1097 = ORIENTED_EDGE ( 'NONE', *, *, #920, .T. ) ;
#1098 = CARTESIAN_POINT ( 'NONE',  ( 0.000000000000000000, 0.000000000000000000, 20.00000000000000000 ) ) ;
#1099 = FACE_OUTER_BOUND ( 'NONE', #976, .T. ) ;
#1100 = CARTESIAN_POINT ( 'NONE',  ( 15.00000000000000000, 6.000000000000001776, 7.500000000000000000 ) ) ;
#1101 = CARTESIAN_POINT ( 'NONE',  ( 17.90437915909243571, 8.913110179157092361, 30.03446106211566047 ) ) ;
#1102 = ORIENTED_EDGE ( 'NONE', *, *, #920, .F. ) ;
#1103 = CIRCLE ( 'NONE', #3118, 4.349999999999996092 ) ;
#1104 = CARTESIAN_POINT ( 'NONE',  ( 0.000000000000000000, 0.000000000000000000, 45.00000000000000000 ) ) ;
#1105 = AXIS2_PLACEMENT_3D ( 'NONE', #980, #1643, #2979 ) ;
#1106 = CARTESIAN_POINT ( 'NONE',  ( 2.293645390510132828E-15, 15.00000000000000000, 20.00000000000000000 ) ) ;
#1107 = VECTOR ( 'NONE', #298, 1000.000000000000000 ) ;
#1108 = LINE ( 'NONE', #3113, #3237 ) ;
#1109 = CARTESIAN_POINT ( 'NONE',  ( -6.062776156373550940, 7.952530746731405031, 30.50000000000000000 ) ) ;
#1110 = AXIS2_PLACEMENT_3D ( 'NONE', #376, #4098, #3357 ) ;
#1111 = ORIENTED_EDGE ( 'NONE', *, *, #2085, .F. ) ;
#1112 = CARTESIAN_POINT ( 'NONE',  ( 9.800632223795837206, 1.990285498176352252, 29.52584236959653907 ) ) ;
#1113 = ORIENTED_EDGE ( 'NONE', *, *, #2219, .F. ) ;
#1114 = CARTESIAN_POINT ( 'NONE',  ( -17.49308111536688770, -9.694998016591704015, 7.283858918626409107 ) ) ;
#1115 = ORIENTED_EDGE ( 'NONE', *, *, #3599, .F. ) ;
#1116 = CARTESIAN_POINT ( 'NONE',  ( 9.843435870508724150, -1.792391233138918905, 30.13732695557180818 ) ) ;
#1117 = VERTEX_POINT ( 'NONE', #1593 ) ;
#1118 = CARTESIAN_POINT ( 'NONE',  ( -10.68700995732289449, 16.90549438573202679, 8.156742898491391003 ) ) ;
#1119 = CARTESIAN_POINT ( 'NONE',  ( -15.00000000000000000, 6.000000000000001776, 7.500000000000000000 ) ) ;
#1120 = CARTESIAN_POINT ( 'NONE',  ( 18.02293162016367134, 8.676825923291019649, 30.28731986992245950 ) ) ;
#1121 = ORIENTED_EDGE ( 'NONE', *, *, #2059, .F. ) ;
#1122 = DIRECTION ( 'NONE',  ( -0.9211847264029561222, -0.3891255579397360775, 0.000000000000000000 ) ) ;
#1123 = EDGE_CURVE ( 'NONE', #2095, #3324, #3989, .T. ) ;
#1124 = CARTESIAN_POINT ( 'NONE',  ( 17.92027535737621946, -7.688545448640768498, 45.00000000000000000 ) ) ;
#1125 = CARTESIAN_POINT ( 'NONE',  ( -15.00000000000000000, 13.22875655532295269, 3.150000000000002576 ) ) ;
#1126 = CARTESIAN_POINT ( 'NONE',  ( -6.216225857634182006, 7.833682074977470045, 29.89047147463449150 ) ) ;
#1127 = CIRCLE ( 'NONE', #2524, 0.5000000000000004441 ) ;
#1128 = EDGE_CURVE ( 'NONE', #1521, #3908, #3773, .T. ) ;
#1129 = DIRECTION ( 'NONE',  ( -0.000000000000000000, 1.000000000000000000, -0.000000000000000000 ) ) ;
#1130 = DIRECTION ( 'NONE',  ( -0.000000000000000000, -0.000000000000000000, -1.000000000000000000 ) ) ;
#1131 = ORIENTED_EDGE ( 'NONE', *, *, #3451, .F. ) ;
#1132 = CARTESIAN_POINT ( 'NONE',  ( -16.52581748386688076, 11.26990367208622779, 30.28731986992223923 ) ) ;
#1133 = EDGE_CURVE ( 'NONE', #1601, #752, #3424, .T. ) ;
#1134 = CARTESIAN_POINT ( 'NONE',  ( 9.918481726267138754, 1.274252818597956916, 30.36750248860101209 ) ) ;
#1135 = ORIENTED_EDGE ( 'NONE', *, *, #4104, .T. ) ;
#1136 = CARTESIAN_POINT ( 'NONE',  ( -17.49886138355028820, -9.684516277318419242, 7.739563538004069265 ) ) ;
#1137 = EDGE_LOOP ( 'NONE', ( #1266, #1816, #172, #3671 ) ) ;
#1138 = ADVANCED_FACE ( 'NONE', ( #2927 ), #3296, .T. ) ;
#1139 = CARTESIAN_POINT ( 'NONE',  ( 9.901643706981291260, -1.399985632460993390, 29.99240384115001490 ) ) ;
#1140 = ORIENTED_EDGE ( 'NONE', *, *, #2363, .F. ) ;
#1141 = CARTESIAN_POINT ( 'NONE',  ( -11.99287735939742383, 16.00778393112325659, 10.65640428579137122 ) ) ;
#1142 = CARTESIAN_POINT ( 'NONE',  ( -6.733504399728284184, -7.920698765071360725, 30.24620192045872358 ) ) ;
#1143 = CARTESIAN_POINT ( 'NONE',  ( 9.746533523499588014, 2.237204567154892576, 29.50000000000000000 ) ) ;
#1144 = EDGE_LOOP ( 'NONE', ( #327, #889, #495, #4028, #2487, #3592, #596, #3486 ) ) ;
#1145 = AXIS2_PLACEMENT_3D ( 'NONE', #2384, #1726, #436 ) ;
#1146 = VERTEX_POINT ( 'NONE', #30 ) ;
#1147 = AXIS2_PLACEMENT_3D ( 'NONE', #578, #1130, #3515 ) ;
#1148 = CARTESIAN_POINT ( 'NONE',  ( -13.66701444486736783, -14.60296504431721232, 9.620425505547663292 ) ) ;
#1149 = CIRCLE ( 'NONE', #2328, 0.5000000000000000000 ) ;
#1150 = DIRECTION ( 'NONE',  ( -1.000000000000000000, 0.000000000000000000, 0.000000000000000000 ) ) ;
#1151 = CARTESIAN_POINT ( 'NONE',  ( 10.41440581569465529, 1.337965435287982174, 44.50000000000000000 ) ) ;
#1152 = AXIS2_PLACEMENT_3D ( 'NONE', #2142, #2799, #497 ) ;
#1153 = ADVANCED_FACE ( 'NONE', ( #4000 ), #1264, .T. ) ;
#1154 = DIRECTION ( 'NONE',  ( -0.000000000000000000, 1.000000000000000000, -0.000000000000000000 ) ) ;
#1155 = AXIS2_PLACEMENT_3D ( 'NONE', #2532, #2137, #1186 ) ;
#1156 = CYLINDRICAL_SURFACE ( 'NONE', #3222, 0.5000000000000004441 ) ;
#1157 = CARTESIAN_POINT ( 'NONE',  ( 13.14345695779172907, 15.07794779208923330, 11.44307355952823713 ) ) ;
#1158 = CIRCLE ( 'NONE', #1920, 0.5000000000000004441 ) ;
#1159 = ORIENTED_EDGE ( 'NONE', *, *, #2177, .F. ) ;
#1160 = CARTESIAN_POINT ( 'NONE',  ( -16.52444983673590784, 11.28646375815323744, 30.48448322836490476 ) ) ;
#1161 = EDGE_CURVE ( 'NONE', #117, #2516, #580, .T. ) ;
#1162 = CARTESIAN_POINT ( 'NONE',  ( -7.151279887886916597, -7.688250513940353414, 30.00000000000000000 ) ) ;
#1163 = ORIENTED_EDGE ( 'NONE', *, *, #430, .T. ) ;
#1164 = CARTESIAN_POINT ( 'NONE',  ( -17.02829905250794340, -10.49158285712373484, 6.029844672375315184 ) ) ;
#1165 = VERTEX_POINT ( 'NONE', #3318 ) ;
#1166 = CARTESIAN_POINT ( 'NONE',  ( 12.61578929667929572, -15.51919245315751539, 6.723061986309852855 ) ) ;
#1167 = ORIENTED_EDGE ( 'NONE', *, *, #3643, .F. ) ;
#1168 = CARTESIAN_POINT ( 'NONE',  ( -2.301662002013974195, 19.36368642662045403, 44.50000000000000000 ) ) ;
#1169 = CARTESIAN_POINT ( 'NONE',  ( -6.434191167385853838, -7.662926920656214946, 30.19839419181714746 ) ) ;
#1170 = CARTESIAN_POINT ( 'NONE',  ( -16.01909062088435931, 11.97450356715862796, 30.35127079901336700 ) ) ;
#1171 = ORIENTED_EDGE ( 'NONE', *, *, #1819, .F. ) ;
#1172 = ORIENTED_EDGE ( 'NONE', *, *, #1313, .F. ) ;
#1173 = CARTESIAN_POINT ( 'NONE',  ( -1.233208794694809818, 19.96220233435935398, 30.03446071866757805 ) ) ;
#1174 = DIRECTION ( 'NONE',  ( 1.000000000000000000, 0.000000000000000000, 0.000000000000000000 ) ) ;
#1175 = FILL_AREA_STYLE ('',( #3557 ) ) ;
#1176 = CARTESIAN_POINT ( 'NONE',  ( 12.32498968311279519, -11.72751850796005790, 30.50000000000000000 ) ) ;
#1177 = VECTOR ( 'NONE', #2196, 1000.000000000000000 ) ;
#1178 = ADVANCED_FACE ( 'NONE', ( #2988 ), #12, .F. ) ;
#1179 = LINE ( 'NONE', #3846, #1823 ) ;
#1180 = CARTESIAN_POINT ( 'NONE',  ( 11.99871431366207020, 16.00337848026426002, 10.66175530189946130 ) ) ;
#1181 = VERTEX_POINT ( 'NONE', #3688 ) ;
#1182 = AXIS2_PLACEMENT_3D ( 'NONE', #449, #2359, #1360 ) ;
#1183 = DIRECTION ( 'NONE',  ( -0.000000000000000000, -0.000000000000000000, 1.000000000000000000 ) ) ;
#1184 = UNCERTAINTY_MEASURE_WITH_UNIT (LENGTH_MEASURE( 1.000000000000000082E-05 ), #3224, 'distance_accuracy_value', 'NONE');
#1185 = EDGE_CURVE ( 'NONE', #867, #3697, #1673, .T. ) ;
#1186 = DIRECTION ( 'NONE',  ( -1.000000000000000000, 0.000000000000000000, 0.000000000000000000 ) ) ;
#1187 = ORIENTED_EDGE ( 'NONE', *, *, #2488, .F. ) ;
#1188 = EDGE_CURVE ( 'NONE', #1519, #3147, #2240, .T. ) ;
#1189 = CARTESIAN_POINT ( 'NONE',  ( 9.891261819146183853, -1.473501444893103862, 29.88114345567127828 ) ) ;
#1190 = ORIENTED_EDGE ( 'NONE', *, *, #3130, .F. ) ;
#1191 = CARTESIAN_POINT ( 'NONE',  ( -11.99871431366206842, 16.00337848026425291, 4.338244698100548469 ) ) ;
#1192 = CARTESIAN_POINT ( 'NONE',  ( -6.062776156373538505, -7.952530746731413913, 30.50000000000004263 ) ) ;
#1193 = CARTESIAN_POINT ( 'NONE',  ( 18.16825280558921563, -8.362333348239911146, 29.67443538427324867 ) ) ;
#1194 = VERTEX_POINT ( 'NONE', #1026 ) ;
#1195 = EDGE_LOOP ( 'NONE', ( #2030, #3433, #4164, #2650 ) ) ;
#1196 = DIRECTION ( 'NONE',  ( -1.000000000000000000, 1.776356839400250465E-15, 0.000000000000000000 ) ) ;
#1197 = DIRECTION ( 'NONE',  ( 0.000000000000000000, 0.000000000000000000, 1.000000000000000000 ) ) ;
#1198 = DIRECTION ( 'NONE',  ( -0.000000000000000000, -0.000000000000000000, -1.000000000000000000 ) ) ;
#1199 = DIRECTION ( 'NONE',  ( 0.000000000000000000, 0.000000000000000000, 1.000000000000000000 ) ) ;
#1200 = EDGE_CURVE ( 'NONE', #3228, #1863, #2109, .T. ) ;
#1201 = CARTESIAN_POINT ( 'NONE',  ( 0.000000000000000000, 0.000000000000000000, 45.00000000000000000 ) ) ;
#1202 = CARTESIAN_POINT ( 'NONE',  ( 13.13974637571740800, 15.08121267954649980, 3.558566918510021271 ) ) ;
#1203 = AXIS2_PLACEMENT_3D ( 'NONE', #127, #2851, #4187 ) ;
#1204 = ORIENTED_EDGE ( 'NONE', *, *, #610, .F. ) ;
#1205 = SPHERICAL_SURFACE ( 'NONE', #3031, 0.5000000000000000000 ) ;
#1206 = CARTESIAN_POINT ( 'NONE',  ( -16.31882379280198236, -4.809994912976777393, 44.50000000000000000 ) ) ;
#1207 = ORIENTED_EDGE ( 'NONE', *, *, #1592, .F. ) ;
#1209 = B_SPLINE_CURVE_WITH_KNOTS ( 'NONE', 3,
 ( #1143, #2476, #2147, #3483, #412, #1745, #2719, #502, #66, #4055 ),
 .UNSPECIFIED., .F., .F.,
 ( 4, 2, 2, 2, 4 ),
 ( 0.000000000000000000, 0.0003884907352133474667, 0.0007769814704266949333, 0.001165472205640042400, 0.001553962940853389867 ),
 .UNSPECIFIED. ) ;
#1208 = CARTESIAN_POINT ( 'NONE',  ( 0.000000000000000000, 0.000000000000000000, 1.999999999999994893 ) ) ;
#1210 = CARTESIAN_POINT ( 'NONE',  ( -6.364704552492493228, 7.722349393397029971, 30.41968304441552107 ) ) ;
#1211 = CARTESIAN_POINT ( 'NONE',  ( -6.667518262028876208, -7.951364793248446361, 30.50000000000002132 ) ) ;
#1212 = ADVANCED_FACE ( 'NONE', ( #2392 ), #707, .F. ) ;
#1213 = CARTESIAN_POINT ( 'NONE',  ( 0.000000000000000000, 0.000000000000000000, 0.000000000000000000 ) ) ;
#1214 = ORIENTED_EDGE ( 'NONE', *, *, #315, .T. ) ;
#1215 = ORIENTED_EDGE ( 'NONE', *, *, #3845, .F. ) ;
#1216 = CARTESIAN_POINT ( 'NONE',  ( -1.420039474948824765, 19.97200019344001731, 30.52410051627741439 ) ) ;
#1217 = CARTESIAN_POINT ( 'NONE',  ( -13.66254395370179608, -14.60992737822227561, 5.362830045838490101 ) ) ;
#1218 = CARTESIAN_POINT ( 'NONE',  ( -15.61861335536223194, -11.67514097797968731, 45.00000000000000000 ) ) ;
#1219 = CARTESIAN_POINT ( 'NONE',  ( -2.301662002013974639, -19.36368642662045048, 45.00000000000000000 ) ) ;
#1220 = AXIS2_PLACEMENT_3D ( 'NONE', #3636, #3242, #4229 ) ;
#1221 = LINE ( 'NONE', #2242, #3642 ) ;
#1222 = CARTESIAN_POINT ( 'NONE',  ( 10.95608860988174982, 16.73225593076187678, 5.888788216194987157 ) ) ;
#1223 = EDGE_LOOP ( 'NONE', ( #346, #2845, #242, #102, #3107, #1768, #3259, #3955, #3426, #1752, #3042, #35, #1113, #3455, #1359, #2875, #3368 ) ) ;
#1224 = CARTESIAN_POINT ( 'NONE',  ( -6.365914964192215031, -8.350157284067986296, 44.50000000000000000 ) ) ;
#1225 = DIRECTION ( 'NONE',  ( 0.000000000000000000, 1.000000000000000000, 0.000000000000000000 ) ) ;
#1226 = ORIENTED_EDGE ( 'NONE', *, *, #3451, .T. ) ;
#1227 = CARTESIAN_POINT ( 'NONE',  ( -2.360678976424589237, 19.86019120679020133, 45.00000000000000000 ) ) ;
#1228 = ADVANCED_FACE ( 'NONE', ( #444 ), #1712, .T. ) ;
#1229 =( NAMED_UNIT ( * ) PLANE_ANGLE_UNIT ( ) SI_UNIT ( $, .RADIAN. ) );
#1230 = CARTESIAN_POINT ( 'NONE',  ( 19.07878402833891229, 6.000000000000001776, 9.011959275300545968 ) ) ;
#1231 = ORIENTED_EDGE ( 'NONE', *, *, #3549, .F. ) ;
#1232 = VERTEX_POINT ( 'NONE', #1776 ) ;
#1233 = CARTESIAN_POINT ( 'NONE',  ( 0.000000000000000000, 0.000000000000000000, 0.000000000000000000 ) ) ;
#1234 = DIRECTION ( 'NONE',  ( 0.000000000000000000, -1.000000000000000000, 0.000000000000000000 ) ) ;
#1235 = DIRECTION ( 'NONE',  ( 0.9189884798654470721, -0.3942843819815776696, 0.000000000000000000 ) ) ;
#1236 = DIRECTION ( 'NONE',  ( 1.000000000000000000, 0.000000000000000000, 0.000000000000000000 ) ) ;
#1237 = DIRECTION ( 'NONE',  ( -0.000000000000000000, -0.000000000000000000, 1.000000000000000000 ) ) ;
#1238 = TOROIDAL_SURFACE ( 'NONE', #2914, 16.49999999999999645, 0.5000000000000000000 ) ;
#1239 = DIRECTION ( 'NONE',  ( 1.444447458290425545E-28, 1.000000000000000000, 1.040834085586083310E-14 ) ) ;
#1240 = ORIENTED_EDGE ( 'NONE', *, *, #1806, .F. ) ;
#1241 = SPHERICAL_SURFACE ( 'NONE', #3870, 0.5000000000000000000 ) ;
#1242 = CIRCLE ( 'NONE', #4311, 0.5000000000000004441 ) ;
#1243 = CIRCLE ( 'NONE', #908, 0.4999999999999999445 ) ;
#1244 = AXIS2_PLACEMENT_3D ( 'NONE', #1758, #1399, #4026 ) ;
#1245 = B_SPLINE_CURVE_WITH_KNOTS ( 'NONE', 3,
 ( #493, #798, #2820, #2468, #1468, #121, #470, #2117, #1784, #1164, #2493, #1442, #2776, #3475, #4113, #1114, #145, #1136, #3808, #823, #3053, #2985, #3706, #73, #359, #1331, #3359, #3687, #3999, #2062, #4040, #3400, #1046, #337 ),
 .UNSPECIFIED., .F., .F.,
 ( 4, 2, 2, 2, 2, 2, 2, 2, 2, 2, 2, 2, 2, 2, 2, 2, 4 ),
 ( 0.009376456359780401678, 0.01004861138527361232, 0.01072076641076682296, 0.01206507646175324598, 0.01273723148724645489, 0.01340938651273966380, 0.01408154153823287444, 0.01441761905097947889, 0.01475369656372608335, 0.01542585158921929572, 0.01576192910196589844, 0.01609800661471250116, 0.01677016164020571354, 0.01744231666569891898, 0.01811447169119212788, 0.01878662671668533679, 0.02013093676767174767 ),
 .UNSPECIFIED. ) ;
#1246 = DIRECTION ( 'NONE',  ( 0.000000000000000000, 0.000000000000000000, 1.000000000000000000 ) ) ;
#1247 = EDGE_LOOP ( 'NONE', ( #1677, #1214, #2602, #1207 ) ) ;
#1248 = CARTESIAN_POINT ( 'NONE',  ( 12.52312830353277917, -15.59405740080703318, 7.891077857632629922 ) ) ;
#1249 = CARTESIAN_POINT ( 'NONE',  ( -6.733791105840968960, 7.920563375923325822, 30.24563320106549469 ) ) ;
#1250 = AXIS2_PLACEMENT_3D ( 'NONE', #2528, #1283, #27 ) ;
#1251 = CARTESIAN_POINT ( 'NONE',  ( 17.99003615188050631, -8.739488804928338794, 29.52159150082525940 ) ) ;
#1252 = ORIENTED_EDGE ( 'NONE', *, *, #943, .F. ) ;
#1253 = ORIENTED_EDGE ( 'NONE', *, *, #842, .F. ) ;
#1254 = CARTESIAN_POINT ( 'NONE',  ( -16.11861335536224615, 11.67514097797966244, 30.00000000000000000 ) ) ;
#1255 = PLANE ( 'NONE',  #4306 ) ;
#1256 = FACE_OUTER_BOUND ( 'NONE', #1701, .T. ) ;
#1257 = CARTESIAN_POINT ( 'NONE',  ( 17.49826198623418705, -7.956695993255801902, 30.50000000000000000 ) ) ;
#1258 = EDGE_CURVE ( 'NONE', #3848, #2540, #4115, .T. ) ;
#1259 = CYLINDRICAL_SURFACE ( 'NONE', #3411, 2.499999999999995115 ) ;
#1260 = CARTESIAN_POINT ( 'NONE',  ( -10.00000000000000000, 0.000000000000000000, 45.00000000000000000 ) ) ;
#1261 = ORIENTED_EDGE ( 'NONE', *, *, #3866, .F. ) ;
#1262 = EDGE_CURVE ( 'NONE', #144, #223, #2706, .T. ) ;
#1263 = CARTESIAN_POINT ( 'NONE',  ( -15.61861335536224971, 11.67514097797966421, 44.50000000000000000 ) ) ;
#1264 = CYLINDRICAL_SURFACE ( 'NONE', #4130, 0.5000000000000004441 ) ;
#1265 = CARTESIAN_POINT ( 'NONE',  ( -1.233209737666441264, -19.96220228034062316, 30.03446106211632838 ) ) ;
#1266 = ORIENTED_EDGE ( 'NONE', *, *, #2970, .F. ) ;
#1267 = CIRCLE ( 'NONE', #3291, 0.5000000000000004441 ) ;
#1268 = CARTESIAN_POINT ( 'NONE',  ( 12.32498968311279519, -11.72751850796005790, 44.50000000000000000 ) ) ;
#1269 = EDGE_CURVE ( 'NONE', #3388, #2796, #989, .T. ) ;
#1270 = DIRECTION ( 'NONE',  ( 0.000000000000000000, 0.000000000000000000, 1.000000000000000000 ) ) ;
#1271 = CARTESIAN_POINT ( 'NONE',  ( 16.80091752412299044, 10.87496355789282454, 11.48437889668157297 ) ) ;
#1272 = EDGE_LOOP ( 'NONE', ( #1317, #2784, #1073, #3283 ) ) ;
#1273 = ORIENTED_EDGE ( 'NONE', *, *, #408, .F. ) ;
#1274 = ORIENTED_EDGE ( 'NONE', *, *, #999, .F. ) ;
#1275 = CYLINDRICAL_SURFACE ( 'NONE', #2043, 0.5000000000000004441 ) ;
#1276 = EDGE_CURVE ( 'NONE', #432, #4265, #942, .T. ) ;
#1277 = CARTESIAN_POINT ( 'NONE',  ( -16.18814052143135385, -11.74555811757270085, 29.84959686590483230 ) ) ;
#1278 = CARTESIAN_POINT ( 'NONE',  ( -16.30870509434085847, -10.69000178418228941, 30.00000000000000000 ) ) ;
#1279 = LINE ( 'NONE', #2607, #6 ) ;
#1280 = CARTESIAN_POINT ( 'NONE',  ( -15.63983185346646820, -11.17559140552646291, 44.50000000000000000 ) ) ;
#1281 = EDGE_CURVE ( 'NONE', #2165, #4203, #2610, .T. ) ;
#1282 = AXIS2_PLACEMENT_3D ( 'NONE', #2943, #2225, #3564 ) ;
#1283 = DIRECTION ( 'NONE',  ( -0.5987251783579328190, 0.8009545310442172106, 2.778869256384793123E-15 ) ) ;
#1284 = PLANE ( 'NONE',  #2535 ) ;
#1285 = CIRCLE ( 'NONE', #3723, 0.5000000000000004441 ) ;
#1286 = CARTESIAN_POINT ( 'NONE',  ( -15.61861335536223017, -11.67514097797968908, 44.50000000000000000 ) ) ;
#1287 = TOROIDAL_SURFACE ( 'NONE', #1147, 10.50000000000000000, 0.5000000000000000000 ) ;
#1288 = CARTESIAN_POINT ( 'NONE',  ( -1.266634779858030857, 19.40062503949599204, 30.00000000000000355 ) ) ;
#1289 = VECTOR ( 'NONE', #1832, 1000.000000000000000 ) ;
#1290 = CARTESIAN_POINT ( 'NONE',  ( -1.858430136915297126, -19.13228739083795205, 30.42661081210158969 ) ) ;
#1291 = ORIENTED_EDGE ( 'NONE', *, *, #3062, .T. ) ;
#1292 = AXIS2_PLACEMENT_3D ( 'NONE', #727, #3779, #2048 ) ;
#1293 = DIRECTION ( 'NONE',  ( 0.000000000000000000, -1.000000000000000000, 0.000000000000000000 ) ) ;
#1294 = CARTESIAN_POINT ( 'NONE',  ( -6.766239838559017450, 7.363538044100975455, 29.98808561263427208 ) ) ;
#1295 = CARTESIAN_POINT ( 'NONE',  ( -6.915599864278298980, -7.829409424712614474, 30.05007342923862623 ) ) ;
#1296 = VERTEX_POINT ( 'NONE', #2042 ) ;
#1297 = ORIENTED_EDGE ( 'NONE', *, *, #270, .F. ) ;
#1298 = ORIENTED_EDGE ( 'NONE', *, *, #363, .T. ) ;
#1299 = DIRECTION ( 'NONE',  ( -0.7952530746731406586, -0.6062776156373549385, -4.303892358647221263E-14 ) ) ;
#1300 = CARTESIAN_POINT ( 'NONE',  ( -15.66212547694852830, -11.16026401571012627, 30.35569846831098317 ) ) ;
#1301 = CARTESIAN_POINT ( 'NONE',  ( -16.31882379280198592, 4.809994912976760517, 30.50000000000000000 ) ) ;
#1302 = CARTESIAN_POINT ( 'NONE',  ( -3.508706657154700093, -9.364668513032452069, 29.70535662644471486 ) ) ;
#1303 = CARTESIAN_POINT ( 'NONE',  ( -3.668942390174643187, -9.303070106292318897, 29.88034961318027527 ) ) ;
#1304 = CARTESIAN_POINT ( 'NONE',  ( -8.159411896400939668, -2.404997456488389140, 30.00000000000000000 ) ) ;
#1305 = CARTESIAN_POINT ( 'NONE',  ( 18.37976959730895032, -7.885687639631560053, 30.42594663920911557 ) ) ;
#1306 = CARTESIAN_POINT ( 'NONE',  ( 15.30094292224819519, -12.88751935628277323, 9.999999999999994671 ) ) ;
#1307 = CIRCLE ( 'NONE', #2212, 0.5000000000000004441 ) ;
#1308 = DIRECTION ( 'NONE',  ( -0.000000000000000000, -0.000000000000000000, 1.000000000000000000 ) ) ;
#1309 = CARTESIAN_POINT ( 'NONE',  ( 15.00000000000000000, 21.00000000000000000, 7.500000000000000000 ) ) ;
#1310 = VECTOR ( 'NONE', #1335, 1000.000000000000000 ) ;
#1311 = DIRECTION ( 'NONE',  ( 0.000000000000000000, 0.000000000000000000, 1.000000000000000000 ) ) ;
#1312 = AXIS2_PLACEMENT_3D ( 'NONE', #1100, #4092, #2383 ) ;
#1313 = EDGE_CURVE ( 'NONE', #2233, #779, #3587, .T. ) ;
#1314 = TOROIDAL_SURFACE ( 'NONE', #4181, 10.50000000000000000, 0.5000000000000000000 ) ;
#1315 = CARTESIAN_POINT ( 'NONE',  ( -6.667518262028877096, -7.951364793248445473, 30.36114533092258583 ) ) ;
#1316 = ADVANCED_FACE ( 'NONE', ( #1395 ), #1691, .T. ) ;
#1317 = ORIENTED_EDGE ( 'NONE', *, *, #1853, .T. ) ;
#1318 = ORIENTED_EDGE ( 'NONE', *, *, #188, .F. ) ;
#1319 = VERTEX_POINT ( 'NONE', #1109 ) ;
#1320 = CARTESIAN_POINT ( 'NONE',  ( 12.32498968311279341, 11.72751850796005968, 44.50000000000000000 ) ) ;
#1321 = CARTESIAN_POINT ( 'NONE',  ( -1.423407318496350271, 19.94977832682322827, 29.52113886287803624 ) ) ;
#1322 = AXIS2_PLACEMENT_3D ( 'NONE', #1686, #3397, #2370 ) ;
#1323 = CARTESIAN_POINT ( 'NONE',  ( 17.92027535737621946, -7.688545448640769386, 44.50000000000000000 ) ) ;
#1324 = CARTESIAN_POINT ( 'NONE',  ( 0.000000000000000000, 0.000000000000000000, 20.00000000000000000 ) ) ;
#1325 = CARTESIAN_POINT ( 'NONE',  ( 15.00000000000000000, 21.00000000000000000, 9.999999999999994671 ) ) ;
#1326 = EDGE_CURVE ( 'NONE', #611, #3302, #3164, .T. ) ;
#1327 = CARTESIAN_POINT ( 'NONE',  ( -2.499999999999998224, 9.682458365518540333, 20.00000000000000000 ) ) ;
#1328 = DIRECTION ( 'NONE',  ( -0.000000000000000000, -0.000000000000000000, -1.000000000000000000 ) ) ;
#1329 = EDGE_CURVE ( 'NONE', #4251, #1117, #3958, .T. ) ;
#1330 = EDGE_CURVE ( 'NONE', #1034, #523, #1501, .T. ) ;
#1331 = CARTESIAN_POINT ( 'NONE',  ( -16.81684727969776105, -10.82726667022972755, 9.224528726548923530 ) ) ;
#1332 = DIRECTION ( 'NONE',  ( 0.000000000000000000, 0.000000000000000000, 1.000000000000000000 ) ) ;
#1333 = DIRECTION ( 'NONE',  ( 0.000000000000000000, 0.000000000000000000, 1.000000000000000000 ) ) ;
#1334 = AXIS2_PLACEMENT_3D ( 'NONE', #2087, #793, #380 ) ;
#1335 = DIRECTION ( 'NONE',  ( -0.000000000000000000, 1.000000000000000000, -0.000000000000000000 ) ) ;
#1336 = ADVANCED_FACE ( 'NONE', ( #1850 ), #1287, .T. ) ;
#1337 = CIRCLE ( 'NONE', #1406, 4.349999999999996092 ) ;
#1338 = CARTESIAN_POINT ( 'NONE',  ( 9.870103030868685678, 1.650821116571154823, 30.50000000000000355 ) ) ;
#1339 = ORIENTED_EDGE ( 'NONE', *, *, #2393, .T. ) ;
#1340 = DIRECTION ( 'NONE',  ( -1.000000000000000000, 0.000000000000000000, 0.000000000000000000 ) ) ;
#1341 = ORIENTED_EDGE ( 'NONE', *, *, #2554, .F. ) ;
#1342 = VERTEX_POINT ( 'NONE', #3868 ) ;
#1343 = DIRECTION ( 'NONE',  ( -0.000000000000000000, -0.000000000000000000, -1.000000000000000000 ) ) ;
#1344 = CARTESIAN_POINT ( 'NONE',  ( 10.23386019967456839, 2.349064795512637360, 30.00000000000000000 ) ) ;
#1345 = FACE_OUTER_BOUND ( 'NONE', #1516, .T. ) ;
#1346 = CARTESIAN_POINT ( 'NONE',  ( -3.418820253056322755, -9.403767065580913354, 30.19773884149796217 ) ) ;
#1347 = CARTESIAN_POINT ( 'NONE',  ( 2.483306397205231164, 9.686810748124125681, 20.33184687663030132 ) ) ;
#1348 = CARTESIAN_POINT ( 'NONE',  ( 18.37976959730894322, -7.885687639631558277, 44.50000000000000000 ) ) ;
#1349 = DIRECTION ( 'NONE',  ( -1.000000000000000000, 0.000000000000000000, 0.000000000000000000 ) ) ;
#1350 = B_SPLINE_CURVE_WITH_KNOTS ( 'NONE', 3,
 ( #2936, #3245, #310, #4255, #3331, #675, #1953, #2917, #2629, #3307 ),
 .UNSPECIFIED., .F., .F.,
 ( 4, 2, 2, 2, 4 ),
 ( 0.000000000000000000, 0.0004455782568349138731, 0.0008911565136698277462, 0.001336734770504742053, 0.001782313027339656360 ),
 .UNSPECIFIED. ) ;
#1351 = DIRECTION ( 'NONE',  ( 1.000000000000000000, 0.000000000000000000, -0.000000000000000000 ) ) ;
#1352 = CONICAL_SURFACE ( 'NONE', #1145, 11.99999999999997868, 0.7853981633974445042 ) ;
#1353 = CARTESIAN_POINT ( 'NONE',  ( -2.360678976424551934, -19.86019120679045002, 30.49999999999999645 ) ) ;
#1354 = CIRCLE ( 'NONE', #2680, 0.5000000000000012212 ) ;
#1355 = CARTESIAN_POINT ( 'NONE',  ( 15.00000000000000000, 1.000000000000000888, 7.500000000000000000 ) ) ;
#1356 = VECTOR ( 'NONE', #1663, 1000.000000000000000 ) ;
#1357 = CARTESIAN_POINT ( 'NONE',  ( -2.360678976424589681, 19.86019120679020489, 30.50000000000000000 ) ) ;
#1358 = AXIS2_PLACEMENT_3D ( 'NONE', #1878, #1225, #1807 ) ;
#1359 = ORIENTED_EDGE ( 'NONE', *, *, #3213, .T. ) ;
#1360 = DIRECTION ( 'NONE',  ( -1.000000000000000000, 0.000000000000000000, 0.000000000000000000 ) ) ;
#1361 = ORIENTED_EDGE ( 'NONE', *, *, #1281, .F. ) ;
#1362 = ORIENTED_EDGE ( 'NONE', *, *, #4093, .F. ) ;
#1363 = EDGE_CURVE ( 'NONE', #61, #1601, #3227, .T. ) ;
#1364 = CARTESIAN_POINT ( 'NONE',  ( 9.746533523499588014, -2.237204567154887247, 29.50000000000000000 ) ) ;
#1365 = ORIENTED_EDGE ( 'NONE', *, *, #3951, .T. ) ;
#1366 = AXIS2_PLACEMENT_3D ( 'NONE', #4127, #2527, #836 ) ;
#1367 = DIRECTION ( 'NONE',  ( 0.000000000000000000, 0.000000000000000000, 1.000000000000000000 ) ) ;
#1368 = CARTESIAN_POINT ( 'NONE',  ( -2.500000000000000444, 15.00000000000000000, 3.061616997868383634E-16 ) ) ;
#1369 = CARTESIAN_POINT ( 'NONE',  ( -3.552324774695909682, -9.749922591737902877, 30.50000000000000000 ) ) ;
#1370 = CARTESIAN_POINT ( 'NONE',  ( -15.95259147428925850, 12.08541098661428137, 11.76774969809730820 ) ) ;
#1371 = DIRECTION ( 'NONE',  ( -0.000000000000000000, -0.000000000000000000, -1.000000000000000000 ) ) ;
#1372 = CARTESIAN_POINT ( 'NONE',  ( -19.50000000000000000, 0.000000000000000000, 30.00000000000000000 ) ) ;
#1373 = EDGE_CURVE ( 'NONE', #1600, #1718, #1841, .T. ) ;
#1374 = CARTESIAN_POINT ( 'NONE',  ( -15.94928391448983618, 12.07312857288145480, 3.248361877892697702 ) ) ;
#1375 = CARTESIAN_POINT ( 'NONE',  ( -16.04836304008921388, -11.93525958746121773, 30.21276909202327587 ) ) ;
#1376 = LINE ( 'NONE', #3670, #2569 ) ;
#1377 = CIRCLE ( 'NONE', #2496, 20.00000000000000000 ) ;
#1378 = ORIENTED_EDGE ( 'NONE', *, *, #2772, .T. ) ;
#1379 = DIRECTION ( 'NONE',  ( 0.000000000000000000, 0.000000000000000000, 1.000000000000000000 ) ) ;
#1380 = ORIENTED_EDGE ( 'NONE', *, *, #302, .F. ) ;
#1381 = ORIENTED_EDGE ( 'NONE', *, *, #365, .F. ) ;
#1382 = CARTESIAN_POINT ( 'NONE',  ( -11.95826074310136278, 1.000000000000000000, 0.000000000000000000 ) ) ;
#1383 = CARTESIAN_POINT ( 'NONE',  ( 10.22721810158820865, 1.867080833873641099, 30.22933296035487061 ) ) ;
#1384 = FACE_OUTER_BOUND ( 'NONE', #3861, .T. ) ;
#1385 = TOROIDAL_SURFACE ( 'NONE', #2428, 10.50000000000000000, 0.5000000000000000000 ) ;
#1386 = AXIS2_PLACEMENT_3D ( 'NONE', #3381, #1711, #421 ) ;
#1387 = CYLINDRICAL_SURFACE ( 'NONE', #1839, 2.499999999999992006 ) ;
#1388 = DIRECTION ( 'NONE',  ( 0.000000000000000000, 0.000000000000000000, 1.000000000000000000 ) ) ;
#1389 =( BOUNDED_SURFACE ( )  B_SPLINE_SURFACE ( 3, 2, ( 
 ( #704, #3379, #3770 ),
 ( #4059, #743, #377 ),
 ( #1084, #2021, #440 ),
 ( #3358, #790, #4019 ),
 ( #3090, #3705, #1687 ),
 ( #3030, #3398, #2702 ),
 ( #113, #1062, #2106 ),
 ( #51, #4079, #2414 ),
 ( #1434, #28, #2723 ),
 ( #2387, #2084, #4099 ) ),
 .UNSPECIFIED., .F., .F., .T. ) 
 B_SPLINE_SURFACE_WITH_KNOTS ( ( 4, 2, 2, 2, 4 ),
 ( 3, 3 ),
 ( 0.0006840844847636878010, 0.001080142800863523583, 0.001476201116963359256, 0.001872259433063194929, 0.002268317749163030819 ),
 ( 0.000000000000000000, 1.000000000000000000 ),
 .UNSPECIFIED. ) 
 GEOMETRIC_REPRESENTATION_ITEM ( )  RATIONAL_B_SPLINE_SURFACE ( (
 ( 1.000000000000000000, 0.7071067811865475727, 1.000000000000000000),
 ( 1.000000000000000000, 0.7157384325457464280, 1.000000000000000000),
 ( 1.000000000000000000, 0.7257347012319194102, 1.000000000000000000),
 ( 1.000000000000000000, 0.7461798750569611505, 1.000000000000000000),
 ( 1.000000000000000000, 0.7565292033692992968, 1.000000000000000000),
 ( 1.000000000000000000, 0.7747462957291201269, 1.000000000000000000),
 ( 1.000000000000000000, 0.7826431551079428006, 1.000000000000000000),
 ( 1.000000000000000000, 0.7934447327785300041, 1.000000000000000000),
 ( 1.000000000000000000, 0.7964638512165393980, 1.000000000000000000),
 ( 1.000000000000000000, 0.7964205083999436052, 1.000000000000000000) ) ) 
 REPRESENTATION_ITEM ( '' )  SURFACE ( )  );
#1390 = CARTESIAN_POINT ( 'NONE',  ( -3.759570090005802889, 9.268110464315499897, 29.98263409391293166 ) ) ;
#1391 = CARTESIAN_POINT ( 'NONE',  ( -6.715136005489835469, 7.411072627797740786, 29.49999999999999645 ) ) ;
#1392 = CIRCLE ( 'NONE', #2991, 2.499999999999988454 ) ;
#1393 = CARTESIAN_POINT ( 'NONE',  ( -17.17789602520938175, 10.26717081078546023, 3.711525568931373087 ) ) ;
#1394 = EDGE_CURVE ( 'NONE', #1601, #1521, #3797, .T. ) ;
#1395 = FACE_OUTER_BOUND ( 'NONE', #429, .T. ) ;
#1396 = CARTESIAN_POINT ( 'NONE',  ( -9.949874371066197654, -0.9999999999999991118, 2.000000000000008882 ) ) ;
#1397 = CARTESIAN_POINT ( 'NONE',  ( 9.853311296593119550, 1.741098342670725385, 30.19773884149820375 ) ) ;
#1398 = EDGE_LOOP ( 'NONE', ( #3301, #1793, #2738 ) ) ;
#1399 = DIRECTION ( 'NONE',  ( -0.000000000000000000, -0.000000000000000000, -1.000000000000000000 ) ) ;
#1400 = EDGE_LOOP ( 'NONE', ( #479, #2223, #3699 ) ) ;
#1401 = ORIENTED_EDGE ( 'NONE', *, *, #3229, .T. ) ;
#1402 = CARTESIAN_POINT ( 'NONE',  ( 19.50000000000000000, 0.000000000000000000, 44.50000000000000000 ) ) ;
#1403 = EDGE_CURVE ( 'NONE', #2932, #4209, #2816, .T. ) ;
#1404 = CARTESIAN_POINT ( 'NONE',  ( 18.36348338836561211, 7.923882910137425739, 30.20731475328534898 ) ) ;
#1405 = DIRECTION ( 'NONE',  ( 0.000000000000000000, 0.000000000000000000, -1.000000000000000000 ) ) ;
#1406 = AXIS2_PLACEMENT_3D ( 'NONE', #2208, #3527, #3482 ) ;
#1407 = B_SPLINE_CURVE_WITH_KNOTS ( 'NONE', 3,
 ( #1278, #351, #3003, #958, #2238, #2587, #3921, #289 ),
 .UNSPECIFIED., .F., .F.,
 ( 4, 2, 2, 4 ),
 ( 0.000000000000000000, 0.0005266859331290031469, 0.0007900288996935009257, 0.001053371866257998704 ),
 .UNSPECIFIED. ) ;
#1408 = CARTESIAN_POINT ( 'NONE',  ( 17.43659492520510668, 8.582349150077607902, 30.01077170873797684 ) ) ;
#1409 = EDGE_LOOP ( 'NONE', ( #1893, #1831, #97, #4166 ) ) ;
#1410 = CARTESIAN_POINT ( 'NONE',  ( -2.360678976424590569, 19.86019120679020133, 30.50000000000000000 ) ) ;
#1411 = EDGE_CURVE ( 'NONE', #671, #4309, #181, .T. ) ;
#1412 = CARTESIAN_POINT ( 'NONE',  ( -15.00000000000000000, -0.9999999999999981126, 7.500000000000000000 ) ) ;
#1413 = CARTESIAN_POINT ( 'NONE',  ( -6.618472911921426949, 7.497316960555456156, 29.52761647767767528 ) ) ;
#1414 = LINE ( 'NONE', #1086, #3623 ) ;
#1415 = EDGE_CURVE ( 'NONE', #2441, #4209, #2464, .T. ) ;
#1416 = CARTESIAN_POINT ( 'NONE',  ( 15.00000000000000000, 13.22875655532295269, 11.84999999999999787 ) ) ;
#1417 = DIRECTION ( 'NONE',  ( -1.301042606982605321E-16, -0.000000000000000000, -1.000000000000000000 ) ) ;
#1418 = AXIS2_PLACEMENT_3D ( 'NONE', #1876, #3891, #1591 ) ;
#1419 = CARTESIAN_POINT ( 'NONE',  ( 9.746533523499589791, 2.237204567154892132, 29.99999999999996803 ) ) ;
#1420 = ORIENTED_EDGE ( 'NONE', *, *, #2303, .T. ) ;
#1421 = LINE ( 'NONE', #3672, #3124 ) ;
#1422 = ORIENTED_EDGE ( 'NONE', *, *, #1329, .F. ) ;
#1423 = EDGE_LOOP ( 'NONE', ( #2180, #2278, #2805, #3462 ) ) ;
#1424 = AXIS2_PLACEMENT_3D ( 'NONE', #2302, #267, #2626 ) ;
#1425 = DIRECTION ( 'NONE',  ( -0.8864637384925351249, 0.4627980556763806042, 0.000000000000000000 ) ) ;
#1426 = ORIENTED_EDGE ( 'NONE', *, *, #3821, .F. ) ;
#1427 = CARTESIAN_POINT ( 'NONE',  ( 10.21984303672479477, 1.798557798489461845, 30.36118614105075508 ) ) ;
#1428 = CARTESIAN_POINT ( 'NONE',  ( -6.863937292273395663, -7.855757821115284756, 30.09890512415343622 ) ) ;
#1429 = DIRECTION ( 'NONE',  ( -0.000000000000000000, 1.000000000000000000, -0.000000000000000000 ) ) ;
#1430 = VERTEX_POINT ( 'NONE', #4198 ) ;
#1431 = CIRCLE ( 'NONE', #1634, 0.5000000000000004441 ) ;
#1432 = CARTESIAN_POINT ( 'NONE',  ( 15.00000000000000000, 21.00000000000000000, 7.500000000000000000 ) ) ;
#1433 = DIRECTION ( 'NONE',  ( 0.000000000000000000, -1.000000000000000000, 1.387778780781445676E-14 ) ) ;
#1434 = CARTESIAN_POINT ( 'NONE',  ( -3.552324774839909161, 9.749922592893984330, 30.43398468060166451 ) ) ;
#1435 = CARTESIAN_POINT ( 'NONE',  ( 16.11338153198774137, -11.84924666309009744, 5.257005707664266225 ) ) ;
#1436 = CARTESIAN_POINT ( 'NONE',  ( -16.32947894488275509, -11.54825664832936027, 29.67120101862962045 ) ) ;
#1437 = ORIENTED_EDGE ( 'NONE', *, *, #2673, .F. ) ;
#1438 = VECTOR ( 'NONE', #1328, 1000.000000000000000 ) ;
#1439 = CARTESIAN_POINT ( 'NONE',  ( -16.67116942142551395, 11.04909210118420582, 30.03446106211560362 ) ) ;
#1440 = CARTESIAN_POINT ( 'NONE',  ( 17.41216565877326161, -8.778752022436735913, 30.00000000000000000 ) ) ;
#1441 = ORIENTED_EDGE ( 'NONE', *, *, #1042, .F. ) ;
#1442 = CARTESIAN_POINT ( 'NONE',  ( -17.29006211573188168, -10.05388357127668364, 6.481590891554954936 ) ) ;
#1443 = ORIENTED_EDGE ( 'NONE', *, *, #188, .T. ) ;
#1444 = EDGE_CURVE ( 'NONE', #1812, #2228, #2576, .T. ) ;
#1445 = CARTESIAN_POINT ( 'NONE',  ( -16.31882379280198592, 4.809994912976760517, 45.00000000000000000 ) ) ;
#1446 = CIRCLE ( 'NONE', #3262, 0.5000000000000007772 ) ;
#1447 = DIRECTION ( 'NONE',  ( 1.000000000000000000, 0.000000000000000000, -0.000000000000000000 ) ) ;
#1448 = CARTESIAN_POINT ( 'NONE',  ( -6.667518262028875320, -7.951364793248446361, 30.00000000000000000 ) ) ;
#1449 = ADVANCED_FACE ( 'NONE', ( #1608 ), #2326, .F. ) ;
#1450 = CARTESIAN_POINT ( 'NONE',  ( 17.85863144489565002, 9.003848228140252985, 29.50000000000000000 ) ) ;
#1451 = VERTEX_POINT ( 'NONE', #3997 ) ;
#1452 = AXIS2_PLACEMENT_3D ( 'NONE', #1104, #2343, #2080 ) ;
#1453 = CARTESIAN_POINT ( 'NONE',  ( 0.000000000000000000, 0.000000000000000000, 29.50000000000000000 ) ) ;
#1454 = CIRCLE ( 'NONE', #2218, 2.499999999999995115 ) ;
#1455 = CONICAL_SURFACE ( 'NONE', #489, 11.99999999999998046, 0.7853981633974447263 ) ;
#1456 = CARTESIAN_POINT ( 'NONE',  ( 20.00000000000000000, 2.449293598294706119E-15, 45.00000000000000000 ) ) ;
#1457 = CARTESIAN_POINT ( 'NONE',  ( -2.935790773131091047, 9.559347913764744575, 29.50000000000000000 ) ) ;
#1458 = DIRECTION ( 'NONE',  ( 0.000000000000000000, 1.000000000000000000, -0.000000000000000000 ) ) ;
#1459 = CARTESIAN_POINT ( 'NONE',  ( 16.81977710737725928, -10.82271088518459834, 5.778555854750926812 ) ) ;
#1460 = EDGE_CURVE ( 'NONE', #3438, #3674, #3598, .T. ) ;
#1461 = DIRECTION ( 'NONE',  ( -0.000000000000000000, -0.000000000000000000, -1.000000000000000000 ) ) ;
#1462 = CIRCLE ( 'NONE', #2081, 0.4999999999999987232 ) ;
#1463 = ORIENTED_EDGE ( 'NONE', *, *, #197, .T. ) ;
#1464 = EDGE_CURVE ( 'NONE', #1296, #4210, #4018, .T. ) ;
#1465 = CARTESIAN_POINT ( 'NONE',  ( -16.12917690930489201, 11.82602632557742339, 29.95650451122086722 ) ) ;
#1466 = FACE_OUTER_BOUND ( 'NONE', #1948, .T. ) ;
#1467 = ORIENTED_EDGE ( 'NONE', *, *, #322, .T. ) ;
#1468 = CARTESIAN_POINT ( 'NONE',  ( -15.72076251644390510, -12.36551438032621775, 5.101910739770334935 ) ) ;
#1469 = ORIENTED_EDGE ( 'NONE', *, *, #1603, .T. ) ;
#1470 = CARTESIAN_POINT ( 'NONE',  ( 13.93129802531000117, -14.35103832319121864, 5.234916614680030555 ) ) ;
#1471 = ADVANCED_FACE ( 'NONE', ( #594, #2344 ), #3248, .F. ) ;
#1472 = ORIENTED_EDGE ( 'NONE', *, *, #443, .T. ) ;
#1473 = DIRECTION ( 'NONE',  ( -0.000000000000000000, -0.000000000000000000, -1.000000000000000000 ) ) ;
#1474 = DIRECTION ( 'NONE',  ( 0.000000000000000000, 0.000000000000000000, 1.000000000000000000 ) ) ;
#1475 = CARTESIAN_POINT ( 'NONE',  ( 17.49826198142790901, 7.956695985691583317, 30.42661081210142271 ) ) ;
#1476 = ORIENTED_EDGE ( 'NONE', *, *, #3016, .T. ) ;
#1477 = ORIENTED_EDGE ( 'NONE', *, *, #3821, .T. ) ;
#1478 = DIRECTION ( 'NONE',  ( 0.000000000000000000, 0.000000000000000000, 1.000000000000000000 ) ) ;
#1479 = CARTESIAN_POINT ( 'NONE',  ( -2.360678976424586573, -19.86019120679020489, 44.50000000000000000 ) ) ;
#1480 = CARTESIAN_POINT ( 'NONE',  ( 15.00000000000000000, 21.00000000000000000, 7.500000000000000000 ) ) ;
#1481 = DIRECTION ( 'NONE',  ( 1.000000000000000000, 0.000000000000000000, 0.000000000000000000 ) ) ;
#1482 = AXIS2_PLACEMENT_3D ( 'NONE', #2802, #521, #2168 ) ;
#1483 = EDGE_CURVE ( 'NONE', #2192, #4131, #4276, .T. ) ;
#1484 = CARTESIAN_POINT ( 'NONE',  ( -6.810742750368505405, 7.322143346609848003, 29.50000000000000000 ) ) ;
#1485 = CARTESIAN_POINT ( 'NONE',  ( 11.99287735939742561, 16.00778393112326015, 4.343595714208630554 ) ) ;
#1486 = ORIENTED_EDGE ( 'NONE', *, *, #3599, .T. ) ;
#1487 = CARTESIAN_POINT ( 'NONE',  ( 0.000000000000000000, 0.000000000000000000, 30.00000000000000000 ) ) ;
#1488 = DIRECTION ( 'NONE',  ( 0.000000000000000000, 1.000000000000000000, 0.000000000000000000 ) ) ;
#1489 = ORIENTED_EDGE ( 'NONE', *, *, #3877, .T. ) ;
#1490 = DIRECTION ( 'NONE',  ( -1.000000000000000000, 0.000000000000000000, 0.000000000000000000 ) ) ;
#1491 = ORIENTED_EDGE ( 'NONE', *, *, #630, .F. ) ;
#1492 = CARTESIAN_POINT ( 'NONE',  ( -19.47434209415045103, 1.000000000000000000, 0.000000000000000000 ) ) ;
#1493 = ORIENTED_EDGE ( 'NONE', *, *, #1914, .T. ) ;
#1494 = CARTESIAN_POINT ( 'NONE',  ( -6.667518262028885090, 7.951364793248434815, 30.36118614105075508 ) ) ;
#1495 = CARTESIAN_POINT ( 'NONE',  ( 0.000000000000000000, 0.000000000000000000, 44.50000000000000000 ) ) ;
#1496 = CARTESIAN_POINT ( 'NONE',  ( 18.89087255236260887, 6.575474589591417285, 9.457776071718978272 ) ) ;
#1497 = EDGE_CURVE ( 'NONE', #4309, #3848, #770, .T. ) ;
#1498 = ORIENTED_EDGE ( 'NONE', *, *, #1717, .T. ) ;
#1499 = TOROIDAL_SURFACE ( 'NONE', #940, 19.50000000000000000, 0.5000000000000000000 ) ;
#1500 = ORIENTED_EDGE ( 'NONE', *, *, #1954, .F. ) ;
#1501 = CIRCLE ( 'NONE', #3934, 0.5000000000000004441 ) ;
#1502 = CARTESIAN_POINT ( 'NONE',  ( 0.000000000000000000, 0.000000000000000000, 45.00000000000000000 ) ) ;
#1503 = CARTESIAN_POINT ( 'NONE',  ( -19.97498435543818118, -0.9999999999999997780, 0.3678567463168394558 ) ) ;
#1504 = CARTESIAN_POINT ( 'NONE',  ( 9.906204152180514200, -1.378172026904575631, 29.98263409391293877 ) ) ;
#1505 = VECTOR ( 'NONE', #1293, 1000.000000000000000 ) ;
#1506 = CARTESIAN_POINT ( 'NONE',  ( -6.365914964192220360, -8.350157284067988073, 45.00000000000000000 ) ) ;
#1507 = CIRCLE ( 'NONE', #2614, 20.00000000000000000 ) ;
#1508 = CARTESIAN_POINT ( 'NONE',  ( 0.000000000000000000, 0.000000000000000000, 29.50000000000000000 ) ) ;
#1509 = CARTESIAN_POINT ( 'NONE',  ( 10.95657611213557203, 16.73266369837978473, 9.135445709905132716 ) ) ;
#1510 = ORIENTED_EDGE ( 'NONE', *, *, #4104, .F. ) ;
#1511 = EDGE_CURVE ( 'NONE', #3388, #545, #3624, .T. ) ;
#1512 = CARTESIAN_POINT ( 'NONE',  ( -3.548490851502431820, 9.688122719355957813, 44.50000000000000000 ) ) ;
#1513 = EDGE_LOOP ( 'NONE', ( #3100, #632, #1924, #2426 ) ) ;
#1514 = EDGE_LOOP ( 'NONE', ( #2381, #2691, #3060, #2862 ) ) ;
#1515 = CARTESIAN_POINT ( 'NONE',  ( 10.21984303779784398, -1.798557798942732378, 30.43398468060183149 ) ) ;
#1516 = EDGE_LOOP ( 'NONE', ( #3241, #3673, #1970, #652 ) ) ;
#1517 = DIRECTION ( 'NONE',  ( 0.000000000000000000, -0.000000000000000000, -1.000000000000000000 ) ) ;
#1518 = DIRECTION ( 'NONE',  ( 1.000000000000000000, 0.000000000000000000, -0.000000000000000000 ) ) ;
#1519 = VERTEX_POINT ( 'NONE', #640 ) ;
#1520 = ADVANCED_FACE ( 'NONE', ( #2922 ), #1259, .F. ) ;
#1521 = VERTEX_POINT ( 'NONE', #1626 ) ;
#1522 = CIRCLE ( 'NONE', #624, 10.00000000000000000 ) ;
#1523 = CARTESIAN_POINT ( 'NONE',  ( -1.497559002500953973, 19.94670602150128147, 30.28802626303011891 ) ) ;
#1524 = CARTESIAN_POINT ( 'NONE',  ( -12.84679560678711319, -15.32877752400542093, 6.216248244786124921 ) ) ;
#1525 = CARTESIAN_POINT ( 'NONE',  ( 9.864309205257832502, -1.644221278652925555, 29.70492520632995692 ) ) ;
#1526 = FACE_OUTER_BOUND ( 'NONE', #173, .T. ) ;
#1527 = CIRCLE ( 'NONE', #2353, 2.499999999999995115 ) ;
#1528 = TOROIDAL_SURFACE ( 'NONE', #1105, 19.50000000000000000, 0.5000000000000000000 ) ;
#1529 = CARTESIAN_POINT ( 'NONE',  ( 17.49826198623418350, -7.956695993255800126, 30.50000000000000000 ) ) ;
#1530 = DIRECTION ( 'NONE',  ( 1.000000000000000000, 0.000000000000000000, 0.000000000000000000 ) ) ;
#1531 = CIRCLE ( 'NONE', #2987, 0.5000000000000000000 ) ;
#1532 = EDGE_LOOP ( 'NONE', ( #3233, #3282, #4139, #100 ) ) ;
#1533 = CIRCLE ( 'NONE', #4183, 0.5000000000000002220 ) ;
#1534 = SPHERICAL_SURFACE ( 'NONE', #3588, 0.5000000000000000000 ) ;
#1535 = EDGE_CURVE ( 'NONE', #2233, #1051, #846, .T. ) ;
#1536 = AXIS2_PLACEMENT_3D ( 'NONE', #3089, #2060, #132 ) ;
#1537 = CARTESIAN_POINT ( 'NONE',  ( 17.92027535737621946, -7.688545448640769386, 44.50000000000000000 ) ) ;
#1538 = VERTEX_POINT ( 'NONE', #3027 ) ;
#1539 = CARTESIAN_POINT ( 'NONE',  ( 15.95259147428925317, 12.08541098661428492, 3.232250301902689138 ) ) ;
#1540 = CARTESIAN_POINT ( 'NONE',  ( -6.730548483847716312, 7.923490269082622106, 30.22933296035487061 ) ) ;
#1541 = CARTESIAN_POINT ( 'NONE',  ( -19.97498435543817763, 1.000000000000000000, 0.5000000000000143219 ) ) ;
#1542 = CARTESIAN_POINT ( 'NONE',  ( -15.67490130661011705, 11.15145393052649858, 30.32535541373059829 ) ) ;
#1543 = ORIENTED_EDGE ( 'NONE', *, *, #1042, .T. ) ;
#1544 = VERTEX_POINT ( 'NONE', #2020 ) ;
#1545 = EDGE_CURVE ( 'NONE', #4177, #2402, #1598, .T. ) ;
#1546 = CARTESIAN_POINT ( 'NONE',  ( -1.834009412072156175, 19.14393054815212381, 30.35569846831140239 ) ) ;
#1547 = DIRECTION ( 'NONE',  ( -0.000000000000000000, -0.000000000000000000, -1.000000000000000000 ) ) ;
#1548 = SURFACE_STYLE_FILL_AREA ( #1175 ) ;
#1549 = LINE ( 'NONE', #575, #3383 ) ;
#1550 = AXIS2_PLACEMENT_3D ( 'NONE', #339, #1652, #3013 ) ;
#1551 = ADVANCED_FACE ( 'NONE', ( #1729 ), #2436, .T. ) ;
#1552 = CARTESIAN_POINT ( 'NONE',  ( 18.00627926938192402, -8.756209837037461696, 30.52410051627757070 ) ) ;
#1553 = CARTESIAN_POINT ( 'NONE',  ( 11.01883715982959444, 16.69108616783672261, 5.739715535672720748 ) ) ;
#1554 = AXIS2_PLACEMENT_3D ( 'NONE', #1213, #4225, #1518 ) ;
#1555 = ORIENTED_EDGE ( 'NONE', *, *, #3649, .T. ) ;
#1556 = ADVANCED_FACE ( 'NONE', ( #70, #3441, #1709 ), #416, .T. ) ;
#1557 = DIRECTION ( 'NONE',  ( 0.04243699620847321552, -0.9990991449064512420, 0.000000000000000000 ) ) ;
#1558 = CARTESIAN_POINT ( 'NONE',  ( -6.667518262028886866, 7.951364793248434815, 44.50000000000000000 ) ) ;
#1559 = ORIENTED_EDGE ( 'NONE', *, *, #3711, .F. ) ;
#1560 = LINE ( 'NONE', #1227, #2397 ) ;
#1561 = CARTESIAN_POINT ( 'NONE',  ( -7.151279887886931697, 7.688250513940342756, 29.99999999999996803 ) ) ;
#1562 = DIRECTION ( 'NONE',  ( 0.000000000000000000, -0.000000000000000000, -1.000000000000000000 ) ) ;
#1563 = PLANE ( 'NONE',  #1554 ) ;
#1564 = EDGE_LOOP ( 'NONE', ( #3155, #2300, #1361, #4144, #711, #904, #3480, #3824, #633, #3918, #4114, #2188, #2494, #3386, #4284, #3785, #588 ) ) ;
#1565 = ORIENTED_EDGE ( 'NONE', *, *, #3709, .F. ) ;
#1566 = CARTESIAN_POINT ( 'NONE',  ( 0.000000000000000000, 0.000000000000000000, 44.50000000000000000 ) ) ;
#1567 = DIRECTION ( 'NONE',  ( 1.000000000000000000, 0.000000000000000000, 0.000000000000000000 ) ) ;
#1568 = CARTESIAN_POINT ( 'NONE',  ( 17.92027535737621591, 7.688545448640776492, 45.00000000000000000 ) ) ;
#1569 = CARTESIAN_POINT ( 'NONE',  ( -2.301662002013972419, -19.36368642662045403, 44.50000000000000000 ) ) ;
#1570 = CIRCLE ( 'NONE', #598, 0.5000000000000004441 ) ;
#1571 = FACE_OUTER_BOUND ( 'NONE', #917, .T. ) ;
#1572 = CARTESIAN_POINT ( 'NONE',  ( 10.72878364659622186, 16.87883951236625180, 8.340441240740771534 ) ) ;
#1573 = ORIENTED_EDGE ( 'NONE', *, *, #1133, .T. ) ;
#1574 = CARTESIAN_POINT ( 'NONE',  ( 15.00000000000000000, 6.000000000000001776, 5.000000000000004441 ) ) ;
#1575 = DIRECTION ( 'NONE',  ( 1.000000000000000000, 0.000000000000000000, 0.000000000000000000 ) ) ;
#1576 = ORIENTED_EDGE ( 'NONE', *, *, #1329, .T. ) ;
#1577 = CARTESIAN_POINT ( 'NONE',  ( -6.365914964192232794, 8.350157284067979191, 44.50000000000000000 ) ) ;
#1578 = CARTESIAN_POINT ( 'NONE',  ( 17.48806943690365401, -8.078617354742220869, 30.22963429313228190 ) ) ;
#1579 = EDGE_CURVE ( 'NONE', #3324, #3633, #3560, .T. ) ;
#1580 = VERTEX_POINT ( 'NONE', #2037 ) ;
#1581 = ORIENTED_EDGE ( 'NONE', *, *, #999, .T. ) ;
#1582 = CARTESIAN_POINT ( 'NONE',  ( -9.949874371066197654, 1.000000000000000000, 1.999999999999994893 ) ) ;
#1583 = EDGE_CURVE ( 'NONE', #4025, #1989, #3344, .T. ) ;
#1584 = CARTESIAN_POINT ( 'NONE',  ( -16.52557463518938619, -11.27027715058219393, 30.28802626302986667 ) ) ;
#1585 = DIRECTION ( 'NONE',  ( 0.000000000000000000, 0.000000000000000000, 1.000000000000000000 ) ) ;
#1586 = CARTESIAN_POINT ( 'NONE',  ( -4.048490851502434040, -9.688122719355961365, 45.00000000000000000 ) ) ;
#1587 = DIRECTION ( 'NONE',  ( 1.000000000000000000, -0.000000000000000000, -0.000000000000000000 ) ) ;
#1588 = AXIS2_PLACEMENT_3D ( 'NONE', #3786, #542, #3812 ) ;
#1589 = CARTESIAN_POINT ( 'NONE',  ( 17.98871849014530611, -8.742182265661076812, 29.52113886287803268 ) ) ;
#1590 = ORIENTED_EDGE ( 'NONE', *, *, #1394, .F. ) ;
#1591 = DIRECTION ( 'NONE',  ( -1.000000000000000000, 0.000000000000000000, 0.000000000000000000 ) ) ;
#1592 = EDGE_CURVE ( 'NONE', #3715, #432, #3690, .T. ) ;
#1593 = CARTESIAN_POINT ( 'NONE',  ( 15.00000000000000000, 13.22875655532295269, 3.150000000000001688 ) ) ;
#1594 = CYLINDRICAL_SURFACE ( 'NONE', #1690, 2.499999999999995115 ) ;
#1595 = EDGE_LOOP ( 'NONE', ( #1840, #1720, #794, #1441, #2245, #2472 ) ) ;
#1596 = FACE_OUTER_BOUND ( 'NONE', #817, .T. ) ;
#1597 = CARTESIAN_POINT ( 'NONE',  ( 0.000000000000000000, 0.000000000000000000, 0.000000000000000000 ) ) ;
#1598 = CIRCLE ( 'NONE', #1322, 15.49999999999999645 ) ;
#1599 = CARTESIAN_POINT ( 'NONE',  ( -15.00000000000000000, 21.00000000000000000, 7.500000000000000000 ) ) ;
#1600 = VERTEX_POINT ( 'NONE', #439 ) ;
#1601 = VERTEX_POINT ( 'NONE', #3682 ) ;
#1602 = EDGE_LOOP ( 'NONE', ( #4270, #3270, #1013, #2277 ) ) ;
#1603 = EDGE_CURVE ( 'NONE', #3811, #1661, #50, .T. ) ;
#1604 = LINE ( 'NONE', #2955, #2746 ) ;
#1605 = CARTESIAN_POINT ( 'NONE',  ( -15.63983187407382047, -11.17559140640176629, 30.42786831359699917 ) ) ;
#1606 = FACE_OUTER_BOUND ( 'NONE', #2210, .T. ) ;
#1607 = DIRECTION ( 'NONE',  ( -0.000000000000000000, -0.000000000000000000, 1.000000000000000000 ) ) ;
#1608 = FACE_OUTER_BOUND ( 'NONE', #3150, .T. ) ;
#1609 = LINE ( 'NONE', #1260, #1438 ) ;
#1610 = DIRECTION ( 'NONE',  ( 1.000000000000000000, 0.000000000000000000, -1.387778780781445676E-14 ) ) ;
#1611 = DIRECTION ( 'NONE',  ( -0.000000000000000000, -0.000000000000000000, -1.000000000000000000 ) ) ;
#1612 = CARTESIAN_POINT ( 'NONE',  ( -2.177050769120835838, -19.88129010838015986, 29.95650451122111946 ) ) ;
#1613 = VERTEX_POINT ( 'NONE', #1772 ) ;
#1614 = CARTESIAN_POINT ( 'NONE',  ( 12.61342565655288794, -15.52111020297909505, 8.269479171057227518 ) ) ;
#1615 = CARTESIAN_POINT ( 'NONE',  ( 17.85684116069385752, 9.034828834709552225, 10.80669445126836159 ) ) ;
#1616 = ORIENTED_EDGE ( 'NONE', *, *, #3174, .T. ) ;
#1617 = ORIENTED_EDGE ( 'NONE', *, *, #3962, .F. ) ;
#1618 = ORIENTED_EDGE ( 'NONE', *, *, #4230, .T. ) ;
#1619 = CARTESIAN_POINT ( 'NONE',  ( 9.949874371066199430, -0.9999999999999978906, 20.00000000000000000 ) ) ;
#1620 = CARTESIAN_POINT ( 'NONE',  ( -2.350659827429033566, 19.86138907685707622, 30.35374459231891109 ) ) ;
#1621 = DIRECTION ( 'NONE',  ( -0.3942843819815777251, -0.9189884798654471831, 1.594190890174829142E-15 ) ) ;
#1622 = EDGE_CURVE ( 'NONE', #3469, #3869, #1392, .T. ) ;
#1623 = CARTESIAN_POINT ( 'NONE',  ( -2.935790773131089271, -9.559347913764744575, 29.50000000000000000 ) ) ;
#1624 = CARTESIAN_POINT ( 'NONE',  ( 19.07878402833890874, 6.000000000000001776, 45.00000000000000000 ) ) ;
#1625 = CIRCLE ( 'NONE', #2187, 11.99999999999996980 ) ;
#1626 = CARTESIAN_POINT ( 'NONE',  ( -16.11861335536224615, 11.67514097797966244, 30.50000000000000000 ) ) ;
#1627 = CARTESIAN_POINT ( 'NONE',  ( -4.048490851502429599, -9.688122719355963142, 44.50000000000000000 ) ) ;
#1628 = EDGE_CURVE ( 'NONE', #2597, #3939, #3488, .T. ) ;
#1629 = AXIS2_PLACEMENT_3D ( 'NONE', #3628, #2989, #685 ) ;
#1630 = DIRECTION ( 'NONE',  ( 0.000000000000000000, -1.000000000000000000, -2.775557561562891351E-14 ) ) ;
#1631 = EDGE_CURVE ( 'NONE', #786, #1938, #4121, .T. ) ;
#1632 = CARTESIAN_POINT ( 'NONE',  ( -1.714412111509452830, 19.19994937405275692, 30.19628807133547355 ) ) ;
#1633 = LINE ( 'NONE', #3319, #880 ) ;
#1634 = AXIS2_PLACEMENT_3D ( 'NONE', #1636, #2973, #3300 ) ;
#1635 = DIRECTION ( 'NONE',  ( -0.000000000000000000, -0.000000000000000000, -1.000000000000000000 ) ) ;
#1636 = CARTESIAN_POINT ( 'NONE',  ( -3.175010316887203032, 11.72751850796005968, 30.50000000000000000 ) ) ;
#1637 = ORIENTED_EDGE ( 'NONE', *, *, #3951, .F. ) ;
#1638 = ORIENTED_EDGE ( 'NONE', *, *, #2315, .T. ) ;
#1639 = VERTEX_POINT ( 'NONE', #2386 ) ;
#1640 = PLANE ( 'NONE',  #1220 ) ;
#1641 = ADVANCED_FACE ( 'NONE', ( #2789 ), #3746, .T. ) ;
#1642 = CYLINDRICAL_SURFACE ( 'NONE', #3748, 0.4999999999999987232 ) ;
#1643 = DIRECTION ( 'NONE',  ( -0.000000000000000000, -0.000000000000000000, -1.000000000000000000 ) ) ;
#1644 = DIRECTION ( 'NONE',  ( 0.000000000000000000, -1.000000000000000000, 0.000000000000000000 ) ) ;
#1645 = ADVANCED_FACE ( 'NONE', ( #4077 ), #2083, .T. ) ;
#1646 = CARTESIAN_POINT ( 'NONE',  ( -3.505398475335384845, -9.373170526738347164, 30.41968304441552462 ) ) ;
#1647 = VECTOR ( 'NONE', #3007, 1000.000000000000000 ) ;
#1648 = DIRECTION ( 'NONE',  ( -0.000000000000000000, -0.000000000000000000, -1.000000000000000000 ) ) ;
#1649 = CARTESIAN_POINT ( 'NONE',  ( 0.000000000000000000, 0.000000000000000000, 44.50000000000000000 ) ) ;
#1650 = CARTESIAN_POINT ( 'NONE',  ( -18.67136691059923237, 7.175095090502258799, 5.156318841335026271 ) ) ;
#1651 = AXIS2_PLACEMENT_3D ( 'NONE', #720, #457, #414 ) ;
#1652 = DIRECTION ( 'NONE',  ( -0.000000000000000000, -0.000000000000000000, -1.000000000000000000 ) ) ;
#1653 = CARTESIAN_POINT ( 'NONE',  ( -1.858430132767706189, -19.13228739878225682, 30.50000000000000000 ) ) ;
#1654 = CIRCLE ( 'NONE', #1651, 15.49999999999999289 ) ;
#1655 = DIRECTION ( 'NONE',  ( -0.000000000000000000, -1.000000000000000000, 0.000000000000000000 ) ) ;
#1656 = CIRCLE ( 'NONE', #1312, 4.349999999999996092 ) ;
#1657 = AXIS2_PLACEMENT_3D ( 'NONE', #921, #3246, #2918 ) ;
#1658 = CARTESIAN_POINT ( 'NONE',  ( 15.00000000000000000, 13.22875655532295269, 11.84999999999999787 ) ) ;
#1659 = ORIENTED_EDGE ( 'NONE', *, *, #3915, .T. ) ;
#1660 = VERTEX_POINT ( 'NONE', #2413 ) ;
#1661 = VERTEX_POINT ( 'NONE', #1125 ) ;
#1662 = ORIENTED_EDGE ( 'NONE', *, *, #4201, .F. ) ;
#1663 = DIRECTION ( 'NONE',  ( -0.000000000000000000, -0.000000000000000000, 1.000000000000000000 ) ) ;
#1664 = DIRECTION ( 'NONE',  ( 1.000000000000000000, 0.000000000000000000, 0.000000000000000000 ) ) ;
#1665 = LINE ( 'NONE', #3945, #2638 ) ;
#1666 = FACE_OUTER_BOUND ( 'NONE', #3132, .T. ) ;
#1667 = CARTESIAN_POINT ( 'NONE',  ( 0.8052051646772331317, 9.968695352314668412, 22.37247294138756715 ) ) ;
#1668 = FACE_OUTER_BOUND ( 'NONE', #2730, .T. ) ;
#1669 = FACE_OUTER_BOUND ( 'NONE', #2411, .T. ) ;
#1670 = DIRECTION ( 'NONE',  ( 1.000000000000000000, 0.000000000000000000, 0.000000000000000000 ) ) ;
#1671 = EDGE_CURVE ( 'NONE', #3461, #3898, #1462, .T. ) ;
#1672 = CARTESIAN_POINT ( 'NONE',  ( -1.280851263851907396, -19.95950203085539698, 29.50000001409020101 ) ) ;
#1673 = CIRCLE ( 'NONE', #2090, 20.00000000000000000 ) ;
#1674 = CARTESIAN_POINT ( 'NONE',  ( 10.24071041039652741, -2.210734585021846499, 30.00000000000000000 ) ) ;
#1675 = VECTOR ( 'NONE', #3612, 1000.000000000000000 ) ;
#1676 = CARTESIAN_POINT ( 'NONE',  ( 15.00000000000000000, -0.9999999999999963363, 7.500000000000000000 ) ) ;
#1677 = ORIENTED_EDGE ( 'NONE', *, *, #4179, .T. ) ;
#1678 = ORIENTED_EDGE ( 'NONE', *, *, #4239, .F. ) ;
#1679 = ORIENTED_EDGE ( 'NONE', *, *, #1497, .T. ) ;
#1680 = FACE_OUTER_BOUND ( 'NONE', #613, .T. ) ;
#1681 = ORIENTED_EDGE ( 'NONE', *, *, #156, .T. ) ;
#1682 = CARTESIAN_POINT ( 'NONE',  ( 17.92511506358717455, 8.871981673612582497, 29.50000000000000355 ) ) ;
#1683 = DIRECTION ( 'NONE',  ( -1.000000000000000000, 0.000000000000000000, 0.000000000000000000 ) ) ;
#1684 = CARTESIAN_POINT ( 'NONE',  ( -3.371089615770473724, -9.872366527040101758, 30.09873822900329543 ) ) ;
#1685 = CARTESIAN_POINT ( 'NONE',  ( -19.97498435543817763, 1.000000000000000000, 0.5000000000000143219 ) ) ;
#1686 = CARTESIAN_POINT ( 'NONE',  ( 12.32498968311279341, 11.72751850796005968, 30.00000000000000000 ) ) ;
#1687 = CARTESIAN_POINT ( 'NONE',  ( -3.499781332340118123, 9.368019935333441239, 29.69781025090678384 ) ) ;
#1688 = CARTESIAN_POINT ( 'NONE',  ( -17.85684116069385752, 9.034828834709550449, 4.193305548731636634 ) ) ;
#1689 = DIRECTION ( 'NONE',  ( 0.000000000000000000, 0.000000000000000000, 1.000000000000000000 ) ) ;
#1690 = AXIS2_PLACEMENT_3D ( 'NONE', #1309, #3275, #2004 ) ;
#1691 = TOROIDAL_SURFACE ( 'NONE', #2259, 19.50000000000000000, 0.5000000000000000000 ) ;
#1692 = AXIS2_PLACEMENT_3D ( 'NONE', #4129, #1129, #2459 ) ;
#1693 = DIRECTION ( 'NONE',  ( 0.000000000000000000, 0.000000000000000000, 1.000000000000000000 ) ) ;
#1694 = AXIS2_PLACEMENT_3D ( 'NONE', #607, #2947, #1311 ) ;
#1695 = DIRECTION ( 'NONE',  ( -0.4501924114070102179, -0.8929315722447838111, 0.000000000000000000 ) ) ;
#1696 = CIRCLE ( 'NONE', #4159, 0.5000000000000000000 ) ;
#1697 = MANIFOLD_SOLID_BREP ( 'Fillet1', #353 ) ;
#1698 = ORIENTED_EDGE ( 'NONE', *, *, #725, .F. ) ;
#1699 = CARTESIAN_POINT ( 'NONE',  ( 0.000000000000000000, 0.000000000000000000, 45.00000000000000000 ) ) ;
#1700 = ORIENTED_EDGE ( 'NONE', *, *, #2939, .T. ) ;
#1701 = EDGE_LOOP ( 'NONE', ( #2149, #582, #2295, #3801 ) ) ;
#1702 = DIRECTION ( 'NONE',  ( 1.000000000000000000, -8.881784197001252323E-16, 0.000000000000000000 ) ) ;
#1703 = DIRECTION ( 'NONE',  ( 0.000000000000000000, 0.000000000000000000, -1.000000000000000000 ) ) ;
#1704 = CARTESIAN_POINT ( 'NONE',  ( -6.221720593363508023, -7.829333288417195114, 29.88114345567104380 ) ) ;
#1705 = ADVANCED_FACE ( 'NONE', ( #4194 ), #2175, .F. ) ;
#1706 = CARTESIAN_POINT ( 'NONE',  ( -3.492513542913707525, -9.791915849397518912, 30.24563320106541298 ) ) ;
#1707 = CARTESIAN_POINT ( 'NONE',  ( -15.00000000000000000, 13.22875655532295269, 11.84999999999999787 ) ) ;
#1708 = ADVANCED_FACE ( 'NONE', ( #877 ), #2226, .F. ) ;
#1709 = FACE_BOUND ( 'NONE', #3629, .T. ) ;
#1710 = DIRECTION ( 'NONE',  ( 0.000000000000000000, -0.000000000000000000, 1.000000000000000000 ) ) ;
#1711 = DIRECTION ( 'NONE',  ( 0.000000000000000000, 0.000000000000000000, -1.000000000000000000 ) ) ;
#1712 = CYLINDRICAL_SURFACE ( 'NONE', #1334, 0.5000000000000000000 ) ;
#1713 = ADVANCED_FACE ( 'NONE', ( #2526 ), #4213, .T. ) ;
#1714 = DIRECTION ( 'NONE',  ( -0.000000000000000000, -0.000000000000000000, -1.000000000000000000 ) ) ;
#1715 = AXIS2_PLACEMENT_3D ( 'NONE', #3595, #309, #1567 ) ;
#1716 = CARTESIAN_POINT ( 'NONE',  ( 9.819342072208980809, 1.910669650473189929, 30.04644767681672235 ) ) ;
#1717 = EDGE_CURVE ( 'NONE', #2732, #3409, #3135, .T. ) ;
#1718 = VERTEX_POINT ( 'NONE', #3864 ) ;
#1719 = LINE ( 'NONE', #79, #4249 ) ;
#1720 = ORIENTED_EDGE ( 'NONE', *, *, #3957, .T. ) ;
#1721 = ORIENTED_EDGE ( 'NONE', *, *, #2939, .F. ) ;
#1722 = DIRECTION ( 'NONE',  ( 0.000000000000000000, 0.000000000000000000, 1.000000000000000000 ) ) ;
#1723 = DIRECTION ( 'NONE',  ( -0.2237204567154881807, -0.9746533523499592011, -8.453770256304836541E-16 ) ) ;
#1724 = CARTESIAN_POINT ( 'NONE',  ( 9.746533523499589791, -2.237204567154887691, 29.50000000000000000 ) ) ;
#1725 = CIRCLE ( 'NONE', #2152, 2.499999999999995115 ) ;
#1726 = DIRECTION ( 'NONE',  ( -0.000000000000000000, -0.000000000000000000, -1.000000000000000000 ) ) ;
#1727 = ADVANCED_FACE ( 'NONE', ( #3534 ), #3203, .T. ) ;
#1728 = CARTESIAN_POINT ( 'NONE',  ( -1.420039441004426584, 19.97200019959088380, 30.50000000000000000 ) ) ;
#1729 = FACE_OUTER_BOUND ( 'NONE', #1857, .T. ) ;
#1730 = CYLINDRICAL_SURFACE ( 'NONE', #547, 2.499999999999995115 ) ;
#1731 = CARTESIAN_POINT ( 'NONE',  ( 17.38557567162027340, -9.886595028631200321, 6.745282413272450484 ) ) ;
#1732 = DIRECTION ( 'NONE',  ( -1.000000000000000000, 0.000000000000000000, 0.000000000000000000 ) ) ;
#1733 = ADVANCED_FACE ( 'NONE', ( #899 ), #203, .F. ) ;
#1734 = AXIS2_PLACEMENT_3D ( 'NONE', #3193, #499, #1447 ) ;
#1735 = CARTESIAN_POINT ( 'NONE',  ( 3.993834109689189837, 16.53751342093682553, 45.00000000000000000 ) ) ;
#1736 = CARTESIAN_POINT ( 'NONE',  ( 9.775519587174626324, 2.111000684700556018, 29.98711071652624582 ) ) ;
#1737 = ORIENTED_EDGE ( 'NONE', *, *, #2169, .T. ) ;
#1738 = CARTESIAN_POINT ( 'NONE',  ( -15.00000000000000000, 1.000000000000000888, 7.500000000000000000 ) ) ;
#1739 = VERTEX_POINT ( 'NONE', #1568 ) ;
#1740 = ORIENTED_EDGE ( 'NONE', *, *, #3396, .T. ) ;
#1741 = CARTESIAN_POINT ( 'NONE',  ( -1.423045057985037776, -19.33181537425989660, 30.04328736102058528 ) ) ;
#1742 = CARTESIAN_POINT ( 'NONE',  ( 11.95826074310137699, 1.000000000000000000, 0.000000000000000000 ) ) ;
#1743 = CARTESIAN_POINT ( 'NONE',  ( -6.765695168451237862, -7.364044672864437757, 29.98793979849702396 ) ) ;
#1744 = CIRCLE ( 'NONE', #1203, 4.349999999999996092 ) ;
#1745 = CARTESIAN_POINT ( 'NONE',  ( 9.892280610918376738, 1.466568470884169306, 29.89047147463449150 ) ) ;
#1746 = VERTEX_POINT ( 'NONE', #811 ) ;
#1747 = CARTESIAN_POINT ( 'NONE',  ( -6.146634062174705093, -7.889938437410924266, 29.98263409391293521 ) ) ;
#1748 = DIRECTION ( 'NONE',  ( 1.000000000000000000, 0.000000000000000000, -0.000000000000000000 ) ) ;
#1749 = DIRECTION ( 'NONE',  ( 0.7952530746731174549, -0.6062776156373852476, -0.000000000000000000 ) ) ;
#1750 = CARTESIAN_POINT ( 'NONE',  ( -3.548490851502432708, 9.688122719355957813, 30.50000000000000000 ) ) ;
#1751 = CARTESIAN_POINT ( 'NONE',  ( -16.40620330435805840, -11.43924109457464766, 29.60703017504063794 ) ) ;
#1752 = ORIENTED_EDGE ( 'NONE', *, *, #1258, .F. ) ;
#1753 = EDGE_CURVE ( 'NONE', #1989, #1972, #2389, .T. ) ;
#1754 = CARTESIAN_POINT ( 'NONE',  ( 17.41216565877325451, 8.778752022436748348, 29.50000000000000000 ) ) ;
#1755 = EDGE_CURVE ( 'NONE', #646, #779, #488, .T. ) ;
#1756 = CARTESIAN_POINT ( 'NONE',  ( -16.31882379280198592, 4.809994912976760517, 44.50000000000000000 ) ) ;
#1757 = ORIENTED_EDGE ( 'NONE', *, *, #1755, .T. ) ;
#1758 = CARTESIAN_POINT ( 'NONE',  ( -16.31882379280198236, -4.809994912976777393, 45.00000000000000000 ) ) ;
#1759 = ORIENTED_EDGE ( 'NONE', *, *, #2948, .F. ) ;
#1760 = ORIENTED_EDGE ( 'NONE', *, *, #597, .T. ) ;
#1761 = AXIS2_PLACEMENT_3D ( 'NONE', #960, #3622, #677 ) ;
#1762 = CARTESIAN_POINT ( 'NONE',  ( 10.22961040779084563, -1.913364871393748112, 30.19057172913558063 ) ) ;
#1763 = ORIENTED_EDGE ( 'NONE', *, *, #842, .T. ) ;
#1764 = CARTESIAN_POINT ( 'NONE',  ( -10.65041569003757616, 16.92833854388360848, 7.321195075413806208 ) ) ;
#1765 = CARTESIAN_POINT ( 'NONE',  ( -6.624173550583241976, -7.492272204518891421, 29.52564138725357523 ) ) ;
#1766 = EDGE_CURVE ( 'NONE', #4007, #432, #2653, .T. ) ;
#1767 = CARTESIAN_POINT ( 'NONE',  ( 18.30622767842598719, 8.055263782802802197, 29.95650451122083879 ) ) ;
#1768 = ORIENTED_EDGE ( 'NONE', *, *, #1853, .F. ) ;
#1769 = ADVANCED_FACE ( 'NONE', ( #1606 ), #3970, .F. ) ;
#1770 = CARTESIAN_POINT ( 'NONE',  ( 2.500000000000000444, 15.00000000000000000, -3.061616997868383634E-16 ) ) ;
#1771 = CARTESIAN_POINT ( 'NONE',  ( -12.50033630014392649, -15.61222574026504262, 7.701448978632719822 ) ) ;
#1772 = CARTESIAN_POINT ( 'NONE',  ( 10.23386019967456839, 2.349064795512637360, 30.00000000000000000 ) ) ;
#1773 = EDGE_CURVE ( 'NONE', #696, #3898, #3123, .T. ) ;
#1774 = CARTESIAN_POINT ( 'NONE',  ( -6.355687501729005540, 7.720963356039767689, 29.70535662644472197 ) ) ;
#1775 = CARTESIAN_POINT ( 'NONE',  ( 15.71805623267651519, -12.36892935733193788, 5.101154334331065243 ) ) ;
#1776 = CARTESIAN_POINT ( 'NONE',  ( -4.048490851502434040, -9.688122719355966694, 45.00000000000000000 ) ) ;
#1777 = EDGE_LOOP ( 'NONE', ( #4047, #17, #2601, #3494 ) ) ;
#1778 = EDGE_CURVE ( 'NONE', #1600, #3349, #283, .T. ) ;
#1779 = AXIS2_PLACEMENT_3D ( 'NONE', #1980, #2310, #1960 ) ;
#1780 = CARTESIAN_POINT ( 'NONE',  ( -15.79738008367692004, 11.06579607119145692, 30.17363815488265288 ) ) ;
#1781 = CARTESIAN_POINT ( 'NONE',  ( 9.901567796636916441, 1.400534196632427841, 29.99126639909478698 ) ) ;
#1782 = B_SPLINE_CURVE_WITH_KNOTS ( 'NONE', 3,
 ( #2605, #1, #1321, #2282, #919, #3901, #3618, #3556, #2237, #1620, #2566, #2255 ),
 .UNSPECIFIED., .F., .F.,
 ( 4, 2, 2, 2, 2, 4 ),
 ( 0.000000000000000000, 0.0004421220274960713172, 0.0008842440549921426344, 0.001326366082488214439, 0.001547427096236250830, 0.001768488109984286787 ),
 .UNSPECIFIED. ) ;
#1783 = ORIENTED_EDGE ( 'NONE', *, *, #3730, .F. ) ;
#1784 = CARTESIAN_POINT ( 'NONE',  ( -16.82539360238151005, -10.81399138128354842, 5.784397502294742033 ) ) ;
#1785 = ORIENTED_EDGE ( 'NONE', *, *, #4039, .F. ) ;
#1786 = CARTESIAN_POINT ( 'NONE',  ( 18.54882891976962611, 7.486887656446688410, 4.975518287272027607 ) ) ;
#1787 = AXIS2_PLACEMENT_3D ( 'NONE', #1056, #3677, #736 ) ;
#1788 = ORIENTED_EDGE ( 'NONE', *, *, #1998, .T. ) ;
#1789 = CARTESIAN_POINT ( 'NONE',  ( -11.22964908512211224, 16.55063444986275911, 9.693168894522761647 ) ) ;
#1790 = DIRECTION ( 'NONE',  ( 0.000000000000000000, 0.000000000000000000, -1.000000000000000000 ) ) ;
#1791 = ADVANCED_FACE ( 'NONE', ( #4296 ), #1528, .T. ) ;
#1792 = ORIENTED_EDGE ( 'NONE', *, *, #3373, .T. ) ;
#1793 = ORIENTED_EDGE ( 'NONE', *, *, #1922, .T. ) ;
#1794 = CIRCLE ( 'NONE', #558, 19.50000000000000000 ) ;
#1795 = CARTESIAN_POINT ( 'NONE',  ( -12.94872687174400205, -15.24307104155970727, 8.939546839780749821 ) ) ;
#1796 = AXIS2_PLACEMENT_3D ( 'NONE', #65, #2034, #1019 ) ;
#1797 = CIRCLE ( 'NONE', #2641, 0.5000000000000004441 ) ;
#1798 = CARTESIAN_POINT ( 'NONE',  ( 0.000000000000000000, 0.000000000000000000, 20.00000000000000000 ) ) ;
#1799 = DIRECTION ( 'NONE',  ( 1.000000000000000000, 0.000000000000000000, 0.000000000000000000 ) ) ;
#1800 = DIRECTION ( 'NONE',  ( 1.000000000000000000, 0.000000000000000000, 0.000000000000000000 ) ) ;
#1801 = CARTESIAN_POINT ( 'NONE',  ( 17.92027535737621946, -7.688545448640769386, 44.50000000000000000 ) ) ;
#1802 = CARTESIAN_POINT ( 'NONE',  ( -15.61861335536224615, 11.67514097797966421, 30.50000000000000000 ) ) ;
#1803 = PRESENTATION_LAYER_ASSIGNMENT (  '', '', ( #3759 ) ) ;
#1804 = ORIENTED_EDGE ( 'NONE', *, *, #2141, .T. ) ;
#1805 = CARTESIAN_POINT ( 'NONE',  ( 19.92068266308154989, -0.9999999999999972244, 0.2386648427249309923 ) ) ;
#1806 = EDGE_CURVE ( 'NONE', #3572, #3761, #3993, .T. ) ;
#1807 = DIRECTION ( 'NONE',  ( 0.000000000000000000, -0.000000000000000000, 1.000000000000000000 ) ) ;
#1808 = ORIENTED_EDGE ( 'NONE', *, *, #3692, .F. ) ;
#1809 = CARTESIAN_POINT ( 'NONE',  ( 0.000000000000000000, 0.000000000000000000, 0.000000000000000000 ) ) ;
#1810 = EDGE_LOOP ( 'NONE', ( #192, #1949, #3839, #1054 ) ) ;
#1811 = CARTESIAN_POINT ( 'NONE',  ( 13.66685616075268861, -14.60309584660067195, 5.379751392634390506 ) ) ;
#1812 = VERTEX_POINT ( 'NONE', #998 ) ;
#1813 = CARTESIAN_POINT ( 'NONE',  ( -13.13974637571741333, 15.08121267954649447, 11.44143308148997740 ) ) ;
#1814 = DIRECTION ( 'NONE',  ( -1.000000000000000000, 0.000000000000000000, 0.000000000000000000 ) ) ;
#1815 = CARTESIAN_POINT ( 'NONE',  ( 18.03658925182076800, 8.667361463098155028, 30.48448322836466318 ) ) ;
#1816 = ORIENTED_EDGE ( 'NONE', *, *, #1535, .F. ) ;
#1817 = ORIENTED_EDGE ( 'NONE', *, *, #1027, .T. ) ;
#1818 = CARTESIAN_POINT ( 'NONE',  ( -1.529811247746267755, 19.94888643036422948, 30.42667927004841033 ) ) ;
#1819 = EDGE_CURVE ( 'NONE', #3964, #4222, #2072, .T. ) ;
#1820 = CARTESIAN_POINT ( 'NONE',  ( 17.92027535737621946, -7.688545448640770275, 44.50000000000000000 ) ) ;
#1821 = DIRECTION ( 'NONE',  ( 0.000000000000000000, 0.000000000000000000, 1.000000000000000000 ) ) ;
#1822 = CYLINDRICAL_SURFACE ( 'NONE', #2481, 4.349999999999996092 ) ;
#1823 = VECTOR ( 'NONE', #3206, 1000.000000000000000 ) ;
#1824 = CARTESIAN_POINT ( 'NONE',  ( -3.552324774695908793, -9.749922591737902877, 44.50000000000000000 ) ) ;
#1825 = CARTESIAN_POINT ( 'NONE',  ( 13.85254938835506344, 14.42952075296977021, 3.296661792570379390 ) ) ;
#1826 = ORIENTED_EDGE ( 'NONE', *, *, #67, .T. ) ;
#1827 = CARTESIAN_POINT ( 'NONE',  ( -16.01909061087022934, 11.97450358055559505, 30.35322161781124706 ) ) ;
#1828 =( BOUNDED_SURFACE ( )  B_SPLINE_SURFACE ( 3, 2, ( 
 ( #372, #1077, #1037 ),
 ( #3024, #1743, #3084 ),
 ( #104, #1057, #1765 ),
 ( #4013, #3718, #2341 ),
 ( #1428, #411, #2759 ),
 ( #3392, #2367, #1704 ),
 ( #1142, #1169, #3787 ),
 ( #500, #4141, #3548 ),
 ( #2451, #4207, #2190 ),
 ( #1211, #803, #1192 ) ),
 .UNSPECIFIED., .F., .F., .F. ) 
 B_SPLINE_SURFACE_WITH_KNOTS ( ( 4, 2, 2, 2, 4 ),
 ( 3, 3 ),
 ( 0.0003419348355350088119, 0.0007380274558107702450, 0.001134120076086531570, 0.001530212696362292894, 0.001926305316638054436 ),
 ( 0.000000000000000000, 1.000000000000000000 ),
 .UNSPECIFIED. ) 
 GEOMETRIC_REPRESENTATION_ITEM ( )  RATIONAL_B_SPLINE_SURFACE ( (
 ( 1.000000000000000000, 0.7071067811865479058, 1.000000000000000000),
 ( 1.000000000000000000, 0.7157384325457857299, 1.000000000000000000),
 ( 1.000000000000000000, 0.7257347012318666746, 1.000000000000000000),
 ( 1.000000000000000000, 0.7461798750570134420, 1.000000000000000000),
 ( 1.000000000000000000, 0.7565292033693054030, 1.000000000000000000),
 ( 1.000000000000000000, 0.7747462957291144647, 1.000000000000000000),
 ( 1.000000000000000000, 0.7826431551079802151, 1.000000000000000000),
 ( 1.000000000000000000, 0.7934447327784936999, 1.000000000000000000),
 ( 1.000000000000000000, 0.7964638512165675976, 1.000000000000000000),
 ( 1.000000000000000000, 0.7964205083999439383, 1.000000000000000000) ) ) 
 REPRESENTATION_ITEM ( '' )  SURFACE ( )  );
#1829 = DIRECTION ( 'NONE',  ( -0.000000000000000000, -0.000000000000000000, 1.000000000000000000 ) ) ;
#1830 = ORIENTED_EDGE ( 'NONE', *, *, #204, .T. ) ;
#1831 = ORIENTED_EDGE ( 'NONE', *, *, #887, .F. ) ;
#1832 = DIRECTION ( 'NONE',  ( 0.000000000000000000, -1.000000000000000000, 0.000000000000000000 ) ) ;
#1833 = CIRCLE ( 'NONE', #2391, 10.00000000000000000 ) ;
#1834 = ORIENTED_EDGE ( 'NONE', *, *, #3549, .T. ) ;
#1835 = DIRECTION ( 'NONE',  ( -0.000000000000000000, -0.000000000000000000, 1.000000000000000000 ) ) ;
#1836 = CARTESIAN_POINT ( 'NONE',  ( -19.97498435543818118, 1.000000000000000000, 20.00000000000000000 ) ) ;
#1837 = CARTESIAN_POINT ( 'NONE',  ( -16.40705637453451260, 11.43801218616333770, 29.60645437640761557 ) ) ;
#1838 = EDGE_LOOP ( 'NONE', ( #1543, #924, #2052, #932, #4106, #1016 ) ) ;
#1839 = AXIS2_PLACEMENT_3D ( 'NONE', #4142, #1429, #2078 ) ;
#1840 = ORIENTED_EDGE ( 'NONE', *, *, #746, .T. ) ;
#1841 = CIRCLE ( 'NONE', #388, 15.49999999999999467 ) ;
#1842 = DIRECTION ( 'NONE',  ( 1.000000000000000000, 0.000000000000000000, 0.000000000000000000 ) ) ;
#1843 = DIRECTION ( 'NONE',  ( -0.000000000000000000, -0.000000000000000000, -1.000000000000000000 ) ) ;
#1844 = CARTESIAN_POINT ( 'NONE',  ( -4.048490851502435817, 9.688122719355959589, 44.50000000000000000 ) ) ;
#1845 = CIRCLE ( 'NONE', #1694, 2.499999999999995115 ) ;
#1846 = CARTESIAN_POINT ( 'NONE',  ( -6.667518262028886866, 7.951364793248434815, 30.50000000000000000 ) ) ;
#1847 = CIRCLE ( 'NONE', #115, 15.49999999999998934 ) ;
#1848 = EDGE_CURVE ( 'NONE', #1181, #2912, #1665, .T. ) ;
#1849 = FACE_OUTER_BOUND ( 'NONE', #2434, .T. ) ;
#1850 = FACE_OUTER_BOUND ( 'NONE', #2931, .T. ) ;
#1851 = ORIENTED_EDGE ( 'NONE', *, *, #334, .T. ) ;
#1852 = DIRECTION ( 'NONE',  ( 0.000000000000000000, 0.000000000000000000, 1.000000000000000000 ) ) ;
#1853 = EDGE_CURVE ( 'NONE', #824, #3571, #1350, .T. ) ;
#1854 = FACE_OUTER_BOUND ( 'NONE', #4118, .T. ) ;
#1855 = ORIENTED_EDGE ( 'NONE', *, *, #496, .F. ) ;
#1856 = CARTESIAN_POINT ( 'NONE',  ( 16.78934644972760282, 10.87417898659420601, 3.529295617909812499 ) ) ;
#1857 = EDGE_LOOP ( 'NONE', ( #2012, #1159, #217, #307 ) ) ;
#1858 = DIRECTION ( 'NONE',  ( -1.000000000000000000, 0.000000000000000000, 0.000000000000000000 ) ) ;
#1859 = CARTESIAN_POINT ( 'NONE',  ( 19.73571644218077026, 1.000000000000000000, 0.05405397882978494467 ) ) ;
#1860 = EDGE_CURVE ( 'NONE', #2144, #4145, #616, .T. ) ;
#1861 = CARTESIAN_POINT ( 'NONE',  ( -10.00000000000000000, 0.000000000000000000, 20.00000000000000000 ) ) ;
#1862 = ORIENTED_EDGE ( 'NONE', *, *, #1258, .T. ) ;
#1863 = VERTEX_POINT ( 'NONE', #2305 ) ;
#1864 = CIRCLE ( 'NONE', #2564, 0.5000000000000004441 ) ;
#1865 = CARTESIAN_POINT ( 'NONE',  ( 10.41440581569466062, 1.337965435287983507, 44.50000000000000000 ) ) ;
#1866 = CARTESIAN_POINT ( 'NONE',  ( -19.92050504049311854, -0.9999999999999997780, 0.2383556917091614880 ) ) ;
#1867 = PRESENTATION_STYLE_ASSIGNMENT (( #1888 ) ) ;
#1868 = ADVANCED_FACE ( 'NONE', ( #1256 ), #1385, .T. ) ;
#1869 = DIRECTION ( 'NONE',  ( 1.000000000000000000, 0.000000000000000000, 1.387778780781445676E-14 ) ) ;
#1870 = CIRCLE ( 'NONE', #2635, 2.499999999999995115 ) ;
#1871 = AXIS2_PLACEMENT_3D ( 'NONE', #1323, #1621, #1235 ) ;
#1872 = DIRECTION ( 'NONE',  ( -0.000000000000000000, -0.000000000000000000, -1.000000000000000000 ) ) ;
#1873 = CARTESIAN_POINT ( 'NONE',  ( 10.84246304939861716, 16.80622153552586440, 8.821328487270005070 ) ) ;
#1874 = CIRCLE ( 'NONE', #4110, 20.00000000000000000 ) ;
#1875 = EDGE_LOOP ( 'NONE', ( #235, #1472, #2830, #2529, #1659 ) ) ;
#1876 = CARTESIAN_POINT ( 'NONE',  ( 0.000000000000000000, 0.000000000000000000, 30.00000000000000000 ) ) ;
#1877 =( GEOMETRIC_REPRESENTATION_CONTEXT ( 3 ) GLOBAL_UNCERTAINTY_ASSIGNED_CONTEXT ( ( #1184 ) ) GLOBAL_UNIT_ASSIGNED_CONTEXT ( ( #3224, #246, #2197 ) ) REPRESENTATION_CONTEXT ( 'NONE', 'WORKASPACE' ) );
#1878 = CARTESIAN_POINT ( 'NONE',  ( 0.000000000000000000, 15.00000000000000000, 0.000000000000000000 ) ) ;
#1879 = ORIENTED_EDGE ( 'NONE', *, *, #2551, .T. ) ;
#1880 = CARTESIAN_POINT ( 'NONE',  ( -2.500000000000000444, 11.05347401548735142, 0.6682292728444130248 ) ) ;
#1881 = CARTESIAN_POINT ( 'NONE',  ( -6.062776174883302005, 7.952530732620111564, 30.36750248860084156 ) ) ;
#1882 = DIRECTION ( 'NONE',  ( -1.000000000000000000, 0.000000000000000000, 0.000000000000000000 ) ) ;
#1883 = CARTESIAN_POINT ( 'NONE',  ( -16.30870509434087268, 10.69000178418226454, 30.00000000000000000 ) ) ;
#1884 = ORIENTED_EDGE ( 'NONE', *, *, #3558, .T. ) ;
#1885 = ORIENTED_EDGE ( 'NONE', *, *, #248, .T. ) ;
#1886 = CARTESIAN_POINT ( 'NONE',  ( -15.00000000000000000, 6.000000000000001776, 3.150000000000003464 ) ) ;
#1887 = DIRECTION ( 'NONE',  ( -0.000000000000000000, -0.000000000000000000, -1.000000000000000000 ) ) ;
#1888 = SURFACE_STYLE_USAGE ( .BOTH. , #2879 ) ;
#1889 = DIRECTION ( 'NONE',  ( -1.000000000000000000, -6.071532165918824830E-17, 0.000000000000000000 ) ) ;
#1890 = VECTOR ( 'NONE', #422, 1000.000000000000000 ) ;
#1891 = DIRECTION ( 'NONE',  ( 0.000000000000000000, 1.000000000000000000, -0.000000000000000000 ) ) ;
#1892 = CARTESIAN_POINT ( 'NONE',  ( 12.43589792631720847, 15.66610023296464682, 3.974229850554304999 ) ) ;
#1893 = ORIENTED_EDGE ( 'NONE', *, *, #2511, .F. ) ;
#1894 = DIRECTION ( 'NONE',  ( -0.000000000000000000, -0.000000000000000000, -1.000000000000000000 ) ) ;
#1895 = EDGE_CURVE ( 'NONE', #4309, #1181, #1407, .T. ) ;
#1896 = CARTESIAN_POINT ( 'NONE',  ( 17.48484996505954570, -8.115250245903467885, 30.19628807133547710 ) ) ;
#1897 = ORIENTED_EDGE ( 'NONE', *, *, #93, .T. ) ;
#1898 = EDGE_CURVE ( 'NONE', #2813, #1600, #3753, .T. ) ;
#1899 = CARTESIAN_POINT ( 'NONE',  ( 3.993834109689189837, 16.53751342093682553, 44.50000000000000000 ) ) ;
#1900 =( NAMED_UNIT ( * ) SI_UNIT ( $, .STERADIAN. ) SOLID_ANGLE_UNIT ( ) );
#1901 = CARTESIAN_POINT ( 'NONE',  ( 17.48211486291862116, -8.146269101079354868, 30.17479843194240985 ) ) ;
#1902 = ORIENTED_EDGE ( 'NONE', *, *, #3607, .T. ) ;
#1903 = ORIENTED_EDGE ( 'NONE', *, *, #2186, .T. ) ;
#1904 = B_SPLINE_CURVE_WITH_KNOTS ( 'NONE', 3,
 ( #1230, #3896, #1496, #915, #2232, #4168, #1615, #4267, #1271, #628, #2600, #973, #3280, #1658 ),
 .UNSPECIFIED., .F., .F.,
 ( 4, 2, 2, 2, 2, 2, 4 ),
 ( 2.453269466693398698E-18, 0.001118499128003352938, 0.002236998256006703708, 0.004473996512013404814, 0.006710994768020105486, 0.007829493896023456689, 0.008947993024026811362 ),
 .UNSPECIFIED. ) ;
#1905 = CARTESIAN_POINT ( 'NONE',  ( 0.000000000000000000, 0.000000000000000000, 45.00000000000000000 ) ) ;
#1906 = DIRECTION ( 'NONE',  ( 0.000000000000000000, 0.000000000000000000, 1.000000000000000000 ) ) ;
#1907 = DIRECTION ( 'NONE',  ( 1.000000000000000000, 0.000000000000000000, 0.000000000000000000 ) ) ;
#1908 = CARTESIAN_POINT ( 'NONE',  ( 2.500000000000000444, 11.73669459430548123, -3.061616997868383634E-16 ) ) ;
#1909 = AXIS2_PLACEMENT_3D ( 'NONE', #660, #2018, #1977 ) ;
#1910 = AXIS2_PLACEMENT_3D ( 'NONE', #1802, #2460, #815 ) ;
#1911 = EDGE_CURVE ( 'NONE', #1146, #1746, #2778, .T. ) ;
#1912 = CIRCLE ( 'NONE', #2466, 0.4999999999999995559 ) ;
#1913 = AXIS2_PLACEMENT_3D ( 'NONE', #3675, #370, #2695 ) ;
#1914 = EDGE_CURVE ( 'NONE', #786, #2597, #2283, .T. ) ;
#1915 = CARTESIAN_POINT ( 'NONE',  ( -2.168966169190136295, 9.762385774077879219, 21.25387139777514278 ) ) ;
#1916 = CARTESIAN_POINT ( 'NONE',  ( 17.85863144489565357, -9.003848228140240550, 29.50000000000000000 ) ) ;
#1917 = ORIENTED_EDGE ( 'NONE', *, *, #3652, .T. ) ;
#1918 = AXIS2_PLACEMENT_3D ( 'NONE', #2843, #3232, #258 ) ;
#1919 = CARTESIAN_POINT ( 'NONE',  ( 12.32498968311279341, 11.72751850796005968, 30.50000000000000000 ) ) ;
#1920 = AXIS2_PLACEMENT_3D ( 'NONE', #3513, #551, #858 ) ;
#1921 = CARTESIAN_POINT ( 'NONE',  ( -1.820869553330432211, 19.15017431299991202, 30.32694525254990481 ) ) ;
#1922 = EDGE_CURVE ( 'NONE', #2403, #2338, #3551, .T. ) ;
#1923 = FACE_OUTER_BOUND ( 'NONE', #894, .T. ) ;
#1924 = ORIENTED_EDGE ( 'NONE', *, *, #3448, .T. ) ;
#1925 = DIRECTION ( 'NONE',  ( 0.000000000000000000, 0.000000000000000000, 1.000000000000000000 ) ) ;
#1926 = APPLICATION_PROTOCOL_DEFINITION ( 'draft international standard', 'automotive_design', 1998, #2352 ) ;
#1927 = CARTESIAN_POINT ( 'NONE',  ( 0.000000000000000000, 0.000000000000000000, 0.5000000000000004441 ) ) ;
#1928 = ORIENTED_EDGE ( 'NONE', *, *, #2438, .T. ) ;
#1929 = ORIENTED_EDGE ( 'NONE', *, *, #4278, .F. ) ;
#1930 = ORIENTED_EDGE ( 'NONE', *, *, #818, .F. ) ;
#1931 = CARTESIAN_POINT ( 'NONE',  ( -3.548490851502432708, -9.688122719355961365, 30.50000000000000000 ) ) ;
#1932 = CARTESIAN_POINT ( 'NONE',  ( 25.00000000000000000, 1.000000000000000000, 20.00000000000000000 ) ) ;
#1933 = DIRECTION ( 'NONE',  ( 1.000000000000000000, -0.000000000000000000, -0.000000000000000000 ) ) ;
#1934 = B_SPLINE_CURVE_WITH_KNOTS ( 'NONE', 3,
 ( #848, #4138, #1539, #2098, #1856, #3189, #4205, #452, #800, #1786, #3126, #148, #3168, #124 ),
 .UNSPECIFIED., .F., .F.,
 ( 4, 2, 2, 2, 2, 2, 4 ),
 ( 0.02484817476642875098, 0.02708220925972994880, 0.02819922650638054945, 0.02931624375303115010, 0.03155027824633234446, 0.03266729549298294510, 0.03378431273963353881 ),
 .UNSPECIFIED. ) ;
#1935 = DIRECTION ( 'NONE',  ( 0.000000000000000000, 1.000000000000000000, -0.000000000000000000 ) ) ;
#1936 = CARTESIAN_POINT ( 'NONE',  ( -19.97498435543817763, -0.9999999999999997780, 45.00000000000000000 ) ) ;
#1937 = CIRCLE ( 'NONE', #2421, 10.00000000000000000 ) ;
#1938 = VERTEX_POINT ( 'NONE', #4054 ) ;
#1939 = CARTESIAN_POINT ( 'NONE',  ( -11.95826074310137699, -0.9999999999999991118, 0.000000000000000000 ) ) ;
#1940 = VECTOR ( 'NONE', #84, 1000.000000000000000 ) ;
#1941 = AXIS2_PLACEMENT_3D ( 'NONE', #2040, #2372, #1025 ) ;
#1942 = DIRECTION ( 'NONE',  ( 0.2935790773131097264, -0.9559347913764741911, 0.000000000000000000 ) ) ;
#1943 = CARTESIAN_POINT ( 'NONE',  ( -1.746656132416805063, -19.18493169732221659, 30.22825225986650821 ) ) ;
#1944 = ORIENTED_EDGE ( 'NONE', *, *, #2409, .F. ) ;
#1945 = CARTESIAN_POINT ( 'NONE',  ( 9.918481729233004529, 1.274252795512361258, 44.50000000000000000 ) ) ;
#1946 = EDGE_CURVE ( 'NONE', #3697, #2144, #2697, .T. ) ;
#1947 = CARTESIAN_POINT ( 'NONE',  ( -7.151279887886916597, -7.688250513940353414, 30.00000000000000000 ) ) ;
#1948 = EDGE_LOOP ( 'NONE', ( #1826, #2998, #4292, #670 ) ) ;
#1949 = ORIENTED_EDGE ( 'NONE', *, *, #415, .T. ) ;
#1950 = ORIENTED_EDGE ( 'NONE', *, *, #981, .T. ) ;
#1951 = CARTESIAN_POINT ( 'NONE',  ( 9.949874371066197654, -0.9999999999999978906, 2.000000000000008882 ) ) ;
#1952 = CARTESIAN_POINT ( 'NONE',  ( -16.30870509434089755, -10.69000178418226099, 30.00000000000000000 ) ) ;
#1953 = CARTESIAN_POINT ( 'NONE',  ( -1.702080934746192264, -19.92793371475197262, 29.60645437640761912 ) ) ;
#1954 = EDGE_CURVE ( 'NONE', #284, #300, #2408, .T. ) ;
#1955 = DIRECTION ( 'NONE',  ( -0.000000000000000000, 0.000000000000000000, 1.000000000000000000 ) ) ;
#1956 = DIRECTION ( 'NONE',  ( -0.000000000000000000, 1.000000000000000000, -0.000000000000000000 ) ) ;
#1957 = AXIS2_PLACEMENT_3D ( 'NONE', #1597, #1270, #3935 ) ;
#1958 = ADVANCED_FACE ( 'NONE', ( #24 ), #4248, .F. ) ;
#1959 = CARTESIAN_POINT ( 'NONE',  ( -15.00000000000000000, 21.00000000000000000, 7.500000000000000000 ) ) ;
#1960 = DIRECTION ( 'NONE',  ( -1.000000000000000000, 0.000000000000000000, 0.000000000000000000 ) ) ;
#1961 = CARTESIAN_POINT ( 'NONE',  ( 0.000000000000000000, 0.000000000000000000, 0.000000000000000000 ) ) ;
#1962 = TOROIDAL_SURFACE ( 'NONE', #3996, 19.50000000000000000, 0.5000000000000000000 ) ;
#1963 = DIRECTION ( 'NONE',  ( -1.000000000000000000, 0.000000000000000000, 0.000000000000000000 ) ) ;
#1964 = CARTESIAN_POINT ( 'NONE',  ( -1.834324592406948229, -19.14378394462403676, 30.35594898293506105 ) ) ;
#1965 = EDGE_LOOP ( 'NONE', ( #847, #4065, #3101, #974 ) ) ;
#1966 = CARTESIAN_POINT ( 'NONE',  ( -2.499999999999998224, 9.682458365518540333, 20.00000000000000000 ) ) ;
#1967 = EDGE_CURVE ( 'NONE', #4200, #3474, #1656, .T. ) ;
#1968 = CARTESIAN_POINT ( 'NONE',  ( -6.667518267111931962, 7.951364797092694836, 30.43375124542633614 ) ) ;
#1969 = DIRECTION ( 'NONE',  ( 1.000000000000000000, 0.000000000000000000, 0.000000000000000000 ) ) ;
#1970 = ORIENTED_EDGE ( 'NONE', *, *, #2112, .F. ) ;
#1971 = EDGE_LOOP ( 'NONE', ( #4027, #1298, #504, #1681, #86, #2445 ) ) ;
#1972 = VERTEX_POINT ( 'NONE', #1724 ) ;
#1973 = CARTESIAN_POINT ( 'NONE',  ( 0.000000000000000000, 0.000000000000000000, 44.50000000000000000 ) ) ;
#1974 = CARTESIAN_POINT ( 'NONE',  ( -16.01909064403327676, -11.97450353619078633, 30.35573662412602047 ) ) ;
#1975 = CARTESIAN_POINT ( 'NONE',  ( 25.00000000000000000, 1.000000000000000000, 20.00000000000000000 ) ) ;
#1976 = CARTESIAN_POINT ( 'NONE',  ( -3.855705572859459807, -9.226783542243769176, 30.36951481360030769 ) ) ;
#1977 = DIRECTION ( 'NONE',  ( -1.000000000000000000, 0.000000000000000000, 0.000000000000000000 ) ) ;
#1978 = CIRCLE ( 'NONE', #3720, 0.5000000000000000000 ) ;
#1979 = CARTESIAN_POINT ( 'NONE',  ( -0.8097612278061691038, 9.968303151966360076, 22.37081455296636179 ) ) ;
#1980 = CARTESIAN_POINT ( 'NONE',  ( -2.301662002013971975, -19.36368642662045048, 30.00000000000000000 ) ) ;
#1981 = ADVANCED_FACE ( 'NONE', ( #1384 ), #2432, .T. ) ;
#1982 = AXIS2_PLACEMENT_3D ( 'NONE', #4293, #1299, #673 ) ;
#1983 = CARTESIAN_POINT ( 'NONE',  ( 17.49249988589751936, -9.696048370130792904, 7.722693368988433171 ) ) ;
#1984 = DIRECTION ( 'NONE',  ( -1.000000000000000000, 0.000000000000000000, 0.000000000000000000 ) ) ;
#1985 = CARTESIAN_POINT ( 'NONE',  ( -1.131754425058864033, -19.96795262217335676, 30.00000000000000000 ) ) ;
#1986 = AXIS2_PLACEMENT_3D ( 'NONE', #796, #1093, #77 ) ;
#1987 = CARTESIAN_POINT ( 'NONE',  ( 10.00000000000000000, 1.224646799147353059E-15, 44.50000000000000000 ) ) ;
#1988 = CARTESIAN_POINT ( 'NONE',  ( -3.082580311787645577, 10.03731530945298012, 30.00000000000000000 ) ) ;
#1989 = VERTEX_POINT ( 'NONE', #4072 ) ;
#1990 = ORIENTED_EDGE ( 'NONE', *, *, #647, .T. ) ;
#1991 = EDGE_LOOP ( 'NONE', ( #1167, #4156, #2360, #1339 ) ) ;
#1992 = ORIENTED_EDGE ( 'NONE', *, *, #2132, .T. ) ;
#1993 = CARTESIAN_POINT ( 'NONE',  ( 0.000000000000000000, 0.000000000000000000, 45.00000000000000000 ) ) ;
#1994 = FACE_OUTER_BOUND ( 'NONE', #654, .T. ) ;
#1995 = DIRECTION ( 'NONE',  ( 0.000000000000000000, 0.000000000000000000, -1.000000000000000000 ) ) ;
#1996 = CARTESIAN_POINT ( 'NONE',  ( 19.97498435543817763, 1.000000000000000000, 45.00000000000000000 ) ) ;
#1997 = CARTESIAN_POINT ( 'NONE',  ( -3.548490851502430932, -9.688122719355961365, 44.50000000000000000 ) ) ;
#1998 = EDGE_CURVE ( 'NONE', #37, #1739, #841, .T. ) ;
#1999 = CARTESIAN_POINT ( 'NONE',  ( -1.987646543847138014, 9.800910746545040908, 21.52507997888060132 ) ) ;
#2000 = DIRECTION ( 'NONE',  ( 0.000000000000000000, 0.000000000000000000, 1.000000000000000000 ) ) ;
#2001 = CARTESIAN_POINT ( 'NONE',  ( -3.548490851502433596, -9.688122719355961365, 45.00000000000000000 ) ) ;
#2002 = AXIS2_PLACEMENT_3D ( 'NONE', #1432, #48, #1388 ) ;
#2003 = LINE ( 'NONE', #3667, #2640 ) ;
#2004 = DIRECTION ( 'NONE',  ( 0.000000000000000000, 0.000000000000000000, 1.000000000000000000 ) ) ;
#2005 = AXIS2_PLACEMENT_3D ( 'NONE', #3731, #362, #666 ) ;
#2006 = DIRECTION ( 'NONE',  ( -0.000000000000000000, 1.000000000000000000, -0.000000000000000000 ) ) ;
#2007 = AXIS2_PLACEMENT_3D ( 'NONE', #1844, #226, #3490 ) ;
#2008 = CIRCLE ( 'NONE', #1244, 16.49999999999999289 ) ;
#2009 = CARTESIAN_POINT ( 'NONE',  ( -6.365914964192232794, 8.350157284067979191, 45.00000000000000000 ) ) ;
#2010 = ORIENTED_EDGE ( 'NONE', *, *, #1464, .F. ) ;
#2011 = DIRECTION ( 'NONE',  ( 0.000000000000000000, 0.000000000000000000, 1.000000000000000000 ) ) ;
#2012 = ORIENTED_EDGE ( 'NONE', *, *, #1326, .T. ) ;
#2013 = ORIENTED_EDGE ( 'NONE', *, *, #2097, .F. ) ;
#2014 = CARTESIAN_POINT ( 'NONE',  ( -1.103460564432392044, -19.46875380661902000, 30.00000000000000000 ) ) ;
#2015 = ORIENTED_EDGE ( 'NONE', *, *, #2169, .F. ) ;
#2016 = CARTESIAN_POINT ( 'NONE',  ( 11.28903201986315885, 1.000000000000000000, 0.6669009641046251824 ) ) ;
#2017 = CARTESIAN_POINT ( 'NONE',  ( -15.61861335536224615, 11.67514097797966421, 44.50000000000000000 ) ) ;
#2018 = DIRECTION ( 'NONE',  ( -0.000000000000000000, -0.000000000000000000, -1.000000000000000000 ) ) ;
#2019 = DIRECTION ( 'NONE',  ( 0.000000000000000000, -1.000000000000000000, 0.000000000000000000 ) ) ;
#2020 = CARTESIAN_POINT ( 'NONE',  ( 9.949874371066197654, 1.000000000000000000, 2.000000000000008882 ) ) ;
#2021 = CARTESIAN_POINT ( 'NONE',  ( -3.059393861225627731, 9.521408779207966688, 29.98702305332151852 ) ) ;
#2022 = CARTESIAN_POINT ( 'NONE',  ( 16.82214944012313751, -10.81904198149630147, 9.219040993661398176 ) ) ;
#2023 = CARTESIAN_POINT ( 'NONE',  ( 0.000000000000000000, 0.000000000000000000, 45.00000000000000000 ) ) ;
#2024 = CARTESIAN_POINT ( 'NONE',  ( 17.47785770550327200, 8.191982290040682457, 30.14527206618427968 ) ) ;
#2025 = ADVANCED_FACE ( 'NONE', ( #756 ), #3701, .T. ) ;
#2026 = DIRECTION ( 'NONE',  ( -0.000000000000000000, -0.000000000000000000, -1.000000000000000000 ) ) ;
#2027 = EDGE_CURVE ( 'NONE', #2912, #2592, #2355, .T. ) ;
#2028 = ORIENTED_EDGE ( 'NONE', *, *, #3909, .F. ) ;
#2029 = DIRECTION ( 'NONE',  ( -0.000000000000000000, -0.000000000000000000, 1.000000000000000000 ) ) ;
#2030 = ORIENTED_EDGE ( 'NONE', *, *, #2404, .T. ) ;
#2031 = EDGE_LOOP ( 'NONE', ( #1231, #368 ) ) ;
#2032 = CARTESIAN_POINT ( 'NONE',  ( 9.760297345529638235, -2.177241553708135324, 29.98793979849702751 ) ) ;
#2033 = CARTESIAN_POINT ( 'NONE',  ( 18.37976959730893967, 7.885687639631567158, 30.50000000000000000 ) ) ;
#2034 = DIRECTION ( 'NONE',  ( -0.1274252795512747505, -0.9918481729232956345, 0.000000000000000000 ) ) ;
#2035 = CARTESIAN_POINT ( 'NONE',  ( -16.31882379280198592, 4.809994912976760517, 30.50000000000000000 ) ) ;
#2036 = FACE_OUTER_BOUND ( 'NONE', #2583, .T. ) ;
#2037 = CARTESIAN_POINT ( 'NONE',  ( 15.00000000000000000, 6.000000000000001776, 3.150000000000003464 ) ) ;
#2038 = CARTESIAN_POINT ( 'NONE',  ( 0.000000000000000000, 0.000000000000000000, 20.00000000000000000 ) ) ;
#2039 = ADVANCED_FACE ( 'NONE', ( #1345 ), #2919, .T. ) ;
#2040 = CARTESIAN_POINT ( 'NONE',  ( 0.000000000000000000, 0.000000000000000000, 29.50000000000000000 ) ) ;
#2041 = EDGE_CURVE ( 'NONE', #3156, #61, #1243, .T. ) ;
#2042 = CARTESIAN_POINT ( 'NONE',  ( 2.500000000000000444, 15.00000000000000000, -3.061616997868383634E-16 ) ) ;
#2043 = AXIS2_PLACEMENT_3D ( 'NONE', #2254, #3990, #2604 ) ;
#2044 = AXIS2_PLACEMENT_3D ( 'NONE', #2861, #3161, #2839 ) ;
#2045 = CARTESIAN_POINT ( 'NONE',  ( 0.000000000000000000, 0.000000000000000000, 0.5000000000000004441 ) ) ;
#2046 = AXIS2_PLACEMENT_3D ( 'NONE', #890, #4285, #3298 ) ;
#2047 = ADVANCED_FACE ( 'NONE', ( #3354 ), #1828, .T. ) ;
#2048 = DIRECTION ( 'NONE',  ( 1.000000000000000000, 0.000000000000000000, 0.000000000000000000 ) ) ;
#2049 = AXIS2_PLACEMENT_3D ( 'NONE', #2398, #2026, #3733 ) ;
#2050 = ORIENTED_EDGE ( 'NONE', *, *, #1087, .T. ) ;
#2051 = CARTESIAN_POINT ( 'NONE',  ( -15.63983185346648064, 11.17559140552643981, 44.50000000000000000 ) ) ;
#2052 = ORIENTED_EDGE ( 'NONE', *, *, #2995, .T. ) ;
#2053 = ORIENTED_EDGE ( 'NONE', *, *, #2520, .F. ) ;
#2054 = CARTESIAN_POINT ( 'NONE',  ( 10.23525448520073589, -2.016465154534598625, 30.09890512415331187 ) ) ;
#2055 = TOROIDAL_SURFACE ( 'NONE', #3247, 15.49999999999999645, 0.5000000000000000000 ) ;
#2056 = DIRECTION ( 'NONE',  ( 0.000000000000000000, -0.000000000000000000, 1.000000000000000000 ) ) ;
#2057 = CARTESIAN_POINT ( 'NONE',  ( -19.97498435543817763, 1.000000000000000000, 45.00000000000000000 ) ) ;
#2058 = CARTESIAN_POINT ( 'NONE',  ( 17.48195055258831587, 8.148034430106603665, 30.17363815488276657 ) ) ;
#2059 = EDGE_CURVE ( 'NONE', #2502, #4025, #2826, .T. ) ;
#2060 = DIRECTION ( 'NONE',  ( 0.000000000000000000, 0.000000000000000000, 1.000000000000000000 ) ) ;
#2061 = FACE_OUTER_BOUND ( 'NONE', #2205, .T. ) ;
#2062 = CARTESIAN_POINT ( 'NONE',  ( -16.11016566019763019, -11.85362174031139837, 9.744591237448059218 ) ) ;
#2063 = DIRECTION ( 'NONE',  ( -0.000000000000000000, -0.000000000000000000, 1.000000000000000000 ) ) ;
#2064 = AXIS2_PLACEMENT_3D ( 'NONE', #4211, #855, #3862 ) ;
#2065 = DIRECTION ( 'NONE',  ( -0.000000000000000000, 1.000000000000000000, -0.000000000000000000 ) ) ;
#2066 = AXIS2_PLACEMENT_3D ( 'NONE', #1268, #3075, #990 ) ;
#2067 = CARTESIAN_POINT ( 'NONE',  ( 17.92027535737621591, 7.688545448640777380, 30.00000000000000000 ) ) ;
#2068 = VERTEX_POINT ( 'NONE', #4167 ) ;
#2069 = EDGE_LOOP ( 'NONE', ( #445, #4049, #366, #1618 ) ) ;
#2070 = ORIENTED_EDGE ( 'NONE', *, *, #378, .T. ) ;
#2071 = ORIENTED_EDGE ( 'NONE', *, *, #1444, .F. ) ;
#2072 = CIRCLE ( 'NONE', #3338, 4.349999999999996092 ) ;
#2073 = CARTESIAN_POINT ( 'NONE',  ( -1.858430132767706189, -19.13228739878225682, 30.50000000000000000 ) ) ;
#2074 = ORIENTED_EDGE ( 'NONE', *, *, #9, .F. ) ;
#2075 = VECTOR ( 'NONE', #3332, 1000.000000000000000 ) ;
#2076 = CARTESIAN_POINT ( 'NONE',  ( 18.16529879678115122, 8.368741036702726177, 29.67069376681731896 ) ) ;
#2077 = CARTESIAN_POINT ( 'NONE',  ( 17.92027535737621591, 7.688545448640776492, 44.50000000000000000 ) ) ;
#2078 = DIRECTION ( 'NONE',  ( 0.000000000000000000, 0.000000000000000000, 1.000000000000000000 ) ) ;
#2079 = ORIENTED_EDGE ( 'NONE', *, *, #1027, .F. ) ;
#2080 = DIRECTION ( 'NONE',  ( 1.000000000000000000, 0.000000000000000000, 0.000000000000000000 ) ) ;
#2081 = AXIS2_PLACEMENT_3D ( 'NONE', #835, #2858, #3179 ) ;
#2082 = EDGE_CURVE ( 'NONE', #3697, #3388, #3910, .T. ) ;
#2083 = SPHERICAL_SURFACE ( 'NONE', #146, 0.5000000000000000000 ) ;
#2084 = CARTESIAN_POINT ( 'NONE',  ( -3.505398491379935422, 9.373170520987640586, 30.50000000000002132 ) ) ;
#2085 = EDGE_CURVE ( 'NONE', #2796, #867, #2760, .T. ) ;
#2086 = CARTESIAN_POINT ( 'NONE',  ( 15.29677373566536680, -12.88637109046098317, 5.013494585706566475 ) ) ;
#2087 = CARTESIAN_POINT ( 'NONE',  ( -2.301662002013975084, 19.36368642662045403, 45.00000000000000000 ) ) ;
#2088 = ORIENTED_EDGE ( 'NONE', *, *, #1622, .F. ) ;
#2089 = DIRECTION ( 'NONE',  ( -0.000000000000000000, -0.000000000000000000, -1.000000000000000000 ) ) ;
#2090 = AXIS2_PLACEMENT_3D ( 'NONE', #3402, #3114, #3094 ) ;
#2091 = EDGE_CURVE ( 'NONE', #2514, #347, #1454, .T. ) ;
#2092 = CYLINDRICAL_SURFACE ( 'NONE', #260, 0.5000000000000004441 ) ;
#2093 = ORIENTED_EDGE ( 'NONE', *, *, #1535, .T. ) ;
#2094 = DIRECTION ( 'NONE',  ( -0.000000000000000000, 1.000000000000000000, -0.000000000000000000 ) ) ;
#2095 = VERTEX_POINT ( 'NONE', #3504 ) ;
#2096 = ORIENTED_EDGE ( 'NONE', *, *, #2772, .F. ) ;
#2097 = EDGE_CURVE ( 'NONE', #3098, #3583, #3196, .T. ) ;
#2098 = CARTESIAN_POINT ( 'NONE',  ( 16.58679510619388964, 11.18095753817079796, 3.443617893789629569 ) ) ;
#2099 = CARTESIAN_POINT ( 'NONE',  ( -6.667518262028886866, 7.951364793248434815, 30.50000000000000000 ) ) ;
#2100 = AXIS2_PLACEMENT_3D ( 'NONE', #3514, #1237, #531 ) ;
#2101 = FACE_OUTER_BOUND ( 'NONE', #1070, .T. ) ;
#2102 = ORIENTED_EDGE ( 'NONE', *, *, #3341, .F. ) ;
#2103 = CARTESIAN_POINT ( 'NONE',  ( 10.00000000000000000, 1.224646799147353059E-15, 20.00000000000000000 ) ) ;
#2104 = DIRECTION ( 'NONE',  ( -1.000000000000000000, 1.776356839400250465E-15, 0.000000000000000000 ) ) ;
#2105 = EDGE_CURVE ( 'NONE', #2252, #3869, #476, .T. ) ;
#2106 = CARTESIAN_POINT ( 'NONE',  ( -3.738398730846122398, 9.275067805698647305, 29.99240384114978042 ) ) ;
#2107 = DIRECTION ( 'NONE',  ( 1.000000000000000000, 0.000000000000000000, 0.000000000000000000 ) ) ;
#2108 = B_SPLINE_CURVE_WITH_KNOTS ( 'NONE', 3,
 ( #1988, #4003, #282, #304, #364, #3346 ),
 .UNSPECIFIED., .F., .F.,
 ( 4, 2, 4 ),
 ( 4.336808689942017736E-19, 0.0004101051464365143540, 0.0008202102928730282743 ),
 .UNSPECIFIED. ) ;
#2109 = LINE ( 'NONE', #3425, #787 ) ;
#2110 = ORIENTED_EDGE ( 'NONE', *, *, #1954, .T. ) ;
#2111 = FACE_OUTER_BOUND ( 'NONE', #2933, .T. ) ;
#2112 = EDGE_CURVE ( 'NONE', #3156, #523, #3360, .T. ) ;
#2113 = VECTOR ( 'NONE', #3390, 1000.000000000000000 ) ;
#2114 = FACE_OUTER_BOUND ( 'NONE', #78, .T. ) ;
#2115 = VECTOR ( 'NONE', #2089, 1000.000000000000000 ) ;
#2116 = ORIENTED_EDGE ( 'NONE', *, *, #3909, .T. ) ;
#2117 = CARTESIAN_POINT ( 'NONE',  ( -16.71747616652127633, -10.98033310652091643, 5.677279702778805337 ) ) ;
#2118 = ORIENTED_EDGE ( 'NONE', *, *, #2986, .F. ) ;
#2119 = CIRCLE ( 'NONE', #2046, 0.4999999999999987232 ) ;
#2120 = DIRECTION ( 'NONE',  ( 1.000000000000000000, 1.776356839400250465E-15, 0.000000000000000000 ) ) ;
#2121 = ORIENTED_EDGE ( 'NONE', *, *, #3192, .F. ) ;
#2122 = CARTESIAN_POINT ( 'NONE',  ( -10.95608860988175159, 16.73225593076187323, 9.111211783805012843 ) ) ;
#2123 = CARTESIAN_POINT ( 'NONE',  ( 19.97498435543818118, 1.000000000000000000, 0.3678567463168387897 ) ) ;
#2124 = AXIS2_PLACEMENT_3D ( 'NONE', #2227, #2907, #3473 ) ;
#2125 = CARTESIAN_POINT ( 'NONE',  ( 3.993834109689195166, -16.53751342093682553, 44.50000000000000000 ) ) ;
#2126 = ORIENTED_EDGE ( 'NONE', *, *, #820, .F. ) ;
#2127 = ORIENTED_EDGE ( 'NONE', *, *, #2488, .T. ) ;
#2128 = DIRECTION ( 'NONE',  ( 0.3891255579397365771, -0.9211847264029560112, 0.000000000000000000 ) ) ;
#2129 = CARTESIAN_POINT ( 'NONE',  ( -14.74007340795140486, -13.52348560747714679, 5.000000000000007994 ) ) ;
#2130 = DIRECTION ( 'NONE',  ( -0.000000000000000000, -0.000000000000000000, -1.000000000000000000 ) ) ;
#2131 = FACE_OUTER_BOUND ( 'NONE', #2946, .T. ) ;
#2132 = EDGE_CURVE ( 'NONE', #2095, #3633, #441, .T. ) ;
#2133 = CARTESIAN_POINT ( 'NONE',  ( 12.66650172508677841, 15.48081537750084102, 3.818937098676917330 ) ) ;
#2134 = ORIENTED_EDGE ( 'NONE', *, *, #2404, .F. ) ;
#2135 = CARTESIAN_POINT ( 'NONE',  ( -15.00000000000000000, 6.000000000000001776, 5.000000000000004441 ) ) ;
#2136 =( BOUNDED_SURFACE ( )  B_SPLINE_SURFACE ( 3, 2, ( 
 ( #2599, #3299, #2207 ),
 ( #1968, #1210, #1881 ),
 ( #2949, #323, #4206 ),
 ( #1249, #586, #971 ),
 ( #3216, #262, #4287 ),
 ( #3959, #2559, #2231 ),
 ( #3569, #2580, #2536 ),
 ( #2870, #3878, #3547 ),
 ( #3279, #1294, #239 ),
 ( #1561, #2297, #2890 ) ),
 .UNSPECIFIED., .F., .F., .F. ) 
 B_SPLINE_SURFACE_WITH_KNOTS ( ( 4, 2, 2, 2, 4 ),
 ( 3, 3 ),
 ( 0.0006544811997845401998, 0.001050558711773182325, 0.001446636223761824450, 0.001842713735750466575, 0.002238791247739108699 ),
 ( 0.000000000000000000, 1.000000000000000000 ),
 .UNSPECIFIED. ) 
 GEOMETRIC_REPRESENTATION_ITEM ( )  RATIONAL_B_SPLINE_SURFACE ( (
 ( 1.000000000000000000, 0.7964205083999439383, 1.000000000000000000),
 ( 1.000000000000000000, 0.7964619237844471344, 1.000000000000000000),
 ( 1.000000000000000000, 0.7934554578191179708, 1.000000000000000000),
 ( 1.000000000000000000, 0.7825838097990251985, 1.000000000000000000),
 ( 1.000000000000000000, 0.7746799114931968155, 1.000000000000000000),
 ( 1.000000000000000000, 0.7564834614508713084, 1.000000000000000000),
 ( 1.000000000000000000, 0.7460610652511500129, 1.000000000000000000),
 ( 1.000000000000000000, 0.7257622722829190076, 1.000000000000000000),
 ( 1.000000000000000000, 0.7156241510517620252, 1.000000000000000000),
 ( 1.000000000000000000, 0.7071067811865480168, 1.000000000000000000) ) ) 
 REPRESENTATION_ITEM ( '' )  SURFACE ( )  );
#2137 = DIRECTION ( 'NONE',  ( 0.000000000000000000, -0.000000000000000000, -1.000000000000000000 ) ) ;
#2138 = ORIENTED_EDGE ( 'NONE', *, *, #700, .T. ) ;
#2139 = LINE ( 'NONE', #3828, #2920 ) ;
#2140 = ORIENTED_EDGE ( 'NONE', *, *, #1766, .F. ) ;
#2141 = EDGE_CURVE ( 'NONE', #3261, #1580, #1337, .T. ) ;
#2142 = CARTESIAN_POINT ( 'NONE',  ( 0.000000000000000000, 0.000000000000000000, 45.00000000000000000 ) ) ;
#2143 = AXIS2_PLACEMENT_3D ( 'NONE', #2323, #2407, #1664 ) ;
#2144 = VERTEX_POINT ( 'NONE', #1836 ) ;
#2145 = CARTESIAN_POINT ( 'NONE',  ( -12.66650172508678018, 15.48081537750084458, 11.18106290132308445 ) ) ;
#2146 = DIRECTION ( 'NONE',  ( 1.000000000000000000, 0.000000000000000000, 0.000000000000000000 ) ) ;
#2147 = CARTESIAN_POINT ( 'NONE',  ( 9.802103404025674038, 1.983107195705390291, 29.52761647767767172 ) ) ;
#2148 = VERTEX_POINT ( 'NONE', #2871 ) ;
#2149 = ORIENTED_EDGE ( 'NONE', *, *, #4201, .T. ) ;
#2150 = CARTESIAN_POINT ( 'NONE',  ( -12.61614716190235974, -15.51890193202142676, 8.278026657268872768 ) ) ;
#2151 = AXIS2_PLACEMENT_3D ( 'NONE', #2483, #3819, #4173 ) ;
#2152 = AXIS2_PLACEMENT_3D ( 'NONE', #1738, #2094, #2011 ) ;
#2153 = LINE ( 'NONE', #157, #2771 ) ;
#2154 = DIRECTION ( 'NONE',  ( 0.000000000000000000, 0.000000000000000000, 1.000000000000000000 ) ) ;
#2155 = DIRECTION ( 'NONE',  ( -0.000000000000000000, -0.000000000000000000, 1.000000000000000000 ) ) ;
#2156 = B_SPLINE_CURVE_WITH_KNOTS ( 'NONE', 3,
 ( #3856, #3458, #3435, #2825, #850, #2167, #4186, #453, #2801, #1191, #3503, #520, #2517, #868, #782, #2189, #3526, #4091, #1764, #2781, #1118, #2450, #802, #2122, #3151, #1789, #3128, #4140, #1141, #2473, #2145, #1813, #4246, #566, #3236, #303, #891, #2622 ),
 .UNSPECIFIED., .F., .F.,
 ( 4, 2, 2, 2, 2, 2, 2, 2, 2, 2, 2, 2, 2, 2, 2, 2, 2, 2, 4 ),
 ( 0.008947993024026814832, 0.009941754382926933781, 0.01093551574182705273, 0.01192927710072717168, 0.01292303845962729063, 0.01391679981852740958, 0.01491056117742752853, 0.01590432253632764747, 0.01640120321577770782, 0.01689808389522776816, 0.01789184525412788884, 0.01838872593357795265, 0.01888560661302801646, 0.01987936797192813715, 0.02087312933082826477, 0.02186689068972838546, 0.02286065204862851308, 0.02385441340752863376, 0.02484817476642876138 ),
 .UNSPECIFIED. ) ;
#2157 = CARTESIAN_POINT ( 'NONE',  ( -4.048490851502432264, 9.688122719355957813, 44.50000000000000000 ) ) ;
#2158 = VECTOR ( 'NONE', #1587, 1000.000000000000000 ) ;
#2159 = EDGE_LOOP ( 'NONE', ( #4260, #3917, #4269, #1510 ) ) ;
#2160 = CARTESIAN_POINT ( 'NONE',  ( 0.000000000000000000, 0.000000000000000000, 30.00000000000000000 ) ) ;
#2161 = FACE_OUTER_BOUND ( 'NONE', #163, .T. ) ;
#2162 = ORIENTED_EDGE ( 'NONE', *, *, #1128, .T. ) ;
#2163 = ORIENTED_EDGE ( 'NONE', *, *, #2230, .T. ) ;
#2164 = CARTESIAN_POINT ( 'NONE',  ( 9.819404322262052176, -1.910375177834754412, 30.04658763007089206 ) ) ;
#2165 = VERTEX_POINT ( 'NONE', #3879 ) ;
#2166 =( GEOMETRIC_REPRESENTATION_CONTEXT ( 3 ) GLOBAL_UNCERTAINTY_ASSIGNED_CONTEXT ( ( #2748 ) ) GLOBAL_UNIT_ASSIGNED_CONTEXT ( ( #649, #1229, #1900 ) ) REPRESENTATION_CONTEXT ( 'NONE', 'WORKASPACE' ) );
#2167 = CARTESIAN_POINT ( 'NONE',  ( -13.38028864015708841, 14.86849483247412707, 3.455094667093417282 ) ) ;
#2168 = DIRECTION ( 'NONE',  ( 0.8009545310442186539, -0.5987251783579305986, 0.000000000000000000 ) ) ;
#2169 = EDGE_CURVE ( 'NONE', #1319, #752, #1127, .T. ) ;
#2170 = CARTESIAN_POINT ( 'NONE',  ( -16.19288718329675447, 11.73900811758619867, 29.84223227170562609 ) ) ;
#2171 = ORIENTED_EDGE ( 'NONE', *, *, #700, .F. ) ;
#2172 = ORIENTED_EDGE ( 'NONE', *, *, #3072, .T. ) ;
#2173 = CARTESIAN_POINT ( 'NONE',  ( -15.00000000000000000, -0.9999999999999981126, 9.999999999999987566 ) ) ;
#2174 = CARTESIAN_POINT ( 'NONE',  ( -13.28503341219364486, -14.95114238303683152, 5.673675651781156404 ) ) ;
#2175 = CYLINDRICAL_SURFACE ( 'NONE', #2366, 4.349999999999997868 ) ;
#2176 = CARTESIAN_POINT ( 'NONE',  ( 25.00000000000000000, -0.9999999999999970024, 0.000000000000000000 ) ) ;
#2177 = EDGE_CURVE ( 'NONE', #1342, #3302, #3152, .T. ) ;
#2178 = CARTESIAN_POINT ( 'NONE',  ( 18.37976959730894322, -7.885687639631558277, 30.50000000000000000 ) ) ;
#2179 = CARTESIAN_POINT ( 'NONE',  ( 12.67266632664084902, 15.47573903230200543, 11.18484723377662782 ) ) ;
#2180 = ORIENTED_EDGE ( 'NONE', *, *, #3403, .F. ) ;
#2181 = CARTESIAN_POINT ( 'NONE',  ( -15.74131015354138974, 11.10511443100983264, 30.22825225986634834 ) ) ;
#2182 = EDGE_CURVE ( 'NONE', #3965, #1812, #374, .T. ) ;
#2183 = CARTESIAN_POINT ( 'NONE',  ( -15.61861335536223017, -11.67514097797968908, 44.50000000000000000 ) ) ;
#2184 = EDGE_LOOP ( 'NONE', ( #2427, #1897, #1140, #3018 ) ) ;
#2185 = CARTESIAN_POINT ( 'NONE',  ( 10.22627854614013465, -1.871036484123340449, 30.24620192045879463 ) ) ;
#2186 = EDGE_CURVE ( 'NONE', #4222, #3811, #1744, .T. ) ;
#2187 = AXIS2_PLACEMENT_3D ( 'NONE', #1961, #2886, #2615 ) ;
#2188 = ORIENTED_EDGE ( 'NONE', *, *, #2817, .T. ) ;
#2189 = CARTESIAN_POINT ( 'NONE',  ( -10.72878364659622008, 16.87883951236625180, 6.659558759259234684 ) ) ;
#2190 = CARTESIAN_POINT ( 'NONE',  ( -6.062776159736490200, -7.952530744167598087, 30.36796936138388148 ) ) ;
#2191 = LINE ( 'NONE', #2560, #90 ) ;
#2192 = VERTEX_POINT ( 'NONE', #2782 ) ;
#2193 = CIRCLE ( 'NONE', #1761, 20.00000000000000000 ) ;
#2194 = ORIENTED_EDGE ( 'NONE', *, *, #966, .F. ) ;
#2195 = CARTESIAN_POINT ( 'NONE',  ( -13.28782201969955601, -14.94864793852818963, 9.328805265114063161 ) ) ;
#2196 = DIRECTION ( 'NONE',  ( -0.000000000000000000, -0.000000000000000000, -1.000000000000000000 ) ) ;
#2197 =( NAMED_UNIT ( * ) SI_UNIT ( $, .STERADIAN. ) SOLID_ANGLE_UNIT ( ) );
#2198 = FACE_OUTER_BOUND ( 'NONE', #1777, .T. ) ;
#2199 = CYLINDRICAL_SURFACE ( 'NONE', #2100, 0.5000000000000004441 ) ;
#2200 = DIRECTION ( 'NONE',  ( 0.1235997447638846197, -0.9923321536130442766, 1.719155152012384113E-13 ) ) ;
#2201 = ORIENTED_EDGE ( 'NONE', *, *, #725, .T. ) ;
#2202 = CARTESIAN_POINT ( 'NONE',  ( -3.675010316887203476, 11.72751850796005968, 30.50000000000000000 ) ) ;
#2203 = CIRCLE ( 'NONE', #338, 10.00000000000000000 ) ;
#2204 = FACE_OUTER_BOUND ( 'NONE', #807, .T. ) ;
#2205 = EDGE_LOOP ( 'NONE', ( #1187, #3634, #125, #1884 ) ) ;
#2206 = CARTESIAN_POINT ( 'NONE',  ( -15.00000000000000000, -0.9999999999999981126, 5.000000000000011546 ) ) ;
#2207 = CARTESIAN_POINT ( 'NONE',  ( -6.062776156373552716, 7.952530746731401479, 30.49999999999999645 ) ) ;
#2208 = CARTESIAN_POINT ( 'NONE',  ( 15.00000000000000000, 6.000000000000001776, 7.500000000000000000 ) ) ;
#2209 = DIRECTION ( 'NONE',  ( -0.000000000000000000, 1.000000000000000000, -0.000000000000000000 ) ) ;
#2210 = EDGE_LOOP ( 'NONE', ( #3522, #3590, #3430, #2800 ) ) ;
#2211 = VERTEX_POINT ( 'NONE', #4120 ) ;
#2212 = AXIS2_PLACEMENT_3D ( 'NONE', #1820, #1547, #2808 ) ;
#2213 = CARTESIAN_POINT ( 'NONE',  ( -16.72687701983677755, -10.96410439403311798, 29.50000000000000000 ) ) ;
#2214 = CARTESIAN_POINT ( 'NONE',  ( 12.32498968311279341, 11.72751850796005968, 30.00000000000000000 ) ) ;
#2215 = CARTESIAN_POINT ( 'NONE',  ( 9.918481729233004529, -1.274252795512359926, 30.23888601049721458 ) ) ;
#2216 = CARTESIAN_POINT ( 'NONE',  ( 15.00000000000000000, -0.9999999999999976685, 7.500000000000000000 ) ) ;
#2217 = VECTOR ( 'NONE', #2065, 1000.000000000000000 ) ;
#2218 = AXIS2_PLACEMENT_3D ( 'NONE', #1119, #3459, #1474 ) ;
#2219 = EDGE_CURVE ( 'NONE', #2192, #3499, #2313, .T. ) ;
#2220 = DIRECTION ( 'NONE',  ( 1.000000000000000000, 0.000000000000000000, 0.000000000000000000 ) ) ;
#2221 = CARTESIAN_POINT ( 'NONE',  ( 13.37968457423626312, 14.86903609556267369, 3.455340198084135839 ) ) ;
#2222 = AXIS2_PLACEMENT_3D ( 'NONE', #3581, #4281, #602 ) ;
#2223 = ORIENTED_EDGE ( 'NONE', *, *, #424, .T. ) ;
#2224 = ADVANCED_FACE ( 'NONE', ( #240 ), #2891, .F. ) ;
#2225 = DIRECTION ( 'NONE',  ( -0.000000000000000000, 0.000000000000000000, 1.000000000000000000 ) ) ;
#2226 = TOROIDAL_SURFACE ( 'NONE', #358, 15.49999999999999289, 0.5000000000000000000 ) ;
#2227 = CARTESIAN_POINT ( 'NONE',  ( 3.993834109689195166, -16.53751342093682553, 30.50000000000000000 ) ) ;
#2228 = VERTEX_POINT ( 'NONE', #182 ) ;
#2229 = CARTESIAN_POINT ( 'NONE',  ( 11.95826074310137699, 1.000000000000000000, 0.000000000000000000 ) ) ;
#2230 = EDGE_CURVE ( 'NONE', #2338, #3572, #3777, .T. ) ;
#2231 = CARTESIAN_POINT ( 'NONE',  ( -6.363419294792223901, 7.714606052396727698, 29.69747645581636064 ) ) ;
#2232 = CARTESIAN_POINT ( 'NONE',  ( 18.55138381056003283, 7.480517399774399223, 10.02085121354654085 ) ) ;
#2233 = VERTEX_POINT ( 'NONE', #1484 ) ;
#2234 = ADVANCED_FACE ( 'NONE', ( #3538 ), #1962, .T. ) ;
#2235 = EDGE_LOOP ( 'NONE', ( #2904, #2793, #3120, #1096 ) ) ;
#2236 = CARTESIAN_POINT ( 'NONE',  ( -19.07878402833891229, 6.000000000000001776, 5.988040724699453143 ) ) ;
#2237 = CARTESIAN_POINT ( 'NONE',  ( -2.312056483458575507, 19.86591987560313299, 30.21276909202326877 ) ) ;
#2238 = CARTESIAN_POINT ( 'NONE',  ( -15.77043785355008687, -11.08469912814929614, 30.19628807133546289 ) ) ;
#2239 = DIRECTION ( 'NONE',  ( -1.000000000000000000, 0.000000000000000000, 0.000000000000000000 ) ) ;
#2240 = CIRCLE ( 'NONE', #2657, 0.5000000000000004441 ) ;
#2241 = ADVANCED_FACE ( 'NONE', ( #577 ), #1156, .T. ) ;
#2242 = CARTESIAN_POINT ( 'NONE',  ( -20.00000000000000000, 0.000000000000000000, 45.00000000000000000 ) ) ;
#2243 = FACE_OUTER_BOUND ( 'NONE', #3145, .T. ) ;
#2244 = AXIS2_PLACEMENT_3D ( 'NONE', #1676, #2930, #324 ) ;
#2245 = ORIENTED_EDGE ( 'NONE', *, *, #249, .T. ) ;
#2246 = DIRECTION ( 'NONE',  ( 1.000000000000000000, 0.000000000000000000, 0.000000000000000000 ) ) ;
#2247 = DIRECTION ( 'NONE',  ( 1.000000000000000000, -0.000000000000000000, -0.000000000000000000 ) ) ;
#2248 = DIRECTION ( 'NONE',  ( 1.000000000000000000, 0.000000000000000000, 0.000000000000000000 ) ) ;
#2249 = EDGE_LOOP ( 'NONE', ( #3739, #2162, #345, #1015, #2134 ) ) ;
#2250 = CARTESIAN_POINT ( 'NONE',  ( 12.52410014354231826, -15.59328026974671921, 7.102491187847831178 ) ) ;
#2251 = CARTESIAN_POINT ( 'NONE',  ( 18.00315785303028093, -8.715143274450918298, 30.21292199652718580 ) ) ;
#2252 = VERTEX_POINT ( 'NONE', #3822 ) ;
#2253 = ORIENTED_EDGE ( 'NONE', *, *, #630, .T. ) ;
#2254 = CARTESIAN_POINT ( 'NONE',  ( -15.61861335536223194, -11.67514097797968731, 45.00000000000000000 ) ) ;
#2255 = CARTESIAN_POINT ( 'NONE',  ( -2.360678976424589681, 19.86019120679020489, 30.50000000000000000 ) ) ;
#2256 = DIRECTION ( 'NONE',  ( -1.000000000000000000, 0.000000000000000000, 0.000000000000000000 ) ) ;
#2257 = DIRECTION ( 'NONE',  ( 0.000000000000000000, 0.000000000000000000, 1.000000000000000000 ) ) ;
#2258 = CIRCLE ( 'NONE', #3028, 0.5000000000000004441 ) ;
#2259 = AXIS2_PLACEMENT_3D ( 'NONE', #2792, #4062, #1065 ) ;
#2260 = CIRCLE ( 'NONE', #1009, 10.50000000000000000 ) ;
#2261 = AXIS2_PLACEMENT_3D ( 'NONE', #1577, #2889, #3630 ) ;
#2262 = DIRECTION ( 'NONE',  ( -0.000000000000000000, 0.000000000000000000, -1.000000000000000000 ) ) ;
#2263 = CARTESIAN_POINT ( 'NONE',  ( 18.34886779576262228, -7.957409630584014515, 30.14406203367705928 ) ) ;
#2264 = ORIENTED_EDGE ( 'NONE', *, *, #2091, .T. ) ;
#2265 = B_SPLINE_CURVE_WITH_KNOTS ( 'NONE', 3,
 ( #2523, #2457, #3532, #808, #3134, #1148, #874, #2195, #548, #1795, #2480, #155, #2150, #2878, #1771, #856, #2482, #876, #506, #1524, #3842, #4125, #2174, #1217, #2545, #3511, #2129, #810 ),
 .UNSPECIFIED., .F., .F.,
 ( 4, 2, 2, 2, 2, 2, 2, 2, 2, 2, 2, 2, 2, 4 ),
 ( 4.906538933386797396E-18, 0.001172057044972554763, 0.001758085567458828567, 0.002344114089945102154, 0.002930142612431376175, 0.003516171134917649762, 0.004102199657403924650, 0.004688228179890198237, 0.005274256702376471824, 0.005860285224862745411, 0.006446313747349019865, 0.007032342269835293452, 0.008204399314807847565, 0.009376456359780401678 ),
 .UNSPECIFIED. ) ;
#2266 = TOROIDAL_SURFACE ( 'NONE', #948, 16.49999999999999289, 0.5000000000000000000 ) ;
#2267 = ADVANCED_FACE ( 'NONE', ( #1849 ), #901, .T. ) ;
#2268 = SPHERICAL_SURFACE ( 'NONE', #2892, 0.5000000000000000000 ) ;
#2269 = VECTOR ( 'NONE', #4233, 1000.000000000000000 ) ;
#2270 = CARTESIAN_POINT ( 'NONE',  ( -1.646164302711244920, 19.23148478935743455, 30.14630441404691652 ) ) ;
#2271 = CARTESIAN_POINT ( 'NONE',  ( -1.529735908299533653, -19.94882375629642368, 30.42506089015969195 ) ) ;
#2272 = VERTEX_POINT ( 'NONE', #2485 ) ;
#2273 = DIRECTION ( 'NONE',  ( 0.000000000000000000, 0.000000000000000000, 1.000000000000000000 ) ) ;
#2274 = ADVANCED_FACE ( 'NONE', ( #2508 ), #838, .F. ) ;
#2275 = LINE ( 'NONE', #33, #1675 ) ;
#2276 = EDGE_CURVE ( 'NONE', #3757, #3898, #1267, .T. ) ;
#2277 = ORIENTED_EDGE ( 'NONE', *, *, #3213, .F. ) ;
#2278 = ORIENTED_EDGE ( 'NONE', *, *, #2751, .T. ) ;
#2279 = ORIENTED_EDGE ( 'NONE', *, *, #2363, .T. ) ;
#2280 = DIRECTION ( 'NONE',  ( 0.000000000000000000, 0.000000000000000000, 1.000000000000000000 ) ) ;
#2281 =( BOUNDED_SURFACE ( )  B_SPLINE_SURFACE ( 3, 2, ( 
 ( #3788, #3814, #1450 ),
 ( #2761, #1101, #2783 ),
 ( #1408, #3131, #3765 ),
 ( #3719, #4122, #829 ),
 ( #784, #1120, #4073 ),
 ( #2058, #3066, #2410 ),
 ( #455, #1815, #1767 ),
 ( #3106, #152, #758 ),
 ( #1475, #804, #2737 ),
 ( #3460, #3742, #1079 ) ),
 .UNSPECIFIED., .F., .F., .T. ) 
 B_SPLINE_SURFACE_WITH_KNOTS ( ( 4, 2, 2, 2, 4 ),
 ( 3, 3 ),
 ( 0.001299785592976708017, 0.001731227487900121893, 0.002162669382823535769, 0.002594111277746949645, 0.003025553172670363521 ),
 ( 0.000000000000000000, 1.000000000000000000 ),
 .UNSPECIFIED. ) 
 GEOMETRIC_REPRESENTATION_ITEM ( )  RATIONAL_B_SPLINE_SURFACE ( (
 ( 1.000000000000000000, 0.7071067811865475727, 1.000000000000000000),
 ( 1.000000000000000000, 0.6835146894882804247, 1.000000000000000000),
 ( 1.000000000000000000, 0.6591840105566912911, 1.000000000000000000),
 ( 1.000000000000000000, 0.6085921440378239122, 1.000000000000000000),
 ( 1.000000000000000000, 0.5827933127387936452, 1.000000000000000000),
 ( 1.000000000000000000, 0.5342256729471492882, 1.000000000000000000),
 ( 1.000000000000000000, 0.5111879186864143332, 1.000000000000000000),
 ( 1.000000000000000000, 0.4770344470201246523, 1.000000000000000000),
 ( 1.000000000000000000, 0.4667466272204409128, 1.000000000000000000),
 ( 1.000000000000000000, 0.4667998985998692563, 1.000000000000000000) ) ) 
 REPRESENTATION_ITEM ( '' )  SURFACE ( )  );
#2282 = CARTESIAN_POINT ( 'NONE',  ( -1.703571735737510418, 19.92780938851361228, 29.60703017504064505 ) ) ;
#2283 = LINE ( 'NONE', #637, #1940 ) ;
#2284 = CARTESIAN_POINT ( 'NONE',  ( 2.500000000000006661, 9.682458365518538557, 2.000000000000008882 ) ) ;
#2285 = DIRECTION ( 'NONE',  ( -0.000000000000000000, -0.000000000000000000, -1.000000000000000000 ) ) ;
#2286 = DIRECTION ( 'NONE',  ( 0.5482052197016540340, -0.8363438509918401653, 0.000000000000000000 ) ) ;
#2287 = AXIS2_PLACEMENT_3D ( 'NONE', #526, #1843, #3178 ) ;
#2288 = FACE_OUTER_BOUND ( 'NONE', #2694, .T. ) ;
#2289 = EDGE_CURVE ( 'NONE', #4071, #2403, #3707, .T. ) ;
#2290 = DIRECTION ( 'NONE',  ( 1.000000000000000000, 0.000000000000000000, 0.000000000000000000 ) ) ;
#2291 = CIRCLE ( 'NONE', #2222, 0.5000000000000000000 ) ;
#2292 = AXIS2_PLACEMENT_3D ( 'NONE', #385, #3387, #1379 ) ;
#2293 = CARTESIAN_POINT ( 'NONE',  ( -1.858430132767709519, 19.13228739878225682, 30.41058880163709333 ) ) ;
#2294 = CARTESIAN_POINT ( 'NONE',  ( -1.420039441004371961, -19.97200019959112893, 30.50000000000000000 ) ) ;
#2295 = ORIENTED_EDGE ( 'NONE', *, *, #1778, .F. ) ;
#2296 = CARTESIAN_POINT ( 'NONE',  ( 14.47056108684840581, -13.81122792315363590, 9.959873684566057150 ) ) ;
#2297 = CARTESIAN_POINT ( 'NONE',  ( -6.810742750368507181, 7.322143346609849779, 29.99999999999996447 ) ) ;
#2298 = CARTESIAN_POINT ( 'NONE',  ( -6.730497103938122727, -7.923524789472566887, 30.22926236964243429 ) ) ;
#2299 = ORIENTED_EDGE ( 'NONE', *, *, #3962, .T. ) ;
#2300 = ORIENTED_EDGE ( 'NONE', *, *, #3979, .T. ) ;
#2301 = VERTEX_POINT ( 'NONE', #1824 ) ;
#2302 = CARTESIAN_POINT ( 'NONE',  ( 0.000000000000000000, 0.000000000000000000, 29.50000000000000000 ) ) ;
#2303 = EDGE_CURVE ( 'NONE', #1017, #1544, #4175, .T. ) ;
#2304 = CARTESIAN_POINT ( 'NONE',  ( -16.15056694418636241, -10.80955739106596525, 30.01079575467610283 ) ) ;
#2305 = CARTESIAN_POINT ( 'NONE',  ( 19.97498435543818118, -0.9999999999999972244, 20.00000000000000000 ) ) ;
#2306 = CARTESIAN_POINT ( 'NONE',  ( -3.832554863726791883, -9.236551053674528333, 30.24122217541818003 ) ) ;
#2307 = CARTESIAN_POINT ( 'NONE',  ( -10.61961668254449087, -0.9999999999999993339, 1.333614813980340985 ) ) ;
#2308 = CARTESIAN_POINT ( 'NONE',  ( -2.371413208576847342, 9.714966226463428001, 20.80820912700222181 ) ) ;
#2309 = AXIS2_PLACEMENT_3D ( 'NONE', #2331, #2350, #1689 ) ;
#2310 = DIRECTION ( 'NONE',  ( -0.000000000000000000, -0.000000000000000000, -1.000000000000000000 ) ) ;
#2311 = CARTESIAN_POINT ( 'NONE',  ( 16.71415587794684399, -10.98538368868389625, 9.325822145701055277 ) ) ;
#2312 = EDGE_CURVE ( 'NONE', #2068, #3499, #1221, .T. ) ;
#2313 = CIRCLE ( 'NONE', #3919, 20.00000000000000000 ) ;
#2314 = CARTESIAN_POINT ( 'NONE',  ( -2.301662002013975084, 19.36368642662045403, 30.50000000000000000 ) ) ;
#2315 = EDGE_CURVE ( 'NONE', #2932, #2777, #1179, .T. ) ;
#2316 = DIRECTION ( 'NONE',  ( 1.000000000000000000, 0.000000000000000000, 0.000000000000000000 ) ) ;
#2317 = CARTESIAN_POINT ( 'NONE',  ( 0.000000000000000000, 0.000000000000000000, 29.50000000000000000 ) ) ;
#2318 = VERTEX_POINT ( 'NONE', #2178 ) ;
#2319 = ORIENTED_EDGE ( 'NONE', *, *, #2438, .F. ) ;
#2320 = ORIENTED_EDGE ( 'NONE', *, *, #2132, .F. ) ;
#2321 = ADVANCED_FACE ( 'NONE', ( #3561 ), #2199, .T. ) ;
#2322 = CYLINDRICAL_SURFACE ( 'NONE', #4009, 20.00000000000000000 ) ;
#2323 = CARTESIAN_POINT ( 'NONE',  ( 3.993834109689195166, -16.53751342093682553, 30.50000000000000000 ) ) ;
#2324 = LINE ( 'NONE', #1996, #2075 ) ;
#2325 = CARTESIAN_POINT ( 'NONE',  ( -2.993891088645298737, -9.541504610340759029, 29.98808561263517447 ) ) ;
#2326 = PLANE ( 'NONE',  #4257 ) ;
#2327 = CARTESIAN_POINT ( 'NONE',  ( 18.30536306232921007, -8.057229847624622465, 29.95402061465116006 ) ) ;
#2328 = AXIS2_PLACEMENT_3D ( 'NONE', #1286, #3230, #1557 ) ;
#2329 = CIRCLE ( 'NONE', #1982, 0.5000000000000002220 ) ;
#2330 = LINE ( 'NONE', #2001, #767 ) ;
#2331 = CARTESIAN_POINT ( 'NONE',  ( 15.00000000000000000, 21.00000000000000000, 7.500000000000000000 ) ) ;
#2332 = CARTESIAN_POINT ( 'NONE',  ( 10.23386019967457017, -2.349064795512632475, 30.00000000000000000 ) ) ;
#2333 = DIRECTION ( 'NONE',  ( -0.000000000000000000, -0.000000000000000000, -1.000000000000000000 ) ) ;
#2334 = CARTESIAN_POINT ( 'NONE',  ( -1.858430132767708631, 19.13228739878225682, 44.50000000000000000 ) ) ;
#2335 = ORIENTED_EDGE ( 'NONE', *, *, #1946, .F. ) ;
#2336 = CARTESIAN_POINT ( 'NONE',  ( -1.858430132767708631, 19.13228739878225682, 30.50000000000000000 ) ) ;
#2337 = ORIENTED_EDGE ( 'NONE', *, *, #981, .F. ) ;
#2338 = VERTEX_POINT ( 'NONE', #881 ) ;
#2339 = CARTESIAN_POINT ( 'NONE',  ( -1.712907268597193777, -19.20064790779364472, 30.19496519848194183 ) ) ;
#2340 = CARTESIAN_POINT ( 'NONE',  ( -15.00000000000000000, 6.000000000000001776, 11.84999999999999609 ) ) ;
#2341 = CARTESIAN_POINT ( 'NONE',  ( -6.446224082835573022, -7.645914797375369609, 29.62471702883296487 ) ) ;
#2342 = CARTESIAN_POINT ( 'NONE',  ( -9.949874371066197654, -0.9999999999999991118, 2.000000000000008882 ) ) ;
#2343 = DIRECTION ( 'NONE',  ( 0.000000000000000000, 0.000000000000000000, 1.000000000000000000 ) ) ;
#2344 = FACE_OUTER_BOUND ( 'NONE', #1595, .T. ) ;
#2345 = DIRECTION ( 'NONE',  ( -0.000000000000000000, 1.000000000000000000, -0.000000000000000000 ) ) ;
#2346 = ADVANCED_FACE ( 'NONE', ( #1571 ), #3290, .T. ) ;
#2347 = CARTESIAN_POINT ( 'NONE',  ( 15.58409781809788797, -12.54305986776621218, 9.947402967012621389 ) ) ;
#2348 = AXIS2_PLACEMENT_3D ( 'NONE', #83, #2056, #3064 ) ;
#2349 = EDGE_CURVE ( 'NONE', #3908, #3809, #3311, .T. ) ;
#2350 = DIRECTION ( 'NONE',  ( -0.000000000000000000, 1.000000000000000000, -0.000000000000000000 ) ) ;
#2351 = DIRECTION ( 'NONE',  ( -0.000000000000000000, -0.000000000000000000, -1.000000000000000000 ) ) ;
#2352 = APPLICATION_CONTEXT ( 'automotive_design' ) ;
#2353 = AXIS2_PLACEMENT_3D ( 'NONE', #4045, #2006, #2354 ) ;
#2354 = DIRECTION ( 'NONE',  ( 0.000000000000000000, 0.000000000000000000, 1.000000000000000000 ) ) ;
#2355 = CIRCLE ( 'NONE', #699, 0.5000000000000004441 ) ;
#2356 = AXIS2_PLACEMENT_3D ( 'NONE', #1063, #2967, #1349 ) ;
#2357 = CARTESIAN_POINT ( 'NONE',  ( 10.21984304259552623, 1.798557800969372344, 30.43375124542635035 ) ) ;
#2358 = ORIENTED_EDGE ( 'NONE', *, *, #3192, .T. ) ;
#2359 = DIRECTION ( 'NONE',  ( -0.000000000000000000, -0.000000000000000000, -1.000000000000000000 ) ) ;
#2360 = ORIENTED_EDGE ( 'NONE', *, *, #1262, .T. ) ;
#2361 = EDGE_LOOP ( 'NONE', ( #2319, #4190, #3815, #1102 ) ) ;
#2362 = SPHERICAL_SURFACE ( 'NONE', #1913, 0.5000000000000000000 ) ;
#2363 = EDGE_CURVE ( 'NONE', #2712, #266, #2191, .T. ) ;
#2364 = ORIENTED_EDGE ( 'NONE', *, *, #3258, .T. ) ;
#2365 = CARTESIAN_POINT ( 'NONE',  ( -3.175010316887203032, 11.72751850796005968, 30.00000000000000000 ) ) ;
#2366 = AXIS2_PLACEMENT_3D ( 'NONE', #1480, #574, #1821 ) ;
#2367 = CARTESIAN_POINT ( 'NONE',  ( -6.473974276673092554, -7.628469907814083406, 30.13732695557113317 ) ) ;
#2368 = CARTESIAN_POINT ( 'NONE',  ( -2.935790773131090603, -9.559347913764746352, 29.99999999999996447 ) ) ;
#2369 = CARTESIAN_POINT ( 'NONE',  ( 0.000000000000000000, 0.000000000000000000, 45.00000000000000000 ) ) ;
#2370 = DIRECTION ( 'NONE',  ( -1.000000000000000000, 0.000000000000000000, 0.000000000000000000 ) ) ;
#2371 = CYLINDRICAL_SURFACE ( 'NONE', #2906, 2.499999999999998668 ) ;
#2372 = DIRECTION ( 'NONE',  ( -0.000000000000000000, -0.000000000000000000, -1.000000000000000000 ) ) ;
#2373 = ADVANCED_FACE ( 'NONE', ( #2500 ), #1563, .F. ) ;
#2374 = AXIS2_PLACEMENT_3D ( 'NONE', #126, #1473, #1858 ) ;
#2375 = CARTESIAN_POINT ( 'NONE',  ( -16.56531117164894695, -11.20759606116214968, 29.52113886287803979 ) ) ;
#2376 = CARTESIAN_POINT ( 'NONE',  ( 10.23386019967457017, -2.349064795512632475, 30.00000000000000000 ) ) ;
#2377 = FACE_OUTER_BOUND ( 'NONE', #2497, .T. ) ;
#2378 = ORIENTED_EDGE ( 'NONE', *, *, #4298, .F. ) ;
#2379 = DIRECTION ( 'NONE',  ( -0.000000000000000000, -0.000000000000000000, -1.000000000000000000 ) ) ;
#2380 = ORIENTED_EDGE ( 'NONE', *, *, #518, .F. ) ;
#2381 = ORIENTED_EDGE ( 'NONE', *, *, #3082, .F. ) ;
#2382 = CARTESIAN_POINT ( 'NONE',  ( 9.805113060050112850, -1.977438722564153650, 30.01665732608136139 ) ) ;
#2383 = DIRECTION ( 'NONE',  ( 0.000000000000000000, 0.000000000000000000, 1.000000000000000000 ) ) ;
#2384 = CARTESIAN_POINT ( 'NONE',  ( 0.000000000000000000, 0.000000000000000000, 0.000000000000000000 ) ) ;
#2385 = CARTESIAN_POINT ( 'NONE',  ( -15.49508216373035197, 12.66738614799112739, 11.84999999999999432 ) ) ;
#2386 = CARTESIAN_POINT ( 'NONE',  ( 2.500000000000006661, 9.682458365518538557, 2.000000000000008882 ) ) ;
#2387 = CARTESIAN_POINT ( 'NONE',  ( -3.552324774695910570, 9.749922591737901101, 30.50000000000002132 ) ) ;
#2388 =( BOUNDED_SURFACE ( )  B_SPLINE_SURFACE ( 3, 2, ( 
 ( #1369, #3355, #333 ),
 ( #373, #1646, #3004 ),
 ( #2609, #2698, #1001 ),
 ( #1706, #1346, #1039 ),
 ( #3972, #1020, #1303 ),
 ( #1684, #3025, #4033 ),
 ( #3374, #46, #2631 ),
 ( #701, #719, #2674 ),
 ( #3995, #2325, #4015 ),
 ( #983, #2368, #3663 ) ),
 .UNSPECIFIED., .F., .F., .F. ) 
 B_SPLINE_SURFACE_WITH_KNOTS ( ( 4, 2, 2, 2, 4 ),
 ( 3, 3 ),
 ( 0.0006544811997845398745, 0.001050558711773182108, 0.001446636223761824233, 0.001842713735750466358, 0.002238791247739108699 ),
 ( 0.000000000000000000, 1.000000000000000000 ),
 .UNSPECIFIED. ) 
 GEOMETRIC_REPRESENTATION_ITEM ( )  RATIONAL_B_SPLINE_SURFACE ( (
 ( 1.000000000000000000, 0.7964205083999436052, 1.000000000000000000),
 ( 1.000000000000000000, 0.7964619237844540178, 1.000000000000000000),
 ( 1.000000000000000000, 0.7934554578191104213, 1.000000000000000000),
 ( 1.000000000000000000, 0.7825838097990323039, 1.000000000000000000),
 ( 1.000000000000000000, 0.7746799114931964825, 1.000000000000000000),
 ( 1.000000000000000000, 0.7564834614508709754, 1.000000000000000000),
 ( 1.000000000000000000, 0.7460610652511935337, 1.000000000000000000),
 ( 1.000000000000000000, 0.7257622722828745987, 1.000000000000000000),
 ( 1.000000000000000000, 0.7156241510517944437, 1.000000000000000000),
 ( 1.000000000000000000, 0.7071067811865477948, 1.000000000000000000) ) ) 
 REPRESENTATION_ITEM ( '' )  SURFACE ( )  );
#2389 = B_SPLINE_CURVE_WITH_KNOTS ( 'NONE', 3,
 ( #177, #2215, #1504, #1525, #2835, #857, #550, #2899 ),
 .UNSPECIFIED., .F., .F.,
 ( 4, 2, 2, 4 ),
 ( 0.000000000000000000, 0.0007796518878728878619, 0.001169477831809335533, 0.001559303775745783313 ),
 .UNSPECIFIED. ) ;
#2390 = CARTESIAN_POINT ( 'NONE',  ( -18.89087255236260887, 6.575474589591418173, 5.542223928281025280 ) ) ;
#2391 = AXIS2_PLACEMENT_3D ( 'NONE', #2983, #3665, #2903 ) ;
#2392 = FACE_OUTER_BOUND ( 'NONE', #4182, .T. ) ;
#2393 = EDGE_CURVE ( 'NONE', #223, #1430, #26, .T. ) ;
#2394 = CIRCLE ( 'NONE', #3377, 19.50000000000000000 ) ;
#2395 = EDGE_CURVE ( 'NONE', #4222, #2619, #3916, .T. ) ;
#2396 = DIRECTION ( 'NONE',  ( 1.000000000000000000, 0.000000000000000000, 0.000000000000000000 ) ) ;
#2397 = VECTOR ( 'NONE', #912, 1000.000000000000000 ) ;
#2398 = CARTESIAN_POINT ( 'NONE',  ( -15.61861335536225148, 11.67514097797966599, 44.50000000000000000 ) ) ;
#2399 = AXIS2_PLACEMENT_3D ( 'NONE', #775, #4046, #3038 ) ;
#2400 = ORIENTED_EDGE ( 'NONE', *, *, #785, .T. ) ;
#2401 = VERTEX_POINT ( 'NONE', #1861 ) ;
#2402 = VERTEX_POINT ( 'NONE', #2829 ) ;
#2403 = VERTEX_POINT ( 'NONE', #3570 ) ;
#2404 = EDGE_CURVE ( 'NONE', #1601, #3712, #4095, .T. ) ;
#2405 = DIRECTION ( 'NONE',  ( 0.000000000000000000, -0.000000000000000000, -1.000000000000000000 ) ) ;
#2406 = ORIENTED_EDGE ( 'NONE', *, *, #3016, .F. ) ;
#2407 = DIRECTION ( 'NONE',  ( 0.000000000000000000, 0.000000000000000000, 1.000000000000000000 ) ) ;
#2408 = LINE ( 'NONE', #3678, #72 ) ;
#2409 = EDGE_CURVE ( 'NONE', #3474, #4251, #1904, .T. ) ;
#2410 = CARTESIAN_POINT ( 'NONE',  ( 18.26493847703559226, 8.148980194236271402, 29.84727631938555703 ) ) ;
#2411 = EDGE_LOOP ( 'NONE', ( #2299, #2752, #3926, #404, #2846 ) ) ;
#2412 = CARTESIAN_POINT ( 'NONE',  ( -6.715071081233905836, -7.411133017547633095, 29.49999999999998934 ) ) ;
#2413 = CARTESIAN_POINT ( 'NONE',  ( 15.00000000000000000, 6.000000000000001776, 9.999999999999994671 ) ) ;
#2414 = CARTESIAN_POINT ( 'NONE',  ( -3.831105470711487992, 9.237160751193188801, 30.23453916569480526 ) ) ;
#2415 = CARTESIAN_POINT ( 'NONE',  ( 15.98443146362104805, -12.02271416798430614, 5.197618629675539559 ) ) ;
#2416 = ADVANCED_FACE ( 'NONE', ( #4288 ), #4204, .T. ) ;
#2417 = CARTESIAN_POINT ( 'NONE',  ( -16.01909062088434155, -11.97450356715865638, 30.42594663920912268 ) ) ;
#2418 = ORIENTED_EDGE ( 'NONE', *, *, #3652, .F. ) ;
#2419 = EDGE_CURVE ( 'NONE', #883, #3409, #2660, .T. ) ;
#2420 = LINE ( 'NONE', #3427, #2115 ) ;
#2421 = AXIS2_PLACEMENT_3D ( 'NONE', #1453, #201, #1196 ) ;
#2422 = DIRECTION ( 'NONE',  ( -0.000000000000000000, 1.000000000000000000, -0.000000000000000000 ) ) ;
#2423 = AXIS2_PLACEMENT_3D ( 'NONE', #3108, #2019, #3680 ) ;
#2424 = DIRECTION ( 'NONE',  ( -0.8929315722447837000, 0.4501924114070100513, 0.000000000000000000 ) ) ;
#2425 = ORIENTED_EDGE ( 'NONE', *, *, #4057, .T. ) ;
#2426 = ORIENTED_EDGE ( 'NONE', *, *, #293, .F. ) ;
#2427 = ORIENTED_EDGE ( 'NONE', *, *, #204, .F. ) ;
#2428 = AXIS2_PLACEMENT_3D ( 'NONE', #3265, #3619, #1907 ) ;
#2429 = CARTESIAN_POINT ( 'NONE',  ( -1.500633313466603003, -19.29733158977153806, 30.06992732977978022 ) ) ;
#2430 = VECTOR ( 'NONE', #3252, 1000.000000000000000 ) ;
#2431 = FACE_OUTER_BOUND ( 'NONE', #2908, .T. ) ;
#2432 = PLANE ( 'NONE',  #1038 ) ;
#2433 = CARTESIAN_POINT ( 'NONE',  ( 0.000000000000000000, 0.000000000000000000, 20.00000000000000000 ) ) ;
#2434 = EDGE_LOOP ( 'NONE', ( #3736, #975, #3197 ) ) ;
#2435 = CARTESIAN_POINT ( 'NONE',  ( 18.37976959730893967, 7.885687639631567158, 30.50000000000000000 ) ) ;
#2436 = CYLINDRICAL_SURFACE ( 'NONE', #3841, 0.5000000000000004441 ) ;
#2437 = DIRECTION ( 'NONE',  ( 0.000000000000000000, 0.000000000000000000, -1.000000000000000000 ) ) ;
#2438 = EDGE_CURVE ( 'NONE', #1051, #777, #583, .T. ) ;
#2439 = DIRECTION ( 'NONE',  ( 0.000000000000000000, -1.000000000000000000, 0.000000000000000000 ) ) ;
#2440 = CARTESIAN_POINT ( 'NONE',  ( -16.02513758129047261, -11.96642566463763480, 30.35374459231892175 ) ) ;
#2441 = VERTEX_POINT ( 'NONE', #2009 ) ;
#2442 = DIRECTION ( 'NONE',  ( -0.5482052197016540340, -0.8363438509918401653, 0.000000000000000000 ) ) ;
#2443 = AXIS2_PLACEMENT_3D ( 'NONE', #4303, #4263, #1351 ) ;
#2444 = DIRECTION ( 'NONE',  ( -0.000000000000000000, -0.000000000000000000, -1.000000000000000000 ) ) ;
#2445 = ORIENTED_EDGE ( 'NONE', *, *, #3052, .F. ) ;
#2446 = CARTESIAN_POINT ( 'NONE',  ( 17.41216565877325806, 8.778752022436748348, 30.00000000000000000 ) ) ;
#2447 = EDGE_LOOP ( 'NONE', ( #1930, #2775, #1467, #4169 ) ) ;
#2448 = CARTESIAN_POINT ( 'NONE',  ( -2.301662002013975084, 19.36368642662045048, 45.00000000000000000 ) ) ;
#2449 = ORIENTED_EDGE ( 'NONE', *, *, #1895, .F. ) ;
#2450 = CARTESIAN_POINT ( 'NONE',  ( -10.79954334058803411, 16.83365213488281498, 8.642951196744334652 ) ) ;
#2451 = CARTESIAN_POINT ( 'NONE',  ( -6.667518262957305097, -7.951364793950612686, 30.43398468060174267 ) ) ;
#2452 = VECTOR ( 'NONE', #2538, 1000.000000000000000 ) ;
#2453 = DIRECTION ( 'NONE',  ( 1.000000000000000000, 0.000000000000000000, 0.000000000000000000 ) ) ;
#2454 = EDGE_CURVE ( 'NONE', #2402, #2777, #2108, .T. ) ;
#2455 = VERTEX_POINT ( 'NONE', #3961 ) ;
#2456 = ORIENTED_EDGE ( 'NONE', *, *, #746, .F. ) ;
#2457 = CARTESIAN_POINT ( 'NONE',  ( -14.73798030710640639, -13.52585896075066252, 9.999999999999992895 ) ) ;
#2458 = CARTESIAN_POINT ( 'NONE',  ( 17.49826198623418350, 7.956695993255809007, 44.50000000000000000 ) ) ;
#2459 = DIRECTION ( 'NONE',  ( 0.000000000000000000, 0.000000000000000000, 1.000000000000000000 ) ) ;
#2460 = DIRECTION ( 'NONE',  ( -0.000000000000000000, 0.000000000000000000, -1.000000000000000000 ) ) ;
#2461 = ORIENTED_EDGE ( 'NONE', *, *, #1123, .F. ) ;
#2462 = DIRECTION ( 'NONE',  ( 0.8929315722447837000, 0.4501924114070100513, 0.000000000000000000 ) ) ;
#2463 = CIRCLE ( 'NONE', #733, 15.50000000000000000 ) ;
#2464 = CIRCLE ( 'NONE', #3029, 10.50000000000000000 ) ;
#2465 = DIRECTION ( 'NONE',  ( 0.000000000000000000, 0.000000000000000000, 1.000000000000000000 ) ) ;
#2466 = AXIS2_PLACEMENT_3D ( 'NONE', #1224, #642, #3626 ) ;
#2467 = ORIENTED_EDGE ( 'NONE', *, *, #3272, .F. ) ;
#2468 = CARTESIAN_POINT ( 'NONE',  ( -15.58247770472314642, -12.53941354519133000, 5.064476126531676670 ) ) ;
#2469 = EDGE_LOOP ( 'NONE', ( #2894, #3963, #2418, #1297 ) ) ;
#2470 = AXIS2_PLACEMENT_3D ( 'NONE', #3716, #4029, #2756 ) ;
#2471 = CARTESIAN_POINT ( 'NONE',  ( 9.870103030868691008, -1.650821116571148384, 30.50000000000002132 ) ) ;
#2472 = ORIENTED_EDGE ( 'NONE', *, *, #2956, .T. ) ;
#2473 = CARTESIAN_POINT ( 'NONE',  ( -12.43589792631721025, 15.66610023296464327, 11.02577014944569811 ) ) ;
#2474 = DIRECTION ( 'NONE',  ( -0.000000000000000000, -0.000000000000000000, 1.000000000000000000 ) ) ;
#2475 = AXIS2_PLACEMENT_3D ( 'NONE', #2183, #1488, #2818 ) ;
#2476 = CARTESIAN_POINT ( 'NONE',  ( 9.775745167709258610, 2.109942056722880377, 29.50000000000000000 ) ) ;
#2477 = B_SPLINE_CURVE_WITH_KNOTS ( 'NONE', 3,
 ( #1947, #3322, #1295, #2298, #1315, #3632 ),
 .UNSPECIFIED., .F., .F.,
 ( 4, 2, 4 ),
 ( 0.000000000000000000, 0.0004101051464365138119, 0.0008202102928730276238 ),
 .UNSPECIFIED. ) ;
#2478 = ORIENTED_EDGE ( 'NONE', *, *, #3393, .T. ) ;
#2479 = ORIENTED_EDGE ( 'NONE', *, *, #1819, .T. ) ;
#2480 = CARTESIAN_POINT ( 'NONE',  ( -12.85005245253334927, -15.32605683871187274, 8.789418572852671474 ) ) ;
#2481 = AXIS2_PLACEMENT_3D ( 'NONE', #483, #1154, #4214 ) ;
#2482 = CARTESIAN_POINT ( 'NONE',  ( -12.52345550448367284, -15.59379443932263598, 7.107139860938517018 ) ) ;
#2483 = CARTESIAN_POINT ( 'NONE',  ( 1.996917054844583372, 8.268756710468393223, 30.00000000000000000 ) ) ;
#2484 = DIRECTION ( 'NONE',  ( 1.000000000000000000, 0.000000000000000000, 0.000000000000000000 ) ) ;
#2485 = CARTESIAN_POINT ( 'NONE',  ( 2.500000000000003109, 15.00000000000000000, 20.00000000000000000 ) ) ;
#2486 = CARTESIAN_POINT ( 'NONE',  ( 14.77977353291942464, 13.47846989704134302, 3.150000000000002132 ) ) ;
#2487 = ORIENTED_EDGE ( 'NONE', *, *, #1021, .F. ) ;
#2488 = EDGE_CURVE ( 'NONE', #2455, #487, #2275, .T. ) ;
#2489 = DIRECTION ( 'NONE',  ( -0.000000000000000000, -0.000000000000000000, -1.000000000000000000 ) ) ;
#2490 = EDGE_CURVE ( 'NONE', #2769, #3302, #2477, .T. ) ;
#2491 = CARTESIAN_POINT ( 'NONE',  ( -4.048490851502433152, 9.688122719355957813, 30.50000000000000000 ) ) ;
#2492 = ORIENTED_EDGE ( 'NONE', *, *, #3408, .F. ) ;
#2493 = CARTESIAN_POINT ( 'NONE',  ( -17.12309521147282609, -10.33568736028186485, 6.168080960007189084 ) ) ;
#2494 = ORIENTED_EDGE ( 'NONE', *, *, #3484, .T. ) ;
#2495 = CARTESIAN_POINT ( 'NONE',  ( 9.918481729233004529, -1.274252795512360148, 30.50000000000004263 ) ) ;
#2496 = AXIS2_PLACEMENT_3D ( 'NONE', #4056, #1059, #741 ) ;
#2497 = EDGE_LOOP ( 'NONE', ( #546, #2140, #285, #2074 ) ) ;
#2498 = CARTESIAN_POINT ( 'NONE',  ( -16.31882379280198236, -4.809994912976777393, 44.50000000000000000 ) ) ;
#2499 = CARTESIAN_POINT ( 'NONE',  ( -19.97498435543818118, 1.000000000000000222, 0.3678597009769129511 ) ) ;
#2500 = FACE_OUTER_BOUND ( 'NONE', #1144, .T. ) ;
#2501 = ORIENTED_EDGE ( 'NONE', *, *, #58, .T. ) ;
#2502 = VERTEX_POINT ( 'NONE', #4307 ) ;
#2503 = EDGE_CURVE ( 'NONE', #1430, #223, #4133, .T. ) ;
#2504 = CARTESIAN_POINT ( 'NONE',  ( -1.541902802869177469, 19.27882443232402210, 30.08721769314678340 ) ) ;
#2505 = FACE_BOUND ( 'NONE', #822, .T. ) ;
#2506 = DIRECTION ( 'NONE',  ( 0.000000000000000000, 0.000000000000000000, 1.000000000000000000 ) ) ;
#2507 = EDGE_CURVE ( 'NONE', #2301, #2929, #2803, .T. ) ;
#2508 = FACE_OUTER_BOUND ( 'NONE', #4086, .T. ) ;
#2509 = CARTESIAN_POINT ( 'NONE',  ( 13.85328973437248834, 14.42881236321119509, 11.70354369646430115 ) ) ;
#2510 = VERTEX_POINT ( 'NONE', #2334 ) ;
#2511 = EDGE_CURVE ( 'NONE', #428, #4177, #1431, .T. ) ;
#2512 = CARTESIAN_POINT ( 'NONE',  ( -16.72687701983679887, 10.96410439403309489, 30.00000000000000000 ) ) ;
#2513 = DIRECTION ( 'NONE',  ( 0.000000000000000000, 1.000000000000000000, 0.000000000000000000 ) ) ;
#2514 = VERTEX_POINT ( 'NONE', #3985 ) ;
#2515 = CARTESIAN_POINT ( 'NONE',  ( 9.853384964325082152, -1.740709543433366591, 30.19839419181714035 ) ) ;
#2516 = VERTEX_POINT ( 'NONE', #1357 ) ;
#2517 = CARTESIAN_POINT ( 'NONE',  ( -11.23793753469892032, 16.54500995799946494, 5.293000812376098096 ) ) ;
#2518 = CARTESIAN_POINT ( 'NONE',  ( -19.47434209415045103, 1.000000000000000000, 0.000000000000000000 ) ) ;
#2519 = CARTESIAN_POINT ( 'NONE',  ( 17.85863144489562515, -9.003848228140300947, 29.50000000000000000 ) ) ;
#2520 = EDGE_CURVE ( 'NONE', #4209, #3324, #3943, .T. ) ;
#2521 = ORIENTED_EDGE ( 'NONE', *, *, #1411, .T. ) ;
#2522 = EDGE_LOOP ( 'NONE', ( #861, #2425, #3780, #780 ) ) ;
#2523 = CARTESIAN_POINT ( 'NONE',  ( -15.00000000000000178, -13.22875655532295269, 9.999999999999998224 ) ) ;
#2524 = AXIS2_PLACEMENT_3D ( 'NONE', #3171, #1517, #1814 ) ;
#2525 = CARTESIAN_POINT ( 'NONE',  ( -19.73571644218078447, -0.9999999999999997780, 0.05405397882978597857 ) ) ;
#2526 = FACE_OUTER_BOUND ( 'NONE', #2069, .T. ) ;
#2527 = DIRECTION ( 'NONE',  ( -0.5363010892300624777, -0.8440267422840633804, -1.464153004192389832E-15 ) ) ;
#2528 = CARTESIAN_POINT ( 'NONE',  ( -15.61861335536223017, -11.67514097797968731, 44.50000000000000000 ) ) ;
#2529 = ORIENTED_EDGE ( 'NONE', *, *, #1545, .T. ) ;
#2530 = CARTESIAN_POINT ( 'NONE',  ( 10.41440581569465529, -1.337965435287976401, 44.50000000000000000 ) ) ;
#2531 = B_SPLINE_CURVE_WITH_KNOTS ( 'NONE', 3,
 ( #4302, #1306, #2347, #3980, #705, #2311, #2022, #986, #379, #3646, #662, #3033, #53, #1983, #2704, #3316, #3091, #1731, #2743, #3071, #91, #114, #135, #1459, #2791, #4080, #442, #1435, #2415, #1775, #3749, #2086, #2767, #463 ),
 .UNSPECIFIED., .F., .F.,
 ( 4, 2, 2, 2, 2, 2, 2, 2, 2, 2, 2, 2, 2, 2, 2, 2, 4 ),
 ( 1.734723475976807094E-18, 0.001345525893623850675, 0.002691051787247699615, 0.003363814734059626145, 0.004036577680871553109, 0.004709340627683479205, 0.005045722101089443121, 0.005382103574495405302, 0.006054866521307329663, 0.006391247994713290109, 0.006727629468119251423, 0.007400392414931166243, 0.008073155361743080197, 0.008745918308554997619, 0.009418681255366911573, 0.01009144420217883246, 0.01076420714899075336 ),
 .UNSPECIFIED. ) ;
#2532 = CARTESIAN_POINT ( 'NONE',  ( 0.000000000000000000, 0.000000000000000000, 20.00000000000000000 ) ) ;
#2533 = ORIENTED_EDGE ( 'NONE', *, *, #2867, .T. ) ;
#2534 = CARTESIAN_POINT ( 'NONE',  ( 9.870103030318123416, -1.650821119636760814, 30.41996400438942061 ) ) ;
#2535 = AXIS2_PLACEMENT_3D ( 'NONE', #3578, #923, #4277 ) ;
#2536 = CARTESIAN_POINT ( 'NONE',  ( -6.447237928740107371, 7.645047510681104441, 29.62407421312258293 ) ) ;
#2537 = DIRECTION ( 'NONE',  ( -0.000000000000000000, -0.000000000000000000, -1.000000000000000000 ) ) ;
#2538 = DIRECTION ( 'NONE',  ( -0.000000000000000000, 1.000000000000000000, -0.000000000000000000 ) ) ;
#2539 = ADVANCED_FACE ( 'NONE', ( #2690 ), #3693, .F. ) ;
#2540 = VERTEX_POINT ( 'NONE', #1031 ) ;
#2541 = AXIS2_PLACEMENT_3D ( 'NONE', #2977, #956, #4312 ) ;
#2542 = ORIENTED_EDGE ( 'NONE', *, *, #3923, .F. ) ;
#2543 = CARTESIAN_POINT ( 'NONE',  ( -1.131754425058864255, 19.96795262217335321, 29.50000000000000000 ) ) ;
#2544 = ADVANCED_FACE ( 'NONE', ( #3653 ), #3904, .T. ) ;
#2545 = CARTESIAN_POINT ( 'NONE',  ( -13.92991487799903005, -14.35641101245725970, 5.222455180745720682 ) ) ;
#2546 = FACE_OUTER_BOUND ( 'NONE', #2798, .T. ) ;
#2547 = AXIS2_PLACEMENT_3D ( 'NONE', #1756, #2465, #57 ) ;
#2548 = CARTESIAN_POINT ( 'NONE',  ( -2.301662002013971087, -19.36368642662045048, 44.50000000000000000 ) ) ;
#2549 = CARTESIAN_POINT ( 'NONE',  ( 11.40155201755369596, 16.43346770774526888, 5.036869545879044452 ) ) ;
#2550 = ORIENTED_EDGE ( 'NONE', *, *, #408, .T. ) ;
#2551 = EDGE_CURVE ( 'NONE', #555, #2578, #814, .T. ) ;
#2552 = DIRECTION ( 'NONE',  ( 1.000000000000000000, 0.000000000000000000, 0.000000000000000000 ) ) ;
#2553 = EDGE_CURVE ( 'NONE', #1746, #1165, #1081, .T. ) ;
#2554 = EDGE_CURVE ( 'NONE', #1613, #3039, #3880, .T. ) ;
#2555 = AXIS2_PLACEMENT_3D ( 'NONE', #722, #2345, #89 ) ;
#2556 = DIRECTION ( 'NONE',  ( -0.000000000000000000, -0.000000000000000000, 1.000000000000000000 ) ) ;
#2557 = ORIENTED_EDGE ( 'NONE', *, *, #4191, .T. ) ;
#2558 = CARTESIAN_POINT ( 'NONE',  ( -2.500000000000000444, 11.73669459430547057, 3.061616997868383634E-16 ) ) ;
#2559 = CARTESIAN_POINT ( 'NONE',  ( -6.564359491654194301, 7.548464857745909029, 30.04644767681648787 ) ) ;
#2560 = CARTESIAN_POINT ( 'NONE',  ( -3.855705572859459807, -9.226783542243770952, 45.00000000000000000 ) ) ;
#2561 = EDGE_LOOP ( 'NONE', ( #4123, #2953, #3941 ) ) ;
#2562 = ORIENTED_EDGE ( 'NONE', *, *, #2689, .T. ) ;
#2563 = EDGE_CURVE ( 'NONE', #2912, #1342, #2966, .T. ) ;
#2564 = AXIS2_PLACEMENT_3D ( 'NONE', #4231, #1234, #1703 ) ;
#2565 = FACE_OUTER_BOUND ( 'NONE', #1965, .T. ) ;
#2566 = CARTESIAN_POINT ( 'NONE',  ( -2.360678976424586129, 19.86019120679020489, 30.42594663920910492 ) ) ;
#2567 = CARTESIAN_POINT ( 'NONE',  ( 17.49826198623418705, 7.956695993255809007, 30.00000000000000000 ) ) ;
#2568 = DIRECTION ( 'NONE',  ( 0.6810742750368491416, 0.7322143346609861769, 0.000000000000000000 ) ) ;
#2569 = VECTOR ( 'NONE', #3983, 1000.000000000000000 ) ;
#2570 = AXIS2_PLACEMENT_3D ( 'NONE', #935, #3576, #269 ) ;
#2571 = AXIS2_PLACEMENT_3D ( 'NONE', #1699, #4048, #3758 ) ;
#2572 = CARTESIAN_POINT ( 'NONE',  ( 18.36388303581273362, -7.922933768239095897, 30.21139694066554426 ) ) ;
#2573 = FACE_OUTER_BOUND ( 'NONE', #3432, .T. ) ;
#2574 = ORIENTED_EDGE ( 'NONE', *, *, #3264, .F. ) ;
#2575 = ADVANCED_FACE ( 'NONE', ( #1466 ), #606, .T. ) ;
#2576 = CIRCLE ( 'NONE', #1250, 0.5000000000000009992 ) ;
#2577 = CARTESIAN_POINT ( 'NONE',  ( -1.541179504717215876, -19.27914747003613627, 30.08696400434255835 ) ) ;
#2578 = VERTEX_POINT ( 'NONE', #1440 ) ;
#2579 = CARTESIAN_POINT ( 'NONE',  ( 13.16421366750026323, -15.05736446817925689, 9.205886459976918346 ) ) ;
#2580 = CARTESIAN_POINT ( 'NONE',  ( -6.615644452190642788, 7.502232142190850439, 30.01644470337407711 ) ) ;
#2581 = CARTESIAN_POINT ( 'NONE',  ( -16.64591904305207137, 11.08761417401930416, 29.50000000000000355 ) ) ;
#2582 = ORIENTED_EDGE ( 'NONE', *, *, #95, .F. ) ;
#2583 = EDGE_LOOP ( 'NONE', ( #3212, #516, #1637, #2102, #1902 ) ) ;
#2584 = CARTESIAN_POINT ( 'NONE',  ( 9.949874371066197654, -0.9999999999999978906, 45.00000000000000000 ) ) ;
#2585 =( BOUNDED_SURFACE ( )  B_SPLINE_SURFACE ( 3, 2, ( 
 ( #2863, #2512, #3849 ),
 ( #1090, #1439, #140 ),
 ( #3163, #862, #118 ),
 ( #2794, #2770, #3495 ),
 ( #3776, #1132, #843 ),
 ( #1780, #773, #3754 ),
 ( #2181, #1160, #1465 ),
 ( #3518, #3471, #3186 ),
 ( #4132, #512, #1827 ),
 ( #3803, #819, #161 ) ),
 .UNSPECIFIED., .F., .F., .F. ) 
 B_SPLINE_SURFACE_WITH_KNOTS ( ( 4, 2, 2, 2, 4 ),
 ( 3, 3 ),
 ( 0.0009721917445161473714, 0.001403373263355374044, 0.001834554782194600716, 0.002265736301033827171, 0.002696917819873054060 ),
 ( 0.000000000000000000, 1.000000000000000000 ),
 .UNSPECIFIED. ) 
 GEOMETRIC_REPRESENTATION_ITEM ( )  RATIONAL_B_SPLINE_SURFACE ( (
 ( 1.000000000000000000, 0.7071067811865462405, 1.000000000000000000),
 ( 1.000000000000000000, 0.6835146894880685942, 1.000000000000000000),
 ( 1.000000000000000000, 0.6591840105569666264, 1.000000000000000000),
 ( 1.000000000000000000, 0.6085921440375556823, 1.000000000000000000),
 ( 1.000000000000000000, 0.5827933127390383383, 1.000000000000000000),
 ( 1.000000000000000000, 0.5342256729469099241, 1.000000000000000000),
 ( 1.000000000000000000, 0.5111879186863127478, 1.000000000000000000),
 ( 1.000000000000000000, 0.4770344470202247389, 1.000000000000000000),
 ( 1.000000000000000000, 0.4667466272203636968, 1.000000000000000000),
 ( 1.000000000000000000, 0.4667998985998745298, 1.000000000000000000) ) ) 
 REPRESENTATION_ITEM ( '' )  SURFACE ( )  );
#2586 = CARTESIAN_POINT ( 'NONE',  ( -16.51133680203324872, -11.29929861872595787, 30.42667927004867678 ) ) ;
#2587 = CARTESIAN_POINT ( 'NONE',  ( -15.67410266529291363, -11.15200644666174590, 30.32694525254990836 ) ) ;
#2588 = ADVANCED_FACE ( 'NONE', ( #2377 ), #2092, .T. ) ;
#2589 = FACE_BOUND ( 'NONE', #2031, .T. ) ;
#2590 = CARTESIAN_POINT ( 'NONE',  ( 2.500000000000003109, 9.682458365518538557, 20.00000000000000000 ) ) ;
#2591 = AXIS2_PLACEMENT_3D ( 'NONE', #4224, #4153, #4197 ) ;
#2592 = VERTEX_POINT ( 'NONE', #709 ) ;
#2593 = DIRECTION ( 'NONE',  ( 0.7975849816390756519, 0.6032065956733195788, 1.106871513388667175E-14 ) ) ;
#2594 = ADVANCED_FACE ( 'NONE', ( #2114 ), #2774, .F. ) ;
#2595 = FACE_OUTER_BOUND ( 'NONE', #3525, .T. ) ;
#2596 = CARTESIAN_POINT ( 'NONE',  ( -3.552324774695911014, 9.749922591737899324, 30.50000000000000000 ) ) ;
#2597 = VERTEX_POINT ( 'NONE', #3385 ) ;
#2598 = CARTESIAN_POINT ( 'NONE',  ( -15.00000000000000000, 1.000000000000000888, 7.500000000000000000 ) ) ;
#2599 = CARTESIAN_POINT ( 'NONE',  ( -6.667518262028889531, 7.951364793248434815, 30.50000000000000000 ) ) ;
#2600 = CARTESIAN_POINT ( 'NONE',  ( 15.94928391448983973, 12.07312857288145125, 11.75163812210730008 ) ) ;
#2601 = ORIENTED_EDGE ( 'NONE', *, *, #2503, .T. ) ;
#2602 = ORIENTED_EDGE ( 'NONE', *, *, #3649, .F. ) ;
#2603 = ORIENTED_EDGE ( 'NONE', *, *, #3745, .T. ) ;
#2604 = DIRECTION ( 'NONE',  ( -1.000000000000000000, 0.000000000000000000, 0.000000000000000000 ) ) ;
#2605 = CARTESIAN_POINT ( 'NONE',  ( -1.131754425058864921, 19.96795262217335676, 29.50000000000000000 ) ) ;
#2606 = DIRECTION ( 'NONE',  ( 0.05658772125294293798, -0.9983976311086677491, 0.000000000000000000 ) ) ;
#2607 = CARTESIAN_POINT ( 'NONE',  ( -2.499999999999994227, 9.682458365518542109, 45.00000000000000000 ) ) ;
#2608 = VECTOR ( 'NONE', #3305, 1000.000000000000000 ) ;
#2609 = CARTESIAN_POINT ( 'NONE',  ( -3.539900924515233527, -9.758875080960272896, 30.36729378104334032 ) ) ;
#2610 = CIRCLE ( 'NONE', #734, 20.00000000000000000 ) ;
#2611 = AXIS2_PLACEMENT_3D ( 'NONE', #2909, #1635, #4244 ) ;
#2612 = CARTESIAN_POINT ( 'NONE',  ( 0.6490409095523316241, 9.980209883770850610, 22.41982458053154303 ) ) ;
#2613 = CARTESIAN_POINT ( 'NONE',  ( 15.00000000000000000, 6.000000000000001776, 7.500000000000000000 ) ) ;
#2614 = AXIS2_PLACEMENT_3D ( 'NONE', #361, #3253, #988 ) ;
#2615 = DIRECTION ( 'NONE',  ( 1.000000000000000000, 0.000000000000000000, 0.000000000000000000 ) ) ;
#2616 = CIRCLE ( 'NONE', #400, 15.99999999999999645 ) ;
#2617 = DIRECTION ( 'NONE',  ( 0.000000000000000000, -1.000000000000000000, 0.000000000000000000 ) ) ;
#2618 = CARTESIAN_POINT ( 'NONE',  ( -1.420039427626064610, -19.97200020198730641, 30.52407114742795002 ) ) ;
#2619 = VERTEX_POINT ( 'NONE', #403 ) ;
#2620 = EDGE_CURVE ( 'NONE', #61, #1034, #3243, .T. ) ;
#2621 = CARTESIAN_POINT ( 'NONE',  ( 12.84609686152429475, -15.32936274377267338, 8.782598979260434646 ) ) ;
#2622 = CARTESIAN_POINT ( 'NONE',  ( -15.00000000000000000, 13.22875655532295269, 11.84999999999999787 ) ) ;
#2623 = ORIENTED_EDGE ( 'NONE', *, *, #3418, .F. ) ;
#2624 = ORIENTED_EDGE ( 'NONE', *, *, #706, .T. ) ;
#2625 = ORIENTED_EDGE ( 'NONE', *, *, #2112, .T. ) ;
#2626 = DIRECTION ( 'NONE',  ( 1.000000000000000000, 0.000000000000000000, 0.000000000000000000 ) ) ;
#2627 = B_SPLINE_CURVE_WITH_KNOTS ( 'NONE', 3,
 ( #702, #3026, #1747, #3420, #3767, #3356, #2412, #395 ),
 .UNSPECIFIED., .F., .F.,
 ( 4, 2, 2, 4 ),
 ( 0.000000000000000000, 0.0007796518878728955597, 0.001169477831809339436, 0.001559303775745783747 ),
 .UNSPECIFIED. ) ;
#2628 = CARTESIAN_POINT ( 'NONE',  ( -16.64501015676457385, -11.08900077420201136, 29.49999999081718016 ) ) ;
#2629 = CARTESIAN_POINT ( 'NONE',  ( -1.279196020535114497, -19.95959584763190264, 29.50000000000000000 ) ) ;
#2630 = CARTESIAN_POINT ( 'NONE',  ( -3.676054753284200061, -9.300250545861642237, 29.89047147463448439 ) ) ;
#2631 = CARTESIAN_POINT ( 'NONE',  ( -3.397186393018844619, -9.405995585872028997, 29.62407421312258293 ) ) ;
#2632 = EDGE_CURVE ( 'NONE', #1519, #1600, #171, .T. ) ;
#2633 = AXIS2_PLACEMENT_3D ( 'NONE', #4212, #3440, #3792 ) ;
#2634 = DIRECTION ( 'NONE',  ( -1.000000000000000000, 0.000000000000000000, 0.000000000000000000 ) ) ;
#2635 = AXIS2_PLACEMENT_3D ( 'NONE', #1355, #1655, #1693 ) ;
#2636 = DIRECTION ( 'NONE',  ( -0.000000000000000000, 1.000000000000000000, -0.000000000000000000 ) ) ;
#2637 = ADVANCED_FACE ( 'NONE', ( #2204 ), #560, .F. ) ;
#2638 = VECTOR ( 'NONE', #3660, 1000.000000000000000 ) ;
#2639 = CARTESIAN_POINT ( 'NONE',  ( -15.00000000000000000, 13.22875655532295269, 3.150000000000002576 ) ) ;
#2640 = VECTOR ( 'NONE', #2617, 1000.000000000000000 ) ;
#2641 = AXIS2_PLACEMENT_3D ( 'NONE', #3078, #1095, #3348 ) ;
#2642 = CARTESIAN_POINT ( 'NONE',  ( -16.11861335536224971, 11.67514097797966244, 44.50000000000000000 ) ) ;
#2643 = ADVANCED_FACE ( 'NONE', ( #2161 ), #3498, .T. ) ;
#2644 = CARTESIAN_POINT ( 'NONE',  ( -16.31882379280198592, 4.809994912976760517, 30.00000000000000000 ) ) ;
#2645 = COLOUR_RGB ( '',0.7921568627450980005, 0.8196078431372548767, 0.9333333333333333481 ) ;
#2646 = CARTESIAN_POINT ( 'NONE',  ( -2.499999999999994671, 10.36903781435514205, 1.335222307201874292 ) ) ;
#2647 = DIRECTION ( 'NONE',  ( 0.000000000000000000, 0.000000000000000000, 1.000000000000000000 ) ) ;
#2648 = ORIENTED_EDGE ( 'NONE', *, *, #443, .F. ) ;
#2649 = ORIENTED_EDGE ( 'NONE', *, *, #576, .F. ) ;
#2650 = ORIENTED_EDGE ( 'NONE', *, *, #1133, .F. ) ;
#2651 = DIRECTION ( 'NONE',  ( -0.000000000000000000, -0.000000000000000000, -1.000000000000000000 ) ) ;
#2652 = DIRECTION ( 'NONE',  ( -1.000000000000000000, 0.000000000000000000, 0.000000000000000000 ) ) ;
#2653 = LINE ( 'NONE', #2567, #763 ) ;
#2654 = CARTESIAN_POINT ( 'NONE',  ( 12.32498968311279341, 11.72751850796005968, 30.50000000000000000 ) ) ;
#2655 = DIRECTION ( 'NONE',  ( 0.000000000000000000, -1.000000000000000000, 0.000000000000000000 ) ) ;
#2656 = CARTESIAN_POINT ( 'NONE',  ( -2.483662514035815505, 9.686718023037016678, 20.32877702581876989 ) ) ;
#2657 = AXIS2_PLACEMENT_3D ( 'NONE', #54, #3382, #2725 ) ;
#2658 = CARTESIAN_POINT ( 'NONE',  ( 18.37976959730894322, -7.885687639631558277, 30.50000000000000000 ) ) ;
#2659 = CARTESIAN_POINT ( 'NONE',  ( -16.80091752412298689, 10.87496355789282987, 3.515621103318425256 ) ) ;
#2660 = CIRCLE ( 'NONE', #791, 0.5000000000000001110 ) ;
#2661 = CARTESIAN_POINT ( 'NONE',  ( -1.858430132767708631, 19.13228739878225682, 30.50000000000000000 ) ) ;
#2662 = CARTESIAN_POINT ( 'NONE',  ( -1.103460564432392488, -19.46875380661902000, 30.00000000000000000 ) ) ;
#2663 = APPLICATION_CONTEXT ( 'automotive_design' ) ;
#2664 = CARTESIAN_POINT ( 'NONE',  ( 10.41440581569465529, -1.337965435287977733, 44.50000000000000000 ) ) ;
#2665 = CARTESIAN_POINT ( 'NONE',  ( 9.918481729233004529, 1.274252795512366587, 30.50000000000000000 ) ) ;
#2666 = ORIENTED_EDGE ( 'NONE', *, *, #732, .T. ) ;
#2667 = FACE_BOUND ( 'NONE', #2755, .T. ) ;
#2668 = VERTEX_POINT ( 'NONE', #1558 ) ;
#2669 = EDGE_LOOP ( 'NONE', ( #2461, #1992, #562 ) ) ;
#2670 = CARTESIAN_POINT ( 'NONE',  ( -1.819991739662731423, -19.15058969860150029, 30.32535541373058408 ) ) ;
#2671 = CARTESIAN_POINT ( 'NONE',  ( -19.97498435543817763, -0.9999999999999997780, 0.5000000000000143219 ) ) ;
#2672 = DIRECTION ( 'NONE',  ( 0.000000000000000000, 0.000000000000000000, 1.000000000000000000 ) ) ;
#2673 = EDGE_CURVE ( 'NONE', #786, #284, #329, .T. ) ;
#2674 = CARTESIAN_POINT ( 'NONE',  ( -3.176678309693318436, -9.482739228043785218, 29.52584236959653907 ) ) ;
#2675 = LINE ( 'NONE', #4017, #3683 ) ;
#2676 = ADVANCED_FACE ( 'NONE', ( #1854 ), #3187, .T. ) ;
#2677 = CARTESIAN_POINT ( 'NONE',  ( 1.985856558864101062, 9.801272308701458158, 21.52734960053820856 ) ) ;
#2678 = AXIS2_PLACEMENT_3D ( 'NONE', #409, #1343, #1702 ) ;
#2679 = DIRECTION ( 'NONE',  ( 0.000000000000000000, -0.000000000000000000, -1.000000000000000000 ) ) ;
#2680 = AXIS2_PLACEMENT_3D ( 'NONE', #1754, #3096, #2462 ) ;
#2681 = AXIS2_PLACEMENT_3D ( 'NONE', #1208, #866, #2120 ) ;
#2682 = FACE_OUTER_BOUND ( 'NONE', #2447, .T. ) ;
#2683 = AXIS2_PLACEMENT_3D ( 'NONE', #343, #992, #3017 ) ;
#2684 = CARTESIAN_POINT ( 'NONE',  ( -1.103460564432393376, 19.46875380661902000, 30.00000000000000000 ) ) ;
#2685 = CYLINDRICAL_SURFACE ( 'NONE', #111, 10.00000000000000000 ) ;
#2686 = ADVANCED_FACE ( 'NONE', ( #491 ), #394, .T. ) ;
#2687 = CIRCLE ( 'NONE', #473, 0.5000000000000002220 ) ;
#2688 = DIRECTION ( 'NONE',  ( 0.9930095603395110437, -0.1180339488212235333, 0.000000000000000000 ) ) ;
#2689 = EDGE_CURVE ( 'NONE', #779, #3712, #1847, .T. ) ;
#2690 = FACE_OUTER_BOUND ( 'NONE', #4050, .T. ) ;
#2691 = ORIENTED_EDGE ( 'NONE', *, *, #3264, .T. ) ;
#2692 = FACE_OUTER_BOUND ( 'NONE', #3766, .T. ) ;
#2693 = ORIENTED_EDGE ( 'NONE', *, *, #2395, .T. ) ;
#2694 = EDGE_LOOP ( 'NONE', ( #154, #939, #2380, #1274, #3220 ) ) ;
#2695 = DIRECTION ( 'NONE',  ( 1.000000000000000000, 0.000000000000000000, 1.387778780781446780E-14 ) ) ;
#2696 = DIRECTION ( 'NONE',  ( -0.000000000000000000, -0.000000000000000000, -1.000000000000000000 ) ) ;
#2697 = LINE ( 'NONE', #2057, #559 ) ;
#2698 = CARTESIAN_POINT ( 'NONE',  ( -3.486680166434717787, -9.379923020722037208, 30.33880758781372222 ) ) ;
#2699 = EDGE_CURVE ( 'NONE', #4025, #873, #4016, .T. ) ;
#2700 = CARTESIAN_POINT ( 'NONE',  ( -18.67036224921400844, 7.177782696550467634, 9.845359643245993553 ) ) ;
#2701 = CARTESIAN_POINT ( 'NONE',  ( -3.855705572859460251, 9.226783542243772729, 30.23888601049720393 ) ) ;
#2702 = CARTESIAN_POINT ( 'NONE',  ( -3.669541225782695371, 9.302834733310186621, 29.88114345567102959 ) ) ;
#2703 =( BOUNDED_SURFACE ( )  B_SPLINE_SURFACE ( 3, 2, ( 
 ( #2662, #1985, #2928 ),
 ( #4264, #1265, #1672 ),
 ( #3648, #665, #4001 ),
 ( #3014, #3930, #31 ),
 ( #2577, #3582, #645 ),
 ( #946, #2271, #623 ),
 ( #1943, #299, #1612 ),
 ( #1964, #2945, #4283 ),
 ( #1290, #2618, #3954 ),
 ( #967, #2294, #1353 ) ),
 .UNSPECIFIED., .F., .F., .F. ) 
 B_SPLINE_SURFACE_WITH_KNOTS ( ( 4, 2, 2, 2, 4 ),
 ( 3, 3 ),
 ( 0.0009721917445161447693, 0.001403373263355372526, 0.001834554782194600499, 0.002265736301033828472, 0.002696917819873056229 ),
 ( 0.000000000000000000, 1.000000000000000000 ),
 .UNSPECIFIED. ) 
 GEOMETRIC_REPRESENTATION_ITEM ( )  RATIONAL_B_SPLINE_SURFACE ( (
 ( 1.000000000000000000, 0.7071067811865475727, 1.000000000000000000),
 ( 1.000000000000000000, 0.6835146894881224400, 1.000000000000000000),
 ( 1.000000000000000000, 0.6591840105568942398, 1.000000000000000000),
 ( 1.000000000000000000, 0.6085921440376274028, 1.000000000000000000),
 ( 1.000000000000000000, 0.5827933127389347545, 1.000000000000000000),
 ( 1.000000000000000000, 0.5342256729470137300, 1.000000000000000000),
 ( 1.000000000000000000, 0.5111879186864066726, 1.000000000000000000),
 ( 1.000000000000000000, 0.4770344470201242082, 1.000000000000000000),
 ( 1.000000000000000000, 0.4667466272204420230, 1.000000000000000000),
 ( 1.000000000000000000, 0.4667998985998698114, 1.000000000000000000) ) ) 
 REPRESENTATION_ITEM ( '' )  SURFACE ( )  );
#2704 = CARTESIAN_POINT ( 'NONE',  ( 17.50025082830790879, -9.682005021101662834, 7.607941408271574169 ) ) ;
#2705 = AXIS2_PLACEMENT_3D ( 'NONE', #2498, #3835, #219 ) ;
#2706 = LINE ( 'NONE', #3055, #1890 ) ;
#2707 = EDGE_CURVE ( 'NONE', #2578, #873, #3496, .T. ) ;
#2708 = CARTESIAN_POINT ( 'NONE',  ( 17.46229603872740554, 8.349079223658479876, 30.06992732977978022 ) ) ;
#2709 = AXIS2_PLACEMENT_3D ( 'NONE', #2958, #3969, #2606 ) ;
#2710 = TOROIDAL_SURFACE ( 'NONE', #1182, 15.49999999999999645, 0.5000000000000000000 ) ;
#2711 = CARTESIAN_POINT ( 'NONE',  ( 9.774490203635949115, 2.115409392875725381, 29.50000001116126214 ) ) ;
#2712 = VERTEX_POINT ( 'NONE', #4221 ) ;
#2713 = CARTESIAN_POINT ( 'NONE',  ( 15.00000000000000000, 1.000000000000000888, 9.999999999999994671 ) ) ;
#2714 = ORIENTED_EDGE ( 'NONE', *, *, #1717, .F. ) ;
#2715 = ORIENTED_EDGE ( 'NONE', *, *, #1631, .T. ) ;
#2716 = CARTESIAN_POINT ( 'NONE',  ( 9.800584836473021255, -1.990566471622587041, 29.52564138725357168 ) ) ;
#2717 = CARTESIAN_POINT ( 'NONE',  ( 17.98844205186320622, 8.742744088370306699, 29.52106698357721370 ) ) ;
#2718 = CARTESIAN_POINT ( 'NONE',  ( -15.61861335536223194, -11.67514097797968908, 44.50000000000000000 ) ) ;
#2719 = CARTESIAN_POINT ( 'NONE',  ( 9.902297311825533299, 1.395299286470401690, 30.00114072906966456 ) ) ;
#2720 = CARTESIAN_POINT ( 'NONE',  ( -18.15653747587099787, 8.413697830789665488, 10.52283801123823359 ) ) ;
#2721 = EDGE_CURVE ( 'NONE', #3413, #2211, #3804, .T. ) ;
#2722 = DIRECTION ( 'NONE',  ( -1.000000000000000000, 0.000000000000000000, 0.000000000000000000 ) ) ;
#2723 = CARTESIAN_POINT ( 'NONE',  ( -3.855705568957219054, 9.226783543874445215, 30.36796936138368963 ) ) ;
#2724 = CYLINDRICAL_SURFACE ( 'NONE', #1386, 0.5000000000000004441 ) ;
#2725 = DIRECTION ( 'NONE',  ( -1.000000000000000000, -1.040834085586083310E-14, 0.000000000000000000 ) ) ;
#2726 = EDGE_CURVE ( 'NONE', #2668, #61, #187, .T. ) ;
#2727 = CARTESIAN_POINT ( 'NONE',  ( 15.00000000000000000, 21.00000000000000000, 3.150000000000001688 ) ) ;
#2728 = ADVANCED_FACE ( 'NONE', ( #864 ), #4180, .T. ) ;
#2729 = DIRECTION ( 'NONE',  ( -0.000000000000000000, -0.000000000000000000, -1.000000000000000000 ) ) ;
#2730 = EDGE_LOOP ( 'NONE', ( #2997, #2853, #3141, #4243 ) ) ;
#2731 = CARTESIAN_POINT ( 'NONE',  ( -9.949874371066199430, -0.9999999999999991118, 20.00000000000000000 ) ) ;
#2732 = VERTEX_POINT ( 'NONE', #215 ) ;
#2733 = ORIENTED_EDGE ( 'NONE', *, *, #4298, .T. ) ;
#2734 = CARTESIAN_POINT ( 'NONE',  ( -11.28903201986315352, 1.000000000000000000, 0.6669009641046209635 ) ) ;
#2735 = B_SPLINE_CURVE_WITH_KNOTS ( 'NONE', 3,
 ( #2684, #1288, #3929, #2270, #1632, #1921, #2293, #2661 ),
 .UNSPECIFIED., .F., .F.,
 ( 4, 2, 2, 4 ),
 ( 0.000000000000000000, 0.0005266859331290041227, 0.0007900288996935043951, 0.001053371866258004559 ),
 .UNSPECIFIED. ) ;
#2736 = DIRECTION ( 'NONE',  ( -1.000000000000000000, 0.000000000000000000, 0.000000000000000000 ) ) ;
#2737 = CARTESIAN_POINT ( 'NONE',  ( 18.37976960390456327, 7.885687624259250406, 30.35322161781120087 ) ) ;
#2738 = ORIENTED_EDGE ( 'NONE', *, *, #3639, .F. ) ;
#2739 = CARTESIAN_POINT ( 'NONE',  ( -16.78934644972760282, 10.87417898659419357, 11.47070438209018839 ) ) ;
#2740 = CARTESIAN_POINT ( 'NONE',  ( -3.182099273459919164, 9.480949187897376618, 29.52703472450883027 ) ) ;
#2741 = EDGE_CURVE ( 'NONE', #4203, #1863, #3034, .T. ) ;
#2742 = CARTESIAN_POINT ( 'NONE',  ( -6.439580011986205221, 7.651519755061599426, 29.62970056075867475 ) ) ;
#2743 = CARTESIAN_POINT ( 'NONE',  ( 17.35314772382064774, -9.943507148255537942, 6.650460524911943061 ) ) ;
#2744 = AXIS2_PLACEMENT_3D ( 'NONE', #1263, #3928, #3605 ) ;
#2745 = CARTESIAN_POINT ( 'NONE',  ( -16.01909062088434155, -11.97450356715865460, 30.50000000000000000 ) ) ;
#2746 = VECTOR ( 'NONE', #2934, 1000.000000000000000 ) ;
#2747 = LINE ( 'NONE', #774, #2773 ) ;
#2748 = UNCERTAINTY_MEASURE_WITH_UNIT (LENGTH_MEASURE( 1.000000000000000082E-05 ), #649, 'distance_accuracy_value', 'NONE');
#2749 = CARTESIAN_POINT ( 'NONE',  ( 9.746533523499591567, 2.237204567154890356, 29.49999999999996803 ) ) ;
#2750 = AXIS2_PLACEMENT_3D ( 'NONE', #2491, #2556, #3211 ) ;
#2751 = EDGE_CURVE ( 'NONE', #2840, #2272, #2827, .T. ) ;
#2752 = ORIENTED_EDGE ( 'NONE', *, *, #3138, .T. ) ;
#2753 = CARTESIAN_POINT ( 'NONE',  ( -2.301662002013976416, 19.36368642662045048, 44.50000000000000000 ) ) ;
#2754 = ORIENTED_EDGE ( 'NONE', *, *, #2867, .F. ) ;
#2755 = EDGE_LOOP ( 'NONE', ( #3166, #1204 ) ) ;
#2756 = DIRECTION ( 'NONE',  ( 1.000000000000000000, 2.131628207280300558E-14, 0.000000000000000000 ) ) ;
#2757 = ORIENTED_EDGE ( 'NONE', *, *, #1092, .T. ) ;
#2758 = CARTESIAN_POINT ( 'NONE',  ( 10.24070813097627841, 2.210780614654456855, 30.00000000000000355 ) ) ;
#2759 = CARTESIAN_POINT ( 'NONE',  ( -6.363052580987739404, -7.714909509163826229, 29.69781025090676962 ) ) ;
#2760 = B_SPLINE_CURVE_WITH_KNOTS ( 'NONE', 3,
 ( #3194, #151, #1859, #3857, #2123, #220 ),
 .UNSPECIFIED., .F., .F.,
 ( 4, 2, 4 ),
 ( 0.000000000000000000, 0.0003907918989457436691, 0.0007815837978914873382 ),
 .UNSPECIFIED. ) ;
#2761 = CARTESIAN_POINT ( 'NONE',  ( 17.42498253988117440, 8.679229980822999124, 30.00000000000000000 ) ) ;
#2762 = ORIENTED_EDGE ( 'NONE', *, *, #2620, .F. ) ;
#2763 = CARTESIAN_POINT ( 'NONE',  ( -17.85794060921293536, 9.032561913411321086, 10.80565584750511832 ) ) ;
#2764 = DIRECTION ( 'NONE',  ( 0.000000000000000000, 0.000000000000000000, 1.000000000000000000 ) ) ;
#2765 = FACE_OUTER_BOUND ( 'NONE', #1423, .T. ) ;
#2766 = VECTOR ( 'NONE', #963, 1000.000000000000000 ) ;
#2767 = CARTESIAN_POINT ( 'NONE',  ( 15.14933063594918039, -13.05943152996095336, 5.000000000000009770 ) ) ;
#2768 = DIRECTION ( 'NONE',  ( -1.000000000000000000, 0.000000000000000000, 0.000000000000000000 ) ) ;
#2769 = VERTEX_POINT ( 'NONE', #1162 ) ;
#2770 = CARTESIAN_POINT ( 'NONE',  ( -16.54942782917512289, 11.23314157619941689, 30.21225226877105285 ) ) ;
#2771 = VECTOR ( 'NONE', #3465, 1000.000000000000000 ) ;
#2772 = EDGE_CURVE ( 'NONE', #1232, #2301, #1696, .T. ) ;
#2773 = VECTOR ( 'NONE', #1091, 1000.000000000000000 ) ;
#2774 = CYLINDRICAL_SURFACE ( 'NONE', #1292, 15.99999999999999289 ) ;
#2775 = ORIENTED_EDGE ( 'NONE', *, *, #597, .F. ) ;
#2776 = CARTESIAN_POINT ( 'NONE',  ( -17.36330860912741159, -9.926082901294492444, 6.658947640787846289 ) ) ;
#2777 = VERTEX_POINT ( 'NONE', #2596 ) ;
#2778 = CIRCLE ( 'NONE', #2709, 0.5000000000000013323 ) ;
#2779 = AXIS2_PLACEMENT_3D ( 'NONE', #2753, #750, #427 ) ;
#2780 = CARTESIAN_POINT ( 'NONE',  ( 15.00000000000008527, -13.22875655532294026, 4.999999999999824141 ) ) ;
#2781 = CARTESIAN_POINT ( 'NONE',  ( -10.64920603397900933, 16.92909955531012400, 7.826360762570618412 ) ) ;
#2782 = CARTESIAN_POINT ( 'NONE',  ( -19.97498435543818118, -0.9999999999999997780, 20.00000000000000000 ) ) ;
#2783 = CARTESIAN_POINT ( 'NONE',  ( 17.92586143753382544, 8.870501282462537773, 29.50000001409020101 ) ) ;
#2784 = ORIENTED_EDGE ( 'NONE', *, *, #4239, .T. ) ;
#2785 = B_SPLINE_CURVE_WITH_KNOTS ( 'NONE', 3,
 ( #225, #3863, #2525, #1866, #1503, #898 ),
 .UNSPECIFIED., .F., .F.,
 ( 4, 2, 4 ),
 ( 3.516616415956158026E-18, 0.0003907918989457454580, 0.0007815837978914873382 ),
 .UNSPECIFIED. ) ;
#2786 = CARTESIAN_POINT ( 'NONE',  ( -2.320479602110107731, 19.86505610525943055, 30.21139694066555492 ) ) ;
#2787 = AXIS2_PLACEMENT_3D ( 'NONE', #3110, #4126, #460 ) ;
#2788 = CARTESIAN_POINT ( 'NONE',  ( 11.95826074310137876, -0.9999999999999978906, 0.000000000000000000 ) ) ;
#2789 = FACE_OUTER_BOUND ( 'NONE', #672, .T. ) ;
#2790 = DIRECTION ( 'NONE',  ( 0.000000000000000000, 0.000000000000000000, 1.000000000000000000 ) ) ;
#2791 = CARTESIAN_POINT ( 'NONE',  ( 16.71199129266573635, -10.98868070602335401, 5.672142752378026564 ) ) ;
#2792 = CARTESIAN_POINT ( 'NONE',  ( 0.000000000000000000, 0.000000000000000000, 29.50000000000000000 ) ) ;
#2793 = ORIENTED_EDGE ( 'NONE', *, *, #818, .T. ) ;
#2794 = CARTESIAN_POINT ( 'NONE',  ( -15.99835685866743695, 10.92169447022036799, 30.05430460855809827 ) ) ;
#2795 = DIRECTION ( 'NONE',  ( -1.000000000000000000, 0.000000000000000000, 0.000000000000000000 ) ) ;
#2796 = VERTEX_POINT ( 'NONE', #2969 ) ;
#2797 = CARTESIAN_POINT ( 'NONE',  ( 11.28903201986316063, -0.9999999999999978906, 0.6669009641046256265 ) ) ;
#2798 = EDGE_LOOP ( 'NONE', ( #1581, #3775, #3276 ) ) ;
#2799 = DIRECTION ( 'NONE',  ( 0.000000000000000000, 0.000000000000000000, 1.000000000000000000 ) ) ;
#2800 = ORIENTED_EDGE ( 'NONE', *, *, #2842, .F. ) ;
#2801 = CARTESIAN_POINT ( 'NONE',  ( -12.43884147454995670, 15.66373169887942396, 3.972269941219876976 ) ) ;
#2802 = CARTESIAN_POINT ( 'NONE',  ( -15.61861335536224971, 11.67514097797966421, 44.50000000000000000 ) ) ;
#2803 = CIRCLE ( 'NONE', #536, 0.5000000000000000000 ) ;
#2804 = FACE_OUTER_BOUND ( 'NONE', #3851, .T. ) ;
#2805 = ORIENTED_EDGE ( 'NONE', *, *, #3341, .T. ) ;
#2806 = ORIENTED_EDGE ( 'NONE', *, *, #141, .F. ) ;
#2807 = CARTESIAN_POINT ( 'NONE',  ( -1.858430123222133412, 19.13228741706627289, 30.42786831359669009 ) ) ;
#2808 = DIRECTION ( 'NONE',  ( 1.000000000000000000, 0.000000000000000000, 0.000000000000000000 ) ) ;
#2809 = CARTESIAN_POINT ( 'NONE',  ( 12.32498968311279341, 11.72751850796005968, 30.00000000000000000 ) ) ;
#2810 = ADVANCED_FACE ( 'NONE', ( #1923 ), #2266, .T. ) ;
#2811 = CARTESIAN_POINT ( 'NONE',  ( 10.41440581569465351, -1.337965435287977511, 30.00000000000000000 ) ) ;
#2812 = CARTESIAN_POINT ( 'NONE',  ( 10.84656792607698073, 16.80345888158431933, 6.196840473806926042 ) ) ;
#2813 = VERTEX_POINT ( 'NONE', #2332 ) ;
#2814 = DIRECTION ( 'NONE',  ( -0.8363438509918402763, 0.5482052197016540340, 0.000000000000000000 ) ) ;
#2815 = AXIS2_PLACEMENT_3D ( 'NONE', #2433, #3437, #740 ) ;
#2816 = CIRCLE ( 'NONE', #4152, 0.5000000000000001110 ) ;
#2817 = EDGE_CURVE ( 'NONE', #523, #3633, #1507, .T. ) ;
#2818 = DIRECTION ( 'NONE',  ( 1.000000000000000000, 0.000000000000000000, 0.000000000000000000 ) ) ;
#2819 = ORIENTED_EDGE ( 'NONE', *, *, #3506, .T. ) ;
#2820 = CARTESIAN_POINT ( 'NONE',  ( -15.29678096108562713, -12.88638800068079782, 5.013440554527041293 ) ) ;
#2821 = ORIENTED_EDGE ( 'NONE', *, *, #3466, .T. ) ;
#2822 = CIRCLE ( 'NONE', #256, 10.00000000000000000 ) ;
#2823 = CARTESIAN_POINT ( 'NONE',  ( 12.84884693417711432, -15.32705989146247738, 6.212842196359540381 ) ) ;
#2824 = ORIENTED_EDGE ( 'NONE', *, *, #1188, .F. ) ;
#2825 = CARTESIAN_POINT ( 'NONE',  ( -14.09104094922128958, 14.19693361254466701, 3.239555402189403299 ) ) ;
#2826 = LINE ( 'NONE', #3813, #3685 ) ;
#2827 = CIRCLE ( 'NONE', #3594, 2.499999999999998668 ) ;
#2828 = EDGE_CURVE ( 'NONE', #2403, #3898, #3519, .T. ) ;
#2829 = CARTESIAN_POINT ( 'NONE',  ( -3.082580311787645577, 10.03731530945298012, 30.00000000000000000 ) ) ;
#2830 = ORIENTED_EDGE ( 'NONE', *, *, #4093, .T. ) ;
#2831 = ORIENTED_EDGE ( 'NONE', *, *, #2632, .T. ) ;
#2832 = CARTESIAN_POINT ( 'NONE',  ( -1.747746861791017459, 19.18442107287629383, 30.22963429313228900 ) ) ;
#2833 = AXIS2_PLACEMENT_3D ( 'NONE', #1586, #1607, #1236 ) ;
#2834 = DIRECTION ( 'NONE',  ( -0.000000000000000000, -0.000000000000000000, -1.000000000000000000 ) ) ;
#2835 = CARTESIAN_POINT ( 'NONE',  ( 9.846234541796061279, -1.750947925435869967, 29.62964222567470429 ) ) ;
#2836 = ADVANCED_FACE ( 'NONE', ( #3669 ), #1499, .T. ) ;
#2837 = FACE_OUTER_BOUND ( 'NONE', #2159, .T. ) ;
#2838 = DIRECTION ( 'NONE',  ( 0.000000000000000000, 0.000000000000000000, 1.000000000000000000 ) ) ;
#2839 = DIRECTION ( 'NONE',  ( -1.000000000000000000, 0.000000000000000000, 0.000000000000000000 ) ) ;
#2840 = VERTEX_POINT ( 'NONE', #926 ) ;
#2841 = CARTESIAN_POINT ( 'NONE',  ( 19.73604540323399448, -0.9999999999999972244, 0.05425043822630942064 ) ) ;
#2842 = EDGE_CURVE ( 'NONE', #4309, #2769, #2463, .T. ) ;
#2843 = CARTESIAN_POINT ( 'NONE',  ( 0.000000000000000000, 0.000000000000000000, 0.000000000000000000 ) ) ;
#2844 = AXIS2_PLACEMENT_3D ( 'NONE', #674, #3415, #3717 ) ;
#2845 = ORIENTED_EDGE ( 'NONE', *, *, #3082, .T. ) ;
#2846 = ORIENTED_EDGE ( 'NONE', *, *, #680, .F. ) ;
#2847 = CARTESIAN_POINT ( 'NONE',  ( 14.73944390238915503, -13.52419939969143137, 5.000000000000000000 ) ) ;
#2848 = AXIS2_PLACEMENT_3D ( 'NONE', #23, #2696, #3083 ) ;
#2849 = EDGE_LOOP ( 'NONE', ( #1763, #2819, #3613, #259 ) ) ;
#2850 = PLANE ( 'NONE',  #1734 ) ;
#2851 = DIRECTION ( 'NONE',  ( -0.000000000000000000, 1.000000000000000000, -0.000000000000000000 ) ) ;
#2852 = CARTESIAN_POINT ( 'NONE',  ( 17.85863144489563226, -9.003848228140283183, 29.99999999999998579 ) ) ;
#2853 = ORIENTED_EDGE ( 'NONE', *, *, #141, .T. ) ;
#2854 = VERTEX_POINT ( 'NONE', #1653 ) ;
#2855 = CARTESIAN_POINT ( 'NONE',  ( -1.318998045491607041, 19.95675746516119275, 30.08648032375213077 ) ) ;
#2856 = CIRCLE ( 'NONE', #3404, 4.349999999999996092 ) ;
#2857 = LINE ( 'NONE', #3109, #342 ) ;
#2858 = DIRECTION ( 'NONE',  ( -0.5363010892300649202, 0.8440267422840616041, -0.000000000000000000 ) ) ;
#2859 = SPHERICAL_SURFACE ( 'NONE', #3948, 0.5000000000000000000 ) ;
#2860 = CARTESIAN_POINT ( 'NONE',  ( 17.49826199729620058, -7.956696010665123886, 30.42786831359670785 ) ) ;
#2861 = CARTESIAN_POINT ( 'NONE',  ( 0.000000000000000000, 0.000000000000000000, 30.00000000000000000 ) ) ;
#2862 = ORIENTED_EDGE ( 'NONE', *, *, #1773, .F. ) ;
#2863 = CARTESIAN_POINT ( 'NONE',  ( -16.30870509434087623, 10.69000178418226632, 30.00000000000000000 ) ) ;
#2864 = ADVANCED_FACE ( 'NONE', ( #14 ), #1594, .F. ) ;
#2865 = DIRECTION ( 'NONE',  ( 0.000000000000000000, 0.000000000000000000, 1.000000000000000000 ) ) ;
#2866 = ORIENTED_EDGE ( 'NONE', *, *, #732, .F. ) ;
#2867 = EDGE_CURVE ( 'NONE', #3191, #4145, #1633, .T. ) ;
#2868 = FACE_OUTER_BOUND ( 'NONE', #2952, .T. ) ;
#2869 = AXIS2_PLACEMENT_3D ( 'NONE', #2968, #644, #1963 ) ;
#2870 = CARTESIAN_POINT ( 'NONE',  ( -7.032385974254607319, 7.762344914057819345, 30.01292118407641851 ) ) ;
#2871 = CARTESIAN_POINT ( 'NONE',  ( -15.00000000000000000, 1.000000000000000888, 5.000000000000004441 ) ) ;
#2872 =( BOUNDED_SURFACE ( )  B_SPLINE_SURFACE ( 3, 2, ( 
 ( #3920, #3306, #288 ),
 ( #1605, #3575, #1974 ),
 ( #1300, #657, #2935 ),
 ( #4295, #3637, #591 ),
 ( #2957, #2586, #1277 ),
 ( #3244, #1584, #268 ),
 ( #3944, #934, #3992 ),
 ( #2304, #957, #573 ),
 ( #636, #2916, #2628 ),
 ( #1952, #331, #2978 ) ),
 .UNSPECIFIED., .F., .F., .F. ) 
 B_SPLINE_SURFACE_WITH_KNOTS ( ( 4, 2, 2, 2, 4 ),
 ( 3, 3 ),
 ( 0.0005870467730723740504, 0.001018680920393070892, 0.001450315067713767517, 0.001881949215034464358, 0.002313583362355161200 ),
 ( 0.000000000000000000, 1.000000000000000000 ),
 .UNSPECIFIED. ) 
 GEOMETRIC_REPRESENTATION_ITEM ( )  RATIONAL_B_SPLINE_SURFACE ( (
 ( 1.000000000000000000, 0.4667998985998763062, 1.000000000000000000),
 ( 1.000000000000000000, 0.4665569904857120864, 1.000000000000000000),
 ( 1.000000000000000000, 0.4771514247787263518, 1.000000000000000000),
 ( 1.000000000000000000, 0.5107687540439390661, 1.000000000000000000),
 ( 1.000000000000000000, 0.5336597617556615436, 1.000000000000000000),
 ( 1.000000000000000000, 0.5825682622570276248, 1.000000000000000000),
 ( 1.000000000000000000, 0.6083476669832249550, 1.000000000000000000),
 ( 1.000000000000000000, 0.6591035774852885831, 1.000000000000000000),
 ( 1.000000000000000000, 0.6835155924039847397, 1.000000000000000000),
 ( 1.000000000000000000, 0.7071067811865588970, 1.000000000000000000) ) ) 
 REPRESENTATION_ITEM ( '' )  SURFACE ( )  );
#2873 = CARTESIAN_POINT ( 'NONE',  ( -15.96166272526080476, 10.94825236611305286, 30.06992732977978378 ) ) ;
#2874 = ORIENTED_EDGE ( 'NONE', *, *, #875, .F. ) ;
#2875 = ORIENTED_EDGE ( 'NONE', *, *, #1200, .T. ) ;
#2876 = CARTESIAN_POINT ( 'NONE',  ( -1.708831368379418070, 19.92736712844618907, 29.60912086617891248 ) ) ;
#2877 = AXIS2_PLACEMENT_3D ( 'NONE', #1495, #543, #3105 ) ;
#2878 = CARTESIAN_POINT ( 'NONE',  ( -12.52429570380791013, -15.59312359695945638, 7.898708002105806258 ) ) ;
#2879 = SURFACE_SIDE_STYLE ('',( #1548 ) ) ;
#2880 = DIRECTION ( 'NONE',  ( -0.000000000000000000, 1.000000000000000000, -0.000000000000000000 ) ) ;
#2881 = ADVANCED_FACE ( 'NONE', ( #1007 ), #2703, .T. ) ;
#2882 = ADVANCED_FACE ( 'NONE', ( #1028 ), #2685, .F. ) ;
#2883 = CARTESIAN_POINT ( 'NONE',  ( 18.37976958206446909, -7.885687675162992072, 30.35573662412563323 ) ) ;
#2884 = CARTESIAN_POINT ( 'NONE',  ( 10.69990875966706767, 16.89711483266997050, 8.177761254360650156 ) ) ;
#2885 = EDGE_LOOP ( 'NONE', ( #539, #81, #612, #571, #2171, #3603 ) ) ;
#2886 = DIRECTION ( 'NONE',  ( 0.000000000000000000, 0.000000000000000000, 1.000000000000000000 ) ) ;
#2887 = CARTESIAN_POINT ( 'NONE',  ( -16.31882379280198236, -4.809994912976777393, 30.00000000000000000 ) ) ;
#2888 = ORIENTED_EDGE ( 'NONE', *, *, #3866, .T. ) ;
#2889 = DIRECTION ( 'NONE',  ( 0.7975849816390856439, -0.6032065956733062562, 0.000000000000000000 ) ) ;
#2890 = CARTESIAN_POINT ( 'NONE',  ( -6.810742750368506293, 7.322143346609851555, 29.49999999999996803 ) ) ;
#2891 = CYLINDRICAL_SURFACE ( 'NONE', #2591, 2.499999999999992006 ) ;
#2892 = AXIS2_PLACEMENT_3D ( 'NONE', #297, #3209, #1610 ) ;
#2893 = DIRECTION ( 'NONE',  ( -0.000000000000000000, -0.000000000000000000, -1.000000000000000000 ) ) ;
#2894 = ORIENTED_EDGE ( 'NONE', *, *, #2707, .T. ) ;
#2895 = AXIS2_PLACEMENT_3D ( 'NONE', #1320, #2280, #308 ) ;
#2896 = ORIENTED_EDGE ( 'NONE', *, *, #3607, .F. ) ;
#2897 = DIRECTION ( 'NONE',  ( 1.000000000000000000, 0.000000000000000000, 0.000000000000000000 ) ) ;
#2898 = DIRECTION ( 'NONE',  ( -1.000000000000000000, 2.686023446673766396E-15, 0.000000000000000000 ) ) ;
#2899 = CARTESIAN_POINT ( 'NONE',  ( 9.746533523499589791, -2.237204567154887691, 29.50000000000000000 ) ) ;
#2900 = ADVANCED_FACE ( 'NONE', ( #3289 ), #2388, .T. ) ;
#2901 = DIRECTION ( 'NONE',  ( 1.000000000000000000, 0.000000000000000000, 0.000000000000000000 ) ) ;
#2902 = CARTESIAN_POINT ( 'NONE',  ( 18.01808238954845010, -8.723766148832622136, 30.53692556370979716 ) ) ;
#2903 = DIRECTION ( 'NONE',  ( 1.000000000000000000, 0.000000000000000000, 0.000000000000000000 ) ) ;
#2904 = ORIENTED_EDGE ( 'NONE', *, *, #1411, .F. ) ;
#2905 = CARTESIAN_POINT ( 'NONE',  ( -2.301662002013976416, 19.36368642662045048, 44.50000000000000000 ) ) ;
#2906 = AXIS2_PLACEMENT_3D ( 'NONE', #1106, #3747, #2437 ) ;
#2907 = DIRECTION ( 'NONE',  ( -0.000000000000000000, -0.000000000000000000, -1.000000000000000000 ) ) ;
#2908 = EDGE_LOOP ( 'NONE', ( #4067, #1291, #2456, #759 ) ) ;
#2909 = CARTESIAN_POINT ( 'NONE',  ( 12.32498968311279519, -11.72751850796005790, 45.00000000000000000 ) ) ;
#2910 = EDGE_CURVE ( 'NONE', #2318, #873, #530, .T. ) ;
#2911 = CARTESIAN_POINT ( 'NONE',  ( 18.02313363769062704, -8.676428870919107084, 30.28802626303007983 ) ) ;
#2912 = VERTEX_POINT ( 'NONE', #1280 ) ;
#2913 = ORIENTED_EDGE ( 'NONE', *, *, #2276, .T. ) ;
#2914 = AXIS2_PLACEMENT_3D ( 'NONE', #755, #1367, #4031 ) ;
#2915 = DIRECTION ( 'NONE',  ( 0.000000000000000000, 0.000000000000000000, 1.000000000000000000 ) ) ;
#2916 = CARTESIAN_POINT ( 'NONE',  ( -16.67116993969329997, -11.04909131155596747, 30.03446071866864386 ) ) ;
#2917 = CARTESIAN_POINT ( 'NONE',  ( -1.422782546616699451, -19.94981983560296612, 29.52106698357721015 ) ) ;
#2918 = DIRECTION ( 'NONE',  ( 1.000000000000000000, 0.000000000000000000, 0.000000000000000000 ) ) ;
#2919 = TOROIDAL_SURFACE ( 'NONE', #214, 19.50000000000000000, 0.5000000000000000000 ) ;
#2920 = VECTOR ( 'NONE', #3781, 1000.000000000000000 ) ;
#2921 = EDGE_CURVE ( 'NONE', #3302, #1181, #4078, .T. ) ;
#2922 = FACE_OUTER_BOUND ( 'NONE', #4112, .T. ) ;
#2923 = SPHERICAL_SURFACE ( 'NONE', #664, 0.5000000000000000000 ) ;
#2924 = ORIENTED_EDGE ( 'NONE', *, *, #3448, .F. ) ;
#2925 = FACE_OUTER_BOUND ( 'NONE', #3021, .T. ) ;
#2926 = AXIS2_PLACEMENT_3D ( 'NONE', #3050, #397, #2722 ) ;
#2927 = FACE_OUTER_BOUND ( 'NONE', #954, .T. ) ;
#2928 = CARTESIAN_POINT ( 'NONE',  ( -1.131754425058864033, -19.96795262217335676, 29.50000000000000000 ) ) ;
#2929 = VERTEX_POINT ( 'NONE', #1997 ) ;
#2930 = DIRECTION ( 'NONE',  ( -0.000000000000000000, 1.000000000000000000, -0.000000000000000000 ) ) ;
#2931 = EDGE_LOOP ( 'NONE', ( #1341, #872, #2079, #3176 ) ) ;
#2932 = VERTEX_POINT ( 'NONE', #5 ) ;
#2933 = EDGE_LOOP ( 'NONE', ( #716, #1617, #3019 ) ) ;
#2934 = DIRECTION ( 'NONE',  ( -1.000000000000000000, -6.071532165918824830E-17, 0.000000000000000000 ) ) ;
#2935 = CARTESIAN_POINT ( 'NONE',  ( -16.04340343370271071, -11.94212233702075387, 30.21139694066503978 ) ) ;
#2936 = CARTESIAN_POINT ( 'NONE',  ( -2.360678976424586573, -19.86019120679020489, 30.50000000000000000 ) ) ;
#2937 = CARTESIAN_POINT ( 'NONE',  ( -6.667518262028886866, 7.951364793248434815, 30.00000000000000000 ) ) ;
#2938 = B_SPLINE_CURVE_WITH_KNOTS ( 'NONE', 3,
 ( #2099, #1494, #1540, #3481, #3763, #150 ),
 .UNSPECIFIED., .F., .F.,
 ( 4, 2, 4 ),
 ( 0.000000000000000000, 0.0004092641569856223134, 0.0008185283139712446268 ),
 .UNSPECIFIED. ) ;
#2939 = EDGE_CURVE ( 'NONE', #3261, #3474, #25, .T. ) ;
#2940 = DIRECTION ( 'NONE',  ( 0.8363438509918402763, 0.5482052197016540340, 0.000000000000000000 ) ) ;
#2941 = DIRECTION ( 'NONE',  ( -1.000000000000000000, -1.776356839400250465E-15, 0.000000000000000000 ) ) ;
#2942 = EDGE_CURVE ( 'NONE', #555, #3571, #2193, .T. ) ;
#2943 = CARTESIAN_POINT ( 'NONE',  ( -4.048490851502431376, -9.688122719355961365, 44.50000000000000000 ) ) ;
#2944 = CARTESIAN_POINT ( 'NONE',  ( 25.00000000000000000, -0.9999999999999970024, 20.00000000000000000 ) ) ;
#2945 = CARTESIAN_POINT ( 'NONE',  ( -1.453922988623056023, -19.96603215206203430, 30.53728158764359435 ) ) ;
#2946 = EDGE_LOOP ( 'NONE', ( #3855, #1080, #2693, #2378 ) ) ;
#2947 = DIRECTION ( 'NONE',  ( -0.000000000000000000, 1.000000000000000000, -0.000000000000000000 ) ) ;
#2948 = EDGE_CURVE ( 'NONE', #129, #1660, #639, .T. ) ;
#2949 = CARTESIAN_POINT ( 'NONE',  ( -6.681483270212821068, 7.945081667990235630, 30.36729378104325860 ) ) ;
#2950 = DIRECTION ( 'NONE',  ( -1.000000000000000000, 0.000000000000000000, 0.000000000000000000 ) ) ;
#2951 = ORIENTED_EDGE ( 'NONE', *, *, #3362, .F. ) ;
#2952 = EDGE_LOOP ( 'NONE', ( #3175, #2110, #1253, #969 ) ) ;
#2953 = ORIENTED_EDGE ( 'NONE', *, *, #3418, .T. ) ;
#2954 = AXIS2_PLACEMENT_3D ( 'NONE', #314, #336, #2000 ) ;
#2955 = CARTESIAN_POINT ( 'NONE',  ( 25.00000000000000000, -0.9999999999999970024, 20.00000000000000000 ) ) ;
#2956 = EDGE_CURVE ( 'NONE', #3583, #515, #951, .T. ) ;
#2957 = CARTESIAN_POINT ( 'NONE',  ( -15.79593341905837711, -11.06682103262537709, 30.17479843194241695 ) ) ;
#2958 = CARTESIAN_POINT ( 'NONE',  ( -1.103460564432393376, 19.46875380661902000, 29.50000000000000000 ) ) ;
#2959 = CARTESIAN_POINT ( 'NONE',  ( -3.406620479448734695, -9.402599757613351983, 29.62970056075868186 ) ) ;
#2960 = CIRCLE ( 'NONE', #3873, 20.00000000000000000 ) ;
#2961 = CARTESIAN_POINT ( 'NONE',  ( -4.048490851502429599, -9.688122719355963142, 44.50000000000000000 ) ) ;
#2962 = AXIS2_PLACEMENT_3D ( 'NONE', #3567, #585, #3234 ) ;
#2963 = ADVANCED_FACE ( 'NONE', ( #1666 ), #3933, .F. ) ;
#2964 = CARTESIAN_POINT ( 'NONE',  ( 1.535343971238211092, 9.884236033574500979, 21.99999362729943542 ) ) ;
#2965 = FACE_OUTER_BOUND ( 'NONE', #1400, .T. ) ;
#2966 = CIRCLE ( 'NONE', #2547, 16.00000000000000000 ) ;
#2967 = DIRECTION ( 'NONE',  ( -0.000000000000000000, -0.000000000000000000, -1.000000000000000000 ) ) ;
#2968 = CARTESIAN_POINT ( 'NONE',  ( -15.61861335536224615, 11.67514097797966421, 30.50000000000000000 ) ) ;
#2969 = CARTESIAN_POINT ( 'NONE',  ( 19.47434209415044748, 1.000000000000000000, 0.000000000000000000 ) ) ;
#2970 = EDGE_CURVE ( 'NONE', #1051, #646, #2258, .T. ) ;
#2971 = CARTESIAN_POINT ( 'NONE',  ( 13.28486168161492031, -14.95128116008928387, 9.326066108835791013 ) ) ;
#2972 = AXIS2_PLACEMENT_3D ( 'NONE', #3422, #1749, #3442 ) ;
#2973 = DIRECTION ( 'NONE',  ( 0.000000000000000000, -1.000000000000000000, 0.000000000000000000 ) ) ;
#2974 = ORIENTED_EDGE ( 'NONE', *, *, #3463, .T. ) ;
#2975 = EDGE_LOOP ( 'NONE', ( #1489, #1443 ) ) ;
#2976 = ORIENTED_EDGE ( 'NONE', *, *, #2141, .F. ) ;
#2977 = CARTESIAN_POINT ( 'NONE',  ( 17.92027535737621946, -7.688545448640770275, 44.50000000000000000 ) ) ;
#2978 = CARTESIAN_POINT ( 'NONE',  ( -16.72687701983681663, -10.96410439403305936, 29.50000000000000000 ) ) ;
#2979 = DIRECTION ( 'NONE',  ( -1.000000000000000000, 0.000000000000000000, 0.000000000000000000 ) ) ;
#2980 = CARTESIAN_POINT ( 'NONE',  ( -3.183630492104253307, -9.480424156260847113, 29.52761647767767528 ) ) ;
#2981 = AXIS2_PLACEMENT_3D ( 'NONE', #4012, #717, #2736 ) ;
#2982 = CARTESIAN_POINT ( 'NONE',  ( 2.370974080069390588, 9.715072740515562799, 20.80941705839451217 ) ) ;
#2983 = CARTESIAN_POINT ( 'NONE',  ( 0.000000000000000000, 0.000000000000000000, 44.50000000000000000 ) ) ;
#2984 = AXIS2_PLACEMENT_3D ( 'NONE', #3638, #3902, #4273 ) ;
#2985 = CARTESIAN_POINT ( 'NONE',  ( -17.27975473631402537, -10.07051070469400322, 8.530398534274112876 ) ) ;
#2986 = EDGE_CURVE ( 'NONE', #2929, #1232, #1570, .T. ) ;
#2987 = AXIS2_PLACEMENT_3D ( 'NONE', #1569, #1955, #2901 ) ;
#2988 = FACE_OUTER_BOUND ( 'NONE', #689, .T. ) ;
#2989 = DIRECTION ( 'NONE',  ( -0.000000000000000000, -0.000000000000000000, -1.000000000000000000 ) ) ;
#2990 = B_SPLINE_CURVE_WITH_KNOTS ( 'NONE', 3,
 ( #402, #4002, #3405, #686, #2024, #2708, #3691, #1029, #423, #3364 ),
 .UNSPECIFIED., .F., .F.,
 ( 4, 2, 2, 2, 4 ),
 ( 0.000000000000000000, 0.0002678222605410792421, 0.0005356445210821584842, 0.0008034667816232377805, 0.001071289042164316968 ),
 .UNSPECIFIED. ) ;
#2991 = AXIS2_PLACEMENT_3D ( 'NONE', #1412, #1043, #721 ) ;
#2992 = DIRECTION ( 'NONE',  ( 0.1180339488212235194, 0.9930095603395110437, 0.000000000000000000 ) ) ;
#2993 = ADVANCED_FACE ( 'NONE', ( #2101 ), #1010, .T. ) ;
#2994 = DIRECTION ( 'NONE',  ( 1.000000000000000000, 0.000000000000000000, 0.000000000000000000 ) ) ;
#2995 = EDGE_CURVE ( 'NONE', #3499, #2144, #180, .T. ) ;
#2996 = EDGE_LOOP ( 'NONE', ( #2550, #749, #147, #589 ) ) ;
#2997 = ORIENTED_EDGE ( 'NONE', *, *, #3466, .F. ) ;
#2998 = ORIENTED_EDGE ( 'NONE', *, *, #1415, .F. ) ;
#2999 = ORIENTED_EDGE ( 'NONE', *, *, #3771, .F. ) ;
#3000 = CARTESIAN_POINT ( 'NONE',  ( 19.97498435543817763, -0.9999999999999972244, 0.5000000000000143219 ) ) ;
#3001 = B_SPLINE_CURVE_WITH_KNOTS ( 'NONE', 3,
 ( #1908, #3971, #3946, #2284 ),
 .UNSPECIFIED., .F., .F.,
 ( 4, 4 ),
 ( 1.489858529776124608E-19, 0.002867034440612953317 ),
 .UNSPECIFIED. ) ;
#3002 = CARTESIAN_POINT ( 'NONE',  ( 17.85863144489564647, 9.003848228140252985, 29.50000000000000000 ) ) ;
#3003 = CARTESIAN_POINT ( 'NONE',  ( -16.02601163969858789, -10.90209907645080634, 30.03185467814205367 ) ) ;
#3004 = CARTESIAN_POINT ( 'NONE',  ( -3.855705551383916241, -9.226783551218010970, 30.36750248860084511 ) ) ;
#3005 = AXIS2_PLACEMENT_3D ( 'NONE', #1168, #1835, #3170 ) ;
#3006 = CARTESIAN_POINT ( 'NONE',  ( 2.418614381945654923, 9.703165339404415946, 20.65363405922224516 ) ) ;
#3007 = DIRECTION ( 'NONE',  ( -0.000000000000000000, -0.000000000000000000, -1.000000000000000000 ) ) ;
#3008 = ADVANCED_FACE ( 'NONE', ( #3394 ), #2281, .T. ) ;
#3009 =( BOUNDED_SURFACE ( )  B_SPLINE_SURFACE ( 3, 2, ( 
 ( #3395, #1728, #1410 ),
 ( #2807, #1216, #3817 ),
 ( #1546, #572, #2786 ),
 ( #2832, #3487, #3884 ),
 ( #3464, #1818, #3200 ),
 ( #2504, #1523, #4147 ),
 ( #833, #525, #2876 ),
 ( #4124, #2855, #4171 ),
 ( #897, #1173, #480 ),
 ( #224, #3791, #2543 ) ),
 .UNSPECIFIED., .F., .F., .T. ) 
 B_SPLINE_SURFACE_WITH_KNOTS ( ( 4, 2, 2, 2, 4 ),
 ( 3, 3 ),
 ( 0.0005870467730723725325, 0.001018680920393050292, 0.001450315067713728052, 0.001881949215034405811, 0.002313583362355083571 ),
 ( 0.000000000000000000, 1.000000000000000000 ),
 .UNSPECIFIED. ) 
 GEOMETRIC_REPRESENTATION_ITEM ( )  RATIONAL_B_SPLINE_SURFACE ( (
 ( 1.000000000000000000, 0.4667998985998745298, 1.000000000000000000),
 ( 1.000000000000000000, 0.4665569904858040129, 1.000000000000000000),
 ( 1.000000000000000000, 0.4771514247786079466, 1.000000000000000000),
 ( 1.000000000000000000, 0.5107687540440508656, 1.000000000000000000),
 ( 1.000000000000000000, 0.5336597617557322648, 1.000000000000000000),
 ( 1.000000000000000000, 0.5825682622569513525, 1.000000000000000000),
 ( 1.000000000000000000, 0.6083476669827212469, 1.000000000000000000),
 ( 1.000000000000000000, 0.6591035774857798568, 1.000000000000000000),
 ( 1.000000000000000000, 0.6835155924036010466, 1.000000000000000000),
 ( 1.000000000000000000, 0.7071067811865476838, 1.000000000000000000) ) ) 
 REPRESENTATION_ITEM ( '' )  SURFACE ( )  );
#3010 = ADVANCED_FACE ( 'NONE', ( #2804 ), #1387, .F. ) ;
#3011 = CARTESIAN_POINT ( 'NONE',  ( -16.17106717964482243, 11.77414547985900661, 3.304750133661596312 ) ) ;
#3012 = AXIS2_PLACEMENT_3D ( 'NONE', #2317, #2647, #2950 ) ;
#3013 = DIRECTION ( 'NONE',  ( -1.000000000000000000, 0.000000000000000000, 0.000000000000000000 ) ) ;
#3014 = CARTESIAN_POINT ( 'NONE',  ( -1.459286434249240649, -19.31583069352499038, 30.05430460855808761 ) ) ;
#3015 = CARTESIAN_POINT ( 'NONE',  ( 10.22722230716805036, -1.867019077371732338, 30.22926236964242364 ) ) ;
#3016 = EDGE_CURVE ( 'NONE', #3039, #448, #1209, .T. ) ;
#3017 = DIRECTION ( 'NONE',  ( 1.000000000000000000, 0.000000000000000000, 0.000000000000000000 ) ) ;
#3018 = ORIENTED_EDGE ( 'NONE', *, *, #501, .F. ) ;
#3019 = ORIENTED_EDGE ( 'NONE', *, *, #1773, .T. ) ;
#3020 = ORIENTED_EDGE ( 'NONE', *, *, #3497, .F. ) ;
#3021 = EDGE_LOOP ( 'NONE', ( #4170, #2625, #4308, #2762 ) ) ;
#3022 = CARTESIAN_POINT ( 'NONE',  ( 10.23386019967456839, -2.349064795512631587, 30.00000000000000000 ) ) ;
#3023 = CARTESIAN_POINT ( 'NONE',  ( 20.00000000000000000, 2.449293598294706119E-15, 20.00000000000000000 ) ) ;
#3024 = CARTESIAN_POINT ( 'NONE',  ( -7.092636572020435182, -7.726094288359796280, 30.00000000000000000 ) ) ;
#3025 = CARTESIAN_POINT ( 'NONE',  ( -3.254982580554912630, -9.459134508218856041, 30.04644767681625694 ) ) ;
#3026 = CARTESIAN_POINT ( 'NONE',  ( -6.062776156373538505, -7.952530746731413913, 30.23888601049720748 ) ) ;
#3027 = CARTESIAN_POINT ( 'NONE',  ( -19.47434209415045103, -0.9999999999999995559, 0.000000000000000000 ) ) ;
#3028 = AXIS2_PLACEMENT_3D ( 'NONE', #3310, #2655, #3334 ) ;
#3029 = AXIS2_PLACEMENT_3D ( 'NONE', #4176, #3183, #209 ) ;
#3030 = CARTESIAN_POINT ( 'NONE',  ( -3.457782618559707810, 9.815784919661471264, 30.19057172913559484 ) ) ;
#3031 = AXIS2_PLACEMENT_3D ( 'NONE', #2530, #2552, #1630 ) ;
#3032 = CIRCLE ( 'NONE', #1152, 19.50000000000000000 ) ;
#3033 = CARTESIAN_POINT ( 'NONE',  ( 17.44140284576038979, -9.787768610804199909, 8.047886266985894821 ) ) ;
#3034 = CIRCLE ( 'NONE', #1155, 20.00000000000000000 ) ;
#3035 = CARTESIAN_POINT ( 'NONE',  ( -16.06575278628600500, -11.91188082652061020, 30.14406203367705928 ) ) ;
#3036 = CIRCLE ( 'NONE', #1366, 0.5000000000000011102 ) ;
#3037 = FACE_OUTER_BOUND ( 'NONE', #569, .T. ) ;
#3038 = DIRECTION ( 'NONE',  ( 0.9746533523499588680, 0.2237204567154889856, 0.000000000000000000 ) ) ;
#3039 = VERTEX_POINT ( 'NONE', #1058 ) ;
#3040 = DIRECTION ( 'NONE',  ( 0.000000000000000000, 0.000000000000000000, 1.000000000000000000 ) ) ;
#3041 = ORIENTED_EDGE ( 'NONE', *, *, #1628, .T. ) ;
#3042 = ORIENTED_EDGE ( 'NONE', *, *, #1061, .T. ) ;
#3043 = ADVANCED_FACE ( 'NONE', ( #3417 ), #1352, .F. ) ;
#3044 = ORIENTED_EDGE ( 'NONE', *, *, #3991, .F. ) ;
#3045 = FACE_OUTER_BOUND ( 'NONE', #191, .T. ) ;
#3046 = DIRECTION ( 'NONE',  ( 0.000000000000000000, 0.000000000000000000, 1.000000000000000000 ) ) ;
#3047 = DIRECTION ( 'NONE',  ( 0.000000000000000000, 0.000000000000000000, 1.000000000000000000 ) ) ;
#3048 = DIRECTION ( 'NONE',  ( -1.000000000000000000, 0.000000000000000000, 1.301042606982605321E-16 ) ) ;
#3049 = EDGE_CURVE ( 'NONE', #2592, #1812, #1285, .T. ) ;
#3050 = CARTESIAN_POINT ( 'NONE',  ( 17.92027535737621591, 7.688545448640777380, 30.50000000000000000 ) ) ;
#3051 = DIRECTION ( 'NONE',  ( 1.000000000000000000, 0.000000000000000000, 0.000000000000000000 ) ) ;
#3052 = EDGE_CURVE ( 'NONE', #1863, #3122, #1604, .T. ) ;
#3053 = CARTESIAN_POINT ( 'NONE',  ( -17.35129784987485735, -9.946736777730258439, 8.354635137561256641 ) ) ;
#3054 = AXIS2_PLACEMENT_3D ( 'NONE', #4192, #1478, #3554 ) ;
#3055 = CARTESIAN_POINT ( 'NONE',  ( 15.00000000000000000, -0.9999999999999976685, 9.999999999999991118 ) ) ;
#3056 = DIRECTION ( 'NONE',  ( 0.000000000000000000, 0.000000000000000000, 1.000000000000000000 ) ) ;
#3057 = CARTESIAN_POINT ( 'NONE',  ( 10.23526501577324055, 2.016734017828758940, 30.09873822900348017 ) ) ;
#3058 = ORIENTED_EDGE ( 'NONE', *, *, #3794, .F. ) ;
#3059 = DIRECTION ( 'NONE',  ( -0.3855705572859099983, 0.9226783542243921499, 0.000000000000000000 ) ) ;
#3060 = ORIENTED_EDGE ( 'NONE', *, *, #3745, .F. ) ;
#3061 = ORIENTED_EDGE ( 'NONE', *, *, #365, .T. ) ;
#3062 = EDGE_CURVE ( 'NONE', #1451, #1538, #2394, .T. ) ;
#3063 = DIRECTION ( 'NONE',  ( 1.000000000000000000, 0.000000000000000000, 0.000000000000000000 ) ) ;
#3064 = DIRECTION ( 'NONE',  ( -1.000000000000000000, -3.469446951953622866E-15, 0.000000000000000000 ) ) ;
#3065 = DIRECTION ( 'NONE',  ( -0.9189884798654465170, -0.3942843819815791129, 0.000000000000000000 ) ) ;
#3066 = CARTESIAN_POINT ( 'NONE',  ( 18.04105610272073790, 8.649621720479046871, 30.42506089015940773 ) ) ;
#3067 = ORIENTED_EDGE ( 'NONE', *, *, #2097, .T. ) ;
#3068 = CARTESIAN_POINT ( 'NONE',  ( -18.99080969475708969, 6.279740551740807142, 9.249285976210588345 ) ) ;
#3069 = CARTESIAN_POINT ( 'NONE',  ( -6.365914964192214143, -8.350157284067984520, 30.00000000000000000 ) ) ;
#3070 = CYLINDRICAL_SURFACE ( 'NONE', #2555, 2.499999999999995115 ) ;
#3071 = CARTESIAN_POINT ( 'NONE',  ( 17.28190469543906005, -10.06681878400084074, 6.474362397925872870 ) ) ;
#3072 = EDGE_CURVE ( 'NONE', #3349, #1972, #3449, .T. ) ;
#3073 = DIRECTION ( 'NONE',  ( -0.6810742750368509180, 0.7322143346609845116, 0.000000000000000000 ) ) ;
#3074 = AXIS2_PLACEMENT_3D ( 'NONE', #3505, #2209, #3173 ) ;
#3075 = DIRECTION ( 'NONE',  ( 0.000000000000000000, 0.000000000000000000, 1.000000000000000000 ) ) ;
#3076 = CARTESIAN_POINT ( 'NONE',  ( 10.22963459415816523, 1.913730651312602005, 30.19017480549473120 ) ) ;
#3077 = ORIENTED_EDGE ( 'NONE', *, *, #3198, .T. ) ;
#3078 = CARTESIAN_POINT ( 'NONE',  ( -4.048490851502433152, -9.688122719355961365, 30.50000000000000000 ) ) ;
#3079 = ORIENTED_EDGE ( 'NONE', *, *, #1444, .T. ) ;
#3080 = VERTEX_POINT ( 'NONE', #918 ) ;
#3081 = DIRECTION ( 'NONE',  ( 0.000000000000000000, -1.000000000000000000, 0.000000000000000000 ) ) ;
#3082 = EDGE_CURVE ( 'NONE', #474, #696, #2960, .T. ) ;
#3083 = DIRECTION ( 'NONE',  ( 1.000000000000000000, 1.734723475976807883E-15, 0.000000000000000000 ) ) ;
#3084 = CARTESIAN_POINT ( 'NONE',  ( -6.718154890445117822, -7.408264590881485923, 29.50000002313676006 ) ) ;
#3085 = DIRECTION ( 'NONE',  ( 0.000000000000000000, 0.000000000000000000, 1.000000000000000000 ) ) ;
#3086 = VERTEX_POINT ( 'NONE', #2236 ) ;
#3087 = DIRECTION ( 'NONE',  ( -0.3891255579397261410, -0.9211847264029603410, 0.000000000000000000 ) ) ;
#3088 = ADVANCED_FACE ( 'NONE', ( #4253 ), #1275, .T. ) ;
#3089 = CARTESIAN_POINT ( 'NONE',  ( 0.000000000000000000, 0.000000000000000000, 44.50000000000000000 ) ) ;
#3090 = CARTESIAN_POINT ( 'NONE',  ( -3.371317192927273165, 9.872222975649721732, 30.09890512415329766 ) ) ;
#3091 = CARTESIAN_POINT ( 'NONE',  ( 17.46644666429962101, -9.743472260869632251, 7.042921740688839805 ) ) ;
#3092 = ADVANCED_FACE ( 'NONE', ( #287, #328 ), #1640, .F. ) ;
#3093 = CIRCLE ( 'NONE', #1418, 19.50000000000000000 ) ;
#3094 = DIRECTION ( 'NONE',  ( 1.000000000000000000, 0.000000000000000000, 0.000000000000000000 ) ) ;
#3095 = ORIENTED_EDGE ( 'NONE', *, *, #1631, .F. ) ;
#3096 = DIRECTION ( 'NONE',  ( 0.4501924114070102179, -0.8929315722447838111, -3.123837379097395185E-15 ) ) ;
#3097 = CARTESIAN_POINT ( 'NONE',  ( 0.000000000000000000, 0.000000000000000000, 29.50000000000000000 ) ) ;
#3098 = VERTEX_POINT ( 'NONE', #1951 ) ;
#3099 = FACE_OUTER_BOUND ( 'NONE', #853, .T. ) ;
#3100 = ORIENTED_EDGE ( 'NONE', *, *, #3049, .F. ) ;
#3101 = ORIENTED_EDGE ( 'NONE', *, *, #13, .T. ) ;
#3102 = CARTESIAN_POINT ( 'NONE',  ( -4.048490851502431376, 9.688122719355957813, 30.00000000000000000 ) ) ;
#3103 = ORIENTED_EDGE ( 'NONE', *, *, #2726, .F. ) ;
#3104 = CARTESIAN_POINT ( 'NONE',  ( 10.21984303672479300, 1.798557798489462289, 30.50000000000000000 ) ) ;
#3105 = DIRECTION ( 'NONE',  ( 1.000000000000000000, 0.000000000000000000, 0.000000000000000000 ) ) ;
#3106 = CARTESIAN_POINT ( 'NONE',  ( 17.49616551680892940, 7.983320276501427948, 30.35594898293532751 ) ) ;
#3107 = ORIENTED_EDGE ( 'NONE', *, *, #2942, .T. ) ;
#3108 = CARTESIAN_POINT ( 'NONE',  ( -2.301662002013971087, -19.36368642662045048, 44.50000000000000000 ) ) ;
#3109 = CARTESIAN_POINT ( 'NONE',  ( -6.062776156373549163, 7.952530746731405031, 45.00000000000000000 ) ) ;
#3110 = CARTESIAN_POINT ( 'NONE',  ( -2.301662002013975084, 19.36368642662045403, 44.50000000000000000 ) ) ;
#3111 = CARTESIAN_POINT ( 'NONE',  ( -6.082810423970681946, 7.937365400222270218, 30.24122217541818003 ) ) ;
#3112 = CIRCLE ( 'NONE', #3887, 2.499999999999995115 ) ;
#3113 = CARTESIAN_POINT ( 'NONE',  ( -2.500000000000000444, 15.00000000000000000, 3.061616997868383634E-16 ) ) ;
#3114 = DIRECTION ( 'NONE',  ( 0.000000000000000000, 0.000000000000000000, 1.000000000000000000 ) ) ;
#3115 = ORIENTED_EDGE ( 'NONE', *, *, #2828, .F. ) ;
#3116 = LINE ( 'NONE', #795, #3445 ) ;
#3117 = VECTOR ( 'NONE', #3740, 1000.000000000000000 ) ;
#3118 = AXIS2_PLACEMENT_3D ( 'NONE', #3755, #2422, #375 ) ;
#3119 = CARTESIAN_POINT ( 'NONE',  ( 9.804945846320881842, 1.978200086907412114, 30.01644470337407711 ) ) ;
#3120 = ORIENTED_EDGE ( 'NONE', *, *, #1061, .F. ) ;
#3121 = DIRECTION ( 'NONE',  ( -0.000000000000000000, -0.000000000000000000, -1.000000000000000000 ) ) ;
#3122 = VERTEX_POINT ( 'NONE', #1619 ) ;
#3123 = CIRCLE ( 'NONE', #1871, 0.5000000000000007772 ) ;
#3124 = VECTOR ( 'NONE', #3735, 1000.000000000000000 ) ;
#3125 = EDGE_CURVE ( 'NONE', #3939, #2441, #2329, .T. ) ;
#3126 = CARTESIAN_POINT ( 'NONE',  ( 18.67036224921400844, 7.177782696550468522, 5.154640356754004671 ) ) ;
#3127 = ORIENTED_EDGE ( 'NONE', *, *, #2490, .T. ) ;
#3128 = CARTESIAN_POINT ( 'NONE',  ( -11.40155201755369774, 16.43346770774526533, 9.963130454120953772 ) ) ;
#3129 = CARTESIAN_POINT ( 'NONE',  ( -19.60647761031618330, 1.000000000000000000, 4.557037256228135824E-16 ) ) ;
#3130 = EDGE_CURVE ( 'NONE', #3098, #3122, #3942, .T. ) ;
#3131 = CARTESIAN_POINT ( 'NONE',  ( 17.94241530507061810, 8.836381381637306021, 30.08630483075706152 ) ) ;
#3132 = EDGE_LOOP ( 'NONE', ( #4087, #3219, #1362, #2050 ) ) ;
#3133 = ORIENTED_EDGE ( 'NONE', *, *, #3362, .T. ) ;
#3134 = CARTESIAN_POINT ( 'NONE',  ( -13.93343497428566735, -14.34898120910040653, 9.766162805425127047 ) ) ;
#3135 = CIRCLE ( 'NONE', #1045, 0.5000000000000004441 ) ;
#3136 = LINE ( 'NONE', #202, #4100 ) ;
#3137 = CARTESIAN_POINT ( 'NONE',  ( -6.062776156373550940, 7.952530746731405031, 30.50000000000000000 ) ) ;
#3138 = EDGE_CURVE ( 'NONE', #3757, #3461, #4220, .T. ) ;
#3139 = CARTESIAN_POINT ( 'NONE',  ( 0.000000000000000000, 0.000000000000000000, 44.50000000000000000 ) ) ;
#3140 = CARTESIAN_POINT ( 'NONE',  ( 10.65041569003757260, 16.92833854388360493, 7.678804924586194680 ) ) ;
#3141 = ORIENTED_EDGE ( 'NONE', *, *, #3408, .T. ) ;
#3142 = CARTESIAN_POINT ( 'NONE',  ( 19.47434209415044748, -0.9999999999999974465, 0.000000000000000000 ) ) ;
#3143 = DIRECTION ( 'NONE',  ( 0.000000000000000000, 0.000000000000000000, 1.000000000000000000 ) ) ;
#3144 = B_SPLINE_CURVE_WITH_KNOTS ( 'NONE', 3,
 ( #2376, #1674, #381, #3015, #76, #32 ),
 .UNSPECIFIED., .F., .F.,
 ( 4, 2, 4 ),
 ( 0.000000000000000000, 0.0004101051464365145709, 0.0008202102928730291417 ),
 .UNSPECIFIED. ) ;
#3145 = EDGE_LOOP ( 'NONE', ( #2194, #1469, #200 ) ) ;
#3146 = CARTESIAN_POINT ( 'NONE',  ( 15.00000000000000000, -13.22875655532295802, 9.999999999999991118 ) ) ;
#3147 = VERTEX_POINT ( 'NONE', #1931 ) ;
#3148 = CARTESIAN_POINT ( 'NONE',  ( 13.16667234301342937, -15.05521141511209571, 5.791552095714686210 ) ) ;
#3149 = ADVANCED_FACE ( 'NONE', ( #2565 ), #3967, .T. ) ;
#3150 = EDGE_LOOP ( 'NONE', ( #3893, #1851, #1757, #2562, #1760, #2521 ) ) ;
#3151 = CARTESIAN_POINT ( 'NONE',  ( -11.01883715982959622, 16.69108616783672616, 9.260284464327281029 ) ) ;
#3152 = LINE ( 'NONE', #1448, #650 ) ;
#3153 = AXIS2_PLACEMENT_3D ( 'NONE', #509, #2155, #859 ) ;
#3154 = CARTESIAN_POINT ( 'NONE',  ( -16.16868758471038703, 10.79597864065491031, 30.00840125434415029 ) ) ;
#3155 = ORIENTED_EDGE ( 'NONE', *, *, #3794, .T. ) ;
#3156 = VERTEX_POINT ( 'NONE', #590 ) ;
#3157 = CYLINDRICAL_SURFACE ( 'NONE', #2064, 15.99999999999999289 ) ;
#3158 = DIRECTION ( 'NONE',  ( -0.000000000000000000, -0.000000000000000000, -1.000000000000000000 ) ) ;
#3159 = FACE_OUTER_BOUND ( 'NONE', #771, .T. ) ;
#3160 = CARTESIAN_POINT ( 'NONE',  ( 9.949874371066197654, 1.000000000000000000, 45.00000000000000000 ) ) ;
#3161 = DIRECTION ( 'NONE',  ( 0.000000000000000000, 0.000000000000000000, 1.000000000000000000 ) ) ;
#3162 = ORIENTED_EDGE ( 'NONE', *, *, #584, .T. ) ;
#3163 = CARTESIAN_POINT ( 'NONE',  ( -16.15082985071767041, 10.80935958568765187, 30.01077170873798394 ) ) ;
#3164 = CIRCLE ( 'NONE', #3378, 0.4999999999999995559 ) ;
#3165 = DIRECTION ( 'NONE',  ( 0.000000000000000000, -1.000000000000000000, 0.000000000000000000 ) ) ;
#3166 = ORIENTED_EDGE ( 'NONE', *, *, #3558, .F. ) ;
#3167 = ORIENTED_EDGE ( 'NONE', *, *, #2303, .F. ) ;
#3168 = CARTESIAN_POINT ( 'NONE',  ( 18.99080969475708258, 6.279740551740806254, 5.750714023789406326 ) ) ;
#3169 = ORIENTED_EDGE ( 'NONE', *, *, #3536, .T. ) ;
#3170 = DIRECTION ( 'NONE',  ( 1.000000000000000000, 0.000000000000000000, 0.000000000000000000 ) ) ;
#3171 = CARTESIAN_POINT ( 'NONE',  ( -6.365914964192228354, 8.350157284067975638, 30.50000000000000000 ) ) ;
#3172 = AXIS2_PLACEMENT_3D ( 'NONE', #1537, #162, #3165 ) ;
#3173 = DIRECTION ( 'NONE',  ( 0.000000000000000000, 0.000000000000000000, 1.000000000000000000 ) ) ;
#3174 = EDGE_CURVE ( 'NONE', #2510, #2932, #461, .T. ) ;
#3175 = ORIENTED_EDGE ( 'NONE', *, *, #2673, .T. ) ;
#3176 = ORIENTED_EDGE ( 'NONE', *, *, #3872, .F. ) ;
#3177 = FACE_OUTER_BOUND ( 'NONE', #1810, .T. ) ;
#3178 = DIRECTION ( 'NONE',  ( -1.000000000000000000, 0.000000000000000000, 0.000000000000000000 ) ) ;
#3179 = DIRECTION ( 'NONE',  ( 0.8440267422840604938, 0.5363010892300668075, 0.000000000000000000 ) ) ;
#3180 = LINE ( 'NONE', #2176, #608 ) ;
#3181 = ADVANCED_FACE ( 'NONE', ( #634, #996, #3617 ), #2322, .T. ) ;
#3182 = CARTESIAN_POINT ( 'NONE',  ( 18.00627925773579818, -8.756209869509758548, 30.50000000000000355 ) ) ;
#3183 = DIRECTION ( 'NONE',  ( -0.000000000000000000, -0.000000000000000000, -1.000000000000000000 ) ) ;
#3184 = ORIENTED_EDGE ( 'NONE', *, *, #1778, .T. ) ;
#3185 = ADVANCED_FACE ( 'NONE', ( #244 ), #3586, .T. ) ;
#3186 = CARTESIAN_POINT ( 'NONE',  ( -16.04309641468969971, 11.94254176688843927, 30.21189797438226776 ) ) ;
#3187 = SPHERICAL_SURFACE ( 'NONE', #3172, 0.5000000000000000000 ) ;
#3188 = ORIENTED_EDGE ( 'NONE', *, *, #556, .T. ) ;
#3189 = CARTESIAN_POINT ( 'NONE',  ( 17.17027385237739523, 10.26214493543297124, 3.724001401908370923 ) ) ;
#3190 = AXIS2_PLACEMENT_3D ( 'NONE', #1735, #1714, #2396 ) ;
#3191 = VERTEX_POINT ( 'NONE', #1582 ) ;
#3192 = EDGE_CURVE ( 'NONE', #1034, #1521, #3593, .T. ) ;
#3193 = CARTESIAN_POINT ( 'NONE',  ( 0.000000000000000000, 0.000000000000000000, 0.000000000000000000 ) ) ;
#3194 = CARTESIAN_POINT ( 'NONE',  ( 19.47434209415044748, 1.000000000000000000, 0.000000000000000000 ) ) ;
#3195 = CARTESIAN_POINT ( 'NONE',  ( -15.63983185346648419, 11.17559140552643981, 30.41050795938039641 ) ) ;
#3196 = CIRCLE ( 'NONE', #3897, 10.00000000000000000 ) ;
#3197 = ORIENTED_EDGE ( 'NONE', *, *, #1085, .F. ) ;
#3198 = EDGE_CURVE ( 'NONE', #3552, #2514, #614, .T. ) ;
#3199 = ORIENTED_EDGE ( 'NONE', *, *, #556, .F. ) ;
#3200 = CARTESIAN_POINT ( 'NONE',  ( -2.077881450728836121, 19.89211999037817336, 29.84959686590459782 ) ) ;
#3201 = AXIS2_PLACEMENT_3D ( 'NONE', #4020, #3647, #1942 ) ;
#3202 = LINE ( 'NONE', #834, #1177 ) ;
#3203 = SPHERICAL_SURFACE ( 'NONE', #2007, 0.5000000000000000000 ) ;
#3204 = DIRECTION ( 'NONE',  ( 0.000000000000000000, 0.000000000000000000, 1.000000000000000000 ) ) ;
#3205 = AXIS2_PLACEMENT_3D ( 'NONE', #3268, #2286, #2940 ) ;
#3206 = DIRECTION ( 'NONE',  ( 0.000000000000000000, 0.000000000000000000, -1.000000000000000000 ) ) ;
#3207 = CARTESIAN_POINT ( 'NONE',  ( 10.64920603397900400, 16.92909955531012400, 7.173639237429387805 ) ) ;
#3208 = ORIENTED_EDGE ( 'NONE', *, *, #1188, .T. ) ;
#3209 = DIRECTION ( 'NONE',  ( 1.444447458290425545E-28, 1.000000000000000000, 1.040834085586083310E-14 ) ) ;
#3210 = EDGE_CURVE ( 'NONE', #3191, #3281, #253, .T. ) ;
#3211 = DIRECTION ( 'NONE',  ( -1.000000000000000000, 3.469446951953611033E-15, 0.000000000000000000 ) ) ;
#3212 = ORIENTED_EDGE ( 'NONE', *, *, #1021, .T. ) ;
#3213 = EDGE_CURVE ( 'NONE', #4131, #3228, #3235, .T. ) ;
#3214 = DIRECTION ( 'NONE',  ( 1.000000000000000000, 0.000000000000000000, 0.000000000000000000 ) ) ;
#3215 = AXIS2_PLACEMENT_3D ( 'NONE', #2023, #3361, #769 ) ;
#3216 = CARTESIAN_POINT ( 'NONE',  ( -6.772156657116676470, 7.902258104316829623, 30.19017480549479870 ) ) ;
#3217 = CARTESIAN_POINT ( 'NONE',  ( 0.000000000000000000, 0.000000000000000000, 20.00000000000000000 ) ) ;
#3218 = CARTESIAN_POINT ( 'NONE',  ( 18.04114804977919562, -8.649587811638278723, 30.42667927004837125 ) ) ;
#3219 = ORIENTED_EDGE ( 'NONE', *, *, #2511, .T. ) ;
#3220 = ORIENTED_EDGE ( 'NONE', *, *, #885, .F. ) ;
#3221 = DIRECTION ( 'NONE',  ( 0.000000000000000000, 0.000000000000000000, 1.000000000000000000 ) ) ;
#3222 = AXIS2_PLACEMENT_3D ( 'NONE', #2811, #922, #158 ) ;
#3223 = DIRECTION ( 'NONE',  ( 0.000000000000000000, 0.000000000000000000, 1.000000000000000000 ) ) ;
#3224 =( LENGTH_UNIT ( ) NAMED_UNIT ( * ) SI_UNIT ( .MILLI., .METRE. ) );
#3225 = CARTESIAN_POINT ( 'NONE',  ( 10.41440581569466062, 1.337965435287983507, 45.00000000000000000 ) ) ;
#3226 = DIRECTION ( 'NONE',  ( 1.000000000000000000, 0.000000000000000000, 0.000000000000000000 ) ) ;
#3227 = LINE ( 'NONE', #882, #3724 ) ;
#3228 = VERTEX_POINT ( 'NONE', #3000 ) ;
#3229 = EDGE_CURVE ( 'NONE', #1519, #2301, #3328, .T. ) ;
#3230 = DIRECTION ( 'NONE',  ( 0.9990991449064512420, 0.04243699620847322246, -0.000000000000000000 ) ) ;
#3231 = B_SPLINE_CURVE_WITH_KNOTS ( 'NONE', 3,
 ( #564, #2646, #1880, #2558 ),
 .UNSPECIFIED., .F., .F.,
 ( 4, 4 ),
 ( 1.166915873571243093E-17, 0.002867034440612923393 ),
 .UNSPECIFIED. ) ;
#3232 = DIRECTION ( 'NONE',  ( 0.000000000000000000, 0.000000000000000000, 1.000000000000000000 ) ) ;
#3233 = ORIENTED_EDGE ( 'NONE', *, *, #2921, .T. ) ;
#3234 = DIRECTION ( 'NONE',  ( 0.3855705572859443597, 0.9226783542243777170, 0.000000000000000000 ) ) ;
#3235 = CIRCLE ( 'NONE', #4151, 20.00000000000000000 ) ;
#3236 = CARTESIAN_POINT ( 'NONE',  ( -14.08710701001930943, 14.20082898390049841, 11.75959569284233908 ) ) ;
#3237 = VECTOR ( 'NONE', #2439, 1000.000000000000000 ) ;
#3238 = CARTESIAN_POINT ( 'NONE',  ( 18.03641212392560078, -8.667924414569707636, 30.48523867383630659 ) ) ;
#3239 = ORIENTED_EDGE ( 'NONE', *, *, #13, .F. ) ;
#3240 = AXIS2_PLACEMENT_3D ( 'NONE', #1445, #3456, #193 ) ;
#3241 = ORIENTED_EDGE ( 'NONE', *, *, #1579, .T. ) ;
#3242 = DIRECTION ( 'NONE',  ( 6.071532165918824830E-17, -1.000000000000000000, 0.000000000000000000 ) ) ;
#3243 = CIRCLE ( 'NONE', #2049, 0.5000000000000004441 ) ;
#3244 = CARTESIAN_POINT ( 'NONE',  ( -15.92500031205808320, -10.97473921361284255, 30.08721769314649563 ) ) ;
#3245 = CARTESIAN_POINT ( 'NONE',  ( -2.360678976424586573, -19.86019120679020489, 30.35127079901336700 ) ) ;
#3246 = DIRECTION ( 'NONE',  ( -0.000000000000000000, -0.000000000000000000, 1.000000000000000000 ) ) ;
#3247 = AXIS2_PLACEMENT_3D ( 'NONE', #1176, #2506, #3844 ) ;
#3248 = PLANE ( 'NONE',  #4044 ) ;
#3249 = DIRECTION ( 'NONE',  ( 1.000000000000000000, 0.000000000000000000, 0.000000000000000000 ) ) ;
#3250 = ORIENTED_EDGE ( 'NONE', *, *, #3294, .T. ) ;
#3251 = CARTESIAN_POINT ( 'NONE',  ( 10.41440581569465529, 1.337965435287979288, 30.50000000000000000 ) ) ;
#3252 = DIRECTION ( 'NONE',  ( 0.000000000000000000, 0.000000000000000000, -1.000000000000000000 ) ) ;
#3253 = DIRECTION ( 'NONE',  ( -0.000000000000000000, -0.000000000000000000, -1.000000000000000000 ) ) ;
#3254 = EDGE_LOOP ( 'NONE', ( #1240, #3327, #1477, #2406, #3987, #3095, #1493, #3041, #731, #1698, #2093, #4189, #631, #2754, #3694, #1950, #243, #1365, #1792, #3167, #3827 ) ) ;
#3255 = DIRECTION ( 'NONE',  ( -0.000000000000000000, 0.000000000000000000, 1.000000000000000000 ) ) ;
#3256 = PRODUCT_CONTEXT ( 'NONE', #2352, 'mechanical' ) ;
#3257 = DIRECTION ( 'NONE',  ( 0.000000000000000000, 0.000000000000000000, 1.000000000000000000 ) ) ;
#3258 = EDGE_CURVE ( 'NONE', #883, #4071, #3802, .T. ) ;
#3259 = ORIENTED_EDGE ( 'NONE', *, *, #885, .T. ) ;
#3260 = ORIENTED_EDGE ( 'NONE', *, *, #49, .T. ) ;
#3261 = VERTEX_POINT ( 'NONE', #82 ) ;
#3262 = AXIS2_PLACEMENT_3D ( 'NONE', #3371, #1723, #3391 ) ;
#3263 = CARTESIAN_POINT ( 'NONE',  ( -15.00000000000000000, 21.00000000000000000, 9.999999999999994671 ) ) ;
#3264 = EDGE_CURVE ( 'NONE', #474, #122, #3523, .T. ) ;
#3265 = CARTESIAN_POINT ( 'NONE',  ( 0.000000000000000000, 0.000000000000000000, 29.50000000000000000 ) ) ;
#3266 = DIRECTION ( 'NONE',  ( 0.000000000000000000, -0.000000000000000000, -1.000000000000000000 ) ) ;
#3267 = AXIS2_PLACEMENT_3D ( 'NONE', #2077, #3372, #3065 ) ;
#3268 = CARTESIAN_POINT ( 'NONE',  ( -16.30870509434085847, -10.69000178418228941, 29.50000000000000000 ) ) ;
#3269 = CARTESIAN_POINT ( 'NONE',  ( 18.37579740871951017, -7.894963412219447640, 30.35374459231891819 ) ) ;
#3270 = ORIENTED_EDGE ( 'NONE', *, *, #3062, .F. ) ;
#3271 = DIRECTION ( 'NONE',  ( -0.000000000000000000, 0.000000000000000000, 1.000000000000000000 ) ) ;
#3272 = EDGE_CURVE ( 'NONE', #2510, #3324, #945, .T. ) ;
#3273 = AXIS2_PLACEMENT_3D ( 'NONE', #3975, #2764, #2104 ) ;
#3274 = LINE ( 'NONE', #2944, #1107 ) ;
#3275 = DIRECTION ( 'NONE',  ( -0.000000000000000000, 1.000000000000000000, -0.000000000000000000 ) ) ;
#3276 = ORIENTED_EDGE ( 'NONE', *, *, #3584, .T. ) ;
#3277 = EDGE_CURVE ( 'NONE', #3939, #2668, #4158, .T. ) ;
#3278 = CARTESIAN_POINT ( 'NONE',  ( 12.68049353307735849, -15.46663022327143722, 8.450919881714259674 ) ) ;
#3279 = CARTESIAN_POINT ( 'NONE',  ( -7.093330438755592660, 7.725646522604967537, 29.99999999999996803 ) ) ;
#3280 = CARTESIAN_POINT ( 'NONE',  ( 15.24709571655768059, 12.94857634844827032, 11.84999999999999609 ) ) ;
#3281 = VERTEX_POINT ( 'NONE', #3738 ) ;
#3282 = ORIENTED_EDGE ( 'NONE', *, *, #1848, .T. ) ;
#3283 = ORIENTED_EDGE ( 'NONE', *, *, #4128, .F. ) ;
#3284 = EDGE_CURVE ( 'NONE', #545, #3191, #3343, .T. ) ;
#3285 = DIRECTION ( 'NONE',  ( 1.000000000000000000, 0.000000000000000000, 0.000000000000000000 ) ) ;
#3286 = FACE_OUTER_BOUND ( 'NONE', #326, .T. ) ;
#3287 = DIRECTION ( 'NONE',  ( -0.000000000000000000, 1.000000000000000000, -0.000000000000000000 ) ) ;
#3288 = FACE_OUTER_BOUND ( 'NONE', #840, .T. ) ;
#3289 = FACE_OUTER_BOUND ( 'NONE', #3734, .T. ) ;
#3290 =( BOUNDED_SURFACE ( )  B_SPLINE_SURFACE ( 3, 2, ( 
 ( #1529, #3182, #207 ),
 ( #2860, #1552, #2883 ),
 ( #4215, #2902, #2572 ),
 ( #1578, #3238, #609 ),
 ( #1901, #3218, #4208 ),
 ( #198, #2911, #1193 ),
 ( #264, #2251, #170 ),
 ( #221, #870, #1251 ),
 ( #852, #3529, #587 ),
 ( #4247, #2852, #2519 ) ),
 .UNSPECIFIED., .F., .F., .F. ) 
 B_SPLINE_SURFACE_WITH_KNOTS ( ( 4, 2, 2, 2, 4 ),
 ( 3, 3 ),
 ( 0.0005870467730723720988, 0.001018680920393065688, 0.001450315067713759060, 0.001881949215034452432, 0.002313583362355146021 ),
 ( 0.000000000000000000, 1.000000000000000000 ),
 .UNSPECIFIED. ) 
 GEOMETRIC_REPRESENTATION_ITEM ( )  RATIONAL_B_SPLINE_SURFACE ( (
 ( 1.000000000000000000, 0.4667998985998733641, 1.000000000000000000),
 ( 1.000000000000000000, 0.4665569904856395334, 1.000000000000000000),
 ( 1.000000000000000000, 0.4771514247788242735, 1.000000000000000000),
 ( 1.000000000000000000, 0.5107687540438449192, 1.000000000000000000),
 ( 1.000000000000000000, 0.5336597617559283302, 1.000000000000000000),
 ( 1.000000000000000000, 0.5825682622567630586, 1.000000000000000000),
 ( 1.000000000000000000, 0.6083476669831534567, 1.000000000000000000),
 ( 1.000000000000000000, 0.6591035774853615248, 1.000000000000000000),
 ( 1.000000000000000000, 0.6835155924039301167, 1.000000000000000000),
 ( 1.000000000000000000, 0.7071067811865567876, 1.000000000000000000) ) ) 
 REPRESENTATION_ITEM ( '' )  SURFACE ( )  );
#3291 = AXIS2_PLACEMENT_3D ( 'NONE', #1801, #3492, #2838 ) ;
#3292 = DIRECTION ( 'NONE',  ( -0.000000000000000000, 1.000000000000000000, -0.000000000000000000 ) ) ;
#3293 = FACE_OUTER_BOUND ( 'NONE', #123, .T. ) ;
#3294 = EDGE_CURVE ( 'NONE', #34, #2401, #2822, .T. ) ;
#3295 = CARTESIAN_POINT ( 'NONE',  ( -16.01909062088435931, 11.97450356715863151, 44.50000000000000000 ) ) ;
#3296 = PLANE ( 'NONE',  #2443 ) ;
#3297 = DIRECTION ( 'NONE',  ( 0.000000000000000000, 0.000000000000000000, 1.000000000000000000 ) ) ;
#3298 = DIRECTION ( 'NONE',  ( -1.000000000000000000, 0.000000000000000000, 0.000000000000000000 ) ) ;
#3299 = CARTESIAN_POINT ( 'NONE',  ( -6.364704539488758250, 7.722349404416483765, 30.50000000000000355 ) ) ;
#3300 = DIRECTION ( 'NONE',  ( 0.000000000000000000, 0.000000000000000000, -1.000000000000000000 ) ) ;
#3301 = ORIENTED_EDGE ( 'NONE', *, *, #3711, .T. ) ;
#3302 = VERTEX_POINT ( 'NONE', #753 ) ;
#3303 = ORIENTED_EDGE ( 'NONE', *, *, #270, .T. ) ;
#3304 = AXIS2_PLACEMENT_3D ( 'NONE', #1649, #641, #3249 ) ;
#3305 = DIRECTION ( 'NONE',  ( 0.000000000000000000, 0.000000000000000000, 1.000000000000000000 ) ) ;
#3306 = CARTESIAN_POINT ( 'NONE',  ( -16.58623981673136782, -11.21579033008114479, 30.50000000000000711 ) ) ;
#3307 = CARTESIAN_POINT ( 'NONE',  ( -1.131754425058863589, -19.96795262217335676, 29.50000000000000000 ) ) ;
#3308 = CYLINDRICAL_SURFACE ( 'NONE', #2833, 0.5000000000000000000 ) ;
#3309 = AXIS2_PLACEMENT_3D ( 'NONE', #2035, #2285, #312 ) ;
#3310 = CARTESIAN_POINT ( 'NONE',  ( -10.50000000000000000, 0.000000000000000000, 29.50000000000000000 ) ) ;
#3311 = B_SPLINE_CURVE_WITH_KNOTS ( 'NONE', 3,
 ( #241, #1170, #3859, #544, #2170, #893, #1837, #930, #2581, #3881 ),
 .UNSPECIFIED., .F., .F.,
 ( 4, 2, 2, 2, 4 ),
 ( 0.000000000000000000, 0.0004455782568349132226, 0.0008911565136698264451, 0.001336734770504739668, 0.001782313027339652890 ),
 .UNSPECIFIED. ) ;
#3312 = CARTESIAN_POINT ( 'NONE',  ( -0.3285907345403767388, 9.995907445952470383, 22.48377633849067436 ) ) ;
#3313 = CARTESIAN_POINT ( 'NONE',  ( -11.95826074310136278, 1.000000000000000000, 0.000000000000000000 ) ) ;
#3314 = AXIS2_PLACEMENT_3D ( 'NONE', #4083, #1695, #2424 ) ;
#3315 = EDGE_CURVE ( 'NONE', #2854, #1718, #537, .T. ) ;
#3316 = CARTESIAN_POINT ( 'NONE',  ( 17.49947911584262528, -9.683399806034337587, 7.267134464201205013 ) ) ;
#3317 = ADVANCED_FACE ( 'NONE', ( #4010 ), #2362, .T. ) ;
#3318 = CARTESIAN_POINT ( 'NONE',  ( 17.85863144489564647, 9.003848228140252985, 29.50000000000000000 ) ) ;
#3319 = CARTESIAN_POINT ( 'NONE',  ( -9.949874371066197654, 1.000000000000000000, 45.00000000000000000 ) ) ;
#3320 = LINE ( 'NONE', #708, #907 ) ;
#3321 = AXIS2_PLACEMENT_3D ( 'NONE', #3998, #295, #2941 ) ;
#3322 = CARTESIAN_POINT ( 'NONE',  ( -7.034907516852025644, -7.763348075692237948, 29.99999999999999645 ) ) ;
#3323 = ADVANCED_FACE ( 'NONE', ( #1680 ), #3927, .T. ) ;
#3324 = VERTEX_POINT ( 'NONE', #2448 ) ;
#3325 = ORIENTED_EDGE ( 'NONE', *, *, #302, .T. ) ;
#3326 = EDGE_LOOP ( 'NONE', ( #1163, #1426, #2714, #1491 ) ) ;
#3327 = ORIENTED_EDGE ( 'NONE', *, *, #3991, .T. ) ;
#3328 = LINE ( 'NONE', #349, #1356 ) ;
#3329 = ADVANCED_FACE ( 'NONE', ( #2868 ), #540, .T. ) ;
#3330 = CARTESIAN_POINT ( 'NONE',  ( 10.21984303672479300, 1.798557798489462289, 30.50000000000000000 ) ) ;
#3331 = CARTESIAN_POINT ( 'NONE',  ( -2.069835653413027998, -19.89295572014352587, 29.84223227170561898 ) ) ;
#3332 = DIRECTION ( 'NONE',  ( -0.000000000000000000, -0.000000000000000000, -1.000000000000000000 ) ) ;
#3333 = EDGE_CURVE ( 'NONE', #3324, #3156, #3032, .T. ) ;
#3334 = DIRECTION ( 'NONE',  ( 0.000000000000000000, 0.000000000000000000, -1.000000000000000000 ) ) ;
#3335 = AXIS2_PLACEMENT_3D ( 'NONE', #1865, #1122, #2128 ) ;
#3336 = CARTESIAN_POINT ( 'NONE',  ( 1.260469740595848265, 9.924927484418917700, 22.18383811039152320 ) ) ;
#3337 = CIRCLE ( 'NONE', #1452, 19.50000000000000000 ) ;
#3338 = AXIS2_PLACEMENT_3D ( 'NONE', #2, #3287, #1585 ) ;
#3339 = TOROIDAL_SURFACE ( 'NONE', #2356, 10.50000000000000000, 0.5000000000000000000 ) ;
#3340 = DIRECTION ( 'NONE',  ( -0.000000000000000000, -0.000000000000000000, 1.000000000000000000 ) ) ;
#3341 = EDGE_CURVE ( 'NONE', #2272, #3674, #3810, .T. ) ;
#3342 = CARTESIAN_POINT ( 'NONE',  ( 0.000000000000000000, 0.000000000000000000, 44.50000000000000000 ) ) ;
#3343 = B_SPLINE_CURVE_WITH_KNOTS ( 'NONE', 3,
 ( #1382, #2734, #694, #4070 ),
 .UNSPECIFIED., .F., .F.,
 ( 4, 4 ),
 ( 2.453258727998652779E-18, 0.002834363388730627015 ),
 .UNSPECIFIED. ) ;
#3344 = CIRCLE ( 'NONE', #1110, 0.5000000000000004441 ) ;
#3345 = CARTESIAN_POINT ( 'NONE',  ( -2.301662002013974639, -19.36368642662045048, 44.50000000000000000 ) ) ;
#3346 = CARTESIAN_POINT ( 'NONE',  ( -3.552324774695911014, 9.749922591737899324, 30.50000000000000000 ) ) ;
#3347 = ORIENTED_EDGE ( 'NONE', *, *, #1049, .F. ) ;
#3348 = DIRECTION ( 'NONE',  ( -1.000000000000000000, -3.469446951953611033E-15, 0.000000000000000000 ) ) ;
#3349 = VERTEX_POINT ( 'NONE', #3854 ) ;
#3350 = ORIENTED_EDGE ( 'NONE', *, *, #2393, .F. ) ;
#3351 = DIRECTION ( 'NONE',  ( -1.000000000000000000, 0.000000000000000000, 0.000000000000000000 ) ) ;
#3352 = ORIENTED_EDGE ( 'NONE', *, *, #4274, .T. ) ;
#3353 = CARTESIAN_POINT ( 'NONE',  ( 18.37976959730893611, 7.885687639631565382, 30.35127079901336700 ) ) ;
#3354 = FACE_OUTER_BOUND ( 'NONE', #138, .T. ) ;
#3355 = CARTESIAN_POINT ( 'NONE',  ( -3.505398491379934534, -9.373170520987642362, 30.50000000000000355 ) ) ;
#3356 = CARTESIAN_POINT ( 'NONE',  ( -6.619693211978606051, -7.496253402128989940, 29.52703472450881961 ) ) ;
#3357 = DIRECTION ( 'NONE',  ( -1.000000000000000000, 0.000000000000000000, 0.000000000000000000 ) ) ;
#3358 = CARTESIAN_POINT ( 'NONE',  ( -3.319618691811025979, 9.904709779725147101, 30.06235851786125579 ) ) ;
#3359 = CARTESIAN_POINT ( 'NONE',  ( -16.70899153905959267, -10.99323931431507795, 9.330644730500782913 ) ) ;
#3360 = CIRCLE ( 'NONE', #1482, 0.4999999999999999445 ) ;
#3361 = DIRECTION ( 'NONE',  ( -0.000000000000000000, -0.000000000000000000, -1.000000000000000000 ) ) ;
#3362 = EDGE_CURVE ( 'NONE', #1117, #3261, #1934, .T. ) ;
#3363 = B_SPLINE_CURVE_WITH_KNOTS ( 'NONE', 3,
 ( #1623, #332, #2980, #2959, #1302, #2630, #982, #2306, #1976, #4 ),
 .UNSPECIFIED., .F., .F.,
 ( 4, 2, 2, 2, 4 ),
 ( 0.000000000000000000, 0.0003884907352133479545, 0.0007769814704266959091, 0.001165472205640043918, 0.001553962940853391818 ),
 .UNSPECIFIED. ) ;
#3364 = CARTESIAN_POINT ( 'NONE',  ( 17.41216565877325806, 8.778752022436748348, 30.00000000000000000 ) ) ;
#3365 = CARTESIAN_POINT ( 'NONE',  ( 9.891166240324080761, 1.474137738233251227, 29.88034961318004790 ) ) ;
#3366 = ORIENTED_EDGE ( 'NONE', *, *, #1085, .T. ) ;
#3367 = CARTESIAN_POINT ( 'NONE',  ( 19.50000000000000000, 0.000000000000000000, 45.00000000000000000 ) ) ;
#3368 = ORIENTED_EDGE ( 'NONE', *, *, #2741, .F. ) ;
#3369 = ORIENTED_EDGE ( 'NONE', *, *, #1622, .T. ) ;
#3370 = CARTESIAN_POINT ( 'NONE',  ( 9.774822778882649388, -2.113960506243412585, 29.50000002313676006 ) ) ;
#3371 = CARTESIAN_POINT ( 'NONE',  ( 10.23386019967457017, -2.349064795512632031, 29.50000000000000000 ) ) ;
#3372 = DIRECTION ( 'NONE',  ( 0.3942843819815806117, -0.9189884798654458509, -0.000000000000000000 ) ) ;
#3373 = EDGE_CURVE ( 'NONE', #1639, #1544, #3380, .T. ) ;
#3374 = CARTESIAN_POINT ( 'NONE',  ( -3.318975647768527715, -9.905093891440843734, 30.06203710728315670 ) ) ;
#3375 = PLANE ( 'NONE',  #902 ) ;
#3376 = CARTESIAN_POINT ( 'NONE',  ( -3.406751886766904658, 9.402563207533155776, 29.62964222567470429 ) ) ;
#3377 = AXIS2_PLACEMENT_3D ( 'NONE', #1233, #656, #2897 ) ;
#3378 = AXIS2_PLACEMENT_3D ( 'NONE', #3446, #2063, #92 ) ;
#3379 = CARTESIAN_POINT ( 'NONE',  ( -2.935790773131090603, 9.559347913764744575, 30.00000000000000000 ) ) ;
#3380 = CIRCLE ( 'NONE', #2681, 10.00000000000000000 ) ;
#3381 = CARTESIAN_POINT ( 'NONE',  ( 17.92027535737621946, -7.688545448640768498, 45.00000000000000000 ) ) ;
#3382 = DIRECTION ( 'NONE',  ( -0.000000000000000000, -0.000000000000000000, 1.000000000000000000 ) ) ;
#3383 = VECTOR ( 'NONE', #1889, 1000.000000000000000 ) ;
#3384 = DIRECTION ( 'NONE',  ( 1.000000000000000000, -3.469446951953611033E-15, 0.000000000000000000 ) ) ;
#3385 = CARTESIAN_POINT ( 'NONE',  ( -3.855705572859459362, 9.226783542243770952, 44.50000000000000000 ) ) ;
#3386 = ORIENTED_EDGE ( 'NONE', *, *, #4057, .F. ) ;
#3387 = DIRECTION ( 'NONE',  ( -0.000000000000000000, -1.000000000000000000, 0.000000000000000000 ) ) ;
#3388 = VERTEX_POINT ( 'NONE', #1492 ) ;
#3389 = ORIENTED_EDGE ( 'NONE', *, *, #1002, .F. ) ;
#3390 = DIRECTION ( 'NONE',  ( -0.000000000000000000, 1.000000000000000000, -0.000000000000000000 ) ) ;
#3391 = DIRECTION ( 'NONE',  ( -0.9746533523499590901, 0.2237204567154881529, 0.000000000000000000 ) ) ;
#3392 = CARTESIAN_POINT ( 'NONE',  ( -6.771827789231192440, -7.902420048267570607, 30.19057172913545628 ) ) ;
#3393 = EDGE_CURVE ( 'NONE', #830, #2228, #45, .T. ) ;
#3394 = FACE_OUTER_BOUND ( 'NONE', #1247, .T. ) ;
#3395 = CARTESIAN_POINT ( 'NONE',  ( -1.858430132767709964, 19.13228739878225326, 30.50000000000000000 ) ) ;
#3396 = EDGE_CURVE ( 'NONE', #3080, #144, #3651, .T. ) ;
#3397 = DIRECTION ( 'NONE',  ( 0.000000000000000000, 0.000000000000000000, 1.000000000000000000 ) ) ;
#3398 = CARTESIAN_POINT ( 'NONE',  ( -3.369461593835701319, 9.420861140953093127, 30.13732695557135699 ) ) ;
#3399 = VECTOR ( 'NONE', #2834, 1000.000000000000000 ) ;
#3400 = CARTESIAN_POINT ( 'NONE',  ( -15.58232668655395159, -12.54516533825393942, 9.947615582754474772 ) ) ;
#3401 = AXIS2_PLACEMENT_3D ( 'NONE', #2045, #3056, #4082 ) ;
#3402 = CARTESIAN_POINT ( 'NONE',  ( 0.000000000000000000, 0.000000000000000000, 0.5000000000000004441 ) ) ;
#3403 = EDGE_CURVE ( 'NONE', #2840, #3438, #3932, .T. ) ;
#3404 = AXIS2_PLACEMENT_3D ( 'NONE', #291, #4275, #3994 ) ;
#3405 = CARTESIAN_POINT ( 'NONE',  ( 17.49489304627283914, 7.999135768074997266, 30.32535541373059829 ) ) ;
#3406 = AXIS2_PLACEMENT_3D ( 'NONE', #4005, #729, #1014 ) ;
#3407 = CARTESIAN_POINT ( 'NONE',  ( -3.496669617740498559, -9.790571102956267424, 30.22933296035487061 ) ) ;
#3408 = EDGE_CURVE ( 'NONE', #347, #2514, #1845, .T. ) ;
#3409 = VERTEX_POINT ( 'NONE', #1945 ) ;
#3410 = ORIENTED_EDGE ( 'NONE', *, *, #2507, .T. ) ;
#3411 = AXIS2_PLACEMENT_3D ( 'NONE', #1959, #3292, #984 ) ;
#3412 = EDGE_LOOP ( 'NONE', ( #1808, #3169, #1422, #1783 ) ) ;
#3413 = VERTEX_POINT ( 'NONE', #2229 ) ;
#3414 = DIRECTION ( 'NONE',  ( -0.4627980556763815478, -0.8864637384925347918, 0.000000000000000000 ) ) ;
#3415 = DIRECTION ( 'NONE',  ( -0.000000000000000000, 0.000000000000000000, 1.000000000000000000 ) ) ;
#3416 = DIRECTION ( 'NONE',  ( 1.000000000000000000, 0.000000000000000000, 0.000000000000000000 ) ) ;
#3417 = FACE_OUTER_BOUND ( 'NONE', #1035, .T. ) ;
#3418 = EDGE_CURVE ( 'NONE', #2441, #2668, #3940, .T. ) ;
#3419 = ORIENTED_EDGE ( 'NONE', *, *, #2986, .T. ) ;
#3420 = CARTESIAN_POINT ( 'NONE',  ( -6.356091999385280467, -7.720631723211512920, 29.70492520632997113 ) ) ;
#3421 = CARTESIAN_POINT ( 'NONE',  ( 17.92027535737621591, 7.688545448640778268, 44.50000000000000000 ) ) ;
#3422 = CARTESIAN_POINT ( 'NONE',  ( -6.365914964192231018, -8.350157284067973862, 44.50000000000000000 ) ) ;
#3423 = CYLINDRICAL_SURFACE ( 'NONE', #1692, 2.499999999999992006 ) ;
#3424 = CIRCLE ( 'NONE', #1550, 15.99999999999998934 ) ;
#3425 = CARTESIAN_POINT ( 'NONE',  ( 19.97498435543817763, -0.9999999999999972244, 45.00000000000000000 ) ) ;
#3426 = ORIENTED_EDGE ( 'NONE', *, *, #293, .T. ) ;
#3427 = CARTESIAN_POINT ( 'NONE',  ( -16.01909062088434155, -11.97450356715865460, 45.00000000000000000 ) ) ;
#3428 = VECTOR ( 'NONE', #3867, 1000.000000000000000 ) ;
#3429 = CARTESIAN_POINT ( 'NONE',  ( 10.23858087563816355, 2.209052445892820682, 30.01292118407644693 ) ) ;
#3430 = ORIENTED_EDGE ( 'NONE', *, *, #2490, .F. ) ;
#3431 = CYLINDRICAL_SURFACE ( 'NONE', #419, 0.4999999999999987232 ) ;
#3432 = EDGE_LOOP ( 'NONE', ( #1990, #4004, #503, #3199 ) ) ;
#3433 = ORIENTED_EDGE ( 'NONE', *, *, #2689, .F. ) ;
#3434 = CARTESIAN_POINT ( 'NONE',  ( 9.866578612133144688, -1.670474304841068403, 30.33879452051302650 ) ) ;
#3435 = CARTESIAN_POINT ( 'NONE',  ( -14.55476445853394019, 13.72112206010240953, 3.166484101838154874 ) ) ;
#3436 = DIRECTION ( 'NONE',  ( 0.9990991449064514640, -0.04243699620846975995, 6.932642965990294995E-15 ) ) ;
#3437 = DIRECTION ( 'NONE',  ( 0.000000000000000000, -0.000000000000000000, -1.000000000000000000 ) ) ;
#3438 = VERTEX_POINT ( 'NONE', #1966 ) ;
#3439 = CARTESIAN_POINT ( 'NONE',  ( -16.30870509434087268, 10.69000178418226454, 30.00000000000000000 ) ) ;
#3440 = DIRECTION ( 'NONE',  ( -0.000000000000000000, 1.000000000000000000, -0.000000000000000000 ) ) ;
#3441 = FACE_BOUND ( 'NONE', #2975, .T. ) ;
#3442 = DIRECTION ( 'NONE',  ( -0.6062776156373852476, -0.7952530746731174549, 0.000000000000000000 ) ) ;
#3443 = FACE_OUTER_BOUND ( 'NONE', #3838, .T. ) ;
#3444 = PRODUCT ( 'PRT-8', 'PRT-8', '', ( #3256 ) ) ;
#3445 = VECTOR ( 'NONE', #1183, 1000.000000000000000 ) ;
#3446 = CARTESIAN_POINT ( 'NONE',  ( -6.365914964192213255, -8.350157284067988073, 30.50000000000000000 ) ) ;
#3447 = VERTEX_POINT ( 'NONE', #3545 ) ;
#3448 = EDGE_CURVE ( 'NONE', #895, #2540, #2119, .T. ) ;
#3449 = CIRCLE ( 'NONE', #1424, 10.00000000000000000 ) ;
#3450 = CARTESIAN_POINT ( 'NONE',  ( 17.92027535737621946, -7.688545448640769386, 44.50000000000000000 ) ) ;
#3451 = EDGE_CURVE ( 'NONE', #2732, #4007, #739, .T. ) ;
#3452 = CARTESIAN_POINT ( 'NONE',  ( 10.22630464875475376, 1.871352473474316103, 30.24563320106553022 ) ) ;
#3453 = EDGE_LOOP ( 'NONE', ( #3410, #3419, #1378 ) ) ;
#3454 = DIRECTION ( 'NONE',  ( -0.000000000000000000, 1.000000000000000000, -0.000000000000000000 ) ) ;
#3455 = ORIENTED_EDGE ( 'NONE', *, *, #1483, .T. ) ;
#3456 = DIRECTION ( 'NONE',  ( -0.000000000000000000, -0.000000000000000000, -1.000000000000000000 ) ) ;
#3457 = ORIENTED_EDGE ( 'NONE', *, *, #1671, .T. ) ;
#3458 = CARTESIAN_POINT ( 'NONE',  ( -14.78046100446846012, 13.47769037757611699, 3.150000000000002132 ) ) ;
#3459 = DIRECTION ( 'NONE',  ( -0.000000000000000000, 1.000000000000000000, -0.000000000000000000 ) ) ;
#3460 = CARTESIAN_POINT ( 'NONE',  ( 17.49826198623436824, 7.956695993255958221, 30.49999999999999645 ) ) ;
#3461 = VERTEX_POINT ( 'NONE', #320 ) ;
#3462 = ORIENTED_EDGE ( 'NONE', *, *, #1460, .F. ) ;
#3463 = EDGE_CURVE ( 'NONE', #801, #1232, #185, .T. ) ;
#3464 = CARTESIAN_POINT ( 'NONE',  ( -1.686181443860083951, 19.21309013370463248, 30.17479843194215050 ) ) ;
#3465 = DIRECTION ( 'NONE',  ( 0.000000000000000000, 0.000000000000000000, 1.000000000000000000 ) ) ;
#3466 = EDGE_CURVE ( 'NONE', #2148, #3552, #4291, .T. ) ;
#3467 = DIRECTION ( 'NONE',  ( -1.000000000000000000, -6.071532165918824830E-17, 0.000000000000000000 ) ) ;
#3468 = CARTESIAN_POINT ( 'NONE',  ( 11.78116770828263782, 16.16348776532489140, 4.558068968485572192 ) ) ;
#3469 = VERTEX_POINT ( 'NONE', #2206 ) ;
#3470 = EDGE_CURVE ( 'NONE', #3281, #3500, #3231, .T. ) ;
#3471 = CARTESIAN_POINT ( 'NONE',  ( -16.56412956215168109, 11.24215031932476805, 30.53728158764358724 ) ) ;
#3472 = AXIS2_PLACEMENT_3D ( 'NONE', #176, #4172, #1174 ) ;
#3473 = DIRECTION ( 'NONE',  ( 1.000000000000000000, -3.469446951953615767E-15, 0.000000000000000000 ) ) ;
#3474 = VERTEX_POINT ( 'NONE', #238 ) ;
#3475 = CARTESIAN_POINT ( 'NONE',  ( -17.44275721996190498, -9.785352444866731503, 6.958163929262735081 ) ) ;
#3476 = ORIENTED_EDGE ( 'NONE', *, *, #3210, .F. ) ;
#3477 = VECTOR ( 'NONE', #1933, 1000.000000000000000 ) ;
#3478 = CIRCLE ( 'NONE', #2571, 10.50000000000000000 ) ;
#3479 = CARTESIAN_POINT ( 'NONE',  ( 13.28640034258222080, -14.94992214488875248, 5.672441773545388699 ) ) ;
#3480 = ORIENTED_EDGE ( 'NONE', *, *, #2995, .F. ) ;
#3481 = CARTESIAN_POINT ( 'NONE',  ( -6.915042983787898834, 7.829700943534046331, 30.05049251808082289 ) ) ;
#3482 = DIRECTION ( 'NONE',  ( 0.000000000000000000, 0.000000000000000000, 1.000000000000000000 ) ) ;
#3483 = CARTESIAN_POINT ( 'NONE',  ( 9.846200491434931479, 1.751080002551749226, 29.62970056075868186 ) ) ;
#3484 = EDGE_CURVE ( 'NONE', #3633, #2516, #1560, .T. ) ;
#3485 = ORIENTED_EDGE ( 'NONE', *, *, #3536, .F. ) ;
#3486 = ORIENTED_EDGE ( 'NONE', *, *, #496, .T. ) ;
#3487 = CARTESIAN_POINT ( 'NONE',  ( -1.511563320862325588, 19.95395329973025866, 30.48523867383606856 ) ) ;
#3488 = CIRCLE ( 'NONE', #1536, 10.00000000000000000 ) ;
#3489 = DIRECTION ( 'NONE',  ( 0.000000000000000000, 0.000000000000000000, 1.000000000000000000 ) ) ;
#3490 = DIRECTION ( 'NONE',  ( 0.000000000000000000, -1.000000000000000000, 9.714451465470110893E-14 ) ) ;
#3491 = CARTESIAN_POINT ( 'NONE',  ( -7.151279887886930808, 7.688250513940340980, 30.00000000000000000 ) ) ;
#3492 = DIRECTION ( 'NONE',  ( -1.000000000000000000, 0.000000000000000000, 0.000000000000000000 ) ) ;
#3493 = DIRECTION ( 'NONE',  ( 0.000000000000000000, 0.000000000000000000, 1.000000000000000000 ) ) ;
#3494 = ORIENTED_EDGE ( 'NONE', *, *, #1262, .F. ) ;
#3495 = CARTESIAN_POINT ( 'NONE',  ( -16.40394542006820089, 11.44248758185606007, 29.60860922544649299 ) ) ;
#3496 = B_SPLINE_CURVE_WITH_KNOTS ( 'NONE', 3,
 ( #844, #581, #189, #4202, #1896, #4241, #821, #234 ),
 .UNSPECIFIED., .F., .F.,
 ( 4, 2, 2, 4 ),
 ( 0.000000000000000000, 0.0005266859331289995691, 0.0007900288996934989741, 0.001053371866257998271 ),
 .UNSPECIFIED. ) ;
#3497 = EDGE_CURVE ( 'NONE', #1232, #2712, #534, .T. ) ;
#3498 = CYLINDRICAL_SURFACE ( 'NONE', #3528, 0.5000000000000000000 ) ;
#3499 = VERTEX_POINT ( 'NONE', #261 ) ;
#3500 = VERTEX_POINT ( 'NONE', #3914 ) ;
#3501 = CARTESIAN_POINT ( 'NONE',  ( 9.918481728694146682, -1.274252799706709460, 30.36796936138386727 ) ) ;
#3502 = ORIENTED_EDGE ( 'NONE', *, *, #3470, .F. ) ;
#3503 = CARTESIAN_POINT ( 'NONE',  ( -11.78869934891000781, 16.15802632376994197, 4.549654110475599644 ) ) ;
#3504 = CARTESIAN_POINT ( 'NONE',  ( -1.801662002013975528, 19.36368642662045048, 44.50000000000000000 ) ) ;
#3505 = CARTESIAN_POINT ( 'NONE',  ( 15.00000000000000000, -0.9999999999999963363, 7.500000000000000000 ) ) ;
#3506 = EDGE_CURVE ( 'NONE', #300, #2932, #3750, .T. ) ;
#3507 = ORIENTED_EDGE ( 'NONE', *, *, #4240, .T. ) ;
#3508 = ORIENTED_EDGE ( 'NONE', *, *, #2721, .F. ) ;
#3509 = CARTESIAN_POINT ( 'NONE',  ( -16.72687701983679176, 10.96410439403309312, 29.50000000000000000 ) ) ;
#3510 = ADVANCED_FACE ( 'NONE', ( #1596 ), #348, .T. ) ;
#3511 = CARTESIAN_POINT ( 'NONE',  ( -14.47361690469120710, -13.80809470430804176, 5.039265676873471378 ) ) ;
#3512 = DIRECTION ( 'NONE',  ( -1.000000000000000000, 0.000000000000000000, 0.000000000000000000 ) ) ;
#3513 = CARTESIAN_POINT ( 'NONE',  ( -19.50000000000000000, 0.000000000000000000, 29.50000000000000000 ) ) ;
#3514 = CARTESIAN_POINT ( 'NONE',  ( -6.365914964192226577, 8.350157284067973862, 45.00000000000000000 ) ) ;
#3515 = DIRECTION ( 'NONE',  ( -1.000000000000000000, 0.000000000000000000, 0.000000000000000000 ) ) ;
#3516 = ORIENTED_EDGE ( 'NONE', *, *, #2082, .T. ) ;
#3517 = AXIS2_PLACEMENT_3D ( 'NONE', #3251, #3871, #884 ) ;
#3518 = CARTESIAN_POINT ( 'NONE',  ( -15.66184092440218301, 11.16046366812305379, 30.35594898293521382 ) ) ;
#3519 = CIRCLE ( 'NONE', #1629, 16.49999999999999289 ) ;
#3520 = ADVANCED_FACE ( 'NONE', ( #4266 ), #212, .T. ) ;
#3521 = CARTESIAN_POINT ( 'NONE',  ( -4.048490851502434040, -9.688122719355966694, 44.50000000000000000 ) ) ;
#3522 = ORIENTED_EDGE ( 'NONE', *, *, #1895, .T. ) ;
#3523 = CIRCLE ( 'NONE', #812, 0.5000000000000004441 ) ;
#3524 = CARTESIAN_POINT ( 'NONE',  ( 9.915168604729585056, -1.300745713382979840, 30.23453916569457078 ) ) ;
#3525 = EDGE_LOOP ( 'NONE', ( #3530, #4068, #274, #3656 ) ) ;
#3526 = CARTESIAN_POINT ( 'NONE',  ( -10.69990875966706767, 16.89711483266996339, 6.822238745639348956 ) ) ;
#3527 = DIRECTION ( 'NONE',  ( -0.000000000000000000, 1.000000000000000000, -0.000000000000000000 ) ) ;
#3528 = AXIS2_PLACEMENT_3D ( 'NONE', #514, #1829, #888 ) ;
#3529 = CARTESIAN_POINT ( 'NONE',  ( 17.90437873438666116, -8.913111022803169803, 30.03446071866768818 ) ) ;
#3530 = ORIENTED_EDGE ( 'NONE', *, *, #2289, .F. ) ;
#3531 = ORIENTED_EDGE ( 'NONE', *, *, #1002, .T. ) ;
#3532 = CARTESIAN_POINT ( 'NONE',  ( -14.47175009190356754, -13.80991561971702453, 9.959902843678577256 ) ) ;
#3533 = DIRECTION ( 'NONE',  ( 1.000000000000000000, 0.000000000000000000, 0.000000000000000000 ) ) ;
#3534 = FACE_OUTER_BOUND ( 'NONE', #2849, .T. ) ;
#3535 = CYLINDRICAL_SURFACE ( 'NONE', #190, 2.499999999999992006 ) ;
#3536 = EDGE_CURVE ( 'NONE', #1580, #1117, #1066, .T. ) ;
#3537 = AXIS2_PLACEMENT_3D ( 'NONE', #398, #1710, #3051 ) ;
#3538 = FACE_OUTER_BOUND ( 'NONE', #279, .T. ) ;
#3539 = CARTESIAN_POINT ( 'NONE',  ( 14.09104094922128958, 14.19693361254466168, 11.76044459781059714 ) ) ;
#3540 = ORIENTED_EDGE ( 'NONE', *, *, #4117, .T. ) ;
#3541 = CARTESIAN_POINT ( 'NONE',  ( 17.49826198623418350, 7.956695993255809007, 30.50000000000000000 ) ) ;
#3542 = CARTESIAN_POINT ( 'NONE',  ( -3.205761891003206632, -9.974103701494543728, 30.00000000000000355 ) ) ;
#3543 = CIRCLE ( 'NONE', #2348, 0.4999999999999987232 ) ;
#3544 = EDGE_LOOP ( 'NONE', ( #1463, #2733, #4096, #469 ) ) ;
#3545 = CARTESIAN_POINT ( 'NONE',  ( -6.062776156373537617, -7.952530746731415690, 44.50000000000000000 ) ) ;
#3546 = AXIS2_PLACEMENT_3D ( 'NONE', #3345, #2688, #2992 ) ;
#3547 = CARTESIAN_POINT ( 'NONE',  ( -6.623953914102448159, 7.492453729867354362, 29.52584236959653907 ) ) ;
#3548 = CARTESIAN_POINT ( 'NONE',  ( -6.084063134018030006, -7.936415037810343520, 30.23453916569457078 ) ) ;
#3549 = EDGE_CURVE ( 'NONE', #129, #2455, #1870, .T. ) ;
#3550 = CARTESIAN_POINT ( 'NONE',  ( -15.83339362327909683, 11.04027763167508880, 30.14527206618427613 ) ) ;
#3551 = CIRCLE ( 'NONE', #1796, 0.5000000000000008882 ) ;
#3552 = VERTEX_POINT ( 'NONE', #1048 ) ;
#3553 = ORIENTED_EDGE ( 'NONE', *, *, #1583, .F. ) ;
#3554 = DIRECTION ( 'NONE',  ( 1.000000000000000000, 0.000000000000000000, 0.000000000000000000 ) ) ;
#3555 = VECTOR ( 'NONE', #2247, 1000.000000000000000 ) ;
#3556 = CARTESIAN_POINT ( 'NONE',  ( -2.283115009476609281, 19.86929045710461850, 30.14406203367705572 ) ) ;
#3557 = FILL_AREA_STYLE_COLOUR ( '', #2645 ) ;
#3558 = EDGE_CURVE ( 'NONE', #1660, #487, #1527, .T. ) ;
#3559 = CARTESIAN_POINT ( 'NONE',  ( -7.151279887886916597, -7.688250513940353414, 29.50000000000000000 ) ) ;
#3560 = CIRCLE ( 'NONE', #2787, 0.5000000000000017764 ) ;
#3561 = FACE_OUTER_BOUND ( 'NONE', #751, .T. ) ;
#3562 = CARTESIAN_POINT ( 'NONE',  ( 15.00000000000000000, 13.22875655532295269, 3.150000000000001688 ) ) ;
#3563 = ORIENTED_EDGE ( 'NONE', *, *, #3620, .F. ) ;
#3564 = DIRECTION ( 'NONE',  ( 1.000000000000000000, 0.000000000000000000, 0.000000000000000000 ) ) ;
#3565 = DIRECTION ( 'NONE',  ( 1.000000000000000000, 0.000000000000000000, 0.000000000000000000 ) ) ;
#3566 = ORIENTED_EDGE ( 'NONE', *, *, #501, .T. ) ;
#3567 = CARTESIAN_POINT ( 'NONE',  ( -4.048490851502433152, -9.688122719355961365, 44.50000000000000000 ) ) ;
#3568 = AXIS2_PLACEMENT_3D ( 'NONE', #360, #684, #317 ) ;
#3569 = CARTESIAN_POINT ( 'NONE',  ( -6.918575112973527119, 7.826864171229781064, 30.06203710728313894 ) ) ;
#3570 = CARTESIAN_POINT ( 'NONE',  ( 10.41440581569466062, -1.337965435287977956, 45.00000000000000000 ) ) ;
#3571 = VERTEX_POINT ( 'NONE', #3650 ) ;
#3572 = VERTEX_POINT ( 'NONE', #1987 ) ;
#3573 = DIRECTION ( 'NONE',  ( 1.000000000000000000, 0.000000000000000000, -0.000000000000000000 ) ) ;
#3574 = AXIS2_PLACEMENT_3D ( 'NONE', #2548, #1891, #3888 ) ;
#3575 = CARTESIAN_POINT ( 'NONE',  ( -16.58623979443219199, -11.21579035640313649, 30.52410051627735399 ) ) ;
#3576 = DIRECTION ( 'NONE',  ( -0.000000000000000000, -0.000000000000000000, -1.000000000000000000 ) ) ;
#3577 = LINE ( 'NONE', #959, #2269 ) ;
#3578 = CARTESIAN_POINT ( 'NONE',  ( 0.000000000000000000, 0.000000000000000000, 20.00000000000000000 ) ) ;
#3579 = ORIENTED_EDGE ( 'NONE', *, *, #4230, .F. ) ;
#3580 = CARTESIAN_POINT ( 'NONE',  ( -6.365914964192213255, -8.350157284067988073, 44.50000000000000000 ) ) ;
#3581 = CARTESIAN_POINT ( 'NONE',  ( -2.301662002013971975, -19.36368642662045403, 44.50000000000000000 ) ) ;
#3582 = CARTESIAN_POINT ( 'NONE',  ( -1.497114136296767484, -19.94672959537664525, 30.28731986992222858 ) ) ;
#3583 = VERTEX_POINT ( 'NONE', #1396 ) ;
#3584 = EDGE_CURVE ( 'NONE', #801, #3965, #760, .T. ) ;
#3585 = CARTESIAN_POINT ( 'NONE',  ( 12.50038955756201098, -15.61218310013891397, 7.296555973174114307 ) ) ;
#3586 = TOROIDAL_SURFACE ( 'NONE', #4014, 19.50000000000000000, 0.5000000000000000000 ) ;
#3587 = CIRCLE ( 'NONE', #600, 0.5000000000000002220 ) ;
#3588 = AXIS2_PLACEMENT_3D ( 'NONE', #3450, #446, #467 ) ;
#3589 = CARTESIAN_POINT ( 'NONE',  ( -16.03032068638713170, 10.89830085807487592, 30.04328736102058173 ) ) ;
#3590 = ORIENTED_EDGE ( 'NONE', *, *, #2921, .F. ) ;
#3591 = AXIS2_PLACEMENT_3D ( 'NONE', #1036, #4089, #389 ) ;
#3592 = ORIENTED_EDGE ( 'NONE', *, *, #1464, .T. ) ;
#3593 = LINE ( 'NONE', #1254, #3796 ) ;
#3594 = AXIS2_PLACEMENT_3D ( 'NONE', #4160, #2513, #3850 ) ;
#3595 = CARTESIAN_POINT ( 'NONE',  ( -16.31882379280198236, -4.809994912976777393, 30.00000000000000000 ) ) ;
#3596 = DIRECTION ( 'NONE',  ( -0.000000000000000000, -0.000000000000000000, -1.000000000000000000 ) ) ;
#3597 = FACE_BOUND ( 'NONE', #3743, .T. ) ;
#3598 = B_SPLINE_CURVE_WITH_KNOTS ( 'NONE', 3,
 ( #1327, #678, #2656, #3949, #2308, #3644, #1915, #1999, #313, #7, #1023, #1979, #356, #3312, #962, #1003, #3601, #2612, #1667, #3336, #2964, #4300, #2677, #3664, #618, #2982, #3006, #1347, #335, #2590 ),
 .UNSPECIFIED., .F., .F.,
 ( 4, 2, 2, 2, 2, 2, 2, 2, 2, 2, 2, 2, 2, 2, 4 ),
 ( 0.000000000000000000, 0.0004903067183709331920, 0.0009806134367418663841, 0.001470920155112799685, 0.001961226873483732768, 0.002941840310225599369, 0.003432147028596530067, 0.003922453746967461199, 0.004412760465338392765, 0.004903067183709323464, 0.005883680620451187462, 0.006373987338822119028, 0.006864294057193050594, 0.007354600775563982160, 0.007844907493934913725 ),
 .UNSPECIFIED. ) ;
#3599 = EDGE_CURVE ( 'NONE', #1739, #883, #4103, .T. ) ;
#3600 = AXIS2_PLACEMENT_3D ( 'NONE', #205, #1199, #1800 ) ;
#3601 = CARTESIAN_POINT ( 'NONE',  ( 0.3279069049506554423, 9.995915190120184590, 22.48380397062707914 ) ) ;
#3602 = CARTESIAN_POINT ( 'NONE',  ( 18.36041952354779738, -7.930660288141920589, 30.21276909202327587 ) ) ;
#3603 = ORIENTED_EDGE ( 'NONE', *, *, #4041, .F. ) ;
#3604 = ADVANCED_FACE ( 'NONE', ( #94 ), #15, .T. ) ;
#3605 = DIRECTION ( 'NONE',  ( 1.000000000000000000, 0.000000000000000000, 0.000000000000000000 ) ) ;
#3606 = DIRECTION ( 'NONE',  ( -1.000000000000000000, 0.000000000000000000, 0.000000000000000000 ) ) ;
#3607 = EDGE_CURVE ( 'NONE', #2272, #1296, #3320, .T. ) ;
#3608 = CARTESIAN_POINT ( 'NONE',  ( 3.993834109689189837, 16.53751342093682553, 44.50000000000000000 ) ) ;
#3609 = EDGE_LOOP ( 'NONE', ( #2118, #3566, #3020 ) ) ;
#3610 = DIRECTION ( 'NONE',  ( -0.000000000000000000, 1.000000000000000000, -0.000000000000000000 ) ) ;
#3611 = APPLICATION_PROTOCOL_DEFINITION ( 'draft international standard', 'automotive_design', 1998, #2663 ) ;
#3612 = DIRECTION ( 'NONE',  ( -0.000000000000000000, 1.000000000000000000, -0.000000000000000000 ) ) ;
#3613 = ORIENTED_EDGE ( 'NONE', *, *, #1403, .T. ) ;
#3614 = ORIENTED_EDGE ( 'NONE', *, *, #2419, .F. ) ;
#3615 = EDGE_LOOP ( 'NONE', ( #3485, #2976, #2951 ) ) ;
#3616 = CIRCLE ( 'NONE', #837, 10.00000000000000000 ) ;
#3617 = FACE_OUTER_BOUND ( 'NONE', #1564, .T. ) ;
#3618 = CARTESIAN_POINT ( 'NONE',  ( -2.174915798991458704, 19.88152436128671141, 29.95402061465115651 ) ) ;
#3619 = DIRECTION ( 'NONE',  ( 0.000000000000000000, 0.000000000000000000, 1.000000000000000000 ) ) ;
#3620 = EDGE_CURVE ( 'NONE', #1194, #3469, #341, .T. ) ;
#3621 = PLANE ( 'NONE',  #766 ) ;
#3622 = DIRECTION ( 'NONE',  ( -0.000000000000000000, -0.000000000000000000, -1.000000000000000000 ) ) ;
#3623 = VECTOR ( 'NONE', #4102, 1000.000000000000000 ) ;
#3624 = LINE ( 'NONE', #294, #2158 ) ;
#3625 = CYLINDRICAL_SURFACE ( 'NONE', #1779, 0.5000000000000000000 ) ;
#3626 = DIRECTION ( 'NONE',  ( 1.000000000000000000, 0.000000000000000000, 0.000000000000000000 ) ) ;
#3627 = LINE ( 'NONE', #944, #2430 ) ;
#3628 = CARTESIAN_POINT ( 'NONE',  ( 3.993834109689195166, -16.53751342093682553, 45.00000000000000000 ) ) ;
#3629 = EDGE_LOOP ( 'NONE', ( #1885, #1740 ) ) ;
#3630 = DIRECTION ( 'NONE',  ( 0.6032065956733055900, 0.7975849816390859770, 0.000000000000000000 ) ) ;
#3631 = CARTESIAN_POINT ( 'NONE',  ( -16.30870509434085847, -10.69000178418228941, 30.00000000000000000 ) ) ;
#3632 = CARTESIAN_POINT ( 'NONE',  ( -6.667518262028873544, -7.951364793248449914, 30.50000000000000000 ) ) ;
#3633 = VERTEX_POINT ( 'NONE', #747 ) ;
#3634 = ORIENTED_EDGE ( 'NONE', *, *, #128, .T. ) ;
#3635 = ORIENTED_EDGE ( 'NONE', *, *, #1269, .F. ) ;
#3636 = CARTESIAN_POINT ( 'NONE',  ( 25.00000000000000000, -0.9999999999999970024, 20.00000000000000000 ) ) ;
#3637 = CARTESIAN_POINT ( 'NONE',  ( -16.52484880306393933, -11.28602888516018155, 30.48523867383606856 ) ) ;
#3638 = CARTESIAN_POINT ( 'NONE',  ( -3.082580311787643801, -10.03731530945298189, 29.50000000000000000 ) ) ;
#3639 = EDGE_CURVE ( 'NONE', #2502, #2338, #1242, .T. ) ;
#3640 = DIRECTION ( 'NONE',  ( 0.7322143346609861769, -0.6810742750368491416, 0.000000000000000000 ) ) ;
#3641 = CARTESIAN_POINT ( 'NONE',  ( -11.95826074310137699, -0.9999999999999991118, 0.000000000000000000 ) ) ;
#3642 = VECTOR ( 'NONE', #1872, 1000.000000000000000 ) ;
#3643 = EDGE_CURVE ( 'NONE', #3080, #1430, #1376, .T. ) ;
#3644 = CARTESIAN_POINT ( 'NONE',  ( -2.245760088675125221, 9.744779679974898912, 21.11056932376881434 ) ) ;
#3645 = CARTESIAN_POINT ( 'NONE',  ( 17.85863144489565357, -9.003848228140240550, 29.50000000000000000 ) ) ;
#3646 = CARTESIAN_POINT ( 'NONE',  ( 17.28794815927749440, -10.05752674353974463, 8.523142355940885651 ) ) ;
#3647 = DIRECTION ( 'NONE',  ( -0.9559347913764743021, -0.2935790773131097819, 0.000000000000000000 ) ) ;
#3648 = CARTESIAN_POINT ( 'NONE',  ( -1.285765074487434712, -19.39170873576556531, 30.01077170873799460 ) ) ;
#3649 = EDGE_CURVE ( 'NONE', #432, #167, #2990, .T. ) ;
#3651 = B_SPLINE_CURVE_WITH_KNOTS ( 'NONE', 3,
 ( #2780, #2847, #4116, #472, #1470, #1811, #825, #3479, #3148, #166, #2823, #4165, #1166, #2250, #3585, #648, #1248, #1614, #3278, #2621, #4305, #2579, #2971, #626, #3956, #970, #3894, #2296, #301, #4223 ),
 .UNSPECIFIED., .F., .F.,
 ( 4, 2, 2, 2, 2, 2, 2, 2, 2, 2, 2, 2, 2, 2, 4 ),
 ( 0.01076420714899075336, 0.01193806197740150850, 0.01252498939160688260, 0.01311191680581225844, 0.01369884422001763427, 0.01428577163422301011, 0.01487269904842838594, 0.01545962646263376004, 0.01604655387683913415, 0.01663348129104450651, 0.01722040870524987888, 0.01780733611945525124, 0.01839426353366062708, 0.01898119094786599945, 0.02015504577627674765 ),
 .UNSPECIFIED. ) ;
#3650 = CARTESIAN_POINT ( 'NONE',  ( -1.131754425058863589, -19.96795262217335676, 29.50000000000000000 ) ) ;
#3652 = EDGE_CURVE ( 'NONE', #2813, #4025, #3144, .T. ) ;
#3653 = FACE_OUTER_BOUND ( 'NONE', #541, .T. ) ;
#3654 = ORIENTED_EDGE ( 'NONE', *, *, #2395, .F. ) ;
#3655 = ORIENTED_EDGE ( 'NONE', *, *, #610, .T. ) ;
#3656 = ORIENTED_EDGE ( 'NONE', *, *, #1922, .F. ) ;
#3657 = AXIS2_PLACEMENT_3D ( 'NONE', #3580, #2593, #621 ) ;
#3658 = DIRECTION ( 'NONE',  ( -0.000000000000000000, -0.000000000000000000, -1.000000000000000000 ) ) ;
#3659 = CARTESIAN_POINT ( 'NONE',  ( 10.23824141302942436, 2.073752420454635814, 30.05049251808082289 ) ) ;
#3660 = DIRECTION ( 'NONE',  ( -0.000000000000000000, -0.000000000000000000, 1.000000000000000000 ) ) ;
#3661 = DIRECTION ( 'NONE',  ( -1.000000000000000000, 0.000000000000000000, 0.000000000000000000 ) ) ;
#3662 = AXIS2_PLACEMENT_3D ( 'NONE', #1993, #3900, #3573 ) ;
#3663 = CARTESIAN_POINT ( 'NONE',  ( -2.935790773131092379, -9.559347913764744575, 29.49999999999996803 ) ) ;
#3664 = CARTESIAN_POINT ( 'NONE',  ( 2.166918597237409649, 9.762839184102549694, 21.25733323649478379 ) ) ;
#3665 = DIRECTION ( 'NONE',  ( 0.000000000000000000, 0.000000000000000000, 1.000000000000000000 ) ) ;
#3666 = CARTESIAN_POINT ( 'NONE',  ( -18.55138381056003283, 7.480517399774397447, 4.979148786453463593 ) ) ;
#3667 = CARTESIAN_POINT ( 'NONE',  ( 2.500000000000000444, 15.00000000000000000, -3.061616997868383634E-16 ) ) ;
#3668 = ADVANCED_FACE ( 'NONE', ( #3037 ), #4245, .T. ) ;
#3669 = FACE_OUTER_BOUND ( 'NONE', #194, .T. ) ;
#3670 = CARTESIAN_POINT ( 'NONE',  ( 15.00000000000000000, -0.9999999999999976685, 5.000000000000007994 ) ) ;
#3671 = ORIENTED_EDGE ( 'NONE', *, *, #1755, .F. ) ;
#3672 = CARTESIAN_POINT ( 'NONE',  ( 18.37976959730893967, 7.885687639631567158, 45.00000000000000000 ) ) ;
#3673 = ORIENTED_EDGE ( 'NONE', *, *, #2817, .F. ) ;
#3674 = VERTEX_POINT ( 'NONE', #726 ) ;
#3675 = CARTESIAN_POINT ( 'NONE',  ( -6.365914964192229242, 8.350157284067975638, 44.50000000000000000 ) ) ;
#3676 = EDGE_LOOP ( 'NONE', ( #669, #456, #2467 ) ) ;
#3677 = DIRECTION ( 'NONE',  ( 0.000000000000000000, 0.000000000000000000, 1.000000000000000000 ) ) ;
#3678 = CARTESIAN_POINT ( 'NONE',  ( -3.548490851502430932, 9.688122719355957813, 30.00000000000000000 ) ) ;
#3679 = TOROIDAL_SURFACE ( 'NONE', #2981, 15.49999999999999289, 0.5000000000000000000 ) ;
#3680 = DIRECTION ( 'NONE',  ( 0.000000000000000000, 0.000000000000000000, -1.000000000000000000 ) ) ;
#3681 = EDGE_CURVE ( 'NONE', #2592, #895, #2747, .T. ) ;
#3682 = CARTESIAN_POINT ( 'NONE',  ( -15.63983185346648064, 11.17559140552643981, 30.50000000000000000 ) ) ;
#3683 = VECTOR ( 'NONE', #1022, 1000.000000000000000 ) ;
#3684 = DIRECTION ( 'NONE',  ( -1.000000000000000000, 0.000000000000000000, 0.000000000000000000 ) ) ;
#3685 = VECTOR ( 'NONE', #1790, 1000.000000000000000 ) ;
#3686 = CIRCLE ( 'NONE', #629, 0.5000000000000004441 ) ;
#3687 = CARTESIAN_POINT ( 'NONE',  ( -16.48101855947614069, -11.33215496348204177, 9.519528716402607671 ) ) ;
#3688 = CARTESIAN_POINT ( 'NONE',  ( -15.63983185346646820, -11.17559140552646291, 30.50000000000000000 ) ) ;
#3689 = DIRECTION ( 'NONE',  ( -1.000000000000000000, 0.000000000000000000, 0.000000000000000000 ) ) ;
#3690 = CIRCLE ( 'NONE', #2926, 0.5000000000000004441 ) ;
#3691 = CARTESIAN_POINT ( 'NONE',  ( 17.45336574437216370, 8.433514516185008247, 30.04328736102058528 ) ) ;
#3692 = EDGE_CURVE ( 'NONE', #1580, #4200, #1103, .T. ) ;
#3693 = CYLINDRICAL_SURFACE ( 'NONE', #4294, 4.349999999999996092 ) ;
#3694 = ORIENTED_EDGE ( 'NONE', *, *, #3210, .T. ) ;
#3695 = PLANE ( 'NONE',  #3406 ) ;
#3696 = ORIENTED_EDGE ( 'NONE', *, *, #2182, .F. ) ;
#3697 = VERTEX_POINT ( 'NONE', #1685 ) ;
#3698 = CARTESIAN_POINT ( 'NONE',  ( 10.23731221176341144, -2.279356307000389492, 30.00000000000000000 ) ) ;
#3699 = ORIENTED_EDGE ( 'NONE', *, *, #647, .F. ) ;
#3700 = FACE_OUTER_BOUND ( 'NONE', #2469, .T. ) ;
#3701 = PLANE ( 'NONE',  #4107 ) ;
#3702 = CARTESIAN_POINT ( 'NONE',  ( 17.92027535737621946, -7.688545448640769386, 30.50000000000000000 ) ) ;
#3703 = CARTESIAN_POINT ( 'NONE',  ( -16.58679510619388964, 11.18095753817079263, 11.55638210621036421 ) ) ;
#3704 = DIRECTION ( 'NONE',  ( -0.000000000000000000, 1.000000000000000000, -0.000000000000000000 ) ) ;
#3705 = CARTESIAN_POINT ( 'NONE',  ( -3.255268726366765453, 9.459041182026940220, 30.04658763007136812 ) ) ;
#3706 = CARTESIAN_POINT ( 'NONE',  ( -17.24062827060289749, -10.13742963748630999, 8.612357919566475672 ) ) ;
#3707 = CIRCLE ( 'NONE', #991, 10.50000000000000000 ) ;
#3708 = DIRECTION ( 'NONE',  ( 1.000000000000000000, 0.000000000000000000, 0.000000000000000000 ) ) ;
#3709 = EDGE_CURVE ( 'NONE', #122, #1739, #3337, .T. ) ;
#3710 = CARTESIAN_POINT ( 'NONE',  ( 9.843350788204723756, 1.792819766544790694, 30.13691340946983743 ) ) ;
#3711 = EDGE_CURVE ( 'NONE', #2502, #2403, #3895, .T. ) ;
#3712 = VERTEX_POINT ( 'NONE', #3439 ) ;
#3713 = DIRECTION ( 'NONE',  ( -1.000000000000000000, 1.040834085586083310E-14, 0.000000000000000000 ) ) ;
#3714 = ORIENTED_EDGE ( 'NONE', *, *, #3373, .F. ) ;
#3715 = VERTEX_POINT ( 'NONE', #2435 ) ;
#3716 = CARTESIAN_POINT ( 'NONE',  ( 0.000000000000000000, 0.000000000000000000, 45.00000000000000000 ) ) ;
#3717 = DIRECTION ( 'NONE',  ( -1.000000000000000000, 0.000000000000000000, 0.000000000000000000 ) ) ;
#3718 = CARTESIAN_POINT ( 'NONE',  ( -6.615068698192635210, -7.502757635699790484, 30.01665732608136850 ) ) ;
#3719 = CARTESIAN_POINT ( 'NONE',  ( 17.45764329291665717, 8.394136223304910160, 30.05430460855809827 ) ) ;
#3720 = AXIS2_PLACEMENT_3D ( 'NONE', #599, #3271, #2290 ) ;
#3721 = DIRECTION ( 'NONE',  ( -0.9211847264029605631, 0.3891255579397260855, 1.127556772476645688E-14 ) ) ;
#3722 = DIRECTION ( 'NONE',  ( 0.000000000000000000, -1.000000000000000000, 0.000000000000000000 ) ) ;
#3723 = AXIS2_PLACEMENT_3D ( 'NONE', #4094, #3085, #105 ) ;
#3724 = VECTOR ( 'NONE', #251, 1000.000000000000000 ) ;
#3725 = CARTESIAN_POINT ( 'NONE',  ( -10.50000000000000000, 0.000000000000000000, 30.00000000000000000 ) ) ;
#3726 = EDGE_CURVE ( 'NONE', #911, #801, #485, .T. ) ;
#3727 = AXIS2_PLACEMENT_3D ( 'NONE', #3102, #218, #517 ) ;
#3728 = CARTESIAN_POINT ( 'NONE',  ( -18.99051280093975436, 6.280684613910816338, 5.749913098936525913 ) ) ;
#3729 = AXIS2_PLACEMENT_3D ( 'NONE', #3097, #2444, #4134 ) ;
#3730 = EDGE_CURVE ( 'NONE', #4200, #4251, #2675, .T. ) ;
#3731 = CARTESIAN_POINT ( 'NONE',  ( 0.000000000000000000, 0.000000000000000000, 45.00000000000000000 ) ) ;
#3732 = EDGE_CURVE ( 'NONE', #611, #777, #2627, .T. ) ;
#3733 = DIRECTION ( 'NONE',  ( 1.000000000000000000, 0.000000000000000000, 0.000000000000000000 ) ) ;
#3734 = EDGE_LOOP ( 'NONE', ( #3184, #3531, #384, #2824, #2831 ) ) ;
#3735 = DIRECTION ( 'NONE',  ( 0.000000000000000000, 0.000000000000000000, 1.000000000000000000 ) ) ;
#3736 = ORIENTED_EDGE ( 'NONE', *, *, #3726, .F. ) ;
#3737 = ORIENTED_EDGE ( 'NONE', *, *, #1161, .T. ) ;
#3738 = CARTESIAN_POINT ( 'NONE',  ( -2.499999999999994227, 9.682458365518542109, 1.999999999999994893 ) ) ;
#3739 = ORIENTED_EDGE ( 'NONE', *, *, #1394, .T. ) ;
#3740 = DIRECTION ( 'NONE',  ( 1.301042606982605321E-16, 0.000000000000000000, 1.000000000000000000 ) ) ;
#3741 = DIRECTION ( 'NONE',  ( -0.000000000000000000, -0.000000000000000000, -1.000000000000000000 ) ) ;
#3742 = CARTESIAN_POINT ( 'NONE',  ( 18.00627925773598292, 8.756209869509930854, 30.49999999999999645 ) ) ;
#3743 = EDGE_LOOP ( 'NONE', ( #4290, #2492 ) ) ;
#3744 = FACE_OUTER_BOUND ( 'NONE', #3615, .T. ) ;
#3745 = EDGE_CURVE ( 'NONE', #3898, #122, #1794, .T. ) ;
#3746 = SPHERICAL_SURFACE ( 'NONE', #3978, 0.5000000000000000000 ) ;
#3747 = DIRECTION ( 'NONE',  ( 0.000000000000000000, -1.000000000000000000, 0.000000000000000000 ) ) ;
#3748 = AXIS2_PLACEMENT_3D ( 'NONE', #978, #1887, #2652 ) ;
#3749 = CARTESIAN_POINT ( 'NONE',  ( 15.58063156369471258, -12.54168117429279938, 5.064091378410764399 ) ) ;
#3750 = CIRCLE ( 'NONE', #3966, 0.5000000000000000000 ) ;
#3751 = CARTESIAN_POINT ( 'NONE',  ( 14.55476445853394019, 13.72112206010240421, 11.83351589816184379 ) ) ;
#3752 = EDGE_LOOP ( 'NONE', ( #3350, #386 ) ) ;
#3753 = CIRCLE ( 'NONE', #2570, 10.50000000000000000 ) ;
#3754 = CARTESIAN_POINT ( 'NONE',  ( -16.18969310166274056, 11.74341062255442303, 29.84727631938556769 ) ) ;
#3755 = CARTESIAN_POINT ( 'NONE',  ( 15.00000000000000000, 6.000000000000001776, 7.500000000000000000 ) ) ;
#3756 = CARTESIAN_POINT ( 'NONE',  ( -3.552324774695908793, -9.749922591737902877, 30.50000000000000000 ) ) ;
#3757 = VERTEX_POINT ( 'NONE', #4076 ) ;
#3758 = DIRECTION ( 'NONE',  ( 1.000000000000000000, -1.776356839400250465E-15, 0.000000000000000000 ) ) ;
#3759 = STYLED_ITEM ( 'NONE', ( #1867 ), #1697 ) ;
#3760 = ORIENTED_EDGE ( 'NONE', *, *, #3138, .F. ) ;
#3761 = VERTEX_POINT ( 'NONE', #2103 ) ;
#3762 = CARTESIAN_POINT ( 'NONE',  ( -1.184999133962787665, -19.43470968879935512, 30.00000000000000355 ) ) ;
#3763 = CARTESIAN_POINT ( 'NONE',  ( -7.034946239973081106, 7.763323086840083320, 30.00000000000000355 ) ) ;
#3764 = DIRECTION ( 'NONE',  ( 0.000000000000000000, 0.000000000000000000, 1.000000000000000000 ) ) ;
#3765 = CARTESIAN_POINT ( 'NONE',  ( 17.98981932869231670, 8.739928370788570433, 29.52154340914597341 ) ) ;
#3766 = EDGE_LOOP ( 'NONE', ( #1804, #325, #4250, #1721 ) ) ;
#3767 = CARTESIAN_POINT ( 'NONE',  ( -6.439482655029152625, -7.651615282097292692, 29.62964222567470429 ) ) ;
#3768 = ADVANCED_FACE ( 'NONE', ( #3744 ), #761, .F. ) ;
#3769 = CARTESIAN_POINT ( 'NONE',  ( 10.41440581569465529, 1.337965435287984395, 44.50000000000000000 ) ) ;
#3770 = CARTESIAN_POINT ( 'NONE',  ( -2.935790773131090603, 9.559347913764744575, 29.50000000000000000 ) ) ;
#3771 = EDGE_CURVE ( 'NONE', #2619, #3964, #710, .T. ) ;
#3772 = CARTESIAN_POINT ( 'NONE',  ( -3.855705572859459807, -9.226783542243770952, 30.50000000000000000 ) ) ;
#3773 = CIRCLE ( 'NONE', #2869, 0.5000000000000004441 ) ;
#3774 = DIRECTION ( 'NONE',  ( 0.000000000000000000, -0.000000000000000000, -1.000000000000000000 ) ) ;
#3775 = ORIENTED_EDGE ( 'NONE', *, *, #3726, .T. ) ;
#3776 = CARTESIAN_POINT ( 'NONE',  ( -15.92564171999925193, 10.97427433789512641, 30.08696400434259388 ) ) ;
#3777 = CIRCLE ( 'NONE', #3852, 10.00000000000000000 ) ;
#3778 = EDGE_CURVE ( 'NONE', #1613, #167, #1654, .T. ) ;
#3779 = DIRECTION ( 'NONE',  ( -0.000000000000000000, -0.000000000000000000, 1.000000000000000000 ) ) ;
#3780 = ORIENTED_EDGE ( 'NONE', *, *, #1161, .F. ) ;
#3781 = DIRECTION ( 'NONE',  ( -0.000000000000000000, -0.000000000000000000, -1.000000000000000000 ) ) ;
#3782 = ORIENTED_EDGE ( 'NONE', *, *, #1860, .F. ) ;
#3783 = ADVANCED_FACE ( 'NONE', ( #2036 ), #3375, .T. ) ;
#3784 = CARTESIAN_POINT ( 'NONE',  ( 2.500000000000003109, 15.00000000000000000, 20.00000000000000000 ) ) ;
#3785 = ORIENTED_EDGE ( 'NONE', *, *, #4179, .F. ) ;
#3786 = CARTESIAN_POINT ( 'NONE',  ( -1.103460564432392044, -19.46875380661902000, 29.50000000000000000 ) ) ;
#3787 = CARTESIAN_POINT ( 'NONE',  ( -6.163244976135219488, -7.875082173237523797, 29.99240384115001490 ) ) ;
#3788 = CARTESIAN_POINT ( 'NONE',  ( 17.41216565877325806, 8.778752022436748348, 30.00000000000000000 ) ) ;
#3789 = ORIENTED_EDGE ( 'NONE', *, *, #95, .T. ) ;
#3790 = ORIENTED_EDGE ( 'NONE', *, *, #3403, .T. ) ;
#3791 = CARTESIAN_POINT ( 'NONE',  ( -1.131754425058866032, 19.96795262217334965, 30.00000000000000000 ) ) ;
#3792 = DIRECTION ( 'NONE',  ( 0.000000000000000000, 0.000000000000000000, 1.000000000000000000 ) ) ;
#3793 = DIRECTION ( 'NONE',  ( 0.000000000000000000, 0.000000000000000000, -1.000000000000000000 ) ) ;
#3794 = EDGE_CURVE ( 'NONE', #37, #474, #1377, .T. ) ;
#3795 = CARTESIAN_POINT ( 'NONE',  ( -2.301662002013971087, -19.36368642662045048, 44.50000000000000000 ) ) ;
#3796 = VECTOR ( 'NONE', #933, 1000.000000000000000 ) ;
#3797 = CIRCLE ( 'NONE', #1910, 0.5000000000000004441 ) ;
#3798 = PRODUCT_DEFINITION_SHAPE ( 'NONE', 'NONE',  #3853 ) ;
#3799 = CIRCLE ( 'NONE', #40, 19.50000000000000000 ) ;
#3800 = CARTESIAN_POINT ( 'NONE',  ( 10.66071907978538391, 16.92186768165781530, 7.847542930530847727 ) ) ;
#3801 = ORIENTED_EDGE ( 'NONE', *, *, #1898, .F. ) ;
#3802 = CIRCLE ( 'NONE', #2470, 10.50000000000000000 ) ;
#3803 = CARTESIAN_POINT ( 'NONE',  ( -15.63983185346670268, 11.17559140552653041, 30.49999999999999645 ) ) ;
#3804 = CIRCLE ( 'NONE', #1918, 11.99999999999997868 ) ;
#3805 = ADVANCED_FACE ( 'NONE', ( #438 ), #3009, .T. ) ;
#3806 = VECTOR ( 'NONE', #2154, 1000.000000000000000 ) ;
#3807 = EDGE_LOOP ( 'NONE', ( #1737, #3352, #1172, #2201 ) ) ;
#3808 = CARTESIAN_POINT ( 'NONE',  ( -17.46525328785596898, -9.745618755602395211, 7.963270478669971730 ) ) ;
#3809 = VERTEX_POINT ( 'NONE', #3509 ) ;
#3810 = LINE ( 'NONE', #3784, #1289 ) ;
#3811 = VERTEX_POINT ( 'NONE', #1886 ) ;
#3812 = DIRECTION ( 'NONE',  ( -0.05658772125294293798, -0.9983976311086677491, 0.000000000000000000 ) ) ;
#3813 = CARTESIAN_POINT ( 'NONE',  ( 10.21984303672479300, -1.798557798489454296, 30.00000000000000000 ) ) ;
#3814 = CARTESIAN_POINT ( 'NONE',  ( 17.85863144489565357, 9.003848228140252985, 30.00000000000000000 ) ) ;
#3815 = ORIENTED_EDGE ( 'NONE', *, *, #334, .F. ) ;
#3816 = ORIENTED_EDGE ( 'NONE', *, *, #3877, .F. ) ;
#3817 = CARTESIAN_POINT ( 'NONE',  ( -2.360678938031472107, 19.86019121135379351, 30.35573662412563678 ) ) ;
#3818 = CARTESIAN_POINT ( 'NONE',  ( 0.000000000000000000, 0.000000000000000000, 44.50000000000000000 ) ) ;
#3819 = DIRECTION ( 'NONE',  ( -0.000000000000000000, 0.000000000000000000, -1.000000000000000000 ) ) ;
#3820 = CARTESIAN_POINT ( 'NONE',  ( -16.01909062088435576, 11.97450356715862974, 45.00000000000000000 ) ) ;
#3821 = EDGE_CURVE ( 'NONE', #3409, #448, #174, .T. ) ;
#3822 = CARTESIAN_POINT ( 'NONE',  ( -15.00000000000000178, -13.22875655532295269, 9.999999999999998224 ) ) ;
#3823 = CARTESIAN_POINT ( 'NONE',  ( -15.61861335536225148, 11.67514097797966599, 44.50000000000000000 ) ) ;
#3824 = ORIENTED_EDGE ( 'NONE', *, *, #2312, .F. ) ;
#3825 = CARTESIAN_POINT ( 'NONE',  ( -16.30870509434087268, 10.69000178418226454, 29.50000000000000000 ) ) ;
#3826 = CARTESIAN_POINT ( 'NONE',  ( -3.082580311787643801, -10.03731530945298189, 30.00000000000000000 ) ) ;
#3827 = ORIENTED_EDGE ( 'NONE', *, *, #4041, .T. ) ;
#3828 = CARTESIAN_POINT ( 'NONE',  ( -19.07878402833890874, 6.000000000000001776, 45.00000000000000000 ) ) ;
#3829 = ORIENTED_EDGE ( 'NONE', *, *, #2315, .F. ) ;
#3830 = AXIS2_PLACEMENT_3D ( 'NONE', #1301, #3596, #2256 ) ;
#3831 = TOROIDAL_SURFACE ( 'NONE', #1941, 19.50000000000000000, 0.5000000000000000000 ) ;
#3832 = EDGE_CURVE ( 'NONE', #515, #3988, #965, .T. ) ;
#3833 = CARTESIAN_POINT ( 'NONE',  ( 10.22138828861667292, -1.813851994369388931, 30.36726958296349466 ) ) ;
#3834 = ORIENTED_EDGE ( 'NONE', *, *, #2409, .T. ) ;
#3835 = DIRECTION ( 'NONE',  ( 0.000000000000000000, 0.000000000000000000, 1.000000000000000000 ) ) ;
#3836 = CARTESIAN_POINT ( 'NONE',  ( -15.00000000000000000, -0.9999999999999993339, 9.999999999999991118 ) ) ;
#3837 = CARTESIAN_POINT ( 'NONE',  ( -15.00000000000000000, 21.00000000000000000, 11.84999999999999609 ) ) ;
#3838 = EDGE_LOOP ( 'NONE', ( #3563, #3816, #478, #2116 ) ) ;
#3839 = ORIENTED_EDGE ( 'NONE', *, *, #4039, .T. ) ;
#3840 = CARTESIAN_POINT ( 'NONE',  ( 9.918481729233004529, 1.274252795512361036, 45.00000000000000000 ) ) ;
#3841 = AXIS2_PLACEMENT_3D ( 'NONE', #3069, #110, #742 ) ;
#3842 = CARTESIAN_POINT ( 'NONE',  ( -12.94670431207095262, -15.24479250590327695, 6.063254181192364811 ) ) ;
#3843 = DIRECTION ( 'NONE',  ( -1.000000000000000000, 0.000000000000000000, 0.000000000000000000 ) ) ;
#3844 = DIRECTION ( 'NONE',  ( 1.000000000000000000, 0.000000000000000000, 0.000000000000000000 ) ) ;
#3845 = EDGE_CURVE ( 'NONE', #883, #2732, #3960, .T. ) ;
#3846 = CARTESIAN_POINT ( 'NONE',  ( -3.552324774695914122, 9.749922591737899324, 30.00000000000000000 ) ) ;
#3847 = CARTESIAN_POINT ( 'NONE',  ( 11.78869934891000959, 16.15802632376994552, 10.45034588952440302 ) ) ;
#3848 = VERTEX_POINT ( 'NONE', #2213 ) ;
#3849 = CARTESIAN_POINT ( 'NONE',  ( -16.72687701983679531, 10.96410439403309667, 29.50000000000000000 ) ) ;
#3850 = DIRECTION ( 'NONE',  ( 0.000000000000000000, 0.000000000000000000, 1.000000000000000000 ) ) ;
#3851 = EDGE_LOOP ( 'NONE', ( #1318, #199, #3369, #947 ) ) ;
#3852 = AXIS2_PLACEMENT_3D ( 'NONE', #3139, #4235, #228 ) ;
#3853 = PRODUCT_DEFINITION ( 'UNKNOWN', '', #3984, #4023 ) ;
#3854 = CARTESIAN_POINT ( 'NONE',  ( -2.935790773131089271, -9.559347913764744575, 29.50000000000000000 ) ) ;
#3855 = ORIENTED_EDGE ( 'NONE', *, *, #1603, .F. ) ;
#3856 = CARTESIAN_POINT ( 'NONE',  ( -15.00000000000000000, 13.22875655532295269, 3.150000000000002576 ) ) ;
#3857 = CARTESIAN_POINT ( 'NONE',  ( 19.92050504049312565, 1.000000000000000000, 0.2383556917091611549 ) ) ;
#3858 = ADVANCED_FACE ( 'NONE', ( #3177 ), #3157, .F. ) ;
#3859 = CARTESIAN_POINT ( 'NONE',  ( -16.04402559097518122, 11.94130166122944559, 30.20731475328534898 ) ) ;
#3860 = ORIENTED_EDGE ( 'NONE', *, *, #1326, .F. ) ;
#3861 = EDGE_LOOP ( 'NONE', ( #2337, #579, #59, #845, #3790 ) ) ;
#3862 = DIRECTION ( 'NONE',  ( 1.000000000000000000, 0.000000000000000000, 0.000000000000000000 ) ) ;
#3863 = CARTESIAN_POINT ( 'NONE',  ( -19.60648050646572571, -0.9999999999999995559, 7.623296525288699970E-18 ) ) ;
#3864 = CARTESIAN_POINT ( 'NONE',  ( -1.103460564432392044, -19.46875380661902000, 30.00000000000000000 ) ) ;
#3865 = DIRECTION ( 'NONE',  ( -0.000000000000000000, 0.000000000000000000, 1.000000000000000000 ) ) ;
#3866 = EDGE_CURVE ( 'NONE', #2228, #801, #3892, .T. ) ;
#3867 = DIRECTION ( 'NONE',  ( -0.000000000000000000, -0.000000000000000000, -1.000000000000000000 ) ) ;
#3868 = CARTESIAN_POINT ( 'NONE',  ( -6.667518262028873544, -7.951364793248449914, 44.50000000000000000 ) ) ;
#3869 = VERTEX_POINT ( 'NONE', #2173 ) ;
#3870 = AXIS2_PLACEMENT_3D ( 'NONE', #2905, #925, #2246 ) ;
#3871 = DIRECTION ( 'NONE',  ( 0.000000000000000000, -0.000000000000000000, 1.000000000000000000 ) ) ;
#3872 = EDGE_CURVE ( 'NONE', #3039, #1938, #1937, .T. ) ;
#3873 = AXIS2_PLACEMENT_3D ( 'NONE', #1973, #2651, #4271 ) ;
#3874 = DIRECTION ( 'NONE',  ( -1.000000000000000000, 3.525405773759319997E-15, 0.000000000000000000 ) ) ;
#3875 = ORIENTED_EDGE ( 'NONE', *, *, #1753, .F. ) ;
#3876 = CARTESIAN_POINT ( 'NONE',  ( 10.21984303672479300, -1.798557798489458737, 30.50000000000002132 ) ) ;
#3877 = EDGE_CURVE ( 'NONE', #2252, #1194, #2265, .T. ) ;
#3878 = CARTESIAN_POINT ( 'NONE',  ( -6.715940013944548426, 7.410347955335346626, 29.98711071652624938 ) ) ;
#3879 = CARTESIAN_POINT ( 'NONE',  ( 19.97498435543818118, 1.000000000000000000, 20.00000000000000000 ) ) ;
#3880 = CIRCLE ( 'NONE', #2399, 0.5000000000000008882 ) ;
#3881 = CARTESIAN_POINT ( 'NONE',  ( -16.72687701983679176, 10.96410439403309312, 29.50000000000000000 ) ) ;
#3882 = ORIENTED_EDGE ( 'NONE', *, *, #3049, .T. ) ;
#3883 = ORIENTED_EDGE ( 'NONE', *, *, #3174, .F. ) ;
#3884 = CARTESIAN_POINT ( 'NONE',  ( -2.178840920684593119, 19.88108980642822843, 29.95926858222198419 ) ) ;
#3885 = CARTESIAN_POINT ( 'NONE',  ( -6.062776156373550052, 7.952530746731405031, 44.50000000000000000 ) ) ;
#3886 = DIRECTION ( 'NONE',  ( 0.000000000000000000, 0.000000000000000000, 1.000000000000000000 ) ) ;
#3887 = AXIS2_PLACEMENT_3D ( 'NONE', #2613, #2636, #3907 ) ;
#3888 = DIRECTION ( 'NONE',  ( 1.000000000000000000, 0.000000000000000000, 1.387778780781445676E-14 ) ) ;
#3889 = CARTESIAN_POINT ( 'NONE',  ( 11.40570648604204429, 16.43061491767402060, 9.969422376800762819 ) ) ;
#3890 = ORIENTED_EDGE ( 'NONE', *, *, #3832, .F. ) ;
#3891 = DIRECTION ( 'NONE',  ( 0.000000000000000000, 0.000000000000000000, 1.000000000000000000 ) ) ;
#3892 = CIRCLE ( 'NONE', #484, 19.50000000000000000 ) ;
#3893 = ORIENTED_EDGE ( 'NONE', *, *, #2842, .T. ) ;
#3894 = CARTESIAN_POINT ( 'NONE',  ( 14.06536778373923191, -14.21978262268899762, 9.823097855670823719 ) ) ;
#3895 = CIRCLE ( 'NONE', #136, 0.5000000000000001110 ) ;
#3896 = CARTESIAN_POINT ( 'NONE',  ( 18.99051280093975436, 6.280684613910820779, 9.250086901063474087 ) ) ;
#3897 = AXIS2_PLACEMENT_3D ( 'NONE', #828, #2537, #567 ) ;
#3898 = VERTEX_POINT ( 'NONE', #1124 ) ;
#3899 = ORIENTED_EDGE ( 'NONE', *, *, #3778, .F. ) ;
#3900 = DIRECTION ( 'NONE',  ( 0.000000000000000000, 0.000000000000000000, 1.000000000000000000 ) ) ;
#3901 = CARTESIAN_POINT ( 'NONE',  ( -2.072813373074191112, 19.89265087783569541, 29.84481231210316210 ) ) ;
#3902 = DIRECTION ( 'NONE',  ( -0.9559347913764744131, 0.2935790773131087272, 0.000000000000000000 ) ) ;
#3903 = CYLINDRICAL_SURFACE ( 'NONE', #1657, 16.00000000000000000 ) ;
#3904 =( BOUNDED_SURFACE ( )  B_SPLINE_SURFACE ( 3, 2, ( 
 ( #668, #1338, #2665 ),
 ( #2357, #119, #1134 ),
 ( #468, #4064, #1050 ),
 ( #3452, #1397, #1781 ),
 ( #3076, #3710, #3365 ),
 ( #3057, #1716, #1068 ),
 ( #447, #3119, #383 ),
 ( #3429, #1736, #1112 ),
 ( #425, #96, #2711 ),
 ( #143, #1419, #2749 ) ),
 .UNSPECIFIED., .F., .F., .T. ) 
 B_SPLINE_SURFACE_WITH_KNOTS ( ( 4, 2, 2, 2, 4 ),
 ( 3, 3 ),
 ( 0.0006544811997845399829, 0.001050558711773182108, 0.001446636223761824450, 0.001842713735750466791, 0.002238791247739109133 ),
 ( 0.000000000000000000, 1.000000000000000000 ),
 .UNSPECIFIED. ) 
 GEOMETRIC_REPRESENTATION_ITEM ( )  RATIONAL_B_SPLINE_SURFACE ( (
 ( 1.000000000000000000, 0.7964205083999439383, 1.000000000000000000),
 ( 1.000000000000000000, 0.7964619237844756672, 1.000000000000000000),
 ( 1.000000000000000000, 0.7934554578190815555, 1.000000000000000000),
 ( 1.000000000000000000, 0.7825838097990625020, 1.000000000000000000),
 ( 1.000000000000000000, 0.7746799114931520736, 1.000000000000000000),
 ( 1.000000000000000000, 0.7564834614509144961, 1.000000000000000000),
 ( 1.000000000000000000, 0.7460610652511786567, 1.000000000000000000),
 ( 1.000000000000000000, 0.7257622722828890316, 1.000000000000000000),
 ( 1.000000000000000000, 0.7156241510517845628, 1.000000000000000000),
 ( 1.000000000000000000, 0.7071067811865472397, 1.000000000000000000) ) ) 
 REPRESENTATION_ITEM ( '' )  SURFACE ( )  );
#3905 = MECHANICAL_DESIGN_GEOMETRIC_PRESENTATION_REPRESENTATION (  '', ( #3759 ), #1877 ) ;
#3906 = DIRECTION ( 'NONE',  ( -0.000000000000000000, -0.000000000000000000, -1.000000000000000000 ) ) ;
#3907 = DIRECTION ( 'NONE',  ( 0.000000000000000000, 0.000000000000000000, 1.000000000000000000 ) ) ;
#3908 = VERTEX_POINT ( 'NONE', #459 ) ;
#3909 = EDGE_CURVE ( 'NONE', #3869, #3469, #68, .T. ) ;
#3910 = B_SPLINE_CURVE_WITH_KNOTS ( 'NONE', 3,
 ( #1541, #2499, #892, #869, #3129, #2518 ),
 .UNSPECIFIED., .F., .F.,
 ( 4, 2, 4 ),
 ( 1.367470808934543632E-17, 0.0003907915060639424666, 0.0007815830121278712723 ),
 .UNSPECIFIED. ) ;
#3911 = LINE ( 'NONE', #254, #458 ) ;
#3912 = DIRECTION ( 'NONE',  ( -0.9923321536130461640, 0.1235997447638706448, 0.000000000000000000 ) ) ;
#3913 = ORIENTED_EDGE ( 'NONE', *, *, #2620, .T. ) ;
#3914 = CARTESIAN_POINT ( 'NONE',  ( -2.500000000000000444, 11.73669459430547057, 3.061616997868383634E-16 ) ) ;
#3915 = EDGE_CURVE ( 'NONE', #2402, #1613, #208, .T. ) ;
#3916 = LINE ( 'NONE', #3837, #2452 ) ;
#3917 = ORIENTED_EDGE ( 'NONE', *, *, #1373, .F. ) ;
#3918 = ORIENTED_EDGE ( 'NONE', *, *, #2349, .F. ) ;
#3919 = AXIS2_PLACEMENT_3D ( 'NONE', #3217, #1562, #1882 ) ;
#3920 = CARTESIAN_POINT ( 'NONE',  ( -15.63983185346647176, -11.17559140552646291, 30.50000000000000355 ) ) ;
#3921 = CARTESIAN_POINT ( 'NONE',  ( -15.63983185346646820, -11.17559140552646291, 30.41058880163707556 ) ) ;
#3922 = PLANE ( 'NONE',  #216 ) ;
#3923 = EDGE_CURVE ( 'NONE', #1989, #2338, #3136, .T. ) ;
#3924 = CARTESIAN_POINT ( 'NONE',  ( 0.000000000000000000, 15.00000000000000000, 0.000000000000000000 ) ) ;
#3925 = CARTESIAN_POINT ( 'NONE',  ( 18.10977504009557038, -8.488568293938959286, 29.60703017504063794 ) ) ;
#3926 = ORIENTED_EDGE ( 'NONE', *, *, #415, .F. ) ;
#3927 =( BOUNDED_SURFACE ( )  B_SPLINE_SURFACE ( 3, 2, ( 
 ( #3022, #39, #1364 ),
 ( #3698, #2032, #3370 ),
 ( #1055, #63, #2716 ),
 ( #4051, #2382, #735 ),
 ( #2054, #2164, #4184 ),
 ( #1762, #1116, #1189 ),
 ( #2185, #2515, #1139 ),
 ( #3833, #3434, #3524 ),
 ( #1515, #2534, #3501 ),
 ( #3876, #2471, #2495 ) ),
 .UNSPECIFIED., .F., .F., .F. ) 
 B_SPLINE_SURFACE_WITH_KNOTS ( ( 4, 2, 2, 2, 4 ),
 ( 3, 3 ),
 ( 0.0003419348355350070230, 0.0007380274558107690524, 0.001134120076086531136, 0.001530212696362293328, 0.001926305316638055303 ),
 ( 0.000000000000000000, 1.000000000000000000 ),
 .UNSPECIFIED. ) 
 GEOMETRIC_REPRESENTATION_ITEM ( )  RATIONAL_B_SPLINE_SURFACE ( (
 ( 1.000000000000000000, 0.7071067811865475727, 1.000000000000000000),
 ( 1.000000000000000000, 0.7157384325457029073, 1.000000000000000000),
 ( 1.000000000000000000, 0.7257347012319772528, 1.000000000000000000),
 ( 1.000000000000000000, 0.7461798750569026417, 1.000000000000000000),
 ( 1.000000000000000000, 0.7565292033691878304, 1.000000000000000000),
 ( 1.000000000000000000, 0.7747462957292320374, 1.000000000000000000),
 ( 1.000000000000000000, 0.7826431551079432447, 1.000000000000000000),
 ( 1.000000000000000000, 0.7934447327785302262, 1.000000000000000000),
 ( 1.000000000000000000, 0.7964638512165391759, 1.000000000000000000),
 ( 1.000000000000000000, 0.7964205083999441603, 1.000000000000000000) ) ) 
 REPRESENTATION_ITEM ( '' )  SURFACE ( )  );
#3928 = DIRECTION ( 'NONE',  ( 0.000000000000000000, 1.000000000000000000, 0.000000000000000000 ) ) ;
#3929 = CARTESIAN_POINT ( 'NONE',  ( -1.428488934931957610, 19.32998273954948587, 30.03185467814205722 ) ) ;
#3930 = CARTESIAN_POINT ( 'NONE',  ( -1.453472054708228933, -19.94879570626241616, 30.21225226877104575 ) ) ;
#3931 = ORIENTED_EDGE ( 'NONE', *, *, #1363, .F. ) ;
#3932 = LINE ( 'NONE', #950, #1505 ) ;
#3933 = TOROIDAL_SURFACE ( 'NONE', #1909, 15.49999999999999645, 0.5000000000000000000 ) ;
#3934 = AXIS2_PLACEMENT_3D ( 'NONE', #3823, #839, #1530 ) ;
#3935 = DIRECTION ( 'NONE',  ( 1.000000000000000000, 0.000000000000000000, 0.000000000000000000 ) ) ;
#3936 = B_SPLINE_CURVE_WITH_KNOTS ( 'NONE', 3,
 ( #71, #1391, #1413, #2742, #1774, #1126, #462, #3111, #133, #3137 ),
 .UNSPECIFIED., .F., .F.,
 ( 4, 2, 2, 2, 4 ),
 ( 0.000000000000000000, 0.0003884907352133476293, 0.0007769814704266952586, 0.001165472205640042834, 0.001553962940853390517 ),
 .UNSPECIFIED. ) ;
#3937 = DIRECTION ( 'NONE',  ( -0.9918481729233005195, -0.1274252795512358927, -1.387778780781445360E-14 ) ) ;
#3938 = ORIENTED_EDGE ( 'NONE', *, *, #2454, .T. ) ;
#3939 = VERTEX_POINT ( 'NONE', #3885 ) ;
#3940 = CIRCLE ( 'NONE', #2261, 0.5000000000000003331 ) ;
#3941 = ORIENTED_EDGE ( 'NONE', *, *, #3277, .F. ) ;
#3942 = LINE ( 'NONE', #2584, #2608 ) ;
#3943 = CIRCLE ( 'NONE', #2683, 16.49999999999999645 ) ;
#3944 = CARTESIAN_POINT ( 'NONE',  ( -15.99764068765926694, -10.92221797642556069, 30.05456042882597245 ) ) ;
#3945 = CARTESIAN_POINT ( 'NONE',  ( -15.63983185346646820, -11.17559140552646113, 30.00000000000000000 ) ) ;
#3946 = CARTESIAN_POINT ( 'NONE',  ( 2.500000000000000888, 10.36903781435514205, 1.335222307201884728 ) ) ;
#3947 = DIRECTION ( 'NONE',  ( -1.000000000000000000, 0.000000000000000000, 0.000000000000000000 ) ) ;
#3948 = AXIS2_PLACEMENT_3D ( 'NONE', #3795, #1458, #1869 ) ;
#3949 = CARTESIAN_POINT ( 'NONE',  ( -2.419778547937572633, 9.702873663013344085, 20.64911138895729437 ) ) ;
#3950 = CARTESIAN_POINT ( 'NONE',  ( 10.21984303672479300, 1.798557798489462956, 30.00000000000000000 ) ) ;
#3951 = EDGE_CURVE ( 'NONE', #3674, #1639, #3202, .T. ) ;
#3952 = FACE_OUTER_BOUND ( 'NONE', #3676, .T. ) ;
#3953 = LINE ( 'NONE', #622, #3555 ) ;
#3954 = CARTESIAN_POINT ( 'NONE',  ( -2.360678993034473372, -19.86019120481611111, 30.35322161781141403 ) ) ;
#3955 = ORIENTED_EDGE ( 'NONE', *, *, #2182, .T. ) ;
#3956 = CARTESIAN_POINT ( 'NONE',  ( 13.66409987250223068, -14.60567808660744049, 9.618536523716116449 ) ) ;
#3957 = EDGE_CURVE ( 'NONE', #1538, #4131, #2785, .T. ) ;
#3958 = B_SPLINE_CURVE_WITH_KNOTS ( 'NONE', 3,
 ( #1416, #4081, #3751, #3539, #2509, #903, #1157, #2179, #554, #1180, #3847, #3889, #183, #1509, #1873, #1572, #2884, #3800, #3140, #3207, #229, #4216, #2812, #1222, #1553, #159, #2549, #3468, #1485, #1892, #2133, #1202, #2221, #1825, #4155, #860, #2486, #3562 ),
 .UNSPECIFIED., .F., .F.,
 ( 4, 2, 2, 2, 2, 2, 2, 2, 2, 2, 2, 2, 2, 2, 2, 2, 2, 2, 4 ),
 ( 0.008947993024026811362, 0.009941754382926928577, 0.01093551574182704753, 0.01192927710072716474, 0.01292303845962728195, 0.01391679981852739917, 0.01491056117742751985, 0.01590432253632763707, 0.01640120321577769741, 0.01689808389522775428, 0.01789184525412787496, 0.01838872593357793878, 0.01888560661302800259, 0.01987936797192812674, 0.02087312933082825089, 0.02186689068972837852, 0.02286065204862849920, 0.02385441340752862682, 0.02484817476642874751 ),
 .UNSPECIFIED. ) ;
#3959 = CARTESIAN_POINT ( 'NONE',  ( -6.864175400002649141, 7.855632509211329051, 30.09873822900340201 ) ) ;
#3960 = CIRCLE ( 'NONE', #3335, 0.5000000000000001110 ) ;
#3961 = CARTESIAN_POINT ( 'NONE',  ( 15.00000000000000000, 1.000000000000000888, 5.000000000000004441 ) ) ;
#3962 = EDGE_CURVE ( 'NONE', #696, #3757, #1307, .T. ) ;
#3963 = ORIENTED_EDGE ( 'NONE', *, *, #2699, .F. ) ;
#3964 = VERTEX_POINT ( 'NONE', #131 ) ;
#3965 = VERTEX_POINT ( 'NONE', #1479 ) ;
#3966 = AXIS2_PLACEMENT_3D ( 'NONE', #929, #3255, #280 ) ;
#3967 = PLANE ( 'NONE',  #3662 ) ;
#3968 = CARTESIAN_POINT ( 'NONE',  ( 10.50000000000000000, 0.000000000000000000, 45.00000000000000000 ) ) ;
#3969 = DIRECTION ( 'NONE',  ( -0.9983976311086677491, -0.05658772125294295186, 0.000000000000000000 ) ) ;
#3970 = TOROIDAL_SURFACE ( 'NONE', #3830, 15.50000000000000000, 0.5000000000000000000 ) ;
#3971 = CARTESIAN_POINT ( 'NONE',  ( 2.500000000000000000, 11.05347401548735675, 0.6682292728444180208 ) ) ;
#3972 = CARTESIAN_POINT ( 'NONE',  ( -3.457477937041620208, -9.815988755629422968, 30.19017480549490529 ) ) ;
#3973 = AXIS2_PLACEMENT_3D ( 'NONE', #1324, #676, #3661 ) ;
#3974 = AXIS2_PLACEMENT_3D ( 'NONE', #778, #3040, #1033 ) ;
#3975 = CARTESIAN_POINT ( 'NONE',  ( 0.000000000000000000, 0.000000000000000000, 29.50000000000000000 ) ) ;
#3976 = CARTESIAN_POINT ( 'NONE',  ( -6.062776156373537617, -7.952530746731415690, 30.50000000000000000 ) ) ;
#3977 = EDGE_CURVE ( 'NONE', #3939, #1319, #2857, .T. ) ;
#3978 = AXIS2_PLACEMENT_3D ( 'NONE', #3421, #703, #3722 ) ;
#3979 = EDGE_CURVE ( 'NONE', #474, #4203, #4193, .T. ) ;
#3980 = CARTESIAN_POINT ( 'NONE',  ( 16.11910528731609560, -11.84765379249534156, 9.753564931380962477 ) ) ;
#3981 = CARTESIAN_POINT ( 'NONE',  ( -10.00000000000000000, 0.000000000000000000, 29.50000000000000000 ) ) ;
#3982 = DIRECTION ( 'NONE',  ( 0.000000000000000000, 0.000000000000000000, 1.000000000000000000 ) ) ;
#3983 = DIRECTION ( 'NONE',  ( -0.000000000000000000, 1.000000000000000000, -0.000000000000000000 ) ) ;
#3984 = PRODUCT_DEFINITION_FORMATION_WITH_SPECIFIED_SOURCE ( 'ANY', '', #3444, .NOT_KNOWN. ) ;
#3985 = CARTESIAN_POINT ( 'NONE',  ( -15.00000000000000000, 6.000000000000001776, 9.999999999999994671 ) ) ;
#3986 = EDGE_LOOP ( 'NONE', ( #120, #1498, #3614 ) ) ;
#3987 = ORIENTED_EDGE ( 'NONE', *, *, #3872, .T. ) ;
#3988 = VERTEX_POINT ( 'NONE', #2788 ) ;
#3989 = CIRCLE ( 'NONE', #3568, 0.5000000000000004441 ) ;
#3990 = DIRECTION ( 'NONE',  ( 0.000000000000000000, 0.000000000000000000, -1.000000000000000000 ) ) ;
#3991 = EDGE_CURVE ( 'NONE', #3572, #3409, #3616, .T. ) ;
#3992 = CARTESIAN_POINT ( 'NONE',  ( -16.40319047958371357, -11.44357494002330888, 29.60912086617864958 ) ) ;
#3993 = LINE ( 'NONE', #592, #3 ) ;
#3994 = DIRECTION ( 'NONE',  ( 0.000000000000000000, 0.000000000000000000, 1.000000000000000000 ) ) ;
#3995 = CARTESIAN_POINT ( 'NONE',  ( -3.143940929857068856, -10.00582761870231607, 29.99999999999996803 ) ) ;
#3996 = AXIS2_PLACEMENT_3D ( 'NONE', #1508, #250, #3226 ) ;
#3997 = CARTESIAN_POINT ( 'NONE',  ( 19.47434209415044748, -0.9999999999999974465, 0.000000000000000000 ) ) ;
#3998 = CARTESIAN_POINT ( 'NONE',  ( 0.000000000000000000, 0.000000000000000000, 30.00000000000000000 ) ) ;
#3999 = CARTESIAN_POINT ( 'NONE',  ( -16.36008865709123938, -11.50622810018593256, 9.602573770682585774 ) ) ;
#4000 = FACE_OUTER_BOUND ( 'NONE', #3326, .T. ) ;
#4001 = CARTESIAN_POINT ( 'NONE',  ( -1.425909667986945406, -19.94960473353414443, 29.52154340914573183 ) ) ;
#4002 = CARTESIAN_POINT ( 'NONE',  ( 17.49826198623418350, 7.956695993255807231, 30.41050795938039286 ) ) ;
#4003 = CARTESIAN_POINT ( 'NONE',  ( -3.205802893544494658, 9.974082660714083559, 29.99999999999999645 ) ) ;
#4004 = ORIENTED_EDGE ( 'NONE', *, *, #49, .F. ) ;
#4005 = CARTESIAN_POINT ( 'NONE',  ( 17.49999999999999645, 6.000000000000001776, 7.500000000000000000 ) ) ;
#4006 = ORIENTED_EDGE ( 'NONE', *, *, #249, .F. ) ;
#4007 = VERTEX_POINT ( 'NONE', #2458 ) ;
#4008 = EDGE_CURVE ( 'NONE', #611, #3447, #2153, .T. ) ;
#4009 = AXIS2_PLACEMENT_3D ( 'NONE', #1905, #3658, #977 ) ;
#4010 = FACE_OUTER_BOUND ( 'NONE', #2561, .T. ) ;
#4011 = CIRCLE ( 'NONE', #255, 0.5000000000000015543 ) ;
#4012 = CARTESIAN_POINT ( 'NONE',  ( 3.993834109689189837, 16.53751342093682553, 30.50000000000000000 ) ) ;
#4013 = CARTESIAN_POINT ( 'NONE',  ( -6.917920940448563982, -7.827229007848610642, 30.06235851786128421 ) ) ;
#4014 = AXIS2_PLACEMENT_3D ( 'NONE', #1566, #2915, #3285 ) ;
#4015 = CARTESIAN_POINT ( 'NONE',  ( -3.055246828183467933, -9.522661521828698739, 29.50000001116126214 ) ) ;
#4016 = CIRCLE ( 'NONE', #2124, 15.99999999999999289 ) ;
#4017 = CARTESIAN_POINT ( 'NONE',  ( 15.00000000000000000, 21.00000000000000000, 11.84999999999999787 ) ) ;
#4018 = LINE ( 'NONE', #3924, #979 ) ;
#4019 = CARTESIAN_POINT ( 'NONE',  ( -3.398444408280569817, 9.405551212910355119, 29.62471702883318869 ) ) ;
#4020 = CARTESIAN_POINT ( 'NONE',  ( -3.082580311787645577, 10.03731530945298012, 29.50000000000000000 ) ) ;
#4021 = CARTESIAN_POINT ( 'NONE',  ( 0.000000000000000000, 0.000000000000000000, 45.00000000000000000 ) ) ;
#4022 = CARTESIAN_POINT ( 'NONE',  ( -15.00000000000000000, -0.9999999999999993339, 5.000000000000007105 ) ) ;
#4023 = PRODUCT_DEFINITION_CONTEXT ( 'detailed design', #2663, 'design' ) ;
#4024 = DIRECTION ( 'NONE',  ( -0.000000000000000000, 1.000000000000000000, -0.000000000000000000 ) ) ;
#4025 = VERTEX_POINT ( 'NONE', #481 ) ;
#4026 = DIRECTION ( 'NONE',  ( 1.000000000000000000, 8.936454270183555224E-16, 0.000000000000000000 ) ) ;
#4027 = ORIENTED_EDGE ( 'NONE', *, *, #1200, .F. ) ;
#4028 = ORIENTED_EDGE ( 'NONE', *, *, #2721, .T. ) ;
#4029 = DIRECTION ( 'NONE',  ( -0.000000000000000000, -0.000000000000000000, -1.000000000000000000 ) ) ;
#4030 = ORIENTED_EDGE ( 'NONE', *, *, #1766, .T. ) ;
#4031 = DIRECTION ( 'NONE',  ( 1.000000000000000000, 0.000000000000000000, 0.000000000000000000 ) ) ;
#4032 = DIRECTION ( 'NONE',  ( 1.000000000000000000, 0.000000000000000000, 0.000000000000000000 ) ) ;
#4033 = CARTESIAN_POINT ( 'NONE',  ( -3.499335174168606066, -9.368185790420501036, 29.69747645581613327 ) ) ;
#4034 = VECTOR ( 'NONE', #195, 1000.000000000000000 ) ;
#4035 = CARTESIAN_POINT ( 'NONE',  ( -17.34977389574801521, 9.955332749178555929, 11.16663795810882931 ) ) ;
#4036 = CARTESIAN_POINT ( 'NONE',  ( 0.000000000000000000, 0.000000000000000000, 45.00000000000000000 ) ) ;
#4037 = DIRECTION ( 'NONE',  ( -0.000000000000000000, 1.000000000000000000, -0.000000000000000000 ) ) ;
#4038 = VECTOR ( 'NONE', #851, 1000.000000000000000 ) ;
#4039 = EDGE_CURVE ( 'NONE', #3461, #2502, #134, .T. ) ;
#4040 = CARTESIAN_POINT ( 'NONE',  ( -15.98123798152583142, -12.02695107500196237, 9.803726031088531911 ) ) ;
#4041 = EDGE_CURVE ( 'NONE', #1017, #3761, #1522, .T. ) ;
#4042 = CARTESIAN_POINT ( 'NONE',  ( 0.000000000000000000, 0.000000000000000000, 0.000000000000000000 ) ) ;
#4043 = B_SPLINE_CURVE_WITH_KNOTS ( 'NONE', 3,
 ( #11, #3728, #2390, #1650, #3666, #681, #1688, #1393, #2659, #3011, #1374, #723, #1005, #2639 ),
 .UNSPECIFIED., .F., .F.,
 ( 4, 2, 2, 2, 2, 2, 4 ),
 ( 1.226634733346699349E-18, 0.001118499128003352938, 0.002236998256006704575, 0.004473996512013407416, 0.006710994768020110690, 0.007829493896023461894, 0.008947993024026814832 ),
 .UNSPECIFIED. ) ;
#4044 = AXIS2_PLACEMENT_3D ( 'NONE', #4258, #937, #272 ) ;
#4045 = CARTESIAN_POINT ( 'NONE',  ( 15.00000000000000000, 6.000000000000001776, 7.500000000000000000 ) ) ;
#4046 = DIRECTION ( 'NONE',  ( 0.2237204567154889856, -0.9746533523499589791, 0.000000000000000000 ) ) ;
#4047 = ORIENTED_EDGE ( 'NONE', *, *, #3396, .F. ) ;
#4048 = DIRECTION ( 'NONE',  ( -0.000000000000000000, -0.000000000000000000, -1.000000000000000000 ) ) ;
#4049 = ORIENTED_EDGE ( 'NONE', *, *, #2027, .F. ) ;
#4050 = EDGE_LOOP ( 'NONE', ( #3654, #1171, #2999 ) ) ;
#4051 = CARTESIAN_POINT ( 'NONE',  ( 10.23753963225983910, -2.077480771876527577, 30.06235851786129487 ) ) ;
#4052 = ADVANCED_FACE ( 'NONE', ( #2505, #549 ), #1255, .F. ) ;
#4053 = CARTESIAN_POINT ( 'NONE',  ( 18.26272283670977359, 8.153947602557321872, 29.84223227170560833 ) ) ;
#4054 = CARTESIAN_POINT ( 'NONE',  ( -2.935790773131091047, 9.559347913764744575, 29.50000000000000000 ) ) ;
#4055 = CARTESIAN_POINT ( 'NONE',  ( 9.918481729233004529, 1.274252795512361258, 30.50000000000000000 ) ) ;
#4056 = CARTESIAN_POINT ( 'NONE',  ( 0.000000000000000000, 0.000000000000000000, 44.50000000000000000 ) ) ;
#4057 = EDGE_CURVE ( 'NONE', #1746, #2516, #1782, .T. ) ;
#4058 = CARTESIAN_POINT ( 'NONE',  ( -3.060693923404913974, 9.520988653340618058, 29.50000000000000000 ) ) ;
#4059 = CARTESIAN_POINT ( 'NONE',  ( -3.144675639743018003, 10.00545059535990511, 30.00000000000000000 ) ) ;
#4060 = CARTESIAN_POINT ( 'NONE',  ( 15.00000000000000000, -0.9999999999999963363, 9.999999999999987566 ) ) ;
#4061 = ADVANCED_FACE ( 'NONE', ( #4272 ), #2872, .T. ) ;
#4062 = DIRECTION ( 'NONE',  ( -0.000000000000000000, -0.000000000000000000, -1.000000000000000000 ) ) ;
#4063 = CARTESIAN_POINT ( 'NONE',  ( 0.000000000000000000, 0.000000000000000000, 44.50000000000000000 ) ) ;
#4064 = CARTESIAN_POINT ( 'NONE',  ( 9.866591704704672949, 1.670407911357407071, 30.33880758781350195 ) ) ;
#4065 = ORIENTED_EDGE ( 'NONE', *, *, #3333, .T. ) ;
#4066 = FACE_OUTER_BOUND ( 'NONE', #492, .T. ) ;
#4067 = ORIENTED_EDGE ( 'NONE', *, *, #871, .F. ) ;
#4068 = ORIENTED_EDGE ( 'NONE', *, *, #4101, .T. ) ;
#4069 = ADVANCED_FACE ( 'NONE', ( #3286 ), #615, .F. ) ;
#4070 = CARTESIAN_POINT ( 'NONE',  ( -9.949874371066197654, 1.000000000000000000, 1.999999999999994893 ) ) ;
#4071 = VERTEX_POINT ( 'NONE', #3968 ) ;
#4072 = CARTESIAN_POINT ( 'NONE',  ( 9.918481729233004529, -1.274252795512359704, 30.50000000000000000 ) ) ;
#4073 = CARTESIAN_POINT ( 'NONE',  ( 18.16775436671889921, 8.363405828160955124, 29.67392799906511769 ) ) ;
#4074 = CIRCLE ( 'NONE', #527, 20.00000000000000000 ) ;
#4075 = ORIENTED_EDGE ( 'NONE', *, *, #3229, .F. ) ;
#4076 = CARTESIAN_POINT ( 'NONE',  ( 17.92027535737621946, -8.188545448640768498, 44.50000000000000000 ) ) ;
#4077 = FACE_OUTER_BOUND ( 'NONE', #3986, .T. ) ;
#4078 = CIRCLE ( 'NONE', #3309, 16.00000000000000000 ) ;
#4079 = CARTESIAN_POINT ( 'NONE',  ( -3.486616121705147453, 9.379944878964169064, 30.33879452051325032 ) ) ;
#4080 = CARTESIAN_POINT ( 'NONE',  ( 16.48397840046559182, -11.32785119597044066, 5.482629332324116866 ) ) ;
#4081 = CARTESIAN_POINT ( 'NONE',  ( 14.78046100446846012, 13.47769037757611876, 11.84999999999999964 ) ) ;
#4082 = DIRECTION ( 'NONE',  ( 1.000000000000000000, 0.000000000000000000, 0.000000000000000000 ) ) ;
#4083 = CARTESIAN_POINT ( 'NONE',  ( 17.41216565877326161, -8.778752022436735913, 29.50000000000000000 ) ) ;
#4084 = EDGE_LOOP ( 'NONE', ( #2028, #2088 ) ) ;
#4085 = CARTESIAN_POINT ( 'NONE',  ( -4.048490851502414500, 9.688122719355968471, 44.50000000000000000 ) ) ;
#4086 = EDGE_LOOP ( 'NONE', ( #2666, #2757, #1135, #1401 ) ) ;
#4087 = ORIENTED_EDGE ( 'NONE', *, *, #378, .F. ) ;
#4088 = ADVANCED_FACE ( 'NONE', ( #4254 ), #1642, .T. ) ;
#4089 = DIRECTION ( 'NONE',  ( -0.000000000000000000, -0.000000000000000000, -1.000000000000000000 ) ) ;
#4090 = AXIS2_PLACEMENT_3D ( 'NONE', #528, #2790, #1481 ) ;
#4091 = CARTESIAN_POINT ( 'NONE',  ( -10.66071907978538746, 16.92186768165782240, 7.152457069469154050 ) ) ;
#4092 = DIRECTION ( 'NONE',  ( -0.000000000000000000, 1.000000000000000000, -0.000000000000000000 ) ) ;
#4093 = EDGE_CURVE ( 'NONE', #1146, #4177, #754, .T. ) ;
#4094 = CARTESIAN_POINT ( 'NONE',  ( -15.61861335536223194, -11.67514097797968908, 44.50000000000000000 ) ) ;
#4095 = B_SPLINE_CURVE_WITH_KNOTS ( 'NONE', 3,
 ( #522, #3195, #1542, #4188, #3550, #2873, #3589, #3154, #568, #1883 ),
 .UNSPECIFIED., .F., .F.,
 ( 4, 2, 2, 2, 4 ),
 ( 0.000000000000000000, 0.0002678222605410748511, 0.0005356445210821497022, 0.0008034667816232245532, 0.001071289042164299404 ),
 .UNSPECIFIED. ) ;
#4096 = ORIENTED_EDGE ( 'NONE', *, *, #3771, .T. ) ;
#4097 = CARTESIAN_POINT ( 'NONE',  ( -18.89104190351357815, 6.575068574202759031, 9.457565784775484374 ) ) ;
#4098 = DIRECTION ( 'NONE',  ( -0.000000000000000000, 0.000000000000000000, -1.000000000000000000 ) ) ;
#4099 = CARTESIAN_POINT ( 'NONE',  ( -3.855705572859459807, 9.226783542243769176, 30.50000000000004263 ) ) ;
#4100 = VECTOR ( 'NONE', #3489, 1000.000000000000000 ) ;
#4101 = EDGE_CURVE ( 'NONE', #4071, #3572, #1864, .T. ) ;
#4102 = DIRECTION ( 'NONE',  ( -0.000000000000000000, -0.000000000000000000, -1.000000000000000000 ) ) ;
#4103 = CIRCLE ( 'NONE', #3190, 16.49999999999999289 ) ;
#4104 = EDGE_CURVE ( 'NONE', #2854, #1519, #553, .T. ) ;
#4105 = CARTESIAN_POINT ( 'NONE',  ( 0.000000000000000000, 0.000000000000000000, 20.00000000000000000 ) ) ;
#4106 = ORIENTED_EDGE ( 'NONE', *, *, #1008, .F. ) ;
#4107 = AXIS2_PLACEMENT_3D ( 'NONE', #698, #1405, #783 ) ;
#4108 = EDGE_CURVE ( 'NONE', #4210, #2840, #410, .T. ) ;
#4109 = FACE_OUTER_BOUND ( 'NONE', #2249, .T. ) ;
#4110 = AXIS2_PLACEMENT_3D ( 'NONE', #276, #1611, #3606 ) ;
#4111 = CARTESIAN_POINT ( 'NONE',  ( -3.323198429241528640, -9.903453363988679925, 30.05049251808082289 ) ) ;
#4112 = EDGE_LOOP ( 'NONE', ( #2806, #387, #3077, #2264 ) ) ;
#4113 = CARTESIAN_POINT ( 'NONE',  ( -17.46435199388618997, -9.746654958711006955, 7.065098097169623337 ) ) ;
#4114 = ORIENTED_EDGE ( 'NONE', *, *, #820, .T. ) ;
#4115 = B_SPLINE_CURVE_WITH_KNOTS ( 'NONE', 3,
 ( #137, #116, #2375, #1751, #1436, #465, #1088, #3035, #1375, #2440, #2417, #2745 ),
 .UNSPECIFIED., .F., .F.,
 ( 4, 2, 2, 2, 2, 4 ),
 ( 0.000000000000000000, 0.0004421220274960706667, 0.0008842440549921413333, 0.001326366082488212054, 0.001547427096236247360, 0.001768488109984282667 ),
 .UNSPECIFIED. ) ;
#4116 = CARTESIAN_POINT ( 'NONE',  ( 14.47311904478544342, -13.80856804965585027, 5.039527706310193977 ) ) ;
#4117 = EDGE_CURVE ( 'NONE', #1544, #3413, #1064, .T. ) ;
#4118 = EDGE_LOOP ( 'NONE', ( #3760, #2913, #625 ) ) ;
#4119 = LINE ( 'NONE', #475, #4034 ) ;
#4120 = CARTESIAN_POINT ( 'NONE',  ( 2.500000000000000444, 11.73669459430548123, -3.061616997868383634E-16 ) ) ;
#4121 = B_SPLINE_CURVE_WITH_KNOTS ( 'NONE', 3,
 ( #764, #2701, #1390, #1060, #3376, #2740, #4058, #1457 ),
 .UNSPECIFIED., .F., .F.,
 ( 4, 2, 2, 4 ),
 ( 0.000000000000000000, 0.0007796518878728916566, 0.001169477831809337702, 0.001559303775745783964 ),
 .UNSPECIFIED. ) ;
#4122 = CARTESIAN_POINT ( 'NONE',  ( 18.00289988388303541, 8.715654130063152039, 30.21225226877076508 ) ) ;
#4123 = ORIENTED_EDGE ( 'NONE', *, *, #3125, .T. ) ;
#4124 = CARTESIAN_POINT ( 'NONE',  ( -1.286067832235851416, 19.39157995471948936, 30.01079575467611349 ) ) ;
#4125 = CARTESIAN_POINT ( 'NONE',  ( -13.16547653371322646, -15.05626377068652744, 5.792725745062496046 ) ) ;
#4126 = DIRECTION ( 'NONE',  ( -0.9930095603395103776, -0.1180339488212294730, -6.848114534595967468E-15 ) ) ;
#4127 = CARTESIAN_POINT ( 'NONE',  ( 17.92027535737621591, 7.688545448640777380, 44.50000000000000000 ) ) ;
#4128 = EDGE_CURVE ( 'NONE', #824, #2854, #968, .T. ) ;
#4129 = CARTESIAN_POINT ( 'NONE',  ( -15.00000000000000000, -0.9999999999999993339, 7.500000000000000000 ) ) ;
#4130 = AXIS2_PLACEMENT_3D ( 'NONE', #1006, #1308, #987 ) ;
#4131 = VERTEX_POINT ( 'NONE', #2671 ) ;
#4132 = CARTESIAN_POINT ( 'NONE',  ( -15.63983184451314656, 11.17559140514622662, 30.42661081210148666 ) ) ;
#4133 = CIRCLE ( 'NONE', #2244, 2.499999999999988454 ) ;
#4134 = DIRECTION ( 'NONE',  ( -1.000000000000000000, 0.000000000000000000, 0.000000000000000000 ) ) ;
#4135 = ORIENTED_EDGE ( 'NONE', *, *, #2027, .T. ) ;
#4136 = CARTESIAN_POINT ( 'NONE',  ( 11.95826074310137876, -0.9999999999999978906, 0.000000000000000000 ) ) ;
#4137 = ORIENTED_EDGE ( 'NONE', *, *, #2910, .T. ) ;
#4138 = CARTESIAN_POINT ( 'NONE',  ( 15.49508216373035374, 12.66738614799112383, 3.150000000000002576 ) ) ;
#4139 = ORIENTED_EDGE ( 'NONE', *, *, #2563, .T. ) ;
#4140 = CARTESIAN_POINT ( 'NONE',  ( -11.78116770828263959, 16.16348776532489850, 10.44193103151442159 ) ) ;
#4141 = CARTESIAN_POINT ( 'NONE',  ( -6.379962490428074950, -7.709470574123231223, 30.33879452051303005 ) ) ;
#4142 = CARTESIAN_POINT ( 'NONE',  ( -15.00000000000000000, -0.9999999999999993339, 7.500000000000000000 ) ) ;
#4143 = ADVANCED_FACE ( 'NONE', ( #997 ), #1238, .T. ) ;
#4144 = ORIENTED_EDGE ( 'NONE', *, *, #1011, .T. ) ;
#4145 = VERTEX_POINT ( 'NONE', #1076 ) ;
#4146 = B_SPLINE_CURVE_WITH_KNOTS ( 'NONE', 3,
 ( #2033, #3353, #1404, #434, #4053, #2076, #103, #2717, #1682, #3002 ),
 .UNSPECIFIED., .F., .F.,
 ( 4, 2, 2, 2, 4 ),
 ( 0.000000000000000000, 0.0004455782568349160415, 0.0008911565136698320830, 0.001336734770504748124, 0.001782313027339664166 ),
 .UNSPECIFIED. ) ;
#4147 = CARTESIAN_POINT ( 'NONE',  ( -1.842133288305163541, 19.91533514613811207, 29.67443538427326644 ) ) ;
#4148 = DIRECTION ( 'NONE',  ( 0.000000000000000000, -0.000000000000000000, -1.000000000000000000 ) ) ;
#4149 = CARTESIAN_POINT ( 'NONE',  ( -16.31882379280198236, -4.809994912976777393, 30.50000000000000000 ) ) ;
#4150 = LINE ( 'NONE', #3820, #3806 ) ;
#4151 = AXIS2_PLACEMENT_3D ( 'NONE', #1074, #1722, #3063 ) ;
#4152 = AXIS2_PLACEMENT_3D ( 'NONE', #2157, #2200, #510 ) ;
#4153 = DIRECTION ( 'NONE',  ( -0.000000000000000000, 1.000000000000000000, -0.000000000000000000 ) ) ;
#4154 = CIRCLE ( 'NONE', #4219, 15.49999999999999467 ) ;
#4155 = CARTESIAN_POINT ( 'NONE',  ( 14.08710701001930943, 14.20082898390049664, 3.240404307157658703 ) ) ;
#4156 = ORIENTED_EDGE ( 'NONE', *, *, #248, .F. ) ;
#4157 = ADVANCED_FACE ( 'NONE', ( #3700 ), #4242, .F. ) ;
#4158 = CIRCLE ( 'NONE', #3591, 0.5000000000000004441 ) ;
#4159 = AXIS2_PLACEMENT_3D ( 'NONE', #3521, #538, #3912 ) ;
#4160 = CARTESIAN_POINT ( 'NONE',  ( 2.293645390510132828E-15, 15.00000000000000000, 20.00000000000000000 ) ) ;
#4161 = AXIS2_PLACEMENT_3D ( 'NONE', #2809, #507, #2484 ) ;
#4162 = ORIENTED_EDGE ( 'NONE', *, *, #3277, .T. ) ;
#4163 = CARTESIAN_POINT ( 'NONE',  ( 9.949874371066197654, -0.9999999999999978906, 2.000000000000008882 ) ) ;
#4164 = ORIENTED_EDGE ( 'NONE', *, *, #4274, .F. ) ;
#4165 = CARTESIAN_POINT ( 'NONE',  ( 12.68279619297711669, -15.46474420033502817, 6.543547575260350690 ) ) ;
#4166 = ORIENTED_EDGE ( 'NONE', *, *, #1545, .F. ) ;
#4167 = CARTESIAN_POINT ( 'NONE',  ( -20.00000000000000000, 0.000000000000000000, 29.50000000000000000 ) ) ;
#4168 = CARTESIAN_POINT ( 'NONE',  ( 18.16042405047867092, 8.405172557832539582, 10.51865716240579651 ) ) ;
#4169 = ORIENTED_EDGE ( 'NONE', *, *, #464, .F. ) ;
#4170 = ORIENTED_EDGE ( 'NONE', *, *, #2041, .F. ) ;
#4171 = CARTESIAN_POINT ( 'NONE',  ( -1.426398754782612022, 19.94957272499312850, 29.52159150082527361 ) ) ;
#4172 = DIRECTION ( 'NONE',  ( 0.000000000000000000, 0.000000000000000000, 1.000000000000000000 ) ) ;
#4173 = DIRECTION ( 'NONE',  ( -1.000000000000000000, 0.000000000000000000, 0.000000000000000000 ) ) ;
#4174 = CARTESIAN_POINT ( 'NONE',  ( -4.048490851502432264, 9.688122719355961365, 44.50000000000000000 ) ) ;
#4175 = LINE ( 'NONE', #3160, #3428 ) ;
#4176 = CARTESIAN_POINT ( 'NONE',  ( 0.000000000000000000, 0.000000000000000000, 45.00000000000000000 ) ) ;
#4177 = VERTEX_POINT ( 'NONE', #2365 ) ;
#4178 = CARTESIAN_POINT ( 'NONE',  ( 19.97498435543817763, -0.9999999999999972244, 0.5000000000000143219 ) ) ;
#4179 = EDGE_CURVE ( 'NONE', #3715, #1165, #4146, .T. ) ;
#4180 = SPHERICAL_SURFACE ( 'NONE', #2475, 0.5000000000000000000 ) ;
#4181 = AXIS2_PLACEMENT_3D ( 'NONE', #3342, #1332, #1670 ) ;
#4182 = EDGE_LOOP ( 'NONE', ( #2163, #4228, #2138, #1190, #3067, #4006, #3250, #2649, #1928, #993, #995, #3188, #2279, #3389, #2172, #3875, #4310 ) ) ;
#4183 = AXIS2_PLACEMENT_3D ( 'NONE', #4085, #405, #3059 ) ;
#4184 = CARTESIAN_POINT ( 'NONE',  ( 9.862833913327893498, -1.653110426169509317, 29.69781025090653515 ) ) ;
#4185 = EDGE_LOOP ( 'NONE', ( #3507, #533, #849, #3347, #1420, #3540 ) ) ;
#4186 = CARTESIAN_POINT ( 'NONE',  ( -13.14345695779172907, 15.07794779208923330, 3.556926440471762429 ) ) ;
#4187 = DIRECTION ( 'NONE',  ( 0.000000000000000000, 0.000000000000000000, 1.000000000000000000 ) ) ;
#4188 = CARTESIAN_POINT ( 'NONE',  ( -15.77179522297123349, 11.08374516282899158, 30.19496519848195959 ) ) ;
#4189 = ORIENTED_EDGE ( 'NONE', *, *, #576, .T. ) ;
#4190 = ORIENTED_EDGE ( 'NONE', *, *, #2970, .T. ) ;
#4191 = EDGE_CURVE ( 'NONE', #4265, #1613, #87, .T. ) ;
#4192 = CARTESIAN_POINT ( 'NONE',  ( 0.000000000000000000, 0.000000000000000000, 0.000000000000000000 ) ) ;
#4193 = LINE ( 'NONE', #1456, #3399 ) ;
#4194 = FACE_OUTER_BOUND ( 'NONE', #3412, .T. ) ;
#4195 = CARTESIAN_POINT ( 'NONE',  ( -3.855705572859459807, 9.226783542243770952, 30.50000000000000000 ) ) ;
#4196 = ADVANCED_FACE ( 'NONE', ( #1994 ), #3679, .F. ) ;
#4197 = DIRECTION ( 'NONE',  ( 0.000000000000000000, 0.000000000000000000, 1.000000000000000000 ) ) ;
#4198 = CARTESIAN_POINT ( 'NONE',  ( 15.00000000000000000, -0.9999999999999963363, 5.000000000000011546 ) ) ;
#4199 = TOROIDAL_SURFACE ( 'NONE', #2374, 10.50000000000000000, 0.5000000000000000000 ) ;
#4200 = VERTEX_POINT ( 'NONE', #350 ) ;
#4201 = EDGE_CURVE ( 'NONE', #2813, #1972, #1446, .T. ) ;
#4202 = CARTESIAN_POINT ( 'NONE',  ( 17.47803653143318314, -8.190122289727677085, 30.14630441404691297 ) ) ;
#4203 = VERTEX_POINT ( 'NONE', #3023 ) ;
#4204 = TOROIDAL_SURFACE ( 'NONE', #236, 19.50000000000000000, 0.5000000000000000000 ) ;
#4205 = CARTESIAN_POINT ( 'NONE',  ( 17.34977389574800810, 9.955332749178557705, 3.833362041891169802 ) ) ;
#4206 = CARTESIAN_POINT ( 'NONE',  ( -6.083982442736890484, 7.936478973940733539, 30.23458756512294698 ) ) ;
#4207 = CARTESIAN_POINT ( 'NONE',  ( -6.364704541867582499, -7.722349402406728736, 30.41996400438939929 ) ) ;
#4208 = CARTESIAN_POINT ( 'NONE',  ( 18.26602197216019974, -8.146561872805399673, 29.84959686590458006 ) ) ;
#4209 = VERTEX_POINT ( 'NONE', #1018 ) ;
#4210 = VERTEX_POINT ( 'NONE', #390 ) ;
#4211 = CARTESIAN_POINT ( 'NONE',  ( 3.993834109689195166, -16.53751342093682553, 30.00000000000000000 ) ) ;
#4212 = CARTESIAN_POINT ( 'NONE',  ( -15.00000000000000000, -0.9999999999999981126, 7.500000000000000000 ) ) ;
#4213 = CYLINDRICAL_SURFACE ( 'NONE', #494, 0.5000000000000004441 ) ;
#4214 = DIRECTION ( 'NONE',  ( 0.000000000000000000, 0.000000000000000000, 1.000000000000000000 ) ) ;
#4215 = CARTESIAN_POINT ( 'NONE',  ( 17.49613488902101466, -7.983666532442198260, 30.35569846831139529 ) ) ;
#4216 = CARTESIAN_POINT ( 'NONE',  ( 10.79954334058802701, 16.83365213488281142, 6.357048803255668012 ) ) ;
#4217 = ORIENTED_EDGE ( 'NONE', *, *, #3506, .F. ) ;
#4218 = FACE_OUTER_BOUND ( 'NONE', #3609, .T. ) ;
#4219 = AXIS2_PLACEMENT_3D ( 'NONE', #768, #792, #2107 ) ;
#4220 = CIRCLE ( 'NONE', #2541, 0.5000000000000004441 ) ;
#4221 = CARTESIAN_POINT ( 'NONE',  ( -3.855705572859459807, -9.226783542243770952, 44.50000000000000000 ) ) ;
#4222 = VERTEX_POINT ( 'NONE', #2340 ) ;
#4223 = CARTESIAN_POINT ( 'NONE',  ( 15.00000000000000000, -13.22875655532295802, 9.999999999999991118 ) ) ;
#4224 = CARTESIAN_POINT ( 'NONE',  ( 15.00000000000000000, -0.9999999999999976685, 7.500000000000000000 ) ) ;
#4225 = DIRECTION ( 'NONE',  ( 0.000000000000000000, 0.000000000000000000, 1.000000000000000000 ) ) ;
#4226 = ADVANCED_FACE ( 'NONE', ( #3045 ), #64, .T. ) ;
#4227 = ORIENTED_EDGE ( 'NONE', *, *, #3977, .F. ) ;
#4228 = ORIENTED_EDGE ( 'NONE', *, *, #1806, .T. ) ;
#4229 = DIRECTION ( 'NONE',  ( 1.000000000000000000, 6.071532165918824830E-17, 0.000000000000000000 ) ) ;
#4230 = EDGE_CURVE ( 'NONE', #1181, #895, #3543, .T. ) ;
#4231 = CARTESIAN_POINT ( 'NONE',  ( 10.50000000000000000, 0.000000000000000000, 44.50000000000000000 ) ) ;
#4232 = CARTESIAN_POINT ( 'NONE',  ( 0.000000000000000000, 0.000000000000000000, 30.00000000000000000 ) ) ;
#4233 = DIRECTION ( 'NONE',  ( 0.000000000000000000, 0.000000000000000000, 1.000000000000000000 ) ) ;
#4234 = CIRCLE ( 'NONE', #2972, 0.5000000000000001110 ) ;
#4235 = DIRECTION ( 'NONE',  ( 0.000000000000000000, 0.000000000000000000, 1.000000000000000000 ) ) ;
#4236 = FACE_OUTER_BOUND ( 'NONE', #3453, .T. ) ;
#4237 = ORIENTED_EDGE ( 'NONE', *, *, #1128, .F. ) ;
#4238 = DIRECTION ( 'NONE',  ( -1.000000000000000000, 0.000000000000000000, 0.000000000000000000 ) ) ;
#4239 = EDGE_CURVE ( 'NONE', #3571, #1718, #1030, .T. ) ;
#4240 = EDGE_CURVE ( 'NONE', #3413, #2796, #4119, .T. ) ;
#4241 = CARTESIAN_POINT ( 'NONE',  ( 17.49497221862334939, -7.998167866338175003, 30.32694525254991902 ) ) ;
#4242 = TOROIDAL_SURFACE ( 'NONE', #2143, 15.49999999999999645, 0.5000000000000000000 ) ;
#4243 = ORIENTED_EDGE ( 'NONE', *, *, #3198, .F. ) ;
#4244 = DIRECTION ( 'NONE',  ( 1.000000000000000000, 0.000000000000000000, 0.000000000000000000 ) ) ;
#4245 = TOROIDAL_SURFACE ( 'NONE', #3401, 19.50000000000000000, 0.5000000000000000000 ) ;
#4246 = CARTESIAN_POINT ( 'NONE',  ( -13.37968457423626489, 14.86903609556267369, 11.54465980191586461 ) ) ;
#4247 = CARTESIAN_POINT ( 'NONE',  ( 17.41216565877325451, -8.778752022436780322, 30.00000000000000000 ) ) ;
#4248 = CONICAL_SURFACE ( 'NONE', #352, 11.99999999999996980, 0.7853981633974452814 ) ;
#4249 = VECTOR ( 'NONE', #3454, 1000.000000000000000 ) ;
#4250 = ORIENTED_EDGE ( 'NONE', *, *, #1967, .T. ) ;
#4251 = VERTEX_POINT ( 'NONE', #168 ) ;
#4252 = ADVANCED_FACE ( 'NONE', ( #1099 ), #278, .T. ) ;
#4253 = FACE_OUTER_BOUND ( 'NONE', #1513, .T. ) ;
#4254 = FACE_OUTER_BOUND ( 'NONE', #62, .T. ) ;
#4255 = CARTESIAN_POINT ( 'NONE',  ( -2.172844267142826524, -19.88175521223144315, 29.95096918943837494 ) ) ;
#4256 = FACE_OUTER_BOUND ( 'NONE', #4185, .T. ) ;
#4257 = AXIS2_PLACEMENT_3D ( 'NONE', #1304, #2262, #661 ) ;
#4258 = CARTESIAN_POINT ( 'NONE',  ( 25.00000000000000000, -0.9999999999999970024, 20.00000000000000000 ) ) ;
#4259 = CARTESIAN_POINT ( 'NONE',  ( 18.16582309931713723, -8.367615272666910187, 29.67120101862963466 ) ) ;
#4260 = ORIENTED_EDGE ( 'NONE', *, *, #3315, .T. ) ;
#4261 = ADVANCED_FACE ( 'NONE', ( #2431 ), #2850, .F. ) ;
#4262 = SPHERICAL_SURFACE ( 'NONE', #2744, 0.5000000000000000000 ) ;
#4263 = DIRECTION ( 'NONE',  ( 0.000000000000000000, 0.000000000000000000, 1.000000000000000000 ) ) ;
#4264 = CARTESIAN_POINT ( 'NONE',  ( -1.196057621260142589, -19.43009253044792217, 30.00000000000000000 ) ) ;
#4265 = VERTEX_POINT ( 'NONE', #3104 ) ;
#4266 = FACE_OUTER_BOUND ( 'NONE', #1514, .T. ) ;
#4267 = CARTESIAN_POINT ( 'NONE',  ( 17.17789602520938530, 10.26717081078546023, 11.28847443106862691 ) ) ;
#4268 = ORIENTED_EDGE ( 'NONE', *, *, #2507, .F. ) ;
#4269 = ORIENTED_EDGE ( 'NONE', *, *, #2632, .F. ) ;
#4270 = ORIENTED_EDGE ( 'NONE', *, *, #3957, .F. ) ;
#4271 = DIRECTION ( 'NONE',  ( 1.000000000000000000, 0.000000000000000000, 0.000000000000000000 ) ) ;
#4272 = FACE_OUTER_BOUND ( 'NONE', #437, .T. ) ;
#4273 = DIRECTION ( 'NONE',  ( -0.2935790773131088938, -0.9559347913764744131, 0.000000000000000000 ) ) ;
#4274 = EDGE_CURVE ( 'NONE', #752, #779, #2938, .T. ) ;
#4275 = DIRECTION ( 'NONE',  ( -0.000000000000000000, 1.000000000000000000, -0.000000000000000000 ) ) ;
#4276 = LINE ( 'NONE', #1936, #292 ) ;
#4277 = DIRECTION ( 'NONE',  ( -1.000000000000000000, 0.000000000000000000, -0.000000000000000000 ) ) ;
#4278 = EDGE_CURVE ( 'NONE', #2510, #2095, #433, .T. ) ;
#4279 = CARTESIAN_POINT ( 'NONE',  ( 0.000000000000000000, 0.000000000000000000, 29.50000000000000000 ) ) ;
#4280 = ADVANCED_FACE ( 'NONE', ( #827 ), #4199, .T. ) ;
#4281 = DIRECTION ( 'NONE',  ( -0.4627980556763876541, 0.8864637384925314612, -8.960971112424507925E-15 ) ) ;
#4282 = CIRCLE ( 'NONE', #1282, 0.5000000000000000000 ) ;
#4283 = CARTESIAN_POINT ( 'NONE',  ( -2.320996348537571308, -19.86499993392850882, 30.21189797438201907 ) ) ;
#4284 = ORIENTED_EDGE ( 'NONE', *, *, #2553, .T. ) ;
#4285 = DIRECTION ( 'NONE',  ( 0.000000000000000000, -0.000000000000000000, 1.000000000000000000 ) ) ;
#4286 = VECTOR ( 'NONE', #1956, 1000.000000000000000 ) ;
#4287 = CARTESIAN_POINT ( 'NONE',  ( -6.222223850149465108, 7.828932368058963753, 29.88034961318004434 ) ) ;
#4288 = FACE_OUTER_BOUND ( 'NONE', #1602, .T. ) ;
#4289 = EDGE_LOOP ( 'NONE', ( #2574, #3058, #1788, #1565 ) ) ;
#4290 = ORIENTED_EDGE ( 'NONE', *, *, #2091, .F. ) ;
#4291 = CIRCLE ( 'NONE', #1078, 2.499999999999995115 ) ;
#4292 = ORIENTED_EDGE ( 'NONE', *, *, #3125, .F. ) ;
#4293 = CARTESIAN_POINT ( 'NONE',  ( -6.365914964192228354, 8.350157284067975638, 44.50000000000000000 ) ) ;
#4294 = AXIS2_PLACEMENT_3D ( 'NONE', #1599, #4024, #16 ) ;
#4295 = CARTESIAN_POINT ( 'NONE',  ( -15.74032257511295185, -11.10580371813389533, 30.22963429313269401 ) ) ;
#4296 = FACE_OUTER_BOUND ( 'NONE', #2235, .T. ) ;
#4297 = LINE ( 'NONE', #2937, #561 ) ;
#4298 = EDGE_CURVE ( 'NONE', #1661, #2619, #2156, .T. ) ;
#4299 = CARTESIAN_POINT ( 'NONE',  ( -11.28903201986316063, -0.9999999999999991118, 0.6669009641046259595 ) ) ;
#4300 = CARTESIAN_POINT ( 'NONE',  ( 1.882856118142477664, 9.821848278594561776, 21.65277546665831920 ) ) ;
#4301 = CARTESIAN_POINT ( 'NONE',  ( 17.92498357475160020, -8.872242474393999601, 29.49999999999999645 ) ) ;
#4302 = CARTESIAN_POINT ( 'NONE',  ( 15.00000000000000000, -13.22875655532295802, 9.999999999999991118 ) ) ;
#4303 = CARTESIAN_POINT ( 'NONE',  ( 1.996917054844597583, -8.268756710468412763, 30.00000000000000000 ) ) ;
#4304 = ADVANCED_FACE ( 'NONE', ( #913 ), #2136, .T. ) ;
#4305 = CARTESIAN_POINT ( 'NONE',  ( 12.94598002009065141, -15.24540414454799553, 8.935674752532277054 ) ) ;
#4306 = AXIS2_PLACEMENT_3D ( 'NONE', #1932, #245, #1906 ) ;
#4307 = CARTESIAN_POINT ( 'NONE',  ( 10.21984303672479300, -1.798557798489456072, 44.50000000000000000 ) ) ;
#4308 = ORIENTED_EDGE ( 'NONE', *, *, #1330, .F. ) ;
#4309 = VERTEX_POINT ( 'NONE', #3631 ) ;
#4310 = ORIENTED_EDGE ( 'NONE', *, *, #3923, .T. ) ;
#4311 = AXIS2_PLACEMENT_3D ( 'NONE', #2664, #2333, #3384 ) ;
#4312 = DIRECTION ( 'NONE',  ( 1.000000000000000000, 0.000000000000000000, 0.000000000000000000 ) ) ;
ENDSEC;
END-ISO-10303-21;
