ISO-10303-21;
HEADER;
FILE_DESCRIPTION (( 'STEP AP214' ),
    '1' );
FILE_NAME ('PRT-17.STEP',
    '2025-07-15T13:04:40',
    ( '' ),
    ( '' ),
    'SwSTEP 2.0',
    'SolidWorks 2023',
    '' );
FILE_SCHEMA (( 'AUTOMOTIVE_DESIGN' ));
ENDSEC;

DATA;
#1 = ORIENTED_EDGE ( 'NONE', *, *, #1149, .F. ) ;
#2 = CARTESIAN_POINT ( 'NONE',  ( 15.50000000000000000, 22.49999999999999645, 33.99999999999999289 ) ) ;
#3 = ORIENTED_EDGE ( 'NONE', *, *, #1415, .F. ) ;
#4 = ORIENTED_EDGE ( 'NONE', *, *, #232, .F. ) ;
#5 = CARTESIAN_POINT ( 'NONE',  ( 5.499999999999998224, 10.49999999999999467, 30.00000000000000000 ) ) ;
#6 = ORIENTED_EDGE ( 'NONE', *, *, #320, .T. ) ;
#7 = EDGE_CURVE ( 'NONE', #525, #823, #1239, .T. ) ;
#8 = FACE_OUTER_BOUND ( 'NONE', #1107, .T. ) ;
#9 = VECTOR ( 'NONE', #678, 1000.000000000000000 ) ;
#10 = ORIENTED_EDGE ( 'NONE', *, *, #808, .T. ) ;
#11 = AXIS2_PLACEMENT_3D ( 'NONE', #567, #261, #1029 ) ;
#12 = DIRECTION ( 'NONE',  ( 0.000000000000000000, 1.000000000000000000, 0.000000000000000000 ) ) ;
#13 = VECTOR ( 'NONE', #1385, 1000.000000000000000 ) ;
#14 = DIRECTION ( 'NONE',  ( -1.000000000000000000, 0.000000000000000000, 0.000000000000000000 ) ) ;
#15 = ORIENTED_EDGE ( 'NONE', *, *, #669, .T. ) ;
#16 = DIRECTION ( 'NONE',  ( 1.000000000000000000, 0.000000000000000000, 0.000000000000000000 ) ) ;
#17 = CIRCLE ( 'NONE', #547, 1.000000000000000888 ) ;
#18 = CARTESIAN_POINT ( 'NONE',  ( -14.00000000000000533, -17.50000000000000355, 34.99999999999999289 ) ) ;
#19 = LINE ( 'NONE', #1255, #690 ) ;
#20 = VERTEX_POINT ( 'NONE', #27 ) ;
#21 = DIRECTION ( 'NONE',  ( 0.000000000000000000, 1.000000000000000000, 0.000000000000000000 ) ) ;
#22 = DIRECTION ( 'NONE',  ( -1.000000000000000000, 0.000000000000000000, 0.000000000000000000 ) ) ;
#23 = CARTESIAN_POINT ( 'NONE',  ( 6.049999999999999822, -10.05000000000000071, 33.99999999999999289 ) ) ;
#24 = LINE ( 'NONE', #246, #1353 ) ;
#25 = APPLICATION_PROTOCOL_DEFINITION ( 'draft international standard', 'automotive_design', 1998, #850 ) ;
#26 = CARTESIAN_POINT ( 'NONE',  ( -6.049999999999999822, 11.05000000000000071, 0.000000000000000000 ) ) ;
#27 = CARTESIAN_POINT ( 'NONE',  ( 17.50000000000000000, -20.50000000000000355, 30.00000000000000000 ) ) ;
#28 = EDGE_CURVE ( 'NONE', #543, #737, #272, .T. ) ;
#29 = CARTESIAN_POINT ( 'NONE',  ( 10.99999999999999645, 17.49999999999999645, 34.99999999999999289 ) ) ;
#30 = CARTESIAN_POINT ( 'NONE',  ( 6.049999999999999822, -10.05000000000000071, 34.99999999999999289 ) ) ;
#31 = DIRECTION ( 'NONE',  ( 0.000000000000000000, 0.000000000000000000, -1.000000000000000000 ) ) ;
#32 = FACE_OUTER_BOUND ( 'NONE', #552, .T. ) ;
#33 =( NAMED_UNIT ( * ) PLANE_ANGLE_UNIT ( ) SI_UNIT ( $, .RADIAN. ) );
#34 = DIRECTION ( 'NONE',  ( 0.000000000000000000, -0.000000000000000000, 1.000000000000000000 ) ) ;
#35 = ORIENTED_EDGE ( 'NONE', *, *, #252, .F. ) ;
#36 = PLANE ( 'NONE',  #1412 ) ;
#37 = EDGE_CURVE ( 'NONE', #773, #651, #375, .T. ) ;
#38 = CARTESIAN_POINT ( 'NONE',  ( -6.049999999999999822, -10.05000000000000071, 1.000000000000000888 ) ) ;
#39 = DIRECTION ( 'NONE',  ( 0.000000000000000000, 1.000000000000000000, 0.000000000000000000 ) ) ;
#40 = EDGE_LOOP ( 'NONE', ( #1205, #937, #1120, #794, #358, #957, #666, #333 ) ) ;
#41 = FACE_OUTER_BOUND ( 'NONE', #1215, .T. ) ;
#42 = CIRCLE ( 'NONE', #159, 1.499999999999999556 ) ;
#43 = VERTEX_POINT ( 'NONE', #527 ) ;
#44 = DIRECTION ( 'NONE',  ( -1.000000000000000000, 0.000000000000000000, 0.000000000000000000 ) ) ;
#45 = DIRECTION ( 'NONE',  ( -1.000000000000000000, 0.000000000000000000, 0.000000000000000000 ) ) ;
#46 = EDGE_CURVE ( 'NONE', #651, #823, #1306, .T. ) ;
#47 = VERTEX_POINT ( 'NONE', #972 ) ;
#48 = CARTESIAN_POINT ( 'NONE',  ( 5.500000000000001776, -12.50000000000000533, 30.00000000000000000 ) ) ;
#49 = ORIENTED_EDGE ( 'NONE', *, *, #1391, .F. ) ;
#50 = CARTESIAN_POINT ( 'NONE',  ( -15.50000000000000178, 20.49999999999999289, 34.99999999999999289 ) ) ;
#51 = VECTOR ( 'NONE', #680, 1000.000000000000000 ) ;
#52 = DIRECTION ( 'NONE',  ( 1.387778780781445676E-16, -1.000000000000000000, 0.000000000000000000 ) ) ;
#53 = EDGE_LOOP ( 'NONE', ( #379, #1395 ) ) ;
#54 = EDGE_CURVE ( 'NONE', #1267, #570, #1089, .T. ) ;
#55 = CARTESIAN_POINT ( 'NONE',  ( 17.50000000000000000, 20.49999999999999289, 33.99999999999999289 ) ) ;
#56 = CIRCLE ( 'NONE', #868, 1.499999999999999556 ) ;
#57 = DIRECTION ( 'NONE',  ( 1.000000000000000000, 0.000000000000000000, 0.000000000000000000 ) ) ;
#58 = CARTESIAN_POINT ( 'NONE',  ( 5.049999999999999822, 10.05000000000000071, 34.99999999999999289 ) ) ;
#59 = ADVANCED_FACE ( 'NONE', ( #1313 ), #757, .T. ) ;
#60 = CARTESIAN_POINT ( 'NONE',  ( -16.50000000000000000, 0.000000000000000000, 34.99999999999999289 ) ) ;
#61 = VERTEX_POINT ( 'NONE', #199 ) ;
#62 = DIRECTION ( 'NONE',  ( 0.000000000000000000, -0.000000000000000000, -1.000000000000000000 ) ) ;
#63 = EDGE_CURVE ( 'NONE', #622, #1054, #832, .T. ) ;
#64 = LINE ( 'NONE', #968, #371 ) ;
#65 = EDGE_LOOP ( 'NONE', ( #707, #1312, #873, #945 ) ) ;
#66 = CARTESIAN_POINT ( 'NONE',  ( -17.50000000000000000, -22.50000000000000355, 33.99999999999999289 ) ) ;
#67 = EDGE_CURVE ( 'NONE', #233, #1009, #855, .T. ) ;
#68 = LINE ( 'NONE', #400, #1410 ) ;
#69 = ORIENTED_EDGE ( 'NONE', *, *, #705, .F. ) ;
#70 = EDGE_LOOP ( 'NONE', ( #82, #992, #769, #92 ) ) ;
#71 = CARTESIAN_POINT ( 'NONE',  ( -5.499999999999998224, -12.50000000000000533, 0.000000000000000000 ) ) ;
#72 = EDGE_CURVE ( 'NONE', #236, #826, #1163, .T. ) ;
#73 = CARTESIAN_POINT ( 'NONE',  ( -17.50000000000000000, -22.50000000000000355, 34.99999999999999289 ) ) ;
#74 = ORIENTED_EDGE ( 'NONE', *, *, #607, .T. ) ;
#75 = EDGE_LOOP ( 'NONE', ( #4, #848, #875, #209, #281, #1100, #860, #1432 ) ) ;
#76 = CARTESIAN_POINT ( 'NONE',  ( 0.000000000000000000, 11.05000000000000071, 34.99999999999999289 ) ) ;
#77 =( GEOMETRIC_REPRESENTATION_CONTEXT ( 3 ) GLOBAL_UNCERTAINTY_ASSIGNED_CONTEXT ( ( #917 ) ) GLOBAL_UNIT_ASSIGNED_CONTEXT ( ( #1148, #33, #1155 ) ) REPRESENTATION_CONTEXT ( 'NONE', 'WORKASPACE' ) );
#78 = DIRECTION ( 'NONE',  ( -1.000000000000000000, 0.000000000000000000, 0.000000000000000000 ) ) ;
#79 = AXIS2_PLACEMENT_3D ( 'NONE', #1190, #1311, #313 ) ;
#80 = EDGE_CURVE ( 'NONE', #934, #1333, #1095, .T. ) ;
#81 = CARTESIAN_POINT ( 'NONE',  ( 15.50000000000000000, 22.49999999999999645, 34.99999999999999289 ) ) ;
#82 = ORIENTED_EDGE ( 'NONE', *, *, #286, .T. ) ;
#83 = CARTESIAN_POINT ( 'NONE',  ( 0.000000000000000000, -21.50000000000000000, 34.99999999999999289 ) ) ;
#84 = EDGE_CURVE ( 'NONE', #1344, #95, #201, .T. ) ;
#85 = CARTESIAN_POINT ( 'NONE',  ( 0.000000000000000000, -21.50000000000000000, 33.99999999999999289 ) ) ;
#86 = CARTESIAN_POINT ( 'NONE',  ( 5.464213562373093858, 10.46421356237309652, 6.863903777824886525E-16 ) ) ;
#87 = DIRECTION ( 'NONE',  ( 0.000000000000000000, 0.000000000000000000, 1.000000000000000000 ) ) ;
#88 = ORIENTED_EDGE ( 'NONE', *, *, #1069, .T. ) ;
#89 = DIRECTION ( 'NONE',  ( -1.000000000000000000, 0.000000000000000000, 0.000000000000000000 ) ) ;
#90 = CARTESIAN_POINT ( 'NONE',  ( 6.049999999999999822, -11.05000000000000071, 0.000000000000000000 ) ) ;
#91 = EDGE_CURVE ( 'NONE', #1236, #887, #206, .T. ) ;
#92 = ORIENTED_EDGE ( 'NONE', *, *, #746, .F. ) ;
#93 = ORIENTED_EDGE ( 'NONE', *, *, #7, .T. ) ;
#94 = DIRECTION ( 'NONE',  ( -1.000000000000000000, 0.000000000000000000, 0.000000000000000000 ) ) ;
#95 = VERTEX_POINT ( 'NONE', #751 ) ;
#96 = DIRECTION ( 'NONE',  ( 0.000000000000000000, 0.000000000000000000, -1.000000000000000000 ) ) ;
#97 = DIRECTION ( 'NONE',  ( -0.000000000000000000, -0.000000000000000000, 1.000000000000000000 ) ) ;
#98 = VECTOR ( 'NONE', #606, 1000.000000000000000 ) ;
#99 = EDGE_CURVE ( 'NONE', #887, #525, #1193, .T. ) ;
#100 = ORIENTED_EDGE ( 'NONE', *, *, #111, .F. ) ;
#101 = ORIENTED_EDGE ( 'NONE', *, *, #1249, .T. ) ;
#102 = VECTOR ( 'NONE', #530, 1000.000000000000000 ) ;
#103 = CARTESIAN_POINT ( 'NONE',  ( -0.000000000000000000, 11.05000000000000071, 0.000000000000000000 ) ) ;
#104 = VERTEX_POINT ( 'NONE', #1173 ) ;
#105 = CIRCLE ( 'NONE', #976, 2.000000000000000000 ) ;
#106 = CARTESIAN_POINT ( 'NONE',  ( -12.50000000000000533, 17.49999999999999645, 34.99999999999999289 ) ) ;
#107 = DIRECTION ( 'NONE',  ( -1.000000000000000000, 0.000000000000000000, 0.000000000000000000 ) ) ;
#108 = VECTOR ( 'NONE', #295, 1000.000000000000000 ) ;
#109 = ORIENTED_EDGE ( 'NONE', *, *, #270, .T. ) ;
#110 = VERTEX_POINT ( 'NONE', #520 ) ;
#111 = EDGE_CURVE ( 'NONE', #637, #1342, #639, .T. ) ;
#112 = VERTEX_POINT ( 'NONE', #1063 ) ;
#113 = LINE ( 'NONE', #465, #1203 ) ;
#114 = ORIENTED_EDGE ( 'NONE', *, *, #286, .F. ) ;
#115 = DIRECTION ( 'NONE',  ( 0.000000000000000000, 1.000000000000000000, 0.000000000000000000 ) ) ;
#116 = CARTESIAN_POINT ( 'NONE',  ( -15.50000000000000178, 21.49999999999999645, 34.99999999999999289 ) ) ;
#117 = AXIS2_PLACEMENT_3D ( 'NONE', #647, #337, #96 ) ;
#118 = VERTEX_POINT ( 'NONE', #963 ) ;
#119 = DIRECTION ( 'NONE',  ( 0.000000000000000000, 0.000000000000000000, -1.000000000000000000 ) ) ;
#120 = ORIENTED_EDGE ( 'NONE', *, *, #303, .F. ) ;
#121 = AXIS2_PLACEMENT_3D ( 'NONE', #364, #1141, #357 ) ;
#122 = DIRECTION ( 'NONE',  ( 0.000000000000000000, -0.000000000000000000, 1.000000000000000000 ) ) ;
#123 = EDGE_CURVE ( 'NONE', #348, #574, #1085, .T. ) ;
#124 = EDGE_LOOP ( 'NONE', ( #1006, #137, #1180, #1162 ) ) ;
#125 = CARTESIAN_POINT ( 'NONE',  ( 5.049999999999999822, -10.05000000000000071, 34.58578643762690064 ) ) ;
#126 = ORIENTED_EDGE ( 'NONE', *, *, #1212, .T. ) ;
#127 = EDGE_LOOP ( 'NONE', ( #1133, #365, #215, #1033 ) ) ;
#128 = AXIS2_PLACEMENT_3D ( 'NONE', #771, #1418, #1331 ) ;
#129 = CARTESIAN_POINT ( 'NONE',  ( -5.499999999999998224, -12.50000000000000533, 30.00000000000000000 ) ) ;
#130 = AXIS2_PLACEMENT_3D ( 'NONE', #478, #1363, #812 ) ;
#131 = DIRECTION ( 'NONE',  ( 0.000000000000000000, 0.000000000000000000, -1.000000000000000000 ) ) ;
#132 = VERTEX_POINT ( 'NONE', #146 ) ;
#133 = CARTESIAN_POINT ( 'NONE',  ( 5.464213562373093858, -10.46421356237309652, 34.99999999999999289 ) ) ;
#134 = VECTOR ( 'NONE', #741, 1000.000000000000000 ) ;
#135 = ADVANCED_FACE ( 'NONE', ( #264 ), #800, .T. ) ;
#136 = CARTESIAN_POINT ( 'NONE',  ( -15.50000000000000178, 22.49999999999999645, 33.99999999999999289 ) ) ;
#137 = ORIENTED_EDGE ( 'NONE', *, *, #712, .F. ) ;
#138 = CARTESIAN_POINT ( 'NONE',  ( 5.049999999999999822, -10.05000000000000071, 1.000000000000000000 ) ) ;
#139 = CARTESIAN_POINT ( 'NONE',  ( -5.049999999999999822, -10.05000000000000071, 34.58578643762690064 ) ) ;
#140 = FACE_OUTER_BOUND ( 'NONE', #205, .T. ) ;
#141 = CARTESIAN_POINT ( 'NONE',  ( 15.50000000000000000, -22.50000000000000355, 34.99999999999999289 ) ) ;
#142 = LINE ( 'NONE', #578, #249 ) ;
#143 = CARTESIAN_POINT ( 'NONE',  ( -5.464213562373093858, 10.46421356237309652, 1.191809395359062509E-15 ) ) ;
#144 = EDGE_CURVE ( 'NONE', #1054, #682, #257, .T. ) ;
#145 = ORIENTED_EDGE ( 'NONE', *, *, #510, .F. ) ;
#146 = CARTESIAN_POINT ( 'NONE',  ( -6.049999999999999822, 11.05000000000000071, 0.000000000000000000 ) ) ;
#147 = FACE_OUTER_BOUND ( 'NONE', #420, .T. ) ;
#148 = CARTESIAN_POINT ( 'NONE',  ( -7.500000000000000000, -1.040834085586084257E-15, 0.000000000000000000 ) ) ;
#149 = CARTESIAN_POINT ( 'NONE',  ( 0.000000000000000000, 0.000000000000000000, 0.000000000000000000 ) ) ;
#150 = CARTESIAN_POINT ( 'NONE',  ( 7.499999999999998224, 10.49999999999999467, 30.00000000000000000 ) ) ;
#151 = ORIENTED_EDGE ( 'NONE', *, *, #1101, .T. ) ;
#152 = EDGE_CURVE ( 'NONE', #462, #191, #1341, .T. ) ;
#153 = LINE ( 'NONE', #250, #417 ) ;
#154 = CIRCLE ( 'NONE', #1405, 1.000000000000000888 ) ;
#155 = EDGE_CURVE ( 'NONE', #636, #543, #1265, .T. ) ;
#156 = LINE ( 'NONE', #809, #225 ) ;
#157 = ORIENTED_EDGE ( 'NONE', *, *, #587, .F. ) ;
#158 = CARTESIAN_POINT ( 'NONE',  ( 12.49999999999999467, -17.50000000000000355, 34.99999999999999289 ) ) ;
#159 = AXIS2_PLACEMENT_3D ( 'NONE', #1175, #31, #45 ) ;
#160 = VERTEX_POINT ( 'NONE', #1251 ) ;
#161 = MECHANICAL_DESIGN_GEOMETRIC_PRESENTATION_REPRESENTATION (  '', ( #1230 ), #1283 ) ;
#162 = EDGE_CURVE ( 'NONE', #691, #1216, #928, .T. ) ;
#163 = DIRECTION ( 'NONE',  ( 0.000000000000000000, 0.000000000000000000, -1.000000000000000000 ) ) ;
#164 = AXIS2_PLACEMENT_3D ( 'NONE', #1049, #493, #44 ) ;
#165 = ORIENTED_EDGE ( 'NONE', *, *, #1138, .T. ) ;
#166 = CARTESIAN_POINT ( 'NONE',  ( 6.049999999999999822, 11.05000000000000071, 0.000000000000000000 ) ) ;
#167 = CARTESIAN_POINT ( 'NONE',  ( 5.049999999999999822, -11.05000000000000071, 0.000000000000000000 ) ) ;
#168 = FACE_OUTER_BOUND ( 'NONE', #227, .T. ) ;
#169 = AXIS2_PLACEMENT_3D ( 'NONE', #777, #1321, #323 ) ;
#170 = ADVANCED_FACE ( 'NONE', ( #1364 ), #36, .T. ) ;
#171 = LINE ( 'NONE', #822, #1294 ) ;
#172 = EDGE_LOOP ( 'NONE', ( #1044, #3, #248, #519 ) ) ;
#173 = PLANE ( 'NONE',  #1145 ) ;
#174 = FILL_AREA_STYLE ('',( #1284 ) ) ;
#175 = VECTOR ( 'NONE', #192, 1000.000000000000000 ) ;
#176 = DIRECTION ( 'NONE',  ( 0.000000000000000000, 0.000000000000000000, 1.000000000000000000 ) ) ;
#177 = CIRCLE ( 'NONE', #1070, 1.000000000000000888 ) ;
#178 = VERTEX_POINT ( 'NONE', #1241 ) ;
#179 = CARTESIAN_POINT ( 'NONE',  ( 10.99999999999999645, -17.50000000000000355, 30.00000000000000000 ) ) ;
#180 = APPLICATION_CONTEXT ( 'automotive_design' ) ;
#181 = EDGE_CURVE ( 'NONE', #574, #299, #1296, .T. ) ;
#182 = CIRCLE ( 'NONE', #397, 1.000000000000000888 ) ;
#183 = ORIENTED_EDGE ( 'NONE', *, *, #470, .F. ) ;
#184 = VERTEX_POINT ( 'NONE', #599 ) ;
#185 = AXIS2_PLACEMENT_3D ( 'NONE', #422, #78, #1396 ) ;
#186 = CARTESIAN_POINT ( 'NONE',  ( -17.50000000000000000, -22.50000000000000355, 30.00000000000000000 ) ) ;
#187 = EDGE_CURVE ( 'NONE', #887, #184, #153, .T. ) ;
#188 = CIRCLE ( 'NONE', #383, 1.499999999999999556 ) ;
#189 = FACE_OUTER_BOUND ( 'NONE', #581, .T. ) ;
#190 = VERTEX_POINT ( 'NONE', #1024 ) ;
#191 = VERTEX_POINT ( 'NONE', #2 ) ;
#192 = DIRECTION ( 'NONE',  ( 1.000000000000000000, 0.000000000000000000, 0.000000000000000000 ) ) ;
#193 = DIRECTION ( 'NONE',  ( 0.000000000000000000, 0.000000000000000000, -1.000000000000000000 ) ) ;
#194 = AXIS2_PLACEMENT_3D ( 'NONE', #158, #811, #1383 ) ;
#195 = EDGE_CURVE ( 'NONE', #184, #118, #1013, .T. ) ;
#196 = DIRECTION ( 'NONE',  ( 0.000000000000000000, -1.000000000000000000, 0.000000000000000000 ) ) ;
#197 = VERTEX_POINT ( 'NONE', #1041 ) ;
#198 = AXIS2_PLACEMENT_3D ( 'NONE', #226, #1327, #94 ) ;
#199 = CARTESIAN_POINT ( 'NONE',  ( -16.50000000000000000, 20.49999999999999289, 34.99999999999999289 ) ) ;
#200 = DIRECTION ( 'NONE',  ( 1.000000000000000000, 0.000000000000000000, 0.000000000000000000 ) ) ;
#201 = CIRCLE ( 'NONE', #221, 1.499999999999999556 ) ;
#202 = FACE_BOUND ( 'NONE', #1352, .T. ) ;
#203 = DIRECTION ( 'NONE',  ( -0.000000000000000000, -0.000000000000000000, 1.000000000000000000 ) ) ;
#204 = EDGE_CURVE ( 'NONE', #112, #1267, #894, .T. ) ;
#205 = EDGE_LOOP ( 'NONE', ( #676, #151, #484, #883 ) ) ;
#206 = LINE ( 'NONE', #652, #317 ) ;
#207 = FACE_OUTER_BOUND ( 'NONE', #713, .T. ) ;
#208 = PLANE ( 'NONE',  #835 ) ;
#209 = ORIENTED_EDGE ( 'NONE', *, *, #181, .T. ) ;
#210 = CYLINDRICAL_SURFACE ( 'NONE', #338, 1.000000000000000888 ) ;
#211 = ORIENTED_EDGE ( 'NONE', *, *, #787, .T. ) ;
#212 = ADVANCED_FACE ( 'NONE', ( #683 ), #472, .T. ) ;
#213 = CARTESIAN_POINT ( 'NONE',  ( -14.00000000000000533, 17.49999999999999645, 30.00000000000000000 ) ) ;
#214 = FACE_BOUND ( 'NONE', #322, .T. ) ;
#215 = ORIENTED_EDGE ( 'NONE', *, *, #890, .T. ) ;
#216 = ORIENTED_EDGE ( 'NONE', *, *, #1301, .F. ) ;
#217 = LINE ( 'NONE', #103, #9 ) ;
#218 = ORIENTED_EDGE ( 'NONE', *, *, #617, .T. ) ;
#219 = DIRECTION ( 'NONE',  ( -0.000000000000000000, -0.000000000000000000, 1.000000000000000000 ) ) ;
#220 = FACE_OUTER_BOUND ( 'NONE', #75, .T. ) ;
#221 = AXIS2_PLACEMENT_3D ( 'NONE', #532, #980, #1207 ) ;
#222 = EDGE_CURVE ( 'NONE', #1157, #110, #806, .T. ) ;
#223 = EDGE_LOOP ( 'NONE', ( #1329, #326, #216, #449 ) ) ;
#224 = ORIENTED_EDGE ( 'NONE', *, *, #675, .T. ) ;
#225 = VECTOR ( 'NONE', #163, 1000.000000000000000 ) ;
#226 = CARTESIAN_POINT ( 'NONE',  ( -15.50000000000000178, -20.50000000000000355, 34.99999999999999289 ) ) ;
#227 = EDGE_LOOP ( 'NONE', ( #446, #1357, #1, #35 ) ) ;
#228 = VECTOR ( 'NONE', #384, 1000.000000000000000 ) ;
#229 = DIRECTION ( 'NONE',  ( -1.000000000000000000, -0.000000000000000000, -0.000000000000000000 ) ) ;
#230 = DIRECTION ( 'NONE',  ( 0.000000000000000000, 0.000000000000000000, -1.000000000000000000 ) ) ;
#231 =( BOUNDED_CURVE ( )  B_SPLINE_CURVE ( 3, ( #839, #734, #625, #727 ),
 .UNSPECIFIED., .F., .F. ) 
 B_SPLINE_CURVE_WITH_KNOTS ( ( 4, 4 ),
 ( 1.570796326794896558, 3.141592653589794004 ),
 .UNSPECIFIED. ) 
 CURVE ( )  GEOMETRIC_REPRESENTATION_ITEM ( )  RATIONAL_B_SPLINE_CURVE ( ( 1.000000000000000000, 0.8047378541243648264, 0.8047378541243648264, 1.000000000000000000 ) ) 
 REPRESENTATION_ITEM ( '' )  );
#232 = EDGE_CURVE ( 'NONE', #20, #826, #582, .T. ) ;
#233 = VERTEX_POINT ( 'NONE', #926 ) ;
#234 = CARTESIAN_POINT ( 'NONE',  ( -15.50000000000000178, 20.49999999999999289, 33.99999999999999289 ) ) ;
#235 = DIRECTION ( 'NONE',  ( 1.000000000000000000, 0.000000000000000000, 0.000000000000000000 ) ) ;
#236 = VERTEX_POINT ( 'NONE', #1126 ) ;
#237 = CARTESIAN_POINT ( 'NONE',  ( 5.049999999999999822, -10.05000000000000071, 33.99999999999999289 ) ) ;
#238 = AXIS2_PLACEMENT_3D ( 'NONE', #459, #219, #900 ) ;
#239 = EDGE_LOOP ( 'NONE', ( #605, #724, #345, #742 ) ) ;
#240 = ORIENTED_EDGE ( 'NONE', *, *, #1403, .T. ) ;
#241 = CARTESIAN_POINT ( 'NONE',  ( -0.000000000000000000, 12.49999999999999467, 0.000000000000000000 ) ) ;
#242 = AXIS2_PLACEMENT_3D ( 'NONE', #381, #255, #824 ) ;
#243 = DIRECTION ( 'NONE',  ( -1.000000000000000000, 0.000000000000000000, 0.000000000000000000 ) ) ;
#244 = EDGE_LOOP ( 'NONE', ( #1014, #665, #1287, #74 ) ) ;
#245 = ADVANCED_FACE ( 'NONE', ( #913 ), #571, .T. ) ;
#246 = CARTESIAN_POINT ( 'NONE',  ( 17.50000000000000000, 20.49999999999999289, 34.99999999999999289 ) ) ;
#247 = CARTESIAN_POINT ( 'NONE',  ( -5.049999999999999822, -10.05000000000000071, 1.000000000000000888 ) ) ;
#248 = ORIENTED_EDGE ( 'NONE', *, *, #1366, .F. ) ;
#249 = VECTOR ( 'NONE', #1140, 1000.000000000000000 ) ;
#250 = CARTESIAN_POINT ( 'NONE',  ( -5.049999999999999822, -10.05000000000000071, 34.99999999999999289 ) ) ;
#251 = DIRECTION ( 'NONE',  ( 0.000000000000000000, -0.000000000000000000, -1.000000000000000000 ) ) ;
#252 = EDGE_CURVE ( 'NONE', #775, #462, #105, .T. ) ;
#253 = CARTESIAN_POINT ( 'NONE',  ( -5.464213562373093858, -10.46421356237309652, 34.99999999999999289 ) ) ;
#254 = CARTESIAN_POINT ( 'NONE',  ( -6.049999999999999822, 0.000000000000000000, 33.99999999999999289 ) ) ;
#255 = DIRECTION ( 'NONE',  ( 0.000000000000000000, 0.000000000000000000, -1.000000000000000000 ) ) ;
#256 = ORIENTED_EDGE ( 'NONE', *, *, #897, .F. ) ;
#257 = LINE ( 'NONE', #129, #408 ) ;
#258 = CIRCLE ( 'NONE', #1075, 1.000000000000000888 ) ;
#259 = DIRECTION ( 'NONE',  ( 0.000000000000000000, 0.000000000000000000, 1.000000000000000000 ) ) ;
#260 = CARTESIAN_POINT ( 'NONE',  ( 5.500000000000001776, -10.50000000000000533, 30.00000000000000000 ) ) ;
#261 = DIRECTION ( 'NONE',  ( 0.000000000000000000, 1.000000000000000000, -0.000000000000000000 ) ) ;
#262 = CARTESIAN_POINT ( 'NONE',  ( 17.50000000000000000, -20.50000000000000355, 33.99999999999999289 ) ) ;
#263 = ORIENTED_EDGE ( 'NONE', *, *, #155, .T. ) ;
#264 = FACE_OUTER_BOUND ( 'NONE', #70, .T. ) ;
#265 = CYLINDRICAL_SURFACE ( 'NONE', #994, 1.000000000000000888 ) ;
#266 = LINE ( 'NONE', #18, #433 ) ;
#267 = VERTEX_POINT ( 'NONE', #29 ) ;
#268 = DIRECTION ( 'NONE',  ( -0.000000000000000000, -0.000000000000000000, 1.000000000000000000 ) ) ;
#269 = ORIENTED_EDGE ( 'NONE', *, *, #80, .T. ) ;
#270 = EDGE_CURVE ( 'NONE', #823, #1157, #398, .T. ) ;
#271 = VECTOR ( 'NONE', #235, 1000.000000000000000 ) ;
#272 = CIRCLE ( 'NONE', #130, 2.000000000000000000 ) ;
#273 = FACE_OUTER_BOUND ( 'NONE', #307, .T. ) ;
#274 = ORIENTED_EDGE ( 'NONE', *, *, #1158, .F. ) ;
#275 = PRODUCT_DEFINITION ( 'UNKNOWN', '', #1408, #732 ) ;
#276 = PLANE ( 'NONE',  #638 ) ;
#277 = AXIS2_PLACEMENT_3D ( 'NONE', #378, #836, #1059 ) ;
#278 = DIRECTION ( 'NONE',  ( 0.000000000000000000, 0.000000000000000000, -1.000000000000000000 ) ) ;
#279 = DIRECTION ( 'NONE',  ( 0.000000000000000000, -0.000000000000000000, -1.000000000000000000 ) ) ;
#280 = CARTESIAN_POINT ( 'NONE',  ( 0.000000000000000000, -12.50000000000000533, 30.00000000000000000 ) ) ;
#281 = ORIENTED_EDGE ( 'NONE', *, *, #675, .F. ) ;
#282 = CYLINDRICAL_SURFACE ( 'NONE', #881, 1.499999999999999556 ) ;
#283 = FACE_OUTER_BOUND ( 'NONE', #1406, .T. ) ;
#284 =( BOUNDED_CURVE ( )  B_SPLINE_CURVE ( 3, ( #1377, #497, #1248, #247 ),
 .UNSPECIFIED., .F., .F. ) 
 B_SPLINE_CURVE_WITH_KNOTS ( ( 4, 4 ),
 ( 1.570796326794896558, 3.141592653589793560 ),
 .UNSPECIFIED. ) 
 CURVE ( )  GEOMETRIC_REPRESENTATION_ITEM ( )  RATIONAL_B_SPLINE_CURVE ( ( 1.000000000000000000, 0.8047378541243649375, 0.8047378541243649375, 1.000000000000000000 ) ) 
 REPRESENTATION_ITEM ( '' )  );
#285 = CARTESIAN_POINT ( 'NONE',  ( -6.049999999999999822, 11.05000000000000071, 34.99999999999999289 ) ) ;
#286 = EDGE_CURVE ( 'NONE', #1342, #110, #231, .T. ) ;
#287 = ORIENTED_EDGE ( 'NONE', *, *, #598, .T. ) ;
#288 = CARTESIAN_POINT ( 'NONE',  ( -17.50000000000000000, -22.50000000000000355, 33.99999999999999289 ) ) ;
#289 =( NAMED_UNIT ( * ) SI_UNIT ( $, .STERADIAN. ) SOLID_ANGLE_UNIT ( ) );
#290 = MANIFOLD_SOLID_BREP ( 'Fillet2', #393 ) ;
#291 = CARTESIAN_POINT ( 'NONE',  ( -5.464213562373093858, 10.46421356237309652, 34.99999999999999289 ) ) ;
#292 = VERTEX_POINT ( 'NONE', #1392 ) ;
#293 = ORIENTED_EDGE ( 'NONE', *, *, #7, .F. ) ;
#294 = ADVANCED_FACE ( 'NONE', ( #283 ), #511, .F. ) ;
#295 = DIRECTION ( 'NONE',  ( 0.000000000000000000, -0.000000000000000000, 1.000000000000000000 ) ) ;
#296 = CIRCLE ( 'NONE', #1278, 2.000000000000000000 ) ;
#297 = VECTOR ( 'NONE', #1159, 1000.000000000000000 ) ;
#298 = CARTESIAN_POINT ( 'NONE',  ( -11.00000000000000711, -17.50000000000000355, 30.00000000000000000 ) ) ;
#299 = VERTEX_POINT ( 'NONE', #1397 ) ;
#300 = ORIENTED_EDGE ( 'NONE', *, *, #721, .F. ) ;
#301 = CARTESIAN_POINT ( 'NONE',  ( 6.049999999999999822, 11.05000000000000071, 34.99999999999999289 ) ) ;
#302 = DIRECTION ( 'NONE',  ( 0.000000000000000000, 0.000000000000000000, -1.000000000000000000 ) ) ;
#303 = EDGE_CURVE ( 'NONE', #1234, #112, #841, .T. ) ;
#304 = ADVANCED_FACE ( 'NONE', ( #168 ), #1030, .T. ) ;
#305 = CIRCLE ( 'NONE', #238, 1.499999999999999556 ) ;
#306 = DIRECTION ( 'NONE',  ( 0.000000000000000000, 0.000000000000000000, -1.000000000000000000 ) ) ;
#307 = EDGE_LOOP ( 'NONE', ( #906, #961, #1199, #518 ) ) ;
#308 = CARTESIAN_POINT ( 'NONE',  ( 15.50000000000000000, 20.49999999999999645, 30.00000000000000000 ) ) ;
#309 = DIRECTION ( 'NONE',  ( 0.000000000000000000, -1.000000000000000000, 0.000000000000000000 ) ) ;
#310 = CARTESIAN_POINT ( 'NONE',  ( 16.50000000000000000, 20.49999999999999289, 34.99999999999999289 ) ) ;
#311 = CIRCLE ( 'NONE', #1310, 2.000000000000000000 ) ;
#312 = ADVANCED_FACE ( 'NONE', ( #1057 ), #943, .F. ) ;
#313 = DIRECTION ( 'NONE',  ( 1.000000000000000000, 0.000000000000000000, 0.000000000000000000 ) ) ;
#314 = ORIENTED_EDGE ( 'NONE', *, *, #947, .T. ) ;
#315 = DIRECTION ( 'NONE',  ( 0.000000000000000000, -0.000000000000000000, 1.000000000000000000 ) ) ;
#316 = CARTESIAN_POINT ( 'NONE',  ( -15.50000000000000178, 22.49999999999999645, 30.00000000000000000 ) ) ;
#317 = VECTOR ( 'NONE', #1416, 1000.000000000000000 ) ;
#318 = FACE_BOUND ( 'NONE', #597, .T. ) ;
#319 = CIRCLE ( 'NONE', #416, 0.9999999999999991118 ) ;
#320 = EDGE_CURVE ( 'NONE', #1376, #61, #1172, .T. ) ;
#321 = DIRECTION ( 'NONE',  ( 1.000000000000000000, 0.000000000000000000, 0.000000000000000000 ) ) ;
#322 = EDGE_LOOP ( 'NONE', ( #157, #1281 ) ) ;
#323 = DIRECTION ( 'NONE',  ( -1.000000000000000000, 0.000000000000000000, 0.000000000000000000 ) ) ;
#324 = VECTOR ( 'NONE', #1305, 1000.000000000000000 ) ;
#325 = DIRECTION ( 'NONE',  ( -0.000000000000000000, -0.000000000000000000, 1.000000000000000000 ) ) ;
#326 = ORIENTED_EDGE ( 'NONE', *, *, #494, .T. ) ;
#327 = EDGE_LOOP ( 'NONE', ( #69, #432, #1056, #537 ) ) ;
#328 = FACE_OUTER_BOUND ( 'NONE', #1439, .T. ) ;
#329 = ORIENTED_EDGE ( 'NONE', *, *, #1285, .F. ) ;
#330 = EDGE_CURVE ( 'NONE', #525, #233, #793, .T. ) ;
#331 = DIRECTION ( 'NONE',  ( -1.000000000000000000, 0.000000000000000000, 0.000000000000000000 ) ) ;
#332 = CARTESIAN_POINT ( 'NONE',  ( 6.049999999999999822, 11.05000000000000071, 0.000000000000000000 ) ) ;
#333 = ORIENTED_EDGE ( 'NONE', *, *, #1328, .T. ) ;
#334 = ORIENTED_EDGE ( 'NONE', *, *, #1398, .T. ) ;
#335 = FACE_OUTER_BOUND ( 'NONE', #471, .T. ) ;
#336 = VERTEX_POINT ( 'NONE', #586 ) ;
#337 = DIRECTION ( 'NONE',  ( 1.000000000000000000, 0.000000000000000000, 0.000000000000000000 ) ) ;
#338 = AXIS2_PLACEMENT_3D ( 'NONE', #659, #1217, #87 ) ;
#339 = CARTESIAN_POINT ( 'NONE',  ( -5.500000000000001776, 10.49999999999999467, 30.00000000000000000 ) ) ;
#340 = ADVANCED_FACE ( 'NONE', ( #32 ), #1028, .T. ) ;
#341 = ORIENTED_EDGE ( 'NONE', *, *, #1440, .F. ) ;
#342 = DIRECTION ( 'NONE',  ( 0.000000000000000000, 0.000000000000000000, -1.000000000000000000 ) ) ;
#343 = VECTOR ( 'NONE', #196, 1000.000000000000000 ) ;
#344 = CARTESIAN_POINT ( 'NONE',  ( 15.50000000000000000, 20.49999999999999645, 34.99999999999999289 ) ) ;
#345 = ORIENTED_EDGE ( 'NONE', *, *, #350, .F. ) ;
#346 = DIRECTION ( 'NONE',  ( 0.000000000000000000, 0.000000000000000000, -1.000000000000000000 ) ) ;
#347 = DIRECTION ( 'NONE',  ( 0.000000000000000000, 0.000000000000000000, 1.000000000000000000 ) ) ;
#348 = VERTEX_POINT ( 'NONE', #576 ) ;
#349 = ORIENTED_EDGE ( 'NONE', *, *, #28, .T. ) ;
#350 = EDGE_CURVE ( 'NONE', #826, #636, #24, .T. ) ;
#351 = DIRECTION ( 'NONE',  ( -0.000000000000000000, -1.000000000000000000, -0.000000000000000000 ) ) ;
#352 = VECTOR ( 'NONE', #1156, 1000.000000000000000 ) ;
#353 = FACE_OUTER_BOUND ( 'NONE', #436, .T. ) ;
#354 = ORIENTED_EDGE ( 'NONE', *, *, #921, .F. ) ;
#355 = CYLINDRICAL_SURFACE ( 'NONE', #977, 1.000000000000000000 ) ;
#356 = APPLICATION_PROTOCOL_DEFINITION ( 'draft international standard', 'automotive_design', 1998, #180 ) ;
#357 = DIRECTION ( 'NONE',  ( -1.000000000000000000, 0.000000000000000000, 0.000000000000000000 ) ) ;
#358 = ORIENTED_EDGE ( 'NONE', *, *, #204, .T. ) ;
#359 = CARTESIAN_POINT ( 'NONE',  ( -16.50000000000000000, 0.000000000000000000, 33.99999999999999289 ) ) ;
#360 = EDGE_CURVE ( 'NONE', #112, #336, #696, .T. ) ;
#361 = FACE_OUTER_BOUND ( 'NONE', #853, .T. ) ;
#362 = DIRECTION ( 'NONE',  ( 1.000000000000000000, 0.000000000000000000, 0.000000000000000000 ) ) ;
#363 = CARTESIAN_POINT ( 'NONE',  ( -0.000000000000000000, -11.05000000000000071, 1.000000000000000000 ) ) ;
#364 = CARTESIAN_POINT ( 'NONE',  ( 15.50000000000000000, 20.49999999999999645, 33.99999999999999289 ) ) ;
#365 = ORIENTED_EDGE ( 'NONE', *, *, #1431, .T. ) ;
#366 = VECTOR ( 'NONE', #620, 1000.000000000000000 ) ;
#367 = CIRCLE ( 'NONE', #579, 2.000000000000000000 ) ;
#368 = CARTESIAN_POINT ( 'NONE',  ( 17.50000000000000000, -22.50000000000000355, 33.99999999999999289 ) ) ;
#369 = DIRECTION ( 'NONE',  ( 0.000000000000000000, 0.000000000000000000, -1.000000000000000000 ) ) ;
#370 = ADVANCED_FACE ( 'NONE', ( #476 ), #355, .T. ) ;
#371 = VECTOR ( 'NONE', #513, 1000.000000000000000 ) ;
#372 = CARTESIAN_POINT ( 'NONE',  ( -6.049999999999999822, -11.05000000000000071, 34.99999999999999289 ) ) ;
#373 = AXIS2_PLACEMENT_3D ( 'NONE', #463, #119, #1349 ) ;
#374 = DIRECTION ( 'NONE',  ( -1.000000000000000000, 0.000000000000000000, 0.000000000000000000 ) ) ;
#375 = LINE ( 'NONE', #76, #13 ) ;
#376 = DIRECTION ( 'NONE',  ( -1.000000000000000000, 0.000000000000000000, 0.000000000000000000 ) ) ;
#377 = VECTOR ( 'NONE', #1187, 1000.000000000000000 ) ;
#378 = CARTESIAN_POINT ( 'NONE',  ( 12.49999999999999467, 17.49999999999999645, 34.99999999999999289 ) ) ;
#379 = ORIENTED_EDGE ( 'NONE', *, *, #864, .F. ) ;
#380 = EDGE_CURVE ( 'NONE', #775, #61, #592, .T. ) ;
#381 = CARTESIAN_POINT ( 'NONE',  ( 15.50000000000000178, -20.50000000000000355, 34.99999999999999289 ) ) ;
#382 = ORIENTED_EDGE ( 'NONE', *, *, #663, .T. ) ;
#383 = AXIS2_PLACEMENT_3D ( 'NONE', #542, #767, #1210 ) ;
#384 = DIRECTION ( 'NONE',  ( 0.000000000000000000, 0.000000000000000000, -1.000000000000000000 ) ) ;
#385 = TOROIDAL_SURFACE ( 'NONE', #556, 1.000000000000000000, 1.000000000000000000 ) ;
#386 = CYLINDRICAL_SURFACE ( 'NONE', #487, 2.000000000000000000 ) ;
#387 = ORIENTED_EDGE ( 'NONE', *, *, #669, .F. ) ;
#388 = DIRECTION ( 'NONE',  ( 1.000000000000000000, 0.000000000000000000, 0.000000000000000000 ) ) ;
#389 = EDGE_CURVE ( 'NONE', #47, #737, #1361, .T. ) ;
#390 = CARTESIAN_POINT ( 'NONE',  ( 5.049999999999999822, 10.05000000000000071, 34.58578643762690064 ) ) ;
#391 = DIRECTION ( 'NONE',  ( -0.000000000000000000, -0.000000000000000000, 1.000000000000000000 ) ) ;
#392 = CIRCLE ( 'NONE', #641, 1.499999999999999556 ) ;
#393 = CLOSED_SHELL ( 'NONE', ( #761, #312, #448, #615, #1118, #1384, #1426, #833, #1124, #1317, #559, #623, #1309, #1232, #1374, #1270, #912, #170, #840, #245, #1040, #59, #684, #414, #642, #973, #871, #294, #564, #1058, #854, #575, #825, #212, #753, #304, #901, #1168, #1221, #340, #634, #930, #1081, #955, #370, #735, #135 ) ) ;
#394 = LINE ( 'NONE', #1388, #1346 ) ;
#395 = ORIENTED_EDGE ( 'NONE', *, *, #195, .F. ) ;
#396 = DIRECTION ( 'NONE',  ( 1.000000000000000000, 0.000000000000000000, 0.000000000000000000 ) ) ;
#397 = AXIS2_PLACEMENT_3D ( 'NONE', #702, #502, #601 ) ;
#398 = LINE ( 'NONE', #58, #228 ) ;
#399 = EDGE_CURVE ( 'NONE', #1389, #779, #1419, .T. ) ;
#400 = CARTESIAN_POINT ( 'NONE',  ( -11.00000000000000711, -17.50000000000000355, 34.99999999999999289 ) ) ;
#401 = ORIENTED_EDGE ( 'NONE', *, *, #389, .F. ) ;
#402 = FACE_OUTER_BOUND ( 'NONE', #127, .T. ) ;
#403 = CARTESIAN_POINT ( 'NONE',  ( -5.500000000000001776, 10.49999999999999467, 0.000000000000000000 ) ) ;
#404 = EDGE_CURVE ( 'NONE', #682, #43, #1354, .T. ) ;
#405 = CARTESIAN_POINT ( 'NONE',  ( 5.499999999999998224, 12.49999999999999467, 30.00000000000000000 ) ) ;
#406 = EDGE_LOOP ( 'NONE', ( #687, #1079, #1185, #1084 ) ) ;
#407 = LINE ( 'NONE', #1293, #108 ) ;
#408 = VECTOR ( 'NONE', #1152, 1000.000000000000000 ) ;
#409 = EDGE_CURVE ( 'NONE', #191, #636, #756, .T. ) ;
#410 = CARTESIAN_POINT ( 'NONE',  ( -5.049999999999999822, -10.05000000000000071, 34.99999999999999289 ) ) ;
#411 = ORIENTED_EDGE ( 'NONE', *, *, #1032, .T. ) ;
#412 = ORIENTED_EDGE ( 'NONE', *, *, #155, .F. ) ;
#413 = DIRECTION ( 'NONE',  ( 1.000000000000000000, 0.000000000000000000, 0.000000000000000000 ) ) ;
#414 = ADVANCED_FACE ( 'NONE', ( #1055 ), #933, .T. ) ;
#415 = CARTESIAN_POINT ( 'NONE',  ( -7.499999999999998224, -10.50000000000000533, 0.000000000000000000 ) ) ;
#416 = AXIS2_PLACEMENT_3D ( 'NONE', #929, #1161, #1375 ) ;
#417 = VECTOR ( 'NONE', #479, 1000.000000000000000 ) ;
#418 = FACE_OUTER_BOUND ( 'NONE', #1211, .T. ) ;
#419 = ORIENTED_EDGE ( 'NONE', *, *, #461, .F. ) ;
#420 = EDGE_LOOP ( 'NONE', ( #1382, #1111, #453, #1105 ) ) ;
#421 = CARTESIAN_POINT ( 'NONE',  ( -5.500000000000001776, 10.49999999999999467, 30.00000000000000000 ) ) ;
#422 = CARTESIAN_POINT ( 'NONE',  ( -5.049999999999999822, -11.05000000000000071, 33.99999999999999289 ) ) ;
#423 = CARTESIAN_POINT ( 'NONE',  ( 15.50000000000000000, 21.49999999999999645, 33.99999999999999289 ) ) ;
#424 = AXIS2_PLACEMENT_3D ( 'NONE', #874, #984, #122 ) ;
#425 = DIRECTION ( 'NONE',  ( -1.000000000000000000, 0.000000000000000000, 0.000000000000000000 ) ) ;
#426 = ORIENTED_EDGE ( 'NONE', *, *, #879, .T. ) ;
#427 = LINE ( 'NONE', #1010, #442 ) ;
#428 = CARTESIAN_POINT ( 'NONE',  ( 10.99999999999999645, 17.49999999999999645, 30.00000000000000000 ) ) ;
#429 = CIRCLE ( 'NONE', #1246, 1.499999999999999556 ) ;
#430 = EDGE_LOOP ( 'NONE', ( #852, #387, #492, #970 ) ) ;
#431 = PLANE ( 'NONE',  #1005 ) ;
#432 = ORIENTED_EDGE ( 'NONE', *, *, #91, .T. ) ;
#433 = VECTOR ( 'NONE', #704, 1000.000000000000000 ) ;
#434 = CARTESIAN_POINT ( 'NONE',  ( -6.049999999999999822, 11.05000000000000071, 34.99999999999999289 ) ) ;
#435 = FACE_OUTER_BOUND ( 'NONE', #1350, .T. ) ;
#436 = EDGE_LOOP ( 'NONE', ( #88, #412, #1130, #692 ) ) ;
#437 = EDGE_CURVE ( 'NONE', #570, #178, #924, .T. ) ;
#438 = VERTEX_POINT ( 'NONE', #166 ) ;
#439 = CARTESIAN_POINT ( 'NONE',  ( -15.50000000000000178, 22.49999999999999645, 34.99999999999999289 ) ) ;
#440 = ORIENTED_EDGE ( 'NONE', *, *, #1415, .T. ) ;
#441 = DIRECTION ( 'NONE',  ( -0.000000000000000000, 0.000000000000000000, -1.000000000000000000 ) ) ;
#442 = VECTOR ( 'NONE', #229, 1000.000000000000000 ) ;
#443 = CARTESIAN_POINT ( 'NONE',  ( 0.000000000000000000, 0.000000000000000000, 30.00000000000000000 ) ) ;
#444 = ORIENTED_EDGE ( 'NONE', *, *, #162, .T. ) ;
#445 = ORIENTED_EDGE ( 'NONE', *, *, #1110, .T. ) ;
#446 = ORIENTED_EDGE ( 'NONE', *, *, #380, .T. ) ;
#447 = CARTESIAN_POINT ( 'NONE',  ( 0.000000000000000000, 11.05000000000000071, 33.99999999999999289 ) ) ;
#448 = ADVANCED_FACE ( 'NONE', ( #1369 ), #1268, .F. ) ;
#449 = ORIENTED_EDGE ( 'NONE', *, *, #181, .F. ) ;
#450 = LINE ( 'NONE', #993, #954 ) ;
#451 = CARTESIAN_POINT ( 'NONE',  ( -11.00000000000000711, 17.49999999999999645, 30.00000000000000000 ) ) ;
#452 = CIRCLE ( 'NONE', #194, 1.499999999999999556 ) ;
#453 = ORIENTED_EDGE ( 'NONE', *, *, #847, .F. ) ;
#454 = PRODUCT_RELATED_PRODUCT_CATEGORY ( 'part', '', ( #1026 ) ) ;
#455 = CARTESIAN_POINT ( 'NONE',  ( -5.049999999999999822, -10.05000000000000071, 1.000000000000000888 ) ) ;
#456 = VERTEX_POINT ( 'NONE', #48 ) ;
#457 = DIRECTION ( 'NONE',  ( -0.000000000000000000, -0.000000000000000000, 1.000000000000000000 ) ) ;
#458 = ORIENTED_EDGE ( 'NONE', *, *, #959, .T. ) ;
#459 = CARTESIAN_POINT ( 'NONE',  ( 12.49999999999999467, 17.49999999999999645, 34.99999999999999289 ) ) ;
#460 = AXIS2_PLACEMENT_3D ( 'NONE', #5, #457, #243 ) ;
#461 = EDGE_CURVE ( 'NONE', #637, #184, #284, .T. ) ;
#462 = VERTEX_POINT ( 'NONE', #136 ) ;
#463 = CARTESIAN_POINT ( 'NONE',  ( -15.50000000000000178, -20.50000000000000355, 30.00000000000000000 ) ) ;
#464 = VECTOR ( 'NONE', #97, 1000.000000000000000 ) ;
#465 = CARTESIAN_POINT ( 'NONE',  ( -7.500000000000000000, -1.040834085586084257E-15, 30.00000000000000000 ) ) ;
#466 = VERTEX_POINT ( 'NONE', #150 ) ;
#467 = CARTESIAN_POINT ( 'NONE',  ( -12.50000000000000533, -17.50000000000000355, 34.99999999999999289 ) ) ;
#468 = DIRECTION ( 'NONE',  ( -1.387778780781445676E-16, 1.000000000000000000, 0.000000000000000000 ) ) ;
#469 = DIRECTION ( 'NONE',  ( 0.000000000000000000, 0.000000000000000000, -1.000000000000000000 ) ) ;
#470 = EDGE_CURVE ( 'NONE', #570, #466, #604, .T. ) ;
#471 = EDGE_LOOP ( 'NONE', ( #1271, #585, #997, #1240 ) ) ;
#472 = CYLINDRICAL_SURFACE ( 'NONE', #791, 1.000000000000000888 ) ;
#473 = AXIS2_PLACEMENT_3D ( 'NONE', #403, #279, #845 ) ;
#474 = LINE ( 'NONE', #1035, #1116 ) ;
#475 = DIRECTION ( 'NONE',  ( 1.000000000000000000, 1.387778780781445676E-16, -0.000000000000000000 ) ) ;
#476 = FACE_OUTER_BOUND ( 'NONE', #1151, .T. ) ;
#477 = CARTESIAN_POINT ( 'NONE',  ( 12.49999999999999467, -17.50000000000000355, 34.99999999999999289 ) ) ;
#478 = CARTESIAN_POINT ( 'NONE',  ( 15.50000000000000178, -20.50000000000000355, 33.99999999999999289 ) ) ;
#479 = DIRECTION ( 'NONE',  ( 0.000000000000000000, 0.000000000000000000, -1.000000000000000000 ) ) ;
#480 = CARTESIAN_POINT ( 'NONE',  ( -12.50000000000000533, -17.50000000000000355, 30.00000000000000000 ) ) ;
#481 = DIRECTION ( 'NONE',  ( 0.000000000000000000, -0.000000000000000000, 1.000000000000000000 ) ) ;
#482 = DIRECTION ( 'NONE',  ( 0.000000000000000000, 0.000000000000000000, 1.000000000000000000 ) ) ;
#483 = DIRECTION ( 'NONE',  ( 0.000000000000000000, 0.000000000000000000, -1.000000000000000000 ) ) ;
#484 = ORIENTED_EDGE ( 'NONE', *, *, #1242, .T. ) ;
#485 = DIRECTION ( 'NONE',  ( -0.000000000000000000, -1.000000000000000000, -0.000000000000000000 ) ) ;
#486 = EDGE_CURVE ( 'NONE', #95, #1344, #452, .T. ) ;
#487 = AXIS2_PLACEMENT_3D ( 'NONE', #260, #481, #827 ) ;
#488 = DIRECTION ( 'NONE',  ( 1.000000000000000000, 0.000000000000000000, 0.000000000000000000 ) ) ;
#489 = ORIENTED_EDGE ( 'NONE', *, *, #330, .F. ) ;
#490 = VECTOR ( 'NONE', #351, 1000.000000000000000 ) ;
#491 = DIRECTION ( 'NONE',  ( 0.000000000000000000, 0.000000000000000000, -1.000000000000000000 ) ) ;
#492 = ORIENTED_EDGE ( 'NONE', *, *, #1008, .F. ) ;
#493 = DIRECTION ( 'NONE',  ( 0.000000000000000000, 0.000000000000000000, -1.000000000000000000 ) ) ;
#494 = EDGE_CURVE ( 'NONE', #348, #160, #1132, .T. ) ;
#495 = FACE_OUTER_BOUND ( 'NONE', #172, .T. ) ;
#496 = ORIENTED_EDGE ( 'NONE', *, *, #494, .F. ) ;
#497 = CARTESIAN_POINT ( 'NONE',  ( -5.464213562373093858, -10.46421356237309652, 6.146522292001166683E-16 ) ) ;
#498 = ORIENTED_EDGE ( 'NONE', *, *, #350, .T. ) ;
#499 = AXIS2_PLACEMENT_3D ( 'NONE', #85, #981, #553 ) ;
#500 = DIRECTION ( 'NONE',  ( 1.000000000000000000, 0.000000000000000000, 0.000000000000000000 ) ) ;
#501 = AXIS2_PLACEMENT_3D ( 'NONE', #477, #268, #1362 ) ;
#502 = DIRECTION ( 'NONE',  ( 1.000000000000000000, 0.000000000000000000, 0.000000000000000000 ) ) ;
#503 = ORIENTED_EDGE ( 'NONE', *, *, #28, .F. ) ;
#504 = CARTESIAN_POINT ( 'NONE',  ( -15.50000000000000178, -20.50000000000000355, 34.99999999999999289 ) ) ;
#505 = EDGE_CURVE ( 'NONE', #20, #47, #311, .T. ) ;
#506 = AXIS2_PLACEMENT_3D ( 'NONE', #1020, #817, #468 ) ;
#507 = PLANE ( 'NONE',  #529 ) ;
#508 = ORIENTED_EDGE ( 'NONE', *, *, #232, .T. ) ;
#509 = CYLINDRICAL_SURFACE ( 'NONE', #1197, 1.499999999999999556 ) ;
#510 = EDGE_CURVE ( 'NONE', #543, #20, #19, .T. ) ;
#511 = CYLINDRICAL_SURFACE ( 'NONE', #728, 1.499999999999999556 ) ;
#512 = ADVANCED_BREP_SHAPE_REPRESENTATION ( 'PRT-17', ( #290, #830 ), #77 ) ;
#513 = DIRECTION ( 'NONE',  ( -0.000000000000000000, -0.000000000000000000, 1.000000000000000000 ) ) ;
#514 = EDGE_LOOP ( 'NONE', ( #969, #699 ) ) ;
#515 = EDGE_CURVE ( 'NONE', #118, #132, #941, .T. ) ;
#516 = DIRECTION ( 'NONE',  ( -1.000000000000000000, 0.000000000000000000, -0.000000000000000000 ) ) ;
#517 = DIRECTION ( 'NONE',  ( 0.000000000000000000, 0.000000000000000000, -1.000000000000000000 ) ) ;
#518 = ORIENTED_EDGE ( 'NONE', *, *, #470, .T. ) ;
#519 = ORIENTED_EDGE ( 'NONE', *, *, #152, .F. ) ;
#520 = CARTESIAN_POINT ( 'NONE',  ( 5.049999999999999822, -10.05000000000000071, 1.000000000000000888 ) ) ;
#521 = DIRECTION ( 'NONE',  ( 0.000000000000000000, 0.000000000000000000, 1.000000000000000000 ) ) ;
#522 = CIRCLE ( 'NONE', #719, 2.000000000000000000 ) ;
#523 = LINE ( 'NONE', #978, #766 ) ;
#524 = EDGE_CURVE ( 'NONE', #1400, #743, #56, .T. ) ;
#525 = VERTEX_POINT ( 'NONE', #940 ) ;
#526 = ORIENTED_EDGE ( 'NONE', *, *, #776, .T. ) ;
#527 = CARTESIAN_POINT ( 'NONE',  ( 5.500000000000001776, -12.50000000000000533, 0.000000000000000000 ) ) ;
#528 = FACE_OUTER_BOUND ( 'NONE', #695, .T. ) ;
#529 = AXIS2_PLACEMENT_3D ( 'NONE', #73, #1394, #1091 ) ;
#530 = DIRECTION ( 'NONE',  ( 0.000000000000000000, 0.000000000000000000, -1.000000000000000000 ) ) ;
#531 = EDGE_LOOP ( 'NONE', ( #1326, #867 ) ) ;
#532 = CARTESIAN_POINT ( 'NONE',  ( 12.49999999999999467, -17.50000000000000355, 34.99999999999999289 ) ) ;
#533 = CARTESIAN_POINT ( 'NONE',  ( -5.049999999999999822, 10.05000000000000071, 34.99999999999999289 ) ) ;
#534 = AXIS2_PLACEMENT_3D ( 'NONE', #689, #804, #482 ) ;
#535 = LINE ( 'NONE', #1425, #643 ) ;
#536 = CARTESIAN_POINT ( 'NONE',  ( -12.50000000000000533, 17.49999999999999645, 34.99999999999999289 ) ) ;
#537 = ORIENTED_EDGE ( 'NONE', *, *, #195, .T. ) ;
#538 = DIRECTION ( 'NONE',  ( 0.000000000000000000, 0.000000000000000000, -1.000000000000000000 ) ) ;
#539 = CARTESIAN_POINT ( 'NONE',  ( 15.50000000000000178, -21.50000000000000000, 34.99999999999999289 ) ) ;
#540 = EDGE_CURVE ( 'NONE', #197, #1256, #429, .T. ) ;
#541 = VERTEX_POINT ( 'NONE', #1263 ) ;
#542 = CARTESIAN_POINT ( 'NONE',  ( 12.49999999999999467, 17.49999999999999645, 34.99999999999999289 ) ) ;
#543 = VERTEX_POINT ( 'NONE', #262 ) ;
#544 = VECTOR ( 'NONE', #342, 1000.000000000000000 ) ;
#545 = CARTESIAN_POINT ( 'NONE',  ( 5.499999999999998224, 10.49999999999999467, 30.00000000000000000 ) ) ;
#546 = DIRECTION ( 'NONE',  ( 1.000000000000000000, 0.000000000000000000, 0.000000000000000000 ) ) ;
#547 = AXIS2_PLACEMENT_3D ( 'NONE', #1036, #39, #1381 ) ;
#548 = EDGE_CURVE ( 'NONE', #118, #1157, #711, .T. ) ;
#549 = ORIENTED_EDGE ( 'NONE', *, *, #815, .T. ) ;
#550 = ORIENTED_EDGE ( 'NONE', *, *, #1181, .F. ) ;
#551 = VECTOR ( 'NONE', #485, 1000.000000000000000 ) ;
#552 = EDGE_LOOP ( 'NONE', ( #561, #985, #1191, #1244 ) ) ;
#553 = DIRECTION ( 'NONE',  ( 0.000000000000000000, 0.000000000000000000, -1.000000000000000000 ) ) ;
#554 = ORIENTED_EDGE ( 'NONE', *, *, #1092, .T. ) ;
#555 = DIRECTION ( 'NONE',  ( -0.000000000000000000, -0.000000000000000000, 1.000000000000000000 ) ) ;
#556 = AXIS2_PLACEMENT_3D ( 'NONE', #1282, #302, #752 ) ;
#557 = FACE_BOUND ( 'NONE', #1413, .T. ) ;
#558 = ORIENTED_EDGE ( 'NONE', *, *, #1021, .T. ) ;
#559 = ADVANCED_FACE ( 'NONE', ( #41 ), #276, .F. ) ;
#560 = ORIENTED_EDGE ( 'NONE', *, *, #409, .F. ) ;
#561 = ORIENTED_EDGE ( 'NONE', *, *, #1226, .F. ) ;
#562 = CARTESIAN_POINT ( 'NONE',  ( -15.50000000000000178, -21.50000000000000355, 34.99999999999999289 ) ) ;
#563 = ORIENTED_EDGE ( 'NONE', *, *, #1101, .F. ) ;
#564 = ADVANCED_FACE ( 'NONE', ( #1031 ), #509, .F. ) ;
#565 = CIRCLE ( 'NONE', #169, 1.000000000000000888 ) ;
#566 = DIRECTION ( 'NONE',  ( 0.000000000000000000, 0.000000000000000000, -1.000000000000000000 ) ) ;
#567 = CARTESIAN_POINT ( 'NONE',  ( -16.50000000000000000, -20.50000000000000355, 33.99999999999999289 ) ) ;
#568 = CIRCLE ( 'NONE', #1195, 2.000000000000000000 ) ;
#569 = VECTOR ( 'NONE', #1150, 1000.000000000000000 ) ;
#570 = VERTEX_POINT ( 'NONE', #838 ) ;
#571 = CYLINDRICAL_SURFACE ( 'NONE', #747, 2.000000000000000000 ) ;
#572 = ORIENTED_EDGE ( 'NONE', *, *, #746, .T. ) ;
#573 = CYLINDRICAL_SURFACE ( 'NONE', #1424, 1.499999999999999556 ) ;
#574 = VERTEX_POINT ( 'NONE', #1182 ) ;
#575 = ADVANCED_FACE ( 'NONE', ( #628 ), #385, .T. ) ;
#576 = CARTESIAN_POINT ( 'NONE',  ( -15.50000000000000178, -22.50000000000000355, 33.99999999999999289 ) ) ;
#577 = AXIS2_PLACEMENT_3D ( 'NONE', #1243, #1359, #22 ) ;
#578 = CARTESIAN_POINT ( 'NONE',  ( 0.000000000000000000, 21.49999999999999645, 34.99999999999999289 ) ) ;
#579 = AXIS2_PLACEMENT_3D ( 'NONE', #1338, #863, #1308 ) ;
#580 = VECTOR ( 'NONE', #590, 1000.000000000000000 ) ;
#581 = EDGE_LOOP ( 'NONE', ( #218, #560, #1334, #903 ) ) ;
#582 = LINE ( 'NONE', #700, #857 ) ;
#583 = AXIS2_PLACEMENT_3D ( 'NONE', #951, #517, #425 ) ;
#584 = CARTESIAN_POINT ( 'NONE',  ( -5.499999999999998224, -10.50000000000000533, 0.000000000000000000 ) ) ;
#585 = ORIENTED_EDGE ( 'NONE', *, *, #712, .T. ) ;
#586 = CARTESIAN_POINT ( 'NONE',  ( -5.500000000000001776, 12.49999999999999467, 30.00000000000000000 ) ) ;
#587 = EDGE_CURVE ( 'NONE', #837, #660, #1259, .T. ) ;
#588 = UNCERTAINTY_MEASURE_WITH_UNIT (LENGTH_MEASURE( 1.000000000000000082E-05 ), #935, 'distance_accuracy_value', 'NONE');
#589 = DIRECTION ( 'NONE',  ( 1.000000000000000000, 0.000000000000000000, 0.000000000000000000 ) ) ;
#590 = DIRECTION ( 'NONE',  ( 0.000000000000000000, 1.000000000000000000, 0.000000000000000000 ) ) ;
#591 = DIRECTION ( 'NONE',  ( 0.000000000000000000, 0.000000000000000000, -1.000000000000000000 ) ) ;
#592 = CIRCLE ( 'NONE', #534, 1.000000000000000888 ) ;
#593 = CARTESIAN_POINT ( 'NONE',  ( 15.50000000000000178, -21.50000000000000000, 33.99999999999999289 ) ) ;
#594 = PLANE ( 'NONE',  #1094 ) ;
#595 = DIRECTION ( 'NONE',  ( -0.000000000000000000, -0.000000000000000000, 1.000000000000000000 ) ) ;
#596 = CARTESIAN_POINT ( 'NONE',  ( -15.50000000000000178, -20.50000000000000355, 33.99999999999999289 ) ) ;
#597 = EDGE_LOOP ( 'NONE', ( #1325, #1142 ) ) ;
#598 = EDGE_CURVE ( 'NONE', #743, #1400, #629, .T. ) ;
#599 = CARTESIAN_POINT ( 'NONE',  ( -5.049999999999999822, -10.05000000000000071, 1.000000000000000888 ) ) ;
#600 = CARTESIAN_POINT ( 'NONE',  ( 12.49999999999999467, -17.50000000000000355, 30.00000000000000000 ) ) ;
#601 = DIRECTION ( 'NONE',  ( 0.000000000000000000, 0.000000000000000000, -1.000000000000000000 ) ) ;
#602 = PRODUCT_CONTEXT ( 'NONE', #180, 'mechanical' ) ;
#603 = ORIENTED_EDGE ( 'NONE', *, *, #939, .F. ) ;
#604 = LINE ( 'NONE', #1038, #1065 ) ;
#605 = ORIENTED_EDGE ( 'NONE', *, *, #1262, .F. ) ;
#606 = DIRECTION ( 'NONE',  ( 1.000000000000000000, -0.000000000000000000, -0.000000000000000000 ) ) ;
#607 = EDGE_CURVE ( 'NONE', #43, #456, #640, .T. ) ;
#608 = VECTOR ( 'NONE', #626, 1000.000000000000000 ) ;
#609 = DIRECTION ( 'NONE',  ( -1.000000000000000000, 0.000000000000000000, 0.000000000000000000 ) ) ;
#610 = ORIENTED_EDGE ( 'NONE', *, *, #1076, .T. ) ;
#611 = PRESENTATION_LAYER_ASSIGNMENT (  '', '', ( #1230 ) ) ;
#612 = DIRECTION ( 'NONE',  ( 0.000000000000000000, 0.000000000000000000, -1.000000000000000000 ) ) ;
#613 = ORIENTED_EDGE ( 'NONE', *, *, #1285, .T. ) ;
#614 = AXIS2_PLACEMENT_3D ( 'NONE', #50, #391, #1064 ) ;
#615 = ADVANCED_FACE ( 'NONE', ( #402 ), #282, .F. ) ;
#616 = LINE ( 'NONE', #148, #1050 ) ;
#617 = EDGE_CURVE ( 'NONE', #1378, #636, #258, .T. ) ;
#618 = ORIENTED_EDGE ( 'NONE', *, *, #1347, .T. ) ;
#619 = DIRECTION ( 'NONE',  ( -1.000000000000000000, 0.000000000000000000, 0.000000000000000000 ) ) ;
#620 = DIRECTION ( 'NONE',  ( 1.000000000000000000, -0.000000000000000000, 0.000000000000000000 ) ) ;
#621 = LINE ( 'NONE', #765, #464 ) ;
#622 = VERTEX_POINT ( 'NONE', #1417 ) ;
#623 = ADVANCED_FACE ( 'NONE', ( #624 ), #173, .F. ) ;
#624 = FACE_OUTER_BOUND ( 'NONE', #658, .T. ) ;
#625 = CARTESIAN_POINT ( 'NONE',  ( 5.049999999999999822, -10.05000000000000426, 0.4142135623730957006 ) ) ;
#626 = DIRECTION ( 'NONE',  ( 0.000000000000000000, 0.000000000000000000, -1.000000000000000000 ) ) ;
#627 = VERTEX_POINT ( 'NONE', #633 ) ;
#628 = FACE_OUTER_BOUND ( 'NONE', #749, .T. ) ;
#629 = CIRCLE ( 'NONE', #818, 1.499999999999999556 ) ;
#630 = CARTESIAN_POINT ( 'NONE',  ( -5.049999999999999822, 10.05000000000000071, 34.58578643762690064 ) ) ;
#631 = EDGE_LOOP ( 'NONE', ( #1318, #679, #120, #880 ) ) ;
#632 = ORIENTED_EDGE ( 'NONE', *, *, #540, .F. ) ;
#633 = CARTESIAN_POINT ( 'NONE',  ( -16.50000000000000000, -20.50000000000000355, 34.99999999999999289 ) ) ;
#634 = ADVANCED_FACE ( 'NONE', ( #528 ), #1194, .T. ) ;
#635 = CARTESIAN_POINT ( 'NONE',  ( -17.50000000000000000, -22.50000000000000355, 30.00000000000000000 ) ) ;
#636 = VERTEX_POINT ( 'NONE', #55 ) ;
#637 = VERTEX_POINT ( 'NONE', #1062 ) ;
#638 = AXIS2_PLACEMENT_3D ( 'NONE', #1356, #725, #1171 ) ;
#639 = LINE ( 'NONE', #167, #366 ) ;
#640 = LINE ( 'NONE', #1086, #324 ) ;
#641 = AXIS2_PLACEMENT_3D ( 'NONE', #600, #1042, #914 ) ;
#642 = ADVANCED_FACE ( 'NONE', ( #958 ), #862, .T. ) ;
#643 = VECTOR ( 'NONE', #325, 1000.000000000000000 ) ;
#644 = LINE ( 'NONE', #1290, #134 ) ;
#645 = ORIENTED_EDGE ( 'NONE', *, *, #80, .F. ) ;
#646 = CARTESIAN_POINT ( 'NONE',  ( -5.049999999999999822, -11.05000000000000071, 34.99999999999999289 ) ) ;
#647 = CARTESIAN_POINT ( 'NONE',  ( -5.049999999999999822, 11.05000000000000071, 1.000000000000000888 ) ) ;
#648 = DIRECTION ( 'NONE',  ( 0.000000000000000000, -0.000000000000000000, 1.000000000000000000 ) ) ;
#649 = AXIS2_PLACEMENT_3D ( 'NONE', #1220, #1109, #1209 ) ;
#650 = CARTESIAN_POINT ( 'NONE',  ( -5.049999999999999822, -10.05000000000000071, 34.99999999999999289 ) ) ;
#651 = VERTEX_POINT ( 'NONE', #1288 ) ;
#652 = CARTESIAN_POINT ( 'NONE',  ( -5.049999999999999822, -10.05000000000000071, 33.99999999999999289 ) ) ;
#653 = EDGE_CURVE ( 'NONE', #160, #775, #1390, .T. ) ;
#654 = CARTESIAN_POINT ( 'NONE',  ( 15.50000000000000000, -22.50000000000000355, 33.99999999999999289 ) ) ;
#655 = AXIS2_PLACEMENT_3D ( 'NONE', #739, #1379, #1272 ) ;
#656 = FACE_BOUND ( 'NONE', #53, .T. ) ;
#657 = ORIENTED_EDGE ( 'NONE', *, *, #510, .T. ) ;
#658 = EDGE_LOOP ( 'NONE', ( #1177, #1348, #685, #1137 ) ) ;
#659 = CARTESIAN_POINT ( 'NONE',  ( 16.50000000000000000, 0.000000000000000000, 33.99999999999999289 ) ) ;
#660 = VERTEX_POINT ( 'NONE', #179 ) ;
#661 = LINE ( 'NONE', #1219, #1380 ) ;
#662 = CARTESIAN_POINT ( 'NONE',  ( 13.99999999999999467, 17.49999999999999645, 30.00000000000000000 ) ) ;
#663 = EDGE_CURVE ( 'NONE', #737, #348, #1074, .T. ) ;
#664 = EDGE_LOOP ( 'NONE', ( #1001, #572, #952, #1332 ) ) ;
#665 = ORIENTED_EDGE ( 'NONE', *, *, #144, .T. ) ;
#666 = ORIENTED_EDGE ( 'NONE', *, *, #437, .T. ) ;
#667 = FACE_OUTER_BOUND ( 'NONE', #1112, .T. ) ;
#668 = ORIENTED_EDGE ( 'NONE', *, *, #1189, .F. ) ;
#669 = EDGE_CURVE ( 'NONE', #674, #622, #407, .T. ) ;
#670 = VECTOR ( 'NONE', #763, 1000.000000000000000 ) ;
#671 = LINE ( 'NONE', #1115, #1127 ) ;
#672 = FACE_BOUND ( 'NONE', #65, .T. ) ;
#673 = AXIS2_PLACEMENT_3D ( 'NONE', #816, #475, #1260 ) ;
#674 = VERTEX_POINT ( 'NONE', #415 ) ;
#675 = EDGE_CURVE ( 'NONE', #541, #299, #745, .T. ) ;
#676 = ORIENTED_EDGE ( 'NONE', *, *, #1110, .F. ) ;
#677 = AXIS2_PLACEMENT_3D ( 'NONE', #708, #714, #790 ) ;
#678 = DIRECTION ( 'NONE',  ( -1.000000000000000000, -0.000000000000000000, -0.000000000000000000 ) ) ;
#679 = ORIENTED_EDGE ( 'NONE', *, *, #360, .F. ) ;
#680 = DIRECTION ( 'NONE',  ( 0.000000000000000000, 1.000000000000000000, -0.000000000000000000 ) ) ;
#681 = PLANE ( 'NONE',  #649 ) ;
#682 = VERTEX_POINT ( 'NONE', #71 ) ;
#683 = FACE_OUTER_BOUND ( 'NONE', #878, .T. ) ;
#684 = ADVANCED_FACE ( 'NONE', ( #1300 ), #1227, .T. ) ;
#685 = ORIENTED_EDGE ( 'NONE', *, *, #1262, .T. ) ;
#686 = FACE_OUTER_BOUND ( 'NONE', #244, .T. ) ;
#687 = ORIENTED_EDGE ( 'NONE', *, *, #1339, .F. ) ;
#688 = VECTOR ( 'NONE', #991, 1000.000000000000000 ) ;
#689 = CARTESIAN_POINT ( 'NONE',  ( -16.50000000000000000, 20.49999999999999289, 33.99999999999999289 ) ) ;
#690 = VECTOR ( 'NONE', #491, 1000.000000000000000 ) ;
#691 = VERTEX_POINT ( 'NONE', #795 ) ;
#692 = ORIENTED_EDGE ( 'NONE', *, *, #787, .F. ) ;
#693 = DIRECTION ( 'NONE',  ( 0.000000000000000000, -1.000000000000000000, 0.000000000000000000 ) ) ;
#694 = CYLINDRICAL_SURFACE ( 'NONE', #577, 2.000000000000000000 ) ;
#695 = EDGE_LOOP ( 'NONE', ( #411, #716, #489, #1264 ) ) ;
#696 = LINE ( 'NONE', #1147, #909 ) ;
#697 = AXIS2_PLACEMENT_3D ( 'NONE', #1228, #230, #1202 ) ;
#698 = CARTESIAN_POINT ( 'NONE',  ( -12.50000000000000533, 17.49999999999999645, 30.00000000000000000 ) ) ;
#699 = ORIENTED_EDGE ( 'NONE', *, *, #598, .F. ) ;
#700 = CARTESIAN_POINT ( 'NONE',  ( 17.50000000000000000, -22.50000000000000355, 30.00000000000000000 ) ) ;
#701 = DIRECTION ( 'NONE',  ( 1.000000000000000000, 0.000000000000000000, 0.000000000000000000 ) ) ;
#702 = CARTESIAN_POINT ( 'NONE',  ( -15.50000000000000178, 21.49999999999999645, 33.99999999999999289 ) ) ;
#703 = DIRECTION ( 'NONE',  ( -0.000000000000000000, -0.000000000000000000, 1.000000000000000000 ) ) ;
#704 = DIRECTION ( 'NONE',  ( -0.000000000000000000, -0.000000000000000000, 1.000000000000000000 ) ) ;
#705 = EDGE_CURVE ( 'NONE', #1236, #118, #1213, .T. ) ;
#706 = CARTESIAN_POINT ( 'NONE',  ( -5.049999999999999822, 10.05000000000000071, 0.4142135623730961447 ) ) ;
#707 = ORIENTED_EDGE ( 'NONE', *, *, #983, .T. ) ;
#708 = CARTESIAN_POINT ( 'NONE',  ( -12.50000000000000533, -17.50000000000000355, 30.00000000000000000 ) ) ;
#709 = CYLINDRICAL_SURFACE ( 'NONE', #1087, 1.000000000000000000 ) ;
#710 = FACE_OUTER_BOUND ( 'NONE', #40, .T. ) ;
#711 = LINE ( 'NONE', #910, #1269 ) ;
#712 = EDGE_CURVE ( 'NONE', #823, #1236, #427, .T. ) ;
#713 = EDGE_LOOP ( 'NONE', ( #1004, #10, #613, #720 ) ) ;
#714 = DIRECTION ( 'NONE',  ( 0.000000000000000000, 0.000000000000000000, -1.000000000000000000 ) ) ;
#715 = CARTESIAN_POINT ( 'NONE',  ( 0.000000000000000000, 21.49999999999999645, 33.99999999999999289 ) ) ;
#716 = ORIENTED_EDGE ( 'NONE', *, *, #67, .F. ) ;
#717 = CIRCLE ( 'NONE', #760, 1.499999999999999556 ) ;
#718 = CARTESIAN_POINT ( 'NONE',  ( 15.50000000000000178, -20.50000000000000355, 30.00000000000000000 ) ) ;
#719 = AXIS2_PLACEMENT_3D ( 'NONE', #339, #778, #1445 ) ;
#720 = ORIENTED_EDGE ( 'NONE', *, *, #1347, .F. ) ;
#721 = EDGE_CURVE ( 'NONE', #110, #184, #450, .T. ) ;
#722 = CIRCLE ( 'NONE', #79, 1.499999999999999556 ) ;
#723 = FACE_BOUND ( 'NONE', #664, .T. ) ;
#724 = ORIENTED_EDGE ( 'NONE', *, *, #409, .T. ) ;
#725 = DIRECTION ( 'NONE',  ( -1.000000000000000000, 0.000000000000000000, 0.000000000000000000 ) ) ;
#726 = DIRECTION ( 'NONE',  ( -1.000000000000000000, 0.000000000000000000, 0.000000000000000000 ) ) ;
#727 = CARTESIAN_POINT ( 'NONE',  ( 5.049999999999999822, -10.05000000000000071, 1.000000000000000888 ) ) ;
#728 = AXIS2_PLACEMENT_3D ( 'NONE', #1386, #834, #500 ) ;
#729 = EDGE_CURVE ( 'NONE', #541, #772, #568, .T. ) ;
#730 = CARTESIAN_POINT ( 'NONE',  ( 5.049999999999999822, 10.05000000000000071, 1.000000000000000888 ) ) ;
#731 = ORIENTED_EDGE ( 'NONE', *, *, #486, .T. ) ;
#732 = PRODUCT_DEFINITION_CONTEXT ( 'detailed design', #850, 'design' ) ;
#733 = CARTESIAN_POINT ( 'NONE',  ( -12.50000000000000533, -17.50000000000000355, 34.99999999999999289 ) ) ;
#734 = CARTESIAN_POINT ( 'NONE',  ( 5.464213562373094746, -10.46421356237309475, 1.809713602059148700E-16 ) ) ;
#735 = ADVANCED_FACE ( 'NONE', ( #1436 ), #1108, .T. ) ;
#736 = CARTESIAN_POINT ( 'NONE',  ( -5.049999999999999822, 10.05000000000000071, 33.99999999999999289 ) ) ;
#737 = VERTEX_POINT ( 'NONE', #654 ) ;
#738 = DIRECTION ( 'NONE',  ( -0.000000000000000000, -0.000000000000000000, 1.000000000000000000 ) ) ;
#739 = CARTESIAN_POINT ( 'NONE',  ( 12.49999999999999467, 17.49999999999999645, 34.99999999999999289 ) ) ;
#740 = VECTOR ( 'NONE', #1299, 1000.000000000000000 ) ;
#741 = DIRECTION ( 'NONE',  ( -1.000000000000000000, -0.000000000000000000, -0.000000000000000000 ) ) ;
#742 = ORIENTED_EDGE ( 'NONE', *, *, #72, .F. ) ;
#743 = VERTEX_POINT ( 'NONE', #213 ) ;
#744 = VECTOR ( 'NONE', #1077, 1000.000000000000000 ) ;
#745 = LINE ( 'NONE', #186, #932 ) ;
#746 = EDGE_CURVE ( 'NONE', #1342, #438, #1314, .T. ) ;
#747 = AXIS2_PLACEMENT_3D ( 'NONE', #1143, #1372, #376 ) ;
#748 = CARTESIAN_POINT ( 'NONE',  ( 13.99999999999999467, -17.50000000000000355, 34.99999999999999289 ) ) ;
#749 = EDGE_LOOP ( 'NONE', ( #341, #496, #1340, #256 ) ) ;
#750 = ORIENTED_EDGE ( 'NONE', *, *, #204, .F. ) ;
#751 = CARTESIAN_POINT ( 'NONE',  ( 10.99999999999999645, -17.50000000000000355, 34.99999999999999289 ) ) ;
#752 = DIRECTION ( 'NONE',  ( -1.000000000000000000, 0.000000000000000000, 0.000000000000000000 ) ) ;
#753 = ADVANCED_FACE ( 'NONE', ( #8 ), #865, .T. ) ;
#754 = LINE ( 'NONE', #60, #343 ) ;
#755 = ORIENTED_EDGE ( 'NONE', *, *, #1339, .T. ) ;
#756 = CIRCLE ( 'NONE', #121, 2.000000000000000000 ) ;
#757 = CYLINDRICAL_SURFACE ( 'NONE', #948, 2.000000000000000000 ) ;
#758 = CARTESIAN_POINT ( 'NONE',  ( 12.49999999999999467, -17.50000000000000355, 34.99999999999999289 ) ) ;
#759 = CARTESIAN_POINT ( 'NONE',  ( -11.00000000000000711, -17.50000000000000355, 34.99999999999999289 ) ) ;
#760 = AXIS2_PLACEMENT_3D ( 'NONE', #1351, #203, #1099 ) ;
#761 = ADVANCED_FACE ( 'NONE', ( #207 ), #1208, .F. ) ;
#762 = EDGE_LOOP ( 'NONE', ( #632, #329 ) ) ;
#763 = DIRECTION ( 'NONE',  ( 1.000000000000000000, -0.000000000000000000, 0.000000000000000000 ) ) ;
#764 = DIRECTION ( 'NONE',  ( -1.000000000000000000, -0.000000000000000000, -0.000000000000000000 ) ) ;
#765 = CARTESIAN_POINT ( 'NONE',  ( -17.50000000000000000, -20.50000000000000355, 34.99999999999999289 ) ) ;
#766 = VECTOR ( 'NONE', #1198, 1000.000000000000000 ) ;
#767 = DIRECTION ( 'NONE',  ( -0.000000000000000000, -0.000000000000000000, 1.000000000000000000 ) ) ;
#768 = EDGE_CURVE ( 'NONE', #132, #637, #1103, .T. ) ;
#769 = ORIENTED_EDGE ( 'NONE', *, *, #1391, .T. ) ;
#770 = CARTESIAN_POINT ( 'NONE',  ( -14.00000000000000533, -17.50000000000000355, 34.99999999999999289 ) ) ;
#771 = CARTESIAN_POINT ( 'NONE',  ( 0.000000000000000000, 0.000000000000000000, 34.99999999999999289 ) ) ;
#772 = VERTEX_POINT ( 'NONE', #316 ) ;
#773 = VERTEX_POINT ( 'NONE', #434 ) ;
#774 = DIRECTION ( 'NONE',  ( -0.000000000000000000, 1.000000000000000000, 0.000000000000000000 ) ) ;
#775 = VERTEX_POINT ( 'NONE', #891 ) ;
#776 = EDGE_CURVE ( 'NONE', #1378, #1165, #565, .T. ) ;
#777 = CARTESIAN_POINT ( 'NONE',  ( 15.50000000000000000, 20.49999999999999645, 34.99999999999999289 ) ) ;
#778 = DIRECTION ( 'NONE',  ( -0.000000000000000000, -0.000000000000000000, 1.000000000000000000 ) ) ;
#779 = VERTEX_POINT ( 'NONE', #770 ) ;
#780 =( BOUNDED_CURVE ( )  B_SPLINE_CURVE ( 3, ( #1144, #139, #253, #372 ),
 .UNSPECIFIED., .F., .T. ) 
 B_SPLINE_CURVE_WITH_KNOTS ( ( 4, 4 ),
 ( 0.000000000000000000, 1.570796326794896558 ),
 .UNSPECIFIED. ) 
 CURVE ( )  GEOMETRIC_REPRESENTATION_ITEM ( )  RATIONAL_B_SPLINE_CURVE ( ( 1.000000000000000000, 0.8047378541243649375, 0.8047378541243649375, 1.000000000000000000 ) ) 
 REPRESENTATION_ITEM ( '' )  );
#781 = ORIENTED_EDGE ( 'NONE', *, *, #360, .T. ) ;
#782 = PLANE ( 'NONE',  #424 ) ;
#783 = ORIENTED_EDGE ( 'NONE', *, *, #1301, .T. ) ;
#784 = AXIS2_PLACEMENT_3D ( 'NONE', #869, #1277, #413 ) ;
#785 = DIRECTION ( 'NONE',  ( -1.000000000000000000, 0.000000000000000000, 0.000000000000000000 ) ) ;
#786 = CARTESIAN_POINT ( 'NONE',  ( 5.500000000000001776, -10.50000000000000533, 30.00000000000000000 ) ) ;
#787 = EDGE_CURVE ( 'NONE', #895, #1378, #661, .T. ) ;
#788 = VECTOR ( 'NONE', #1183, 1000.000000000000000 ) ;
#789 = ORIENTED_EDGE ( 'NONE', *, *, #587, .T. ) ;
#790 = DIRECTION ( 'NONE',  ( -1.000000000000000000, 0.000000000000000000, 0.000000000000000000 ) ) ;
#791 = AXIS2_PLACEMENT_3D ( 'NONE', #359, #1257, #1135 ) ;
#792 = DIRECTION ( 'NONE',  ( 1.387778780781445676E-16, -1.000000000000000000, 0.000000000000000000 ) ) ;
#793 =( BOUNDED_CURVE ( )  B_SPLINE_CURVE ( 3, ( #237, #125, #133, #1139 ),
 .UNSPECIFIED., .F., .F. ) 
 B_SPLINE_CURVE_WITH_KNOTS ( ( 4, 4 ),
 ( 3.141592653589793116, 4.712388980384689674 ),
 .UNSPECIFIED. ) 
 CURVE ( )  GEOMETRIC_REPRESENTATION_ITEM ( )  RATIONAL_B_SPLINE_CURVE ( ( 1.000000000000000000, 0.8047378541243649375, 0.8047378541243649375, 1.000000000000000000 ) ) 
 REPRESENTATION_ITEM ( '' )  );
#794 = ORIENTED_EDGE ( 'NONE', *, *, #303, .T. ) ;
#795 = CARTESIAN_POINT ( 'NONE',  ( -14.00000000000000533, -17.50000000000000355, 30.00000000000000000 ) ) ;
#796 = AXIS2_PLACEMENT_3D ( 'NONE', #467, #1019, #16 ) ;
#797 = ORIENTED_EDGE ( 'NONE', *, *, #99, .T. ) ;
#798 = EDGE_CURVE ( 'NONE', #267, #190, #305, .T. ) ;
#799 = ORIENTED_EDGE ( 'NONE', *, *, #505, .F. ) ;
#800 = CYLINDRICAL_SURFACE ( 'NONE', #1045, 1.000000000000000000 ) ;
#801 = PLANE ( 'NONE',  #1015 ) ;
#802 = ORIENTED_EDGE ( 'NONE', *, *, #84, .T. ) ;
#803 = VECTOR ( 'NONE', #1429, 1000.000000000000000 ) ;
#804 = DIRECTION ( 'NONE',  ( 0.000000000000000000, 1.000000000000000000, -0.000000000000000000 ) ) ;
#805 = ORIENTED_EDGE ( 'NONE', *, *, #461, .T. ) ;
#806 = LINE ( 'NONE', #138, #551 ) ;
#807 = DIRECTION ( 'NONE',  ( 0.000000000000000000, -1.000000000000000000, -0.000000000000000000 ) ) ;
#808 = EDGE_CURVE ( 'NONE', #743, #1256, #671, .T. ) ;
#809 = CARTESIAN_POINT ( 'NONE',  ( 7.500000000000001776, -10.50000000000000533, 0.000000000000000000 ) ) ;
#810 = DIRECTION ( 'NONE',  ( 0.000000000000000000, 1.000000000000000000, 0.000000000000000000 ) ) ;
#811 = DIRECTION ( 'NONE',  ( -0.000000000000000000, -0.000000000000000000, 1.000000000000000000 ) ) ;
#812 = DIRECTION ( 'NONE',  ( -1.000000000000000000, 0.000000000000000000, 0.000000000000000000 ) ) ;
#813 = CARTESIAN_POINT ( 'NONE',  ( 6.049999999999999822, 0.000000000000000000, 1.000000000000000000 ) ) ;
#814 = AXIS2_PLACEMENT_3D ( 'NONE', #23, #1273, #1253 ) ;
#815 = EDGE_CURVE ( 'NONE', #775, #541, #1337, .T. ) ;
#816 = CARTESIAN_POINT ( 'NONE',  ( 7.500000000000000000, 1.040834085586084257E-15, 30.00000000000000000 ) ) ;
#817 = DIRECTION ( 'NONE',  ( 1.000000000000000000, 1.387778780781445676E-16, -0.000000000000000000 ) ) ;
#818 = AXIS2_PLACEMENT_3D ( 'NONE', #1068, #856, #946 ) ;
#819 = CARTESIAN_POINT ( 'NONE',  ( -12.50000000000000533, 17.49999999999999645, 34.99999999999999289 ) ) ;
#820 = EDGE_LOOP ( 'NONE', ( #550, #93, #109, #893 ) ) ;
#821 = DIRECTION ( 'NONE',  ( 0.000000000000000000, 0.000000000000000000, 1.000000000000000000 ) ) ;
#822 = CARTESIAN_POINT ( 'NONE',  ( 10.99999999999999645, 17.49999999999999645, 34.99999999999999289 ) ) ;
#823 = VERTEX_POINT ( 'NONE', #1238 ) ;
#824 = DIRECTION ( 'NONE',  ( -1.000000000000000000, 0.000000000000000000, 0.000000000000000000 ) ) ;
#825 = ADVANCED_FACE ( 'NONE', ( #1423 ), #1096, .T. ) ;
#826 = VERTEX_POINT ( 'NONE', #1434 ) ;
#827 = DIRECTION ( 'NONE',  ( 1.000000000000000000, 0.000000000000000000, 0.000000000000000000 ) ) ;
#828 = EDGE_LOOP ( 'NONE', ( #1435, #1291, #1225, #802 ) ) ;
#829 = CIRCLE ( 'NONE', #198, 0.9999999999999991118 ) ;
#830 = AXIS2_PLACEMENT_3D ( 'NONE', #149, #347, #1355 ) ;
#831 = DIRECTION ( 'NONE',  ( -1.000000000000000000, 0.000000000000000000, 0.000000000000000000 ) ) ;
#832 = CIRCLE ( 'NONE', #967, 2.000000000000000000 ) ;
#833 = ADVANCED_FACE ( 'NONE', ( #686 ), #431, .F. ) ;
#834 = DIRECTION ( 'NONE',  ( -0.000000000000000000, -0.000000000000000000, 1.000000000000000000 ) ) ;
#835 = AXIS2_PLACEMENT_3D ( 'NONE', #443, #1322, #892 ) ;
#836 = DIRECTION ( 'NONE',  ( -0.000000000000000000, -0.000000000000000000, 1.000000000000000000 ) ) ;
#837 = VERTEX_POINT ( 'NONE', #1224 ) ;
#838 = CARTESIAN_POINT ( 'NONE',  ( 7.499999999999998224, 10.49999999999999467, 0.000000000000000000 ) ) ;
#839 = CARTESIAN_POINT ( 'NONE',  ( 6.049999999999999822, -11.05000000000000071, 0.000000000000000000 ) ) ;
#840 = ADVANCED_FACE ( 'NONE', ( #335 ), #782, .F. ) ;
#841 = CIRCLE ( 'NONE', #473, 2.000000000000000000 ) ;
#842 = FACE_OUTER_BOUND ( 'NONE', #327, .T. ) ;
#843 = ORIENTED_EDGE ( 'NONE', *, *, #399, .F. ) ;
#844 = DIRECTION ( 'NONE',  ( 0.000000000000000000, 1.000000000000000000, 0.000000000000000000 ) ) ;
#845 = DIRECTION ( 'NONE',  ( 1.000000000000000000, 0.000000000000000000, 0.000000000000000000 ) ) ;
#846 = CARTESIAN_POINT ( 'NONE',  ( -5.049999999999999822, 10.05000000000000071, 33.99999999999999289 ) ) ;
#847 = EDGE_CURVE ( 'NONE', #772, #462, #1129, .T. ) ;
#848 = ORIENTED_EDGE ( 'NONE', *, *, #505, .T. ) ;
#849 = CARTESIAN_POINT ( 'NONE',  ( 12.49999999999999467, -17.50000000000000355, 30.00000000000000000 ) ) ;
#850 = APPLICATION_CONTEXT ( 'automotive_design' ) ;
#851 = CARTESIAN_POINT ( 'NONE',  ( 7.500000000000000000, 1.040834085586084257E-15, 30.00000000000000000 ) ) ;
#852 = ORIENTED_EDGE ( 'NONE', *, *, #63, .F. ) ;
#853 = EDGE_LOOP ( 'NONE', ( #1275, #395, #419, #996 ) ) ;
#854 = ADVANCED_FACE ( 'NONE', ( #667 ), #573, .F. ) ;
#855 = LINE ( 'NONE', #646, #740 ) ;
#856 = DIRECTION ( 'NONE',  ( 0.000000000000000000, 0.000000000000000000, -1.000000000000000000 ) ) ;
#857 = VECTOR ( 'NONE', #12, 1000.000000000000000 ) ;
#858 = LINE ( 'NONE', #81, #102 ) ;
#859 = EDGE_LOOP ( 'NONE', ( #1039, #563 ) ) ;
#860 = ORIENTED_EDGE ( 'NONE', *, *, #1229, .F. ) ;
#861 = CARTESIAN_POINT ( 'NONE',  ( 5.464213562373093858, 10.46421356237309652, 34.99999999999999289 ) ) ;
#862 = CYLINDRICAL_SURFACE ( 'NONE', #1188, 2.000000000000000000 ) ;
#863 = DIRECTION ( 'NONE',  ( 0.000000000000000000, -0.000000000000000000, -1.000000000000000000 ) ) ;
#864 = EDGE_CURVE ( 'NONE', #190, #267, #188, .T. ) ;
#865 = TOROIDAL_SURFACE ( 'NONE', #1307, 1.000000000000000000, 1.000000000000000000 ) ;
#866 = DIRECTION ( 'NONE',  ( -1.000000000000000000, 0.000000000000000000, 0.000000000000000000 ) ) ;
#867 = ORIENTED_EDGE ( 'NONE', *, *, #486, .F. ) ;
#868 = AXIS2_PLACEMENT_3D ( 'NONE', #698, #469, #374 ) ;
#869 = CARTESIAN_POINT ( 'NONE',  ( 5.499999999999998224, 10.49999999999999467, 0.000000000000000000 ) ) ;
#870 = CARTESIAN_POINT ( 'NONE',  ( -15.50000000000000178, 20.49999999999999289, 30.00000000000000000 ) ) ;
#871 = ADVANCED_FACE ( 'NONE', ( #1016 ), #1106, .T. ) ;
#872 = AXIS2_PLACEMENT_3D ( 'NONE', #877, #885, #648 ) ;
#873 = ORIENTED_EDGE ( 'NONE', *, *, #1196, .T. ) ;
#874 = CARTESIAN_POINT ( 'NONE',  ( -5.049999999999999822, 10.05000000000000071, 34.99999999999999289 ) ) ;
#875 = ORIENTED_EDGE ( 'NONE', *, *, #1289, .F. ) ;
#876 = DIRECTION ( 'NONE',  ( 1.000000000000000000, 0.000000000000000000, 0.000000000000000000 ) ) ;
#877 = CARTESIAN_POINT ( 'NONE',  ( 0.000000000000000000, 12.49999999999999467, 30.00000000000000000 ) ) ;
#878 = EDGE_LOOP ( 'NONE', ( #1298, #1433, #1441, #1414 ) ) ;
#879 = EDGE_CURVE ( 'NONE', #292, #622, #113, .T. ) ;
#880 = ORIENTED_EDGE ( 'NONE', *, *, #1021, .F. ) ;
#881 = AXIS2_PLACEMENT_3D ( 'NONE', #733, #974, #200 ) ;
#882 = DIRECTION ( 'NONE',  ( 0.000000000000000000, 0.000000000000000000, -1.000000000000000000 ) ) ;
#883 = ORIENTED_EDGE ( 'NONE', *, *, #864, .T. ) ;
#884 = DIRECTION ( 'NONE',  ( 0.000000000000000000, 0.000000000000000000, -1.000000000000000000 ) ) ;
#885 = DIRECTION ( 'NONE',  ( 0.000000000000000000, 1.000000000000000000, 0.000000000000000000 ) ) ;
#886 = ORIENTED_EDGE ( 'NONE', *, *, #1181, .T. ) ;
#887 = VERTEX_POINT ( 'NONE', #1335 ) ;
#888 = DIRECTION ( 'NONE',  ( 0.000000000000000000, 0.000000000000000000, -1.000000000000000000 ) ) ;
#889 = ORIENTED_EDGE ( 'NONE', *, *, #1279, .F. ) ;
#890 = EDGE_CURVE ( 'NONE', #779, #1389, #717, .T. ) ;
#891 = CARTESIAN_POINT ( 'NONE',  ( -17.50000000000000000, 20.49999999999999289, 33.99999999999999289 ) ) ;
#892 = DIRECTION ( 'NONE',  ( -1.000000000000000000, 0.000000000000000000, -0.000000000000000000 ) ) ;
#893 = ORIENTED_EDGE ( 'NONE', *, *, #222, .T. ) ;
#894 = LINE ( 'NONE', #241, #297 ) ;
#895 = VERTEX_POINT ( 'NONE', #1113 ) ;
#896 = AXIS2_PLACEMENT_3D ( 'NONE', #447, #1343, #888 ) ;
#897 = EDGE_CURVE ( 'NONE', #627, #934, #829, .T. ) ;
#898 = DIRECTION ( 'NONE',  ( 0.000000000000000000, -0.000000000000000000, 1.000000000000000000 ) ) ;
#899 = ORIENTED_EDGE ( 'NONE', *, *, #798, .T. ) ;
#900 = DIRECTION ( 'NONE',  ( 1.000000000000000000, 0.000000000000000000, 0.000000000000000000 ) ) ;
#901 = ADVANCED_FACE ( 'NONE', ( #353 ), #210, .T. ) ;
#902 = VECTOR ( 'NONE', #1082, 1000.000000000000000 ) ;
#903 = ORIENTED_EDGE ( 'NONE', *, *, #776, .F. ) ;
#904 = DIRECTION ( 'NONE',  ( 0.000000000000000000, 0.000000000000000000, -1.000000000000000000 ) ) ;
#905 = DIRECTION ( 'NONE',  ( 0.000000000000000000, 1.000000000000000000, 0.000000000000000000 ) ) ;
#906 = ORIENTED_EDGE ( 'NONE', *, *, #1189, .T. ) ;
#907 = PRODUCT_DEFINITION_SHAPE ( 'NONE', 'NONE',  #275 ) ;
#908 = DIRECTION ( 'NONE',  ( 0.000000000000000000, 0.000000000000000000, 1.000000000000000000 ) ) ;
#909 = VECTOR ( 'NONE', #595, 1000.000000000000000 ) ;
#910 = CARTESIAN_POINT ( 'NONE',  ( -5.049999999999999822, 10.05000000000000071, 1.000000000000000888 ) ) ;
#911 = ORIENTED_EDGE ( 'NONE', *, *, #54, .F. ) ;
#912 = ADVANCED_FACE ( 'NONE', ( #328 ), #801, .T. ) ;
#913 = FACE_OUTER_BOUND ( 'NONE', #430, .T. ) ;
#914 = DIRECTION ( 'NONE',  ( -1.000000000000000000, 0.000000000000000000, 0.000000000000000000 ) ) ;
#915 = DIRECTION ( 'NONE',  ( -0.000000000000000000, -0.000000000000000000, 1.000000000000000000 ) ) ;
#916 = DIRECTION ( 'NONE',  ( -1.000000000000000000, 0.000000000000000000, 0.000000000000000000 ) ) ;
#917 = UNCERTAINTY_MEASURE_WITH_UNIT (LENGTH_MEASURE( 1.000000000000000082E-05 ), #1148, 'distance_accuracy_value', 'NONE');
#918 = DIRECTION ( 'NONE',  ( -1.000000000000000000, 0.000000000000000000, 0.000000000000000000 ) ) ;
#919 = ORIENTED_EDGE ( 'NONE', *, *, #983, .F. ) ;
#920 = CARTESIAN_POINT ( 'NONE',  ( -17.50000000000000000, 22.49999999999999645, 33.99999999999999289 ) ) ;
#921 = EDGE_CURVE ( 'NONE', #438, #132, #217, .T. ) ;
#922 = LINE ( 'NONE', #30, #1387 ) ;
#923 = DIRECTION ( 'NONE',  ( -0.000000000000000000, -0.000000000000000000, 1.000000000000000000 ) ) ;
#924 = LINE ( 'NONE', #1164, #569 ) ;
#925 = ORIENTED_EDGE ( 'NONE', *, *, #1051, .T. ) ;
#926 = CARTESIAN_POINT ( 'NONE',  ( 6.049999999999999822, -11.05000000000000071, 34.99999999999999289 ) ) ;
#927 = AXIS2_PLACEMENT_3D ( 'NONE', #410, #866, #176 ) ;
#928 = CIRCLE ( 'NONE', #677, 1.499999999999999556 ) ;
#929 = CARTESIAN_POINT ( 'NONE',  ( 15.50000000000000178, -20.50000000000000355, 34.99999999999999289 ) ) ;
#930 = ADVANCED_FACE ( 'NONE', ( #1000 ), #1442, .T. ) ;
#931 = ORIENTED_EDGE ( 'NONE', *, *, #187, .F. ) ;
#932 = VECTOR ( 'NONE', #1080, 1000.000000000000000 ) ;
#933 = CYLINDRICAL_SURFACE ( 'NONE', #242, 2.000000000000000000 ) ;
#934 = VERTEX_POINT ( 'NONE', #562 ) ;
#935 =( LENGTH_UNIT ( ) NAMED_UNIT ( * ) SI_UNIT ( .MILLI., .METRE. ) );
#936 = CARTESIAN_POINT ( 'NONE',  ( 10.99999999999999645, -17.50000000000000355, 34.99999999999999289 ) ) ;
#937 = ORIENTED_EDGE ( 'NONE', *, *, #1008, .T. ) ;
#938 = AXIS2_PLACEMENT_3D ( 'NONE', #106, #1002, #876 ) ;
#939 = EDGE_CURVE ( 'NONE', #336, #1192, #1007, .T. ) ;
#940 = CARTESIAN_POINT ( 'NONE',  ( 5.049999999999999822, -10.05000000000000071, 33.99999999999999289 ) ) ;
#941 =( BOUNDED_CURVE ( )  B_SPLINE_CURVE ( 3, ( #1046, #706, #143, #26 ),
 .UNSPECIFIED., .F., .F. ) 
 B_SPLINE_CURVE_WITH_KNOTS ( ( 4, 4 ),
 ( 3.141592653589793116, 4.712388980384689674 ),
 .UNSPECIFIED. ) 
 CURVE ( )  GEOMETRIC_REPRESENTATION_ITEM ( )  RATIONAL_B_SPLINE_CURVE ( ( 1.000000000000000000, 0.8047378541243649375, 0.8047378541243649375, 1.000000000000000000 ) ) 
 REPRESENTATION_ITEM ( '' )  );
#942 = EDGE_LOOP ( 'NONE', ( #145, #349, #401, #799 ) ) ;
#943 = CYLINDRICAL_SURFACE ( 'NONE', #655, 1.499999999999999556 ) ;
#944 = CYLINDRICAL_SURFACE ( 'NONE', #277, 1.499999999999999556 ) ;
#945 = ORIENTED_EDGE ( 'NONE', *, *, #37, .T. ) ;
#946 = DIRECTION ( 'NONE',  ( -1.000000000000000000, 0.000000000000000000, 0.000000000000000000 ) ) ;
#947 = EDGE_CURVE ( 'NONE', #466, #1192, #1160, .T. ) ;
#948 = AXIS2_PLACEMENT_3D ( 'NONE', #421, #315, #57 ) ;
#949 = SURFACE_STYLE_USAGE ( .BOTH. , #1174 ) ;
#950 = AXIS2_PLACEMENT_3D ( 'NONE', #1420, #1295, #306 ) ;
#951 = CARTESIAN_POINT ( 'NONE',  ( 15.50000000000000000, 20.49999999999999645, 33.99999999999999289 ) ) ;
#952 = ORIENTED_EDGE ( 'NONE', *, *, #921, .T. ) ;
#953 = DIRECTION ( 'NONE',  ( 0.000000000000000000, 0.000000000000000000, -1.000000000000000000 ) ) ;
#954 = VECTOR ( 'NONE', #764, 1000.000000000000000 ) ;
#955 = ADVANCED_FACE ( 'NONE', ( #361 ), #709, .T. ) ;
#956 = LINE ( 'NONE', #748, #788 ) ;
#957 = ORIENTED_EDGE ( 'NONE', *, *, #54, .T. ) ;
#958 = FACE_OUTER_BOUND ( 'NONE', #223, .T. ) ;
#959 = EDGE_CURVE ( 'NONE', #1333, #737, #154, .T. ) ;
#960 = CARTESIAN_POINT ( 'NONE',  ( 5.049999999999999822, -10.05000000000000071, 34.99999999999999289 ) ) ;
#961 = ORIENTED_EDGE ( 'NONE', *, *, #1131, .T. ) ;
#962 = ORIENTED_EDGE ( 'NONE', *, *, #63, .T. ) ;
#963 = CARTESIAN_POINT ( 'NONE',  ( -5.049999999999999822, 10.05000000000000071, 1.000000000000000888 ) ) ;
#964 = CARTESIAN_POINT ( 'NONE',  ( -17.50000000000000000, 22.49999999999999645, 34.99999999999999289 ) ) ;
#965 = AXIS2_PLACEMENT_3D ( 'NONE', #344, #882, #14 ) ;
#966 = EDGE_CURVE ( 'NONE', #660, #837, #392, .T. ) ;
#967 = AXIS2_PLACEMENT_3D ( 'NONE', #1422, #1304, #831 ) ;
#968 = CARTESIAN_POINT ( 'NONE',  ( 13.99999999999999467, 17.49999999999999645, 34.99999999999999289 ) ) ;
#969 = ORIENTED_EDGE ( 'NONE', *, *, #524, .F. ) ;
#970 = ORIENTED_EDGE ( 'NONE', *, *, #144, .F. ) ;
#971 = CIRCLE ( 'NONE', #950, 1.000000000000000888 ) ;
#972 = CARTESIAN_POINT ( 'NONE',  ( 15.50000000000000000, -22.50000000000000355, 30.00000000000000000 ) ) ;
#973 = ADVANCED_FACE ( 'NONE', ( #147 ), #694, .T. ) ;
#974 = DIRECTION ( 'NONE',  ( -0.000000000000000000, -0.000000000000000000, 1.000000000000000000 ) ) ;
#975 = FACE_OUTER_BOUND ( 'NONE', #1119, .T. ) ;
#976 = AXIS2_PLACEMENT_3D ( 'NONE', #234, #591, #1034 ) ;
#977 = AXIS2_PLACEMENT_3D ( 'NONE', #363, #916, #1037 ) ;
#978 = CARTESIAN_POINT ( 'NONE',  ( -6.049999999999999822, 0.000000000000000000, 34.99999999999999289 ) ) ;
#979 = ORIENTED_EDGE ( 'NONE', *, *, #540, .T. ) ;
#980 = DIRECTION ( 'NONE',  ( -0.000000000000000000, -0.000000000000000000, 1.000000000000000000 ) ) ;
#981 = DIRECTION ( 'NONE',  ( 1.000000000000000000, -0.000000000000000000, 0.000000000000000000 ) ) ;
#982 = FACE_OUTER_BOUND ( 'NONE', #1012, .T. ) ;
#983 = EDGE_CURVE ( 'NONE', #651, #233, #922, .T. ) ;
#984 = DIRECTION ( 'NONE',  ( -0.000000000000000000, 1.000000000000000000, 0.000000000000000000 ) ) ;
#985 = ORIENTED_EDGE ( 'NONE', *, *, #1196, .F. ) ;
#986 = CARTESIAN_POINT ( 'NONE',  ( 15.50000000000000178, -20.50000000000000355, 33.99999999999999289 ) ) ;
#987 = CARTESIAN_POINT ( 'NONE',  ( 13.99999999999999467, -17.50000000000000355, 34.99999999999999289 ) ) ;
#988 = ORIENTED_EDGE ( 'NONE', *, *, #653, .T. ) ;
#989 = AXIS2_PLACEMENT_3D ( 'NONE', #308, #278, #726 ) ;
#990 = ORIENTED_EDGE ( 'NONE', *, *, #548, .F. ) ;
#991 = DIRECTION ( 'NONE',  ( -0.000000000000000000, -0.000000000000000000, 1.000000000000000000 ) ) ;
#992 = ORIENTED_EDGE ( 'NONE', *, *, #222, .F. ) ;
#993 = CARTESIAN_POINT ( 'NONE',  ( -5.049999999999999822, -10.05000000000000071, 1.000000000000000000 ) ) ;
#994 = AXIS2_PLACEMENT_3D ( 'NONE', #715, #609, #1066 ) ;
#995 = CARTESIAN_POINT ( 'NONE',  ( 5.049999999999999822, 10.05000000000000071, 1.000000000000000888 ) ) ;
#996 = ORIENTED_EDGE ( 'NONE', *, *, #768, .F. ) ;
#997 = ORIENTED_EDGE ( 'NONE', *, *, #705, .T. ) ;
#998 = EDGE_CURVE ( 'NONE', #1216, #691, #1393, .T. ) ;
#999 = AXIS2_PLACEMENT_3D ( 'NONE', #849, #953, #1201 ) ;
#1000 = FACE_OUTER_BOUND ( 'NONE', #124, .T. ) ;
#1001 = ORIENTED_EDGE ( 'NONE', *, *, #111, .T. ) ;
#1002 = DIRECTION ( 'NONE',  ( -0.000000000000000000, -0.000000000000000000, 1.000000000000000000 ) ) ;
#1003 = CARTESIAN_POINT ( 'NONE',  ( 5.049999999999999822, 10.05000000000000071, 0.4142135623730956451 ) ) ;
#1004 = ORIENTED_EDGE ( 'NONE', *, *, #524, .T. ) ;
#1005 = AXIS2_PLACEMENT_3D ( 'NONE', #1121, #905, #1427 ) ;
#1006 = ORIENTED_EDGE ( 'NONE', *, *, #1226, .T. ) ;
#1007 = LINE ( 'NONE', #1235, #271 ) ;
#1008 = EDGE_CURVE ( 'NONE', #682, #674, #296, .T. ) ;
#1009 = VERTEX_POINT ( 'NONE', #1365 ) ;
#1010 = CARTESIAN_POINT ( 'NONE',  ( -5.049999999999999822, 10.05000000000000071, 33.99999999999999289 ) ) ;
#1011 = AXIS2_PLACEMENT_3D ( 'NONE', #596, #483, #619 ) ;
#1012 = EDGE_LOOP ( 'NONE', ( #783, #988, #549, #224 ) ) ;
#1013 = LINE ( 'NONE', #455, #1184 ) ;
#1014 = ORIENTED_EDGE ( 'NONE', *, *, #1092, .F. ) ;
#1015 = AXIS2_PLACEMENT_3D ( 'NONE', #650, #774, #898 ) ;
#1016 = FACE_OUTER_BOUND ( 'NONE', #239, .T. ) ;
#1017 = ORIENTED_EDGE ( 'NONE', *, *, #515, .T. ) ;
#1018 = CIRCLE ( 'NONE', #11, 1.000000000000000888 ) ;
#1019 = DIRECTION ( 'NONE',  ( -0.000000000000000000, -0.000000000000000000, 1.000000000000000000 ) ) ;
#1020 = CARTESIAN_POINT ( 'NONE',  ( -7.500000000000000000, -1.040834085586084257E-15, 30.00000000000000000 ) ) ;
#1021 = EDGE_CURVE ( 'NONE', #292, #1234, #474, .T. ) ;
#1022 = VECTOR ( 'NONE', #923, 1000.000000000000000 ) ;
#1023 = CARTESIAN_POINT ( 'NONE',  ( 5.049999999999999822, 10.05000000000000071, 33.99999999999999289 ) ) ;
#1024 = CARTESIAN_POINT ( 'NONE',  ( 13.99999999999999467, 17.49999999999999645, 34.99999999999999289 ) ) ;
#1025 = DIRECTION ( 'NONE',  ( 0.000000000000000000, 1.000000000000000000, 0.000000000000000000 ) ) ;
#1026 = PRODUCT ( 'PRT-17', 'PRT-17', '', ( #602 ) ) ;
#1027 = FACE_OUTER_BOUND ( 'NONE', #1250, .T. ) ;
#1028 = CYLINDRICAL_SURFACE ( 'NONE', #1098, 1.000000000000000888 ) ;
#1029 = DIRECTION ( 'NONE',  ( 0.000000000000000000, 0.000000000000000000, 1.000000000000000000 ) ) ;
#1030 = TOROIDAL_SURFACE ( 'NONE', #164, 1.000000000000000000, 1.000000000000000000 ) ;
#1031 = FACE_OUTER_BOUND ( 'NONE', #828, .T. ) ;
#1032 = EDGE_CURVE ( 'NONE', #887, #1009, #780, .T. ) ;
#1033 = ORIENTED_EDGE ( 'NONE', *, *, #1249, .F. ) ;
#1034 = DIRECTION ( 'NONE',  ( -1.000000000000000000, 0.000000000000000000, 0.000000000000000000 ) ) ;
#1035 = CARTESIAN_POINT ( 'NONE',  ( -7.500000000000001776, 10.49999999999999467, 0.000000000000000000 ) ) ;
#1036 = CARTESIAN_POINT ( 'NONE',  ( 16.50000000000000000, -20.50000000000000355, 33.99999999999999289 ) ) ;
#1037 = DIRECTION ( 'NONE',  ( 0.000000000000000000, 0.000000000000000000, 1.000000000000000000 ) ) ;
#1038 = CARTESIAN_POINT ( 'NONE',  ( 7.499999999999998224, 10.49999999999999467, 30.00000000000000000 ) ) ;
#1039 = ORIENTED_EDGE ( 'NONE', *, *, #1403, .F. ) ;
#1040 = ADVANCED_FACE ( 'NONE', ( #1258 ), #386, .T. ) ;
#1041 = CARTESIAN_POINT ( 'NONE',  ( -11.00000000000000711, 17.49999999999999645, 34.99999999999999289 ) ) ;
#1042 = DIRECTION ( 'NONE',  ( 0.000000000000000000, 0.000000000000000000, -1.000000000000000000 ) ) ;
#1043 = CYLINDRICAL_SURFACE ( 'NONE', #814, 1.000000000000000888 ) ;
#1044 = ORIENTED_EDGE ( 'NONE', *, *, #1149, .T. ) ;
#1045 = AXIS2_PLACEMENT_3D ( 'NONE', #813, #693, #904 ) ;
#1046 = CARTESIAN_POINT ( 'NONE',  ( -5.049999999999999822, 10.05000000000000071, 1.000000000000000888 ) ) ;
#1047 =( BOUNDED_CURVE ( )  B_SPLINE_CURVE ( 3, ( #285, #291, #630, #846 ),
 .UNSPECIFIED., .F., .F. ) 
 B_SPLINE_CURVE_WITH_KNOTS ( ( 4, 4 ),
 ( 1.570796326794896558, 3.141592653589793116 ),
 .UNSPECIFIED. ) 
 CURVE ( )  GEOMETRIC_REPRESENTATION_ITEM ( )  RATIONAL_B_SPLINE_CURVE ( ( 1.000000000000000000, 0.8047378541243649375, 0.8047378541243649375, 1.000000000000000000 ) ) 
 REPRESENTATION_ITEM ( '' )  );
#1048 = ORIENTED_EDGE ( 'NONE', *, *, #1069, .F. ) ;
#1049 = CARTESIAN_POINT ( 'NONE',  ( -15.50000000000000178, 20.49999999999999289, 33.99999999999999289 ) ) ;
#1050 = VECTOR ( 'NONE', #52, 1000.000000000000000 ) ;
#1051 = EDGE_CURVE ( 'NONE', #660, #95, #1169, .T. ) ;
#1052 = COLOUR_RGB ( '',0.7921568627450980005, 0.8196078431372548767, 0.9333333333333333481 ) ;
#1053 = PLANE ( 'NONE',  #673 ) ;
#1054 = VERTEX_POINT ( 'NONE', #1146 ) ;
#1055 = FACE_OUTER_BOUND ( 'NONE', #942, .T. ) ;
#1056 = ORIENTED_EDGE ( 'NONE', *, *, #187, .T. ) ;
#1057 = FACE_OUTER_BOUND ( 'NONE', #1231, .T. ) ;
#1058 = ADVANCED_FACE ( 'NONE', ( #140 ), #944, .F. ) ;
#1059 = DIRECTION ( 'NONE',  ( 1.000000000000000000, 0.000000000000000000, 0.000000000000000000 ) ) ;
#1060 = ORIENTED_EDGE ( 'NONE', *, *, #1158, .T. ) ;
#1061 = VECTOR ( 'NONE', #346, 1000.000000000000000 ) ;
#1062 = CARTESIAN_POINT ( 'NONE',  ( -6.049999999999999822, -11.05000000000000071, 0.000000000000000000 ) ) ;
#1063 = CARTESIAN_POINT ( 'NONE',  ( -5.500000000000001776, 12.49999999999999467, 0.000000000000000000 ) ) ;
#1064 = DIRECTION ( 'NONE',  ( -1.000000000000000000, 0.000000000000000000, 0.000000000000000000 ) ) ;
#1065 = VECTOR ( 'NONE', #34, 1000.000000000000000 ) ;
#1066 = DIRECTION ( 'NONE',  ( 0.000000000000000000, 0.000000000000000000, 1.000000000000000000 ) ) ;
#1067 = ORIENTED_EDGE ( 'NONE', *, *, #1431, .F. ) ;
#1068 = CARTESIAN_POINT ( 'NONE',  ( -12.50000000000000533, 17.49999999999999645, 30.00000000000000000 ) ) ;
#1069 = EDGE_CURVE ( 'NONE', #895, #543, #17, .T. ) ;
#1070 = AXIS2_PLACEMENT_3D ( 'NONE', #423, #546, #1430 ) ;
#1071 = SURFACE_STYLE_FILL_AREA ( #174 ) ;
#1072 = LINE ( 'NONE', #851, #744 ) ;
#1073 = EDGE_LOOP ( 'NONE', ( #1017, #354, #49, #990 ) ) ;
#1074 = LINE ( 'NONE', #66, #1373 ) ;
#1075 = AXIS2_PLACEMENT_3D ( 'NONE', #1401, #844, #521 ) ;
#1076 = EDGE_CURVE ( 'NONE', #1192, #1267, #394, .T. ) ;
#1077 = DIRECTION ( 'NONE',  ( 1.387778780781445676E-16, -1.000000000000000000, 0.000000000000000000 ) ) ;
#1078 = ORIENTED_EDGE ( 'NONE', *, *, #123, .T. ) ;
#1079 = ORIENTED_EDGE ( 'NONE', *, *, #607, .F. ) ;
#1080 = DIRECTION ( 'NONE',  ( -0.000000000000000000, -1.000000000000000000, -0.000000000000000000 ) ) ;
#1081 = ADVANCED_FACE ( 'NONE', ( #1027 ), #1043, .T. ) ;
#1082 = DIRECTION ( 'NONE',  ( 1.000000000000000000, 0.000000000000000000, 0.000000000000000000 ) ) ;
#1083 = ORIENTED_EDGE ( 'NONE', *, *, #46, .T. ) ;
#1084 = ORIENTED_EDGE ( 'NONE', *, *, #1131, .F. ) ;
#1085 = LINE ( 'NONE', #1407, #544 ) ;
#1086 = CARTESIAN_POINT ( 'NONE',  ( 5.500000000000001776, -12.50000000000000533, 30.00000000000000000 ) ) ;
#1087 = AXIS2_PLACEMENT_3D ( 'NONE', #38, #1025, #259 ) ;
#1088 = CIRCLE ( 'NONE', #697, 1.499999999999999556 ) ;
#1089 = CIRCLE ( 'NONE', #784, 2.000000000000000000 ) ;
#1090 =( BOUNDED_CURVE ( )  B_SPLINE_CURVE ( 3, ( #995, #1003, #86, #332 ),
 .UNSPECIFIED., .F., .F. ) 
 B_SPLINE_CURVE_WITH_KNOTS ( ( 4, 4 ),
 ( 0.000000000000000000, 1.570796326794896558 ),
 .UNSPECIFIED. ) 
 CURVE ( )  GEOMETRIC_REPRESENTATION_ITEM ( )  RATIONAL_B_SPLINE_CURVE ( ( 1.000000000000000000, 0.8047378541243649375, 0.8047378541243649375, 1.000000000000000000 ) ) 
 REPRESENTATION_ITEM ( '' )  );
#1091 = DIRECTION ( 'NONE',  ( 0.000000000000000000, -0.000000000000000000, 1.000000000000000000 ) ) ;
#1092 = EDGE_CURVE ( 'NONE', #1054, #456, #1280, .T. ) ;
#1093 = ORIENTED_EDGE ( 'NONE', *, *, #1242, .F. ) ;
#1094 = AXIS2_PLACEMENT_3D ( 'NONE', #1154, #1360, #488 ) ;
#1095 = LINE ( 'NONE', #83, #670 ) ;
#1096 = CYLINDRICAL_SURFACE ( 'NONE', #499, 1.000000000000000888 ) ;
#1097 = FACE_BOUND ( 'NONE', #514, .T. ) ;
#1098 = AXIS2_PLACEMENT_3D ( 'NONE', #254, #810, #908 ) ;
#1099 = DIRECTION ( 'NONE',  ( 1.000000000000000000, 0.000000000000000000, 0.000000000000000000 ) ) ;
#1100 = ORIENTED_EDGE ( 'NONE', *, *, #729, .T. ) ;
#1101 = EDGE_CURVE ( 'NONE', #1371, #1324, #42, .T. ) ;
#1102 = CARTESIAN_POINT ( 'NONE',  ( 5.049999999999999822, -10.05000000000000071, 33.99999999999999289 ) ) ;
#1103 = LINE ( 'NONE', #1444, #803 ) ;
#1104 = PLANE ( 'NONE',  #872 ) ;
#1105 = ORIENTED_EDGE ( 'NONE', *, *, #729, .F. ) ;
#1106 = CYLINDRICAL_SURFACE ( 'NONE', #965, 2.000000000000000000 ) ;
#1107 = EDGE_LOOP ( 'NONE', ( #458, #503, #1048, #274 ) ) ;
#1108 = CYLINDRICAL_SURFACE ( 'NONE', #117, 1.000000000000000000 ) ;
#1109 = DIRECTION ( 'NONE',  ( 1.000000000000000000, 0.000000000000000000, 0.000000000000000000 ) ) ;
#1110 = EDGE_CURVE ( 'NONE', #1371, #267, #171, .T. ) ;
#1111 = ORIENTED_EDGE ( 'NONE', *, *, #252, .T. ) ;
#1112 = EDGE_LOOP ( 'NONE', ( #1128, #287, #618, #979 ) ) ;
#1113 = CARTESIAN_POINT ( 'NONE',  ( 16.50000000000000000, -20.50000000000000355, 34.99999999999999289 ) ) ;
#1114 = ORIENTED_EDGE ( 'NONE', *, *, #1176, .T. ) ;
#1115 = CARTESIAN_POINT ( 'NONE',  ( -14.00000000000000533, 17.49999999999999645, 34.99999999999999289 ) ) ;
#1116 = VECTOR ( 'NONE', #369, 1000.000000000000000 ) ;
#1117 = FACE_BOUND ( 'NONE', #859, .T. ) ;
#1118 = ADVANCED_FACE ( 'NONE', ( #273 ), #1053, .T. ) ;
#1119 = EDGE_LOOP ( 'NONE', ( #750, #781, #1223, #610 ) ) ;
#1120 = ORIENTED_EDGE ( 'NONE', *, *, #1138, .F. ) ;
#1121 = CARTESIAN_POINT ( 'NONE',  ( 0.000000000000000000, -12.50000000000000533, 30.00000000000000000 ) ) ;
#1122 = EDGE_LOOP ( 'NONE', ( #1170, #183, #911, #1428 ) ) ;
#1123 = FACE_BOUND ( 'NONE', #762, .T. ) ;
#1124 = ADVANCED_FACE ( 'NONE', ( #723, #710 ), #594, .F. ) ;
#1125 = ORIENTED_EDGE ( 'NONE', *, *, #330, .T. ) ;
#1126 = CARTESIAN_POINT ( 'NONE',  ( 15.50000000000000000, 22.49999999999999645, 30.00000000000000000 ) ) ;
#1127 = VECTOR ( 'NONE', #555, 1000.000000000000000 ) ;
#1128 = ORIENTED_EDGE ( 'NONE', *, *, #808, .F. ) ;
#1129 = LINE ( 'NONE', #439, #688 ) ;
#1130 = ORIENTED_EDGE ( 'NONE', *, *, #617, .F. ) ;
#1131 = EDGE_CURVE ( 'NONE', #104, #178, #156, .T. ) ;
#1132 = CIRCLE ( 'NONE', #1011, 2.000000000000000000 ) ;
#1133 = ORIENTED_EDGE ( 'NONE', *, *, #998, .T. ) ;
#1134 = ORIENTED_EDGE ( 'NONE', *, *, #890, .F. ) ;
#1135 = DIRECTION ( 'NONE',  ( 0.000000000000000000, 0.000000000000000000, -1.000000000000000000 ) ) ;
#1136 = DIRECTION ( 'NONE',  ( 1.734723475976805517E-15, 1.000000000000000000, 0.000000000000000000 ) ) ;
#1137 = ORIENTED_EDGE ( 'NONE', *, *, #1229, .T. ) ;
#1138 = EDGE_CURVE ( 'NONE', #1234, #674, #616, .T. ) ;
#1139 = CARTESIAN_POINT ( 'NONE',  ( 6.049999999999999822, -11.05000000000000071, 34.99999999999999289 ) ) ;
#1140 = DIRECTION ( 'NONE',  ( -1.000000000000000000, 0.000000000000000000, 0.000000000000000000 ) ) ;
#1141 = DIRECTION ( 'NONE',  ( 0.000000000000000000, 0.000000000000000000, -1.000000000000000000 ) ) ;
#1142 = ORIENTED_EDGE ( 'NONE', *, *, #162, .F. ) ;
#1143 = CARTESIAN_POINT ( 'NONE',  ( -5.499999999999998224, -10.50000000000000533, 30.00000000000000000 ) ) ;
#1144 = CARTESIAN_POINT ( 'NONE',  ( -5.049999999999999822, -10.05000000000000071, 33.99999999999999289 ) ) ;
#1145 = AXIS2_PLACEMENT_3D ( 'NONE', #964, #309, #62 ) ;
#1146 = CARTESIAN_POINT ( 'NONE',  ( -5.499999999999998224, -12.50000000000000533, 30.00000000000000000 ) ) ;
#1147 = CARTESIAN_POINT ( 'NONE',  ( -5.500000000000001776, 12.49999999999999467, 30.00000000000000000 ) ) ;
#1148 =( LENGTH_UNIT ( ) NAMED_UNIT ( * ) SI_UNIT ( .MILLI., .METRE. ) );
#1149 = EDGE_CURVE ( 'NONE', #462, #1376, #182, .T. ) ;
#1150 = DIRECTION ( 'NONE',  ( 1.387778780781445676E-16, -1.000000000000000000, 0.000000000000000000 ) ) ;
#1151 = EDGE_LOOP ( 'NONE', ( #805, #300, #114, #100 ) ) ;
#1152 = DIRECTION ( 'NONE',  ( -0.000000000000000000, 0.000000000000000000, -1.000000000000000000 ) ) ;
#1153 = DIRECTION ( 'NONE',  ( 1.000000000000000000, -1.734723475976805319E-15, 0.000000000000000000 ) ) ;
#1154 = CARTESIAN_POINT ( 'NONE',  ( 0.000000000000000000, 0.000000000000000000, 0.000000000000000000 ) ) ;
#1155 =( NAMED_UNIT ( * ) SI_UNIT ( $, .STERADIAN. ) SOLID_ANGLE_UNIT ( ) );
#1156 = DIRECTION ( 'NONE',  ( 1.000000000000000000, 0.000000000000000000, 0.000000000000000000 ) ) ;
#1157 = VERTEX_POINT ( 'NONE', #730 ) ;
#1158 = EDGE_CURVE ( 'NONE', #1333, #895, #319, .T. ) ;
#1159 = DIRECTION ( 'NONE',  ( 1.000000000000000000, 0.000000000000000000, 0.000000000000000000 ) ) ;
#1160 = CIRCLE ( 'NONE', #460, 2.000000000000000000 ) ;
#1161 = DIRECTION ( 'NONE',  ( -0.000000000000000000, -0.000000000000000000, 1.000000000000000000 ) ) ;
#1162 = ORIENTED_EDGE ( 'NONE', *, *, #37, .F. ) ;
#1163 = CIRCLE ( 'NONE', #989, 2.000000000000000000 ) ;
#1164 = CARTESIAN_POINT ( 'NONE',  ( 7.500000000000000000, 1.040834085586084257E-15, 0.000000000000000000 ) ) ;
#1165 = VERTEX_POINT ( 'NONE', #1266 ) ;
#1166 = PRESENTATION_STYLE_ASSIGNMENT (( #949 ) ) ;
#1167 = VECTOR ( 'NONE', #362, 1000.000000000000000 ) ;
#1168 = ADVANCED_FACE ( 'NONE', ( #495 ), #265, .T. ) ;
#1169 = LINE ( 'NONE', #936, #1022 ) ;
#1170 = ORIENTED_EDGE ( 'NONE', *, *, #947, .F. ) ;
#1171 = DIRECTION ( 'NONE',  ( 0.000000000000000000, 0.000000000000000000, 1.000000000000000000 ) ) ;
#1172 = CIRCLE ( 'NONE', #614, 0.9999999999999991118 ) ;
#1173 = CARTESIAN_POINT ( 'NONE',  ( 7.500000000000001776, -10.50000000000000533, 30.00000000000000000 ) ) ;
#1174 = SURFACE_SIDE_STYLE ('',( #1071 ) ) ;
#1175 = CARTESIAN_POINT ( 'NONE',  ( 12.49999999999999467, 17.49999999999999645, 30.00000000000000000 ) ) ;
#1176 = EDGE_CURVE ( 'NONE', #934, #348, #971, .T. ) ;
#1177 = ORIENTED_EDGE ( 'NONE', *, *, #847, .T. ) ;
#1178 =( NAMED_UNIT ( * ) PLANE_ANGLE_UNIT ( ) SI_UNIT ( $, .RADIAN. ) );
#1179 = CARTESIAN_POINT ( 'NONE',  ( 5.499999999999998224, 12.49999999999999467, 0.000000000000000000 ) ) ;
#1180 = ORIENTED_EDGE ( 'NONE', *, *, #46, .F. ) ;
#1181 = EDGE_CURVE ( 'NONE', #525, #110, #1399, .T. ) ;
#1182 = CARTESIAN_POINT ( 'NONE',  ( -15.50000000000000178, -22.50000000000000355, 30.00000000000000000 ) ) ;
#1183 = DIRECTION ( 'NONE',  ( -0.000000000000000000, -0.000000000000000000, 1.000000000000000000 ) ) ;
#1184 = VECTOR ( 'NONE', #21, 1000.000000000000000 ) ;
#1185 = ORIENTED_EDGE ( 'NONE', *, *, #1328, .F. ) ;
#1186 = ORIENTED_EDGE ( 'NONE', *, *, #389, .T. ) ;
#1187 = DIRECTION ( 'NONE',  ( -0.000000000000000000, 1.000000000000000000, -0.000000000000000000 ) ) ;
#1188 = AXIS2_PLACEMENT_3D ( 'NONE', #504, #193, #1409 ) ;
#1189 = EDGE_CURVE ( 'NONE', #466, #104, #1072, .T. ) ;
#1190 = CARTESIAN_POINT ( 'NONE',  ( -12.50000000000000533, 17.49999999999999645, 34.99999999999999289 ) ) ;
#1191 = ORIENTED_EDGE ( 'NONE', *, *, #1032, .F. ) ;
#1192 = VERTEX_POINT ( 'NONE', #405 ) ;
#1193 = LINE ( 'NONE', #1102, #175 ) ;
#1194 = CYLINDRICAL_SURFACE ( 'NONE', #185, 1.000000000000000888 ) ;
#1195 = AXIS2_PLACEMENT_3D ( 'NONE', #870, #538, #785 ) ;
#1196 = EDGE_CURVE ( 'NONE', #1009, #773, #523, .T. ) ;
#1197 = AXIS2_PLACEMENT_3D ( 'NONE', #758, #738, #396 ) ;
#1198 = DIRECTION ( 'NONE',  ( 0.000000000000000000, 1.000000000000000000, 0.000000000000000000 ) ) ;
#1199 = ORIENTED_EDGE ( 'NONE', *, *, #437, .F. ) ;
#1200 = CARTESIAN_POINT ( 'NONE',  ( 5.049999999999999822, 10.05000000000000071, 33.99999999999999289 ) ) ;
#1201 = DIRECTION ( 'NONE',  ( -1.000000000000000000, 0.000000000000000000, 0.000000000000000000 ) ) ;
#1202 = DIRECTION ( 'NONE',  ( -1.000000000000000000, 0.000000000000000000, 0.000000000000000000 ) ) ;
#1203 = VECTOR ( 'NONE', #792, 1000.000000000000000 ) ;
#1204 = LINE ( 'NONE', #635, #902 ) ;
#1205 = ORIENTED_EDGE ( 'NONE', *, *, #404, .F. ) ;
#1206 = TOROIDAL_SURFACE ( 'NONE', #583, 1.000000000000000000, 1.000000000000000000 ) ;
#1207 = DIRECTION ( 'NONE',  ( 1.000000000000000000, 0.000000000000000000, 0.000000000000000000 ) ) ;
#1208 = CYLINDRICAL_SURFACE ( 'NONE', #938, 1.499999999999999556 ) ;
#1209 = DIRECTION ( 'NONE',  ( 0.000000000000000000, 0.000000000000000000, -1.000000000000000000 ) ) ;
#1210 = DIRECTION ( 'NONE',  ( 1.000000000000000000, 0.000000000000000000, 0.000000000000000000 ) ) ;
#1211 = EDGE_LOOP ( 'NONE', ( #1186, #382, #1078, #1292 ) ) ;
#1212 = EDGE_CURVE ( 'NONE', #61, #627, #754, .T. ) ;
#1213 = LINE ( 'NONE', #533, #1438 ) ;
#1214 = DIRECTION ( 'NONE',  ( -0.000000000000000000, -0.000000000000000000, 1.000000000000000000 ) ) ;
#1215 = EDGE_LOOP ( 'NONE', ( #498, #263, #657, #508 ) ) ;
#1216 = VERTEX_POINT ( 'NONE', #298 ) ;
#1217 = DIRECTION ( 'NONE',  ( 0.000000000000000000, 1.000000000000000000, 0.000000000000000000 ) ) ;
#1218 = ORIENTED_EDGE ( 'NONE', *, *, #399, .T. ) ;
#1219 = CARTESIAN_POINT ( 'NONE',  ( 16.50000000000000000, 0.000000000000000000, 34.99999999999999289 ) ) ;
#1220 = CARTESIAN_POINT ( 'NONE',  ( -17.50000000000000000, -22.50000000000000355, 34.99999999999999289 ) ) ;
#1221 = ADVANCED_FACE ( 'NONE', ( #189 ), #1206, .T. ) ;
#1222 = ORIENTED_EDGE ( 'NONE', *, *, #879, .F. ) ;
#1223 = ORIENTED_EDGE ( 'NONE', *, *, #939, .T. ) ;
#1224 = CARTESIAN_POINT ( 'NONE',  ( 13.99999999999999467, -17.50000000000000355, 30.00000000000000000 ) ) ;
#1225 = ORIENTED_EDGE ( 'NONE', *, *, #1279, .T. ) ;
#1226 = EDGE_CURVE ( 'NONE', #773, #1236, #1047, .T. ) ;
#1227 = CYLINDRICAL_SURFACE ( 'NONE', #1323, 2.000000000000000000 ) ;
#1228 = CARTESIAN_POINT ( 'NONE',  ( 12.49999999999999467, 17.49999999999999645, 30.00000000000000000 ) ) ;
#1229 = EDGE_CURVE ( 'NONE', #236, #772, #644, .T. ) ;
#1230 = STYLED_ITEM ( 'NONE', ( #1166 ), #290 ) ;
#1231 = EDGE_LOOP ( 'NONE', ( #240, #445, #899, #1093 ) ) ;
#1232 = ADVANCED_FACE ( 'NONE', ( #418 ), #507, .F. ) ;
#1233 = CARTESIAN_POINT ( 'NONE',  ( 5.049999999999999822, -10.05000000000000071, 34.99999999999999289 ) ) ;
#1234 = VERTEX_POINT ( 'NONE', #1402 ) ;
#1235 = CARTESIAN_POINT ( 'NONE',  ( 0.000000000000000000, 12.49999999999999467, 30.00000000000000000 ) ) ;
#1236 = VERTEX_POINT ( 'NONE', #736 ) ;
#1237 = VECTOR ( 'NONE', #1254, 1000.000000000000000 ) ;
#1238 = CARTESIAN_POINT ( 'NONE',  ( 5.049999999999999822, 10.05000000000000071, 33.99999999999999289 ) ) ;
#1239 = LINE ( 'NONE', #1023, #580 ) ;
#1240 = ORIENTED_EDGE ( 'NONE', *, *, #548, .T. ) ;
#1241 = CARTESIAN_POINT ( 'NONE',  ( 7.500000000000001776, -10.50000000000000533, 0.000000000000000000 ) ) ;
#1242 = EDGE_CURVE ( 'NONE', #1324, #190, #64, .T. ) ;
#1243 = CARTESIAN_POINT ( 'NONE',  ( -15.50000000000000178, 20.49999999999999289, 34.99999999999999289 ) ) ;
#1244 = ORIENTED_EDGE ( 'NONE', *, *, #91, .F. ) ;
#1245 = CARTESIAN_POINT ( 'NONE',  ( 0.000000000000000000, -12.50000000000000533, 0.000000000000000000 ) ) ;
#1246 = AXIS2_PLACEMENT_3D ( 'NONE', #819, #1276, #388 ) ;
#1247 = SHAPE_DEFINITION_REPRESENTATION ( #907, #512 ) ;
#1248 = CARTESIAN_POINT ( 'NONE',  ( -5.049999999999999822, -10.05000000000000071, 0.4142135623730955341 ) ) ;
#1249 = EDGE_CURVE ( 'NONE', #1216, #1389, #68, .T. ) ;
#1250 = EDGE_LOOP ( 'NONE', ( #1125, #919, #1083, #293 ) ) ;
#1251 = CARTESIAN_POINT ( 'NONE',  ( -17.50000000000000000, -20.50000000000000355, 33.99999999999999289 ) ) ;
#1252 = DIRECTION ( 'NONE',  ( -1.000000000000000000, 0.000000000000000000, 0.000000000000000000 ) ) ;
#1253 = DIRECTION ( 'NONE',  ( 0.000000000000000000, 0.000000000000000000, -1.000000000000000000 ) ) ;
#1254 = DIRECTION ( 'NONE',  ( -0.000000000000000000, -0.000000000000000000, 1.000000000000000000 ) ) ;
#1255 = CARTESIAN_POINT ( 'NONE',  ( 17.50000000000000000, -20.50000000000000355, 34.99999999999999289 ) ) ;
#1256 = VERTEX_POINT ( 'NONE', #1286 ) ;
#1257 = DIRECTION ( 'NONE',  ( 0.000000000000000000, -1.000000000000000000, 0.000000000000000000 ) ) ;
#1258 = FACE_OUTER_BOUND ( 'NONE', #406, .T. ) ;
#1259 = CIRCLE ( 'NONE', #999, 1.499999999999999556 ) ;
#1260 = DIRECTION ( 'NONE',  ( -1.387778780781445676E-16, 1.000000000000000000, 0.000000000000000000 ) ) ;
#1261 = FACE_OUTER_BOUND ( 'NONE', #1404, .T. ) ;
#1262 = EDGE_CURVE ( 'NONE', #191, #236, #858, .T. ) ;
#1263 = CARTESIAN_POINT ( 'NONE',  ( -17.50000000000000000, 20.49999999999997868, 30.00000000000000000 ) ) ;
#1264 = ORIENTED_EDGE ( 'NONE', *, *, #99, .F. ) ;
#1265 = LINE ( 'NONE', #368, #490 ) ;
#1266 = CARTESIAN_POINT ( 'NONE',  ( 15.50000000000000000, 21.49999999999999645, 34.99999999999999289 ) ) ;
#1267 = VERTEX_POINT ( 'NONE', #1179 ) ;
#1268 = CYLINDRICAL_SURFACE ( 'NONE', #501, 1.499999999999999556 ) ;
#1269 = VECTOR ( 'NONE', #589, 1000.000000000000000 ) ;
#1270 = ADVANCED_FACE ( 'NONE', ( #842 ), #1302, .F. ) ;
#1271 = ORIENTED_EDGE ( 'NONE', *, *, #270, .F. ) ;
#1272 = DIRECTION ( 'NONE',  ( 1.000000000000000000, 0.000000000000000000, 0.000000000000000000 ) ) ;
#1273 = DIRECTION ( 'NONE',  ( 0.000000000000000000, -1.000000000000000000, 0.000000000000000000 ) ) ;
#1274 = CIRCLE ( 'NONE', #1316, 2.000000000000000000 ) ;
#1275 = ORIENTED_EDGE ( 'NONE', *, *, #515, .F. ) ;
#1276 = DIRECTION ( 'NONE',  ( -0.000000000000000000, -0.000000000000000000, 1.000000000000000000 ) ) ;
#1277 = DIRECTION ( 'NONE',  ( 0.000000000000000000, -0.000000000000000000, -1.000000000000000000 ) ) ;
#1278 = AXIS2_PLACEMENT_3D ( 'NONE', #584, #251, #701 ) ;
#1279 = EDGE_CURVE ( 'NONE', #837, #1344, #956, .T. ) ;
#1280 = LINE ( 'NONE', #280, #1167 ) ;
#1281 = ORIENTED_EDGE ( 'NONE', *, *, #966, .F. ) ;
#1282 = CARTESIAN_POINT ( 'NONE',  ( -15.50000000000000178, -20.50000000000000355, 33.99999999999999289 ) ) ;
#1283 =( GEOMETRIC_REPRESENTATION_CONTEXT ( 3 ) GLOBAL_UNCERTAINTY_ASSIGNED_CONTEXT ( ( #588 ) ) GLOBAL_UNIT_ASSIGNED_CONTEXT ( ( #935, #1178, #289 ) ) REPRESENTATION_CONTEXT ( 'NONE', 'WORKASPACE' ) );
#1284 = FILL_AREA_STYLE_COLOUR ( '', #1052 ) ;
#1285 = EDGE_CURVE ( 'NONE', #1256, #197, #722, .T. ) ;
#1286 = CARTESIAN_POINT ( 'NONE',  ( -14.00000000000000533, 17.49999999999999645, 34.99999999999999289 ) ) ;
#1287 = ORIENTED_EDGE ( 'NONE', *, *, #404, .T. ) ;
#1288 = CARTESIAN_POINT ( 'NONE',  ( 6.049999999999999822, 11.05000000000000071, 34.99999999999999289 ) ) ;
#1289 = EDGE_CURVE ( 'NONE', #574, #47, #1204, .T. ) ;
#1290 = CARTESIAN_POINT ( 'NONE',  ( -17.50000000000000000, 22.49999999999999645, 30.00000000000000000 ) ) ;
#1291 = ORIENTED_EDGE ( 'NONE', *, *, #966, .T. ) ;
#1292 = ORIENTED_EDGE ( 'NONE', *, *, #1289, .T. ) ;
#1293 = CARTESIAN_POINT ( 'NONE',  ( -7.499999999999998224, -10.50000000000000533, 30.00000000000000000 ) ) ;
#1294 = VECTOR ( 'NONE', #915, 1000.000000000000000 ) ;
#1295 = DIRECTION ( 'NONE',  ( 1.000000000000000000, 0.000000000000000000, -0.000000000000000000 ) ) ;
#1296 = CIRCLE ( 'NONE', #373, 2.000000000000000000 ) ;
#1297 = EDGE_LOOP ( 'NONE', ( #789, #925, #731, #889 ) ) ;
#1298 = ORIENTED_EDGE ( 'NONE', *, *, #1440, .T. ) ;
#1299 = DIRECTION ( 'NONE',  ( -1.000000000000000000, -0.000000000000000000, -0.000000000000000000 ) ) ;
#1300 = FACE_OUTER_BOUND ( 'NONE', #1122, .T. ) ;
#1301 = EDGE_CURVE ( 'NONE', #299, #160, #621, .T. ) ;
#1302 = PLANE ( 'NONE',  #927 ) ;
#1303 = EDGE_LOOP ( 'NONE', ( #1114, #1421, #1320, #645 ) ) ;
#1304 = DIRECTION ( 'NONE',  ( -0.000000000000000000, -0.000000000000000000, 1.000000000000000000 ) ) ;
#1305 = DIRECTION ( 'NONE',  ( -0.000000000000000000, -0.000000000000000000, 1.000000000000000000 ) ) ;
#1306 =( BOUNDED_CURVE ( )  B_SPLINE_CURVE ( 3, ( #301, #861, #390, #1200 ),
 .UNSPECIFIED., .F., .F. ) 
 B_SPLINE_CURVE_WITH_KNOTS ( ( 4, 4 ),
 ( 4.712388980384689674, 6.283185307179586232 ),
 .UNSPECIFIED. ) 
 CURVE ( )  GEOMETRIC_REPRESENTATION_ITEM ( )  RATIONAL_B_SPLINE_CURVE ( ( 1.000000000000000000, 0.8047378541243649375, 0.8047378541243649375, 1.000000000000000000 ) ) 
 REPRESENTATION_ITEM ( '' )  );
#1307 = AXIS2_PLACEMENT_3D ( 'NONE', #986, #566, #331 ) ;
#1308 = DIRECTION ( 'NONE',  ( 1.000000000000000000, 0.000000000000000000, 0.000000000000000000 ) ) ;
#1309 = ADVANCED_FACE ( 'NONE', ( #982 ), #681, .F. ) ;
#1310 = AXIS2_PLACEMENT_3D ( 'NONE', #718, #612, #918 ) ;
#1311 = DIRECTION ( 'NONE',  ( -0.000000000000000000, -0.000000000000000000, 1.000000000000000000 ) ) ;
#1312 = ORIENTED_EDGE ( 'NONE', *, *, #67, .T. ) ;
#1313 = FACE_OUTER_BOUND ( 'NONE', #631, .T. ) ;
#1314 = LINE ( 'NONE', #1330, #51 ) ;
#1315 = FACE_BOUND ( 'NONE', #531, .T. ) ;
#1316 = AXIS2_PLACEMENT_3D ( 'NONE', #786, #1214, #107 ) ;
#1317 = ADVANCED_FACE ( 'NONE', ( #1097, #1117, #214, #318, #220, #202 ), #208, .T. ) ;
#1318 = ORIENTED_EDGE ( 'NONE', *, *, #1398, .F. ) ;
#1319 = DIRECTION ( 'NONE',  ( -0.000000000000000000, -0.000000000000000000, 1.000000000000000000 ) ) ;
#1320 = ORIENTED_EDGE ( 'NONE', *, *, #959, .F. ) ;
#1321 = DIRECTION ( 'NONE',  ( -0.000000000000000000, -0.000000000000000000, 1.000000000000000000 ) ) ;
#1322 = DIRECTION ( 'NONE',  ( 0.000000000000000000, 0.000000000000000000, -1.000000000000000000 ) ) ;
#1323 = AXIS2_PLACEMENT_3D ( 'NONE', #545, #441, #89 ) ;
#1324 = VERTEX_POINT ( 'NONE', #662 ) ;
#1325 = ORIENTED_EDGE ( 'NONE', *, *, #998, .F. ) ;
#1326 = ORIENTED_EDGE ( 'NONE', *, *, #84, .F. ) ;
#1327 = DIRECTION ( 'NONE',  ( -0.000000000000000000, -0.000000000000000000, 1.000000000000000000 ) ) ;
#1328 = EDGE_CURVE ( 'NONE', #178, #43, #367, .T. ) ;
#1329 = ORIENTED_EDGE ( 'NONE', *, *, #123, .F. ) ;
#1330 = CARTESIAN_POINT ( 'NONE',  ( 6.049999999999999822, 10.05000000000000071, 0.000000000000000000 ) ) ;
#1331 = DIRECTION ( 'NONE',  ( -1.000000000000000000, 0.000000000000000000, -0.000000000000000000 ) ) ;
#1332 = ORIENTED_EDGE ( 'NONE', *, *, #768, .T. ) ;
#1333 = VERTEX_POINT ( 'NONE', #539 ) ;
#1334 = ORIENTED_EDGE ( 'NONE', *, *, #1366, .T. ) ;
#1335 = CARTESIAN_POINT ( 'NONE',  ( -5.049999999999999822, -10.05000000000000071, 33.99999999999999289 ) ) ;
#1336 = ORIENTED_EDGE ( 'NONE', *, *, #897, .T. ) ;
#1337 = LINE ( 'NONE', #1345, #1061 ) ;
#1338 = CARTESIAN_POINT ( 'NONE',  ( 5.500000000000001776, -10.50000000000000533, 0.000000000000000000 ) ) ;
#1339 = EDGE_CURVE ( 'NONE', #456, #104, #1274, .T. ) ;
#1340 = ORIENTED_EDGE ( 'NONE', *, *, #1176, .F. ) ;
#1341 = LINE ( 'NONE', #920, #98 ) ;
#1342 = VERTEX_POINT ( 'NONE', #90 ) ;
#1343 = DIRECTION ( 'NONE',  ( 1.000000000000000000, 0.000000000000000000, 0.000000000000000000 ) ) ;
#1344 = VERTEX_POINT ( 'NONE', #987 ) ;
#1345 = CARTESIAN_POINT ( 'NONE',  ( -17.50000000000000000, 20.49999999999999289, 34.99999999999999289 ) ) ;
#1346 = VECTOR ( 'NONE', #1367, 1000.000000000000000 ) ;
#1347 = EDGE_CURVE ( 'NONE', #1400, #197, #535, .T. ) ;
#1348 = ORIENTED_EDGE ( 'NONE', *, *, #152, .T. ) ;
#1349 = DIRECTION ( 'NONE',  ( -1.000000000000000000, 0.000000000000000000, 0.000000000000000000 ) ) ;
#1350 = EDGE_LOOP ( 'NONE', ( #211, #526, #440, #6, #126, #1336, #269, #1060 ) ) ;
#1351 = CARTESIAN_POINT ( 'NONE',  ( -12.50000000000000533, -17.50000000000000355, 34.99999999999999289 ) ) ;
#1352 = EDGE_LOOP ( 'NONE', ( #668, #314, #603, #334, #426, #962, #554, #755 ) ) ;
#1353 = VECTOR ( 'NONE', #703, 1000.000000000000000 ) ;
#1354 = LINE ( 'NONE', #1245, #352 ) ;
#1355 = DIRECTION ( 'NONE',  ( 1.000000000000000000, 0.000000000000000000, 0.000000000000000000 ) ) ;
#1356 = CARTESIAN_POINT ( 'NONE',  ( 17.50000000000000000, -22.50000000000000355, 34.99999999999999289 ) ) ;
#1357 = ORIENTED_EDGE ( 'NONE', *, *, #320, .F. ) ;
#1358 = DIRECTION ( 'NONE',  ( -1.000000000000000000, 0.000000000000000000, 0.000000000000000000 ) ) ;
#1359 = DIRECTION ( 'NONE',  ( 0.000000000000000000, 0.000000000000000000, -1.000000000000000000 ) ) ;
#1360 = DIRECTION ( 'NONE',  ( -0.000000000000000000, 0.000000000000000000, 1.000000000000000000 ) ) ;
#1361 = LINE ( 'NONE', #141, #1237 ) ;
#1362 = DIRECTION ( 'NONE',  ( 1.000000000000000000, 0.000000000000000000, 0.000000000000000000 ) ) ;
#1363 = DIRECTION ( 'NONE',  ( 0.000000000000000000, 0.000000000000000000, -1.000000000000000000 ) ) ;
#1364 = FACE_OUTER_BOUND ( 'NONE', #820, .T. ) ;
#1365 = CARTESIAN_POINT ( 'NONE',  ( -6.049999999999999822, -11.05000000000000071, 34.99999999999999289 ) ) ;
#1366 = EDGE_CURVE ( 'NONE', #191, #1165, #177, .T. ) ;
#1367 = DIRECTION ( 'NONE',  ( -0.000000000000000000, 0.000000000000000000, -1.000000000000000000 ) ) ;
#1368 = PLANE ( 'NONE',  #506 ) ;
#1369 = FACE_OUTER_BOUND ( 'NONE', #1297, .T. ) ;
#1370 = AXIS2_PLACEMENT_3D ( 'NONE', #480, #131, #1252 ) ;
#1371 = VERTEX_POINT ( 'NONE', #428 ) ;
#1372 = DIRECTION ( 'NONE',  ( -0.000000000000000000, 0.000000000000000000, -1.000000000000000000 ) ) ;
#1373 = VECTOR ( 'NONE', #516, 1000.000000000000000 ) ;
#1374 = ADVANCED_FACE ( 'NONE', ( #672, #435, #1123, #656, #1315, #557 ), #1437, .F. ) ;
#1375 = DIRECTION ( 'NONE',  ( -1.000000000000000000, 0.000000000000000000, 0.000000000000000000 ) ) ;
#1376 = VERTEX_POINT ( 'NONE', #116 ) ;
#1377 = CARTESIAN_POINT ( 'NONE',  ( -6.049999999999999822, -11.05000000000000071, 0.000000000000000000 ) ) ;
#1378 = VERTEX_POINT ( 'NONE', #310 ) ;
#1379 = DIRECTION ( 'NONE',  ( -0.000000000000000000, -0.000000000000000000, 1.000000000000000000 ) ) ;
#1380 = VECTOR ( 'NONE', #115, 1000.000000000000000 ) ;
#1381 = DIRECTION ( 'NONE',  ( 0.000000000000000000, 0.000000000000000000, 1.000000000000000000 ) ) ;
#1382 = ORIENTED_EDGE ( 'NONE', *, *, #815, .F. ) ;
#1383 = DIRECTION ( 'NONE',  ( 1.000000000000000000, 0.000000000000000000, 0.000000000000000000 ) ) ;
#1384 = ADVANCED_FACE ( 'NONE', ( #975 ), #1104, .T. ) ;
#1385 = DIRECTION ( 'NONE',  ( 1.000000000000000000, 0.000000000000000000, 0.000000000000000000 ) ) ;
#1386 = CARTESIAN_POINT ( 'NONE',  ( -12.50000000000000533, -17.50000000000000355, 34.99999999999999289 ) ) ;
#1387 = VECTOR ( 'NONE', #807, 1000.000000000000000 ) ;
#1388 = CARTESIAN_POINT ( 'NONE',  ( 5.499999999999998224, 12.49999999999999467, 30.00000000000000000 ) ) ;
#1389 = VERTEX_POINT ( 'NONE', #759 ) ;
#1390 = LINE ( 'NONE', #288, #377 ) ;
#1391 = EDGE_CURVE ( 'NONE', #1157, #438, #1090, .T. ) ;
#1392 = CARTESIAN_POINT ( 'NONE',  ( -7.500000000000001776, 10.49999999999999467, 30.00000000000000000 ) ) ;
#1393 = CIRCLE ( 'NONE', #1370, 1.499999999999999556 ) ;
#1394 = DIRECTION ( 'NONE',  ( 0.000000000000000000, 1.000000000000000000, 0.000000000000000000 ) ) ;
#1395 = ORIENTED_EDGE ( 'NONE', *, *, #798, .F. ) ;
#1396 = DIRECTION ( 'NONE',  ( 0.000000000000000000, 0.000000000000000000, 1.000000000000000000 ) ) ;
#1397 = CARTESIAN_POINT ( 'NONE',  ( -17.50000000000000000, -20.50000000000000355, 30.00000000000000000 ) ) ;
#1398 = EDGE_CURVE ( 'NONE', #336, #292, #522, .T. ) ;
#1399 = LINE ( 'NONE', #960, #608 ) ;
#1400 = VERTEX_POINT ( 'NONE', #451 ) ;
#1401 = CARTESIAN_POINT ( 'NONE',  ( 16.50000000000000000, 20.49999999999999289, 33.99999999999999289 ) ) ;
#1402 = CARTESIAN_POINT ( 'NONE',  ( -7.500000000000001776, 10.49999999999999467, 0.000000000000000000 ) ) ;
#1403 = EDGE_CURVE ( 'NONE', #1324, #1371, #1088, .T. ) ;
#1404 = EDGE_LOOP ( 'NONE', ( #165, #15, #1222, #558 ) ) ;
#1405 = AXIS2_PLACEMENT_3D ( 'NONE', #593, #1153, #1136 ) ;
#1406 = EDGE_LOOP ( 'NONE', ( #1067, #444, #101, #1218 ) ) ;
#1407 = CARTESIAN_POINT ( 'NONE',  ( -15.50000000000000178, -22.50000000000000355, 34.99999999999999289 ) ) ;
#1408 = PRODUCT_DEFINITION_FORMATION_WITH_SPECIFIED_SOURCE ( 'ANY', '', #1026, .NOT_KNOWN. ) ;
#1409 = DIRECTION ( 'NONE',  ( -1.000000000000000000, 0.000000000000000000, 0.000000000000000000 ) ) ;
#1410 = VECTOR ( 'NONE', #1411, 1000.000000000000000 ) ;
#1411 = DIRECTION ( 'NONE',  ( -0.000000000000000000, -0.000000000000000000, 1.000000000000000000 ) ) ;
#1412 = AXIS2_PLACEMENT_3D ( 'NONE', #1233, #1358, #821 ) ;
#1413 = EDGE_LOOP ( 'NONE', ( #843, #1134 ) ) ;
#1414 = ORIENTED_EDGE ( 'NONE', *, *, #653, .F. ) ;
#1415 = EDGE_CURVE ( 'NONE', #1165, #1376, #142, .T. ) ;
#1416 = DIRECTION ( 'NONE',  ( -0.000000000000000000, -1.000000000000000000, -0.000000000000000000 ) ) ;
#1417 = CARTESIAN_POINT ( 'NONE',  ( -7.499999999999998224, -10.50000000000000533, 30.00000000000000000 ) ) ;
#1418 = DIRECTION ( 'NONE',  ( 0.000000000000000000, 0.000000000000000000, -1.000000000000000000 ) ) ;
#1419 = CIRCLE ( 'NONE', #796, 1.499999999999999556 ) ;
#1420 = CARTESIAN_POINT ( 'NONE',  ( -15.50000000000000178, -21.50000000000000355, 33.99999999999999289 ) ) ;
#1421 = ORIENTED_EDGE ( 'NONE', *, *, #663, .F. ) ;
#1422 = CARTESIAN_POINT ( 'NONE',  ( -5.499999999999998224, -10.50000000000000533, 30.00000000000000000 ) ) ;
#1423 = FACE_OUTER_BOUND ( 'NONE', #1303, .T. ) ;
#1424 = AXIS2_PLACEMENT_3D ( 'NONE', #536, #1319, #321 ) ;
#1425 = CARTESIAN_POINT ( 'NONE',  ( -11.00000000000000711, 17.49999999999999645, 34.99999999999999289 ) ) ;
#1426 = ADVANCED_FACE ( 'NONE', ( #1261 ), #1368, .F. ) ;
#1427 = DIRECTION ( 'NONE',  ( 0.000000000000000000, -0.000000000000000000, 1.000000000000000000 ) ) ;
#1428 = ORIENTED_EDGE ( 'NONE', *, *, #1076, .F. ) ;
#1429 = DIRECTION ( 'NONE',  ( -0.000000000000000000, -1.000000000000000000, -0.000000000000000000 ) ) ;
#1430 = DIRECTION ( 'NONE',  ( 0.000000000000000000, 0.000000000000000000, -1.000000000000000000 ) ) ;
#1431 = EDGE_CURVE ( 'NONE', #691, #779, #266, .T. ) ;
#1432 = ORIENTED_EDGE ( 'NONE', *, *, #72, .T. ) ;
#1433 = ORIENTED_EDGE ( 'NONE', *, *, #1212, .F. ) ;
#1434 = CARTESIAN_POINT ( 'NONE',  ( 17.50000000000000000, 20.49999999999997868, 30.00000000000000000 ) ) ;
#1435 = ORIENTED_EDGE ( 'NONE', *, *, #1051, .F. ) ;
#1436 = FACE_OUTER_BOUND ( 'NONE', #1073, .T. ) ;
#1437 = PLANE ( 'NONE',  #128 ) ;
#1438 = VECTOR ( 'NONE', #884, 1000.000000000000000 ) ;
#1439 = EDGE_LOOP ( 'NONE', ( #931, #797, #886, #1443 ) ) ;
#1440 = EDGE_CURVE ( 'NONE', #160, #627, #1018, .T. ) ;
#1441 = ORIENTED_EDGE ( 'NONE', *, *, #380, .F. ) ;
#1442 = CYLINDRICAL_SURFACE ( 'NONE', #896, 1.000000000000000888 ) ;
#1443 = ORIENTED_EDGE ( 'NONE', *, *, #721, .T. ) ;
#1444 = CARTESIAN_POINT ( 'NONE',  ( -6.049999999999999822, 0.000000000000000000, 0.000000000000000000 ) ) ;
#1445 = DIRECTION ( 'NONE',  ( -1.000000000000000000, 0.000000000000000000, 0.000000000000000000 ) ) ;
ENDSEC;
END-ISO-10303-21;
