ISO-10303-21;
HEADER;
FILE_DESCRIPTION (( 'STEP AP214' ),
    '1' );
FILE_NAME ('PRT-2.STEP',
    '2025-07-15T12:57:43',
    ( '' ),
    ( '' ),
    'SwSTEP 2.0',
    'SolidWorks 2023',
    '' );
FILE_SCHEMA (( 'AUTOMOTIVE_DESIGN' ));
ENDSEC;

DATA;
#1 = ORIENTED_EDGE ( 'NONE', *, *, #3174, .T. ) ;
#2 = CIRCLE ( 'NONE', #171, 5.199999999999982414 ) ;
#3 = ORIENTED_EDGE ( 'NONE', *, *, #880, .T. ) ;
#4 = CARTESIAN_POINT ( 'NONE',  ( 3.000000000000001776, -25.00000000000000000, 450.0000000000000000 ) ) ;
#5 = EDGE_LOOP ( 'NONE', ( #357, #489, #3511, #1709 ) ) ;
#6 = DIRECTION ( 'NONE',  ( 0.000000000000000000, -1.000000000000000000, 0.000000000000000000 ) ) ;
#7 = DIRECTION ( 'NONE',  ( 0.000000000000000000, 0.000000000000000000, -1.000000000000000000 ) ) ;
#8 = CARTESIAN_POINT ( 'NONE',  ( 3.000000000000001776, 14.99999999999999467, -365.0000000000000000 ) ) ;
#9 = ORIENTED_EDGE ( 'NONE', *, *, #2320, .F. ) ;
#10 = FACE_OUTER_BOUND ( 'NONE', #1724, .T. ) ;
#11 = LINE ( 'NONE', #1665, #1900 ) ;
#12 = EDGE_CURVE ( 'NONE', #3422, #563, #2896, .T. ) ;
#13 = ADVANCED_FACE ( 'NONE', ( #1771 ), #2877, .F. ) ;
#14 = DIRECTION ( 'NONE',  ( -1.000000000000000000, 0.000000000000000000, 0.000000000000000000 ) ) ;
#15 = EDGE_CURVE ( 'NONE', #252, #3302, #132, .T. ) ;
#16 = ADVANCED_FACE ( 'NONE', ( #1209 ), #151, .F. ) ;
#17 = DIRECTION ( 'NONE',  ( 1.000000000000000000, -0.000000000000000000, -0.000000000000000000 ) ) ;
#18 = ORIENTED_EDGE ( 'NONE', *, *, #1899, .T. ) ;
#19 = CARTESIAN_POINT ( 'NONE',  ( -1.561251128379126385E-14, 0.000000000000000000, 395.0000000000000000 ) ) ;
#20 = EDGE_LOOP ( 'NONE', ( #820, #1584, #2275, #694 ) ) ;
#21 = CARTESIAN_POINT ( 'NONE',  ( 0.000000000000000000, 0.000000000000000000, 450.0000000000000000 ) ) ;
#22 = LINE ( 'NONE', #2160, #3115 ) ;
#23 = DIRECTION ( 'NONE',  ( 0.000000000000000000, 0.000000000000000000, 1.000000000000000000 ) ) ;
#24 = CARTESIAN_POINT ( 'NONE',  ( 7.000000000000001776, 5.000000000000000888, 424.5803989154981650 ) ) ;
#25 = ORIENTED_EDGE ( 'NONE', *, *, #3355, .T. ) ;
#26 = CARTESIAN_POINT ( 'NONE',  ( 3.000000000000001776, -15.00000000000000533, 366.5000000000000000 ) ) ;
#27 = CARTESIAN_POINT ( 'NONE',  ( 5.000000000000001776, 32.50000000000000000, 450.0000000000000000 ) ) ;
#28 = CARTESIAN_POINT ( 'NONE',  ( 5.000000000000001776, 32.50000000000000000, -430.0000000000000000 ) ) ;
#29 = EDGE_CURVE ( 'NONE', #3199, #611, #3190, .T. ) ;
#30 = DIRECTION ( 'NONE',  ( 1.000000000000000000, -0.000000000000000000, -0.000000000000000000 ) ) ;
#31 = EDGE_CURVE ( 'NONE', #3368, #1045, #3445, .T. ) ;
#32 = AXIS2_PLACEMENT_3D ( 'NONE', #192, #247, #2418 ) ;
#33 =( GEOMETRIC_REPRESENTATION_CONTEXT ( 3 ) GLOBAL_UNCERTAINTY_ASSIGNED_CONTEXT ( ( #735 ) ) GLOBAL_UNIT_ASSIGNED_CONTEXT ( ( #2251, #1735, #2269 ) ) REPRESENTATION_CONTEXT ( 'NONE', 'WORKASPACE' ) );
#34 = CARTESIAN_POINT ( 'NONE',  ( 7.000000000000000888, 0.000000000000000000, -395.0000000000000000 ) ) ;
#35 = ORIENTED_EDGE ( 'NONE', *, *, #1620, .T. ) ;
#36 = CIRCLE ( 'NONE', #1830, 30.00000000000002842 ) ;
#37 = VECTOR ( 'NONE', #3248, 1000.000000000000000 ) ;
#38 = LINE ( 'NONE', #2244, #2314 ) ;
#39 = EDGE_LOOP ( 'NONE', ( #1064, #658, #2938, #1233 ) ) ;
#40 = LINE ( 'NONE', #616, #2879 ) ;
#41 = CYLINDRICAL_SURFACE ( 'NONE', #167, 1.500000000000001332 ) ;
#42 = DIRECTION ( 'NONE',  ( 1.734723475976807341E-16, 1.000000000000000000, 0.000000000000000000 ) ) ;
#43 = FACE_OUTER_BOUND ( 'NONE', #1762, .T. ) ;
#44 = ORIENTED_EDGE ( 'NONE', *, *, #2206, .F. ) ;
#45 = FACE_OUTER_BOUND ( 'NONE', #3185, .T. ) ;
#46 = LINE ( 'NONE', #1153, #3006 ) ;
#47 = CIRCLE ( 'NONE', #455, 30.00000000000002842 ) ;
#48 = DIRECTION ( 'NONE',  ( 1.000000000000000000, -0.000000000000000000, -0.000000000000000000 ) ) ;
#49 = DIRECTION ( 'NONE',  ( -0.000000000000000000, -0.000000000000000000, -1.000000000000000000 ) ) ;
#50 = VECTOR ( 'NONE', #1145, 1000.000000000000000 ) ;
#51 = CARTESIAN_POINT ( 'NONE',  ( -1.734723475976807094E-14, 0.000000000000000000, -350.0000000000000000 ) ) ;
#52 = ORIENTED_EDGE ( 'NONE', *, *, #1573, .F. ) ;
#53 = VECTOR ( 'NONE', #1095, 1000.000000000000114 ) ;
#54 = DIRECTION ( 'NONE',  ( -1.000000000000000000, 0.000000000000000000, 0.000000000000000000 ) ) ;
#55 = ORIENTED_EDGE ( 'NONE', *, *, #1677, .F. ) ;
#56 = FACE_BOUND ( 'NONE', #915, .T. ) ;
#57 = VERTEX_POINT ( 'NONE', #2091 ) ;
#58 = DIRECTION ( 'NONE',  ( -0.000000000000000000, -0.000000000000000000, 1.000000000000000000 ) ) ;
#59 = EDGE_CURVE ( 'NONE', #330, #3533, #972, .T. ) ;
#60 = CARTESIAN_POINT ( 'NONE',  ( 10.00000000000000533, -10.00000000000000000, 450.0000000000000000 ) ) ;
#61 = EDGE_CURVE ( 'NONE', #1463, #1801, #2768, .T. ) ;
#62 = ORIENTED_EDGE ( 'NONE', *, *, #933, .T. ) ;
#63 = DIRECTION ( 'NONE',  ( 3.469446951953614189E-16, -1.000000000000000000, 0.000000000000000000 ) ) ;
#64 = EDGE_CURVE ( 'NONE', #3439, #2676, #942, .T. ) ;
#65 = FACE_OUTER_BOUND ( 'NONE', #1474, .T. ) ;
#66 = LINE ( 'NONE', #2861, #288 ) ;
#67 = CYLINDRICAL_SURFACE ( 'NONE', #2170, 1.500000000000001332 ) ;
#68 = FACE_OUTER_BOUND ( 'NONE', #3407, .T. ) ;
#69 = ORIENTED_EDGE ( 'NONE', *, *, #1276, .F. ) ;
#70 = DIRECTION ( 'NONE',  ( 1.000000000000000000, -0.000000000000000000, -0.000000000000000000 ) ) ;
#71 = ORIENTED_EDGE ( 'NONE', *, *, #3189, .F. ) ;
#72 = FACE_OUTER_BOUND ( 'NONE', #2909, .T. ) ;
#73 = VERTEX_POINT ( 'NONE', #2046 ) ;
#74 = CARTESIAN_POINT ( 'NONE',  ( 3.000000000000001776, 14.99999999999999467, -425.0000000000000000 ) ) ;
#75 = ORIENTED_EDGE ( 'NONE', *, *, #3091, .F. ) ;
#76 = CARTESIAN_POINT ( 'NONE',  ( 7.000000000000002665, 10.00000000000000000, -450.0000000000000000 ) ) ;
#77 = CARTESIAN_POINT ( 'NONE',  ( 10.00000000000000533, -9.999999999999992895, 423.2842712474619589 ) ) ;
#78 = VERTEX_POINT ( 'NONE', #3176 ) ;
#79 = PLANE ( 'NONE',  #460 ) ;
#80 = DIRECTION ( 'NONE',  ( 0.000000000000000000, 0.000000000000000000, -1.000000000000000000 ) ) ;
#81 = CARTESIAN_POINT ( 'NONE',  ( 3.000000000000001776, -5.000000000000000888, 365.4196010845018918 ) ) ;
#82 = DIRECTION ( 'NONE',  ( 0.000000000000000000, 0.000000000000000000, -1.000000000000000000 ) ) ;
#83 = ORIENTED_EDGE ( 'NONE', *, *, #1687, .F. ) ;
#84 = DIRECTION ( 'NONE',  ( 0.000000000000000000, 1.000000000000000000, -0.000000000000000000 ) ) ;
#85 = AXIS2_PLACEMENT_3D ( 'NONE', #3473, #3489, #2068 ) ;
#86 = AXIS2_PLACEMENT_3D ( 'NONE', #524, #1613, #3237 ) ;
#87 = DIRECTION ( 'NONE',  ( -0.000000000000000000, -0.000000000000000000, -1.000000000000000000 ) ) ;
#88 = ORIENTED_EDGE ( 'NONE', *, *, #3178, .F. ) ;
#89 = AXIS2_PLACEMENT_3D ( 'NONE', #2148, #1400, #2414 ) ;
#90 = CARTESIAN_POINT ( 'NONE',  ( 3.000000000000001776, -15.00000000000000533, -425.0000000000000000 ) ) ;
#91 = VERTEX_POINT ( 'NONE', #1501 ) ;
#92 = DIRECTION ( 'NONE',  ( 0.000000000000000000, 0.000000000000000000, -1.000000000000000000 ) ) ;
#93 = EDGE_CURVE ( 'NONE', #3428, #3167, #2600, .T. ) ;
#94 = VECTOR ( 'NONE', #2330, 1000.000000000000000 ) ;
#95 = FACE_OUTER_BOUND ( 'NONE', #2420, .T. ) ;
#96 = CARTESIAN_POINT ( 'NONE',  ( 7.000000000000001776, 5.000000000000000888, -450.0000000000000000 ) ) ;
#97 = VECTOR ( 'NONE', #317, 1000.000000000000000 ) ;
#98 = CARTESIAN_POINT ( 'NONE',  ( 3.000000000000001776, -15.00000000000000533, -425.0000000000000000 ) ) ;
#99 = EDGE_CURVE ( 'NONE', #1336, #1331, #1210, .T. ) ;
#100 = EDGE_CURVE ( 'NONE', #542, #2611, #1227, .T. ) ;
#101 = VERTEX_POINT ( 'NONE', #3397 ) ;
#102 = DIRECTION ( 'NONE',  ( 1.000000000000000000, -0.000000000000000000, -0.000000000000000000 ) ) ;
#103 = DIRECTION ( 'NONE',  ( 1.000000000000000000, 0.000000000000000000, 0.000000000000000000 ) ) ;
#104 = PLANE ( 'NONE',  #686 ) ;
#105 = CIRCLE ( 'NONE', #1146, 2.499999999999996003 ) ;
#106 = ORIENTED_EDGE ( 'NONE', *, *, #2982, .T. ) ;
#107 = VECTOR ( 'NONE', #785, 1000.000000000000000 ) ;
#108 = DIRECTION ( 'NONE',  ( 0.000000000000000000, 0.000000000000000000, -1.000000000000000000 ) ) ;
#109 = CIRCLE ( 'NONE', #2309, 30.00000000000002842 ) ;
#110 = LINE ( 'NONE', #1200, #2951 ) ;
#111 = VERTEX_POINT ( 'NONE', #2744 ) ;
#112 = CIRCLE ( 'NONE', #520, 30.00000000000004974 ) ;
#113 = DIRECTION ( 'NONE',  ( 1.000000000000000000, -0.000000000000000000, -0.000000000000000000 ) ) ;
#114 = ORIENTED_EDGE ( 'NONE', *, *, #1193, .T. ) ;
#115 = FACE_OUTER_BOUND ( 'NONE', #2662, .T. ) ;
#116 = DIRECTION ( 'NONE',  ( 0.000000000000000000, 0.000000000000000000, -1.000000000000000000 ) ) ;
#117 = DIRECTION ( 'NONE',  ( 1.000000000000000000, -0.000000000000000000, -0.000000000000000000 ) ) ;
#118 = PLANE ( 'NONE',  #1795 ) ;
#119 = DIRECTION ( 'NONE',  ( 0.8571673007021137769, 1.049727191138620421E-16, -0.5150380749100518241 ) ) ;
#120 = DIRECTION ( 'NONE',  ( 1.000000000000000000, -0.000000000000000000, -0.000000000000000000 ) ) ;
#121 = DIRECTION ( 'NONE',  ( -0.000000000000000000, -0.000000000000000000, 1.000000000000000000 ) ) ;
#122 = DIRECTION ( 'NONE',  ( 0.000000000000000000, 0.000000000000000000, -1.000000000000000000 ) ) ;
#123 = EDGE_CURVE ( 'NONE', #1414, #639, #1607, .T. ) ;
#124 = EDGE_CURVE ( 'NONE', #692, #3453, #1311, .T. ) ;
#125 = ORIENTED_EDGE ( 'NONE', *, *, #1002, .F. ) ;
#126 = DIRECTION ( 'NONE',  ( -0.000000000000000000, -0.000000000000000000, -1.000000000000000000 ) ) ;
#127 = DIRECTION ( 'NONE',  ( -0.000000000000000000, -0.000000000000000000, -1.000000000000000000 ) ) ;
#128 = ORIENTED_EDGE ( 'NONE', *, *, #2052, .F. ) ;
#129 = ORIENTED_EDGE ( 'NONE', *, *, #395, .T. ) ;
#130 = LINE ( 'NONE', #3495, #1721 ) ;
#131 = FACE_OUTER_BOUND ( 'NONE', #1436, .T. ) ;
#132 = LINE ( 'NONE', #956, #1093 ) ;
#133 = CARTESIAN_POINT ( 'NONE',  ( 3.000000000000001776, -15.00000000000000533, 427.7499999999999432 ) ) ;
#134 = FACE_BOUND ( 'NONE', #1971, .T. ) ;
#135 = DIRECTION ( 'NONE',  ( 1.000000000000000000, -0.000000000000000000, -0.000000000000000000 ) ) ;
#136 = ORIENTED_EDGE ( 'NONE', *, *, #2890, .F. ) ;
#137 = EDGE_CURVE ( 'NONE', #3297, #2327, #2020, .T. ) ;
#138 = LINE ( 'NONE', #400, #2466 ) ;
#139 = ORIENTED_EDGE ( 'NONE', *, *, #2096, .F. ) ;
#140 = EDGE_CURVE ( 'NONE', #1799, #410, #2705, .T. ) ;
#141 = ORIENTED_EDGE ( 'NONE', *, *, #1786, .F. ) ;
#142 = VERTEX_POINT ( 'NONE', #1589 ) ;
#143 = ORIENTED_EDGE ( 'NONE', *, *, #849, .F. ) ;
#144 = FACE_OUTER_BOUND ( 'NONE', #985, .T. ) ;
#145 = CIRCLE ( 'NONE', #2751, 1.500000000000001332 ) ;
#146 = CIRCLE ( 'NONE', #2456, 2.499999999999990230 ) ;
#147 = EDGE_CURVE ( 'NONE', #1283, #721, #768, .T. ) ;
#148 = DIRECTION ( 'NONE',  ( 1.000000000000000000, -0.000000000000000000, -0.000000000000000000 ) ) ;
#149 = VECTOR ( 'NONE', #1206, 1000.000000000000000 ) ;
#150 = CIRCLE ( 'NONE', #612, 30.00000000000004974 ) ;
#151 = CYLINDRICAL_SURFACE ( 'NONE', #2711, 30.00000000000002842 ) ;
#152 = CARTESIAN_POINT ( 'NONE',  ( 10.00000000000000533, 10.00000000000000000, 450.0000000000000000 ) ) ;
#153 = CIRCLE ( 'NONE', #3568, 1.500000000000001332 ) ;
#154 = LINE ( 'NONE', #1506, #965 ) ;
#155 = DIRECTION ( 'NONE',  ( -0.000000000000000000, -0.000000000000000000, -1.000000000000000000 ) ) ;
#156 = ORIENTED_EDGE ( 'NONE', *, *, #2583, .F. ) ;
#157 = CARTESIAN_POINT ( 'NONE',  ( 1.750000000000002442, 14.99999999999999467, 365.0000000000000000 ) ) ;
#158 = ORIENTED_EDGE ( 'NONE', *, *, #3294, .T. ) ;
#159 = AXIS2_PLACEMENT_3D ( 'NONE', #2682, #2107, #3286 ) ;
#160 = ORIENTED_EDGE ( 'NONE', *, *, #2683, .F. ) ;
#161 = AXIS2_PLACEMENT_3D ( 'NONE', #1647, #2472, #1105 ) ;
#162 = ORIENTED_EDGE ( 'NONE', *, *, #2666, .F. ) ;
#163 = ORIENTED_EDGE ( 'NONE', *, *, #1988, .T. ) ;
#164 = DIRECTION ( 'NONE',  ( 1.000000000000000000, -0.000000000000000000, -0.000000000000000000 ) ) ;
#165 = AXIS2_PLACEMENT_3D ( 'NONE', #2410, #3372, #1098 ) ;
#166 = EDGE_CURVE ( 'NONE', #3494, #3250, #2360, .T. ) ;
#167 = AXIS2_PLACEMENT_3D ( 'NONE', #913, #1184, #642 ) ;
#168 = VECTOR ( 'NONE', #1910, 1000.000000000000000 ) ;
#169 = LINE ( 'NONE', #3226, #3121 ) ;
#170 = EDGE_CURVE ( 'NONE', #111, #78, #861, .T. ) ;
#171 = AXIS2_PLACEMENT_3D ( 'NONE', #3406, #3367, #2054 ) ;
#172 = DIRECTION ( 'NONE',  ( 0.000000000000000000, 0.000000000000000000, 1.000000000000000000 ) ) ;
#173 = EDGE_CURVE ( 'NONE', #3253, #343, #2391, .T. ) ;
#174 = EDGE_CURVE ( 'NONE', #2973, #196, #1334, .T. ) ;
#175 = FACE_OUTER_BOUND ( 'NONE', #3366, .T. ) ;
#176 = DIRECTION ( 'NONE',  ( 1.000000000000000000, 0.000000000000000000, 0.000000000000000000 ) ) ;
#177 = CARTESIAN_POINT ( 'NONE',  ( 3.000000000000001776, 0.000000000000000000, 395.0000000000000000 ) ) ;
#178 = ORIENTED_EDGE ( 'NONE', *, *, #677, .F. ) ;
#179 = DIRECTION ( 'NONE',  ( 1.000000000000000000, 1.734723475976807341E-16, -0.000000000000000000 ) ) ;
#180 = ORIENTED_EDGE ( 'NONE', *, *, #517, .F. ) ;
#181 = ORIENTED_EDGE ( 'NONE', *, *, #137, .T. ) ;
#182 = ORIENTED_EDGE ( 'NONE', *, *, #255, .T. ) ;
#183 = ORIENTED_EDGE ( 'NONE', *, *, #702, .F. ) ;
#184 = DIRECTION ( 'NONE',  ( 0.000000000000000000, -1.000000000000000000, 0.000000000000000000 ) ) ;
#185 = CARTESIAN_POINT ( 'NONE',  ( -1.647987302177966740E-14, 14.99999999999999467, -425.0000000000000000 ) ) ;
#186 = SURFACE_STYLE_USAGE ( .BOTH. , #1077 ) ;
#187 = ORIENTED_EDGE ( 'NONE', *, *, #2735, .T. ) ;
#188 = CARTESIAN_POINT ( 'NONE',  ( 3.000000000000001776, 25.00000000000000000, -411.5831239517771110 ) ) ;
#189 = DIRECTION ( 'NONE',  ( -1.000000000000000000, 0.000000000000000000, 0.000000000000000000 ) ) ;
#190 = DIRECTION ( 'NONE',  ( -8.673617379884035472E-16, 1.000000000000000000, -0.000000000000000000 ) ) ;
#191 = ORIENTED_EDGE ( 'NONE', *, *, #2601, .T. ) ;
#192 = CARTESIAN_POINT ( 'NONE',  ( -1.561251128379126385E-14, 0.000000000000000000, -395.0000000000000000 ) ) ;
#193 = ORIENTED_EDGE ( 'NONE', *, *, #3488, .T. ) ;
#194 = VERTEX_POINT ( 'NONE', #1061 ) ;
#195 = VERTEX_POINT ( 'NONE', #2161 ) ;
#196 = VERTEX_POINT ( 'NONE', #3261 ) ;
#197 = DIRECTION ( 'NONE',  ( 0.000000000000000000, 0.000000000000000000, -1.000000000000000000 ) ) ;
#198 = DIRECTION ( 'NONE',  ( 1.000000000000000000, 1.734723475976807341E-16, -0.000000000000000000 ) ) ;
#199 = EDGE_CURVE ( 'NONE', #3494, #1342, #1894, .T. ) ;
#200 = AXIS2_PLACEMENT_3D ( 'NONE', #3478, #2408, #2122 ) ;
#201 = AXIS2_PLACEMENT_3D ( 'NONE', #3106, #3433, #2062 ) ;
#202 = EDGE_CURVE ( 'NONE', #309, #611, #1559, .T. ) ;
#203 = ORIENTED_EDGE ( 'NONE', *, *, #766, .F. ) ;
#204 = LINE ( 'NONE', #1004, #1944 ) ;
#205 = DIRECTION ( 'NONE',  ( -0.000000000000000000, -0.000000000000000000, -1.000000000000000000 ) ) ;
#206 = AXIS2_PLACEMENT_3D ( 'NONE', #2900, #1261, #3448 ) ;
#207 = CARTESIAN_POINT ( 'NONE',  ( 3.000000000000001776, 14.99999999999999467, -427.7499999999999432 ) ) ;
#208 = EDGE_CURVE ( 'NONE', #1852, #675, #2727, .T. ) ;
#209 = ORIENTED_EDGE ( 'NONE', *, *, #2185, .T. ) ;
#210 = CARTESIAN_POINT ( 'NONE',  ( 7.000000000000001776, -5.000000000000000888, -365.4196010845018918 ) ) ;
#211 = ORIENTED_EDGE ( 'NONE', *, *, #2666, .T. ) ;
#212 = ORIENTED_EDGE ( 'NONE', *, *, #236, .T. ) ;
#213 = ORIENTED_EDGE ( 'NONE', *, *, #1767, .F. ) ;
#214 = ORIENTED_EDGE ( 'NONE', *, *, #3461, .F. ) ;
#215 = DIRECTION ( 'NONE',  ( 1.000000000000000000, -0.000000000000000000, -0.000000000000000000 ) ) ;
#216 = VECTOR ( 'NONE', #2732, 1000.000000000000000 ) ;
#217 = CARTESIAN_POINT ( 'NONE',  ( 7.000000000000000888, 20.00000000000000000, 450.0000000000000000 ) ) ;
#218 = ORIENTED_EDGE ( 'NONE', *, *, #1946, .F. ) ;
#219 = VECTOR ( 'NONE', #1278, 1000.000000000000000 ) ;
#220 = PLANE ( 'NONE',  #2307 ) ;
#221 = VECTOR ( 'NONE', #3101, 1000.000000000000000 ) ;
#222 = DIRECTION ( 'NONE',  ( -1.000000000000000000, -8.673617379884035472E-16, 0.000000000000000000 ) ) ;
#223 = CARTESIAN_POINT ( 'NONE',  ( 10.00000000000000533, -20.00000000000000000, 417.3606797749979478 ) ) ;
#224 = CONICAL_SURFACE ( 'NONE', #2714, 2.749999999999974687, 0.7853981633974490562 ) ;
#225 = VERTEX_POINT ( 'NONE', #242 ) ;
#226 = FACE_BOUND ( 'NONE', #3349, .T. ) ;
#227 = CARTESIAN_POINT ( 'NONE',  ( 7.000000000000001776, -5.000000000000000888, 450.0000000000000000 ) ) ;
#228 = AXIS2_PLACEMENT_3D ( 'NONE', #751, #1309, #3479 ) ;
#229 = LINE ( 'NONE', #793, #2647 ) ;
#230 = CIRCLE ( 'NONE', #2257, 1.500000000000001332 ) ;
#231 = FACE_OUTER_BOUND ( 'NONE', #837, .T. ) ;
#232 = ADVANCED_FACE ( 'NONE', ( #1913 ), #2532, .F. ) ;
#233 = ORIENTED_EDGE ( 'NONE', *, *, #1915, .F. ) ;
#234 = ORIENTED_EDGE ( 'NONE', *, *, #3109, .F. ) ;
#235 = ORIENTED_EDGE ( 'NONE', *, *, #3218, .T. ) ;
#236 = EDGE_CURVE ( 'NONE', #1312, #250, #2963, .T. ) ;
#237 = ORIENTED_EDGE ( 'NONE', *, *, #61, .T. ) ;
#238 = CARTESIAN_POINT ( 'NONE',  ( 3.000000000000001776, -15.00000000000000533, -362.2500000000000000 ) ) ;
#239 = LINE ( 'NONE', #1348, #168 ) ;
#240 = ORIENTED_EDGE ( 'NONE', *, *, #2503, .F. ) ;
#241 = CARTESIAN_POINT ( 'NONE',  ( 7.499999999999998224, 32.50000000000000000, -430.0000000000000000 ) ) ;
#242 = CARTESIAN_POINT ( 'NONE',  ( 10.00000000000000533, 10.00000000000000000, -366.7157287525380411 ) ) ;
#243 = CARTESIAN_POINT ( 'NONE',  ( -1.561251128379126385E-14, 0.000000000000000000, -395.0000000000000000 ) ) ;
#244 = ORIENTED_EDGE ( 'NONE', *, *, #2962, .T. ) ;
#245 = DIRECTION ( 'NONE',  ( -1.000000000000000000, 0.000000000000000000, 0.000000000000000000 ) ) ;
#246 = CARTESIAN_POINT ( 'NONE',  ( 3.000000000000001776, 0.000000000000000000, -395.0000000000000000 ) ) ;
#247 = DIRECTION ( 'NONE',  ( 1.000000000000000000, -0.000000000000000000, -0.000000000000000000 ) ) ;
#248 = EDGE_CURVE ( 'NONE', #2457, #1096, #3228, .T. ) ;
#249 = MANIFOLD_SOLID_BREP ( 'CSK for M5 Flat Head Machine Screw2', #744 ) ;
#250 = VERTEX_POINT ( 'NONE', #2497 ) ;
#251 = EDGE_CURVE ( 'NONE', #1096, #3028, #2080, .T. ) ;
#252 = VERTEX_POINT ( 'NONE', #3304 ) ;
#253 = VERTEX_POINT ( 'NONE', #840 ) ;
#254 = LINE ( 'NONE', #803, #2512 ) ;
#255 = EDGE_CURVE ( 'NONE', #2086, #3221, #3338, .T. ) ;
#256 = CARTESIAN_POINT ( 'NONE',  ( 3.000000000000001776, -15.00000000000000533, 425.0000000000000000 ) ) ;
#257 = ORIENTED_EDGE ( 'NONE', *, *, #1813, .F. ) ;
#258 = DIRECTION ( 'NONE',  ( 0.000000000000000000, 0.000000000000000000, -1.000000000000000000 ) ) ;
#259 = ADVANCED_FACE ( 'NONE', ( #892, #3102 ), #2000, .F. ) ;
#260 = FACE_OUTER_BOUND ( 'NONE', #3100, .T. ) ;
#261 = CARTESIAN_POINT ( 'NONE',  ( -1.561251128379126385E-14, -10.00000000000000000, -423.2842712474619589 ) ) ;
#262 = VERTEX_POINT ( 'NONE', #3071 ) ;
#263 = CARTESIAN_POINT ( 'NONE',  ( 2.500000000000008882, 32.50000000000000000, 450.0000000000000000 ) ) ;
#264 = CYLINDRICAL_SURFACE ( 'NONE', #1500, 2.499999999999992895 ) ;
#265 = CONICAL_SURFACE ( 'NONE', #613, 2.499999999999996003, 1.029744258676657198 ) ;
#266 = CIRCLE ( 'NONE', #3157, 2.749999999999974687 ) ;
#267 = AXIS2_PLACEMENT_3D ( 'NONE', #392, #1773, #1244 ) ;
#268 = CARTESIAN_POINT ( 'NONE',  ( 5.000000000000001776, -32.50000000000000000, -430.0000000000000000 ) ) ;
#269 = VERTEX_POINT ( 'NONE', #60 ) ;
#270 = CONICAL_SURFACE ( 'NONE', #2112, 5.199999999999982414, 0.7853981633974481680 ) ;
#271 = ORIENTED_EDGE ( 'NONE', *, *, #2317, .T. ) ;
#272 = FACE_OUTER_BOUND ( 'NONE', #3389, .T. ) ;
#273 = EDGE_LOOP ( 'NONE', ( #1568, #1397, #420, #3159 ) ) ;
#274 = CARTESIAN_POINT ( 'NONE',  ( -1.647987302177966740E-14, 14.99999999999999467, 366.5000000000000000 ) ) ;
#275 = ADVANCED_FACE ( 'NONE', ( #2250 ), #1968, .F. ) ;
#276 = EDGE_CURVE ( 'NONE', #634, #3559, #109, .T. ) ;
#277 = AXIS2_PLACEMENT_3D ( 'NONE', #2110, #2656, #1262 ) ;
#278 = DIRECTION ( 'NONE',  ( 0.000000000000000000, 0.000000000000000000, -1.000000000000000000 ) ) ;
#279 = ADVANCED_FACE ( 'NONE', ( #260 ), #550, .F. ) ;
#280 = ORIENTED_EDGE ( 'NONE', *, *, #2941, .F. ) ;
#281 = CARTESIAN_POINT ( 'NONE',  ( 2.500000000000005773, -32.50000000000000000, 430.0000000000000000 ) ) ;
#282 = PLANE ( 'NONE',  #1847 ) ;
#283 = ADVANCED_FACE ( 'NONE', ( #2794 ), #2479, .F. ) ;
#284 = ADVANCED_FACE ( 'NONE', ( #2485 ), #619, .F. ) ;
#285 = CONICAL_SURFACE ( 'NONE', #2599, 2.499999999999996003, 1.029744258676657198 ) ;
#286 = CARTESIAN_POINT ( 'NONE',  ( -1.647987302177966740E-14, -15.00000000000000533, -426.5000000000000000 ) ) ;
#287 = VERTEX_POINT ( 'NONE', #1417 ) ;
#288 = VECTOR ( 'NONE', #1174, 1000.000000000000000 ) ;
#289 = CARTESIAN_POINT ( 'NONE',  ( 3.000000000000001776, 14.99999999999999467, 362.2500000000000000 ) ) ;
#290 = ORIENTED_EDGE ( 'NONE', *, *, #2236, .F. ) ;
#291 = CARTESIAN_POINT ( 'NONE',  ( 3.000000000000001776, -15.00000000000000533, -367.7499999999999432 ) ) ;
#292 = ORIENTED_EDGE ( 'NONE', *, *, #3454, .F. ) ;
#293 = DIRECTION ( 'NONE',  ( 1.000000000000000000, -0.000000000000000000, -0.000000000000000000 ) ) ;
#294 = FACE_OUTER_BOUND ( 'NONE', #2427, .T. ) ;
#295 = DIRECTION ( 'NONE',  ( 1.000000000000000000, -0.000000000000000000, -0.000000000000000000 ) ) ;
#296 = DIRECTION ( 'NONE',  ( 0.7071067811865470176, 8.659560562354940254E-17, 0.7071067811865481278 ) ) ;
#297 = ORIENTED_EDGE ( 'NONE', *, *, #3156, .T. ) ;
#298 = CARTESIAN_POINT ( 'NONE',  ( 7.000000000000001776, 5.000000000000000888, 450.0000000000000000 ) ) ;
#299 = ADVANCED_FACE ( 'NONE', ( #2467 ), #1948, .F. ) ;
#300 = FACE_BOUND ( 'NONE', #3116, .T. ) ;
#301 = DIRECTION ( 'NONE',  ( -0.000000000000000000, -0.000000000000000000, -1.000000000000000000 ) ) ;
#302 = DIRECTION ( 'NONE',  ( 0.000000000000000000, 0.000000000000000000, 1.000000000000000000 ) ) ;
#303 = ORIENTED_EDGE ( 'NONE', *, *, #1115, .F. ) ;
#304 = CARTESIAN_POINT ( 'NONE',  ( 10.00000000000000533, 0.000000000000000000, -395.0000000000000000 ) ) ;
#305 = ORIENTED_EDGE ( 'NONE', *, *, #431, .F. ) ;
#306 = DIRECTION ( 'NONE',  ( -1.000000000000000000, 0.000000000000000000, 0.000000000000000000 ) ) ;
#307 = CARTESIAN_POINT ( 'NONE',  ( 7.000000000000000888, 20.00000000000000000, 372.6393202250020522 ) ) ;
#308 = DIRECTION ( 'NONE',  ( 1.000000000000000000, 1.734723475976806848E-16, -0.000000000000000000 ) ) ;
#309 = VERTEX_POINT ( 'NONE', #1929 ) ;
#310 = CARTESIAN_POINT ( 'NONE',  ( 7.000000000000001776, 25.00000000000000000, -450.0000000000000000 ) ) ;
#311 = CARTESIAN_POINT ( 'NONE',  ( 7.000000000000002665, 10.00000000000000000, 450.0000000000000000 ) ) ;
#312 = FACE_OUTER_BOUND ( 'NONE', #3136, .T. ) ;
#313 = AXIS2_PLACEMENT_3D ( 'NONE', #1294, #1843, #481 ) ;
#314 = CARTESIAN_POINT ( 'NONE',  ( -1.647987302177966740E-14, -15.00000000000000533, 365.0000000000000000 ) ) ;
#315 = EDGE_CURVE ( 'NONE', #73, #1852, #1711, .T. ) ;
#316 = ADVANCED_FACE ( 'NONE', ( #2517 ), #3051, .F. ) ;
#317 = DIRECTION ( 'NONE',  ( -0.000000000000000000, -0.000000000000000000, -1.000000000000000000 ) ) ;
#318 = ORIENTED_EDGE ( 'NONE', *, *, #851, .F. ) ;
#319 = AXIS2_PLACEMENT_3D ( 'NONE', #2490, #557, #2524 ) ;
#320 = ADVANCED_FACE ( 'NONE', ( #2781 ), #2770, .F. ) ;
#321 = ADVANCED_FACE ( 'NONE', ( #3125 ), #1461, .F. ) ;
#322 = CIRCLE ( 'NONE', #3566, 2.749999999999974687 ) ;
#323 = LINE ( 'NONE', #3080, #2031 ) ;
#324 = ORIENTED_EDGE ( 'NONE', *, *, #255, .F. ) ;
#325 = DIRECTION ( 'NONE',  ( -0.000000000000000000, -0.000000000000000000, -1.000000000000000000 ) ) ;
#326 = VERTEX_POINT ( 'NONE', #2284 ) ;
#327 = CARTESIAN_POINT ( 'NONE',  ( 3.000000000000001776, -15.00000000000000533, 362.2500000000000000 ) ) ;
#328 = CARTESIAN_POINT ( 'NONE',  ( 3.000000000000001776, 14.99999999999999467, 365.0000000000000000 ) ) ;
#329 = PRODUCT_CONTEXT ( 'NONE', #3492, 'mechanical' ) ;
#330 = VERTEX_POINT ( 'NONE', #2308 ) ;
#331 = DIRECTION ( 'NONE',  ( 1.000000000000000000, -0.000000000000000000, -0.000000000000000000 ) ) ;
#332 = AXIS2_PLACEMENT_3D ( 'NONE', #3449, #155, #2584 ) ;
#333 = CARTESIAN_POINT ( 'NONE',  ( -1.561251128379126385E-14, 0.000000000000000000, 395.0000000000000000 ) ) ;
#334 = VECTOR ( 'NONE', #3245, 1000.000000000000000 ) ;
#335 = CONICAL_SURFACE ( 'NONE', #804, 2.749999999999974687, 0.7853981633974490562 ) ;
#336 = CYLINDRICAL_SURFACE ( 'NONE', #2603, 1.500000000000001332 ) ;
#337 = CARTESIAN_POINT ( 'NONE',  ( 3.000000000000001776, -15.00000000000000533, 427.7499999999999432 ) ) ;
#338 = VECTOR ( 'NONE', #2730, 1000.000000000000000 ) ;
#339 = CARTESIAN_POINT ( 'NONE',  ( 7.000000000000001776, -25.00000000000000000, -450.0000000000000000 ) ) ;
#340 = VECTOR ( 'NONE', #2793, 1000.000000000000000 ) ;
#341 = AXIS2_PLACEMENT_3D ( 'NONE', #531, #580, #1073 ) ;
#342 = LINE ( 'NONE', #870, #3276 ) ;
#343 = VERTEX_POINT ( 'NONE', #77 ) ;
#344 = CIRCLE ( 'NONE', #341, 30.00000000000004974 ) ;
#345 = EDGE_CURVE ( 'NONE', #362, #987, #1751, .T. ) ;
#346 = DIRECTION ( 'NONE',  ( 1.000000000000000000, 0.000000000000000000, -0.000000000000000000 ) ) ;
#347 = ORIENTED_EDGE ( 'NONE', *, *, #251, .T. ) ;
#348 = DIRECTION ( 'NONE',  ( 0.7071067811865470176, 8.659560562354940254E-17, 0.7071067811865481278 ) ) ;
#349 = ORIENTED_EDGE ( 'NONE', *, *, #1540, .F. ) ;
#350 = DIRECTION ( 'NONE',  ( 0.000000000000000000, 0.000000000000000000, -1.000000000000000000 ) ) ;
#351 = CARTESIAN_POINT ( 'NONE',  ( 3.000000000000001776, 14.99999999999999467, -426.5000000000000000 ) ) ;
#352 = VERTEX_POINT ( 'NONE', #3430 ) ;
#353 = FACE_OUTER_BOUND ( 'NONE', #2625, .T. ) ;
#354 = DIRECTION ( 'NONE',  ( 0.000000000000000000, 0.000000000000000000, -1.000000000000000000 ) ) ;
#355 = DIRECTION ( 'NONE',  ( -0.000000000000000000, -0.000000000000000000, -1.000000000000000000 ) ) ;
#356 = DIRECTION ( 'NONE',  ( 1.734723475976807341E-16, 1.000000000000000000, 0.000000000000000000 ) ) ;
#357 = ORIENTED_EDGE ( 'NONE', *, *, #1767, .T. ) ;
#358 = EDGE_CURVE ( 'NONE', #195, #641, #1328, .T. ) ;
#359 = LINE ( 'NONE', #289, #900 ) ;
#360 = ADVANCED_FACE ( 'NONE', ( #1768 ), #1224, .F. ) ;
#361 = CARTESIAN_POINT ( 'NONE',  ( 7.000000000000001776, -25.00000000000000000, -450.0000000000000000 ) ) ;
#362 = VERTEX_POINT ( 'NONE', #2329 ) ;
#363 = EDGE_CURVE ( 'NONE', #3550, #997, #3391, .T. ) ;
#364 = CARTESIAN_POINT ( 'NONE',  ( 7.000000000000000888, -20.00000000000000000, 372.6393202250020522 ) ) ;
#365 = ORIENTED_EDGE ( 'NONE', *, *, #495, .F. ) ;
#366 = FACE_OUTER_BOUND ( 'NONE', #434, .T. ) ;
#367 = DIRECTION ( 'NONE',  ( 0.000000000000000000, -0.000000000000000000, -1.000000000000000000 ) ) ;
#368 = PLANE ( 'NONE',  #1449 ) ;
#369 = DIRECTION ( 'NONE',  ( 1.000000000000000000, -0.000000000000000000, -0.000000000000000000 ) ) ;
#370 = LINE ( 'NONE', #2581, #2721 ) ;
#371 = DIRECTION ( 'NONE',  ( 0.000000000000000000, -0.000000000000000000, -1.000000000000000000 ) ) ;
#372 = FACE_OUTER_BOUND ( 'NONE', #2463, .T. ) ;
#373 = ORIENTED_EDGE ( 'NONE', *, *, #819, .F. ) ;
#374 = DIRECTION ( 'NONE',  ( -0.000000000000000000, -0.000000000000000000, -1.000000000000000000 ) ) ;
#375 = AXIS2_PLACEMENT_3D ( 'NONE', #2889, #1784, #197 ) ;
#376 = CONICAL_SURFACE ( 'NONE', #2805, 5.199999999999982414, 0.7853981633974481680 ) ;
#377 = CARTESIAN_POINT ( 'NONE',  ( 3.000000000000001776, -25.00000000000000000, 450.0000000000000000 ) ) ;
#378 = ORIENTED_EDGE ( 'NONE', *, *, #2646, .F. ) ;
#379 = AXIS2_PLACEMENT_3D ( 'NONE', #1976, #49, #1639 ) ;
#380 = VECTOR ( 'NONE', #867, 1000.000000000000114 ) ;
#381 = DIRECTION ( 'NONE',  ( 0.000000000000000000, 0.000000000000000000, -1.000000000000000000 ) ) ;
#382 = ORIENTED_EDGE ( 'NONE', *, *, #3148, .F. ) ;
#383 = DIRECTION ( 'NONE',  ( 0.000000000000000000, 0.000000000000000000, -1.000000000000000000 ) ) ;
#384 = DIRECTION ( 'NONE',  ( 0.000000000000000000, 0.000000000000000000, -1.000000000000000000 ) ) ;
#385 = CARTESIAN_POINT ( 'NONE',  ( 3.000000000000001776, -5.000000000000000888, -365.4196010845018918 ) ) ;
#386 = VECTOR ( 'NONE', #1845, 1000.000000000000000 ) ;
#387 = CARTESIAN_POINT ( 'NONE',  ( -1.561251128379126385E-14, -25.00000000000000000, 411.5831239517771110 ) ) ;
#388 = EDGE_CURVE ( 'NONE', #3477, #309, #1476, .T. ) ;
#389 = ADVANCED_FACE ( 'NONE', ( #95 ), #1507, .F. ) ;
#390 = DIRECTION ( 'NONE',  ( -0.000000000000000000, -0.000000000000000000, 1.000000000000000000 ) ) ;
#391 = DIRECTION ( 'NONE',  ( 1.734723475976807341E-16, -1.000000000000000000, 0.000000000000000000 ) ) ;
#392 = CARTESIAN_POINT ( 'NONE',  ( -1.597501047550178016E-14, 40.00000000000000000, 450.0000000000000000 ) ) ;
#393 = EDGE_CURVE ( 'NONE', #3537, #2921, #2837, .T. ) ;
#394 = DIRECTION ( 'NONE',  ( 1.000000000000000000, -0.000000000000000000, -0.000000000000000000 ) ) ;
#395 = EDGE_CURVE ( 'NONE', #1143, #3490, #402, .T. ) ;
#396 = VECTOR ( 'NONE', #215, 1000.000000000000000 ) ;
#397 = VECTOR ( 'NONE', #604, 1000.000000000000000 ) ;
#398 = ORIENTED_EDGE ( 'NONE', *, *, #2211, .T. ) ;
#399 = VECTOR ( 'NONE', #3205, 1000.000000000000000 ) ;
#400 = CARTESIAN_POINT ( 'NONE',  ( 3.000000000000001776, -15.00000000000000533, -367.7499999999999432 ) ) ;
#401 = CIRCLE ( 'NONE', #3347, 2.749999999999974687 ) ;
#402 = CIRCLE ( 'NONE', #3460, 30.00000000000004974 ) ;
#403 = CARTESIAN_POINT ( 'NONE',  ( 3.000000000000001776, -15.00000000000000533, -427.7499999999999432 ) ) ;
#404 = ORIENTED_EDGE ( 'NONE', *, *, #1543, .T. ) ;
#405 = AXIS2_PLACEMENT_3D ( 'NONE', #98, #2310, #2613 ) ;
#406 = CARTESIAN_POINT ( 'NONE',  ( 3.000000000000001776, 14.99999999999999467, -423.5000000000000000 ) ) ;
#407 = ORIENTED_EDGE ( 'NONE', *, *, #3013, .T. ) ;
#408 = DIRECTION ( 'NONE',  ( 0.000000000000000000, 0.000000000000000000, -1.000000000000000000 ) ) ;
#409 = DIRECTION ( 'NONE',  ( -1.000000000000000000, -0.000000000000000000, -0.000000000000000000 ) ) ;
#410 = VERTEX_POINT ( 'NONE', #281 ) ;
#411 = EDGE_CURVE ( 'NONE', #2439, #1323, #1117, .T. ) ;
#412 = DIRECTION ( 'NONE',  ( 0.000000000000000000, 0.000000000000000000, -1.000000000000000000 ) ) ;
#413 = DIRECTION ( 'NONE',  ( 0.000000000000000000, 0.000000000000000000, -1.000000000000000000 ) ) ;
#414 = EDGE_CURVE ( 'NONE', #1363, #2676, #923, .T. ) ;
#415 = CARTESIAN_POINT ( 'NONE',  ( 5.000000000000001776, 32.50000000000000000, 430.0000000000000000 ) ) ;
#416 = ORIENTED_EDGE ( 'NONE', *, *, #2627, .T. ) ;
#417 = CYLINDRICAL_SURFACE ( 'NONE', #2639, 2.499999999999992895 ) ;
#418 = VERTEX_POINT ( 'NONE', #588 ) ;
#419 = ORIENTED_EDGE ( 'NONE', *, *, #1086, .T. ) ;
#420 = ORIENTED_EDGE ( 'NONE', *, *, #1831, .F. ) ;
#421 = ORIENTED_EDGE ( 'NONE', *, *, #2033, .T. ) ;
#422 = DIRECTION ( 'NONE',  ( 1.000000000000000000, 0.000000000000000000, -0.000000000000000000 ) ) ;
#423 = CARTESIAN_POINT ( 'NONE',  ( 5.000000000000001776, 32.50000000000000000, -430.0000000000000000 ) ) ;
#424 = DIRECTION ( 'NONE',  ( 1.000000000000000000, 1.734723475976806848E-16, -0.000000000000000000 ) ) ;
#425 = CARTESIAN_POINT ( 'NONE',  ( 10.00000000000000533, 0.000000000000000000, 395.0000000000000000 ) ) ;
#426 = FACE_BOUND ( 'NONE', #2171, .T. ) ;
#427 = DIRECTION ( 'NONE',  ( 1.000000000000000000, -1.734723475976807341E-16, 0.000000000000000000 ) ) ;
#428 = ORIENTED_EDGE ( 'NONE', *, *, #2390, .T. ) ;
#429 = CARTESIAN_POINT ( 'NONE',  ( 7.000000000000002665, 10.00000000000000000, 450.0000000000000000 ) ) ;
#430 = EDGE_LOOP ( 'NONE', ( #2840, #1164, #158, #1623 ) ) ;
#431 = EDGE_CURVE ( 'NONE', #2921, #2586, #2651, .T. ) ;
#432 = EDGE_LOOP ( 'NONE', ( #3202, #71, #3035, #3230 ) ) ;
#433 = ORIENTED_EDGE ( 'NONE', *, *, #1838, .F. ) ;
#434 = EDGE_LOOP ( 'NONE', ( #2277, #3577, #2677, #3329 ) ) ;
#435 = DIRECTION ( 'NONE',  ( -0.000000000000000000, -0.000000000000000000, -1.000000000000000000 ) ) ;
#436 = VECTOR ( 'NONE', #2371, 1000.000000000000000 ) ;
#437 = EDGE_CURVE ( 'NONE', #1242, #1605, #3321, .T. ) ;
#438 = VECTOR ( 'NONE', #391, 1000.000000000000000 ) ;
#439 = EDGE_CURVE ( 'NONE', #2509, #3183, #519, .T. ) ;
#440 = VECTOR ( 'NONE', #1410, 1000.000000000000000 ) ;
#441 = VECTOR ( 'NONE', #2009, 1000.000000000000000 ) ;
#442 = DIRECTION ( 'NONE',  ( 1.000000000000000000, -0.000000000000000000, -0.000000000000000000 ) ) ;
#443 = AXIS2_PLACEMENT_3D ( 'NONE', #1078, #3558, #2430 ) ;
#444 = AXIS2_PLACEMENT_3D ( 'NONE', #3521, #771, #857 ) ;
#445 = CARTESIAN_POINT ( 'NONE',  ( 5.000000000000001776, -32.50000000000000000, 450.0000000000000000 ) ) ;
#446 = LINE ( 'NONE', #1555, #1601 ) ;
#447 = AXIS2_PLACEMENT_3D ( 'NONE', #157, #1265, #1778 ) ;
#448 = DIRECTION ( 'NONE',  ( 1.000000000000000000, -0.000000000000000000, -0.000000000000000000 ) ) ;
#449 = CARTESIAN_POINT ( 'NONE',  ( 7.000000000000000888, -20.00000000000000000, 450.0000000000000000 ) ) ;
#450 = ORIENTED_EDGE ( 'NONE', *, *, #2739, .F. ) ;
#451 = DIRECTION ( 'NONE',  ( -0.000000000000000000, -0.000000000000000000, -1.000000000000000000 ) ) ;
#452 = EDGE_LOOP ( 'NONE', ( #52, #160 ) ) ;
#453 = COLOUR_RGB ( '',0.7921568627450980005, 0.8196078431372548767, 0.9333333333333333481 ) ;
#454 = ORIENTED_EDGE ( 'NONE', *, *, #2577, .F. ) ;
#455 = AXIS2_PLACEMENT_3D ( 'NONE', #565, #2726, #1076 ) ;
#456 = ORIENTED_EDGE ( 'NONE', *, *, #3268, .T. ) ;
#457 = VERTEX_POINT ( 'NONE', #1633 ) ;
#458 = DIRECTION ( 'NONE',  ( 1.000000000000000000, -0.000000000000000000, -0.000000000000000000 ) ) ;
#459 = VECTOR ( 'NONE', #643, 1000.000000000000000 ) ;
#460 = AXIS2_PLACEMENT_3D ( 'NONE', #1207, #1785, #2559 ) ;
#461 = PLANE ( 'NONE',  #2252 ) ;
#462 = CIRCLE ( 'NONE', #1333, 30.00000000000002842 ) ;
#463 = CARTESIAN_POINT ( 'NONE',  ( 10.00000000000000888, -40.00000000000000000, -450.0000000000000000 ) ) ;
#464 = ORIENTED_EDGE ( 'NONE', *, *, #2098, .F. ) ;
#465 = CYLINDRICAL_SURFACE ( 'NONE', #1657, 1.500000000000001332 ) ;
#466 = CARTESIAN_POINT ( 'NONE',  ( -1.561251128379126385E-14, 3.673940397442069433E-15, 425.0000000000000568 ) ) ;
#467 = CARTESIAN_POINT ( 'NONE',  ( 7.000000000000000888, -20.00000000000000000, 450.0000000000000000 ) ) ;
#468 = ORIENTED_EDGE ( 'NONE', *, *, #3420, .T. ) ;
#469 = FACE_OUTER_BOUND ( 'NONE', #2609, .T. ) ;
#470 = ORIENTED_EDGE ( 'NONE', *, *, #2799, .F. ) ;
#471 = ADVANCED_FACE ( 'NONE', ( #10 ), #224, .F. ) ;
#472 = ORIENTED_EDGE ( 'NONE', *, *, #2583, .T. ) ;
#473 = ORIENTED_EDGE ( 'NONE', *, *, #1279, .T. ) ;
#474 = EDGE_LOOP ( 'NONE', ( #2888, #1131, #2534, #2279, #2350, #2480 ) ) ;
#475 = DIRECTION ( 'NONE',  ( 1.000000000000000000, -0.000000000000000000, -0.000000000000000000 ) ) ;
#476 = EDGE_CURVE ( 'NONE', #2845, #1286, #2255, .T. ) ;
#477 = CARTESIAN_POINT ( 'NONE',  ( 10.00000000000000178, -20.00000000000000000, -450.0000000000000000 ) ) ;
#478 = EDGE_CURVE ( 'NONE', #352, #1068, #2784, .T. ) ;
#479 = CARTESIAN_POINT ( 'NONE',  ( 7.499999999999994671, -32.50000000000000000, 450.0000000000000000 ) ) ;
#480 = ORIENTED_EDGE ( 'NONE', *, *, #2585, .F. ) ;
#481 = DIRECTION ( 'NONE',  ( -1.734723475976804136E-16, 1.000000000000000000, 0.000000000000000000 ) ) ;
#482 = LINE ( 'NONE', #3545, #37 ) ;
#483 = CARTESIAN_POINT ( 'NONE',  ( 10.00000000000000533, -10.00000000000000000, -450.0000000000000000 ) ) ;
#484 = EDGE_LOOP ( 'NONE', ( #290, #1, #3572, #1598 ) ) ;
#485 = FACE_OUTER_BOUND ( 'NONE', #2736, .T. ) ;
#486 = EDGE_LOOP ( 'NONE', ( #1985, #2663 ) ) ;
#487 = ORIENTED_EDGE ( 'NONE', *, *, #2073, .T. ) ;
#488 = EDGE_LOOP ( 'NONE', ( #2777, #800, #2412, #1252 ) ) ;
#489 = ORIENTED_EDGE ( 'NONE', *, *, #677, .T. ) ;
#490 = LINE ( 'NONE', #1600, #2116 ) ;
#491 = LINE ( 'NONE', #2359, #2718 ) ;
#492 = VERTEX_POINT ( 'NONE', #2521 ) ;
#493 = DIRECTION ( 'NONE',  ( 0.000000000000000000, 0.000000000000000000, -1.000000000000000000 ) ) ;
#494 = AXIS2_PLACEMENT_3D ( 'NONE', #425, #2913, #1338 ) ;
#495 = EDGE_CURVE ( 'NONE', #2611, #1458, #1443, .T. ) ;
#496 = ORIENTED_EDGE ( 'NONE', *, *, #124, .F. ) ;
#497 = CARTESIAN_POINT ( 'NONE',  ( 7.000000000000002665, -10.00000000000000000, 450.0000000000000000 ) ) ;
#498 = CARTESIAN_POINT ( 'NONE',  ( 7.000000000000000888, -20.00000000000000000, -417.3606797749979478 ) ) ;
#499 = AXIS2_PLACEMENT_3D ( 'NONE', #3470, #3193, #1191 ) ;
#500 = DIRECTION ( 'NONE',  ( 1.000000000000000000, -0.000000000000000000, -0.000000000000000000 ) ) ;
#501 = VECTOR ( 'NONE', #884, 1000.000000000000000 ) ;
#502 = LINE ( 'NONE', #2716, #782 ) ;
#503 = ORIENTED_EDGE ( 'NONE', *, *, #1086, .F. ) ;
#504 = ORIENTED_EDGE ( 'NONE', *, *, #2580, .T. ) ;
#505 = ORIENTED_EDGE ( 'NONE', *, *, #2157, .T. ) ;
#506 = CIRCLE ( 'NONE', #917, 30.00000000000002842 ) ;
#507 = VERTEX_POINT ( 'NONE', #298 ) ;
#508 = CARTESIAN_POINT ( 'NONE',  ( -1.647987302177966740E-14, -15.00000000000000533, 425.0000000000000000 ) ) ;
#509 = AXIS2_PLACEMENT_3D ( 'NONE', #2976, #1215, #3132 ) ;
#510 = LINE ( 'NONE', #2493, #1681 ) ;
#511 = ORIENTED_EDGE ( 'NONE', *, *, #932, .F. ) ;
#512 = CARTESIAN_POINT ( 'NONE',  ( -1.561251128379126385E-14, 10.00000000000000000, 366.7157287525380411 ) ) ;
#513 = VECTOR ( 'NONE', #600, 1000.000000000000000 ) ;
#514 = CARTESIAN_POINT ( 'NONE',  ( 3.000000000000001776, 0.000000000000000000, 395.0000000000000000 ) ) ;
#515 = FACE_OUTER_BOUND ( 'NONE', #2685, .T. ) ;
#516 = AXIS2_PLACEMENT_3D ( 'NONE', #1185, #2855, #661 ) ;
#517 = EDGE_CURVE ( 'NONE', #2753, #979, #2501, .T. ) ;
#518 = ORIENTED_EDGE ( 'NONE', *, *, #702, .T. ) ;
#519 = LINE ( 'NONE', #572, #3405 ) ;
#520 = AXIS2_PLACEMENT_3D ( 'NONE', #1588, #2123, #1290 ) ;
#521 = CARTESIAN_POINT ( 'NONE',  ( 3.000000000000001776, 14.99999999999999467, 367.7499999999999432 ) ) ;
#522 = ADVANCED_FACE ( 'NONE', ( #3054 ), #3036, .F. ) ;
#523 = EDGE_CURVE ( 'NONE', #2690, #2407, #1132, .T. ) ;
#524 = CARTESIAN_POINT ( 'NONE',  ( 3.000000000000001776, 14.99999999999999467, 365.0000000000000000 ) ) ;
#525 = ORIENTED_EDGE ( 'NONE', *, *, #3535, .F. ) ;
#526 = ADVANCED_FACE ( 'NONE', ( #45 ), #3308, .F. ) ;
#527 = ORIENTED_EDGE ( 'NONE', *, *, #2211, .F. ) ;
#528 = ADVANCED_FACE ( 'NONE', ( #3024 ), #807, .F. ) ;
#529 = ORIENTED_EDGE ( 'NONE', *, *, #929, .T. ) ;
#530 = LINE ( 'NONE', #2545, #396 ) ;
#531 = CARTESIAN_POINT ( 'NONE',  ( 6.999999999999997335, 0.000000000000000000, 395.0000000000000000 ) ) ;
#532 = ORIENTED_EDGE ( 'NONE', *, *, #3531, .T. ) ;
#533 = DIRECTION ( 'NONE',  ( 0.000000000000000000, 0.000000000000000000, -1.000000000000000000 ) ) ;
#534 = SURFACE_STYLE_FILL_AREA ( #3557 ) ;
#535 = DIRECTION ( 'NONE',  ( 0.000000000000000000, 0.000000000000000000, -1.000000000000000000 ) ) ;
#536 = VERTEX_POINT ( 'NONE', #3581 ) ;
#537 = CARTESIAN_POINT ( 'NONE',  ( 7.000000000000000888, 0.000000000000000000, 395.0000000000000000 ) ) ;
#538 = DIRECTION ( 'NONE',  ( 0.000000000000000000, 0.000000000000000000, -1.000000000000000000 ) ) ;
#539 = DIRECTION ( 'NONE',  ( 1.000000000000000000, -0.000000000000000000, -0.000000000000000000 ) ) ;
#540 = VERTEX_POINT ( 'NONE', #310 ) ;
#541 = EDGE_CURVE ( 'NONE', #3283, #1757, #3292, .T. ) ;
#542 = VERTEX_POINT ( 'NONE', #3005 ) ;
#543 = ORIENTED_EDGE ( 'NONE', *, *, #3239, .T. ) ;
#544 = EDGE_CURVE ( 'NONE', #1911, #3477, #1214, .T. ) ;
#545 = DIRECTION ( 'NONE',  ( -1.734723475976807341E-16, -1.000000000000000000, -0.000000000000000000 ) ) ;
#546 = ORIENTED_EDGE ( 'NONE', *, *, #388, .T. ) ;
#547 = ADVANCED_FACE ( 'NONE', ( #1171 ), #368, .F. ) ;
#548 = EDGE_CURVE ( 'NONE', #1453, #3302, #2815, .T. ) ;
#549 = LINE ( 'NONE', #1128, #2021 ) ;
#550 = CYLINDRICAL_SURFACE ( 'NONE', #983, 1.500000000000001332 ) ;
#551 = LINE ( 'NONE', #2745, #1905 ) ;
#552 = ORIENTED_EDGE ( 'NONE', *, *, #2176, .T. ) ;
#553 = CARTESIAN_POINT ( 'NONE',  ( -1.561251128379126385E-14, 25.00000000000000000, 378.4168760482229459 ) ) ;
#554 = CARTESIAN_POINT ( 'NONE',  ( 3.000000000000001776, 14.99999999999999467, 365.0000000000000000 ) ) ;
#555 = VECTOR ( 'NONE', #3451, 1000.000000000000000 ) ;
#556 = AXIS2_PLACEMENT_3D ( 'NONE', #1755, #2779, #1610 ) ;
#557 = DIRECTION ( 'NONE',  ( 0.000000000000000000, 1.000000000000000000, 0.000000000000000000 ) ) ;
#558 = ORIENTED_EDGE ( 'NONE', *, *, #1040, .F. ) ;
#559 = VECTOR ( 'NONE', #1457, 1000.000000000000000 ) ;
#560 = DIRECTION ( 'NONE',  ( 0.000000000000000000, -1.000000000000000000, 0.000000000000000000 ) ) ;
#561 = ORIENTED_EDGE ( 'NONE', *, *, #3293, .F. ) ;
#562 = DIRECTION ( 'NONE',  ( 1.000000000000000000, -1.734723475976806848E-16, 0.000000000000000000 ) ) ;
#563 = VERTEX_POINT ( 'NONE', #1497 ) ;
#564 = CARTESIAN_POINT ( 'NONE',  ( 4.999999999999996447, -32.50000000000000000, 428.4978484524311284 ) ) ;
#565 = CARTESIAN_POINT ( 'NONE',  ( 10.00000000000000533, 0.000000000000000000, 395.0000000000000000 ) ) ;
#566 = VECTOR ( 'NONE', #2929, 1000.000000000000000 ) ;
#567 = CIRCLE ( 'NONE', #2884, 2.500000000000002220 ) ;
#568 = CARTESIAN_POINT ( 'NONE',  ( 3.000000000000001776, 14.99999999999999467, 425.0000000000000000 ) ) ;
#569 = PLANE ( 'NONE',  #905 ) ;
#570 = VECTOR ( 'NONE', #3432, 1000.000000000000000 ) ;
#571 = ORIENTED_EDGE ( 'NONE', *, *, #3109, .T. ) ;
#572 = CARTESIAN_POINT ( 'NONE',  ( 3.000000000000001776, 14.99999999999999467, -367.7499999999999432 ) ) ;
#573 = DIRECTION ( 'NONE',  ( 1.000000000000000000, -0.000000000000000000, -0.000000000000000000 ) ) ;
#574 = AXIS2_PLACEMENT_3D ( 'NONE', #1113, #1659, #2811 ) ;
#575 = AXIS2_PLACEMENT_3D ( 'NONE', #916, #331, #2271 ) ;
#576 = CARTESIAN_POINT ( 'NONE',  ( -1.561251128379126385E-14, 20.00000000000000000, 372.6393202250020522 ) ) ;
#577 = LINE ( 'NONE', #930, #1428 ) ;
#578 = ORIENTED_EDGE ( 'NONE', *, *, #3198, .T. ) ;
#579 = EDGE_CURVE ( 'NONE', #3028, #1096, #2655, .T. ) ;
#580 = DIRECTION ( 'NONE',  ( 1.000000000000000000, -1.734723475976806848E-16, 0.000000000000000000 ) ) ;
#581 = ORIENTED_EDGE ( 'NONE', *, *, #2964, .T. ) ;
#582 = EDGE_CURVE ( 'NONE', #252, #1431, #3431, .T. ) ;
#583 = FACE_OUTER_BOUND ( 'NONE', #1581, .T. ) ;
#584 = CARTESIAN_POINT ( 'NONE',  ( 9.999999999999984013, 40.00000000000000000, 450.0000000000000000 ) ) ;
#585 = CARTESIAN_POINT ( 'NONE',  ( 3.000000000000001776, -15.00000000000000533, -365.0000000000000000 ) ) ;
#586 = DIRECTION ( 'NONE',  ( 0.000000000000000000, -1.000000000000000000, 0.000000000000000000 ) ) ;
#587 = ORIENTED_EDGE ( 'NONE', *, *, #2552, .F. ) ;
#588 = CARTESIAN_POINT ( 'NONE',  ( 7.499999999999998224, 32.50000000000000000, 430.0000000000000000 ) ) ;
#589 = EDGE_CURVE ( 'NONE', #57, #1342, #3064, .T. ) ;
#590 = CARTESIAN_POINT ( 'NONE',  ( 2.500000000000008882, -32.50000000000000000, -450.0000000000000000 ) ) ;
#591 = EDGE_CURVE ( 'NONE', #410, #2103, #3142, .T. ) ;
#592 = CARTESIAN_POINT ( 'NONE',  ( -1.561251128379126385E-14, 20.00000000000000000, 417.3606797749979478 ) ) ;
#593 = CARTESIAN_POINT ( 'NONE',  ( 3.000000000000001776, -15.00000000000000533, 425.0000000000000000 ) ) ;
#594 = CARTESIAN_POINT ( 'NONE',  ( 2.500000000000011546, -32.50000000000000000, 450.0000000000000000 ) ) ;
#595 = EDGE_LOOP ( 'NONE', ( #1927, #2384 ) ) ;
#596 = DIRECTION ( 'NONE',  ( 0.000000000000000000, 0.000000000000000000, 1.000000000000000000 ) ) ;
#597 = ORIENTED_EDGE ( 'NONE', *, *, #1813, .T. ) ;
#598 = PLANE ( 'NONE',  #1718 ) ;
#599 = ORIENTED_EDGE ( 'NONE', *, *, #2799, .T. ) ;
#600 = DIRECTION ( 'NONE',  ( -1.000000000000000000, -0.000000000000000000, -0.000000000000000000 ) ) ;
#601 = CARTESIAN_POINT ( 'NONE',  ( 7.000000000000001776, 25.00000000000000000, 450.0000000000000000 ) ) ;
#602 = ORIENTED_EDGE ( 'NONE', *, *, #2904, .T. ) ;
#603 = DIRECTION ( 'NONE',  ( 1.000000000000000000, -0.000000000000000000, -0.000000000000000000 ) ) ;
#604 = DIRECTION ( 'NONE',  ( 1.000000000000000000, -0.000000000000000000, -0.000000000000000000 ) ) ;
#605 = CARTESIAN_POINT ( 'NONE',  ( -1.561251128379126385E-14, 20.00000000000000000, -417.3606797749979478 ) ) ;
#606 = CIRCLE ( 'NONE', #3041, 30.00000000000004974 ) ;
#607 = DIRECTION ( 'NONE',  ( -0.000000000000000000, -0.000000000000000000, 1.000000000000000000 ) ) ;
#608 = ADVANCED_FACE ( 'NONE', ( #3128 ), #118, .F. ) ;
#609 = AXIS2_PLACEMENT_3D ( 'NONE', #508, #30, #3256 ) ;
#610 = DIRECTION ( 'NONE',  ( -1.000000000000000000, 0.000000000000000000, 0.000000000000000000 ) ) ;
#611 = VERTEX_POINT ( 'NONE', #1986 ) ;
#612 = AXIS2_PLACEMENT_3D ( 'NONE', #34, #2013, #1139 ) ;
#613 = AXIS2_PLACEMENT_3D ( 'NONE', #2910, #2388, #1530 ) ;
#614 = LINE ( 'NONE', #377, #752 ) ;
#615 = ORIENTED_EDGE ( 'NONE', *, *, #3223, .T. ) ;
#616 = CARTESIAN_POINT ( 'NONE',  ( 3.000000000000001776, 14.99999999999999467, -422.2500000000000000 ) ) ;
#617 = ORIENTED_EDGE ( 'NONE', *, *, #1938, .F. ) ;
#618 = DIRECTION ( 'NONE',  ( 0.000000000000000000, 0.000000000000000000, -1.000000000000000000 ) ) ;
#619 = PLANE ( 'NONE',  #1965 ) ;
#620 = LINE ( 'NONE', #2856, #94 ) ;
#621 = VERTEX_POINT ( 'NONE', #955 ) ;
#622 = DIRECTION ( 'NONE',  ( 0.000000000000000000, 0.000000000000000000, -1.000000000000000000 ) ) ;
#623 = AXIS2_PLACEMENT_3D ( 'NONE', #3435, #2881, #2635 ) ;
#624 = ADVANCED_FACE ( 'NONE', ( #131 ), #866, .F. ) ;
#625 = VECTOR ( 'NONE', #119, 1000.000000000000114 ) ;
#626 = DIRECTION ( 'NONE',  ( 1.000000000000000000, -0.000000000000000000, -0.000000000000000000 ) ) ;
#627 = CARTESIAN_POINT ( 'NONE',  ( 2.500000000000011546, -32.50000000000000000, -450.0000000000000000 ) ) ;
#628 = AXIS2_PLACEMENT_3D ( 'NONE', #939, #3140, #384 ) ;
#629 = EDGE_CURVE ( 'NONE', #3302, #1183, #2895, .T. ) ;
#630 = LINE ( 'NONE', #1743, #3401 ) ;
#631 = VECTOR ( 'NONE', #3411, 1000.000000000000000 ) ;
#632 = VECTOR ( 'NONE', #1552, 1000.000000000000000 ) ;
#633 = EDGE_CURVE ( 'NONE', #3221, #2050, #664, .T. ) ;
#634 = VERTEX_POINT ( 'NONE', #2575 ) ;
#635 = CARTESIAN_POINT ( 'NONE',  ( 3.000000000000001776, 25.00000000000000000, 450.0000000000000000 ) ) ;
#636 = VERTEX_POINT ( 'NONE', #2026 ) ;
#637 = ADVANCED_FACE ( 'NONE', ( #1445 ), #2331, .F. ) ;
#638 = FACE_OUTER_BOUND ( 'NONE', #1161, .T. ) ;
#639 = VERTEX_POINT ( 'NONE', #1738 ) ;
#640 = PLANE ( 'NONE',  #1779 ) ;
#641 = VERTEX_POINT ( 'NONE', #2060 ) ;
#642 = DIRECTION ( 'NONE',  ( 0.000000000000000000, 0.000000000000000000, -1.000000000000000000 ) ) ;
#643 = DIRECTION ( 'NONE',  ( 1.734723475976806848E-16, -1.000000000000000000, 0.000000000000000000 ) ) ;
#644 = APPLICATION_PROTOCOL_DEFINITION ( 'draft international standard', 'automotive_design', 1998, #1954 ) ;
#645 = EDGE_LOOP ( 'NONE', ( #2218, #581, #2832, #2281 ) ) ;
#646 = DIRECTION ( 'NONE',  ( -1.000000000000000000, -3.469446951953614189E-16, 0.000000000000000000 ) ) ;
#647 = ORIENTED_EDGE ( 'NONE', *, *, #932, .T. ) ;
#648 = DIRECTION ( 'NONE',  ( 0.000000000000000000, 0.000000000000000000, -1.000000000000000000 ) ) ;
#649 = FACE_OUTER_BOUND ( 'NONE', #1395, .T. ) ;
#650 = DIRECTION ( 'NONE',  ( 1.000000000000000000, -0.000000000000000000, -0.000000000000000000 ) ) ;
#651 = ORIENTED_EDGE ( 'NONE', *, *, #2960, .T. ) ;
#652 = CARTESIAN_POINT ( 'NONE',  ( 6.999999999999997335, 0.000000000000000000, -395.0000000000000000 ) ) ;
#653 = ADVANCED_FACE ( 'NONE', ( #353 ), #79, .F. ) ;
#654 = EDGE_CURVE ( 'NONE', #1342, #57, #3295, .T. ) ;
#655 = CARTESIAN_POINT ( 'NONE',  ( 1.750000000000002442, 14.99999999999999467, 426.5000000000000000 ) ) ;
#656 = ORIENTED_EDGE ( 'NONE', *, *, #2646, .T. ) ;
#657 = FACE_OUTER_BOUND ( 'NONE', #645, .T. ) ;
#658 = ORIENTED_EDGE ( 'NONE', *, *, #2902, .T. ) ;
#659 = CARTESIAN_POINT ( 'NONE',  ( -1.647987302177966740E-14, 14.99999999999999467, 426.5000000000000000 ) ) ;
#660 = EDGE_CURVE ( 'NONE', #262, #3087, #2894, .T. ) ;
#661 = DIRECTION ( 'NONE',  ( 1.734723475976804136E-16, 1.000000000000000000, 0.000000000000000000 ) ) ;
#662 = DIRECTION ( 'NONE',  ( 1.000000000000000000, -0.000000000000000000, -0.000000000000000000 ) ) ;
#663 = EDGE_CURVE ( 'NONE', #3242, #1068, #986, .T. ) ;
#664 = LINE ( 'NONE', #3104, #1101 ) ;
#665 = ADVANCED_FACE ( 'NONE', ( #879 ), #1714, .F. ) ;
#666 = CARTESIAN_POINT ( 'NONE',  ( 6.999999999999997335, 0.000000000000000000, -395.0000000000000000 ) ) ;
#667 = CARTESIAN_POINT ( 'NONE',  ( 10.00000000000000533, 0.000000000000000000, -352.5000000000000000 ) ) ;
#668 = FACE_OUTER_BOUND ( 'NONE', #488, .T. ) ;
#669 = DIRECTION ( 'NONE',  ( 0.000000000000000000, 0.000000000000000000, 1.000000000000000000 ) ) ;
#670 = ORIENTED_EDGE ( 'NONE', *, *, #817, .F. ) ;
#671 = PLANE ( 'NONE',  #3105 ) ;
#672 = DIRECTION ( 'NONE',  ( 1.000000000000000000, -0.000000000000000000, -0.000000000000000000 ) ) ;
#673 = EDGE_LOOP ( 'NONE', ( #1527, #2750, #1082, #1026 ) ) ;
#674 = DIRECTION ( 'NONE',  ( -0.000000000000000000, -0.000000000000000000, 1.000000000000000000 ) ) ;
#675 = VERTEX_POINT ( 'NONE', #1001 ) ;
#676 = DIRECTION ( 'NONE',  ( 0.000000000000000000, 0.000000000000000000, -1.000000000000000000 ) ) ;
#677 = EDGE_CURVE ( 'NONE', #3186, #3253, #112, .T. ) ;
#678 = LINE ( 'NONE', #3086, #3564 ) ;
#679 = AXIS2_PLACEMENT_3D ( 'NONE', #2592, #113, #2326 ) ;
#680 = ADVANCED_FACE ( 'NONE', ( #2681 ), #2668, .F. ) ;
#681 = DIRECTION ( 'NONE',  ( -1.000000000000000000, 0.000000000000000000, 0.000000000000000000 ) ) ;
#682 = VERTEX_POINT ( 'NONE', #3244 ) ;
#683 = DIRECTION ( 'NONE',  ( 1.000000000000000000, -0.000000000000000000, -0.000000000000000000 ) ) ;
#684 = PLANE ( 'NONE',  #267 ) ;
#685 = DIRECTION ( 'NONE',  ( -0.000000000000000000, -0.000000000000000000, -1.000000000000000000 ) ) ;
#686 = AXIS2_PLACEMENT_3D ( 'NONE', #2617, #1776, #978 ) ;
#687 = CIRCLE ( 'NONE', #1622, 1.500000000000001332 ) ;
#688 = EDGE_LOOP ( 'NONE', ( #3217, #3098, #1811, #2642 ) ) ;
#689 = LINE ( 'NONE', #1511, #2286 ) ;
#690 = ORIENTED_EDGE ( 'NONE', *, *, #2549, .F. ) ;
#691 = VECTOR ( 'NONE', #3085, 1000.000000000000114 ) ;
#692 = VERTEX_POINT ( 'NONE', #697 ) ;
#693 = CIRCLE ( 'NONE', #3408, 2.749999999999974687 ) ;
#694 = ORIENTED_EDGE ( 'NONE', *, *, #2627, .F. ) ;
#695 = CARTESIAN_POINT ( 'NONE',  ( 10.00000000000000533, 3.673940397442069433E-15, 425.0000000000000568 ) ) ;
#696 = VECTOR ( 'NONE', #545, 1000.000000000000000 ) ;
#697 = CARTESIAN_POINT ( 'NONE',  ( 7.000000000000002665, -10.00000000000000000, 366.7157287525380411 ) ) ;
#698 = ORIENTED_EDGE ( 'NONE', *, *, #2930, .F. ) ;
#699 = LINE ( 'NONE', #1212, #1272 ) ;
#700 = LINE ( 'NONE', #1480, #1716 ) ;
#701 = DIRECTION ( 'NONE',  ( 1.000000000000000000, -0.000000000000000000, -0.000000000000000000 ) ) ;
#702 = EDGE_CURVE ( 'NONE', #636, #3242, #1819, .T. ) ;
#703 = ORIENTED_EDGE ( 'NONE', *, *, #1920, .T. ) ;
#704 = EDGE_CURVE ( 'NONE', #2136, #2737, #169, .T. ) ;
#705 = ADVANCED_FACE ( 'NONE', ( #2911 ), #2943, .F. ) ;
#706 = DIRECTION ( 'NONE',  ( 0.7071067811865476838, 8.659560562354931626E-17, 0.7071067811865474617 ) ) ;
#707 = ORIENTED_EDGE ( 'NONE', *, *, #2691, .T. ) ;
#708 = ORIENTED_EDGE ( 'NONE', *, *, #719, .T. ) ;
#709 = ORIENTED_EDGE ( 'NONE', *, *, #411, .F. ) ;
#710 = ORIENTED_EDGE ( 'NONE', *, *, #100, .T. ) ;
#711 = DIRECTION ( 'NONE',  ( 0.000000000000000000, 0.000000000000000000, 1.000000000000000000 ) ) ;
#712 = DIRECTION ( 'NONE',  ( 0.000000000000000000, 0.000000000000000000, -1.000000000000000000 ) ) ;
#713 = ORIENTED_EDGE ( 'NONE', *, *, #3306, .T. ) ;
#714 = CARTESIAN_POINT ( 'NONE',  ( 3.000000000000001776, -5.000000000000000888, -450.0000000000000000 ) ) ;
#715 = CARTESIAN_POINT ( 'NONE',  ( 10.00000000000000533, -20.00000000000000000, 372.6393202250020522 ) ) ;
#716 = DIRECTION ( 'NONE',  ( -0.000000000000000000, -0.000000000000000000, -1.000000000000000000 ) ) ;
#717 = ORIENTED_EDGE ( 'NONE', *, *, #1189, .F. ) ;
#718 = DIRECTION ( 'NONE',  ( -1.000000000000000000, 0.000000000000000000, 0.000000000000000000 ) ) ;
#719 = EDGE_CURVE ( 'NONE', #692, #2241, #2137, .T. ) ;
#720 = ORIENTED_EDGE ( 'NONE', *, *, #1806, .T. ) ;
#721 = VERTEX_POINT ( 'NONE', #477 ) ;
#722 = ORIENTED_EDGE ( 'NONE', *, *, #208, .F. ) ;
#723 = EDGE_LOOP ( 'NONE', ( #1655, #842, #3275, #1873 ) ) ;
#724 = PLANE ( 'NONE',  #1839 ) ;
#725 = CIRCLE ( 'NONE', #3206, 1.500000000000001332 ) ;
#726 = AXIS2_PLACEMENT_3D ( 'NONE', #1901, #740, #1358 ) ;
#727 = CONICAL_SURFACE ( 'NONE', #1950, 2.749999999999974687, 0.7853981633974490562 ) ;
#728 = VECTOR ( 'NONE', #301, 1000.000000000000000 ) ;
#729 = DIRECTION ( 'NONE',  ( 1.000000000000000000, -0.000000000000000000, -0.000000000000000000 ) ) ;
#730 = AXIS2_PLACEMENT_3D ( 'NONE', #2610, #674, #1782 ) ;
#731 = CARTESIAN_POINT ( 'NONE',  ( -1.561251128379126385E-14, -10.00000000000000000, 423.2842712474619589 ) ) ;
#732 = CARTESIAN_POINT ( 'NONE',  ( -1.647987302177966740E-14, -15.00000000000000533, -365.0000000000000000 ) ) ;
#733 = AXIS2_PLACEMENT_3D ( 'NONE', #1014, #1856, #1587 ) ;
#734 = CARTESIAN_POINT ( 'NONE',  ( 5.000000000000001776, 32.50000000000000000, -450.0000000000000000 ) ) ;
#735 = UNCERTAINTY_MEASURE_WITH_UNIT (LENGTH_MEASURE( 1.000000000000000082E-05 ), #2251, 'distance_accuracy_value', 'NONE');
#736 = CARTESIAN_POINT ( 'NONE',  ( 10.00000000000000711, 0.000000000000000000, 344.8000000000000114 ) ) ;
#737 = ADVANCED_FACE ( 'NONE', ( #989 ), #461, .F. ) ;
#738 = ORIENTED_EDGE ( 'NONE', *, *, #2323, .F. ) ;
#739 = EDGE_CURVE ( 'NONE', #1238, #3537, #1564, .T. ) ;
#740 = DIRECTION ( 'NONE',  ( 1.000000000000000000, -0.000000000000000000, -0.000000000000000000 ) ) ;
#741 = AXIS2_PLACEMENT_3D ( 'NONE', #1756, #2010, #669 ) ;
#742 = EDGE_LOOP ( 'NONE', ( #3312, #2132, #703, #1731, #2548, #781, #3567, #904, #180, #3111, #2567, #1102, #2641, #3549, #233, #871, #2978, #2934, #3096, #578 ) ) ;
#743 = EDGE_CURVE ( 'NONE', #873, #1632, #693, .T. ) ;
#744 = CLOSED_SHELL ( 'NONE', ( #2365, #321, #1494, #2059, #1874, #1571, #522, #2715, #3585, #279, #1760, #2361, #2099, #1085, #2576, #891, #3468, #1536, #1188, #3326, #471, #1940, #389, #1871, #2979, #2442, #968, #3260, #3113, #16, #1699, #3442, #821, #284, #1389, #2283, #526, #1612, #2742, #3485, #2506, #2208, #680, #3150, #1570, #1316, #705, #2419, #1678, #2778, #1990, #3118, #360, #259, #1919, #1275, #608, #737, #653, #1992, #2130, #1722, #1619, #547, #2053, #1828, #1876, #3045, #1122, #1003, #1351, #2628, #3117, #316, #2712, #1924, #299, #1080, #973, #3215, #1429, #1866, #1407, #897, #2620, #13, #232, #1498, #275, #2661, #1837, #1408, #665, #528, #637, #283, #1300, #624, #1165, #3191, #3010, #320, #3556, #2847, #1228, #2290, #783, #2684, #2339, #1504, #3270, #3334 ) ) ;
#745 = ORIENTED_EDGE ( 'NONE', *, *, #1028, .F. ) ;
#746 = ORIENTED_EDGE ( 'NONE', *, *, #1006, .T. ) ;
#747 = ORIENTED_EDGE ( 'NONE', *, *, #3294, .F. ) ;
#748 = CARTESIAN_POINT ( 'NONE',  ( -1.561251128379126385E-14, 0.000000000000000000, -395.0000000000000000 ) ) ;
#749 = AXIS2_PLACEMENT_3D ( 'NONE', #791, #1897, #2471 ) ;
#750 = AXIS2_PLACEMENT_3D ( 'NONE', #3536, #1640, #3257 ) ;
#751 = CARTESIAN_POINT ( 'NONE',  ( 7.000000000000000888, 0.000000000000000000, 395.0000000000000000 ) ) ;
#752 = VECTOR ( 'NONE', #87, 1000.000000000000000 ) ;
#753 = DIRECTION ( 'NONE',  ( 0.7071067811865470176, 8.659560562354940254E-17, 0.7071067811865481278 ) ) ;
#754 = ORIENTED_EDGE ( 'NONE', *, *, #2465, .F. ) ;
#755 = CARTESIAN_POINT ( 'NONE',  ( 7.000000000000001776, 25.00000000000000000, 450.0000000000000000 ) ) ;
#756 = DIRECTION ( 'NONE',  ( 0.000000000000000000, -1.000000000000000000, 0.000000000000000000 ) ) ;
#757 = LINE ( 'NONE', #1880, #1141 ) ;
#758 = VERTEX_POINT ( 'NONE', #1857 ) ;
#759 = FACE_OUTER_BOUND ( 'NONE', #2827, .T. ) ;
#760 = ORIENTED_EDGE ( 'NONE', *, *, #3198, .F. ) ;
#761 = VERTEX_POINT ( 'NONE', #3516 ) ;
#762 = ORIENTED_EDGE ( 'NONE', *, *, #2392, .T. ) ;
#763 = ORIENTED_EDGE ( 'NONE', *, *, #660, .F. ) ;
#764 = DIRECTION ( 'NONE',  ( -8.673617379884035472E-16, 1.000000000000000000, -0.000000000000000000 ) ) ;
#765 = EDGE_CURVE ( 'NONE', #3236, #1463, #1042, .T. ) ;
#766 = EDGE_CURVE ( 'NONE', #2241, #1438, #3465, .T. ) ;
#767 = DIRECTION ( 'NONE',  ( 1.000000000000000000, -0.000000000000000000, -0.000000000000000000 ) ) ;
#768 = LINE ( 'NONE', #463, #334 ) ;
#769 = ORIENTED_EDGE ( 'NONE', *, *, #1701, .F. ) ;
#770 = DIRECTION ( 'NONE',  ( -1.000000000000000000, 0.000000000000000000, 0.000000000000000000 ) ) ;
#771 = DIRECTION ( 'NONE',  ( 1.000000000000000000, -0.000000000000000000, -0.000000000000000000 ) ) ;
#772 = CARTESIAN_POINT ( 'NONE',  ( 3.000000000000001776, -15.00000000000000533, 367.7499999999999432 ) ) ;
#773 = ORIENTED_EDGE ( 'NONE', *, *, #926, .F. ) ;
#774 = DIRECTION ( 'NONE',  ( -0.000000000000000000, -0.000000000000000000, -1.000000000000000000 ) ) ;
#775 = ORIENTED_EDGE ( 'NONE', *, *, #947, .F. ) ;
#776 = EDGE_LOOP ( 'NONE', ( #2835, #532, #2172, #790 ) ) ;
#777 = ORIENTED_EDGE ( 'NONE', *, *, #2667, .F. ) ;
#778 = ORIENTED_EDGE ( 'NONE', *, *, #766, .T. ) ;
#779 = LINE ( 'NONE', #868, #1017 ) ;
#780 = DIRECTION ( 'NONE',  ( -0.000000000000000000, -0.000000000000000000, -1.000000000000000000 ) ) ;
#781 = ORIENTED_EDGE ( 'NONE', *, *, #395, .F. ) ;
#782 = VECTOR ( 'NONE', #1742, 1000.000000000000000 ) ;
#783 = ADVANCED_FACE ( 'NONE', ( #2144 ), #285, .F. ) ;
#784 = DIRECTION ( 'NONE',  ( -1.000000000000000000, -8.673617379884035472E-16, 0.000000000000000000 ) ) ;
#785 = DIRECTION ( 'NONE',  ( 1.000000000000000000, -0.000000000000000000, -0.000000000000000000 ) ) ;
#786 = CARTESIAN_POINT ( 'NONE',  ( -1.561251128379126385E-14, 0.000000000000000000, 395.0000000000000000 ) ) ;
#787 = EDGE_CURVE ( 'NONE', #1325, #1326, #491, .T. ) ;
#788 = CIRCLE ( 'NONE', #499, 30.00000000000002842 ) ;
#789 = AXIS2_PLACEMENT_3D ( 'NONE', #8, #2498, #1335 ) ;
#790 = ORIENTED_EDGE ( 'NONE', *, *, #1159, .F. ) ;
#791 = CARTESIAN_POINT ( 'NONE',  ( -1.734723475976807094E-14, 0.000000000000000000, 350.0000000000000000 ) ) ;
#792 = CIRCLE ( 'NONE', #2230, 2.499999999999990230 ) ;
#793 = CARTESIAN_POINT ( 'NONE',  ( 7.000000000000001776, -25.00000000000000000, 450.0000000000000000 ) ) ;
#794 = EDGE_CURVE ( 'NONE', #1608, #2457, #2090, .T. ) ;
#795 = CIRCLE ( 'NONE', #3393, 1.500000000000001332 ) ;
#796 = CARTESIAN_POINT ( 'NONE',  ( -1.597501047550178016E-14, 40.00000000000000000, -450.0000000000000000 ) ) ;
#797 = ORIENTED_EDGE ( 'NONE', *, *, #1120, .F. ) ;
#798 = VECTOR ( 'NONE', #394, 1000.000000000000000 ) ;
#799 = ORIENTED_EDGE ( 'NONE', *, *, #2035, .F. ) ;
#800 = ORIENTED_EDGE ( 'NONE', *, *, #123, .F. ) ;
#801 = AXIS2_PLACEMENT_3D ( 'NONE', #554, #573, #1685 ) ;
#802 = ORIENTED_EDGE ( 'NONE', *, *, #854, .F. ) ;
#803 = CARTESIAN_POINT ( 'NONE',  ( 3.000000000000001776, 14.99999999999999467, 367.7499999999999432 ) ) ;
#804 = AXIS2_PLACEMENT_3D ( 'NONE', #1967, #1385, #533 ) ;
#805 = DIRECTION ( 'NONE',  ( -1.000000000000000000, 0.000000000000000000, 0.000000000000000000 ) ) ;
#806 = ORIENTED_EDGE ( 'NONE', *, *, #765, .T. ) ;
#807 = CONICAL_SURFACE ( 'NONE', #2828, 2.749999999999974687, 0.7853981633974490562 ) ;
#808 = CARTESIAN_POINT ( 'NONE',  ( 3.000000000000001776, 14.99999999999999467, -367.7499999999999432 ) ) ;
#809 = VECTOR ( 'NONE', #1750, 1000.000000000000114 ) ;
#810 = CARTESIAN_POINT ( 'NONE',  ( 10.00000000000000711, 0.000000000000000000, -355.1999999999999318 ) ) ;
#811 = CARTESIAN_POINT ( 'NONE',  ( 7.300000000000005151, 0.000000000000000000, -352.5000000000000000 ) ) ;
#812 = AXIS2_PLACEMENT_3D ( 'NONE', #2289, #1752, #3361 ) ;
#813 = EDGE_LOOP ( 'NONE', ( #3067, #1287, #1667, #2036 ) ) ;
#814 = DIRECTION ( 'NONE',  ( -0.000000000000000000, -0.000000000000000000, -1.000000000000000000 ) ) ;
#815 = AXIS2_PLACEMENT_3D ( 'NONE', #3332, #2997, #3018 ) ;
#816 = CARTESIAN_POINT ( 'NONE',  ( 3.000000000000001776, -25.00000000000000000, 450.0000000000000000 ) ) ;
#817 = EDGE_CURVE ( 'NONE', #1170, #3513, #3175, .T. ) ;
#818 = CARTESIAN_POINT ( 'NONE',  ( 10.00000000000000533, 10.00000000000000000, 450.0000000000000000 ) ) ;
#819 = EDGE_CURVE ( 'NONE', #91, #2772, #2833, .T. ) ;
#820 = ORIENTED_EDGE ( 'NONE', *, *, #541, .F. ) ;
#821 = ADVANCED_FACE ( 'NONE', ( #272 ), #1381, .F. ) ;
#822 = EDGE_CURVE ( 'NONE', #194, #2640, #510, .T. ) ;
#823 = ORIENTED_EDGE ( 'NONE', *, *, #31, .F. ) ;
#824 = ORIENTED_EDGE ( 'NONE', *, *, #961, .F. ) ;
#825 = DIRECTION ( 'NONE',  ( 1.000000000000000000, -0.000000000000000000, -0.000000000000000000 ) ) ;
#826 = VERTEX_POINT ( 'NONE', #1941 ) ;
#827 = FACE_OUTER_BOUND ( 'NONE', #2083, .T. ) ;
#828 = DIRECTION ( 'NONE',  ( 0.000000000000000000, 0.000000000000000000, 1.000000000000000000 ) ) ;
#829 = DIRECTION ( 'NONE',  ( -1.000000000000000000, 0.000000000000000000, 0.000000000000000000 ) ) ;
#830 = ORIENTED_EDGE ( 'NONE', *, *, #2390, .F. ) ;
#831 = DIRECTION ( 'NONE',  ( -1.000000000000000000, 0.000000000000000000, 0.000000000000000000 ) ) ;
#832 = LINE ( 'NONE', #1934, #2944 ) ;
#833 = FACE_OUTER_BOUND ( 'NONE', #432, .T. ) ;
#834 = VERTEX_POINT ( 'NONE', #1362 ) ;
#835 = ORIENTED_EDGE ( 'NONE', *, *, #663, .T. ) ;
#836 = CARTESIAN_POINT ( 'NONE',  ( 6.999999999999997335, 0.000000000000000000, -395.0000000000000000 ) ) ;
#837 = EDGE_LOOP ( 'NONE', ( #3475, #824, #1835, #347 ) ) ;
#838 = DIRECTION ( 'NONE',  ( -0.000000000000000000, 1.000000000000000000, -0.000000000000000000 ) ) ;
#839 = DIRECTION ( 'NONE',  ( 0.000000000000000000, -1.000000000000000000, 0.000000000000000000 ) ) ;
#840 = CARTESIAN_POINT ( 'NONE',  ( 7.000000000000002665, -10.00000000000000000, -450.0000000000000000 ) ) ;
#841 = CARTESIAN_POINT ( 'NONE',  ( 7.000000000000001776, -5.000000000000000888, -450.0000000000000000 ) ) ;
#842 = ORIENTED_EDGE ( 'NONE', *, *, #3223, .F. ) ;
#843 = DIRECTION ( 'NONE',  ( 0.000000000000000000, 0.000000000000000000, -1.000000000000000000 ) ) ;
#844 = DIRECTION ( 'NONE',  ( 0.000000000000000000, 0.000000000000000000, 1.000000000000000000 ) ) ;
#845 = AXIS2_PLACEMENT_3D ( 'NONE', #3134, #2905, #718 ) ;
#846 = AXIS2_PLACEMENT_3D ( 'NONE', #2475, #3587, #1882 ) ;
#847 = CIRCLE ( 'NONE', #609, 1.500000000000001332 ) ;
#848 = DIRECTION ( 'NONE',  ( 1.000000000000000000, -0.000000000000000000, -0.000000000000000000 ) ) ;
#849 = EDGE_CURVE ( 'NONE', #2154, #2439, #2773, .T. ) ;
#850 = VECTOR ( 'NONE', #2834, 1000.000000000000000 ) ;
#851 = EDGE_CURVE ( 'NONE', #1183, #3186, #2740, .T. ) ;
#852 = CARTESIAN_POINT ( 'NONE',  ( -1.647987302177966740E-14, 14.99999999999999467, -365.0000000000000000 ) ) ;
#853 = ORIENTED_EDGE ( 'NONE', *, *, #236, .F. ) ;
#854 = EDGE_CURVE ( 'NONE', #721, #362, #3066, .T. ) ;
#855 = DIRECTION ( 'NONE',  ( 1.000000000000000000, -0.000000000000000000, -0.000000000000000000 ) ) ;
#856 = ORIENTED_EDGE ( 'NONE', *, *, #1029, .T. ) ;
#857 = DIRECTION ( 'NONE',  ( 0.000000000000000000, 0.000000000000000000, -1.000000000000000000 ) ) ;
#858 = FACE_OUTER_BOUND ( 'NONE', #2674, .T. ) ;
#859 = CARTESIAN_POINT ( 'NONE',  ( 3.000000000000001776, 25.00000000000000000, 450.0000000000000000 ) ) ;
#860 = DIRECTION ( 'NONE',  ( 1.000000000000000000, -0.000000000000000000, -0.000000000000000000 ) ) ;
#861 = CIRCLE ( 'NONE', #159, 5.199999999999982414 ) ;
#862 = ORIENTED_EDGE ( 'NONE', *, *, #1236, .T. ) ;
#863 = DIRECTION ( 'NONE',  ( 1.000000000000000000, -0.000000000000000000, -0.000000000000000000 ) ) ;
#864 = FACE_OUTER_BOUND ( 'NONE', #688, .T. ) ;
#865 = VECTOR ( 'NONE', #2763, 1000.000000000000000 ) ;
#866 = CONICAL_SURFACE ( 'NONE', #575, 2.749999999999974687, 0.7853981633974490562 ) ;
#867 = DIRECTION ( 'NONE',  ( -0.8571673007021137769, 1.049727191138620421E-16, 0.5150380749100518241 ) ) ;
#868 = CARTESIAN_POINT ( 'NONE',  ( 7.000000000000000888, 20.00000000000000000, 450.0000000000000000 ) ) ;
#869 = AXIS2_PLACEMENT_3D ( 'NONE', #2566, #1455, #3353 ) ;
#870 = CARTESIAN_POINT ( 'NONE',  ( 10.00000000000000178, 20.00000000000000000, 450.0000000000000000 ) ) ;
#871 = ORIENTED_EDGE ( 'NONE', *, *, #202, .F. ) ;
#872 = DIRECTION ( 'NONE',  ( -1.000000000000000000, -0.000000000000000000, -0.000000000000000000 ) ) ;
#873 = VERTEX_POINT ( 'NONE', #291 ) ;
#874 = FACE_OUTER_BOUND ( 'NONE', #1814, .T. ) ;
#875 = FACE_OUTER_BOUND ( 'NONE', #1936, .T. ) ;
#876 = EDGE_CURVE ( 'NONE', #1799, #1312, #2776, .T. ) ;
#877 = DIRECTION ( 'NONE',  ( -1.000000000000000000, 0.000000000000000000, 0.000000000000000000 ) ) ;
#878 = EDGE_LOOP ( 'NONE', ( #324, #2789, #2809 ) ) ;
#879 = FACE_OUTER_BOUND ( 'NONE', #3073, .T. ) ;
#880 = EDGE_CURVE ( 'NONE', #979, #142, #2082, .T. ) ;
#881 = CARTESIAN_POINT ( 'NONE',  ( -1.647987302177966740E-14, 14.99999999999999467, 425.0000000000000000 ) ) ;
#882 = LINE ( 'NONE', #1989, #2459 ) ;
#883 = LINE ( 'NONE', #2701, #1319 ) ;
#884 = DIRECTION ( 'NONE',  ( -0.000000000000000000, -0.000000000000000000, -1.000000000000000000 ) ) ;
#885 = ORIENTED_EDGE ( 'NONE', *, *, #2337, .T. ) ;
#886 = FACE_OUTER_BOUND ( 'NONE', #2373, .T. ) ;
#887 = ORIENTED_EDGE ( 'NONE', *, *, #99, .F. ) ;
#888 = LINE ( 'NONE', #2304, #3279 ) ;
#889 = ORIENTED_EDGE ( 'NONE', *, *, #2854, .F. ) ;
#890 = CARTESIAN_POINT ( 'NONE',  ( -1.734723475976807094E-14, 3.061616997868375746E-16, 352.5000000000000000 ) ) ;
#891 = ADVANCED_FACE ( 'NONE', ( #1672 ), #1109, .F. ) ;
#892 = FACE_BOUND ( 'NONE', #1011, .T. ) ;
#893 = FACE_OUTER_BOUND ( 'NONE', #1321, .T. ) ;
#894 = ORIENTED_EDGE ( 'NONE', *, *, #2473, .F. ) ;
#895 = DIRECTION ( 'NONE',  ( 1.000000000000000000, -0.000000000000000000, -0.000000000000000000 ) ) ;
#896 = EDGE_CURVE ( 'NONE', #2454, #2593, #344, .T. ) ;
#897 = ADVANCED_FACE ( 'NONE', ( #1691 ), #2198, .F. ) ;
#898 = CARTESIAN_POINT ( 'NONE',  ( 3.000000000000001776, 14.99999999999999467, 365.0000000000000000 ) ) ;
#899 = CARTESIAN_POINT ( 'NONE',  ( 7.000000000000000888, -20.00000000000000000, -372.6393202250020522 ) ) ;
#900 = VECTOR ( 'NONE', #2300, 1000.000000000000000 ) ;
#901 = CARTESIAN_POINT ( 'NONE',  ( 10.00000000000000178, 20.00000000000000000, 450.0000000000000000 ) ) ;
#902 = EDGE_CURVE ( 'NONE', #507, #3477, #239, .T. ) ;
#903 = CIRCLE ( 'NONE', #206, 2.500000000000002220 ) ;
#904 = ORIENTED_EDGE ( 'NONE', *, *, #880, .F. ) ;
#905 = AXIS2_PLACEMENT_3D ( 'NONE', #1130, #1631, #1969 ) ;
#906 = CARTESIAN_POINT ( 'NONE',  ( -1.561251128379126385E-14, 10.00000000000000000, -366.7157287525380411 ) ) ;
#907 = ORIENTED_EDGE ( 'NONE', *, *, #2134, .F. ) ;
#908 = VECTOR ( 'NONE', #451, 1000.000000000000000 ) ;
#909 = DIRECTION ( 'NONE',  ( 1.000000000000000000, -0.000000000000000000, -0.000000000000000000 ) ) ;
#910 = VERTEX_POINT ( 'NONE', #2790 ) ;
#911 = LINE ( 'NONE', #3153, #1547 ) ;
#912 = EDGE_LOOP ( 'NONE', ( #2554, #1074, #1412, #762 ) ) ;
#913 = CARTESIAN_POINT ( 'NONE',  ( 3.000000000000001776, 14.99999999999999467, -425.0000000000000000 ) ) ;
#914 = CARTESIAN_POINT ( 'NONE',  ( 10.00000000000000533, -10.00000000000000000, 450.0000000000000000 ) ) ;
#915 = EDGE_LOOP ( 'NONE', ( #1089, #670 ) ) ;
#916 = CARTESIAN_POINT ( 'NONE',  ( 3.000000000000001776, -15.00000000000000533, 425.0000000000000000 ) ) ;
#917 = AXIS2_PLACEMENT_3D ( 'NONE', #177, #3471, #3211 ) ;
#918 = ORIENTED_EDGE ( 'NONE', *, *, #1937, .T. ) ;
#919 = PRESENTATION_LAYER_ASSIGNMENT (  '', '', ( #2476 ) ) ;
#920 = VECTOR ( 'NONE', #2704, 1000.000000000000000 ) ;
#921 = DIRECTION ( 'NONE',  ( 1.000000000000000000, -0.000000000000000000, -0.000000000000000000 ) ) ;
#922 = CARTESIAN_POINT ( 'NONE',  ( 7.000000000000001776, -25.00000000000000000, 450.0000000000000000 ) ) ;
#923 = CIRCLE ( 'NONE', #1793, 2.499999999999996003 ) ;
#924 = FACE_OUTER_BOUND ( 'NONE', #2492, .T. ) ;
#925 = EDGE_CURVE ( 'NONE', #3533, #1490, #1798, .T. ) ;
#926 = EDGE_CURVE ( 'NONE', #269, #262, #3314, .T. ) ;
#927 = VECTOR ( 'NONE', #681, 1000.000000000000000 ) ;
#928 = EDGE_LOOP ( 'NONE', ( #2025, #1923, #2698, #1220 ) ) ;
#929 = EDGE_CURVE ( 'NONE', #1068, #3242, #1973, .T. ) ;
#930 = CARTESIAN_POINT ( 'NONE',  ( -1.561251128379126385E-14, 25.00000000000000000, -378.4168760482229459 ) ) ;
#931 = VECTOR ( 'NONE', #872, 1000.000000000000000 ) ;
#932 = EDGE_CURVE ( 'NONE', #1528, #682, #1104, .T. ) ;
#933 = EDGE_CURVE ( 'NONE', #3087, #507, #1058, .T. ) ;
#934 = PLANE ( 'NONE',  #2423 ) ;
#935 = ORIENTED_EDGE ( 'NONE', *, *, #31, .T. ) ;
#936 = CARTESIAN_POINT ( 'NONE',  ( 10.00000000000000178, 20.00000000000000000, 450.0000000000000000 ) ) ;
#937 = ORIENTED_EDGE ( 'NONE', *, *, #345, .T. ) ;
#938 = CARTESIAN_POINT ( 'NONE',  ( 10.00000000000000533, 20.00000000000001421, 417.3606797749979478 ) ) ;
#939 = CARTESIAN_POINT ( 'NONE',  ( 3.000000000000001776, -15.00000000000000533, -365.0000000000000000 ) ) ;
#940 = CARTESIAN_POINT ( 'NONE',  ( 0.000000000000000000, 0.000000000000000000, 0.000000000000000000 ) ) ;
#941 = DIRECTION ( 'NONE',  ( -0.000000000000000000, -0.000000000000000000, -1.000000000000000000 ) ) ;
#942 = LINE ( 'NONE', #1258, #625 ) ;
#943 = LINE ( 'NONE', #2047, #1043 ) ;
#944 = FACE_BOUND ( 'NONE', #950, .T. ) ;
#945 = DIRECTION ( 'NONE',  ( 1.000000000000000000, 0.000000000000000000, 0.000000000000000000 ) ) ;
#946 = ORIENTED_EDGE ( 'NONE', *, *, #3527, .T. ) ;
#947 = EDGE_CURVE ( 'NONE', #2155, #634, #1654, .T. ) ;
#948 = FACE_OUTER_BOUND ( 'NONE', #1251, .T. ) ;
#949 = DIRECTION ( 'NONE',  ( 1.734723475976806848E-16, 1.000000000000000000, 0.000000000000000000 ) ) ;
#950 = EDGE_LOOP ( 'NONE', ( #3019, #2018 ) ) ;
#951 = CARTESIAN_POINT ( 'NONE',  ( 9.999999999999984013, 40.00000000000000000, -450.0000000000000000 ) ) ;
#952 = ORIENTED_EDGE ( 'NONE', *, *, #3376, .T. ) ;
#953 = LINE ( 'NONE', #1416, #50 ) ;
#954 = LINE ( 'NONE', #1169, #2066 ) ;
#955 = CARTESIAN_POINT ( 'NONE',  ( 2.500000000000011546, 32.50000000000000000, -450.0000000000000000 ) ) ;
#956 = CARTESIAN_POINT ( 'NONE',  ( 3.000000000000001776, -25.00000000000000000, 450.0000000000000000 ) ) ;
#957 = CARTESIAN_POINT ( 'NONE',  ( 7.000000000000002665, 10.00000000000000000, -450.0000000000000000 ) ) ;
#958 = FACE_BOUND ( 'NONE', #1848, .T. ) ;
#959 = LINE ( 'NONE', #2049, #975 ) ;
#960 = ORIENTED_EDGE ( 'NONE', *, *, #2291, .T. ) ;
#961 = EDGE_CURVE ( 'NONE', #2457, #2919, #3126, .T. ) ;
#962 = LINE ( 'NONE', #2084, #3396 ) ;
#963 = CONICAL_SURFACE ( 'NONE', #726, 2.749999999999974687, 0.7853981633974490562 ) ;
#964 = ORIENTED_EDGE ( 'NONE', *, *, #174, .F. ) ;
#965 = VECTOR ( 'NONE', #2604, 1000.000000000000000 ) ;
#966 = ORIENTED_EDGE ( 'NONE', *, *, #822, .T. ) ;
#967 = CARTESIAN_POINT ( 'NONE',  ( 1.750000000000002442, 14.99999999999999467, 425.0000000000000000 ) ) ;
#968 = ADVANCED_FACE ( 'NONE', ( #638 ), #1746, .F. ) ;
#969 = VECTOR ( 'NONE', #610, 1000.000000000000000 ) ;
#970 = DIRECTION ( 'NONE',  ( 0.000000000000000000, 0.000000000000000000, -1.000000000000000000 ) ) ;
#971 = EDGE_CURVE ( 'NONE', #78, #111, #2, .T. ) ;
#972 = LINE ( 'NONE', #1478, #2191 ) ;
#973 = ADVANCED_FACE ( 'NONE', ( #72 ), #934, .F. ) ;
#974 = EDGE_CURVE ( 'NONE', #1907, #639, #323, .T. ) ;
#975 = VECTOR ( 'NONE', #135, 1000.000000000000000 ) ;
#976 = DIRECTION ( 'NONE',  ( 1.000000000000000000, -0.000000000000000000, -0.000000000000000000 ) ) ;
#977 = FACE_BOUND ( 'NONE', #3542, .T. ) ;
#978 = DIRECTION ( 'NONE',  ( 0.000000000000000000, -0.000000000000000000, -1.000000000000000000 ) ) ;
#979 = VERTEX_POINT ( 'NONE', #2278 ) ;
#980 = CARTESIAN_POINT ( 'NONE',  ( 7.000000000000001776, -5.000000000000000888, 365.4196010845018918 ) ) ;
#981 = AXIS2_PLACEMENT_3D ( 'NONE', #1475, #2570, #92 ) ;
#982 = ORIENTED_EDGE ( 'NONE', *, *, #3043, .F. ) ;
#983 = AXIS2_PLACEMENT_3D ( 'NONE', #568, #1734, #7 ) ;
#984 = ORIENTED_EDGE ( 'NONE', *, *, #3239, .F. ) ;
#985 = EDGE_LOOP ( 'NONE', ( #2487, #1906, #2341, #1596 ) ) ;
#986 = CIRCLE ( 'NONE', #1329, 1.500000000000001332 ) ;
#987 = VERTEX_POINT ( 'NONE', #361 ) ;
#988 = DIRECTION ( 'NONE',  ( 1.000000000000000000, -0.000000000000000000, -0.000000000000000000 ) ) ;
#989 = FACE_OUTER_BOUND ( 'NONE', #1124, .T. ) ;
#990 = ORIENTED_EDGE ( 'NONE', *, *, #2774, .T. ) ;
#991 = LINE ( 'NONE', #1301, #3562 ) ;
#992 = FACE_BOUND ( 'NONE', #3486, .T. ) ;
#993 = LINE ( 'NONE', #1315, #3225 ) ;
#994 = ORIENTED_EDGE ( 'NONE', *, *, #1040, .T. ) ;
#995 = LINE ( 'NONE', #2933, #908 ) ;
#996 = ORIENTED_EDGE ( 'NONE', *, *, #591, .T. ) ;
#997 = VERTEX_POINT ( 'NONE', #1435 ) ;
#998 = EDGE_LOOP ( 'NONE', ( #303, #918, #1492, #1577 ) ) ;
#999 = ORIENTED_EDGE ( 'NONE', *, *, #2337, .F. ) ;
#1000 = DIRECTION ( 'NONE',  ( 1.000000000000000000, 0.000000000000000000, 0.000000000000000000 ) ) ;
#1001 = CARTESIAN_POINT ( 'NONE',  ( 3.000000000000001776, 14.99999999999999467, -362.2500000000000000 ) ) ;
#1002 = EDGE_CURVE ( 'NONE', #3403, #2454, #1413, .T. ) ;
#1003 = ADVANCED_FACE ( 'NONE', ( #886 ), #3097, .F. ) ;
#1004 = CARTESIAN_POINT ( 'NONE',  ( 7.000000000000002665, -10.00000000000000000, 450.0000000000000000 ) ) ;
#1005 = DIRECTION ( 'NONE',  ( 1.000000000000000000, -0.000000000000000000, -0.000000000000000000 ) ) ;
#1006 = EDGE_CURVE ( 'NONE', #1242, #1998, #462, .T. ) ;
#1007 = DIRECTION ( 'NONE',  ( -0.000000000000000000, -0.000000000000000000, -1.000000000000000000 ) ) ;
#1008 = ORIENTED_EDGE ( 'NONE', *, *, #3189, .T. ) ;
#1009 = CARTESIAN_POINT ( 'NONE',  ( 8.517925507445284181E-15, -40.00000000000000000, 450.0000000000000000 ) ) ;
#1010 = VERTEX_POINT ( 'NONE', #2533 ) ;
#1011 = EDGE_LOOP ( 'NONE', ( #1783, #1150 ) ) ;
#1012 = ORIENTED_EDGE ( 'NONE', *, *, #437, .F. ) ;
#1013 = ORIENTED_EDGE ( 'NONE', *, *, #1347, .T. ) ;
#1014 = CARTESIAN_POINT ( 'NONE',  ( -1.647987302177966740E-14, 14.99999999999999467, 425.0000000000000000 ) ) ;
#1015 = CIRCLE ( 'NONE', #3267, 1.500000000000001332 ) ;
#1016 = CIRCLE ( 'NONE', #494, 30.00000000000002842 ) ;
#1017 = VECTOR ( 'NONE', #1056, 1000.000000000000000 ) ;
#1018 = VECTOR ( 'NONE', #1111, 1000.000000000000000 ) ;
#1019 = DIRECTION ( 'NONE',  ( -1.734723475976807341E-16, 1.000000000000000000, 0.000000000000000000 ) ) ;
#1020 = VECTOR ( 'NONE', #2044, 1000.000000000000000 ) ;
#1021 = CARTESIAN_POINT ( 'NONE',  ( 8.517925507445284181E-15, -40.00000000000000000, 450.0000000000000000 ) ) ;
#1022 = VERTEX_POINT ( 'NONE', #655 ) ;
#1023 = CARTESIAN_POINT ( 'NONE',  ( 3.000000000000001776, 25.00000000000000000, -450.0000000000000000 ) ) ;
#1024 = DIRECTION ( 'NONE',  ( 1.000000000000000000, 1.734723475976806848E-16, -0.000000000000000000 ) ) ;
#1025 = LINE ( 'NONE', #449, #2125 ) ;
#1026 = ORIENTED_EDGE ( 'NONE', *, *, #1454, .T. ) ;
#1027 = CARTESIAN_POINT ( 'NONE',  ( 3.000000000000001776, 14.99999999999999467, -365.0000000000000000 ) ) ;
#1028 = EDGE_CURVE ( 'NONE', #1931, #1749, #2302, .T. ) ;
#1029 = EDGE_CURVE ( 'NONE', #507, #3166, #1706, .T. ) ;
#1030 = CIRCLE ( 'NONE', #2942, 30.00000000000002842 ) ;
#1031 = ORIENTED_EDGE ( 'NONE', *, *, #2817, .F. ) ;
#1032 = ORIENTED_EDGE ( 'NONE', *, *, #3535, .T. ) ;
#1033 = CIRCLE ( 'NONE', #161, 30.00000000000002842 ) ;
#1034 = ORIENTED_EDGE ( 'NONE', *, *, #3089, .T. ) ;
#1035 = PRODUCT_DEFINITION_SHAPE ( 'NONE', 'NONE',  #2820 ) ;
#1036 = ORIENTED_EDGE ( 'NONE', *, *, #414, .F. ) ;
#1037 = DIRECTION ( 'NONE',  ( -0.000000000000000000, -0.000000000000000000, -1.000000000000000000 ) ) ;
#1038 = VECTOR ( 'NONE', #2022, 1000.000000000000000 ) ;
#1039 = EDGE_CURVE ( 'NONE', #3236, #3428, #614, .T. ) ;
#1040 = EDGE_CURVE ( 'NONE', #73, #1349, #2899, .T. ) ;
#1041 = VECTOR ( 'NONE', #805, 1000.000000000000000 ) ;
#1042 = LINE ( 'NONE', #2977, #1851 ) ;
#1043 = VECTOR ( 'NONE', #2008, 1000.000000000000000 ) ;
#1044 = CARTESIAN_POINT ( 'NONE',  ( 7.000000000000002665, -10.00000000000000000, 450.0000000000000000 ) ) ;
#1045 = VERTEX_POINT ( 'NONE', #2806 ) ;
#1046 = CARTESIAN_POINT ( 'NONE',  ( 7.000000000000001776, 25.00000000000000000, -378.4168760482229459 ) ) ;
#1047 = DIRECTION ( 'NONE',  ( -0.000000000000000000, -0.000000000000000000, -1.000000000000000000 ) ) ;
#1048 = DIRECTION ( 'NONE',  ( 0.000000000000000000, 0.000000000000000000, -1.000000000000000000 ) ) ;
#1049 = ORIENTED_EDGE ( 'NONE', *, *, #1367, .F. ) ;
#1050 = FACE_OUTER_BOUND ( 'NONE', #1110, .T. ) ;
#1051 = ORIENTED_EDGE ( 'NONE', *, *, #704, .T. ) ;
#1052 = EDGE_CURVE ( 'NONE', #2241, #1697, #110, .T. ) ;
#1053 = EDGE_LOOP ( 'NONE', ( #3120, #2470, #2722, #2500 ) ) ;
#1054 = ORIENTED_EDGE ( 'NONE', *, *, #548, .T. ) ;
#1055 = ORIENTED_EDGE ( 'NONE', *, *, #2859, .F. ) ;
#1056 = DIRECTION ( 'NONE',  ( -1.734723475976806848E-16, -1.000000000000000000, -0.000000000000000000 ) ) ;
#1057 = EDGE_CURVE ( 'NONE', #639, #1283, #1163, .T. ) ;
#1058 = LINE ( 'NONE', #3571, #696 ) ;
#1059 = ORIENTED_EDGE ( 'NONE', *, *, #99, .T. ) ;
#1060 = CARTESIAN_POINT ( 'NONE',  ( 10.00000000000001954, 0.000000000000000000, -395.0000000000000000 ) ) ;
#1061 = CARTESIAN_POINT ( 'NONE',  ( 7.000000000000001776, -5.000000000000000888, -424.5803989154981650 ) ) ;
#1062 = DIRECTION ( 'NONE',  ( 1.000000000000000000, -0.000000000000000000, -0.000000000000000000 ) ) ;
#1063 = ORIENTED_EDGE ( 'NONE', *, *, #1231, .T. ) ;
#1064 = ORIENTED_EDGE ( 'NONE', *, *, #1543, .F. ) ;
#1065 = FACE_OUTER_BOUND ( 'NONE', #912, .T. ) ;
#1066 = CARTESIAN_POINT ( 'NONE',  ( 3.000000000000001776, -15.00000000000000533, 422.2500000000000000 ) ) ;
#1067 = DIRECTION ( 'NONE',  ( -1.734723475976806848E-16, 1.000000000000000000, 0.000000000000000000 ) ) ;
#1068 = VERTEX_POINT ( 'NONE', #1219 ) ;
#1069 = ORIENTED_EDGE ( 'NONE', *, *, #248, .F. ) ;
#1070 = ORIENTED_EDGE ( 'NONE', *, *, #124, .T. ) ;
#1071 = ORIENTED_EDGE ( 'NONE', *, *, #1686, .T. ) ;
#1072 = LINE ( 'NONE', #339, #440 ) ;
#1073 = DIRECTION ( 'NONE',  ( 1.734723475976804136E-16, 1.000000000000000000, 0.000000000000000000 ) ) ;
#1074 = ORIENTED_EDGE ( 'NONE', *, *, #3454, .T. ) ;
#1075 = CIRCLE ( 'NONE', #1826, 2.749999999999974687 ) ;
#1076 = DIRECTION ( 'NONE',  ( 0.000000000000000000, 0.000000000000000000, -1.000000000000000000 ) ) ;
#1077 = SURFACE_SIDE_STYLE ('',( #534 ) ) ;
#1078 = CARTESIAN_POINT ( 'NONE',  ( 10.00000000000000533, 0.000000000000000000, -395.0000000000000000 ) ) ;
#1079 = AXIS2_PLACEMENT_3D ( 'NONE', #2295, #2634, #371 ) ;
#1080 = ADVANCED_FACE ( 'NONE', ( #2263 ), #3386, .F. ) ;
#1081 = AXIS2_PLACEMENT_3D ( 'NONE', #2201, #586, #1387 ) ;
#1082 = ORIENTED_EDGE ( 'NONE', *, *, #2189, .T. ) ;
#1083 = DIRECTION ( 'NONE',  ( -1.000000000000000000, 0.000000000000000000, 0.000000000000000000 ) ) ;
#1084 = CARTESIAN_POINT ( 'NONE',  ( -1.561251128379126385E-14, 20.00000000000000000, -372.6393202250020522 ) ) ;
#1085 = ADVANCED_FACE ( 'NONE', ( #3425 ), #3151, .F. ) ;
#1086 = EDGE_CURVE ( 'NONE', #194, #1796, #38, .T. ) ;
#1087 = CIRCLE ( 'NONE', #85, 30.00000000000002842 ) ;
#1088 = CARTESIAN_POINT ( 'NONE',  ( 7.000000000000000888, -20.00000000000000000, 450.0000000000000000 ) ) ;
#1089 = ORIENTED_EDGE ( 'NONE', *, *, #1988, .F. ) ;
#1090 = EDGE_LOOP ( 'NONE', ( #3532, #1254, #212, #1800 ) ) ;
#1091 = VECTOR ( 'NONE', #2095, 1000.000000000000000 ) ;
#1092 = EDGE_LOOP ( 'NONE', ( #2450, #1345, #2231 ) ) ;
#1093 = VECTOR ( 'NONE', #2028, 1000.000000000000000 ) ;
#1094 = CIRCLE ( 'NONE', #1616, 30.00000000000004974 ) ;
#1095 = DIRECTION ( 'NONE',  ( 0.8571673007021137769, 0.000000000000000000, 0.5150380749100518241 ) ) ;
#1096 = VERTEX_POINT ( 'NONE', #403 ) ;
#1097 = CARTESIAN_POINT ( 'NONE',  ( 10.00000000000000711, 6.368163355566236381E-16, -344.8000000000000114 ) ) ;
#1098 = DIRECTION ( 'NONE',  ( 0.000000000000000000, 0.000000000000000000, -1.000000000000000000 ) ) ;
#1099 = CARTESIAN_POINT ( 'NONE',  ( 10.00000000000000533, 3.061616997868381169E-16, 352.5000000000000000 ) ) ;
#1100 = ORIENTED_EDGE ( 'NONE', *, *, #2180, .F. ) ;
#1101 = VECTOR ( 'NONE', #941, 1000.000000000000000 ) ;
#1102 = ORIENTED_EDGE ( 'NONE', *, *, #137, .F. ) ;
#1103 = DIRECTION ( 'NONE',  ( 1.734723475976804136E-16, 1.000000000000000000, 0.000000000000000000 ) ) ;
#1104 = CIRCLE ( 'NONE', #3298, 2.749999999999974687 ) ;
#1105 = DIRECTION ( 'NONE',  ( 0.000000000000000000, 0.000000000000000000, -1.000000000000000000 ) ) ;
#1106 = PLANE ( 'NONE',  #2813 ) ;
#1107 = EDGE_LOOP ( 'NONE', ( #3241, #3083, #1960, #2173 ) ) ;
#1108 = ORIENTED_EDGE ( 'NONE', *, *, #358, .T. ) ;
#1109 = CYLINDRICAL_SURFACE ( 'NONE', #1909, 1.500000000000001332 ) ;
#1110 = EDGE_LOOP ( 'NONE', ( #823, #830, #398, #2254, #3152, #2637, #141, #2796, #709, #143, #3354, #382, #1563, #9, #3426, #3213, #1298, #2992, #907, #1360 ) ) ;
#1111 = DIRECTION ( 'NONE',  ( -0.000000000000000000, -0.000000000000000000, -1.000000000000000000 ) ) ;
#1112 = LINE ( 'NONE', #1642, #3060 ) ;
#1113 = CARTESIAN_POINT ( 'NONE',  ( 3.000000000000001776, 14.99999999999999467, -365.0000000000000000 ) ) ;
#1114 = CARTESIAN_POINT ( 'NONE',  ( 7.000000000000001776, -25.00000000000000000, 378.4168760482229459 ) ) ;
#1115 = EDGE_CURVE ( 'NONE', #2586, #2921, #1684, .T. ) ;
#1116 = ORIENTED_EDGE ( 'NONE', *, *, #208, .T. ) ;
#1117 = LINE ( 'NONE', #3341, #865 ) ;
#1118 = CARTESIAN_POINT ( 'NONE',  ( 10.00000000000000533, 0.000000000000000000, -395.0000000000000000 ) ) ;
#1119 = EDGE_CURVE ( 'NONE', #2772, #91, #230, .T. ) ;
#1120 = EDGE_CURVE ( 'NONE', #3559, #1438, #370, .T. ) ;
#1121 = CARTESIAN_POINT ( 'NONE',  ( -1.647987302177966740E-14, -15.00000000000000533, -423.5000000000000000 ) ) ;
#1122 = ADVANCED_FACE ( 'NONE', ( #2602 ), #2272, .F. ) ;
#1123 = FACE_OUTER_BOUND ( 'NONE', #430, .T. ) ;
#1124 = EDGE_LOOP ( 'NONE', ( #1865, #1472, #1510, #587 ) ) ;
#1125 = DIRECTION ( 'NONE',  ( -1.000000000000000000, 0.000000000000000000, 0.000000000000000000 ) ) ;
#1126 = ORIENTED_EDGE ( 'NONE', *, *, #1162, .F. ) ;
#1127 = DIRECTION ( 'NONE',  ( -1.734723475976806848E-16, 1.000000000000000000, 0.000000000000000000 ) ) ;
#1128 = CARTESIAN_POINT ( 'NONE',  ( 3.000000000000001776, 5.000000000000000888, -450.0000000000000000 ) ) ;
#1129 = DIRECTION ( 'NONE',  ( 1.000000000000000000, -0.000000000000000000, -0.000000000000000000 ) ) ;
#1130 = CARTESIAN_POINT ( 'NONE',  ( 3.000000000000001776, -5.000000000000000888, 450.0000000000000000 ) ) ;
#1131 = ORIENTED_EDGE ( 'NONE', *, *, #2253, .F. ) ;
#1132 = LINE ( 'NONE', #263, #338 ) ;
#1133 = FACE_OUTER_BOUND ( 'NONE', #1621, .T. ) ;
#1134 = CIRCLE ( 'NONE', #1539, 2.749999999999974687 ) ;
#1135 = AXIS2_PLACEMENT_3D ( 'NONE', #1808, #121, #3179 ) ;
#1136 = DIRECTION ( 'NONE',  ( -1.000000000000000000, 0.000000000000000000, 0.000000000000000000 ) ) ;
#1137 = LINE ( 'NONE', #3093, #3452 ) ;
#1138 = EDGE_CURVE ( 'NONE', #2154, #2973, #699, .T. ) ;
#1139 = DIRECTION ( 'NONE',  ( -1.734723475976804136E-16, 1.000000000000000000, 0.000000000000000000 ) ) ;
#1140 = ORIENTED_EDGE ( 'NONE', *, *, #2320, .T. ) ;
#1141 = VECTOR ( 'NONE', #716, 1000.000000000000000 ) ;
#1142 = CARTESIAN_POINT ( 'NONE',  ( -1.561251128379126385E-14, -20.00000000000000000, 372.6393202250020522 ) ) ;
#1143 = VERTEX_POINT ( 'NONE', #1466 ) ;
#1144 = LINE ( 'NONE', #1437, #2294 ) ;
#1145 = DIRECTION ( 'NONE',  ( -0.000000000000000000, -0.000000000000000000, 1.000000000000000000 ) ) ;
#1146 = AXIS2_PLACEMENT_3D ( 'NONE', #3007, #1282, #2710 ) ;
#1147 = AXIS2_PLACEMENT_3D ( 'NONE', #3084, #3139, #618 ) ;
#1148 = DIRECTION ( 'NONE',  ( 1.000000000000000000, -0.000000000000000000, -0.000000000000000000 ) ) ;
#1149 = CYLINDRICAL_SURFACE ( 'NONE', #2460, 1.500000000000001332 ) ;
#1150 = ORIENTED_EDGE ( 'NONE', *, *, #1292, .F. ) ;
#1151 = DIRECTION ( 'NONE',  ( 0.7071067811865470176, 0.000000000000000000, -0.7071067811865481278 ) ) ;
#1152 = CIRCLE ( 'NONE', #2077, 1.500000000000001332 ) ;
#1153 = CARTESIAN_POINT ( 'NONE',  ( 3.000000000000001776, 14.99999999999999467, 363.5000000000000000 ) ) ;
#1154 = VECTOR ( 'NONE', #2187, 1000.000000000000000 ) ;
#1155 = AXIS2_PLACEMENT_3D ( 'NONE', #3173, #729, #2106 ) ;
#1156 = CARTESIAN_POINT ( 'NONE',  ( 1.750000000000002442, 14.99999999999999467, -365.0000000000000000 ) ) ;
#1157 = DIRECTION ( 'NONE',  ( 0.000000000000000000, 1.000000000000000000, 0.000000000000000000 ) ) ;
#1158 = AXIS2_PLACEMENT_3D ( 'NONE', #2346, #1479, #3398 ) ;
#1159 = EDGE_CURVE ( 'NONE', #2697, #3494, #3144, .T. ) ;
#1160 = PLANE ( 'NONE',  #2699 ) ;
#1161 = EDGE_LOOP ( 'NONE', ( #1978, #996, #1713, #853 ) ) ;
#1162 = EDGE_CURVE ( 'NONE', #1749, #1242, #66, .T. ) ;
#1163 = LINE ( 'NONE', #2550, #1741 ) ;
#1164 = ORIENTED_EDGE ( 'NONE', *, *, #2930, .T. ) ;
#1165 = ADVANCED_FACE ( 'NONE', ( #1791 ), #336, .F. ) ;
#1166 = DIRECTION ( 'NONE',  ( 1.000000000000000000, -0.000000000000000000, -0.000000000000000000 ) ) ;
#1167 = EDGE_LOOP ( 'NONE', ( #2386, #3184, #2618 ) ) ;
#1168 = DIRECTION ( 'NONE',  ( 1.000000000000000000, -0.000000000000000000, -0.000000000000000000 ) ) ;
#1169 = CARTESIAN_POINT ( 'NONE',  ( 10.00000000000000533, 3.061616997868381169E-16, -347.5000000000000000 ) ) ;
#1170 = VERTEX_POINT ( 'NONE', #1740 ) ;
#1171 = FACE_OUTER_BOUND ( 'NONE', #2150, .T. ) ;
#1172 = EDGE_CURVE ( 'NONE', #2772, #1528, #2313, .T. ) ;
#1173 = FACE_OUTER_BOUND ( 'NONE', #3500, .T. ) ;
#1174 = DIRECTION ( 'NONE',  ( -0.000000000000000000, -0.000000000000000000, -1.000000000000000000 ) ) ;
#1175 = CARTESIAN_POINT ( 'NONE',  ( 3.000000000000001776, 14.99999999999999467, -365.0000000000000000 ) ) ;
#1176 = DIRECTION ( 'NONE',  ( 0.000000000000000000, -0.000000000000000000, 1.000000000000000000 ) ) ;
#1177 = ORIENTED_EDGE ( 'NONE', *, *, #3306, .F. ) ;
#1178 = DIRECTION ( 'NONE',  ( 0.000000000000000000, 0.000000000000000000, -1.000000000000000000 ) ) ;
#1179 = VERTEX_POINT ( 'NONE', #957 ) ;
#1180 = DIRECTION ( 'NONE',  ( -0.000000000000000000, -0.000000000000000000, 1.000000000000000000 ) ) ;
#1181 = ORIENTED_EDGE ( 'NONE', *, *, #2322, .F. ) ;
#1182 = DIRECTION ( 'NONE',  ( 0.000000000000000000, 0.000000000000000000, -1.000000000000000000 ) ) ;
#1183 = VERTEX_POINT ( 'NONE', #2615 ) ;
#1184 = DIRECTION ( 'NONE',  ( 1.000000000000000000, -0.000000000000000000, -0.000000000000000000 ) ) ;
#1185 = CARTESIAN_POINT ( 'NONE',  ( 7.000000000000000888, 0.000000000000000000, -395.0000000000000000 ) ) ;
#1186 = ORIENTED_EDGE ( 'NONE', *, *, #2507, .T. ) ;
#1187 = DIRECTION ( 'NONE',  ( 0.000000000000000000, 0.000000000000000000, 1.000000000000000000 ) ) ;
#1188 = ADVANCED_FACE ( 'NONE', ( #3418 ), #3065, .F. ) ;
#1189 = EDGE_CURVE ( 'NONE', #3004, #621, #943, .T. ) ;
#1190 = CARTESIAN_POINT ( 'NONE',  ( 7.000000000000001776, -5.000000000000000888, 450.0000000000000000 ) ) ;
#1191 = DIRECTION ( 'NONE',  ( 0.000000000000000000, 0.000000000000000000, 1.000000000000000000 ) ) ;
#1192 = VECTOR ( 'NONE', #374, 1000.000000000000000 ) ;
#1193 = EDGE_CURVE ( 'NONE', #3340, #1744, #3498, .T. ) ;
#1194 = AXIS2_PLACEMENT_3D ( 'NONE', #1088, #2190, #1067 ) ;
#1195 = PLANE ( 'NONE',  #741 ) ;
#1196 = EDGE_CURVE ( 'NONE', #682, #1528, #266, .T. ) ;
#1197 = VECTOR ( 'NONE', #2347, 1000.000000000000114 ) ;
#1198 = ORIENTED_EDGE ( 'NONE', *, *, #3424, .T. ) ;
#1199 = DIRECTION ( 'NONE',  ( -0.000000000000000000, -0.000000000000000000, -1.000000000000000000 ) ) ;
#1200 = CARTESIAN_POINT ( 'NONE',  ( -1.561251128379126385E-14, -5.000000000000000888, 365.4196010845018918 ) ) ;
#1201 = VERTEX_POINT ( 'NONE', #1754 ) ;
#1202 = DIRECTION ( 'NONE',  ( 1.000000000000000000, -0.000000000000000000, -0.000000000000000000 ) ) ;
#1203 = ORIENTED_EDGE ( 'NONE', *, *, #1384, .F. ) ;
#1204 = LINE ( 'NONE', #2306, #631 ) ;
#1205 = CARTESIAN_POINT ( 'NONE',  ( 10.00000000000000533, 0.000000000000000000, 350.0000000000000000 ) ) ;
#1206 = DIRECTION ( 'NONE',  ( -0.000000000000000000, -0.000000000000000000, -1.000000000000000000 ) ) ;
#1207 = CARTESIAN_POINT ( 'NONE',  ( 7.000000000000000888, 20.00000000000000000, 450.0000000000000000 ) ) ;
#1208 = VECTOR ( 'NONE', #2166, 1000.000000000000000 ) ;
#1209 = FACE_OUTER_BOUND ( 'NONE', #2478, .T. ) ;
#1210 = CIRCLE ( 'NONE', #3455, 30.00000000000002842 ) ;
#1211 = VECTOR ( 'NONE', #2798, 1000.000000000000114 ) ;
#1212 = CARTESIAN_POINT ( 'NONE',  ( 7.000000000000000888, 20.00000000000000000, 450.0000000000000000 ) ) ;
#1213 = FACE_OUTER_BOUND ( 'NONE', #1886, .T. ) ;
#1214 = CIRCLE ( 'NONE', #3229, 30.00000000000004974 ) ;
#1215 = DIRECTION ( 'NONE',  ( -1.000000000000000000, 0.000000000000000000, 0.000000000000000000 ) ) ;
#1216 = VECTOR ( 'NONE', #855, 1000.000000000000000 ) ;
#1217 = EDGE_LOOP ( 'NONE', ( #2039, #2061, #2569, #1271 ) ) ;
#1218 = DIRECTION ( 'NONE',  ( 0.000000000000000000, -0.000000000000000000, -1.000000000000000000 ) ) ;
#1219 = CARTESIAN_POINT ( 'NONE',  ( 1.750000000000002442, -15.00000000000000533, 366.5000000000000000 ) ) ;
#1220 = ORIENTED_EDGE ( 'NONE', *, *, #2965, .F. ) ;
#1221 = CARTESIAN_POINT ( 'NONE',  ( -1.561251128379126385E-14, 25.00000000000000000, 411.5831239517771110 ) ) ;
#1222 = ORIENTED_EDGE ( 'NONE', *, *, #1758, .T. ) ;
#1223 = CARTESIAN_POINT ( 'NONE',  ( 1.750000000000002442, -15.00000000000000533, 363.5000000000000000 ) ) ;
#1224 = PLANE ( 'NONE',  #2597 ) ;
#1225 = SHAPE_DEFINITION_REPRESENTATION ( #1035, #1933 ) ;
#1226 = DIRECTION ( 'NONE',  ( 0.000000000000000000, 0.000000000000000000, 1.000000000000000000 ) ) ;
#1227 = LINE ( 'NONE', #2332, #570 ) ;
#1228 = ADVANCED_FACE ( 'NONE', ( #3446 ), #2752, .F. ) ;
#1229 = DIRECTION ( 'NONE',  ( 0.7071067811865470176, 8.659560562354940254E-17, 0.7071067811865481278 ) ) ;
#1230 = DIRECTION ( 'NONE',  ( -0.000000000000000000, -0.000000000000000000, -1.000000000000000000 ) ) ;
#1231 = EDGE_CURVE ( 'NONE', #2850, #3220, #3325, .T. ) ;
#1232 = CARTESIAN_POINT ( 'NONE',  ( 5.000000000000001776, 32.50000000000000000, -450.0000000000000000 ) ) ;
#1233 = ORIENTED_EDGE ( 'NONE', *, *, #276, .T. ) ;
#1234 = DIRECTION ( 'NONE',  ( 1.000000000000000000, -1.734723475976806848E-16, 0.000000000000000000 ) ) ;
#1235 = EDGE_CURVE ( 'NONE', #101, #2746, #2878, .T. ) ;
#1236 = EDGE_CURVE ( 'NONE', #3550, #492, #2226, .T. ) ;
#1237 = CARTESIAN_POINT ( 'NONE',  ( 1.750000000000002442, -15.00000000000000533, 425.0000000000000000 ) ) ;
#1238 = VERTEX_POINT ( 'NONE', #3130 ) ;
#1239 = ORIENTED_EDGE ( 'NONE', *, *, #589, .T. ) ;
#1240 = CARTESIAN_POINT ( 'NONE',  ( -1.647987302177966740E-14, 14.99999999999999467, 365.0000000000000000 ) ) ;
#1241 = CARTESIAN_POINT ( 'NONE',  ( 3.000000000000001776, 14.99999999999999467, -365.0000000000000000 ) ) ;
#1242 = VERTEX_POINT ( 'NONE', #1520 ) ;
#1243 = CARTESIAN_POINT ( 'NONE',  ( 3.000000000000001776, -15.00000000000000533, 365.0000000000000000 ) ) ;
#1244 = DIRECTION ( 'NONE',  ( -3.061616997868382648E-16, 1.000000000000000000, 0.000000000000000000 ) ) ;
#1245 = FACE_BOUND ( 'NONE', #1305, .T. ) ;
#1246 = VERTEX_POINT ( 'NONE', #2543 ) ;
#1247 = AXIS2_PLACEMENT_3D ( 'NONE', #152, #770, #2093 ) ;
#1248 = CARTESIAN_POINT ( 'NONE',  ( 7.000000000000001776, -25.00000000000000000, -378.4168760482229459 ) ) ;
#1249 = ORIENTED_EDGE ( 'NONE', *, *, #548, .F. ) ;
#1250 = VECTOR ( 'NONE', #3316, 1000.000000000000000 ) ;
#1251 = EDGE_LOOP ( 'NONE', ( #433, #1036, #2954, #3569 ) ) ;
#1252 = ORIENTED_EDGE ( 'NONE', *, *, #1809, .T. ) ;
#1253 = AXIS2_PLACEMENT_3D ( 'NONE', #3365, #1689, #3383 ) ;
#1254 = ORIENTED_EDGE ( 'NONE', *, *, #2785, .F. ) ;
#1255 = CARTESIAN_POINT ( 'NONE',  ( 7.000000000000002665, -10.00000000000000000, -450.0000000000000000 ) ) ;
#1256 = VECTOR ( 'NONE', #1515, 1000.000000000000000 ) ;
#1257 = CARTESIAN_POINT ( 'NONE',  ( 3.000000000000001776, -15.00000000000000533, -426.5000000000000000 ) ) ;
#1258 = CARTESIAN_POINT ( 'NONE',  ( 7.499999999999998224, -32.50000000000000000, -430.0000000000000000 ) ) ;
#1259 = AXIS2_PLACEMENT_3D ( 'NONE', #2065, #2901, #82 ) ;
#1260 = CARTESIAN_POINT ( 'NONE',  ( 10.00000000000000533, -9.999999999999992895, -423.2842712474619589 ) ) ;
#1261 = DIRECTION ( 'NONE',  ( 1.000000000000000000, -0.000000000000000000, -0.000000000000000000 ) ) ;
#1262 = DIRECTION ( 'NONE',  ( -1.734723475976804136E-16, 1.000000000000000000, 0.000000000000000000 ) ) ;
#1263 = ORIENTED_EDGE ( 'NONE', *, *, #854, .T. ) ;
#1264 = AXIS2_PLACEMENT_3D ( 'NONE', #585, #1129, #1695 ) ;
#1265 = DIRECTION ( 'NONE',  ( 1.000000000000000000, -0.000000000000000000, -0.000000000000000000 ) ) ;
#1266 = CIRCLE ( 'NONE', #2829, 2.749999999999974687 ) ;
#1267 = ORIENTED_EDGE ( 'NONE', *, *, #3194, .F. ) ;
#1268 = VECTOR ( 'NONE', #1277, 1000.000000000000000 ) ;
#1269 = EDGE_CURVE ( 'NONE', #2919, #2457, #2287, .T. ) ;
#1270 = ORIENTED_EDGE ( 'NONE', *, *, #2139, .T. ) ;
#1271 = ORIENTED_EDGE ( 'NONE', *, *, #166, .T. ) ;
#1272 = VECTOR ( 'NONE', #2333, 1000.000000000000000 ) ;
#1273 = ORIENTED_EDGE ( 'NONE', *, *, #663, .F. ) ;
#1274 = DIRECTION ( 'NONE',  ( 1.000000000000000000, -0.000000000000000000, -0.000000000000000000 ) ) ;
#1275 = ADVANCED_FACE ( 'NONE', ( #1578 ), #1313, .F. ) ;
#1276 = EDGE_CURVE ( 'NONE', #3422, #1749, #1016, .T. ) ;
#1277 = DIRECTION ( 'NONE',  ( 1.000000000000000000, -0.000000000000000000, -0.000000000000000000 ) ) ;
#1278 = DIRECTION ( 'NONE',  ( 0.7071067811865470176, 0.000000000000000000, -0.7071067811865481278 ) ) ;
#1279 = EDGE_CURVE ( 'NONE', #2746, #269, #3247, .T. ) ;
#1280 = FACE_BOUND ( 'NONE', #2762, .T. ) ;
#1281 = CARTESIAN_POINT ( 'NONE',  ( 10.00000000000000533, 10.00000000000000000, -450.0000000000000000 ) ) ;
#1282 = DIRECTION ( 'NONE',  ( -0.000000000000000000, -0.000000000000000000, 1.000000000000000000 ) ) ;
#1283 = VERTEX_POINT ( 'NONE', #2394 ) ;
#1284 = DIRECTION ( 'NONE',  ( 0.000000000000000000, 0.000000000000000000, 1.000000000000000000 ) ) ;
#1285 = ORIENTED_EDGE ( 'NONE', *, *, #64, .F. ) ;
#1286 = VERTEX_POINT ( 'NONE', #3192 ) ;
#1287 = ORIENTED_EDGE ( 'NONE', *, *, #3012, .F. ) ;
#1288 = ORIENTED_EDGE ( 'NONE', *, *, #3070, .F. ) ;
#1289 = FACE_OUTER_BOUND ( 'NONE', #1652, .T. ) ;
#1290 = DIRECTION ( 'NONE',  ( -1.734723475976804136E-16, 1.000000000000000000, 0.000000000000000000 ) ) ;
#1291 = EDGE_CURVE ( 'NONE', #3167, #1796, #1821, .T. ) ;
#1292 = EDGE_CURVE ( 'NONE', #2621, #2606, #1134, .T. ) ;
#1293 = ORIENTED_EDGE ( 'NONE', *, *, #1426, .T. ) ;
#1294 = CARTESIAN_POINT ( 'NONE',  ( 6.999999999999997335, 0.000000000000000000, 395.0000000000000000 ) ) ;
#1295 = FACE_OUTER_BOUND ( 'NONE', #2972, .T. ) ;
#1296 = LINE ( 'NONE', #1340, #3057 ) ;
#1297 = EDGE_CURVE ( 'NONE', #2719, #253, #204, .T. ) ;
#1298 = ORIENTED_EDGE ( 'NONE', *, *, #59, .F. ) ;
#1299 = EDGE_CURVE ( 'NONE', #2439, #540, #446, .T. ) ;
#1300 = ADVANCED_FACE ( 'NONE', ( #175 ), #465, .F. ) ;
#1301 = CARTESIAN_POINT ( 'NONE',  ( 10.00000000000000533, -10.00000000000000000, 450.0000000000000000 ) ) ;
#1302 = ORIENTED_EDGE ( 'NONE', *, *, #2297, .T. ) ;
#1303 = VERTEX_POINT ( 'NONE', #1046 ) ;
#1304 = VERTEX_POINT ( 'NONE', #1533 ) ;
#1305 = EDGE_LOOP ( 'NONE', ( #2431, #1514 ) ) ;
#1306 = CARTESIAN_POINT ( 'NONE',  ( 10.00000000000000711, 0.000000000000000000, 350.0000000000000000 ) ) ;
#1307 = CIRCLE ( 'NONE', #447, 1.500000000000001332 ) ;
#1308 = CIRCLE ( 'NONE', #2348, 1.500000000000001332 ) ;
#1309 = DIRECTION ( 'NONE',  ( 1.000000000000000000, 1.734723475976807341E-16, -0.000000000000000000 ) ) ;
#1310 = AXIS2_PLACEMENT_3D ( 'NONE', #2380, #1005, #1579 ) ;
#1311 = LINE ( 'NONE', #1044, #3227 ) ;
#1312 = VERTEX_POINT ( 'NONE', #3231 ) ;
#1313 = PLANE ( 'NONE',  #2692 ) ;
#1314 = CARTESIAN_POINT ( 'NONE',  ( 10.00000000000000533, 10.00000000000000000, -450.0000000000000000 ) ) ;
#1315 = CARTESIAN_POINT ( 'NONE',  ( 3.000000000000001776, -5.000000000000000888, 450.0000000000000000 ) ) ;
#1316 = ADVANCED_FACE ( 'NONE', ( #226, #1280, #2653 ), #2413, .F. ) ;
#1317 = ORIENTED_EDGE ( 'NONE', *, *, #439, .T. ) ;
#1318 = DIRECTION ( 'NONE',  ( -0.000000000000000000, -0.000000000000000000, 1.000000000000000000 ) ) ;
#1319 = VECTOR ( 'NONE', #3552, 1000.000000000000000 ) ;
#1320 = VECTOR ( 'NONE', #3291, 1000.000000000000000 ) ;
#1321 = EDGE_LOOP ( 'NONE', ( #2494, #2004, #2957, #1565 ) ) ;
#1322 = VECTOR ( 'NONE', #1753, 1000.000000000000000 ) ;
#1323 = VERTEX_POINT ( 'NONE', #188 ) ;
#1324 = VECTOR ( 'NONE', #2200, 1000.000000000000000 ) ;
#1325 = VERTEX_POINT ( 'NONE', #1807 ) ;
#1326 = VERTEX_POINT ( 'NONE', #1023 ) ;
#1327 = DIRECTION ( 'NONE',  ( 0.000000000000000000, 0.000000000000000000, -1.000000000000000000 ) ) ;
#1328 = CIRCLE ( 'NONE', #516, 30.00000000000004974 ) ;
#1329 = AXIS2_PLACEMENT_3D ( 'NONE', #1518, #603, #1770 ) ;
#1330 = DIRECTION ( 'NONE',  ( 1.000000000000000000, -0.000000000000000000, -0.000000000000000000 ) ) ;
#1331 = VERTEX_POINT ( 'NONE', #3520 ) ;
#1332 = CARTESIAN_POINT ( 'NONE',  ( 3.000000000000001776, 5.000000000000000888, 450.0000000000000000 ) ) ;
#1333 = AXIS2_PLACEMENT_3D ( 'NONE', #304, #346, #596 ) ;
#1334 = LINE ( 'NONE', #1574, #3112 ) ;
#1335 = DIRECTION ( 'NONE',  ( 0.000000000000000000, 0.000000000000000000, -1.000000000000000000 ) ) ;
#1336 = VERTEX_POINT ( 'NONE', #1260 ) ;
#1337 = ORIENTED_EDGE ( 'NONE', *, *, #3538, .T. ) ;
#1338 = DIRECTION ( 'NONE',  ( 0.000000000000000000, 0.000000000000000000, -1.000000000000000000 ) ) ;
#1339 = FACE_OUTER_BOUND ( 'NONE', #1682, .T. ) ;
#1340 = CARTESIAN_POINT ( 'NONE',  ( 9.999999999999984013, 40.00000000000000000, -450.0000000000000000 ) ) ;
#1341 = CARTESIAN_POINT ( 'NONE',  ( 7.000000000000001776, -25.00000000000000000, -411.5831239517771110 ) ) ;
#1342 = VERTEX_POINT ( 'NONE', #2108 ) ;
#1343 = EDGE_LOOP ( 'NONE', ( #2153, #2579, #3384 ) ) ;
#1344 = ORIENTED_EDGE ( 'NONE', *, *, #2560, .T. ) ;
#1345 = ORIENTED_EDGE ( 'NONE', *, *, #3070, .T. ) ;
#1346 = DIRECTION ( 'NONE',  ( 0.7071067811865470176, 8.659560562354940254E-17, 0.7071067811865481278 ) ) ;
#1347 = EDGE_CURVE ( 'NONE', #3360, #542, #1308, .T. ) ;
#1348 = CARTESIAN_POINT ( 'NONE',  ( 7.000000000000001776, 5.000000000000000888, 450.0000000000000000 ) ) ;
#1349 = VERTEX_POINT ( 'NONE', #2967 ) ;
#1350 = EDGE_CURVE ( 'NONE', #3474, #1931, #2987, .T. ) ;
#1351 = ADVANCED_FACE ( 'NONE', ( #1065 ), #1878, .F. ) ;
#1352 = CARTESIAN_POINT ( 'NONE',  ( 7.000000000000002665, -10.00000000000000000, 450.0000000000000000 ) ) ;
#1353 = CARTESIAN_POINT ( 'NONE',  ( 5.000000000000001776, 32.50000000000000000, 430.0000000000000000 ) ) ;
#1354 = DIRECTION ( 'NONE',  ( 1.000000000000000000, -0.000000000000000000, -0.000000000000000000 ) ) ;
#1355 = ORIENTED_EDGE ( 'NONE', *, *, #1196, .F. ) ;
#1356 = CARTESIAN_POINT ( 'NONE',  ( 7.000000000000001776, -25.00000000000000000, 450.0000000000000000 ) ) ;
#1357 = DIRECTION ( 'NONE',  ( -0.000000000000000000, 1.000000000000000000, -0.000000000000000000 ) ) ;
#1358 = DIRECTION ( 'NONE',  ( 0.000000000000000000, 0.000000000000000000, -1.000000000000000000 ) ) ;
#1359 = ORIENTED_EDGE ( 'NONE', *, *, #2691, .F. ) ;
#1360 = ORIENTED_EDGE ( 'NONE', *, *, #3487, .T. ) ;
#1361 = EDGE_LOOP ( 'NONE', ( #1285, #1859, #1370 ) ) ;
#1362 = CARTESIAN_POINT ( 'NONE',  ( 10.00000000000000533, 20.00000000000001421, -372.6393202250020522 ) ) ;
#1363 = VERTEX_POINT ( 'NONE', #2432 ) ;
#1364 = VECTOR ( 'NONE', #1037, 1000.000000000000000 ) ;
#1365 = AXIS2_PLACEMENT_3D ( 'NONE', #3160, #2818, #2898 ) ;
#1366 = LINE ( 'NONE', #1097, #1324 ) ;
#1367 = EDGE_CURVE ( 'NONE', #3199, #3403, #3544, .T. ) ;
#1368 = DIRECTION ( 'NONE',  ( -1.734723475976806848E-16, 1.000000000000000000, 0.000000000000000000 ) ) ;
#1369 = CARTESIAN_POINT ( 'NONE',  ( 7.000000000000001776, 25.00000000000000000, -450.0000000000000000 ) ) ;
#1370 = ORIENTED_EDGE ( 'NONE', *, *, #414, .T. ) ;
#1371 = DIRECTION ( 'NONE',  ( 1.000000000000000000, -0.000000000000000000, -0.000000000000000000 ) ) ;
#1372 = CIRCLE ( 'NONE', #730, 2.499999999999990230 ) ;
#1373 = LINE ( 'NONE', #2489, #1211 ) ;
#1374 = VECTOR ( 'NONE', #1000, 1000.000000000000000 ) ;
#1375 = FACE_OUTER_BOUND ( 'NONE', #3526, .T. ) ;
#1376 = ORIENTED_EDGE ( 'NONE', *, *, #1937, .F. ) ;
#1377 = CIRCLE ( 'NONE', #1727, 2.499999999999990230 ) ;
#1378 = VERTEX_POINT ( 'NONE', #3469 ) ;
#1379 = EDGE_CURVE ( 'NONE', #1336, #2852, #991, .T. ) ;
#1380 = CIRCLE ( 'NONE', #1503, 1.500000000000001332 ) ;
#1381 = PLANE ( 'NONE',  #750 ) ;
#1382 = ORIENTED_EDGE ( 'NONE', *, *, #1292, .T. ) ;
#1383 = AXIS2_PLACEMENT_3D ( 'NONE', #328, #1148, #1402 ) ;
#1384 = EDGE_CURVE ( 'NONE', #1904, #1907, #2401, .T. ) ;
#1385 = DIRECTION ( 'NONE',  ( 1.000000000000000000, -0.000000000000000000, -0.000000000000000000 ) ) ;
#1386 = CARTESIAN_POINT ( 'NONE',  ( 3.000000000000001776, 0.000000000000000000, -395.0000000000000000 ) ) ;
#1387 = DIRECTION ( 'NONE',  ( 0.000000000000000000, -0.000000000000000000, -1.000000000000000000 ) ) ;
#1388 = AXIS2_PLACEMENT_3D ( 'NONE', #1840, #198, #1019 ) ;
#1389 = ADVANCED_FACE ( 'NONE', ( #485 ), #3547, .F. ) ;
#1390 = ORIENTED_EDGE ( 'NONE', *, *, #170, .F. ) ;
#1391 = CARTESIAN_POINT ( 'NONE',  ( -1.561251128379126385E-14, -20.00000000000000000, -372.6393202250020522 ) ) ;
#1392 = VECTOR ( 'NONE', #2866, 1000.000000000000000 ) ;
#1393 = CARTESIAN_POINT ( 'NONE',  ( 3.000000000000001776, -15.00000000000000533, -422.2500000000000000 ) ) ;
#1394 = CARTESIAN_POINT ( 'NONE',  ( 5.000000000000001776, 32.50000000000000000, -450.0000000000000000 ) ) ;
#1395 = EDGE_LOOP ( 'NONE', ( #561, #1186, #1063, #2679 ) ) ;
#1396 = CARTESIAN_POINT ( 'NONE',  ( 3.000000000000001776, -15.00000000000000533, -363.5000000000000000 ) ) ;
#1397 = ORIENTED_EDGE ( 'NONE', *, *, #173, .T. ) ;
#1398 = DIRECTION ( 'NONE',  ( -1.000000000000000000, 0.000000000000000000, 0.000000000000000000 ) ) ;
#1399 = EDGE_LOOP ( 'NONE', ( #1617, #1789, #2438, #2990 ) ) ;
#1400 = DIRECTION ( 'NONE',  ( 1.000000000000000000, -0.000000000000000000, -0.000000000000000000 ) ) ;
#1401 = FACE_OUTER_BOUND ( 'NONE', #273, .T. ) ;
#1402 = DIRECTION ( 'NONE',  ( 0.000000000000000000, 0.000000000000000000, -1.000000000000000000 ) ) ;
#1403 = LINE ( 'NONE', #261, #1486 ) ;
#1404 = ORIENTED_EDGE ( 'NONE', *, *, #2096, .T. ) ;
#1405 = CARTESIAN_POINT ( 'NONE',  ( 3.000000000000001776, -15.00000000000000533, -425.0000000000000000 ) ) ;
#1406 = DIRECTION ( 'NONE',  ( 1.734723475976804136E-16, 1.000000000000000000, 0.000000000000000000 ) ) ;
#1407 = ADVANCED_FACE ( 'NONE', ( #1050 ), #3026, .F. ) ;
#1408 = ADVANCED_FACE ( 'NONE', ( #231 ), #963, .F. ) ;
#1409 = CARTESIAN_POINT ( 'NONE',  ( 7.000000000000000888, 20.00000000000000000, -372.6393202250020522 ) ) ;
#1410 = DIRECTION ( 'NONE',  ( -1.000000000000000000, 0.000000000000000000, 0.000000000000000000 ) ) ;
#1411 = CARTESIAN_POINT ( 'NONE',  ( 7.000000000000000888, 20.00000000000000000, -417.3606797749979478 ) ) ;
#1412 = ORIENTED_EDGE ( 'NONE', *, *, #1297, .T. ) ;
#1413 = LINE ( 'NONE', #1471, #1512 ) ;
#1414 = VERTEX_POINT ( 'NONE', #3251 ) ;
#1415 = FACE_OUTER_BOUND ( 'NONE', #3196, .T. ) ;
#1416 = CARTESIAN_POINT ( 'NONE',  ( 7.499999999999994671, 32.50000000000000000, 450.0000000000000000 ) ) ;
#1417 = CARTESIAN_POINT ( 'NONE',  ( -1.597501047550178016E-14, 40.00000000000000000, 450.0000000000000000 ) ) ;
#1418 = DIRECTION ( 'NONE',  ( 1.000000000000000000, 0.000000000000000000, 0.000000000000000000 ) ) ;
#1419 = ORIENTED_EDGE ( 'NONE', *, *, #1299, .T. ) ;
#1420 = DIRECTION ( 'NONE',  ( 0.000000000000000000, 0.000000000000000000, -1.000000000000000000 ) ) ;
#1421 = LINE ( 'NONE', #2188, #1788 ) ;
#1422 = AXIS2_PLACEMENT_3D ( 'NONE', #268, #2693, #2971 ) ;
#1423 = AXIS2_PLACEMENT_3D ( 'NONE', #2285, #2795, #2596 ) ;
#1424 = VECTOR ( 'NONE', #2032, 1000.000000000000000 ) ;
#1425 = CARTESIAN_POINT ( 'NONE',  ( 5.000000000000001776, -32.50000000000000000, 450.0000000000000000 ) ) ;
#1426 = EDGE_CURVE ( 'NONE', #675, #3183, #1075, .T. ) ;
#1427 = FACE_OUTER_BOUND ( 'NONE', #2531, .T. ) ;
#1428 = VECTOR ( 'NONE', #2261, 1000.000000000000000 ) ;
#1429 = ADVANCED_FACE ( 'NONE', ( #2749 ), #3528, .F. ) ;
#1430 = DIRECTION ( 'NONE',  ( 0.000000000000000000, -0.000000000000000000, -1.000000000000000000 ) ) ;
#1431 = VERTEX_POINT ( 'NONE', #1582 ) ;
#1432 = VECTOR ( 'NONE', #1346, 1000.000000000000000 ) ;
#1433 = EDGE_CURVE ( 'NONE', #2676, #1363, #3207, .T. ) ;
#1434 = CIRCLE ( 'NONE', #277, 30.00000000000004974 ) ;
#1435 = CARTESIAN_POINT ( 'NONE',  ( 10.00000000000000533, -9.999999999999992895, -366.7157287525380411 ) ) ;
#1436 = EDGE_LOOP ( 'NONE', ( #3147, #373, #1980, #2706 ) ) ;
#1437 = CARTESIAN_POINT ( 'NONE',  ( -1.561251128379126385E-14, -25.00000000000000000, 378.4168760482229459 ) ) ;
#1438 = VERTEX_POINT ( 'NONE', #210 ) ;
#1439 = CARTESIAN_POINT ( 'NONE',  ( -1.561251128379126385E-14, 3.673940397442069433E-15, -365.0000000000000000 ) ) ;
#1440 = VECTOR ( 'NONE', #2614, 1000.000000000000000 ) ;
#1441 = DIRECTION ( 'NONE',  ( -1.000000000000000000, 0.000000000000000000, 0.000000000000000000 ) ) ;
#1442 = LINE ( 'NONE', #2518, #149 ) ;
#1443 = CIRCLE ( 'NONE', #2946, 1.500000000000001332 ) ;
#1444 = ORIENTED_EDGE ( 'NONE', *, *, #2029, .T. ) ;
#1445 = FACE_OUTER_BOUND ( 'NONE', #2055, .T. ) ;
#1446 = AXIS2_PLACEMENT_3D ( 'NONE', #243, #2782, #1696 ) ;
#1447 = DIRECTION ( 'NONE',  ( 0.000000000000000000, 0.000000000000000000, -1.000000000000000000 ) ) ;
#1448 = DIRECTION ( 'NONE',  ( 1.000000000000000000, -0.000000000000000000, -0.000000000000000000 ) ) ;
#1449 = AXIS2_PLACEMENT_3D ( 'NONE', #2541, #646, #63 ) ;
#1450 = DIRECTION ( 'NONE',  ( 0.000000000000000000, 0.000000000000000000, -1.000000000000000000 ) ) ;
#1451 = CARTESIAN_POINT ( 'NONE',  ( 3.000000000000001776, -5.000000000000000888, 450.0000000000000000 ) ) ;
#1452 = CARTESIAN_POINT ( 'NONE',  ( 10.00000000000000533, 0.000000000000000000, -350.0000000000000000 ) ) ;
#1453 = VERTEX_POINT ( 'NONE', #3273 ) ;
#1454 = EDGE_CURVE ( 'NONE', #3220, #2850, #2003, .T. ) ;
#1455 = DIRECTION ( 'NONE',  ( 1.000000000000000000, 1.734723475976807341E-16, -0.000000000000000000 ) ) ;
#1456 = ORIENTED_EDGE ( 'NONE', *, *, #1269, .T. ) ;
#1457 = DIRECTION ( 'NONE',  ( 1.000000000000000000, -0.000000000000000000, -0.000000000000000000 ) ) ;
#1458 = VERTEX_POINT ( 'NONE', #1635 ) ;
#1459 = CARTESIAN_POINT ( 'NONE',  ( -1.561251128379126385E-14, -20.00000000000000000, -417.3606797749979478 ) ) ;
#1460 = EDGE_CURVE ( 'NONE', #826, #287, #3563, .T. ) ;
#1461 = CYLINDRICAL_SURFACE ( 'NONE', #2893, 2.500000000000002220 ) ;
#1462 = EDGE_CURVE ( 'NONE', #262, #1201, #2151, .T. ) ;
#1463 = VERTEX_POINT ( 'NONE', #1341 ) ;
#1464 = DIRECTION ( 'NONE',  ( 0.000000000000000000, 1.000000000000000000, -0.000000000000000000 ) ) ;
#1465 = EDGE_CURVE ( 'NONE', #142, #1143, #1595, .T. ) ;
#1466 = CARTESIAN_POINT ( 'NONE',  ( 7.000000000000001776, 5.000000000000000888, 365.4196010845018918 ) ) ;
#1467 = CARTESIAN_POINT ( 'NONE',  ( 3.000000000000001776, -5.000000000000000888, 450.0000000000000000 ) ) ;
#1468 = CARTESIAN_POINT ( 'NONE',  ( 7.499999999999998224, -32.50000000000000000, -430.0000000000000000 ) ) ;
#1469 = ORIENTED_EDGE ( 'NONE', *, *, #315, .T. ) ;
#1470 = DIRECTION ( 'NONE',  ( 1.000000000000000000, -0.000000000000000000, -0.000000000000000000 ) ) ;
#1471 = CARTESIAN_POINT ( 'NONE',  ( 7.000000000000001776, 25.00000000000000000, 450.0000000000000000 ) ) ;
#1472 = ORIENTED_EDGE ( 'NONE', *, *, #896, .T. ) ;
#1473 = FACE_OUTER_BOUND ( 'NONE', #3258, .T. ) ;
#1474 = EDGE_LOOP ( 'NONE', ( #1850, #946, #3440, #763 ) ) ;
#1475 = CARTESIAN_POINT ( 'NONE',  ( 10.00000000000000711, 0.000000000000000000, 350.0000000000000000 ) ) ;
#1476 = LINE ( 'NONE', #2871, #3061 ) ;
#1477 = CARTESIAN_POINT ( 'NONE',  ( 2.500000000000008882, -32.50000000000000000, 450.0000000000000000 ) ) ;
#1478 = CARTESIAN_POINT ( 'NONE',  ( -1.561251128379126385E-14, 5.000000000000000888, -365.4196010845018918 ) ) ;
#1479 = DIRECTION ( 'NONE',  ( 0.000000000000000000, 1.000000000000000000, 0.000000000000000000 ) ) ;
#1480 = CARTESIAN_POINT ( 'NONE',  ( 3.000000000000001776, 5.000000000000000888, 450.0000000000000000 ) ) ;
#1481 = AXIS2_PLACEMENT_3D ( 'NONE', #2626, #2105, #3222 ) ;
#1482 = VECTOR ( 'NONE', #2927, 1000.000000000000000 ) ;
#1483 = FACE_OUTER_BOUND ( 'NONE', #2104, .T. ) ;
#1484 = VECTOR ( 'NONE', #1047, 1000.000000000000000 ) ;
#1485 = ORIENTED_EDGE ( 'NONE', *, *, #3355, .F. ) ;
#1486 = VECTOR ( 'NONE', #829, 1000.000000000000000 ) ;
#1487 = CARTESIAN_POINT ( 'NONE',  ( -1.561251128379126385E-14, 0.000000000000000000, -425.0000000000000568 ) ) ;
#1488 = CONICAL_SURFACE ( 'NONE', #3507, 2.749999999999974687, 0.7853981633974490562 ) ;
#1489 = CARTESIAN_POINT ( 'NONE',  ( -1.647987302177966740E-14, 14.99999999999999467, -365.0000000000000000 ) ) ;
#1490 = VERTEX_POINT ( 'NONE', #1648 ) ;
#1491 = CARTESIAN_POINT ( 'NONE',  ( 7.000000000000001776, 5.000000000000000888, 450.0000000000000000 ) ) ;
#1492 = ORIENTED_EDGE ( 'NONE', *, *, #817, .T. ) ;
#1493 = LINE ( 'NONE', #2328, #3171 ) ;
#1494 = ADVANCED_FACE ( 'NONE', ( #1375 ), #2400, .F. ) ;
#1495 = DIRECTION ( 'NONE',  ( 1.000000000000000000, -0.000000000000000000, -0.000000000000000000 ) ) ;
#1496 = LINE ( 'NONE', #96, #1020 ) ;
#1497 = CARTESIAN_POINT ( 'NONE',  ( 7.000000000000000888, -20.00000000000000000, 417.3606797749979478 ) ) ;
#1498 = ADVANCED_FACE ( 'NONE', ( #759 ), #3509, .F. ) ;
#1499 = VECTOR ( 'NONE', #2986, 1000.000000000000000 ) ;
#1500 = AXIS2_PLACEMENT_3D ( 'NONE', #27, #3322, #2748 ) ;
#1501 = CARTESIAN_POINT ( 'NONE',  ( 1.750000000000002442, -15.00000000000000533, 423.5000000000000000 ) ) ;
#1502 = VECTOR ( 'NONE', #2447, 1000.000000000000000 ) ;
#1503 = AXIS2_PLACEMENT_3D ( 'NONE', #3555, #2743, #258 ) ;
#1504 = ADVANCED_FACE ( 'NONE', ( #469 ), #376, .F. ) ;
#1505 = DIRECTION ( 'NONE',  ( 0.000000000000000000, 0.000000000000000000, -1.000000000000000000 ) ) ;
#1506 = CARTESIAN_POINT ( 'NONE',  ( 3.000000000000001776, -15.00000000000000533, -423.5000000000000000 ) ) ;
#1507 = CONICAL_SURFACE ( 'NONE', #628, 2.749999999999974687, 0.7853981633974490562 ) ;
#1508 = DIRECTION ( 'NONE',  ( -0.000000000000000000, -0.000000000000000000, 1.000000000000000000 ) ) ;
#1509 = VECTOR ( 'NONE', #3158, 1000.000000000000000 ) ;
#1510 = ORIENTED_EDGE ( 'NONE', *, *, #2243, .F. ) ;
#1511 = CARTESIAN_POINT ( 'NONE',  ( 7.000000000000000888, 20.00000000000000000, 450.0000000000000000 ) ) ;
#1512 = VECTOR ( 'NONE', #2038, 1000.000000000000000 ) ;
#1513 = CARTESIAN_POINT ( 'NONE',  ( 1.750000000000002442, 14.99999999999999467, -425.0000000000000000 ) ) ;
#1514 = ORIENTED_EDGE ( 'NONE', *, *, #579, .F. ) ;
#1515 = DIRECTION ( 'NONE',  ( 1.000000000000000000, -0.000000000000000000, -0.000000000000000000 ) ) ;
#1516 = EDGE_LOOP ( 'NONE', ( #106, #1729 ) ) ;
#1517 = CARTESIAN_POINT ( 'NONE',  ( 7.000000000000001776, -25.00000000000000000, 450.0000000000000000 ) ) ;
#1518 = CARTESIAN_POINT ( 'NONE',  ( 1.750000000000002442, -15.00000000000000533, 365.0000000000000000 ) ) ;
#1519 = ORIENTED_EDGE ( 'NONE', *, *, #1193, .F. ) ;
#1520 = CARTESIAN_POINT ( 'NONE',  ( 10.00000000000000533, -20.00000000000000000, -372.6393202250020522 ) ) ;
#1521 = PLANE ( 'NONE',  #2117 ) ;
#1522 = CARTESIAN_POINT ( 'NONE',  ( 3.000000000000001776, -5.000000000000000888, -424.5803989154981650 ) ) ;
#1523 = EDGE_CURVE ( 'NONE', #1246, #1877, #502, .T. ) ;
#1524 = VERTEX_POINT ( 'NONE', #1121 ) ;
#1525 = CARTESIAN_POINT ( 'NONE',  ( 5.000000000000001776, -32.50000000000000000, -450.0000000000000000 ) ) ;
#1526 = ORIENTED_EDGE ( 'NONE', *, *, #2437, .F. ) ;
#1527 = ORIENTED_EDGE ( 'NONE', *, *, #2507, .F. ) ;
#1528 = VERTEX_POINT ( 'NONE', #337 ) ;
#1529 = ORIENTED_EDGE ( 'NONE', *, *, #2437, .T. ) ;
#1530 = DIRECTION ( 'NONE',  ( 1.000000000000000000, 0.000000000000000000, 0.000000000000000000 ) ) ;
#1531 = DIRECTION ( 'NONE',  ( 1.734723475976806848E-16, 1.000000000000000000, 0.000000000000000000 ) ) ;
#1532 = ORIENTED_EDGE ( 'NONE', *, *, #1039, .F. ) ;
#1533 = CARTESIAN_POINT ( 'NONE',  ( -1.734723475976807094E-14, 3.061616997868375746E-16, -347.5000000000000000 ) ) ;
#1534 = FACE_BOUND ( 'NONE', #2202, .T. ) ;
#1535 = LINE ( 'NONE', #1794, #798 ) ;
#1536 = ADVANCED_FACE ( 'NONE', ( #312 ), #67, .F. ) ;
#1537 = ORIENTED_EDGE ( 'NONE', *, *, #582, .T. ) ;
#1538 = CIRCLE ( 'NONE', #2002, 30.00000000000002842 ) ;
#1539 = AXIS2_PLACEMENT_3D ( 'NONE', #2147, #2948, #2633 ) ;
#1540 = EDGE_CURVE ( 'NONE', #2050, #621, #146, .T. ) ;
#1541 = DIRECTION ( 'NONE',  ( -1.000000000000000000, 0.000000000000000000, 0.000000000000000000 ) ) ;
#1542 = ORIENTED_EDGE ( 'NONE', *, *, #544, .T. ) ;
#1543 = EDGE_CURVE ( 'NONE', #1697, #3559, #2562, .T. ) ;
#1544 = VECTOR ( 'NONE', #2449, 1000.000000000000000 ) ;
#1545 = ORIENTED_EDGE ( 'NONE', *, *, #1620, .F. ) ;
#1546 = ORIENTED_EDGE ( 'NONE', *, *, #2396, .F. ) ;
#1547 = VECTOR ( 'NONE', #325, 1000.000000000000000 ) ;
#1548 = EDGE_LOOP ( 'NONE', ( #2758, #713, #1070, #297 ) ) ;
#1549 = FACE_OUTER_BOUND ( 'NONE', #3394, .T. ) ;
#1550 = EDGE_CURVE ( 'NONE', #1852, #2509, #3330, .T. ) ;
#1551 = AXIS2_PLACEMENT_3D ( 'NONE', #3149, #2338, #676 ) ;
#1552 = DIRECTION ( 'NONE',  ( -0.000000000000000000, -0.000000000000000000, -1.000000000000000000 ) ) ;
#1553 = ORIENTED_EDGE ( 'NONE', *, *, #1465, .T. ) ;
#1554 = CIRCLE ( 'NONE', #2765, 2.500000000000002220 ) ;
#1555 = CARTESIAN_POINT ( 'NONE',  ( 7.000000000000001776, 25.00000000000000000, 450.0000000000000000 ) ) ;
#1556 = VECTOR ( 'NONE', #2129, 1000.000000000000000 ) ;
#1557 = CARTESIAN_POINT ( 'NONE',  ( 5.000000000000001776, -32.50000000000000000, -450.0000000000000000 ) ) ;
#1558 = LINE ( 'NONE', #736, #566 ) ;
#1559 = CIRCLE ( 'NONE', #1790, 30.00000000000002842 ) ;
#1560 = ORIENTED_EDGE ( 'NONE', *, *, #1460, .T. ) ;
#1561 = VECTOR ( 'NONE', #245, 1000.000000000000000 ) ;
#1562 = DIRECTION ( 'NONE',  ( 0.000000000000000000, -1.000000000000000000, 0.000000000000000000 ) ) ;
#1563 = ORIENTED_EDGE ( 'NONE', *, *, #3013, .F. ) ;
#1564 = CIRCLE ( 'NONE', #3586, 1.500000000000001332 ) ;
#1565 = ORIENTED_EDGE ( 'NONE', *, *, #3012, .T. ) ;
#1566 = ORIENTED_EDGE ( 'NONE', *, *, #1550, .F. ) ;
#1567 = AXIS2_PLACEMENT_3D ( 'NONE', #2757, #1890, #2213 ) ;
#1568 = ORIENTED_EDGE ( 'NONE', *, *, #2824, .T. ) ;
#1569 = DIRECTION ( 'NONE',  ( 0.000000000000000000, -0.000000000000000000, -1.000000000000000000 ) ) ;
#1570 = ADVANCED_FACE ( 'NONE', ( #1702 ), #1935, .F. ) ;
#1571 = ADVANCED_FACE ( 'NONE', ( #3344 ), #1603, .F. ) ;
#1572 = DIRECTION ( 'NONE',  ( 1.000000000000000000, -1.734723475976806848E-16, 0.000000000000000000 ) ) ;
#1573 = EDGE_CURVE ( 'NONE', #250, #2103, #792, .T. ) ;
#1574 = CARTESIAN_POINT ( 'NONE',  ( 10.00000000000000178, 20.00000000000000000, -450.0000000000000000 ) ) ;
#1575 = EDGE_CURVE ( 'NONE', #457, #2690, #2273, .T. ) ;
#1576 = EDGE_CURVE ( 'NONE', #2327, #3313, #2819, .T. ) ;
#1577 = ORIENTED_EDGE ( 'NONE', *, *, #2857, .F. ) ;
#1578 = FACE_OUTER_BOUND ( 'NONE', #3252, .T. ) ;
#1579 = DIRECTION ( 'NONE',  ( 0.000000000000000000, 0.000000000000000000, -1.000000000000000000 ) ) ;
#1580 = CARTESIAN_POINT ( 'NONE',  ( -1.734723475976807094E-14, 0.000000000000000000, 350.0000000000000000 ) ) ;
#1581 = EDGE_LOOP ( 'NONE', ( #3370, #271, #2998, #35, #1802, #1222, #1537, #2660, #1690, #473, #3580, #2700, #62, #856, #2214, #2741, #3457, #1051, #3387, #1560 ) ) ;
#1582 = CARTESIAN_POINT ( 'NONE',  ( 3.000000000000001776, -5.000000000000000888, 450.0000000000000000 ) ) ;
#1583 = ORIENTED_EDGE ( 'NONE', *, *, #2897, .T. ) ;
#1584 = ORIENTED_EDGE ( 'NONE', *, *, #3438, .T. ) ;
#1585 = ORIENTED_EDGE ( 'NONE', *, *, #1297, .F. ) ;
#1586 = VERTEX_POINT ( 'NONE', #627 ) ;
#1587 = DIRECTION ( 'NONE',  ( 0.000000000000000000, 0.000000000000000000, -1.000000000000000000 ) ) ;
#1588 = CARTESIAN_POINT ( 'NONE',  ( 7.000000000000000888, 0.000000000000000000, 395.0000000000000000 ) ) ;
#1589 = CARTESIAN_POINT ( 'NONE',  ( 3.000000000000001776, 5.000000000000000888, 365.4196010845018918 ) ) ;
#1590 = VERTEX_POINT ( 'NONE', #3378 ) ;
#1591 = CARTESIAN_POINT ( 'NONE',  ( 7.000000000000002665, -10.00000000000000000, 450.0000000000000000 ) ) ;
#1592 = FACE_OUTER_BOUND ( 'NONE', #1925, .T. ) ;
#1593 = CARTESIAN_POINT ( 'NONE',  ( 7.000000000000000888, 0.000000000000000000, -395.0000000000000000 ) ) ;
#1594 = ORIENTED_EDGE ( 'NONE', *, *, #3570, .T. ) ;
#1595 = LINE ( 'NONE', #1921, #3443 ) ;
#1596 = ORIENTED_EDGE ( 'NONE', *, *, #3089, .F. ) ;
#1597 = ORIENTED_EDGE ( 'NONE', *, *, #849, .T. ) ;
#1598 = ORIENTED_EDGE ( 'NONE', *, *, #2134, .T. ) ;
#1599 = ORIENTED_EDGE ( 'NONE', *, *, #2859, .T. ) ;
#1600 = CARTESIAN_POINT ( 'NONE',  ( 10.00000000000000533, 10.00000000000000000, 450.0000000000000000 ) ) ;
#1601 = VECTOR ( 'NONE', #3265, 1000.000000000000000 ) ;
#1602 = CIRCLE ( 'NONE', #443, 30.00000000000002842 ) ;
#1603 = CONICAL_SURFACE ( 'NONE', #1661, 2.499999999999996003, 1.029744258676657198 ) ;
#1604 = DIRECTION ( 'NONE',  ( -0.000000000000000000, 1.000000000000000000, -0.000000000000000000 ) ) ;
#1605 = VERTEX_POINT ( 'NONE', #899 ) ;
#1606 = EDGE_CURVE ( 'NONE', #2118, #2154, #3311, .T. ) ;
#1607 = LINE ( 'NONE', #1021, #399 ) ;
#1608 = VERTEX_POINT ( 'NONE', #286 ) ;
#1609 = DIRECTION ( 'NONE',  ( 0.000000000000000000, 1.000000000000000000, 0.000000000000000000 ) ) ;
#1610 = DIRECTION ( 'NONE',  ( 0.000000000000000000, 0.000000000000000000, -1.000000000000000000 ) ) ;
#1611 = DIRECTION ( 'NONE',  ( -0.000000000000000000, -0.000000000000000000, -1.000000000000000000 ) ) ;
#1612 = ADVANCED_FACE ( 'NONE', ( #1688, #2504, #1975 ), #1106, .F. ) ;
#1613 = DIRECTION ( 'NONE',  ( 1.000000000000000000, -0.000000000000000000, -0.000000000000000000 ) ) ;
#1614 = CIRCLE ( 'NONE', #2588, 2.499999999999996003 ) ;
#1615 = EDGE_CURVE ( 'NONE', #2593, #3297, #3363, .T. ) ;
#1616 = AXIS2_PLACEMENT_3D ( 'NONE', #1060, #3317, #3303 ) ;
#1617 = ORIENTED_EDGE ( 'NONE', *, *, #1433, .F. ) ;
#1618 = VECTOR ( 'NONE', #3467, 1000.000000000000000 ) ;
#1619 = ADVANCED_FACE ( 'NONE', ( #833 ), #3038, .F. ) ;
#1620 = EDGE_CURVE ( 'NONE', #1590, #2845, #1666, .T. ) ;
#1621 = EDGE_LOOP ( 'NONE', ( #1546, #894, #1034, #960 ) ) ;
#1622 = AXIS2_PLACEMENT_3D ( 'NONE', #2870, #2555, #383 ) ;
#1623 = ORIENTED_EDGE ( 'NONE', *, *, #3351, .F. ) ;
#1624 = ORIENTED_EDGE ( 'NONE', *, *, #1291, .T. ) ;
#1625 = CARTESIAN_POINT ( 'NONE',  ( 7.300000000000005151, 0.000000000000000000, 350.0000000000000000 ) ) ;
#1626 = AXIS2_PLACEMENT_3D ( 'NONE', #2702, #3444, #970 ) ;
#1627 = CARTESIAN_POINT ( 'NONE',  ( 10.00000000000000178, -20.00000000000000000, -450.0000000000000000 ) ) ;
#1628 = ORIENTED_EDGE ( 'NONE', *, *, #3464, .F. ) ;
#1629 = CARTESIAN_POINT ( 'NONE',  ( 7.000000000000000888, 20.00000000000000000, 450.0000000000000000 ) ) ;
#1630 = DIRECTION ( 'NONE',  ( -1.000000000000000000, 0.000000000000000000, 0.000000000000000000 ) ) ;
#1631 = DIRECTION ( 'NONE',  ( 0.000000000000000000, 1.000000000000000000, 0.000000000000000000 ) ) ;
#1632 = VERTEX_POINT ( 'NONE', #2787 ) ;
#1633 = CARTESIAN_POINT ( 'NONE',  ( 4.999999999999996447, 32.50000000000000000, 428.4978484524311284 ) ) ;
#1634 = FACE_OUTER_BOUND ( 'NONE', #813, .T. ) ;
#1635 = CARTESIAN_POINT ( 'NONE',  ( 1.750000000000002442, -15.00000000000000533, -363.5000000000000000 ) ) ;
#1636 = ORIENTED_EDGE ( 'NONE', *, *, #2249, .F. ) ;
#1637 = ORIENTED_EDGE ( 'NONE', *, *, #3417, .F. ) ;
#1638 = ORIENTED_EDGE ( 'NONE', *, *, #1946, .T. ) ;
#1639 = DIRECTION ( 'NONE',  ( -1.000000000000000000, 0.000000000000000000, 0.000000000000000000 ) ) ;
#1640 = DIRECTION ( 'NONE',  ( 0.000000000000000000, -1.000000000000000000, 0.000000000000000000 ) ) ;
#1641 = VERTEX_POINT ( 'NONE', #1409 ) ;
#1642 = CARTESIAN_POINT ( 'NONE',  ( -1.597501047550178016E-14, 40.00000000000000000, 450.0000000000000000 ) ) ;
#1643 = DIRECTION ( 'NONE',  ( -0.000000000000000000, -0.000000000000000000, -1.000000000000000000 ) ) ;
#1644 = CARTESIAN_POINT ( 'NONE',  ( 3.000000000000001776, -15.00000000000000533, -422.2500000000000000 ) ) ;
#1645 = EDGE_LOOP ( 'NONE', ( #3053, #2406, #647, #2325 ) ) ;
#1646 = CARTESIAN_POINT ( 'NONE',  ( 7.000000000000000888, -20.00000000000000000, 450.0000000000000000 ) ) ;
#1647 = CARTESIAN_POINT ( 'NONE',  ( -1.561251128379126385E-14, 0.000000000000000000, 395.0000000000000000 ) ) ;
#1648 = CARTESIAN_POINT ( 'NONE',  ( 3.000000000000001776, 25.00000000000000000, -378.4168760482229459 ) ) ;
#1649 = EDGE_CURVE ( 'NONE', #1868, #2370, #882, .T. ) ;
#1650 = ORIENTED_EDGE ( 'NONE', *, *, #2546, .F. ) ;
#1651 = EDGE_CURVE ( 'NONE', #758, #1325, #700, .T. ) ;
#1652 = EDGE_LOOP ( 'NONE', ( #1288, #1891, #187 ) ) ;
#1653 = EDGE_CURVE ( 'NONE', #410, #1312, #2175, .T. ) ;
#1654 = LINE ( 'NONE', #4, #2775 ) ;
#1655 = ORIENTED_EDGE ( 'NONE', *, *, #1726, .F. ) ;
#1656 = VECTOR ( 'NONE', #764, 1000.000000000000000 ) ;
#1657 = AXIS2_PLACEMENT_3D ( 'NONE', #2379, #2671, #1860 ) ;
#1658 = PLANE ( 'NONE',  #2826 ) ;
#1659 = DIRECTION ( 'NONE',  ( 1.000000000000000000, -0.000000000000000000, -0.000000000000000000 ) ) ;
#1660 = DIRECTION ( 'NONE',  ( 1.000000000000000000, 0.000000000000000000, 0.000000000000000000 ) ) ;
#1661 = AXIS2_PLACEMENT_3D ( 'NONE', #28, #1957, #1136 ) ;
#1662 = ORIENTED_EDGE ( 'NONE', *, *, #174, .T. ) ;
#1663 = CARTESIAN_POINT ( 'NONE',  ( 3.000000000000001776, 14.99999999999999467, -425.0000000000000000 ) ) ;
#1664 = VECTOR ( 'NONE', #17, 1000.000000000000000 ) ;
#1665 = CARTESIAN_POINT ( 'NONE',  ( 3.000000000000001776, 25.00000000000000000, 450.0000000000000000 ) ) ;
#1666 = LINE ( 'NONE', #2767, #3210 ) ;
#1667 = ORIENTED_EDGE ( 'NONE', *, *, #2465, .T. ) ;
#1668 = DIRECTION ( 'NONE',  ( 1.000000000000000000, -0.000000000000000000, -0.000000000000000000 ) ) ;
#1669 = VECTOR ( 'NONE', #3195, 1000.000000000000000 ) ;
#1670 = ORIENTED_EDGE ( 'NONE', *, *, #147, .F. ) ;
#1671 = VECTOR ( 'NONE', #369, 1000.000000000000000 ) ;
#1672 = FACE_OUTER_BOUND ( 'NONE', #2717, .T. ) ;
#1673 = EDGE_LOOP ( 'NONE', ( #722, #617, #1317, #2903 ) ) ;
#1674 = AXIS2_PLACEMENT_3D ( 'NONE', #601, #3575, #828 ) ;
#1675 = DIRECTION ( 'NONE',  ( -0.000000000000000000, 0.000000000000000000, 1.000000000000000000 ) ) ;
#1676 = CARTESIAN_POINT ( 'NONE',  ( 7.000000000000001776, 5.000000000000000888, 450.0000000000000000 ) ) ;
#1677 = EDGE_CURVE ( 'NONE', #3023, #1586, #2754, .T. ) ;
#1678 = ADVANCED_FACE ( 'NONE', ( #2582 ), #2079, .F. ) ;
#1679 = DIRECTION ( 'NONE',  ( 1.000000000000000000, -1.734723475976807341E-16, 0.000000000000000000 ) ) ;
#1680 = CARTESIAN_POINT ( 'NONE',  ( 7.000000000000001776, 25.00000000000000000, 450.0000000000000000 ) ) ;
#1681 = VECTOR ( 'NONE', #3282, 1000.000000000000000 ) ;
#1682 = EDGE_LOOP ( 'NONE', ( #1055, #237, #2643, #937 ) ) ;
#1683 = DIRECTION ( 'NONE',  ( -1.000000000000000000, 0.000000000000000000, 0.000000000000000000 ) ) ;
#1684 = CIRCLE ( 'NONE', #3352, 1.500000000000001332 ) ;
#1685 = DIRECTION ( 'NONE',  ( 0.000000000000000000, 0.000000000000000000, -1.000000000000000000 ) ) ;
#1686 = EDGE_CURVE ( 'NONE', #1304, #2697, #903, .T. ) ;
#1687 = EDGE_CURVE ( 'NONE', #2370, #343, #36, .T. ) ;
#1688 = FACE_BOUND ( 'NONE', #3240, .T. ) ;
#1689 = DIRECTION ( 'NONE',  ( -0.000000000000000000, -0.000000000000000000, -1.000000000000000000 ) ) ;
#1690 = ORIENTED_EDGE ( 'NONE', *, *, #1235, .T. ) ;
#1691 = FACE_OUTER_BOUND ( 'NONE', #742, .T. ) ;
#1692 = VERTEX_POINT ( 'NONE', #3434 ) ;
#1693 = DIRECTION ( 'NONE',  ( 1.000000000000000000, -1.734723475976807341E-16, 0.000000000000000000 ) ) ;
#1694 = FACE_OUTER_BOUND ( 'NONE', #1343, .T. ) ;
#1695 = DIRECTION ( 'NONE',  ( 0.000000000000000000, 0.000000000000000000, -1.000000000000000000 ) ) ;
#1696 = DIRECTION ( 'NONE',  ( 0.000000000000000000, 0.000000000000000000, 1.000000000000000000 ) ) ;
#1697 = VERTEX_POINT ( 'NONE', #81 ) ;
#1698 = CARTESIAN_POINT ( 'NONE',  ( 5.000000000000001776, -32.50000000000000000, -430.0000000000000000 ) ) ;
#1699 = ADVANCED_FACE ( 'NONE', ( #958, #1213, #977 ), #1521, .F. ) ;
#1700 = LINE ( 'NONE', #1084, #397 ) ;
#1701 = EDGE_CURVE ( 'NONE', #1331, #1246, #788, .T. ) ;
#1702 = FACE_OUTER_BOUND ( 'NONE', #1548, .T. ) ;
#1703 = CARTESIAN_POINT ( 'NONE',  ( 3.000000000000001776, 14.99999999999999467, 427.7499999999999432 ) ) ;
#1704 = PLANE ( 'NONE',  #1955 ) ;
#1705 = ORIENTED_EDGE ( 'NONE', *, *, #2499, .T. ) ;
#1706 = LINE ( 'NONE', #1979, #931 ) ;
#1707 = ORIENTED_EDGE ( 'NONE', *, *, #2854, .T. ) ;
#1708 = FACE_BOUND ( 'NONE', #595, .T. ) ;
#1709 = ORIENTED_EDGE ( 'NONE', *, *, #1235, .F. ) ;
#1710 = CARTESIAN_POINT ( 'NONE',  ( 3.000000000000001776, 14.99999999999999467, 425.0000000000000000 ) ) ;
#1711 = LINE ( 'NONE', #3033, #1903 ) ;
#1712 = AXIS2_PLACEMENT_3D ( 'NONE', #1451, #1157, #1176 ) ;
#1713 = ORIENTED_EDGE ( 'NONE', *, *, #2683, .T. ) ;
#1714 = CYLINDRICAL_SURFACE ( 'NONE', #1155, 1.500000000000001332 ) ;
#1715 = DIRECTION ( 'NONE',  ( 1.000000000000000000, 0.000000000000000000, -0.000000000000000000 ) ) ;
#1716 = VECTOR ( 'NONE', #1792, 1000.000000000000000 ) ;
#1717 = VECTOR ( 'NONE', #2184, 1000.000000000000000 ) ;
#1718 = AXIS2_PLACEMENT_3D ( 'NONE', #3388, #306, #2792 ) ;
#1719 = DIRECTION ( 'NONE',  ( 0.000000000000000000, 0.000000000000000000, 1.000000000000000000 ) ) ;
#1720 = DIRECTION ( 'NONE',  ( 1.000000000000000000, 0.000000000000000000, 0.000000000000000000 ) ) ;
#1721 = VECTOR ( 'NONE', #1818, 1000.000000000000000 ) ;
#1722 = ADVANCED_FACE ( 'NONE', ( #1534, #2063, #3419, #2880, #944, #992, #2334, #3145, #2367, #134, #426, #2928, #668 ), #684, .F. ) ;
#1723 = FACE_OUTER_BOUND ( 'NONE', #3103, .T. ) ;
#1724 = EDGE_LOOP ( 'NONE', ( #1867, #468, #2444, #1069 ) ) ;
#1725 = EDGE_CURVE ( 'NONE', #2086, #3004, #3131, .T. ) ;
#1726 = EDGE_CURVE ( 'NONE', #1524, #2919, #154, .T. ) ;
#1727 = AXIS2_PLACEMENT_3D ( 'NONE', #2274, #1508, #2563 ) ;
#1728 = DIRECTION ( 'NONE',  ( 0.000000000000000000, 0.000000000000000000, 1.000000000000000000 ) ) ;
#1729 = ORIENTED_EDGE ( 'NONE', *, *, #739, .T. ) ;
#1730 = CARTESIAN_POINT ( 'NONE',  ( 7.000000000000002665, 10.00000000000000000, 423.2842712474619589 ) ) ;
#1731 = ORIENTED_EDGE ( 'NONE', *, *, #2253, .T. ) ;
#1732 = LINE ( 'NONE', #1766, #3517 ) ;
#1733 = VECTOR ( 'NONE', #2445, 1000.000000000000000 ) ;
#1734 = DIRECTION ( 'NONE',  ( 1.000000000000000000, -0.000000000000000000, -0.000000000000000000 ) ) ;
#1735 =( NAMED_UNIT ( * ) PLANE_ANGLE_UNIT ( ) SI_UNIT ( $, .RADIAN. ) );
#1736 = AXIS2_PLACEMENT_3D ( 'NONE', #859, #1441, #23 ) ;
#1737 = ORIENTED_EDGE ( 'NONE', *, *, #476, .F. ) ;
#1738 = CARTESIAN_POINT ( 'NONE',  ( 8.517925507445284181E-15, -40.00000000000000000, -450.0000000000000000 ) ) ;
#1739 = AXIS2_PLACEMENT_3D ( 'NONE', #836, #562, #2724 ) ;
#1740 = CARTESIAN_POINT ( 'NONE',  ( 3.000000000000001776, 14.99999999999999467, -422.2500000000000000 ) ) ;
#1741 = VECTOR ( 'NONE', #2831, 1000.000000000000000 ) ;
#1742 = DIRECTION ( 'NONE',  ( -0.000000000000000000, -0.000000000000000000, -1.000000000000000000 ) ) ;
#1743 = CARTESIAN_POINT ( 'NONE',  ( -1.561251128379126385E-14, 10.00000000000000000, -423.2842712474619589 ) ) ;
#1744 = VERTEX_POINT ( 'NONE', #2094 ) ;
#1745 = DIRECTION ( 'NONE',  ( -0.000000000000000000, -0.000000000000000000, -1.000000000000000000 ) ) ;
#1746 = CYLINDRICAL_SURFACE ( 'NONE', #2369, 2.499999999999992895 ) ;
#1747 = ORIENTED_EDGE ( 'NONE', *, *, #2205, .T. ) ;
#1748 = FACE_OUTER_BOUND ( 'NONE', #3201, .T. ) ;
#1749 = VERTEX_POINT ( 'NONE', #715 ) ;
#1750 = DIRECTION ( 'NONE',  ( -0.8571673007021137769, 0.000000000000000000, -0.5150380749100518241 ) ) ;
#1751 = LINE ( 'NONE', #2595, #459 ) ;
#1752 = DIRECTION ( 'NONE',  ( 1.000000000000000000, -0.000000000000000000, -0.000000000000000000 ) ) ;
#1753 = DIRECTION ( 'NONE',  ( -0.000000000000000000, -0.000000000000000000, -1.000000000000000000 ) ) ;
#1754 = CARTESIAN_POINT ( 'NONE',  ( 10.00000000000000533, 10.00000000000000000, 423.2842712474619589 ) ) ;
#1755 = CARTESIAN_POINT ( 'NONE',  ( 3.000000000000001776, 14.99999999999999467, 365.0000000000000000 ) ) ;
#1756 = CARTESIAN_POINT ( 'NONE',  ( 3.000000000000001776, -25.00000000000000000, 450.0000000000000000 ) ) ;
#1757 = VERTEX_POINT ( 'NONE', #1822 ) ;
#1758 = EDGE_CURVE ( 'NONE', #1286, #252, #3399, .T. ) ;
#1759 = DIRECTION ( 'NONE',  ( 1.734723475976804136E-16, 1.000000000000000000, 0.000000000000000000 ) ) ;
#1760 = ADVANCED_FACE ( 'NONE', ( #649 ), #3046, .F. ) ;
#1761 = DIRECTION ( 'NONE',  ( 3.061616997868382648E-16, -1.000000000000000000, 0.000000000000000000 ) ) ;
#1762 = EDGE_LOOP ( 'NONE', ( #999, #2511, #1382, #754 ) ) ;
#1763 = EDGE_CURVE ( 'NONE', #195, #3374, #2985, .T. ) ;
#1764 = DIRECTION ( 'NONE',  ( 0.000000000000000000, 0.000000000000000000, 1.000000000000000000 ) ) ;
#1765 = ORIENTED_EDGE ( 'NONE', *, *, #61, .F. ) ;
#1766 = CARTESIAN_POINT ( 'NONE',  ( 3.000000000000001776, -15.00000000000000533, 423.5000000000000000 ) ) ;
#1767 = EDGE_CURVE ( 'NONE', #101, #3186, #3335, .T. ) ;
#1768 = FACE_OUTER_BOUND ( 'NONE', #2070, .T. ) ;
#1769 = DIRECTION ( 'NONE',  ( 1.000000000000000000, -0.000000000000000000, -0.000000000000000000 ) ) ;
#1770 = DIRECTION ( 'NONE',  ( 0.000000000000000000, 0.000000000000000000, -1.000000000000000000 ) ) ;
#1771 = FACE_OUTER_BOUND ( 'NONE', #1090, .T. ) ;
#1772 = DIRECTION ( 'NONE',  ( 1.000000000000000000, -0.000000000000000000, -0.000000000000000000 ) ) ;
#1773 = DIRECTION ( 'NONE',  ( 1.000000000000000000, 3.061616997868382648E-16, -0.000000000000000000 ) ) ;
#1774 = VECTOR ( 'NONE', #706, 1000.000000000000000 ) ;
#1775 = AXIS2_PLACEMENT_3D ( 'NONE', #3377, #683, #354 ) ;
#1776 = DIRECTION ( 'NONE',  ( 0.000000000000000000, -1.000000000000000000, 0.000000000000000000 ) ) ;
#1777 = ORIENTED_EDGE ( 'NONE', *, *, #1291, .F. ) ;
#1778 = DIRECTION ( 'NONE',  ( 0.000000000000000000, 0.000000000000000000, -1.000000000000000000 ) ) ;
#1779 = AXIS2_PLACEMENT_3D ( 'NONE', #1491, #1693, #3356 ) ;
#1780 = DIRECTION ( 'NONE',  ( 1.000000000000000000, 0.000000000000000000, 0.000000000000000000 ) ) ;
#1781 = ORIENTED_EDGE ( 'NONE', *, *, #3148, .T. ) ;
#1782 = DIRECTION ( 'NONE',  ( 1.000000000000000000, 0.000000000000000000, 0.000000000000000000 ) ) ;
#1783 = ORIENTED_EDGE ( 'NONE', *, *, #3263, .F. ) ;
#1784 = DIRECTION ( 'NONE',  ( 1.000000000000000000, -0.000000000000000000, -0.000000000000000000 ) ) ;
#1785 = DIRECTION ( 'NONE',  ( 1.000000000000000000, -1.734723475976806848E-16, 0.000000000000000000 ) ) ;
#1786 = EDGE_CURVE ( 'NONE', #758, #195, #2949, .T. ) ;
#1787 = CONICAL_SURFACE ( 'NONE', #2766, 2.749999999999974687, 0.7853981633974490562 ) ;
#1788 = VECTOR ( 'NONE', #2523, 1000.000000000000000 ) ;
#1789 = ORIENTED_EDGE ( 'NONE', *, *, #1838, .T. ) ;
#1790 = AXIS2_PLACEMENT_3D ( 'NONE', #514, #1630, #2669 ) ;
#1791 = FACE_OUTER_BOUND ( 'NONE', #2299, .T. ) ;
#1792 = DIRECTION ( 'NONE',  ( -0.000000000000000000, -0.000000000000000000, -1.000000000000000000 ) ) ;
#1793 = AXIS2_PLACEMENT_3D ( 'NONE', #1698, #3560, #1083 ) ;
#1794 = CARTESIAN_POINT ( 'NONE',  ( 3.000000000000001776, -15.00000000000000533, 426.5000000000000000 ) ) ;
#1795 = AXIS2_PLACEMENT_3D ( 'NONE', #3415, #1464, #1187 ) ;
#1796 = VERTEX_POINT ( 'NONE', #3502 ) ;
#1797 = PLANE ( 'NONE',  #2169 ) ;
#1798 = CIRCLE ( 'NONE', #2657, 30.00000000000002842 ) ;
#1799 = VERTEX_POINT ( 'NONE', #564 ) ;
#1800 = ORIENTED_EDGE ( 'NONE', *, *, #1573, .T. ) ;
#1801 = VERTEX_POINT ( 'NONE', #498 ) ;
#1802 = ORIENTED_EDGE ( 'NONE', *, *, #476, .T. ) ;
#1803 = CARTESIAN_POINT ( 'NONE',  ( 7.000000000000001776, 25.00000000000000000, -411.5831239517771110 ) ) ;
#1804 = CARTESIAN_POINT ( 'NONE',  ( 7.000000000000001776, -5.000000000000000888, 450.0000000000000000 ) ) ;
#1805 = CARTESIAN_POINT ( 'NONE',  ( -1.561251128379126385E-14, -20.00000000000000000, 417.3606797749979478 ) ) ;
#1806 = EDGE_CURVE ( 'NONE', #1632, #873, #3504, .T. ) ;
#1807 = CARTESIAN_POINT ( 'NONE',  ( 3.000000000000001776, 5.000000000000000888, -450.0000000000000000 ) ) ;
#1808 = CARTESIAN_POINT ( 'NONE',  ( 5.000000000000001776, -32.50000000000000000, 430.0000000000000000 ) ) ;
#1809 = EDGE_CURVE ( 'NONE', #287, #1907, #2709, .T. ) ;
#1810 = FACE_OUTER_BOUND ( 'NONE', #3530, .T. ) ;
#1811 = ORIENTED_EDGE ( 'NONE', *, *, #2904, .F. ) ;
#1812 = FACE_OUTER_BOUND ( 'NONE', #2403, .T. ) ;
#1813 = EDGE_CURVE ( 'NONE', #2852, #1877, #2495, .T. ) ;
#1814 = EDGE_LOOP ( 'NONE', ( #2937, #3, #1705, #2067 ) ) ;
#1815 = ORIENTED_EDGE ( 'NONE', *, *, #1039, .T. ) ;
#1816 = ORIENTED_EDGE ( 'NONE', *, *, #12, .T. ) ;
#1817 = ORIENTED_EDGE ( 'NONE', *, *, #2902, .F. ) ;
#1818 = DIRECTION ( 'NONE',  ( 0.7071067811865470176, 0.000000000000000000, -0.7071067811865481278 ) ) ;
#1819 = LINE ( 'NONE', #2923, #1268 ) ;
#1820 = CARTESIAN_POINT ( 'NONE',  ( 3.000000000000001776, 25.00000000000000000, 450.0000000000000000 ) ) ;
#1821 = LINE ( 'NONE', #714, #1482 ) ;
#1822 = CARTESIAN_POINT ( 'NONE',  ( -1.734723475976807094E-14, 0.000000000000000000, 347.5000000000000000 ) ) ;
#1823 = DIRECTION ( 'NONE',  ( 1.000000000000000000, -1.734723475976807341E-16, 0.000000000000000000 ) ) ;
#1824 = ORIENTED_EDGE ( 'NONE', *, *, #1831, .T. ) ;
#1825 = CIRCLE ( 'NONE', #200, 30.00000000000004974 ) ;
#1826 = AXIS2_PLACEMENT_3D ( 'NONE', #1027, #3009, #2135 ) ;
#1827 = LINE ( 'NONE', #1487, #555 ) ;
#1828 = ADVANCED_FACE ( 'NONE', ( #1339 ), #1861, .F. ) ;
#1829 = EDGE_LOOP ( 'NONE', ( #2245, #1832, #3044 ) ) ;
#1830 = AXIS2_PLACEMENT_3D ( 'NONE', #3162, #103, #413 ) ;
#1831 = EDGE_CURVE ( 'NONE', #269, #343, #2109, .T. ) ;
#1832 = ORIENTED_EDGE ( 'NONE', *, *, #876, .T. ) ;
#1833 = ORIENTED_EDGE ( 'NONE', *, *, #3578, .F. ) ;
#1834 = AXIS2_PLACEMENT_3D ( 'NONE', #21, #1675, #176 ) ;
#1835 = ORIENTED_EDGE ( 'NONE', *, *, #248, .T. ) ;
#1836 = DIRECTION ( 'NONE',  ( 0.000000000000000000, 0.000000000000000000, -1.000000000000000000 ) ) ;
#1837 = ADVANCED_FACE ( 'NONE', ( #3068 ), #1945, .F. ) ;
#1838 = EDGE_CURVE ( 'NONE', #2676, #3023, #482, .T. ) ;
#1839 = AXIS2_PLACEMENT_3D ( 'NONE', #2939, #184, #1569 ) ;
#1840 = CARTESIAN_POINT ( 'NONE',  ( 7.000000000000001776, -5.000000000000000888, 450.0000000000000000 ) ) ;
#1841 = CARTESIAN_POINT ( 'NONE',  ( 3.000000000000001776, -15.00000000000000533, -427.7499999999999432 ) ) ;
#1842 = CIRCLE ( 'NONE', #332, 2.499999999999996003 ) ;
#1843 = DIRECTION ( 'NONE',  ( 1.000000000000000000, 1.734723475976806848E-16, -0.000000000000000000 ) ) ;
#1844 = CIRCLE ( 'NONE', #3515, 1.500000000000001332 ) ;
#1845 = DIRECTION ( 'NONE',  ( -0.000000000000000000, -0.000000000000000000, -1.000000000000000000 ) ) ;
#1846 = CARTESIAN_POINT ( 'NONE',  ( 7.300000000000005151, 0.000000000000000000, 347.5000000000000000 ) ) ;
#1847 = AXIS2_PLACEMENT_3D ( 'NONE', #816, #1974, #3075 ) ;
#1848 = EDGE_LOOP ( 'NONE', ( #1636, #349 ) ) ;
#1849 = DIRECTION ( 'NONE',  ( -1.000000000000000000, -0.000000000000000000, -0.000000000000000000 ) ) ;
#1850 = ORIENTED_EDGE ( 'NONE', *, *, #1462, .T. ) ;
#1851 = VECTOR ( 'NONE', #442, 1000.000000000000000 ) ;
#1852 = VERTEX_POINT ( 'NONE', #2215 ) ;
#1853 = ORIENTED_EDGE ( 'NONE', *, *, #743, .T. ) ;
#1854 = AXIS2_PLACEMENT_3D ( 'NONE', #3119, #672, #2510 ) ;
#1855 = ORIENTED_EDGE ( 'NONE', *, *, #902, .F. ) ;
#1856 = DIRECTION ( 'NONE',  ( 1.000000000000000000, -0.000000000000000000, -0.000000000000000000 ) ) ;
#1857 = CARTESIAN_POINT ( 'NONE',  ( 3.000000000000001776, 5.000000000000000888, -424.5803989154981650 ) ) ;
#1858 = DIRECTION ( 'NONE',  ( -0.000000000000000000, -0.000000000000000000, 1.000000000000000000 ) ) ;
#1859 = ORIENTED_EDGE ( 'NONE', *, *, #3327, .T. ) ;
#1860 = DIRECTION ( 'NONE',  ( 0.000000000000000000, 0.000000000000000000, -1.000000000000000000 ) ) ;
#1861 = PLANE ( 'NONE',  #1893 ) ;
#1862 = DIRECTION ( 'NONE',  ( -0.000000000000000000, -0.000000000000000000, 1.000000000000000000 ) ) ;
#1863 = ORIENTED_EDGE ( 'NONE', *, *, #3351, .T. ) ;
#1864 = DIRECTION ( 'NONE',  ( 1.000000000000000000, -0.000000000000000000, -0.000000000000000000 ) ) ;
#1865 = ORIENTED_EDGE ( 'NONE', *, *, #1002, .T. ) ;
#1866 = ADVANCED_FACE ( 'NONE', ( #2687, #3049, #583 ), #1879, .T. ) ;
#1867 = ORIENTED_EDGE ( 'NONE', *, *, #1269, .F. ) ;
#1868 = VERTEX_POINT ( 'NONE', #466 ) ;
#1869 = ORIENTED_EDGE ( 'NONE', *, *, #1523, .F. ) ;
#1870 = DIRECTION ( 'NONE',  ( -0.000000000000000000, -0.000000000000000000, -1.000000000000000000 ) ) ;
#1871 = ADVANCED_FACE ( 'NONE', ( #1592 ), #2654, .F. ) ;
#1872 = DIRECTION ( 'NONE',  ( -0.000000000000000000, -0.000000000000000000, -1.000000000000000000 ) ) ;
#1873 = ORIENTED_EDGE ( 'NONE', *, *, #961, .T. ) ;
#1874 = ADVANCED_FACE ( 'NONE', ( #3209 ), #2128, .F. ) ;
#1875 = DIRECTION ( 'NONE',  ( 1.000000000000000000, -0.000000000000000000, -0.000000000000000000 ) ) ;
#1876 = ADVANCED_FACE ( 'NONE', ( #1295 ), #2395, .F. ) ;
#1877 = VERTEX_POINT ( 'NONE', #1314 ) ;
#1878 = PLANE ( 'NONE',  #2113 ) ;
#1879 = PLANE ( 'NONE',  #1834 ) ;
#1880 = CARTESIAN_POINT ( 'NONE',  ( 10.00000000000000178, 20.00000000000000000, 450.0000000000000000 ) ) ;
#1881 = ORIENTED_EDGE ( 'NONE', *, *, #2890, .T. ) ;
#1882 = DIRECTION ( 'NONE',  ( 0.000000000000000000, 0.000000000000000000, -1.000000000000000000 ) ) ;
#1883 = ORIENTED_EDGE ( 'NONE', *, *, #2560, .F. ) ;
#1884 = EDGE_LOOP ( 'NONE', ( #2140, #1597, #1419, #3138 ) ) ;
#1885 = ORIENTED_EDGE ( 'NONE', *, *, #478, .F. ) ;
#1886 = EDGE_LOOP ( 'NONE', ( #1922, #1203, #2101, #964, #2729, #2417, #3016, #88, #2146, #1952, #257, #3410, #2906, #1777, #1964, #1650, #3333, #802, #1670, #3491 ) ) ;
#1887 = FACE_OUTER_BOUND ( 'NONE', #1645, .T. ) ;
#1888 = CIRCLE ( 'NONE', #3271, 1.500000000000001332 ) ;
#1889 = VECTOR ( 'NONE', #1849, 1000.000000000000000 ) ;
#1890 = DIRECTION ( 'NONE',  ( 1.000000000000000000, -0.000000000000000000, -0.000000000000000000 ) ) ;
#1891 = ORIENTED_EDGE ( 'NONE', *, *, #1575, .T. ) ;
#1892 = CARTESIAN_POINT ( 'NONE',  ( 10.00000000000000888, -40.00000000000000000, 450.0000000000000000 ) ) ;
#1893 = AXIS2_PLACEMENT_3D ( 'NONE', #3483, #1024, #1127 ) ;
#1894 = LINE ( 'NONE', #810, #2891 ) ;
#1895 = FACE_OUTER_BOUND ( 'NONE', #2163, .T. ) ;
#1896 = ORIENTED_EDGE ( 'NONE', *, *, #3194, .T. ) ;
#1897 = DIRECTION ( 'NONE',  ( 1.000000000000000000, -0.000000000000000000, -0.000000000000000000 ) ) ;
#1898 = CARTESIAN_POINT ( 'NONE',  ( 10.00000000000000178, -20.00000000000000000, 450.0000000000000000 ) ) ;
#1899 = EDGE_CURVE ( 'NONE', #2981, #2407, #2461, .T. ) ;
#1900 = VECTOR ( 'NONE', #1357, 1000.000000000000000 ) ;
#1901 = CARTESIAN_POINT ( 'NONE',  ( 3.000000000000001776, -15.00000000000000533, -425.0000000000000000 ) ) ;
#1902 = ORIENTED_EDGE ( 'NONE', *, *, #654, .F. ) ;
#1903 = VECTOR ( 'NONE', #295, 1000.000000000000000 ) ;
#1904 = VERTEX_POINT ( 'NONE', #951 ) ;
#1905 = VECTOR ( 'NONE', #3052, 1000.000000000000000 ) ;
#1906 = ORIENTED_EDGE ( 'NONE', *, *, #2396, .T. ) ;
#1907 = VERTEX_POINT ( 'NONE', #2535 ) ;
#1908 = DIRECTION ( 'NONE',  ( 1.000000000000000000, 0.000000000000000000, 0.000000000000000000 ) ) ;
#1909 = AXIS2_PLACEMENT_3D ( 'NONE', #2482, #825, #2158 ) ;
#1910 = DIRECTION ( 'NONE',  ( -0.000000000000000000, -0.000000000000000000, -1.000000000000000000 ) ) ;
#1911 = VERTEX_POINT ( 'NONE', #1730 ) ;
#1912 = DIRECTION ( 'NONE',  ( 0.000000000000000000, -0.000000000000000000, 1.000000000000000000 ) ) ;
#1913 = FACE_OUTER_BOUND ( 'NONE', #1092, .T. ) ;
#1914 = CARTESIAN_POINT ( 'NONE',  ( -1.561251128379126385E-14, 0.000000000000000000, 365.0000000000000000 ) ) ;
#1915 = EDGE_CURVE ( 'NONE', #611, #2454, #3137, .T. ) ;
#1916 = ORIENTED_EDGE ( 'NONE', *, *, #2180, .T. ) ;
#1917 = CARTESIAN_POINT ( 'NONE',  ( 7.000000000000000888, 0.000000000000000000, 395.0000000000000000 ) ) ;
#1918 = DIRECTION ( 'NONE',  ( 0.000000000000000000, 0.000000000000000000, -1.000000000000000000 ) ) ;
#1919 = ADVANCED_FACE ( 'NONE', ( #1708, #2056, #874 ), #598, .F. ) ;
#1920 = EDGE_CURVE ( 'NONE', #3508, #492, #2553, .T. ) ;
#1921 = CARTESIAN_POINT ( 'NONE',  ( -1.561251128379126385E-14, 5.000000000000000888, 365.4196010845018918 ) ) ;
#1922 = ORIENTED_EDGE ( 'NONE', *, *, #974, .F. ) ;
#1923 = ORIENTED_EDGE ( 'NONE', *, *, #202, .T. ) ;
#1924 = ADVANCED_FACE ( 'NONE', ( #56, #657 ), #3099, .F. ) ;
#1925 = EDGE_LOOP ( 'NONE', ( #2920, #1404, #3299, #3307 ) ) ;
#1926 = CARTESIAN_POINT ( 'NONE',  ( 3.000000000000001776, 0.000000000000000000, -395.0000000000000000 ) ) ;
#1927 = ORIENTED_EDGE ( 'NONE', *, *, #1454, .F. ) ;
#1928 = DIRECTION ( 'NONE',  ( 1.000000000000000000, -0.000000000000000000, -0.000000000000000000 ) ) ;
#1929 = CARTESIAN_POINT ( 'NONE',  ( 3.000000000000001776, 5.000000000000000888, 424.5803989154981650 ) ) ;
#1930 = CARTESIAN_POINT ( 'NONE',  ( 7.300000000000005151, 0.000000000000000000, -350.0000000000000000 ) ) ;
#1931 = VERTEX_POINT ( 'NONE', #364 ) ;
#1932 = DIRECTION ( 'NONE',  ( 1.000000000000000000, -1.734723475976807341E-16, 0.000000000000000000 ) ) ;
#1933 = ADVANCED_BREP_SHAPE_REPRESENTATION ( 'PRT-2', ( #249, #2516 ), #33 ) ;
#1934 = CARTESIAN_POINT ( 'NONE',  ( 10.00000000000000178, -20.00000000000000000, 450.0000000000000000 ) ) ;
#1935 = PLANE ( 'NONE',  #2006 ) ;
#1936 = EDGE_LOOP ( 'NONE', ( #2336, #421, #2807, #2353 ) ) ;
#1937 = EDGE_CURVE ( 'NONE', #2586, #1170, #40, .T. ) ;
#1938 = EDGE_CURVE ( 'NONE', #2509, #1852, #795, .T. ) ;
#1939 = ORIENTED_EDGE ( 'NONE', *, *, #633, .T. ) ;
#1940 = ADVANCED_FACE ( 'NONE', ( #1415 ), #2568, .F. ) ;
#1941 = CARTESIAN_POINT ( 'NONE',  ( 9.999999999999984013, 40.00000000000000000, 450.0000000000000000 ) ) ;
#1942 = ORIENTED_EDGE ( 'NONE', *, *, #1138, .T. ) ;
#1943 = EDGE_CURVE ( 'NONE', #3087, #1911, #911, .T. ) ;
#1944 = VECTOR ( 'NONE', #3501, 1000.000000000000000 ) ;
#1945 = CYLINDRICAL_SURFACE ( 'NONE', #444, 1.500000000000001332 ) ;
#1946 = EDGE_CURVE ( 'NONE', #2155, #3474, #1144, .T. ) ;
#1947 = DIRECTION ( 'NONE',  ( 0.000000000000000000, 1.000000000000000000, 0.000000000000000000 ) ) ;
#1948 = PLANE ( 'NONE',  #1674 ) ;
#1949 = CARTESIAN_POINT ( 'NONE',  ( -1.647987302177966740E-14, 14.99999999999999467, 365.0000000000000000 ) ) ;
#1950 = AXIS2_PLACEMENT_3D ( 'NONE', #593, #2996, #1327 ) ;
#1951 = AXIS2_PLACEMENT_3D ( 'NONE', #3359, #117, #2001 ) ;
#1952 = ORIENTED_EDGE ( 'NONE', *, *, #3310, .F. ) ;
#1953 = DIRECTION ( 'NONE',  ( 1.000000000000000000, -0.000000000000000000, -0.000000000000000000 ) ) ;
#1954 = APPLICATION_CONTEXT ( 'automotive_design' ) ;
#1955 = AXIS2_PLACEMENT_3D ( 'NONE', #3328, #84, #302 ) ;
#1956 = DIRECTION ( 'NONE',  ( 1.000000000000000000, -0.000000000000000000, -0.000000000000000000 ) ) ;
#1957 = DIRECTION ( 'NONE',  ( -0.000000000000000000, -0.000000000000000000, -1.000000000000000000 ) ) ;
#1958 = DIRECTION ( 'NONE',  ( 0.000000000000000000, 0.000000000000000000, -1.000000000000000000 ) ) ;
#1959 = AXIS2_PLACEMENT_3D ( 'NONE', #3342, #3309, #1987 ) ;
#1960 = ORIENTED_EDGE ( 'NONE', *, *, #1162, .T. ) ;
#1961 = MECHANICAL_DESIGN_GEOMETRIC_PRESENTATION_REPRESENTATION (  '', ( #2476 ), #2133 ) ;
#1962 = EDGE_CURVE ( 'NONE', #2192, #634, #888, .T. ) ;
#1963 = CARTESIAN_POINT ( 'NONE',  ( 7.499999999999998224, -32.50000000000000000, 430.0000000000000000 ) ) ;
#1964 = ORIENTED_EDGE ( 'NONE', *, *, #93, .F. ) ;
#1965 = AXIS2_PLACEMENT_3D ( 'NONE', #1983, #308, #1368 ) ;
#1966 = CARTESIAN_POINT ( 'NONE',  ( 10.00000000000000533, -10.00000000000000000, 450.0000000000000000 ) ) ;
#1967 = CARTESIAN_POINT ( 'NONE',  ( 3.000000000000001776, -15.00000000000000533, 365.0000000000000000 ) ) ;
#1968 = CYLINDRICAL_SURFACE ( 'NONE', #1264, 1.500000000000001332 ) ;
#1969 = DIRECTION ( 'NONE',  ( 0.000000000000000000, -0.000000000000000000, 1.000000000000000000 ) ) ;
#1970 = VECTOR ( 'NONE', #2858, 1000.000000000000000 ) ;
#1971 = EDGE_LOOP ( 'NONE', ( #1444, #1013 ) ) ;
#1972 = CARTESIAN_POINT ( 'NONE',  ( 1.750000000000002442, -15.00000000000000533, -365.0000000000000000 ) ) ;
#1973 = CIRCLE ( 'NONE', #815, 1.500000000000001332 ) ;
#1974 = DIRECTION ( 'NONE',  ( -1.000000000000000000, 0.000000000000000000, 0.000000000000000000 ) ) ;
#1975 = FACE_OUTER_BOUND ( 'NONE', #39, .T. ) ;
#1976 = CARTESIAN_POINT ( 'NONE',  ( 5.000000000000001776, -32.50000000000000000, -450.0000000000000000 ) ) ;
#1977 = CARTESIAN_POINT ( 'NONE',  ( 10.00000000000000178, -20.00000000000000000, 450.0000000000000000 ) ) ;
#1978 = ORIENTED_EDGE ( 'NONE', *, *, #1653, .F. ) ;
#1979 = CARTESIAN_POINT ( 'NONE',  ( 3.000000000000001776, 5.000000000000000888, 450.0000000000000000 ) ) ;
#1980 = ORIENTED_EDGE ( 'NONE', *, *, #2848, .T. ) ;
#1981 = DIRECTION ( 'NONE',  ( -1.000000000000000000, 0.000000000000000000, 0.000000000000000000 ) ) ;
#1982 = DIRECTION ( 'NONE',  ( 1.000000000000000000, 0.000000000000000000, 0.000000000000000000 ) ) ;
#1983 = CARTESIAN_POINT ( 'NONE',  ( 7.000000000000000888, -20.00000000000000000, 450.0000000000000000 ) ) ;
#1984 = APPLICATION_PROTOCOL_DEFINITION ( 'draft international standard', 'automotive_design', 1998, #3492 ) ;
#1985 = ORIENTED_EDGE ( 'NONE', *, *, #743, .F. ) ;
#1986 = CARTESIAN_POINT ( 'NONE',  ( 3.000000000000001776, 25.00000000000000000, 411.5831239517771110 ) ) ;
#1987 = DIRECTION ( 'NONE',  ( 0.000000000000000000, 0.000000000000000000, -1.000000000000000000 ) ) ;
#1988 = EDGE_CURVE ( 'NONE', #3513, #1170, #322, .T. ) ;
#1989 = CARTESIAN_POINT ( 'NONE',  ( -1.561251128379126385E-14, 3.673940397442066278E-15, 425.0000000000000568 ) ) ;
#1990 = ADVANCED_FACE ( 'NONE', ( #1473 ), #640, .F. ) ;
#1991 = FACE_OUTER_BOUND ( 'NONE', #1829, .T. ) ;
#1992 = ADVANCED_FACE ( 'NONE', ( #1748 ), #3409, .F. ) ;
#1993 = CARTESIAN_POINT ( 'NONE',  ( 3.000000000000001776, 5.000000000000000888, 450.0000000000000000 ) ) ;
#1994 = EDGE_LOOP ( 'NONE', ( #525, #1747, #1815, #2650 ) ) ;
#1995 = DIRECTION ( 'NONE',  ( 0.000000000000000000, 1.000000000000000000, -0.000000000000000000 ) ) ;
#1996 = EDGE_LOOP ( 'NONE', ( #428, #2111 ) ) ;
#1997 = CARTESIAN_POINT ( 'NONE',  ( 5.000000000000001776, 32.50000000000000000, 450.0000000000000000 ) ) ;
#1998 = VERTEX_POINT ( 'NONE', #2868 ) ;
#1999 = DIRECTION ( 'NONE',  ( 1.000000000000000000, -0.000000000000000000, -0.000000000000000000 ) ) ;
#2000 = PLANE ( 'NONE',  #1736 ) ;
#2001 = DIRECTION ( 'NONE',  ( 0.000000000000000000, 0.000000000000000000, -1.000000000000000000 ) ) ;
#2002 = AXIS2_PLACEMENT_3D ( 'NONE', #3182, #2351, #1284 ) ;
#2004 = ORIENTED_EDGE ( 'NONE', *, *, #2469, .F. ) ;
#2003 = CIRCLE ( 'NONE', #86, 2.749999999999974687 ) ;
#2005 = DIRECTION ( 'NONE',  ( 0.000000000000000000, 0.000000000000000000, -1.000000000000000000 ) ) ;
#2006 = AXIS2_PLACEMENT_3D ( 'NONE', #2544, #3323, #2259 ) ;
#2007 = CIRCLE ( 'NONE', #3506, 2.500000000000002220 ) ;
#2008 = DIRECTION ( 'NONE',  ( -0.000000000000000000, -0.000000000000000000, -1.000000000000000000 ) ) ;
#2009 = DIRECTION ( 'NONE',  ( -1.000000000000000000, 0.000000000000000000, 0.000000000000000000 ) ) ;
#2010 = DIRECTION ( 'NONE',  ( -1.000000000000000000, 0.000000000000000000, 0.000000000000000000 ) ) ;
#2011 = AXIS2_PLACEMENT_3D ( 'NONE', #748, #422, #711 ) ;
#2012 = EDGE_LOOP ( 'NONE', ( #2356, #799 ) ) ;
#2013 = DIRECTION ( 'NONE',  ( 1.000000000000000000, 1.734723475976807341E-16, -0.000000000000000000 ) ) ;
#2014 = EDGE_LOOP ( 'NONE', ( #615, #2791 ) ) ;
#2015 = DIRECTION ( 'NONE',  ( 1.000000000000000000, -1.734723475976806848E-16, 0.000000000000000000 ) ) ;
#2016 = ORIENTED_EDGE ( 'NONE', *, *, #1763, .F. ) ;
#2017 = DIRECTION ( 'NONE',  ( -0.000000000000000000, -0.000000000000000000, 1.000000000000000000 ) ) ;
#2018 = ORIENTED_EDGE ( 'NONE', *, *, #2322, .T. ) ;
#2019 = CARTESIAN_POINT ( 'NONE',  ( -1.561251128379126385E-14, -10.00000000000000000, 366.7157287525380411 ) ) ;
#2020 = CIRCLE ( 'NONE', #3345, 30.00000000000004974 ) ;
#2021 = VECTOR ( 'NONE', #3259, 1000.000000000000000 ) ;
#2022 = DIRECTION ( 'NONE',  ( -0.000000000000000000, -0.000000000000000000, -1.000000000000000000 ) ) ;
#2023 = DIRECTION ( 'NONE',  ( -1.000000000000000000, 0.000000000000000000, 0.000000000000000000 ) ) ;
#2024 = AXIS2_PLACEMENT_3D ( 'NONE', #1356, #2232, #3074 ) ;
#2025 = ORIENTED_EDGE ( 'NONE', *, *, #2098, .T. ) ;
#2026 = CARTESIAN_POINT ( 'NONE',  ( -1.647987302177966740E-14, -15.00000000000000533, 363.5000000000000000 ) ) ;
#2027 = AXIS2_PLACEMENT_3D ( 'NONE', #3088, #2841, #1226 ) ;
#2028 = DIRECTION ( 'NONE',  ( -0.000000000000000000, -0.000000000000000000, -1.000000000000000000 ) ) ;
#2029 = EDGE_CURVE ( 'NONE', #542, #3360, #2931, .T. ) ;
#2030 = CARTESIAN_POINT ( 'NONE',  ( 3.000000000000001776, -15.00000000000000533, 425.0000000000000000 ) ) ;
#2031 = VECTOR ( 'NONE', #1761, 1000.000000000000000 ) ;
#2032 = DIRECTION ( 'NONE',  ( -1.000000000000000000, 0.000000000000000000, 0.000000000000000000 ) ) ;
#2033 = EDGE_CURVE ( 'NONE', #1238, #2586, #3427, .T. ) ;
#2034 = DIRECTION ( 'NONE',  ( -0.000000000000000000, -0.000000000000000000, -1.000000000000000000 ) ) ;
#2035 = EDGE_CURVE ( 'NONE', #2407, #2981, #1372, .T. ) ;
#2036 = ORIENTED_EDGE ( 'NONE', *, *, #3263, .T. ) ;
#2037 = LINE ( 'NONE', #906, #969 ) ;
#2038 = DIRECTION ( 'NONE',  ( -0.000000000000000000, -0.000000000000000000, -1.000000000000000000 ) ) ;
#2039 = ORIENTED_EDGE ( 'NONE', *, *, #3531, .F. ) ;
#2040 = DIRECTION ( 'NONE',  ( 0.000000000000000000, 1.000000000000000000, -0.000000000000000000 ) ) ;
#2041 = ORIENTED_EDGE ( 'NONE', *, *, #589, .F. ) ;
#2042 = DIRECTION ( 'NONE',  ( 1.000000000000000000, -0.000000000000000000, -0.000000000000000000 ) ) ;
#2043 = DIRECTION ( 'NONE',  ( 0.000000000000000000, -1.000000000000000000, 0.000000000000000000 ) ) ;
#2044 = DIRECTION ( 'NONE',  ( -1.734723475976807341E-16, -1.000000000000000000, -0.000000000000000000 ) ) ;
#2045 = CARTESIAN_POINT ( 'NONE',  ( 7.000000000000002665, 10.00000000000000000, 450.0000000000000000 ) ) ;
#2046 = CARTESIAN_POINT ( 'NONE',  ( -1.647987302177966740E-14, 14.99999999999999467, -363.5000000000000000 ) ) ;
#2047 = CARTESIAN_POINT ( 'NONE',  ( 2.500000000000008882, 32.50000000000000000, -450.0000000000000000 ) ) ;
#2048 = DIRECTION ( 'NONE',  ( -0.000000000000000000, 0.000000000000000000, 1.000000000000000000 ) ) ;
#2049 = CARTESIAN_POINT ( 'NONE',  ( 3.000000000000001776, 14.99999999999999467, 423.5000000000000000 ) ) ;
#2050 = VERTEX_POINT ( 'NONE', #2887 ) ;
#2051 = CARTESIAN_POINT ( 'NONE',  ( 7.000000000000000888, 0.000000000000000000, -395.0000000000000000 ) ) ;
#2052 = EDGE_CURVE ( 'NONE', #641, #1179, #2846, .T. ) ;
#2053 = ADVANCED_FACE ( 'NONE', ( #1723 ), #1160, .F. ) ;
#2054 = DIRECTION ( 'NONE',  ( 0.000000000000000000, 0.000000000000000000, -1.000000000000000000 ) ) ;
#2055 = EDGE_LOOP ( 'NONE', ( #2355, #2974, #193, #2087 ) ) ;
#2056 = FACE_BOUND ( 'NONE', #2966, .T. ) ;
#2057 = ORIENTED_EDGE ( 'NONE', *, *, #1758, .F. ) ;
#2058 = LINE ( 'NONE', #2248, #809 ) ;
#2059 = ADVANCED_FACE ( 'NONE', ( #2276 ), #2547, .F. ) ;
#2060 = CARTESIAN_POINT ( 'NONE',  ( 7.000000000000002665, 10.00000000000000000, -423.2842712474619589 ) ) ;
#2061 = ORIENTED_EDGE ( 'NONE', *, *, #2139, .F. ) ;
#2062 = DIRECTION ( 'NONE',  ( -1.000000000000000000, 0.000000000000000000, 0.000000000000000000 ) ) ;
#2063 = FACE_BOUND ( 'NONE', #2405, .T. ) ;
#2064 = VECTOR ( 'NONE', #774, 1000.000000000000000 ) ;
#2065 = CARTESIAN_POINT ( 'NONE',  ( -1.647987302177966740E-14, -15.00000000000000533, 425.0000000000000000 ) ) ;
#2066 = VECTOR ( 'NONE', #662, 1000.000000000000000 ) ;
#2067 = ORIENTED_EDGE ( 'NONE', *, *, #925, .T. ) ;
#2068 = DIRECTION ( 'NONE',  ( 0.000000000000000000, 0.000000000000000000, -1.000000000000000000 ) ) ;
#2069 = AXIS2_PLACEMENT_3D ( 'NONE', #3232, #756, #2968 ) ;
#2070 = EDGE_LOOP ( 'NONE', ( #3133, #2955, #2995, #2071 ) ) ;
#2071 = ORIENTED_EDGE ( 'NONE', *, *, #3178, .T. ) ;
#2072 = CYLINDRICAL_SURFACE ( 'NONE', #1481, 2.500000000000002220 ) ;
#2073 = EDGE_CURVE ( 'NONE', #1490, #1303, #577, .T. ) ;
#2074 = EDGE_CURVE ( 'NONE', #3004, #3221, #3161, .T. ) ;
#2075 = CARTESIAN_POINT ( 'NONE',  ( 1.750000000000002442, -15.00000000000000533, 425.0000000000000000 ) ) ;
#2076 = DIRECTION ( 'NONE',  ( -1.000000000000000000, 0.000000000000000000, 0.000000000000000000 ) ) ;
#2077 = AXIS2_PLACEMENT_3D ( 'NONE', #1949, #1062, #535 ) ;
#2078 = DIRECTION ( 'NONE',  ( 0.000000000000000000, 0.000000000000000000, -1.000000000000000000 ) ) ;
#2079 = PLANE ( 'NONE',  #1079 ) ;
#2080 = CIRCLE ( 'NONE', #165, 2.749999999999974687 ) ;
#2081 = CARTESIAN_POINT ( 'NONE',  ( 7.000000000000001776, 25.00000000000000000, 378.4168760482229459 ) ) ;
#2082 = CIRCLE ( 'NONE', #3466, 30.00000000000002842 ) ;
#2083 = EDGE_LOOP ( 'NONE', ( #2918, #1553, #1896, #3219 ) ) ;
#2084 = CARTESIAN_POINT ( 'NONE',  ( 7.000000000000000888, -20.00000000000000000, 450.0000000000000000 ) ) ;
#2085 = EDGE_LOOP ( 'NONE', ( #2142, #2725, #235, #407 ) ) ;
#2086 = VERTEX_POINT ( 'NONE', #3062 ) ;
#2087 = ORIENTED_EDGE ( 'NONE', *, *, #1938, .T. ) ;
#2088 = ORIENTED_EDGE ( 'NONE', *, *, #3481, .T. ) ;
#2089 = CARTESIAN_POINT ( 'NONE',  ( 10.00000000000000178, 20.00000000000000000, 372.6393202250020522 ) ) ;
#2090 = LINE ( 'NONE', #1257, #2481 ) ;
#2091 = CARTESIAN_POINT ( 'NONE',  ( 10.00000000000000711, 6.368163355566236381E-16, -344.8000000000000114 ) ) ;
#2092 = EDGE_CURVE ( 'NONE', #1349, #73, #3212, .T. ) ;
#2093 = DIRECTION ( 'NONE',  ( 0.000000000000000000, 0.000000000000000000, 1.000000000000000000 ) ) ;
#2094 = CARTESIAN_POINT ( 'NONE',  ( 3.000000000000001776, -15.00000000000000533, 367.7499999999999432 ) ) ;
#2095 = DIRECTION ( 'NONE',  ( 0.7071067811865470176, 8.659560562354940254E-17, 0.7071067811865481278 ) ) ;
#2096 = EDGE_CURVE ( 'NONE', #3360, #1458, #2565, .T. ) ;
#2097 = ORIENTED_EDGE ( 'NONE', *, *, #2935, .F. ) ;
#2098 = EDGE_CURVE ( 'NONE', #3166, #309, #2529, .T. ) ;
#2099 = ADVANCED_FACE ( 'NONE', ( #1123 ), #1488, .F. ) ;
#2100 = DIRECTION ( 'NONE',  ( -1.734723475976804136E-16, 1.000000000000000000, 0.000000000000000000 ) ) ;
#2101 = ORIENTED_EDGE ( 'NONE', *, *, #2897, .F. ) ;
#2102 = ORIENTED_EDGE ( 'NONE', *, *, #933, .F. ) ;
#2103 = VERTEX_POINT ( 'NONE', #594 ) ;
#2104 = EDGE_LOOP ( 'NONE', ( #156, #365, #3450, #1853 ) ) ;
#2105 = DIRECTION ( 'NONE',  ( 1.000000000000000000, -0.000000000000000000, -0.000000000000000000 ) ) ;
#2106 = DIRECTION ( 'NONE',  ( 0.000000000000000000, 0.000000000000000000, -1.000000000000000000 ) ) ;
#2107 = DIRECTION ( 'NONE',  ( 1.000000000000000000, -0.000000000000000000, -0.000000000000000000 ) ) ;
#2108 = CARTESIAN_POINT ( 'NONE',  ( 10.00000000000000711, 0.000000000000000000, -355.1999999999999318 ) ) ;
#2109 = LINE ( 'NONE', #1966, #386 ) ;
#2110 = CARTESIAN_POINT ( 'NONE',  ( 6.999999999999997335, 0.000000000000000000, -395.0000000000000000 ) ) ;
#2111 = ORIENTED_EDGE ( 'NONE', *, *, #3417, .T. ) ;
#2112 = AXIS2_PLACEMENT_3D ( 'NONE', #1306, #164, #408 ) ;
#2113 = AXIS2_PLACEMENT_3D ( 'NONE', #497, #1609, #2707 ) ;
#2114 = CARTESIAN_POINT ( 'NONE',  ( 5.000000000000001776, 32.50000000000000000, 450.0000000000000000 ) ) ;
#2115 = ORIENTED_EDGE ( 'NONE', *, *, #2622, .F. ) ;
#2116 = VECTOR ( 'NONE', #2156, 1000.000000000000000 ) ;
#2117 = AXIS2_PLACEMENT_3D ( 'NONE', #2315, #2048, #2616 ) ;
#2118 = VERTEX_POINT ( 'NONE', #2788 ) ;
#2119 = EDGE_LOOP ( 'NONE', ( #599, #1916, #136, #1737 ) ) ;
#2120 = AXIS2_PLACEMENT_3D ( 'NONE', #1997, #2017, #3122 ) ;
#2121 = ORIENTED_EDGE ( 'NONE', *, *, #29, .T. ) ;
#2122 = DIRECTION ( 'NONE',  ( 1.734723475976804136E-16, 1.000000000000000000, 0.000000000000000000 ) ) ;
#2123 = DIRECTION ( 'NONE',  ( 1.000000000000000000, 1.734723475976807341E-16, -0.000000000000000000 ) ) ;
#2124 = CARTESIAN_POINT ( 'NONE',  ( 3.000000000000001776, 14.99999999999999467, -362.2500000000000000 ) ) ;
#2125 = VECTOR ( 'NONE', #1007, 1000.000000000000000 ) ;
#2126 = ORIENTED_EDGE ( 'NONE', *, *, #276, .F. ) ;
#2127 = DIRECTION ( 'NONE',  ( 1.000000000000000000, -0.000000000000000000, -0.000000000000000000 ) ) ;
#2128 = CYLINDRICAL_SURFACE ( 'NONE', #2233, 2.499999999999992895 ) ;
#2129 = DIRECTION ( 'NONE',  ( 0.7071067811865470176, 0.000000000000000000, -0.7071067811865481278 ) ) ;
#2130 = ADVANCED_FACE ( 'NONE', ( #3095 ), #1704, .F. ) ;
#2131 = VECTOR ( 'NONE', #2429, 1000.000000000000114 ) ;
#2132 = ORIENTED_EDGE ( 'NONE', *, *, #3094, .F. ) ;
#2133 =( GEOMETRIC_REPRESENTATION_CONTEXT ( 3 ) GLOBAL_UNCERTAINTY_ASSIGNED_CONTEXT ( ( #2731 ) ) GLOBAL_UNIT_ASSIGNED_CONTEXT ( ( #3497, #2538, #2268 ) ) REPRESENTATION_CONTEXT ( 'NONE', 'WORKASPACE' ) );
#2134 = EDGE_CURVE ( 'NONE', #225, #2932, #2037, .T. ) ;
#2135 = DIRECTION ( 'NONE',  ( 0.000000000000000000, 0.000000000000000000, -1.000000000000000000 ) ) ;
#2136 = VERTEX_POINT ( 'NONE', #2771 ) ;
#2137 = CIRCLE ( 'NONE', #228, 30.00000000000004974 ) ;
#2138 = ORIENTED_EDGE ( 'NONE', *, *, #3379, .T. ) ;
#2139 = EDGE_CURVE ( 'NONE', #2697, #1304, #2994, .T. ) ;
#2140 = ORIENTED_EDGE ( 'NONE', *, *, #1138, .F. ) ;
#2141 = AXIS2_PLACEMENT_3D ( 'NONE', #1489, #909, #2590 ) ;
#2142 = ORIENTED_EDGE ( 'NONE', *, *, #2318, .F. ) ;
#2143 = CARTESIAN_POINT ( 'NONE',  ( 7.000000000000001776, 25.00000000000000000, 411.5831239517771110 ) ) ;
#2144 = FACE_OUTER_BOUND ( 'NONE', #878, .T. ) ;
#2145 = CARTESIAN_POINT ( 'NONE',  ( 10.00000000000001954, 0.000000000000000000, 395.0000000000000000 ) ) ;
#2146 = ORIENTED_EDGE ( 'NONE', *, *, #3570, .F. ) ;
#2147 = CARTESIAN_POINT ( 'NONE',  ( 3.000000000000001776, 14.99999999999999467, 425.0000000000000000 ) ) ;
#2148 = CARTESIAN_POINT ( 'NONE',  ( 3.000000000000001776, -15.00000000000000533, -365.0000000000000000 ) ) ;
#2149 = LINE ( 'NONE', #207, #1556 ) ;
#2150 = EDGE_LOOP ( 'NONE', ( #1126, #69, #280, #982, #1008, #2936, #234, #2916 ) ) ;
#2151 = LINE ( 'NONE', #818, #2064 ) ;
#2152 = ORIENTED_EDGE ( 'NONE', *, *, #2249, .T. ) ;
#2153 = ORIENTED_EDGE ( 'NONE', *, *, #876, .F. ) ;
#2154 = VERTEX_POINT ( 'NONE', #1411 ) ;
#2155 = VERTEX_POINT ( 'NONE', #2508 ) ;
#2156 = DIRECTION ( 'NONE',  ( -0.000000000000000000, -0.000000000000000000, -1.000000000000000000 ) ) ;
#2157 = EDGE_CURVE ( 'NONE', #2737, #3297, #342, .T. ) ;
#2158 = DIRECTION ( 'NONE',  ( 0.000000000000000000, 0.000000000000000000, -1.000000000000000000 ) ) ;
#2159 = ORIENTED_EDGE ( 'NONE', *, *, #3310, .T. ) ;
#2160 = CARTESIAN_POINT ( 'NONE',  ( -1.561251128379126385E-14, -10.00000000000000000, -366.7157287525380411 ) ) ;
#2161 = CARTESIAN_POINT ( 'NONE',  ( 7.000000000000001776, 5.000000000000000888, -424.5803989154981650 ) ) ;
#2162 = CARTESIAN_POINT ( 'NONE',  ( 3.000000000000001776, -25.00000000000000000, -450.0000000000000000 ) ) ;
#2163 = EDGE_LOOP ( 'NONE', ( #1566, #1116, #1293, #2886 ) ) ;
#2164 = ORIENTED_EDGE ( 'NONE', *, *, #3224, .T. ) ;
#2165 = CARTESIAN_POINT ( 'NONE',  ( 7.000000000000001776, 25.00000000000000000, 450.0000000000000000 ) ) ;
#2166 = DIRECTION ( 'NONE',  ( -0.000000000000000000, -0.000000000000000000, -1.000000000000000000 ) ) ;
#2167 = DIRECTION ( 'NONE',  ( 0.000000000000000000, -1.000000000000000000, 0.000000000000000000 ) ) ;
#2168 = ORIENTED_EDGE ( 'NONE', *, *, #1523, .T. ) ;
#2169 = AXIS2_PLACEMENT_3D ( 'NONE', #2321, #1562, #1218 ) ;
#2170 = AXIS2_PLACEMENT_3D ( 'NONE', #1175, #48, #1450 ) ;
#2171 = EDGE_LOOP ( 'NONE', ( #2803, #3512 ) ) ;
#2172 = ORIENTED_EDGE ( 'NONE', *, *, #3461, .T. ) ;
#2173 = ORIENTED_EDGE ( 'NONE', *, *, #437, .T. ) ;
#2174 = CARTESIAN_POINT ( 'NONE',  ( 3.000000000000001776, 14.99999999999999467, 422.2500000000000000 ) ) ;
#2175 = CIRCLE ( 'NONE', #1135, 2.499999999999996003 ) ;
#2176 = EDGE_CURVE ( 'NONE', #2719, #194, #150, .T. ) ;
#2177 = AXIS2_PLACEMENT_3D ( 'NONE', #936, #2040, #1764 ) ;
#2178 = DIRECTION ( 'NONE',  ( 1.000000000000000000, -0.000000000000000000, -0.000000000000000000 ) ) ;
#2179 = ORIENTED_EDGE ( 'NONE', *, *, #393, .T. ) ;
#2180 = EDGE_CURVE ( 'NONE', #563, #1453, #3385, .T. ) ;
#2181 = CARTESIAN_POINT ( 'NONE',  ( 3.000000000000001776, 5.000000000000000888, 450.0000000000000000 ) ) ;
#2182 = AXIS2_PLACEMENT_3D ( 'NONE', #2239, #3114, #3348 ) ;
#2183 = DIRECTION ( 'NONE',  ( 1.000000000000000000, 0.000000000000000000, 0.000000000000000000 ) ) ;
#2184 = DIRECTION ( 'NONE',  ( 1.000000000000000000, -0.000000000000000000, -0.000000000000000000 ) ) ;
#2185 = EDGE_CURVE ( 'NONE', #979, #1490, #3078, .T. ) ;
#2186 = ORIENTED_EDGE ( 'NONE', *, *, #822, .F. ) ;
#2187 = DIRECTION ( 'NONE',  ( 1.734723475976806848E-16, -1.000000000000000000, 0.000000000000000000 ) ) ;
#2188 = CARTESIAN_POINT ( 'NONE',  ( 10.00000000000000888, -40.00000000000000000, 450.0000000000000000 ) ) ;
#2189 = EDGE_CURVE ( 'NONE', #536, #3220, #359, .T. ) ;
#2190 = DIRECTION ( 'NONE',  ( 1.000000000000000000, 1.734723475976806848E-16, -0.000000000000000000 ) ) ;
#2191 = VECTOR ( 'NONE', #2076, 1000.000000000000000 ) ;
#2192 = VERTEX_POINT ( 'NONE', #1248 ) ;
#2193 = ORIENTED_EDGE ( 'NONE', *, *, #3218, .F. ) ;
#2194 = CONICAL_SURFACE ( 'NONE', #981, 5.199999999999982414, 0.7853981633974481680 ) ;
#2195 = ORIENTED_EDGE ( 'NONE', *, *, #2318, .T. ) ;
#2196 = VECTOR ( 'NONE', #409, 1000.000000000000000 ) ;
#2197 = AXIS2_PLACEMENT_3D ( 'NONE', #19, #2178, #2462 ) ;
#2198 = CYLINDRICAL_SURFACE ( 'NONE', #2197, 30.00000000000002842 ) ;
#2199 = ORIENTED_EDGE ( 'NONE', *, *, #902, .T. ) ;
#2200 = DIRECTION ( 'NONE',  ( 0.7071067811865476838, 8.659560562354931626E-17, 0.7071067811865474617 ) ) ;
#2201 = CARTESIAN_POINT ( 'NONE',  ( 10.00000000000000178, -20.00000000000000000, 450.0000000000000000 ) ) ;
#2202 = EDGE_LOOP ( 'NONE', ( #2970, #3264 ) ) ;
#2203 = CARTESIAN_POINT ( 'NONE',  ( 5.000000000000001776, -32.50000000000000000, -450.0000000000000000 ) ) ;
#2204 = FACE_OUTER_BOUND ( 'NONE', #3382, .T. ) ;
#2205 = EDGE_CURVE ( 'NONE', #2640, #3236, #1538, .T. ) ;
#2206 = EDGE_CURVE ( 'NONE', #2611, #873, #138, .T. ) ;
#2207 = DIRECTION ( 'NONE',  ( -1.000000000000000000, 0.000000000000000000, 0.000000000000000000 ) ) ;
#2208 = ADVANCED_FACE ( 'NONE', ( #3437 ), #671, .F. ) ;
#2209 = ORIENTED_EDGE ( 'NONE', *, *, #1379, .T. ) ;
#2210 = EDGE_CURVE ( 'NONE', #1801, #362, #962, .T. ) ;
#2211 = EDGE_CURVE ( 'NONE', #1378, #1331, #1827, .T. ) ;
#2212 = ORIENTED_EDGE ( 'NONE', *, *, #1726, .T. ) ;
#2213 = DIRECTION ( 'NONE',  ( 0.000000000000000000, 0.000000000000000000, -1.000000000000000000 ) ) ;
#2214 = ORIENTED_EDGE ( 'NONE', *, *, #2965, .T. ) ;
#2215 = CARTESIAN_POINT ( 'NONE',  ( 1.750000000000002442, 14.99999999999999467, -363.5000000000000000 ) ) ;
#2216 = DIRECTION ( 'NONE',  ( 3.061616997868382648E-16, -1.000000000000000000, 0.000000000000000000 ) ) ;
#2217 = LINE ( 'NONE', #841, #1544 ) ;
#2218 = ORIENTED_EDGE ( 'NONE', *, *, #2601, .F. ) ;
#2219 = CARTESIAN_POINT ( 'NONE',  ( 1.750000000000002442, 14.99999999999999467, -425.0000000000000000 ) ) ;
#2220 = CYLINDRICAL_SURFACE ( 'NONE', #801, 1.500000000000001332 ) ;
#2221 = DIRECTION ( 'NONE',  ( 1.000000000000000000, -0.000000000000000000, -0.000000000000000000 ) ) ;
#2222 = CARTESIAN_POINT ( 'NONE',  ( 3.000000000000001776, -15.00000000000000533, 365.0000000000000000 ) ) ;
#2223 = ORIENTED_EDGE ( 'NONE', *, *, #12, .F. ) ;
#2224 = DIRECTION ( 'NONE',  ( -0.000000000000000000, 1.000000000000000000, -0.000000000000000000 ) ) ;
#2225 = ORIENTED_EDGE ( 'NONE', *, *, #2074, .F. ) ;
#2226 = CIRCLE ( 'NONE', #1365, 30.00000000000002842 ) ;
#2227 = CARTESIAN_POINT ( 'NONE',  ( -1.597501047550178016E-14, 40.00000000000000000, 450.0000000000000000 ) ) ;
#2228 = CARTESIAN_POINT ( 'NONE',  ( 7.000000000000002665, 10.00000000000000000, 450.0000000000000000 ) ) ;
#2229 = DIRECTION ( 'NONE',  ( 1.000000000000000000, -0.000000000000000000, -0.000000000000000000 ) ) ;
#2230 = AXIS2_PLACEMENT_3D ( 'NONE', #1425, #2800, #3092 ) ;
#2231 = ORIENTED_EDGE ( 'NONE', *, *, #2830, .T. ) ;
#2232 = DIRECTION ( 'NONE',  ( 0.000000000000000000, -1.000000000000000000, 0.000000000000000000 ) ) ;
#2233 = AXIS2_PLACEMENT_3D ( 'NONE', #734, #205, #189 ) ;
#2234 = CARTESIAN_POINT ( 'NONE',  ( 7.499999999999992006, -32.50000000000000000, -450.0000000000000000 ) ) ;
#2235 = DIRECTION ( 'NONE',  ( -1.000000000000000000, 0.000000000000000000, 0.000000000000000000 ) ) ;
#2236 = EDGE_CURVE ( 'NONE', #3490, #2932, #2659, .T. ) ;
#2237 = LINE ( 'NONE', #2821, #2411 ) ;
#2238 = CONICAL_SURFACE ( 'NONE', #2528, 2.499999999999996003, 1.029744258676657198 ) ;
#2239 = CARTESIAN_POINT ( 'NONE',  ( 6.999999999999997335, 0.000000000000000000, 395.0000000000000000 ) ) ;
#2240 = VECTOR ( 'NONE', #1928, 1000.000000000000000 ) ;
#2241 = VERTEX_POINT ( 'NONE', #980 ) ;
#2242 = AXIS2_PLACEMENT_3D ( 'NONE', #2980, #1875, #493 ) ;
#2243 = EDGE_CURVE ( 'NONE', #2136, #2593, #689, .T. ) ;
#2244 = CARTESIAN_POINT ( 'NONE',  ( 7.000000000000001776, -5.000000000000000888, 450.0000000000000000 ) ) ;
#2245 = ORIENTED_EDGE ( 'NONE', *, *, #140, .F. ) ;
#2246 = AXIS2_PLACEMENT_3D ( 'NONE', #2760, #1679, #42 ) ;
#2247 = DIRECTION ( 'NONE',  ( 1.000000000000000000, -0.000000000000000000, -0.000000000000000000 ) ) ;
#2248 = CARTESIAN_POINT ( 'NONE',  ( 2.500000000000005773, -32.50000000000000000, -430.0000000000000000 ) ) ;
#2249 = EDGE_CURVE ( 'NONE', #621, #2050, #2573, .T. ) ;
#2250 = FACE_OUTER_BOUND ( 'NONE', #3168, .T. ) ;
#2251 =( LENGTH_UNIT ( ) NAMED_UNIT ( * ) SI_UNIT ( .MILLI., .METRE. ) );
#2252 = AXIS2_PLACEMENT_3D ( 'NONE', #217, #1572, #1531 ) ;
#2253 = EDGE_CURVE ( 'NONE', #492, #910, #1087, .T. ) ;
#2254 = ORIENTED_EDGE ( 'NONE', *, *, #1701, .T. ) ;
#2255 = LINE ( 'NONE', #1646, #1154 ) ;
#2256 = EDGE_CURVE ( 'NONE', #2458, #111, #3165, .T. ) ;
#2257 = AXIS2_PLACEMENT_3D ( 'NONE', #1237, #120, #1505 ) ;
#2258 = CARTESIAN_POINT ( 'NONE',  ( 10.00000000000000888, -40.00000000000000000, 450.0000000000000000 ) ) ;
#2259 = DIRECTION ( 'NONE',  ( 0.000000000000000000, -0.000000000000000000, 1.000000000000000000 ) ) ;
#2260 = DIRECTION ( 'NONE',  ( 0.000000000000000000, 0.000000000000000000, -1.000000000000000000 ) ) ;
#2261 = DIRECTION ( 'NONE',  ( 1.000000000000000000, -0.000000000000000000, -0.000000000000000000 ) ) ;
#2262 = ORIENTED_EDGE ( 'NONE', *, *, #2035, .T. ) ;
#2263 = FACE_OUTER_BOUND ( 'NONE', #1884, .T. ) ;
#2264 = ORIENTED_EDGE ( 'NONE', *, *, #173, .F. ) ;
#2265 = CARTESIAN_POINT ( 'NONE',  ( 1.750000000000002442, 14.99999999999999467, -365.0000000000000000 ) ) ;
#2266 = ORIENTED_EDGE ( 'NONE', *, *, #517, .T. ) ;
#2267 = CYLINDRICAL_SURFACE ( 'NONE', #1147, 2.500000000000002220 ) ;
#2268 =( NAMED_UNIT ( * ) SI_UNIT ( $, .STERADIAN. ) SOLID_ANGLE_UNIT ( ) );
#2269 =( NAMED_UNIT ( * ) SI_UNIT ( $, .STERADIAN. ) SOLID_ANGLE_UNIT ( ) );
#2270 = ORIENTED_EDGE ( 'NONE', *, *, #2364, .T. ) ;
#2271 = DIRECTION ( 'NONE',  ( 0.000000000000000000, 0.000000000000000000, -1.000000000000000000 ) ) ;
#2272 = PLANE ( 'NONE',  #1158 ) ;
#2273 = LINE ( 'NONE', #3058, #380 ) ;
#2274 = CARTESIAN_POINT ( 'NONE',  ( 5.000000000000001776, -32.50000000000000000, 450.0000000000000000 ) ) ;
#2275 = ORIENTED_EDGE ( 'NONE', *, *, #2667, .T. ) ;
#2276 = FACE_OUTER_BOUND ( 'NONE', #776, .T. ) ;
#2277 = ORIENTED_EDGE ( 'NONE', *, *, #2256, .F. ) ;
#2278 = CARTESIAN_POINT ( 'NONE',  ( 3.000000000000001776, 25.00000000000000000, 378.4168760482229459 ) ) ;
#2279 = ORIENTED_EDGE ( 'NONE', *, *, #363, .T. ) ;
#2280 = DIRECTION ( 'NONE',  ( -1.000000000000000000, 0.000000000000000000, 0.000000000000000000 ) ) ;
#2281 = ORIENTED_EDGE ( 'NONE', *, *, #787, .T. ) ;
#2282 = LINE ( 'NONE', #2019, #340 ) ;
#2283 = ADVANCED_FACE ( 'NONE', ( #1812 ), #1797, .F. ) ;
#2284 = CARTESIAN_POINT ( 'NONE',  ( -1.647987302177966740E-14, -15.00000000000000533, 426.5000000000000000 ) ) ;
#2285 = CARTESIAN_POINT ( 'NONE',  ( 3.000000000000001776, 14.99999999999999467, 425.0000000000000000 ) ) ;
#2286 = VECTOR ( 'NONE', #126, 1000.000000000000000 ) ;
#2288 = ORIENTED_EDGE ( 'NONE', *, *, #1120, .T. ) ;
#2287 = CIRCLE ( 'NONE', #2874, 1.500000000000001332 ) ;
#2289 = CARTESIAN_POINT ( 'NONE',  ( 10.00000000000000711, 0.000000000000000000, -350.0000000000000000 ) ) ;
#2290 = ADVANCED_FACE ( 'NONE', ( #948 ), #417, .F. ) ;
#2291 = EDGE_CURVE ( 'NONE', #536, #1010, #1307, .T. ) ;
#2292 = DIRECTION ( 'NONE',  ( 1.000000000000000000, 0.000000000000000000, -0.000000000000000000 ) ) ;
#2293 = CARTESIAN_POINT ( 'NONE',  ( 1.750000000000002442, -15.00000000000000533, -425.0000000000000000 ) ) ;
#2294 = VECTOR ( 'NONE', #3369, 1000.000000000000000 ) ;
#2295 = CARTESIAN_POINT ( 'NONE',  ( 7.000000000000002665, 10.00000000000000000, 450.0000000000000000 ) ) ;
#2296 = CARTESIAN_POINT ( 'NONE',  ( 3.000000000000001776, -15.00000000000000533, -365.0000000000000000 ) ) ;
#2297 = EDGE_CURVE ( 'NONE', #1438, #3453, #2399, .T. ) ;
#2298 = CIRCLE ( 'NONE', #733, 1.500000000000001332 ) ;
#2299 = EDGE_LOOP ( 'NONE', ( #1885, #690, #518, #835 ) ) ;
#2300 = DIRECTION ( 'NONE',  ( 0.7071067811865470176, 0.000000000000000000, -0.7071067811865481278 ) ) ;
#2301 = AXIS2_PLACEMENT_3D ( 'NONE', #2915, #427, #356 ) ;
#2302 = LINE ( 'NONE', #1142, #1392 ) ;
#2303 = ORIENTED_EDGE ( 'NONE', *, *, #2473, .T. ) ;
#2304 = CARTESIAN_POINT ( 'NONE',  ( -1.561251128379126385E-14, -25.00000000000000000, -378.4168760482229459 ) ) ;
#2305 = ORIENTED_EDGE ( 'NONE', *, *, #654, .T. ) ;
#2306 = CARTESIAN_POINT ( 'NONE',  ( 7.000000000000000888, 20.00000000000000000, -450.0000000000000000 ) ) ;
#2307 = AXIS2_PLACEMENT_3D ( 'NONE', #2228, #839, #3539 ) ;
#2308 = CARTESIAN_POINT ( 'NONE',  ( 7.000000000000001776, 5.000000000000000888, -365.4196010845018918 ) ) ;
#2309 = AXIS2_PLACEMENT_3D ( 'NONE', #1386, #877, #3318 ) ;
#2310 = DIRECTION ( 'NONE',  ( 1.000000000000000000, -0.000000000000000000, -0.000000000000000000 ) ) ;
#2311 = AXIS2_PLACEMENT_3D ( 'NONE', #2075, #3188, #712 ) ;
#2312 = CARTESIAN_POINT ( 'NONE',  ( -1.561251128379126385E-14, 0.000000000000000000, -395.0000000000000000 ) ) ;
#2313 = LINE ( 'NONE', #133, #3525 ) ;
#2314 = VECTOR ( 'NONE', #127, 1000.000000000000000 ) ;
#2315 = CARTESIAN_POINT ( 'NONE',  ( 0.000000000000000000, 0.000000000000000000, -450.0000000000000000 ) ) ;
#2316 = DIRECTION ( 'NONE',  ( -1.000000000000000000, 0.000000000000000000, 0.000000000000000000 ) ) ;
#2317 = EDGE_CURVE ( 'NONE', #1414, #3063, #2619, .T. ) ;
#2318 = EDGE_CURVE ( 'NONE', #2327, #834, #995, .T. ) ;
#2319 = ORIENTED_EDGE ( 'NONE', *, *, #2446, .F. ) ;
#2320 = EDGE_CURVE ( 'NONE', #1303, #1641, #606, .T. ) ;
#2321 = CARTESIAN_POINT ( 'NONE',  ( 7.000000000000001776, -25.00000000000000000, 450.0000000000000000 ) ) ;
#2322 = EDGE_CURVE ( 'NONE', #352, #636, #153, .T. ) ;
#2323 = EDGE_CURVE ( 'NONE', #1524, #1608, #2631, .T. ) ;
#2324 = CARTESIAN_POINT ( 'NONE',  ( 7.000000000000000888, 20.00000000000000000, 450.0000000000000000 ) ) ;
#2325 = ORIENTED_EDGE ( 'NONE', *, *, #2848, .F. ) ;
#2326 = DIRECTION ( 'NONE',  ( 0.000000000000000000, 0.000000000000000000, -1.000000000000000000 ) ) ;
#2327 = VERTEX_POINT ( 'NONE', #2089 ) ;
#2328 = CARTESIAN_POINT ( 'NONE',  ( 3.000000000000001776, -15.00000000000000533, 362.2500000000000000 ) ) ;
#2329 = CARTESIAN_POINT ( 'NONE',  ( 7.000000000000000888, -20.00000000000000000, -450.0000000000000000 ) ) ;
#2330 = DIRECTION ( 'NONE',  ( 1.000000000000000000, -0.000000000000000000, -0.000000000000000000 ) ) ;
#2331 = CYLINDRICAL_SURFACE ( 'NONE', #3233, 1.500000000000001332 ) ;
#2332 = CARTESIAN_POINT ( 'NONE',  ( 3.000000000000001776, -15.00000000000000533, -366.5000000000000000 ) ) ;
#2333 = DIRECTION ( 'NONE',  ( -0.000000000000000000, -0.000000000000000000, -1.000000000000000000 ) ) ;
#2334 = FACE_BOUND ( 'NONE', #2864, .T. ) ;
#2335 = CARTESIAN_POINT ( 'NONE',  ( 5.000000000000001776, -32.50000000000000000, -430.0000000000000000 ) ) ;
#2336 = ORIENTED_EDGE ( 'NONE', *, *, #739, .F. ) ;
#2337 = EDGE_CURVE ( 'NONE', #1022, #3031, #1015, .T. ) ;
#2338 = DIRECTION ( 'NONE',  ( 1.000000000000000000, -0.000000000000000000, -0.000000000000000000 ) ) ;
#2339 = ADVANCED_FACE ( 'NONE', ( #3441 ), #2072, .F. ) ;
#2340 = EDGE_LOOP ( 'NONE', ( #1869, #769, #887, #2209, #597 ) ) ;
#2341 = ORIENTED_EDGE ( 'NONE', *, *, #3293, .T. ) ;
#2342 = LINE ( 'NONE', #2922, #2804 ) ;
#2343 = DIRECTION ( 'NONE',  ( -1.000000000000000000, 0.000000000000000000, 0.000000000000000000 ) ) ;
#2344 = DIRECTION ( 'NONE',  ( 1.000000000000000000, -0.000000000000000000, -0.000000000000000000 ) ) ;
#2345 = AXIS2_PLACEMENT_3D ( 'NONE', #2114, #1318, #3214 ) ;
#2346 = CARTESIAN_POINT ( 'NONE',  ( 3.000000000000001776, -5.000000000000000888, 450.0000000000000000 ) ) ;
#2347 = DIRECTION ( 'NONE',  ( -0.8571673007021137769, 0.000000000000000000, -0.5150380749100518241 ) ) ;
#2348 = AXIS2_PLACEMENT_3D ( 'NONE', #732, #2127, #2984 ) ;
#2349 = CARTESIAN_POINT ( 'NONE',  ( 7.000000000000002665, -10.00000000000000000, 450.0000000000000000 ) ) ;
#2350 = ORIENTED_EDGE ( 'NONE', *, *, #2962, .F. ) ;
#2351 = DIRECTION ( 'NONE',  ( -1.000000000000000000, 0.000000000000000000, 0.000000000000000000 ) ) ;
#2352 = AXIS2_PLACEMENT_3D ( 'NONE', #2851, #2280, #2808 ) ;
#2353 = ORIENTED_EDGE ( 'NONE', *, *, #393, .F. ) ;
#2354 = ORIENTED_EDGE ( 'NONE', *, *, #971, .F. ) ;
#2355 = ORIENTED_EDGE ( 'NONE', *, *, #315, .F. ) ;
#2356 = ORIENTED_EDGE ( 'NONE', *, *, #1899, .F. ) ;
#2357 = CARTESIAN_POINT ( 'NONE',  ( 1.750000000000002442, -15.00000000000000533, -365.0000000000000000 ) ) ;
#2358 = CONICAL_SURFACE ( 'NONE', #3285, 2.499999999999996003, 1.029744258676657198 ) ;
#2359 = CARTESIAN_POINT ( 'NONE',  ( 3.000000000000001776, 25.00000000000000000, -450.0000000000000000 ) ) ;
#2360 = CIRCLE ( 'NONE', #2242, 2.500000000000002220 ) ;
#2361 = ADVANCED_FACE ( 'NONE', ( #144 ), #2376, .F. ) ;
#2362 = CARTESIAN_POINT ( 'NONE',  ( 3.000000000000001776, -25.00000000000000000, -450.0000000000000000 ) ) ;
#2363 = AXIS2_PLACEMENT_3D ( 'NONE', #2203, #814, #1683 ) ;
#2364 = EDGE_CURVE ( 'NONE', #3313, #2753, #1825, .T. ) ;
#2365 = ADVANCED_FACE ( 'NONE', ( #1549 ), #270, .F. ) ;
#2366 = DIRECTION ( 'NONE',  ( 1.000000000000000000, -0.000000000000000000, -0.000000000000000000 ) ) ;
#2367 = FACE_BOUND ( 'NONE', #2014, .T. ) ;
#2368 = LINE ( 'NONE', #2689, #1499 ) ;
#2369 = AXIS2_PLACEMENT_3D ( 'NONE', #3135, #1180, #1780 ) ;
#2370 = VERTEX_POINT ( 'NONE', #695 ) ;
#2371 = DIRECTION ( 'NONE',  ( 1.000000000000000000, 0.000000000000000000, 0.000000000000000000 ) ) ;
#2372 = EDGE_LOOP ( 'NONE', ( #3548, #2266, #209, #487 ) ) ;
#2373 = EDGE_LOOP ( 'NONE', ( #1585, #552, #419, #2088 ) ) ;
#2374 = ORIENTED_EDGE ( 'NONE', *, *, #1350, .T. ) ;
#2375 = ORIENTED_EDGE ( 'NONE', *, *, #765, .F. ) ;
#2376 = CYLINDRICAL_SURFACE ( 'NONE', #375, 1.500000000000001332 ) ;
#2377 = CARTESIAN_POINT ( 'NONE',  ( 10.00000000000000533, 10.00000000000000000, 450.0000000000000000 ) ) ;
#2378 = PRESENTATION_STYLE_ASSIGNMENT (( #186 ) ) ;
#2379 = CARTESIAN_POINT ( 'NONE',  ( 3.000000000000001776, -15.00000000000000533, 425.0000000000000000 ) ) ;
#2380 = CARTESIAN_POINT ( 'NONE',  ( 3.000000000000001776, -15.00000000000000533, -365.0000000000000000 ) ) ;
#2381 = DIRECTION ( 'NONE',  ( 1.000000000000000000, 0.000000000000000000, 0.000000000000000000 ) ) ;
#2382 = EDGE_LOOP ( 'NONE', ( #1376, #305, #2734, #163 ) ) ;
#2383 = DIRECTION ( 'NONE',  ( -1.734723475976807341E-16, 1.000000000000000000, 0.000000000000000000 ) ) ;
#2384 = ORIENTED_EDGE ( 'NONE', *, *, #1231, .F. ) ;
#2385 = ORIENTED_EDGE ( 'NONE', *, *, #3488, .F. ) ;
#2386 = ORIENTED_EDGE ( 'NONE', *, *, #3327, .F. ) ;
#2387 = ORIENTED_EDGE ( 'NONE', *, *, #719, .F. ) ;
#2388 = DIRECTION ( 'NONE',  ( -0.000000000000000000, -0.000000000000000000, 1.000000000000000000 ) ) ;
#2389 = CARTESIAN_POINT ( 'NONE',  ( 3.000000000000001776, -15.00000000000000533, -365.0000000000000000 ) ) ;
#2390 = EDGE_CURVE ( 'NONE', #1378, #3368, #2455, .T. ) ;
#2391 = LINE ( 'NONE', #731, #107 ) ;
#2392 = EDGE_CURVE ( 'NONE', #253, #2852, #3514, .T. ) ;
#2393 = ORIENTED_EDGE ( 'NONE', *, *, #2092, .T. ) ;
#2394 = CARTESIAN_POINT ( 'NONE',  ( 10.00000000000000888, -40.00000000000000000, -450.0000000000000000 ) ) ;
#2395 = PLANE ( 'NONE',  #2069 ) ;
#2396 = EDGE_CURVE ( 'NONE', #3181, #1010, #2665, .T. ) ;
#2397 = CARTESIAN_POINT ( 'NONE',  ( 7.000000000000002665, 10.00000000000000000, -366.7157287525380411 ) ) ;
#2398 = ORIENTED_EDGE ( 'NONE', *, *, #2205, .F. ) ;
#2399 = CIRCLE ( 'NONE', #3324, 30.00000000000004974 ) ;
#2400 = CONICAL_SURFACE ( 'NONE', #846, 5.199999999999982414, 0.7853981633974481680 ) ;
#2401 = LINE ( 'NONE', #796, #1889 ) ;
#2402 = CIRCLE ( 'NONE', #1951, 2.749999999999974687 ) ;
#2403 = EDGE_LOOP ( 'NONE', ( #775, #1638, #1529, #2882 ) ) ;
#2404 = VECTOR ( 'NONE', #838, 1000.000000000000000 ) ;
#2405 = EDGE_LOOP ( 'NONE', ( #1270, #1071 ) ) ;
#2406 = ORIENTED_EDGE ( 'NONE', *, *, #1172, .T. ) ;
#2407 = VERTEX_POINT ( 'NONE', #3203 ) ;
#2408 = DIRECTION ( 'NONE',  ( 1.000000000000000000, -1.734723475976806848E-16, 0.000000000000000000 ) ) ;
#2409 = DIRECTION ( 'NONE',  ( 0.000000000000000000, 0.000000000000000000, -1.000000000000000000 ) ) ;
#2410 = CARTESIAN_POINT ( 'NONE',  ( 3.000000000000001776, -15.00000000000000533, -425.0000000000000000 ) ) ;
#2411 = VECTOR ( 'NONE', #1720, 1000.000000000000000 ) ;
#2412 = ORIENTED_EDGE ( 'NONE', *, *, #3216, .F. ) ;
#2413 = PLANE ( 'NONE',  #1247 ) ;
#2414 = DIRECTION ( 'NONE',  ( 0.000000000000000000, 0.000000000000000000, -1.000000000000000000 ) ) ;
#2415 = CARTESIAN_POINT ( 'NONE',  ( 5.000000000000001776, 32.50000000000000000, 430.0000000000000000 ) ) ;
#2416 = CONICAL_SURFACE ( 'NONE', #2892, 2.499999999999996003, 1.029744258676657198 ) ;
#2417 = ORIENTED_EDGE ( 'NONE', *, *, #3376, .F. ) ;
#2418 = DIRECTION ( 'NONE',  ( 0.000000000000000000, 0.000000000000000000, -1.000000000000000000 ) ) ;
#2419 = ADVANCED_FACE ( 'NONE', ( #2958 ), #724, .F. ) ;
#2420 = EDGE_LOOP ( 'NONE', ( #2319, #472, #720, #44 ) ) ;
#2421 = EDGE_LOOP ( 'NONE', ( #2558, #182, #211 ) ) ;
#2422 = ORIENTED_EDGE ( 'NONE', *, *, #2210, .F. ) ;
#2423 = AXIS2_PLACEMENT_3D ( 'NONE', #2849, #1995, #1728 ) ;
#2424 = ORIENTED_EDGE ( 'NONE', *, *, #1606, .T. ) ;
#2425 = CARTESIAN_POINT ( 'NONE',  ( 9.999999999999984013, 40.00000000000000000, 450.0000000000000000 ) ) ;
#2426 = DIRECTION ( 'NONE',  ( 0.000000000000000000, 0.000000000000000000, -1.000000000000000000 ) ) ;
#2427 = EDGE_LOOP ( 'NONE', ( #505, #181, #2195, #1781, #3551, #1583, #480, #240 ) ) ;
#2428 = CARTESIAN_POINT ( 'NONE',  ( 3.000000000000001776, 14.99999999999999467, 362.2500000000000000 ) ) ;
#2429 = DIRECTION ( 'NONE',  ( -0.8571673007021137769, 1.049727191138620421E-16, 0.5150380749100518241 ) ) ;
#2430 = DIRECTION ( 'NONE',  ( 0.000000000000000000, 0.000000000000000000, 1.000000000000000000 ) ) ;
#2431 = ORIENTED_EDGE ( 'NONE', *, *, #251, .F. ) ;
#2432 = CARTESIAN_POINT ( 'NONE',  ( 2.500000000000005773, -32.50000000000000000, -430.0000000000000000 ) ) ;
#2433 = CARTESIAN_POINT ( 'NONE',  ( -1.561251128379126385E-14, 5.000000000000000888, -424.5803989154981650 ) ) ;
#2434 = CARTESIAN_POINT ( 'NONE',  ( 1.750000000000002442, -15.00000000000000533, -423.5000000000000000 ) ) ;
#2435 = CARTESIAN_POINT ( 'NONE',  ( -1.597501047550178016E-14, 40.00000000000000000, 450.0000000000000000 ) ) ;
#2436 = ORIENTED_EDGE ( 'NONE', *, *, #199, .F. ) ;
#2437 = EDGE_CURVE ( 'NONE', #3474, #2192, #2644, .T. ) ;
#2438 = ORIENTED_EDGE ( 'NONE', *, *, #1677, .T. ) ;
#2439 = VERTEX_POINT ( 'NONE', #1803 ) ;
#2440 = ORIENTED_EDGE ( 'NONE', *, *, #2243, .T. ) ;
#2441 = CARTESIAN_POINT ( 'NONE',  ( 1.750000000000002442, 14.99999999999999467, -423.5000000000000000 ) ) ;
#2442 = ADVANCED_FACE ( 'NONE', ( #1289 ), #265, .F. ) ;
#2443 = CARTESIAN_POINT ( 'NONE',  ( 3.000000000000001776, 0.000000000000000000, 395.0000000000000000 ) ) ;
#2444 = ORIENTED_EDGE ( 'NONE', *, *, #579, .T. ) ;
#2445 = DIRECTION ( 'NONE',  ( -0.000000000000000000, -0.000000000000000000, -1.000000000000000000 ) ) ;
#2446 = EDGE_CURVE ( 'NONE', #1458, #2611, #725, .T. ) ;
#2447 = DIRECTION ( 'NONE',  ( -0.000000000000000000, -0.000000000000000000, 1.000000000000000000 ) ) ;
#2448 = PRODUCT ( 'PRT-2', 'PRT-2', '', ( #329 ) ) ;
#2449 = DIRECTION ( 'NONE',  ( 1.734723475976807341E-16, -1.000000000000000000, 0.000000000000000000 ) ) ;
#2450 = ORIENTED_EDGE ( 'NONE', *, *, #1575, .F. ) ;
#2451 = DIRECTION ( 'NONE',  ( 0.000000000000000000, 0.000000000000000000, -1.000000000000000000 ) ) ;
#2452 = CARTESIAN_POINT ( 'NONE',  ( 7.000000000000000888, 20.00000000000000000, -450.0000000000000000 ) ) ;
#2453 = DIRECTION ( 'NONE',  ( 0.000000000000000000, -0.000000000000000000, -1.000000000000000000 ) ) ;
#2454 = VERTEX_POINT ( 'NONE', #2143 ) ;
#2455 = CIRCLE ( 'NONE', #2011, 30.00000000000002842 ) ;
#2456 = AXIS2_PLACEMENT_3D ( 'NONE', #1394, #355, #2235 ) ;
#2457 = VERTEX_POINT ( 'NONE', #2612 ) ;
#2458 = VERTEX_POINT ( 'NONE', #3459 ) ;
#2459 = VECTOR ( 'NONE', #448, 1000.000000000000000 ) ;
#2460 = AXIS2_PLACEMENT_3D ( 'NONE', #2557, #1769, #2539 ) ;
#2461 = CIRCLE ( 'NONE', #2120, 2.499999999999990230 ) ;
#2462 = DIRECTION ( 'NONE',  ( 0.000000000000000000, 0.000000000000000000, -1.000000000000000000 ) ) ;
#2463 = EDGE_LOOP ( 'NONE', ( #2199, #546, #464, #2678 ) ) ;
#2464 = LINE ( 'NONE', #1892, #1733 ) ;
#2465 = EDGE_CURVE ( 'NONE', #3031, #2606, #130, .T. ) ;
#2466 = VECTOR ( 'NONE', #3423, 1000.000000000000000 ) ;
#2467 = FACE_OUTER_BOUND ( 'NONE', #3029, .T. ) ;
#2468 = CARTESIAN_POINT ( 'NONE',  ( 4.999999999999996447, -32.50000000000000000, -428.4978484524311284 ) ) ;
#2469 = EDGE_CURVE ( 'NONE', #1692, #3315, #2298, .T. ) ;
#2470 = ORIENTED_EDGE ( 'NONE', *, *, #1809, .F. ) ;
#2471 = DIRECTION ( 'NONE',  ( 0.000000000000000000, 0.000000000000000000, -1.000000000000000000 ) ) ;
#2472 = DIRECTION ( 'NONE',  ( 1.000000000000000000, 0.000000000000000000, 0.000000000000000000 ) ) ;
#2473 = EDGE_CURVE ( 'NONE', #761, #3181, #145, .T. ) ;
#2474 = AXIS2_PLACEMENT_3D ( 'NONE', #2296, #650, #122 ) ;
#2475 = CARTESIAN_POINT ( 'NONE',  ( 10.00000000000000711, 0.000000000000000000, -350.0000000000000000 ) ) ;
#2476 = STYLED_ITEM ( 'NONE', ( #2378 ), #249 ) ;
#2477 = AXIS2_PLACEMENT_3D ( 'NONE', #584, #784, #2484 ) ;
#2478 = EDGE_LOOP ( 'NONE', ( #1637, #935, #244, #3011, #2591, #797, #2126, #2783, #889, #1012, #746, #2483, #1765, #2375, #2398, #2186, #2769, #292, #1059, #527 ) ) ;
#2479 = CONICAL_SURFACE ( 'NONE', #574, 2.749999999999974687, 0.7853981633974490562 ) ;
#2480 = ORIENTED_EDGE ( 'NONE', *, *, #3487, .F. ) ;
#2481 = VECTOR ( 'NONE', #2648, 1000.000000000000000 ) ;
#2482 = CARTESIAN_POINT ( 'NONE',  ( 3.000000000000001776, -15.00000000000000533, 425.0000000000000000 ) ) ;
#2483 = ORIENTED_EDGE ( 'NONE', *, *, #3268, .F. ) ;
#2484 = DIRECTION ( 'NONE',  ( 8.673617379884035472E-16, -1.000000000000000000, 0.000000000000000000 ) ) ;
#2485 = FACE_OUTER_BOUND ( 'NONE', #2119, .T. ) ;
#2486 = CARTESIAN_POINT ( 'NONE',  ( 7.000000000000002665, -10.00000000000000000, -366.7157287525380411 ) ) ;
#2487 = ORIENTED_EDGE ( 'NONE', *, *, #3381, .F. ) ;
#2488 = DIRECTION ( 'NONE',  ( 1.000000000000000000, -0.000000000000000000, -0.000000000000000000 ) ) ;
#2489 = CARTESIAN_POINT ( 'NONE',  ( 7.499999999999998224, 32.50000000000000000, 430.0000000000000000 ) ) ;
#2490 = CARTESIAN_POINT ( 'NONE',  ( 8.517925507445284181E-15, -40.00000000000000000, 450.0000000000000000 ) ) ;
#2491 = CARTESIAN_POINT ( 'NONE',  ( 7.000000000000002665, 10.00000000000000000, 450.0000000000000000 ) ) ;
#2492 = EDGE_LOOP ( 'NONE', ( #3246, #2225, #3529, #2152 ) ) ;
#2493 = CARTESIAN_POINT ( 'NONE',  ( -1.561251128379126385E-14, -5.000000000000000888, -424.5803989154981650 ) ) ;
#2494 = ORIENTED_EDGE ( 'NONE', *, *, #3538, .F. ) ;
#2495 = LINE ( 'NONE', #1281, #2404 ) ;
#2496 = DIRECTION ( 'NONE',  ( 0.000000000000000000, -0.000000000000000000, -1.000000000000000000 ) ) ;
#2497 = CARTESIAN_POINT ( 'NONE',  ( 7.499999999999992006, -32.50000000000000000, 450.0000000000000000 ) ) ;
#2498 = DIRECTION ( 'NONE',  ( 1.000000000000000000, -0.000000000000000000, -0.000000000000000000 ) ) ;
#2499 = EDGE_CURVE ( 'NONE', #142, #3533, #2342, .T. ) ;
#2500 = ORIENTED_EDGE ( 'NONE', *, *, #2585, .T. ) ;
#2501 = LINE ( 'NONE', #553, #3584 ) ;
#2502 = CARTESIAN_POINT ( 'NONE',  ( 7.499999999999992006, 32.50000000000000000, 450.0000000000000000 ) ) ;
#2503 = EDGE_CURVE ( 'NONE', #2737, #826, #2525, .T. ) ;
#2504 = FACE_BOUND ( 'NONE', #486, .T. ) ;
#2505 = PLANE ( 'NONE',  #1712 ) ;
#2506 = ADVANCED_FACE ( 'NONE', ( #1427 ), #2505, .F. ) ;
#2507 = EDGE_CURVE ( 'NONE', #1010, #2850, #254, .T. ) ;
#2508 = CARTESIAN_POINT ( 'NONE',  ( 3.000000000000001776, -25.00000000000000000, 378.4168760482229459 ) ) ;
#2509 = VERTEX_POINT ( 'NONE', #2738 ) ;
#2510 = DIRECTION ( 'NONE',  ( 0.000000000000000000, 0.000000000000000000, -1.000000000000000000 ) ) ;
#2511 = ORIENTED_EDGE ( 'NONE', *, *, #3524, .T. ) ;
#2512 = VECTOR ( 'NONE', #2801, 1000.000000000000000 ) ;
#2513 = AXIS2_PLACEMENT_3D ( 'NONE', #1243, #1772, #412 ) ;
#2514 = CARTESIAN_POINT ( 'NONE',  ( -1.561251128379126385E-14, 0.000000000000000000, 365.0000000000000000 ) ) ;
#2515 = CARTESIAN_POINT ( 'NONE',  ( 3.000000000000001776, -15.00000000000000533, 365.0000000000000000 ) ) ;
#2516 = AXIS2_PLACEMENT_3D ( 'NONE', #940, #2872, #1418 ) ;
#2517 = FACE_OUTER_BOUND ( 'NONE', #3164, .T. ) ;
#2518 = CARTESIAN_POINT ( 'NONE',  ( 3.000000000000001776, -5.000000000000000888, 450.0000000000000000 ) ) ;
#2519 = AXIS2_PLACEMENT_3D ( 'NONE', #1557, #1230, #2862 ) ;
#2520 = ORIENTED_EDGE ( 'NONE', *, *, #2982, .F. ) ;
#2521 = CARTESIAN_POINT ( 'NONE',  ( 10.00000000000000533, 0.000000000000000000, 365.0000000000000000 ) ) ;
#2522 = AXIS2_PLACEMENT_3D ( 'NONE', #852, #2802, #3404 ) ;
#2523 = DIRECTION ( 'NONE',  ( -3.469446951953614189E-16, 1.000000000000000000, 0.000000000000000000 ) ) ;
#2524 = DIRECTION ( 'NONE',  ( 0.000000000000000000, -0.000000000000000000, 1.000000000000000000 ) ) ;
#2525 = LINE ( 'NONE', #2425, #1656 ) ;
#2526 = CIRCLE ( 'NONE', #1259, 1.500000000000001332 ) ;
#2527 = EDGE_CURVE ( 'NONE', #910, #225, #490, .T. ) ;
#2528 = AXIS2_PLACEMENT_3D ( 'NONE', #3017, #607, #1908 ) ;
#2529 = LINE ( 'NONE', #1993, #97 ) ;
#2530 = AXIS2_PLACEMENT_3D ( 'NONE', #881, #3583, #1918 ) ;
#2531 = EDGE_LOOP ( 'NONE', ( #203, #2564, #404, #2288 ) ) ;
#2532 = CONICAL_SURFACE ( 'NONE', #3579, 2.499999999999996003, 1.029744258676657198 ) ;
#2533 = CARTESIAN_POINT ( 'NONE',  ( 1.750000000000002442, 14.99999999999999467, 366.5000000000000000 ) ) ;
#2534 = ORIENTED_EDGE ( 'NONE', *, *, #1236, .F. ) ;
#2535 = CARTESIAN_POINT ( 'NONE',  ( -1.597501047550178016E-14, 40.00000000000000000, -450.0000000000000000 ) ) ;
#2536 = ORIENTED_EDGE ( 'NONE', *, *, #1119, .T. ) ;
#2537 = CARTESIAN_POINT ( 'NONE',  ( 3.000000000000001776, -25.00000000000000000, -411.5831239517771110 ) ) ;
#2538 =( NAMED_UNIT ( * ) PLANE_ANGLE_UNIT ( ) SI_UNIT ( $, .RADIAN. ) );
#2539 = DIRECTION ( 'NONE',  ( 0.000000000000000000, 0.000000000000000000, -1.000000000000000000 ) ) ;
#2540 = EDGE_LOOP ( 'NONE', ( #496, #708, #778, #1302 ) ) ;
#2541 = CARTESIAN_POINT ( 'NONE',  ( 10.00000000000000888, -40.00000000000000000, 450.0000000000000000 ) ) ;
#2542 = DIRECTION ( 'NONE',  ( 1.000000000000000000, -0.000000000000000000, -0.000000000000000000 ) ) ;
#2543 = CARTESIAN_POINT ( 'NONE',  ( 10.00000000000000533, 10.00000000000000000, -423.2842712474619589 ) ) ;
#2544 = CARTESIAN_POINT ( 'NONE',  ( 7.000000000000002665, -10.00000000000000000, 450.0000000000000000 ) ) ;
#2545 = CARTESIAN_POINT ( 'NONE',  ( 10.00000000000000533, 0.000000000000000000, 347.5000000000000000 ) ) ;
#2546 = EDGE_CURVE ( 'NONE', #987, #3428, #1072, .T. ) ;
#2547 = CYLINDRICAL_SURFACE ( 'NONE', #2756, 2.500000000000002220 ) ;
#2548 = ORIENTED_EDGE ( 'NONE', *, *, #3174, .F. ) ;
#2549 = EDGE_CURVE ( 'NONE', #636, #352, #1888, .T. ) ;
#2550 = CARTESIAN_POINT ( 'NONE',  ( 8.517925507445284181E-15, -40.00000000000000000, -450.0000000000000000 ) ) ;
#2551 = ORIENTED_EDGE ( 'NONE', *, *, #2033, .F. ) ;
#2552 = EDGE_CURVE ( 'NONE', #3403, #2136, #779, .T. ) ;
#2553 = LINE ( 'NONE', #2514, #850 ) ;
#2554 = ORIENTED_EDGE ( 'NONE', *, *, #1379, .F. ) ;
#2555 = DIRECTION ( 'NONE',  ( 1.000000000000000000, -0.000000000000000000, -0.000000000000000000 ) ) ;
#2556 = DIRECTION ( 'NONE',  ( 1.000000000000000000, -0.000000000000000000, -0.000000000000000000 ) ) ;
#2557 = CARTESIAN_POINT ( 'NONE',  ( 3.000000000000001776, 14.99999999999999467, 425.0000000000000000 ) ) ;
#2558 = ORIENTED_EDGE ( 'NONE', *, *, #1725, .F. ) ;
#2559 = DIRECTION ( 'NONE',  ( 1.734723475976806848E-16, 1.000000000000000000, 0.000000000000000000 ) ) ;
#2560 = EDGE_CURVE ( 'NONE', #3278, #326, #847, .T. ) ;
#2561 = DIRECTION ( 'NONE',  ( 0.000000000000000000, 0.000000000000000000, -1.000000000000000000 ) ) ;
#2562 = LINE ( 'NONE', #1467, #728 ) ;
#2563 = DIRECTION ( 'NONE',  ( 1.000000000000000000, 0.000000000000000000, 0.000000000000000000 ) ) ;
#2564 = ORIENTED_EDGE ( 'NONE', *, *, #1052, .T. ) ;
#2565 = LINE ( 'NONE', #1396, #1664 ) ;
#2566 = CARTESIAN_POINT ( 'NONE',  ( 7.000000000000001776, -5.000000000000000888, 450.0000000000000000 ) ) ;
#2567 = ORIENTED_EDGE ( 'NONE', *, *, #1576, .F. ) ;
#2568 = CYLINDRICAL_SURFACE ( 'NONE', #3331, 1.500000000000001332 ) ;
#2569 = ORIENTED_EDGE ( 'NONE', *, *, #1159, .T. ) ;
#2570 = DIRECTION ( 'NONE',  ( 1.000000000000000000, -0.000000000000000000, -0.000000000000000000 ) ) ;
#2571 = DIRECTION ( 'NONE',  ( -1.000000000000000000, 0.000000000000000000, 0.000000000000000000 ) ) ;
#2572 = DIRECTION ( 'NONE',  ( 0.7071067811865470176, 8.659560562354940254E-17, 0.7071067811865481278 ) ) ;
#2573 = CIRCLE ( 'NONE', #845, 2.499999999999990230 ) ;
#2574 = AXIS2_PLACEMENT_3D ( 'NONE', #2435, #2167, #2453 ) ;
#2575 = CARTESIAN_POINT ( 'NONE',  ( 3.000000000000001776, -25.00000000000000000, -378.4168760482229459 ) ) ;
#2576 = ADVANCED_FACE ( 'NONE', ( #1887 ), #727, .F. ) ;
#2577 = EDGE_CURVE ( 'NONE', #1586, #3023, #3503, .T. ) ;
#2578 = VECTOR ( 'NONE', #848, 1000.000000000000000 ) ;
#2579 = ORIENTED_EDGE ( 'NONE', *, *, #140, .T. ) ;
#2580 = EDGE_CURVE ( 'NONE', #2947, #2458, #1554, .T. ) ;
#2581 = CARTESIAN_POINT ( 'NONE',  ( -1.561251128379126385E-14, -5.000000000000000888, -365.4196010845018918 ) ) ;
#2582 = FACE_OUTER_BOUND ( 'NONE', #3472, .T. ) ;
#2583 = EDGE_CURVE ( 'NONE', #1458, #1632, #3364, .T. ) ;
#2584 = DIRECTION ( 'NONE',  ( -1.000000000000000000, 0.000000000000000000, 0.000000000000000000 ) ) ;
#2585 = EDGE_CURVE ( 'NONE', #826, #1904, #1137, .T. ) ;
#2586 = VERTEX_POINT ( 'NONE', #2441 ) ;
#2587 = DIRECTION ( 'NONE',  ( 1.000000000000000000, -0.000000000000000000, -0.000000000000000000 ) ) ;
#2588 = AXIS2_PLACEMENT_3D ( 'NONE', #2415, #1862, #2381 ) ;
#2589 = CIRCLE ( 'NONE', #3402, 30.00000000000004974 ) ;
#2590 = DIRECTION ( 'NONE',  ( 0.000000000000000000, 0.000000000000000000, -1.000000000000000000 ) ) ;
#2591 = ORIENTED_EDGE ( 'NONE', *, *, #2297, .F. ) ;
#2592 = CARTESIAN_POINT ( 'NONE',  ( -1.647987302177966740E-14, -15.00000000000000533, -365.0000000000000000 ) ) ;
#2593 = VERTEX_POINT ( 'NONE', #3077 ) ;
#2594 = CARTESIAN_POINT ( 'NONE',  ( 3.000000000000001776, -25.00000000000000000, 411.5831239517771110 ) ) ;
#2595 = CARTESIAN_POINT ( 'NONE',  ( 7.000000000000000888, -20.00000000000000000, -450.0000000000000000 ) ) ;
#2596 = DIRECTION ( 'NONE',  ( 0.000000000000000000, 0.000000000000000000, -1.000000000000000000 ) ) ;
#2597 = AXIS2_PLACEMENT_3D ( 'NONE', #3412, #2043, #367 ) ;
#2598 = CARTESIAN_POINT ( 'NONE',  ( 10.00000000000000711, 0.000000000000000000, -350.0000000000000000 ) ) ;
#2599 = AXIS2_PLACEMENT_3D ( 'NONE', #423, #1872, #2629 ) ;
#2600 = LINE ( 'NONE', #2362, #1618 ) ;
#2601 = EDGE_CURVE ( 'NONE', #1323, #1326, #883, .T. ) ;
#2602 = FACE_OUTER_BOUND ( 'NONE', #3255, .T. ) ;
#2603 = AXIS2_PLACEMENT_3D ( 'NONE', #3177, #1448, #2078 ) ;
#2604 = DIRECTION ( 'NONE',  ( 1.000000000000000000, -0.000000000000000000, -0.000000000000000000 ) ) ;
#2605 = CYLINDRICAL_SURFACE ( 'NONE', #2822, 2.499999999999992895 ) ;
#2606 = VERTEX_POINT ( 'NONE', #2174 ) ;
#2607 = DIRECTION ( 'NONE',  ( 1.000000000000000000, 1.734723475976807341E-16, -0.000000000000000000 ) ) ;
#2608 = DIRECTION ( 'NONE',  ( 1.000000000000000000, -0.000000000000000000, -0.000000000000000000 ) ) ;
#2609 = EDGE_LOOP ( 'NONE', ( #3123, #2703, #3238, #2305 ) ) ;
#2610 = CARTESIAN_POINT ( 'NONE',  ( 5.000000000000001776, 32.50000000000000000, 450.0000000000000000 ) ) ;
#2611 = VERTEX_POINT ( 'NONE', #3281 ) ;
#2612 = CARTESIAN_POINT ( 'NONE',  ( 1.750000000000002442, -15.00000000000000533, -426.5000000000000000 ) ) ;
#2613 = DIRECTION ( 'NONE',  ( 0.000000000000000000, 0.000000000000000000, -1.000000000000000000 ) ) ;
#2614 = DIRECTION ( 'NONE',  ( -1.000000000000000000, 0.000000000000000000, 0.000000000000000000 ) ) ;
#2615 = CARTESIAN_POINT ( 'NONE',  ( 3.000000000000001776, -5.000000000000000888, 424.5803989154981650 ) ) ;
#2616 = DIRECTION ( 'NONE',  ( 1.000000000000000000, 0.000000000000000000, 0.000000000000000000 ) ) ;
#2617 = CARTESIAN_POINT ( 'NONE',  ( 3.000000000000001776, 5.000000000000000888, 450.0000000000000000 ) ) ;
#2618 = ORIENTED_EDGE ( 'NONE', *, *, #1433, .T. ) ;
#2619 = LINE ( 'NONE', #1009, #436 ) ;
#2620 = ADVANCED_FACE ( 'NONE', ( #1991 ), #2238, .F. ) ;
#2621 = VERTEX_POINT ( 'NONE', #1703 ) ;
#2622 = EDGE_CURVE ( 'NONE', #1431, #101, #2237, .T. ) ;
#2623 = ORIENTED_EDGE ( 'NONE', *, *, #851, .T. ) ;
#2624 = ORIENTED_EDGE ( 'NONE', *, *, #1276, .T. ) ;
#2625 = EDGE_LOOP ( 'NONE', ( #2193, #2270, #1198, #1140 ) ) ;
#2626 = CARTESIAN_POINT ( 'NONE',  ( 10.00000000000000533, 0.000000000000000000, -350.0000000000000000 ) ) ;
#2627 = EDGE_CURVE ( 'NONE', #1757, #2947, #530, .T. ) ;
#2628 = ADVANCED_FACE ( 'NONE', ( #68 ), #3243, .F. ) ;
#2629 = DIRECTION ( 'NONE',  ( -1.000000000000000000, 0.000000000000000000, 0.000000000000000000 ) ) ;
#2630 = ORIENTED_EDGE ( 'NONE', *, *, #1540, .T. ) ;
#2631 = CIRCLE ( 'NONE', #1551, 1.500000000000001332 ) ;
#2632 = VECTOR ( 'NONE', #2686, 1000.000000000000000 ) ;
#2633 = DIRECTION ( 'NONE',  ( 0.000000000000000000, 0.000000000000000000, -1.000000000000000000 ) ) ;
#2634 = DIRECTION ( 'NONE',  ( 0.000000000000000000, -1.000000000000000000, 0.000000000000000000 ) ) ;
#2635 = DIRECTION ( 'NONE',  ( 0.000000000000000000, 0.000000000000000000, -1.000000000000000000 ) ) ;
#2636 = VECTOR ( 'NONE', #2229, 1000.000000000000000 ) ;
#2637 = ORIENTED_EDGE ( 'NONE', *, *, #358, .F. ) ;
#2638 = CARTESIAN_POINT ( 'NONE',  ( 7.000000000000001776, -5.000000000000000888, 450.0000000000000000 ) ) ;
#2639 = AXIS2_PLACEMENT_3D ( 'NONE', #1525, #2917, #1541 ) ;
#2640 = VERTEX_POINT ( 'NONE', #1522 ) ;
#2641 = ORIENTED_EDGE ( 'NONE', *, *, #1615, .F. ) ;
#2642 = ORIENTED_EDGE ( 'NONE', *, *, #582, .F. ) ;
#2643 = ORIENTED_EDGE ( 'NONE', *, *, #2210, .T. ) ;
#2644 = LINE ( 'NONE', #1517, #1364 ) ;
#2645 = CIRCLE ( 'NONE', #3056, 2.499999999999996003 ) ;
#2646 = EDGE_CURVE ( 'NONE', #326, #2772, #1535, .T. ) ;
#2647 = VECTOR ( 'NONE', #3234, 1000.000000000000000 ) ;
#2648 = DIRECTION ( 'NONE',  ( 1.000000000000000000, -0.000000000000000000, -0.000000000000000000 ) ) ;
#2649 = VECTOR ( 'NONE', #3069, 1000.000000000000000 ) ;
#2650 = ORIENTED_EDGE ( 'NONE', *, *, #93, .T. ) ;
#2651 = CIRCLE ( 'NONE', #3463, 1.500000000000001332 ) ;
#2652 = VECTOR ( 'NONE', #860, 1000.000000000000000 ) ;
#2653 = FACE_OUTER_BOUND ( 'NONE', #474, .T. ) ;
#2654 = CYLINDRICAL_SURFACE ( 'NONE', #1310, 1.500000000000001332 ) ;
#2655 = CIRCLE ( 'NONE', #405, 2.749999999999974687 ) ;
#2656 = DIRECTION ( 'NONE',  ( 1.000000000000000000, 1.734723475976806848E-16, -0.000000000000000000 ) ) ;
#2657 = AXIS2_PLACEMENT_3D ( 'NONE', #1926, #1125, #3301 ) ;
#2658 = ORIENTED_EDGE ( 'NONE', *, *, #2941, .T. ) ;
#2659 = LINE ( 'NONE', #429, #1192 ) ;
#2660 = ORIENTED_EDGE ( 'NONE', *, *, #2622, .T. ) ;
#2661 = ADVANCED_FACE ( 'NONE', ( #1483 ), #3343, .F. ) ;
#2662 = EDGE_LOOP ( 'NONE', ( #3476, #2097, #416, #504 ) ) ;
#2663 = ORIENTED_EDGE ( 'NONE', *, *, #1806, .F. ) ;
#2664 = ORIENTED_EDGE ( 'NONE', *, *, #478, .T. ) ;
#2665 = LINE ( 'NONE', #3169, #2925 ) ;
#2666 = EDGE_CURVE ( 'NONE', #3221, #3004, #1842, .T. ) ;
#2667 = EDGE_CURVE ( 'NONE', #2458, #2947, #2940, .T. ) ;
#2668 = PLANE ( 'NONE',  #1388 ) ;
#2669 = DIRECTION ( 'NONE',  ( 0.000000000000000000, 0.000000000000000000, 1.000000000000000000 ) ) ;
#2670 = EDGE_LOOP ( 'NONE', ( #2983, #3015 ) ) ;
#2671 = DIRECTION ( 'NONE',  ( 1.000000000000000000, -0.000000000000000000, -0.000000000000000000 ) ) ;
#2672 = CARTESIAN_POINT ( 'NONE',  ( 7.000000000000001776, 5.000000000000000888, 450.0000000000000000 ) ) ;
#2673 = CARTESIAN_POINT ( 'NONE',  ( 7.000000000000001776, -25.00000000000000000, 450.0000000000000000 ) ) ;
#2674 = EDGE_LOOP ( 'NONE', ( #698, #1273, #1863, #114 ) ) ;
#2675 = CARTESIAN_POINT ( 'NONE',  ( 10.00000000000000711, 0.000000000000000000, -350.0000000000000000 ) ) ;
#2676 = VERTEX_POINT ( 'NONE', #1468 ) ;
#2677 = ORIENTED_EDGE ( 'NONE', *, *, #2817, .T. ) ;
#2678 = ORIENTED_EDGE ( 'NONE', *, *, #1029, .F. ) ;
#2679 = ORIENTED_EDGE ( 'NONE', *, *, #2189, .F. ) ;
#2680 = DIRECTION ( 'NONE',  ( 0.000000000000000000, 0.000000000000000000, -1.000000000000000000 ) ) ;
#2681 = FACE_OUTER_BOUND ( 'NONE', #2540, .T. ) ;
#2682 = CARTESIAN_POINT ( 'NONE',  ( 10.00000000000000711, 0.000000000000000000, 350.0000000000000000 ) ) ;
#2683 = EDGE_CURVE ( 'NONE', #2103, #250, #1377, .T. ) ;
#2684 = ADVANCED_FACE ( 'NONE', ( #924 ), #2605, .F. ) ;
#2685 = EDGE_LOOP ( 'NONE', ( #602, #2623, #213, #2115 ) ) ;
#2686 = DIRECTION ( 'NONE',  ( 1.000000000000000000, 0.000000000000000000, 0.000000000000000000 ) ) ;
#2687 = FACE_BOUND ( 'NONE', #2012, .T. ) ;
#2688 = PRODUCT_DEFINITION_CONTEXT ( 'detailed design', #1954, 'design' ) ;
#2689 = CARTESIAN_POINT ( 'NONE',  ( 7.000000000000002665, -10.00000000000000000, 450.0000000000000000 ) ) ;
#2690 = VERTEX_POINT ( 'NONE', #3400 ) ;
#2691 = EDGE_CURVE ( 'NONE', #326, #3278, #2526, .T. ) ;
#2692 = AXIS2_PLACEMENT_3D ( 'NONE', #755, #3482, #3208 ) ;
#2693 = DIRECTION ( 'NONE',  ( -0.000000000000000000, -0.000000000000000000, -1.000000000000000000 ) ) ;
#2694 = CONICAL_SURFACE ( 'NONE', #1423, 2.749999999999974687, 0.7853981633974490562 ) ;
#2695 = ORIENTED_EDGE ( 'NONE', *, *, #1550, .T. ) ;
#2696 = AXIS2_PLACEMENT_3D ( 'NONE', #1156, #2221, #2843 ) ;
#2697 = VERTEX_POINT ( 'NONE', #2863 ) ;
#2698 = ORIENTED_EDGE ( 'NONE', *, *, #29, .F. ) ;
#2699 = AXIS2_PLACEMENT_3D ( 'NONE', #1977, #560, #1430 ) ;
#2700 = ORIENTED_EDGE ( 'NONE', *, *, #660, .T. ) ;
#2701 = CARTESIAN_POINT ( 'NONE',  ( 3.000000000000001776, 25.00000000000000000, 450.0000000000000000 ) ) ;
#2702 = CARTESIAN_POINT ( 'NONE',  ( 3.000000000000001776, 14.99999999999999467, -425.0000000000000000 ) ) ;
#2703 = ORIENTED_EDGE ( 'NONE', *, *, #166, .F. ) ;
#2704 = DIRECTION ( 'NONE',  ( -0.000000000000000000, -0.000000000000000000, -1.000000000000000000 ) ) ;
#2705 = LINE ( 'NONE', #2945, #2131 ) ;
#2706 = ORIENTED_EDGE ( 'NONE', *, *, #1196, .T. ) ;
#2707 = DIRECTION ( 'NONE',  ( 0.000000000000000000, -0.000000000000000000, 1.000000000000000000 ) ) ;
#2708 = AXIS2_PLACEMENT_3D ( 'NONE', #1352, #1947, #1912 ) ;
#2709 = LINE ( 'NONE', #2227, #1018 ) ;
#2710 = DIRECTION ( 'NONE',  ( 1.000000000000000000, 0.000000000000000000, 0.000000000000000000 ) ) ;
#2711 = AXIS2_PLACEMENT_3D ( 'NONE', #2312, #2344, #3129 ) ;
#2712 = ADVANCED_FACE ( 'NONE', ( #372 ), #104, .F. ) ;
#2713 = VECTOR ( 'NONE', #3576, 1000.000000000000000 ) ;
#2714 = AXIS2_PLACEMENT_3D ( 'NONE', #1405, #863, #843 ) ;
#2715 = ADVANCED_FACE ( 'NONE', ( #3380 ), #2358, .F. ) ;
#2716 = CARTESIAN_POINT ( 'NONE',  ( 10.00000000000000533, 10.00000000000000000, 450.0000000000000000 ) ) ;
#2717 = EDGE_LOOP ( 'NONE', ( #1359, #656, #2536, #984 ) ) ;
#2718 = VECTOR ( 'NONE', #1604, 1000.000000000000000 ) ;
#2719 = VERTEX_POINT ( 'NONE', #3108 ) ;
#2720 = ORIENTED_EDGE ( 'NONE', *, *, #495, .T. ) ;
#2721 = VECTOR ( 'NONE', #102, 1000.000000000000000 ) ;
#2722 = ORIENTED_EDGE ( 'NONE', *, *, #1460, .F. ) ;
#2723 = DIRECTION ( 'NONE',  ( 1.000000000000000000, -0.000000000000000000, -0.000000000000000000 ) ) ;
#2724 = DIRECTION ( 'NONE',  ( 1.734723475976804136E-16, 1.000000000000000000, 0.000000000000000000 ) ) ;
#2725 = ORIENTED_EDGE ( 'NONE', *, *, #1576, .T. ) ;
#2726 = DIRECTION ( 'NONE',  ( 1.000000000000000000, 0.000000000000000000, 0.000000000000000000 ) ) ;
#2727 = LINE ( 'NONE', #2124, #3059 ) ;
#2728 = LINE ( 'NONE', #1369, #2652 ) ;
#2729 = ORIENTED_EDGE ( 'NONE', *, *, #3336, .F. ) ;
#2730 = DIRECTION ( 'NONE',  ( -0.000000000000000000, -0.000000000000000000, 1.000000000000000000 ) ) ;
#2731 = UNCERTAINTY_MEASURE_WITH_UNIT (LENGTH_MEASURE( 1.000000000000000082E-05 ), #3497, 'distance_accuracy_value', 'NONE');
#2732 = DIRECTION ( 'NONE',  ( 0.7071067811865470176, 0.000000000000000000, -0.7071067811865481278 ) ) ;
#2733 = DIRECTION ( 'NONE',  ( -0.000000000000000000, -0.000000000000000000, -1.000000000000000000 ) ) ;
#2734 = ORIENTED_EDGE ( 'NONE', *, *, #2857, .T. ) ;
#2735 = EDGE_CURVE ( 'NONE', #2690, #418, #2645, .T. ) ;
#2736 = EDGE_LOOP ( 'NONE', ( #1526, #2374, #2138, #1707 ) ) ;
#2737 = VERTEX_POINT ( 'NONE', #901 ) ;
#2738 = CARTESIAN_POINT ( 'NONE',  ( 1.750000000000002442, 14.99999999999999467, -366.5000000000000000 ) ) ;
#2739 = EDGE_CURVE ( 'NONE', #1692, #3031, #959, .T. ) ;
#2740 = LINE ( 'NONE', #3030, #1216 ) ;
#2741 = ORIENTED_EDGE ( 'NONE', *, *, #1367, .T. ) ;
#2742 = ADVANCED_FACE ( 'NONE', ( #1245, #3146 ), #1195, .F. ) ;
#2743 = DIRECTION ( 'NONE',  ( 1.000000000000000000, -0.000000000000000000, -0.000000000000000000 ) ) ;
#2744 = CARTESIAN_POINT ( 'NONE',  ( 10.00000000000000711, 6.368163355566236381E-16, 355.1999999999999318 ) ) ;
#2745 = CARTESIAN_POINT ( 'NONE',  ( 7.000000000000001776, 25.00000000000000000, 450.0000000000000000 ) ) ;
#2746 = VERTEX_POINT ( 'NONE', #2349 ) ;
#2747 = DIRECTION ( 'NONE',  ( 1.000000000000000000, -0.000000000000000000, -0.000000000000000000 ) ) ;
#2748 = DIRECTION ( 'NONE',  ( 1.000000000000000000, 0.000000000000000000, 0.000000000000000000 ) ) ;
#2749 = FACE_OUTER_BOUND ( 'NONE', #1053, .T. ) ;
#2750 = ORIENTED_EDGE ( 'NONE', *, *, #2291, .F. ) ;
#2751 = AXIS2_PLACEMENT_3D ( 'NONE', #1240, #1274, #2680 ) ;
#2752 = CONICAL_SURFACE ( 'NONE', #201, 2.499999999999996003, 1.029744258676657198 ) ;
#2753 = VERTEX_POINT ( 'NONE', #2081 ) ;
#2754 = CIRCLE ( 'NONE', #2519, 2.499999999999990230 ) ;
#2755 = CIRCLE ( 'NONE', #3274, 30.00000000000002842 ) ;
#2756 = AXIS2_PLACEMENT_3D ( 'NONE', #1452, #70, #1178 ) ;
#2757 = CARTESIAN_POINT ( 'NONE',  ( 1.750000000000002442, -15.00000000000000533, -425.0000000000000000 ) ) ;
#2758 = ORIENTED_EDGE ( 'NONE', *, *, #363, .F. ) ;
#2759 = PLANE ( 'NONE',  #2708 ) ;
#2760 = CARTESIAN_POINT ( 'NONE',  ( 7.000000000000001776, 5.000000000000000888, 450.0000000000000000 ) ) ;
#2761 = FACE_OUTER_BOUND ( 'NONE', #1107, .T. ) ;
#2762 = EDGE_LOOP ( 'NONE', ( #1902, #2041 ) ) ;
#2763 = DIRECTION ( 'NONE',  ( -1.000000000000000000, 0.000000000000000000, 0.000000000000000000 ) ) ;
#2764 = CARTESIAN_POINT ( 'NONE',  ( 2.500000000000005773, 32.50000000000000000, -430.0000000000000000 ) ) ;
#2765 = AXIS2_PLACEMENT_3D ( 'NONE', #1625, #2723, #2260 ) ;
#2766 = AXIS2_PLACEMENT_3D ( 'NONE', #3546, #500, #1048 ) ;
#2767 = CARTESIAN_POINT ( 'NONE',  ( 10.00000000000000178, -20.00000000000000000, 450.0000000000000000 ) ) ;
#2768 = CIRCLE ( 'NONE', #3003, 30.00000000000004974 ) ;
#2769 = ORIENTED_EDGE ( 'NONE', *, *, #2176, .F. ) ;
#2770 = CONICAL_SURFACE ( 'NONE', #1383, 2.749999999999974687, 0.7853981633974490562 ) ;
#2771 = CARTESIAN_POINT ( 'NONE',  ( 7.000000000000000888, 20.00000000000000000, 450.0000000000000000 ) ) ;
#2772 = VERTEX_POINT ( 'NONE', #3180 ) ;
#2773 = CIRCLE ( 'NONE', #1739, 30.00000000000004974 ) ;
#2774 = EDGE_CURVE ( 'NONE', #641, #1246, #630, .T. ) ;
#2775 = VECTOR ( 'NONE', #780, 1000.000000000000000 ) ;
#2776 = LINE ( 'NONE', #1963, #53 ) ;
#2777 = ORIENTED_EDGE ( 'NONE', *, *, #974, .T. ) ;
#2778 = ADVANCED_FACE ( 'NONE', ( #1810 ), #2844, .F. ) ;
#2779 = DIRECTION ( 'NONE',  ( 1.000000000000000000, -0.000000000000000000, -0.000000000000000000 ) ) ;
#2780 = CARTESIAN_POINT ( 'NONE',  ( 3.000000000000001776, 25.00000000000000000, 450.0000000000000000 ) ) ;
#2781 = FACE_OUTER_BOUND ( 'NONE', #673, .T. ) ;
#2782 = DIRECTION ( 'NONE',  ( 1.000000000000000000, 0.000000000000000000, -0.000000000000000000 ) ) ;
#2783 = ORIENTED_EDGE ( 'NONE', *, *, #1962, .F. ) ;
#2784 = LINE ( 'NONE', #26, #3172 ) ;
#2785 = EDGE_CURVE ( 'NONE', #1312, #410, #105, .T. ) ;
#2786 = LINE ( 'NONE', #590, #1320 ) ;
#2787 = CARTESIAN_POINT ( 'NONE',  ( 3.000000000000001776, -15.00000000000000533, -362.2500000000000000 ) ) ;
#2788 = CARTESIAN_POINT ( 'NONE',  ( 10.00000000000000178, 20.00000000000000000, -417.3606797749979478 ) ) ;
#2789 = ORIENTED_EDGE ( 'NONE', *, *, #1725, .T. ) ;
#2790 = CARTESIAN_POINT ( 'NONE',  ( 10.00000000000000533, 10.00000000000000000, 366.7157287525380411 ) ) ;
#2791 = ORIENTED_EDGE ( 'NONE', *, *, #2323, .T. ) ;
#2792 = DIRECTION ( 'NONE',  ( 0.000000000000000000, 0.000000000000000000, 1.000000000000000000 ) ) ;
#2793 = DIRECTION ( 'NONE',  ( -1.000000000000000000, 0.000000000000000000, 0.000000000000000000 ) ) ;
#2794 = FACE_OUTER_BOUND ( 'NONE', #1673, .T. ) ;
#2795 = DIRECTION ( 'NONE',  ( 1.000000000000000000, -0.000000000000000000, -0.000000000000000000 ) ) ;
#2796 = ORIENTED_EDGE ( 'NONE', *, *, #2964, .F. ) ;
#2797 = DIRECTION ( 'NONE',  ( 0.000000000000000000, 0.000000000000000000, -1.000000000000000000 ) ) ;
#2798 = DIRECTION ( 'NONE',  ( 0.8571673007021137769, 0.000000000000000000, 0.5150380749100518241 ) ) ;
#2799 = EDGE_CURVE ( 'NONE', #2845, #563, #1025, .T. ) ;
#2800 = DIRECTION ( 'NONE',  ( -0.000000000000000000, -0.000000000000000000, 1.000000000000000000 ) ) ;
#2801 = DIRECTION ( 'NONE',  ( 0.7071067811865470176, 8.659560562354940254E-17, 0.7071067811865481278 ) ) ;
#2802 = DIRECTION ( 'NONE',  ( 1.000000000000000000, -0.000000000000000000, -0.000000000000000000 ) ) ;
#2803 = ORIENTED_EDGE ( 'NONE', *, *, #3094, .T. ) ;
#2804 = VECTOR ( 'NONE', #435, 1000.000000000000000 ) ;
#2805 = AXIS2_PLACEMENT_3D ( 'NONE', #2675, #1864, #2988 ) ;
#2806 = CARTESIAN_POINT ( 'NONE',  ( 10.00000000000000533, 3.673940397442069433E-15, -365.0000000000000000 ) ) ;
#2807 = ORIENTED_EDGE ( 'NONE', *, *, #1115, .T. ) ;
#2808 = DIRECTION ( 'NONE',  ( 0.000000000000000000, 0.000000000000000000, 1.000000000000000000 ) ) ;
#2809 = ORIENTED_EDGE ( 'NONE', *, *, #2074, .T. ) ;
#2810 = CARTESIAN_POINT ( 'NONE',  ( 5.000000000000001776, -32.50000000000000000, 430.0000000000000000 ) ) ;
#2811 = DIRECTION ( 'NONE',  ( 0.000000000000000000, 0.000000000000000000, -1.000000000000000000 ) ) ;
#2812 = CARTESIAN_POINT ( 'NONE',  ( -1.561251128379126385E-14, 10.00000000000000000, 423.2842712474619589 ) ) ;
#2813 = AXIS2_PLACEMENT_3D ( 'NONE', #3076, #2207, #1719 ) ;
#2814 = ORIENTED_EDGE ( 'NONE', *, *, #1649, .T. ) ;
#2815 = LINE ( 'NONE', #387, #927 ) ;
#2816 = CYLINDRICAL_SURFACE ( 'NONE', #3290, 30.00000000000002842 ) ;
#2817 = EDGE_CURVE ( 'NONE', #2947, #78, #1558, .T. ) ;
#2818 = DIRECTION ( 'NONE',  ( 1.000000000000000000, 0.000000000000000000, 0.000000000000000000 ) ) ;
#2819 = LINE ( 'NONE', #576, #2991 ) ;
#2820 = PRODUCT_DEFINITION ( 'UNKNOWN', '', #2989, #2688 ) ;
#2821 = CARTESIAN_POINT ( 'NONE',  ( 3.000000000000001776, -5.000000000000000888, 450.0000000000000000 ) ) ;
#2822 = AXIS2_PLACEMENT_3D ( 'NONE', #1232, #685, #3163 ) ;
#2823 = CIRCLE ( 'NONE', #1959, 1.500000000000001332 ) ;
#2824 = EDGE_CURVE ( 'NONE', #2746, #3253, #2368, .T. ) ;
#2825 = DIRECTION ( 'NONE',  ( 0.000000000000000000, 0.000000000000000000, -1.000000000000000000 ) ) ;
#2826 = AXIS2_PLACEMENT_3D ( 'NONE', #2181, #6, #2496 ) ;
#2827 = EDGE_LOOP ( 'NONE', ( #3519, #3543, #25, #18 ) ) ;
#2828 = AXIS2_PLACEMENT_3D ( 'NONE', #1663, #1371, #2797 ) ;
#2829 = AXIS2_PLACEMENT_3D ( 'NONE', #2515, #1999, #350 ) ;
#2830 = EDGE_CURVE ( 'NONE', #418, #2690, #1614, .T. ) ;
#2831 = DIRECTION ( 'NONE',  ( 1.000000000000000000, 0.000000000000000000, 0.000000000000000000 ) ) ;
#2832 = ORIENTED_EDGE ( 'NONE', *, *, #1651, .T. ) ;
#2833 = CIRCLE ( 'NONE', #2311, 1.500000000000001332 ) ;
#2834 = DIRECTION ( 'NONE',  ( 1.000000000000000000, -0.000000000000000000, -0.000000000000000000 ) ) ;
#2835 = ORIENTED_EDGE ( 'NONE', *, *, #1686, .F. ) ;
#2836 = LINE ( 'NONE', #1459, #221 ) ;
#2837 = LINE ( 'NONE', #351, #3518 ) ;
#2838 = LINE ( 'NONE', #2812, #2876 ) ;
#2839 = AXIS2_PLACEMENT_3D ( 'NONE', #2324, #2015, #949 ) ;
#2840 = ORIENTED_EDGE ( 'NONE', *, *, #929, .F. ) ;
#2841 = DIRECTION ( 'NONE',  ( -1.000000000000000000, 0.000000000000000000, 0.000000000000000000 ) ) ;
#2842 = DIRECTION ( 'NONE',  ( 1.000000000000000000, -0.000000000000000000, -0.000000000000000000 ) ) ;
#2843 = DIRECTION ( 'NONE',  ( 0.000000000000000000, 0.000000000000000000, -1.000000000000000000 ) ) ;
#2844 = PLANE ( 'NONE',  #2301 ) ;
#2845 = VERTEX_POINT ( 'NONE', #467 ) ;
#2846 = LINE ( 'NONE', #2491, #501 ) ;
#2847 = ADVANCED_FACE ( 'NONE', ( #1634 ), #1787, .F. ) ;
#2848 = EDGE_CURVE ( 'NONE', #91, #682, #3523, .T. ) ;
#2849 = CARTESIAN_POINT ( 'NONE',  ( 10.00000000000000178, 20.00000000000000000, 450.0000000000000000 ) ) ;
#2850 = VERTEX_POINT ( 'NONE', #521 ) ;
#2851 = CARTESIAN_POINT ( 'NONE',  ( 3.000000000000001776, 25.00000000000000000, 450.0000000000000000 ) ) ;
#2852 = VERTEX_POINT ( 'NONE', #483 ) ;
#2853 = CARTESIAN_POINT ( 'NONE',  ( 7.300000000000005151, 3.061616997868377225E-16, -347.5000000000000000 ) ) ;
#2854 = EDGE_CURVE ( 'NONE', #1605, #2192, #1434, .T. ) ;
#2855 = DIRECTION ( 'NONE',  ( 1.000000000000000000, -1.734723475976807341E-16, 0.000000000000000000 ) ) ;
#2856 = CARTESIAN_POINT ( 'NONE',  ( 3.000000000000001776, 14.99999999999999467, 426.5000000000000000 ) ) ;
#2857 = EDGE_CURVE ( 'NONE', #2921, #3513, #2149, .T. ) ;
#2858 = DIRECTION ( 'NONE',  ( -0.000000000000000000, -0.000000000000000000, 1.000000000000000000 ) ) ;
#2859 = EDGE_CURVE ( 'NONE', #1463, #987, #229, .T. ) ;
#2860 = CARTESIAN_POINT ( 'NONE',  ( -1.561251128379126385E-14, 3.673940397442066278E-15, -365.0000000000000000 ) ) ;
#2861 = CARTESIAN_POINT ( 'NONE',  ( 10.00000000000000178, -20.00000000000000000, 450.0000000000000000 ) ) ;
#2862 = DIRECTION ( 'NONE',  ( -1.000000000000000000, 0.000000000000000000, 0.000000000000000000 ) ) ;
#2863 = CARTESIAN_POINT ( 'NONE',  ( -1.734723475976807094E-14, 0.000000000000000000, -352.5000000000000000 ) ) ;
#2864 = EDGE_LOOP ( 'NONE', ( #2393, #994 ) ) ;
#2865 = CARTESIAN_POINT ( 'NONE',  ( -1.647987302177966740E-14, -15.00000000000000533, 365.0000000000000000 ) ) ;
#2866 = DIRECTION ( 'NONE',  ( 1.000000000000000000, -0.000000000000000000, -0.000000000000000000 ) ) ;
#2867 = ORIENTED_EDGE ( 'NONE', *, *, #1920, .F. ) ;
#2868 = CARTESIAN_POINT ( 'NONE',  ( 10.00000000000000533, -20.00000000000000000, -417.3606797749979478 ) ) ;
#2869 = ORIENTED_EDGE ( 'NONE', *, *, #1687, .T. ) ;
#2870 = CARTESIAN_POINT ( 'NONE',  ( 1.750000000000002442, 14.99999999999999467, 365.0000000000000000 ) ) ;
#2871 = CARTESIAN_POINT ( 'NONE',  ( -1.561251128379126385E-14, 5.000000000000000888, 424.5803989154981650 ) ) ;
#2872 = DIRECTION ( 'NONE',  ( 0.000000000000000000, 0.000000000000000000, 1.000000000000000000 ) ) ;
#2873 = VECTOR ( 'NONE', #1745, 1000.000000000000000 ) ;
#2874 = AXIS2_PLACEMENT_3D ( 'NONE', #2293, #921, #648 ) ;
#2875 = DIRECTION ( 'NONE',  ( 1.734723475976804136E-16, 1.000000000000000000, 0.000000000000000000 ) ) ;
#2876 = VECTOR ( 'NONE', #2023, 1000.000000000000000 ) ;
#2877 = CYLINDRICAL_SURFACE ( 'NONE', #3170, 2.499999999999992895 ) ;
#2878 = LINE ( 'NONE', #1190, #438 ) ;
#2879 = VECTOR ( 'NONE', #348, 1000.000000000000000 ) ;
#2880 = FACE_BOUND ( 'NONE', #3079, .T. ) ;
#2881 = DIRECTION ( 'NONE',  ( 1.000000000000000000, -0.000000000000000000, -0.000000000000000000 ) ) ;
#2882 = ORIENTED_EDGE ( 'NONE', *, *, #1962, .T. ) ;
#2883 = DIRECTION ( 'NONE',  ( -0.000000000000000000, -0.000000000000000000, -1.000000000000000000 ) ) ;
#2884 = AXIS2_PLACEMENT_3D ( 'NONE', #1580, #3266, #3505 ) ;
#2885 = DIRECTION ( 'NONE',  ( 0.000000000000000000, 0.000000000000000000, -1.000000000000000000 ) ) ;
#2886 = ORIENTED_EDGE ( 'NONE', *, *, #439, .F. ) ;
#2887 = CARTESIAN_POINT ( 'NONE',  ( 7.499999999999992006, 32.50000000000000000, -450.0000000000000000 ) ) ;
#2888 = ORIENTED_EDGE ( 'NONE', *, *, #2527, .F. ) ;
#2889 = CARTESIAN_POINT ( 'NONE',  ( 3.000000000000001776, 14.99999999999999467, 365.0000000000000000 ) ) ;
#2890 = EDGE_CURVE ( 'NONE', #1286, #1453, #3249, .T. ) ;
#2891 = VECTOR ( 'NONE', #3001, 1000.000000000000000 ) ;
#2892 = AXIS2_PLACEMENT_3D ( 'NONE', #2810, #58, #1982 ) ;
#2893 = AXIS2_PLACEMENT_3D ( 'NONE', #1205, #1495, #116 ) ;
#2894 = LINE ( 'NONE', #2045, #2196 ) ;
#2895 = CIRCLE ( 'NONE', #2027, 30.00000000000002842 ) ;
#2896 = LINE ( 'NONE', #1805, #1440 ) ;
#2897 = EDGE_CURVE ( 'NONE', #196, #1904, #1296, .T. ) ;
#2898 = DIRECTION ( 'NONE',  ( 0.000000000000000000, 0.000000000000000000, -1.000000000000000000 ) ) ;
#2899 = CIRCLE ( 'NONE', #2141, 1.500000000000001332 ) ;
#2900 = CARTESIAN_POINT ( 'NONE',  ( -1.734723475976807094E-14, 0.000000000000000000, -350.0000000000000000 ) ) ;
#2901 = DIRECTION ( 'NONE',  ( 1.000000000000000000, -0.000000000000000000, -0.000000000000000000 ) ) ;
#2902 = EDGE_CURVE ( 'NONE', #1697, #2155, #506, .T. ) ;
#2903 = ORIENTED_EDGE ( 'NONE', *, *, #3578, .T. ) ;
#2904 = EDGE_CURVE ( 'NONE', #1431, #1183, #993, .T. ) ;
#2905 = DIRECTION ( 'NONE',  ( -0.000000000000000000, -0.000000000000000000, -1.000000000000000000 ) ) ;
#2906 = ORIENTED_EDGE ( 'NONE', *, *, #3481, .F. ) ;
#2907 = ORIENTED_EDGE ( 'NONE', *, *, #794, .F. ) ;
#2908 = ORIENTED_EDGE ( 'NONE', *, *, #704, .F. ) ;
#2909 = EDGE_LOOP ( 'NONE', ( #3254, #2424, #1942, #1662 ) ) ;
#2910 = CARTESIAN_POINT ( 'NONE',  ( 5.000000000000001776, 32.50000000000000000, 430.0000000000000000 ) ) ;
#2911 = FACE_OUTER_BOUND ( 'NONE', #2340, .T. ) ;
#2912 = ORIENTED_EDGE ( 'NONE', *, *, #1052, .F. ) ;
#2913 = DIRECTION ( 'NONE',  ( 1.000000000000000000, 0.000000000000000000, 0.000000000000000000 ) ) ;
#2914 = CARTESIAN_POINT ( 'NONE',  ( 2.500000000000005773, 32.50000000000000000, -430.0000000000000000 ) ) ;
#2915 = CARTESIAN_POINT ( 'NONE',  ( 7.000000000000001776, 5.000000000000000888, 450.0000000000000000 ) ) ;
#2916 = ORIENTED_EDGE ( 'NONE', *, *, #1006, .F. ) ;
#2917 = DIRECTION ( 'NONE',  ( -0.000000000000000000, -0.000000000000000000, -1.000000000000000000 ) ) ;
#2918 = ORIENTED_EDGE ( 'NONE', *, *, #2499, .F. ) ;
#2919 = VERTEX_POINT ( 'NONE', #2434 ) ;
#2920 = ORIENTED_EDGE ( 'NONE', *, *, #1347, .F. ) ;
#2921 = VERTEX_POINT ( 'NONE', #2969 ) ;
#2922 = CARTESIAN_POINT ( 'NONE',  ( 3.000000000000001776, 5.000000000000000888, 450.0000000000000000 ) ) ;
#2923 = CARTESIAN_POINT ( 'NONE',  ( 3.000000000000001776, -15.00000000000000533, 363.5000000000000000 ) ) ;
#2924 = CARTESIAN_POINT ( 'NONE',  ( 10.00000000000000533, 0.000000000000000000, -395.0000000000000000 ) ) ;
#2925 = VECTOR ( 'NONE', #475, 1000.000000000000000 ) ;
#2926 = AXIS2_PLACEMENT_3D ( 'NONE', #898, #626, #80 ) ;
#2927 = DIRECTION ( 'NONE',  ( 1.000000000000000000, 0.000000000000000000, 0.000000000000000000 ) ) ;
#2928 = FACE_BOUND ( 'NONE', #1996, .T. ) ;
#2929 = DIRECTION ( 'NONE',  ( 0.7071067811865476838, 0.000000000000000000, -0.7071067811865474617 ) ) ;
#2930 = EDGE_CURVE ( 'NONE', #1068, #1744, #2950, .T. ) ;
#2931 = CIRCLE ( 'NONE', #679, 1.500000000000001332 ) ;
#2932 = VERTEX_POINT ( 'NONE', #2397 ) ;
#2933 = CARTESIAN_POINT ( 'NONE',  ( 10.00000000000000178, 20.00000000000000000, 450.0000000000000000 ) ) ;
#2934 = ORIENTED_EDGE ( 'NONE', *, *, #544, .F. ) ;
#2935 = EDGE_CURVE ( 'NONE', #1757, #3283, #567, .T. ) ;
#2936 = ORIENTED_EDGE ( 'NONE', *, *, #147, .T. ) ;
#2937 = ORIENTED_EDGE ( 'NONE', *, *, #2185, .F. ) ;
#2938 = ORIENTED_EDGE ( 'NONE', *, *, #947, .T. ) ;
#2939 = CARTESIAN_POINT ( 'NONE',  ( 7.000000000000002665, 10.00000000000000000, 450.0000000000000000 ) ) ;
#2940 = CIRCLE ( 'NONE', #623, 2.500000000000002220 ) ;
#2941 = EDGE_CURVE ( 'NONE', #1590, #3422, #3484, .T. ) ;
#2942 = AXIS2_PLACEMENT_3D ( 'NONE', #1118, #1715, #844 ) ;
#2943 = PLANE ( 'NONE',  #3350 ) ;
#2944 = VECTOR ( 'NONE', #3037, 1000.000000000000000 ) ;
#2945 = CARTESIAN_POINT ( 'NONE',  ( 2.500000000000005773, -32.50000000000000000, 430.0000000000000000 ) ) ;
#2946 = AXIS2_PLACEMENT_3D ( 'NONE', #1972, #2747, #2451 ) ;
#2947 = VERTEX_POINT ( 'NONE', #1846 ) ;
#2948 = DIRECTION ( 'NONE',  ( 1.000000000000000000, -0.000000000000000000, -0.000000000000000000 ) ) ;
#2949 = LINE ( 'NONE', #2433, #3272 ) ;
#2950 = LINE ( 'NONE', #772, #1091 ) ;
#2951 = VECTOR ( 'NONE', #54, 1000.000000000000000 ) ;
#2952 = ORIENTED_EDGE ( 'NONE', *, *, #629, .F. ) ;
#2953 = DIRECTION ( 'NONE',  ( -1.000000000000000000, -0.000000000000000000, -0.000000000000000000 ) ) ;
#2954 = ORIENTED_EDGE ( 'NONE', *, *, #3039, .T. ) ;
#2955 = ORIENTED_EDGE ( 'NONE', *, *, #1786, .T. ) ;
#2956 = ORIENTED_EDGE ( 'NONE', *, *, #2735, .F. ) ;
#2957 = ORIENTED_EDGE ( 'NONE', *, *, #2739, .T. ) ;
#2958 = FACE_OUTER_BOUND ( 'NONE', #484, .T. ) ;
#2959 = EDGE_CURVE ( 'NONE', #2118, #196, #757, .T. ) ;
#2960 = EDGE_CURVE ( 'NONE', #2932, #330, #2589, .T. ) ;
#2961 = DIRECTION ( 'NONE',  ( 1.000000000000000000, -0.000000000000000000, -0.000000000000000000 ) ) ;
#2962 = EDGE_CURVE ( 'NONE', #1045, #997, #1030, .T. ) ;
#2963 = LINE ( 'NONE', #479, #1502 ) ;
#2964 = EDGE_CURVE ( 'NONE', #1323, #758, #3110, .T. ) ;
#2965 = EDGE_CURVE ( 'NONE', #3166, #3199, #11, .T. ) ;
#2966 = EDGE_LOOP ( 'NONE', ( #1833, #3320 ) ) ;
#2967 = CARTESIAN_POINT ( 'NONE',  ( -1.647987302177966740E-14, 14.99999999999999467, -366.5000000000000000 ) ) ;
#2968 = DIRECTION ( 'NONE',  ( 0.000000000000000000, -0.000000000000000000, -1.000000000000000000 ) ) ;
#2969 = CARTESIAN_POINT ( 'NONE',  ( 1.750000000000002442, 14.99999999999999467, -426.5000000000000000 ) ) ;
#2970 = ORIENTED_EDGE ( 'NONE', *, *, #2935, .T. ) ;
#2971 = DIRECTION ( 'NONE',  ( -1.000000000000000000, 0.000000000000000000, 0.000000000000000000 ) ) ;
#2972 = EDGE_LOOP ( 'NONE', ( #1881, #1054, #3277, #2057 ) ) ;
#2973 = VERTEX_POINT ( 'NONE', #2452 ) ;
#2974 = ORIENTED_EDGE ( 'NONE', *, *, #2092, .F. ) ;
#2975 = ORIENTED_EDGE ( 'NONE', *, *, #411, .T. ) ;
#2976 = CARTESIAN_POINT ( 'NONE',  ( 10.00000000000000533, 10.00000000000000000, 450.0000000000000000 ) ) ;
#2977 = CARTESIAN_POINT ( 'NONE',  ( -1.561251128379126385E-14, -25.00000000000000000, -411.5831239517771110 ) ) ;
#2978 = ORIENTED_EDGE ( 'NONE', *, *, #388, .F. ) ;
#2979 = ADVANCED_FACE ( 'NONE', ( #2204 ), #264, .F. ) ;
#2980 = CARTESIAN_POINT ( 'NONE',  ( 7.300000000000005151, 0.000000000000000000, -350.0000000000000000 ) ) ;
#2981 = VERTEX_POINT ( 'NONE', #2502 ) ;
#2982 = EDGE_CURVE ( 'NONE', #3537, #1238, #1844, .T. ) ;
#2983 = ORIENTED_EDGE ( 'NONE', *, *, #2469, .T. ) ;
#2984 = DIRECTION ( 'NONE',  ( 0.000000000000000000, 0.000000000000000000, -1.000000000000000000 ) ) ;
#2985 = LINE ( 'NONE', #2672, #1250 ) ;
#2986 = DIRECTION ( 'NONE',  ( -0.000000000000000000, -0.000000000000000000, -1.000000000000000000 ) ) ;
#2987 = CIRCLE ( 'NONE', #313, 30.00000000000004974 ) ;
#2988 = DIRECTION ( 'NONE',  ( 0.000000000000000000, 0.000000000000000000, -1.000000000000000000 ) ) ;
#2989 = PRODUCT_DEFINITION_FORMATION_WITH_SPECIFIED_SOURCE ( 'ANY', '', #2448, .NOT_KNOWN. ) ;
#2990 = ORIENTED_EDGE ( 'NONE', *, *, #3039, .F. ) ;
#2991 = VECTOR ( 'NONE', #3107, 1000.000000000000000 ) ;
#2992 = ORIENTED_EDGE ( 'NONE', *, *, #2960, .F. ) ;
#2993 = ORIENTED_EDGE ( 'NONE', *, *, #2052, .T. ) ;
#2994 = CIRCLE ( 'NONE', #3447, 2.500000000000002220 ) ;
#2995 = ORIENTED_EDGE ( 'NONE', *, *, #1763, .T. ) ;
#2996 = DIRECTION ( 'NONE',  ( 1.000000000000000000, -0.000000000000000000, -0.000000000000000000 ) ) ;
#2997 = DIRECTION ( 'NONE',  ( 1.000000000000000000, -0.000000000000000000, -0.000000000000000000 ) ) ;
#2998 = ORIENTED_EDGE ( 'NONE', *, *, #3043, .T. ) ;
#2999 = DIRECTION ( 'NONE',  ( 1.000000000000000000, -0.000000000000000000, -0.000000000000000000 ) ) ;
#3000 = AXIS2_PLACEMENT_3D ( 'NONE', #246, #3055, #3025 ) ;
#3001 = DIRECTION ( 'NONE',  ( 0.7071067811865476838, 0.000000000000000000, -0.7071067811865474617 ) ) ;
#3002 = CARTESIAN_POINT ( 'NONE',  ( 7.000000000000000888, -20.00000000000000000, 450.0000000000000000 ) ) ;
#3003 = AXIS2_PLACEMENT_3D ( 'NONE', #666, #424, #3416 ) ;
#3004 = VERTEX_POINT ( 'NONE', #2764 ) ;
#3005 = CARTESIAN_POINT ( 'NONE',  ( -1.647987302177966740E-14, -15.00000000000000533, -366.5000000000000000 ) ) ;
#3006 = VECTOR ( 'NONE', #3362, 1000.000000000000000 ) ;
#3007 = CARTESIAN_POINT ( 'NONE',  ( 5.000000000000001776, -32.50000000000000000, 430.0000000000000000 ) ) ;
#3008 = CIRCLE ( 'NONE', #1446, 30.00000000000002842 ) ;
#3009 = DIRECTION ( 'NONE',  ( 1.000000000000000000, -0.000000000000000000, -0.000000000000000000 ) ) ;
#3010 = ADVANCED_FACE ( 'NONE', ( #1133 ), #2220, .F. ) ;
#3011 = ORIENTED_EDGE ( 'NONE', *, *, #3156, .F. ) ;
#3012 = EDGE_CURVE ( 'NONE', #3031, #1022, #2823, .T. ) ;
#3013 = EDGE_CURVE ( 'NONE', #1641, #834, #1700, .T. ) ;
#3014 = EDGE_LOOP ( 'NONE', ( #1181, #2664, #529, #183 ) ) ;
#3015 = ORIENTED_EDGE ( 'NONE', *, *, #3091, .T. ) ;
#3016 = ORIENTED_EDGE ( 'NONE', *, *, #787, .F. ) ;
#3017 = CARTESIAN_POINT ( 'NONE',  ( 5.000000000000001776, -32.50000000000000000, 430.0000000000000000 ) ) ;
#3018 = DIRECTION ( 'NONE',  ( 0.000000000000000000, 0.000000000000000000, -1.000000000000000000 ) ) ;
#3019 = ORIENTED_EDGE ( 'NONE', *, *, #2549, .T. ) ;
#3020 = LINE ( 'NONE', #1676, #2649 ) ;
#3021 = FILL_AREA_STYLE_COLOUR ( '', #453 ) ;
#3022 = LINE ( 'NONE', #1644, #3462 ) ;
#3023 = VERTEX_POINT ( 'NONE', #2234 ) ;
#3024 = FACE_OUTER_BOUND ( 'NONE', #2382, .T. ) ;
#3025 = DIRECTION ( 'NONE',  ( 0.000000000000000000, 0.000000000000000000, 1.000000000000000000 ) ) ;
#3026 = CYLINDRICAL_SURFACE ( 'NONE', #32, 30.00000000000002842 ) ;
#3027 = ORIENTED_EDGE ( 'NONE', *, *, #2157, .F. ) ;
#3028 = VERTEX_POINT ( 'NONE', #1393 ) ;
#3029 = EDGE_LOOP ( 'NONE', ( #3127, #2975, #191, #952 ) ) ;
#3030 = CARTESIAN_POINT ( 'NONE',  ( -1.561251128379126385E-14, -5.000000000000000888, 424.5803989154981650 ) ) ;
#3031 = VERTEX_POINT ( 'NONE', #3090 ) ;
#3032 = CARTESIAN_POINT ( 'NONE',  ( 7.000000000000001776, -5.000000000000000888, 424.5803989154981650 ) ) ;
#3033 = CARTESIAN_POINT ( 'NONE',  ( 3.000000000000001776, 14.99999999999999467, -363.5000000000000000 ) ) ;
#3034 = LINE ( 'NONE', #1099, #2636 ) ;
#3035 = ORIENTED_EDGE ( 'NONE', *, *, #2317, .F. ) ;
#3036 = CYLINDRICAL_SURFACE ( 'NONE', #2363, 2.499999999999992895 ) ;
#3037 = DIRECTION ( 'NONE',  ( -0.000000000000000000, -0.000000000000000000, -1.000000000000000000 ) ) ;
#3038 = PLANE ( 'NONE',  #319 ) ;
#3039 = EDGE_CURVE ( 'NONE', #1363, #1586, #2786, .T. ) ;
#3040 = ORIENTED_EDGE ( 'NONE', *, *, #1462, .F. ) ;
#3041 = AXIS2_PLACEMENT_3D ( 'NONE', #652, #1234, #1759 ) ;
#3042 = VECTOR ( 'NONE', #2953, 1000.000000000000000 ) ;
#3043 = EDGE_CURVE ( 'NONE', #3063, #1590, #1421, .T. ) ;
#3044 = ORIENTED_EDGE ( 'NONE', *, *, #2785, .T. ) ;
#3045 = ADVANCED_FACE ( 'NONE', ( #300, #864 ), #282, .F. ) ;
#3046 = CONICAL_SURFACE ( 'NONE', #556, 2.749999999999974687, 0.7853981633974490562 ) ;
#3047 = DIRECTION ( 'NONE',  ( 0.000000000000000000, 0.000000000000000000, 1.000000000000000000 ) ) ;
#3048 = ORIENTED_EDGE ( 'NONE', *, *, #431, .T. ) ;
#3049 = FACE_BOUND ( 'NONE', #452, .T. ) ;
#3050 = LINE ( 'NONE', #512, #2240 ) ;
#3051 = PLANE ( 'NONE',  #2246 ) ;
#3052 = DIRECTION ( 'NONE',  ( -0.000000000000000000, -0.000000000000000000, -1.000000000000000000 ) ) ;
#3053 = ORIENTED_EDGE ( 'NONE', *, *, #1119, .F. ) ;
#3054 = FACE_OUTER_BOUND ( 'NONE', #1399, .T. ) ;
#3055 = DIRECTION ( 'NONE',  ( -1.000000000000000000, 0.000000000000000000, 0.000000000000000000 ) ) ;
#3056 = AXIS2_PLACEMENT_3D ( 'NONE', #415, #3421, #945 ) ;
#3057 = VECTOR ( 'NONE', #190, 1000.000000000000000 ) ;
#3058 = CARTESIAN_POINT ( 'NONE',  ( 2.500000000000005773, 32.50000000000000000, 430.0000000000000000 ) ) ;
#3059 = VECTOR ( 'NONE', #753, 1000.000000000000000 ) ;
#3060 = VECTOR ( 'NONE', #2216, 1000.000000000000000 ) ;
#3061 = VECTOR ( 'NONE', #2571, 1000.000000000000000 ) ;
#3062 = CARTESIAN_POINT ( 'NONE',  ( 4.999999999999996447, 32.50000000000000000, -428.4978484524311284 ) ) ;
#3063 = VERTEX_POINT ( 'NONE', #2258 ) ;
#3064 = CIRCLE ( 'NONE', #3522, 5.199999999999982414 ) ;
#3065 = CONICAL_SURFACE ( 'NONE', #1775, 2.749999999999974687, 0.7853981633974490562 ) ;
#3066 = LINE ( 'NONE', #1627, #1041 ) ;
#3067 = ORIENTED_EDGE ( 'NONE', *, *, #3524, .F. ) ;
#3068 = FACE_OUTER_BOUND ( 'NONE', #723, .T. ) ;
#3069 = DIRECTION ( 'NONE',  ( -0.000000000000000000, -0.000000000000000000, -1.000000000000000000 ) ) ;
#3070 = EDGE_CURVE ( 'NONE', #457, #418, #1373, .T. ) ;
#3071 = CARTESIAN_POINT ( 'NONE',  ( 10.00000000000000533, 10.00000000000000000, 450.0000000000000000 ) ) ;
#3072 = LINE ( 'NONE', #3541, #1717 ) ;
#3073 = EDGE_LOOP ( 'NONE', ( #2551, #2520, #2179, #3048 ) ) ;
#3074 = DIRECTION ( 'NONE',  ( 0.000000000000000000, -0.000000000000000000, -1.000000000000000000 ) ) ;
#3075 = DIRECTION ( 'NONE',  ( 0.000000000000000000, 0.000000000000000000, 1.000000000000000000 ) ) ;
#3076 = CARTESIAN_POINT ( 'NONE',  ( 3.000000000000001776, -25.00000000000000000, 450.0000000000000000 ) ) ;
#3077 = CARTESIAN_POINT ( 'NONE',  ( 7.000000000000000888, 20.00000000000000000, 417.3606797749979478 ) ) ;
#3078 = LINE ( 'NONE', #635, #2873 ) ;
#3079 = EDGE_LOOP ( 'NONE', ( #2303, #3458 ) ) ;
#3080 = CARTESIAN_POINT ( 'NONE',  ( -1.597501047550178016E-14, 40.00000000000000000, -450.0000000000000000 ) ) ;
#3081 = ORIENTED_EDGE ( 'NONE', *, *, #1615, .T. ) ;
#3082 = DIRECTION ( 'NONE',  ( 0.000000000000000000, 0.000000000000000000, -1.000000000000000000 ) ) ;
#3083 = ORIENTED_EDGE ( 'NONE', *, *, #1028, .T. ) ;
#3084 = CARTESIAN_POINT ( 'NONE',  ( 10.00000000000000533, 0.000000000000000000, 350.0000000000000000 ) ) ;
#3085 = DIRECTION ( 'NONE',  ( 0.8571673007021137769, 1.049727191138620421E-16, -0.5150380749100518241 ) ) ;
#3086 = CARTESIAN_POINT ( 'NONE',  ( 3.000000000000001776, 14.99999999999999467, 427.7499999999999432 ) ) ;
#3087 = VERTEX_POINT ( 'NONE', #311 ) ;
#3088 = CARTESIAN_POINT ( 'NONE',  ( 3.000000000000001776, 0.000000000000000000, 395.0000000000000000 ) ) ;
#3089 = EDGE_CURVE ( 'NONE', #761, #536, #46, .T. ) ;
#3090 = CARTESIAN_POINT ( 'NONE',  ( 1.750000000000002442, 14.99999999999999467, 423.5000000000000000 ) ) ;
#3091 = EDGE_CURVE ( 'NONE', #3315, #1692, #3582, .T. ) ;
#3092 = DIRECTION ( 'NONE',  ( 1.000000000000000000, 0.000000000000000000, 0.000000000000000000 ) ) ;
#3093 = CARTESIAN_POINT ( 'NONE',  ( 9.999999999999984013, 40.00000000000000000, 450.0000000000000000 ) ) ;
#3094 = EDGE_CURVE ( 'NONE', #3508, #1868, #1033, .T. ) ;
#3095 = FACE_OUTER_BOUND ( 'NONE', #2085, .T. ) ;
#3096 = ORIENTED_EDGE ( 'NONE', *, *, #3527, .F. ) ;
#3097 = PLANE ( 'NONE',  #869 ) ;
#3098 = ORIENTED_EDGE ( 'NONE', *, *, #629, .T. ) ;
#3099 = PLANE ( 'NONE',  #2352 ) ;
#3100 = EDGE_LOOP ( 'NONE', ( #75, #1337, #885, #450 ) ) ;
#3101 = DIRECTION ( 'NONE',  ( 1.000000000000000000, -0.000000000000000000, -0.000000000000000000 ) ) ;
#3102 = FACE_OUTER_BOUND ( 'NONE', #928, .T. ) ;
#3103 = EDGE_LOOP ( 'NONE', ( #2658, #1816, #470, #1545 ) ) ;
#3104 = CARTESIAN_POINT ( 'NONE',  ( 7.499999999999994671, 32.50000000000000000, -450.0000000000000000 ) ) ;
#3105 = AXIS2_PLACEMENT_3D ( 'NONE', #2638, #2607, #2383 ) ;
#3106 = CARTESIAN_POINT ( 'NONE',  ( 5.000000000000001776, -32.50000000000000000, -430.0000000000000000 ) ) ;
#3107 = DIRECTION ( 'NONE',  ( -1.000000000000000000, 0.000000000000000000, 0.000000000000000000 ) ) ;
#3108 = CARTESIAN_POINT ( 'NONE',  ( 7.000000000000002665, -10.00000000000000000, -423.2842712474619589 ) ) ;
#3109 = EDGE_CURVE ( 'NONE', #1998, #721, #832, .T. ) ;
#3110 = CIRCLE ( 'NONE', #3000, 30.00000000000002842 ) ;
#3111 = ORIENTED_EDGE ( 'NONE', *, *, #2364, .F. ) ;
#3112 = VECTOR ( 'NONE', #3540, 1000.000000000000000 ) ;
#3113 = ADVANCED_FACE ( 'NONE', ( #1173 ), #2816, .F. ) ;
#3114 = DIRECTION ( 'NONE',  ( 1.000000000000000000, 1.734723475976806848E-16, -0.000000000000000000 ) ) ;
#3115 = VECTOR ( 'NONE', #2999, 1000.000000000000000 ) ;
#3116 = EDGE_LOOP ( 'NONE', ( #1355, #511 ) ) ;
#3117 = ADVANCED_FACE ( 'NONE', ( #65 ), #220, .F. ) ;
#3118 = ADVANCED_FACE ( 'NONE', ( #827 ), #1658, .F. ) ;
#3119 = CARTESIAN_POINT ( 'NONE',  ( 3.000000000000001776, -15.00000000000000533, 365.0000000000000000 ) ) ;
#3120 = ORIENTED_EDGE ( 'NONE', *, *, #1384, .T. ) ;
#3121 = VECTOR ( 'NONE', #148, 1000.000000000000000 ) ;
#3122 = DIRECTION ( 'NONE',  ( 1.000000000000000000, 0.000000000000000000, 0.000000000000000000 ) ) ;
#3123 = ORIENTED_EDGE ( 'NONE', *, *, #3224, .F. ) ;
#3124 = DIRECTION ( 'NONE',  ( 0.000000000000000000, 0.000000000000000000, -1.000000000000000000 ) ) ;
#3125 = FACE_OUTER_BOUND ( 'NONE', #20, .T. ) ;
#3126 = CIRCLE ( 'NONE', #1567, 1.500000000000001332 ) ;
#3127 = ORIENTED_EDGE ( 'NONE', *, *, #1299, .F. ) ;
#3128 = FACE_OUTER_BOUND ( 'NONE', #2372, .T. ) ;
#3129 = DIRECTION ( 'NONE',  ( 0.000000000000000000, 0.000000000000000000, -1.000000000000000000 ) ) ;
#3130 = CARTESIAN_POINT ( 'NONE',  ( -1.647987302177966740E-14, 14.99999999999999467, -423.5000000000000000 ) ) ;
#3131 = LINE ( 'NONE', #2914, #1197 ) ;
#3132 = DIRECTION ( 'NONE',  ( 0.000000000000000000, 0.000000000000000000, 1.000000000000000000 ) ) ;
#3133 = ORIENTED_EDGE ( 'NONE', *, *, #1651, .F. ) ;
#3134 = CARTESIAN_POINT ( 'NONE',  ( 5.000000000000001776, 32.50000000000000000, -450.0000000000000000 ) ) ;
#3135 = CARTESIAN_POINT ( 'NONE',  ( 5.000000000000001776, -32.50000000000000000, 450.0000000000000000 ) ) ;
#3136 = EDGE_LOOP ( 'NONE', ( #558, #1469, #2695, #2385 ) ) ;
#3137 = LINE ( 'NONE', #1221, #559 ) ;
#3138 = ORIENTED_EDGE ( 'NONE', *, *, #3336, .T. ) ;
#3139 = DIRECTION ( 'NONE',  ( 1.000000000000000000, -0.000000000000000000, -0.000000000000000000 ) ) ;
#3140 = DIRECTION ( 'NONE',  ( 1.000000000000000000, -0.000000000000000000, -0.000000000000000000 ) ) ;
#3141 = CARTESIAN_POINT ( 'NONE',  ( 10.00000000000000533, -9.999999999999992895, 366.7157287525380411 ) ) ;
#3142 = LINE ( 'NONE', #1477, #1970 ) ;
#3143 = DIRECTION ( 'NONE',  ( 1.000000000000000000, 0.000000000000000000, 0.000000000000000000 ) ) ;
#3144 = LINE ( 'NONE', #667, #3414 ) ;
#3145 = FACE_BOUND ( 'NONE', #1516, .T. ) ;
#3146 = FACE_OUTER_BOUND ( 'NONE', #1994, .T. ) ;
#3147 = ORIENTED_EDGE ( 'NONE', *, *, #1172, .F. ) ;
#3148 = EDGE_CURVE ( 'NONE', #834, #2118, #1094, .T. ) ;
#3149 = CARTESIAN_POINT ( 'NONE',  ( -1.647987302177966740E-14, -15.00000000000000533, -425.0000000000000000 ) ) ;
#3150 = ADVANCED_FACE ( 'NONE', ( #1401 ), #2759, .F. ) ;
#3151 = CYLINDRICAL_SURFACE ( 'NONE', #1854, 1.500000000000001332 ) ;
#3152 = ORIENTED_EDGE ( 'NONE', *, *, #2774, .F. ) ;
#3153 = CARTESIAN_POINT ( 'NONE',  ( 7.000000000000002665, 10.00000000000000000, 450.0000000000000000 ) ) ;
#3154 = ORIENTED_EDGE ( 'NONE', *, *, #819, .T. ) ;
#3155 = CARTESIAN_POINT ( 'NONE',  ( -1.647987302177966740E-14, -15.00000000000000533, 423.5000000000000000 ) ) ;
#3156 = EDGE_CURVE ( 'NONE', #3453, #997, #22, .T. ) ;
#3157 = AXIS2_PLACEMENT_3D ( 'NONE', #2030, #976, #2561 ) ;
#3158 = DIRECTION ( 'NONE',  ( 0.000000000000000000, 1.000000000000000000, 0.000000000000000000 ) ) ;
#3159 = ORIENTED_EDGE ( 'NONE', *, *, #1279, .F. ) ;
#3160 = CARTESIAN_POINT ( 'NONE',  ( 10.00000000000000533, 0.000000000000000000, 395.0000000000000000 ) ) ;
#3161 = CIRCLE ( 'NONE', #1253, 2.499999999999996003 ) ;
#3162 = CARTESIAN_POINT ( 'NONE',  ( 10.00000000000000533, 0.000000000000000000, 395.0000000000000000 ) ) ;
#3163 = DIRECTION ( 'NONE',  ( -1.000000000000000000, 0.000000000000000000, 0.000000000000000000 ) ) ;
#3164 = EDGE_LOOP ( 'NONE', ( #2016, #1108, #2993, #1594 ) ) ;
#3165 = LINE ( 'NONE', #3197, #1774 ) ;
#3166 = VERTEX_POINT ( 'NONE', #1332 ) ;
#3167 = VERTEX_POINT ( 'NONE', #3337 ) ;
#3168 = EDGE_LOOP ( 'NONE', ( #139, #3456, #710, #2720 ) ) ;
#3169 = CARTESIAN_POINT ( 'NONE',  ( 3.000000000000001776, 14.99999999999999467, 366.5000000000000000 ) ) ;
#3170 = AXIS2_PLACEMENT_3D ( 'NONE', #445, #390, #3143 ) ;
#3171 = VECTOR ( 'NONE', #3429, 1000.000000000000000 ) ;
#3172 = VECTOR ( 'NONE', #1953, 1000.000000000000000 ) ;
#3173 = CARTESIAN_POINT ( 'NONE',  ( 3.000000000000001776, 14.99999999999999467, -425.0000000000000000 ) ) ;
#3174 = EDGE_CURVE ( 'NONE', #3490, #910, #3050, .T. ) ;
#3175 = CIRCLE ( 'NONE', #1626, 2.749999999999974687 ) ;
#3176 = CARTESIAN_POINT ( 'NONE',  ( 10.00000000000000711, 0.000000000000000000, 344.8000000000000114 ) ) ;
#3177 = CARTESIAN_POINT ( 'NONE',  ( 3.000000000000001776, -15.00000000000000533, 365.0000000000000000 ) ) ;
#3178 = EDGE_CURVE ( 'NONE', #3374, #1325, #549, .T. ) ;
#3179 = DIRECTION ( 'NONE',  ( 1.000000000000000000, 0.000000000000000000, 0.000000000000000000 ) ) ;
#3180 = CARTESIAN_POINT ( 'NONE',  ( 1.750000000000002442, -15.00000000000000533, 426.5000000000000000 ) ) ;
#3181 = VERTEX_POINT ( 'NONE', #274 ) ;
#3182 = CARTESIAN_POINT ( 'NONE',  ( 3.000000000000001776, 0.000000000000000000, -395.0000000000000000 ) ) ;
#3183 = VERTEX_POINT ( 'NONE', #808 ) ;
#3184 = ORIENTED_EDGE ( 'NONE', *, *, #64, .T. ) ;
#3185 = EDGE_LOOP ( 'NONE', ( #1532, #806, #1599, #3565 ) ) ;
#3186 = VERTEX_POINT ( 'NONE', #3032 ) ;
#3187 = DIRECTION ( 'NONE',  ( 0.000000000000000000, 0.000000000000000000, -1.000000000000000000 ) ) ;
#3188 = DIRECTION ( 'NONE',  ( 1.000000000000000000, -0.000000000000000000, -0.000000000000000000 ) ) ;
#3189 = EDGE_CURVE ( 'NONE', #3063, #1283, #2464, .T. ) ;
#3190 = LINE ( 'NONE', #1820, #1322 ) ;
#3191 = ADVANCED_FACE ( 'NONE', ( #858 ), #335, .F. ) ;
#3192 = CARTESIAN_POINT ( 'NONE',  ( 7.000000000000001776, -25.00000000000000000, 450.0000000000000000 ) ) ;
#3193 = DIRECTION ( 'NONE',  ( 1.000000000000000000, 0.000000000000000000, -0.000000000000000000 ) ) ;
#3194 = EDGE_CURVE ( 'NONE', #1143, #330, #3020, .T. ) ;
#3195 = DIRECTION ( 'NONE',  ( -0.000000000000000000, -0.000000000000000000, -1.000000000000000000 ) ) ;
#3196 = EDGE_LOOP ( 'NONE', ( #738, #2212, #1456, #2907 ) ) ;
#3197 = CARTESIAN_POINT ( 'NONE',  ( 10.00000000000000711, 6.368163355566236381E-16, 355.1999999999999318 ) ) ;
#3198 = EDGE_CURVE ( 'NONE', #1201, #2370, #47, .T. ) ;
#3199 = VERTEX_POINT ( 'NONE', #2780 ) ;
#3200 = ORIENTED_EDGE ( 'NONE', *, *, #2256, .T. ) ;
#3201 = EDGE_LOOP ( 'NONE', ( #2440, #3081, #3027, #2908 ) ) ;
#3202 = ORIENTED_EDGE ( 'NONE', *, *, #1057, .T. ) ;
#3203 = CARTESIAN_POINT ( 'NONE',  ( 2.500000000000011546, 32.50000000000000000, 450.0000000000000000 ) ) ;
#3204 = DIRECTION ( 'NONE',  ( 0.000000000000000000, 0.000000000000000000, 1.000000000000000000 ) ) ;
#3205 = DIRECTION ( 'NONE',  ( -0.000000000000000000, -0.000000000000000000, -1.000000000000000000 ) ) ;
#3206 = AXIS2_PLACEMENT_3D ( 'NONE', #2357, #458, #3187 ) ;
#3207 = CIRCLE ( 'NONE', #1422, 2.499999999999996003 ) ;
#3208 = DIRECTION ( 'NONE',  ( 0.000000000000000000, 0.000000000000000000, 1.000000000000000000 ) ) ;
#3209 = FACE_OUTER_BOUND ( 'NONE', #3288, .T. ) ;
#3210 = VECTOR ( 'NONE', #14, 1000.000000000000000 ) ;
#3211 = DIRECTION ( 'NONE',  ( 0.000000000000000000, 0.000000000000000000, 1.000000000000000000 ) ) ;
#3212 = CIRCLE ( 'NONE', #2522, 1.500000000000001332 ) ;
#3213 = ORIENTED_EDGE ( 'NONE', *, *, #925, .F. ) ;
#3214 = DIRECTION ( 'NONE',  ( 1.000000000000000000, 0.000000000000000000, 0.000000000000000000 ) ) ;
#3215 = ADVANCED_FACE ( 'NONE', ( #294 ), #3284, .F. ) ;
#3216 = EDGE_CURVE ( 'NONE', #287, #1414, #1112, .T. ) ;
#3217 = ORIENTED_EDGE ( 'NONE', *, *, #15, .T. ) ;
#3218 = EDGE_CURVE ( 'NONE', #3313, #1641, #3574, .T. ) ;
#3219 = ORIENTED_EDGE ( 'NONE', *, *, #59, .T. ) ;
#3220 = VERTEX_POINT ( 'NONE', #2428 ) ;
#3221 = VERTEX_POINT ( 'NONE', #241 ) ;
#3222 = DIRECTION ( 'NONE',  ( 0.000000000000000000, 0.000000000000000000, -1.000000000000000000 ) ) ;
#3223 = EDGE_CURVE ( 'NONE', #1608, #1524, #1380, .T. ) ;
#3224 = EDGE_CURVE ( 'NONE', #3250, #57, #1366, .T. ) ;
#3225 = VECTOR ( 'NONE', #1611, 1000.000000000000000 ) ;
#3226 = CARTESIAN_POINT ( 'NONE',  ( 10.00000000000000178, 20.00000000000000000, 450.0000000000000000 ) ) ;
#3227 = VECTOR ( 'NONE', #1643, 1000.000000000000000 ) ;
#3228 = LINE ( 'NONE', #1841, #219 ) ;
#3229 = AXIS2_PLACEMENT_3D ( 'NONE', #537, #3289, #2875 ) ;
#3230 = ORIENTED_EDGE ( 'NONE', *, *, #123, .T. ) ;
#3231 = CARTESIAN_POINT ( 'NONE',  ( 7.499999999999998224, -32.50000000000000000, 430.0000000000000000 ) ) ;
#3232 = CARTESIAN_POINT ( 'NONE',  ( 7.000000000000001776, -25.00000000000000000, 450.0000000000000000 ) ) ;
#3233 = AXIS2_PLACEMENT_3D ( 'NONE', #1241, #3395, #622 ) ;
#3234 = DIRECTION ( 'NONE',  ( -0.000000000000000000, -0.000000000000000000, -1.000000000000000000 ) ) ;
#3235 = VECTOR ( 'NONE', #2224, 1000.000000000000000 ) ;
#3236 = VERTEX_POINT ( 'NONE', #2537 ) ;
#3237 = DIRECTION ( 'NONE',  ( 0.000000000000000000, 0.000000000000000000, -1.000000000000000000 ) ) ;
#3238 = ORIENTED_EDGE ( 'NONE', *, *, #199, .T. ) ;
#3239 = EDGE_CURVE ( 'NONE', #3278, #91, #1732, .T. ) ;
#3240 = EDGE_LOOP ( 'NONE', ( #1519, #747 ) ) ;
#3241 = ORIENTED_EDGE ( 'NONE', *, *, #3379, .F. ) ;
#3242 = VERTEX_POINT ( 'NONE', #1223 ) ;
#3243 = PLANE ( 'NONE',  #509 ) ;
#3244 = CARTESIAN_POINT ( 'NONE',  ( 3.000000000000001776, -15.00000000000000533, 422.2500000000000000 ) ) ;
#3245 = DIRECTION ( 'NONE',  ( -3.469446951953614189E-16, 1.000000000000000000, 0.000000000000000000 ) ) ;
#3246 = ORIENTED_EDGE ( 'NONE', *, *, #633, .F. ) ;
#3247 = LINE ( 'NONE', #1591, #2632 ) ;
#3248 = DIRECTION ( 'NONE',  ( -0.000000000000000000, -0.000000000000000000, -1.000000000000000000 ) ) ;
#3249 = LINE ( 'NONE', #2673, #1208 ) ;
#3250 = VERTEX_POINT ( 'NONE', #2853 ) ;
#3251 = CARTESIAN_POINT ( 'NONE',  ( 8.517925507445284181E-15, -40.00000000000000000, 450.0000000000000000 ) ) ;
#3252 = EDGE_LOOP ( 'NONE', ( #2121, #3554, #125, #1049 ) ) ;
#3253 = VERTEX_POINT ( 'NONE', #3390 ) ;
#3254 = ORIENTED_EDGE ( 'NONE', *, *, #2959, .F. ) ;
#3255 = EDGE_LOOP ( 'NONE', ( #503, #966, #1032, #1624 ) ) ;
#3256 = DIRECTION ( 'NONE',  ( 0.000000000000000000, 0.000000000000000000, -1.000000000000000000 ) ) ;
#3257 = DIRECTION ( 'NONE',  ( 0.000000000000000000, -0.000000000000000000, -1.000000000000000000 ) ) ;
#3258 = EDGE_LOOP ( 'NONE', ( #1267, #129, #3280, #651 ) ) ;
#3259 = DIRECTION ( 'NONE',  ( -1.000000000000000000, -0.000000000000000000, -0.000000000000000000 ) ) ;
#3260 = ADVANCED_FACE ( 'NONE', ( #1694 ), #2416, .F. ) ;
#3261 = CARTESIAN_POINT ( 'NONE',  ( 10.00000000000000178, 20.00000000000000000, -450.0000000000000000 ) ) ;
#3262 = PLANE ( 'NONE',  #1081 ) ;
#3263 = EDGE_CURVE ( 'NONE', #2606, #2621, #401, .T. ) ;
#3264 = ORIENTED_EDGE ( 'NONE', *, *, #541, .T. ) ;
#3265 = DIRECTION ( 'NONE',  ( -0.000000000000000000, -0.000000000000000000, -1.000000000000000000 ) ) ;
#3266 = DIRECTION ( 'NONE',  ( 1.000000000000000000, -0.000000000000000000, -0.000000000000000000 ) ) ;
#3267 = AXIS2_PLACEMENT_3D ( 'NONE', #967, #988, #1836 ) ;
#3268 = EDGE_CURVE ( 'NONE', #1801, #1998, #2836, .T. ) ;
#3269 = VECTOR ( 'NONE', #2366, 1000.000000000000000 ) ;
#3270 = ADVANCED_FACE ( 'NONE', ( #115 ), #2267, .F. ) ;
#3271 = AXIS2_PLACEMENT_3D ( 'NONE', #314, #3534, #3346 ) ;
#3272 = VECTOR ( 'NONE', #293, 1000.000000000000000 ) ;
#3273 = CARTESIAN_POINT ( 'NONE',  ( 7.000000000000001776, -25.00000000000000000, 411.5831239517771110 ) ) ;
#3274 = AXIS2_PLACEMENT_3D ( 'NONE', #786, #1660, #278 ) ;
#3275 = ORIENTED_EDGE ( 'NONE', *, *, #794, .T. ) ;
#3276 = VECTOR ( 'NONE', #1199, 1000.000000000000000 ) ;
#3277 = ORIENTED_EDGE ( 'NONE', *, *, #15, .F. ) ;
#3278 = VERTEX_POINT ( 'NONE', #3155 ) ;
#3279 = VECTOR ( 'NONE', #1981, 1000.000000000000000 ) ;
#3280 = ORIENTED_EDGE ( 'NONE', *, *, #2236, .T. ) ;
#3281 = CARTESIAN_POINT ( 'NONE',  ( 1.750000000000002442, -15.00000000000000533, -366.5000000000000000 ) ) ;
#3282 = DIRECTION ( 'NONE',  ( -1.000000000000000000, 0.000000000000000000, 0.000000000000000000 ) ) ;
#3283 = VERTEX_POINT ( 'NONE', #890 ) ;
#3284 = PLANE ( 'NONE',  #2477 ) ;
#3285 = AXIS2_PLACEMENT_3D ( 'NONE', #2335, #2034, #2316 ) ;
#3286 = DIRECTION ( 'NONE',  ( 0.000000000000000000, 0.000000000000000000, -1.000000000000000000 ) ) ;
#3287 = CARTESIAN_POINT ( 'NONE',  ( 7.000000000000002665, 10.00000000000000000, 366.7157287525380411 ) ) ;
#3288 = EDGE_LOOP ( 'NONE', ( #162, #1939, #2630, #717 ) ) ;
#3289 = DIRECTION ( 'NONE',  ( 1.000000000000000000, -1.734723475976807341E-16, 0.000000000000000000 ) ) ;
#3290 = AXIS2_PLACEMENT_3D ( 'NONE', #333, #2542, #1447 ) ;
#3291 = DIRECTION ( 'NONE',  ( -0.000000000000000000, -0.000000000000000000, -1.000000000000000000 ) ) ;
#3292 = CIRCLE ( 'NONE', #749, 2.500000000000002220 ) ;
#3293 = EDGE_CURVE ( 'NONE', #1010, #536, #687, .T. ) ;
#3294 = EDGE_CURVE ( 'NONE', #1744, #3340, #1266, .T. ) ;
#3295 = CIRCLE ( 'NONE', #812, 5.199999999999982414 ) ;
#3296 = CARTESIAN_POINT ( 'NONE',  ( -1.597501047550178016E-14, 40.00000000000000000, 450.0000000000000000 ) ) ;
#3297 = VERTEX_POINT ( 'NONE', #938 ) ;
#3298 = AXIS2_PLACEMENT_3D ( 'NONE', #256, #1330, #2426 ) ;
#3299 = ORIENTED_EDGE ( 'NONE', *, *, #2446, .T. ) ;
#3300 = ORIENTED_EDGE ( 'NONE', *, *, #523, .T. ) ;
#3301 = DIRECTION ( 'NONE',  ( 0.000000000000000000, 0.000000000000000000, 1.000000000000000000 ) ) ;
#3302 = VERTEX_POINT ( 'NONE', #2594 ) ;
#3303 = DIRECTION ( 'NONE',  ( 8.673617379884020681E-16, -1.000000000000000000, 0.000000000000000000 ) ) ;
#3304 = CARTESIAN_POINT ( 'NONE',  ( 3.000000000000001776, -25.00000000000000000, 450.0000000000000000 ) ) ;
#3305 = LINE ( 'NONE', #3002, #2713 ) ;
#3306 = EDGE_CURVE ( 'NONE', #3550, #692, #2282, .T. ) ;
#3307 = ORIENTED_EDGE ( 'NONE', *, *, #100, .F. ) ;
#3308 = PLANE ( 'NONE',  #2024 ) ;
#3309 = DIRECTION ( 'NONE',  ( 1.000000000000000000, -0.000000000000000000, -0.000000000000000000 ) ) ;
#3310 = EDGE_CURVE ( 'NONE', #1877, #1179, #3371, .T. ) ;
#3311 = LINE ( 'NONE', #605, #441 ) ;
#3312 = ORIENTED_EDGE ( 'NONE', *, *, #1649, .F. ) ;
#3313 = VERTEX_POINT ( 'NONE', #307 ) ;
#3314 = LINE ( 'NONE', #3553, #3235 ) ;
#3315 = VERTEX_POINT ( 'NONE', #659 ) ;
#3316 = DIRECTION ( 'NONE',  ( -0.000000000000000000, -0.000000000000000000, -1.000000000000000000 ) ) ;
#3317 = DIRECTION ( 'NONE',  ( -1.000000000000000000, -8.673617379884035472E-16, 0.000000000000000000 ) ) ;
#3318 = DIRECTION ( 'NONE',  ( 0.000000000000000000, 0.000000000000000000, 1.000000000000000000 ) ) ;
#3319 = DIRECTION ( 'NONE',  ( 0.000000000000000000, 0.000000000000000000, -1.000000000000000000 ) ) ;
#3320 = ORIENTED_EDGE ( 'NONE', *, *, #1426, .F. ) ;
#3321 = LINE ( 'NONE', #1391, #1561 ) ;
#3322 = DIRECTION ( 'NONE',  ( -0.000000000000000000, -0.000000000000000000, 1.000000000000000000 ) ) ;
#3323 = DIRECTION ( 'NONE',  ( 0.000000000000000000, 1.000000000000000000, 0.000000000000000000 ) ) ;
#3324 = AXIS2_PLACEMENT_3D ( 'NONE', #2051, #179, #2100 ) ;
#3325 = CIRCLE ( 'NONE', #2926, 2.749999999999974687 ) ;
#3326 = ADVANCED_FACE ( 'NONE', ( #875 ), #41, .F. ) ;
#3327 = EDGE_CURVE ( 'NONE', #3439, #1363, #2058, .T. ) ;
#3328 = CARTESIAN_POINT ( 'NONE',  ( 10.00000000000000178, 20.00000000000000000, 450.0000000000000000 ) ) ;
#3329 = ORIENTED_EDGE ( 'NONE', *, *, #971, .T. ) ;
#3330 = CIRCLE ( 'NONE', #2696, 1.500000000000001332 ) ;
#3331 = AXIS2_PLACEMENT_3D ( 'NONE', #90, #1202, #381 ) ;
#3332 = CARTESIAN_POINT ( 'NONE',  ( 1.750000000000002442, -15.00000000000000533, 365.0000000000000000 ) ) ;
#3333 = ORIENTED_EDGE ( 'NONE', *, *, #345, .F. ) ;
#3334 = ADVANCED_FACE ( 'NONE', ( #366 ), #2194, .F. ) ;
#3335 = LINE ( 'NONE', #227, #1484 ) ;
#3336 = EDGE_CURVE ( 'NONE', #540, #2973, #1204, .T. ) ;
#3337 = CARTESIAN_POINT ( 'NONE',  ( 3.000000000000001776, -5.000000000000000888, -450.0000000000000000 ) ) ;
#3338 = LINE ( 'NONE', #3358, #691 ) ;
#3339 = CARTESIAN_POINT ( 'NONE',  ( 7.000000000000001776, 5.000000000000000888, -450.0000000000000000 ) ) ;
#3340 = VERTEX_POINT ( 'NONE', #327 ) ;
#3341 = CARTESIAN_POINT ( 'NONE',  ( -1.561251128379126385E-14, 25.00000000000000000, -411.5831239517771110 ) ) ;
#3342 = CARTESIAN_POINT ( 'NONE',  ( 1.750000000000002442, 14.99999999999999467, 425.0000000000000000 ) ) ;
#3343 = CONICAL_SURFACE ( 'NONE', #2474, 2.749999999999974687, 0.7853981633974490562 ) ;
#3344 = FACE_OUTER_BOUND ( 'NONE', #2421, .T. ) ;
#3345 = AXIS2_PLACEMENT_3D ( 'NONE', #2145, #222, #3480 ) ;
#3346 = DIRECTION ( 'NONE',  ( 0.000000000000000000, 0.000000000000000000, -1.000000000000000000 ) ) ;
#3347 = AXIS2_PLACEMENT_3D ( 'NONE', #1710, #1168, #3124 ) ;
#3348 = DIRECTION ( 'NONE',  ( -1.734723475976804136E-16, 1.000000000000000000, 0.000000000000000000 ) ) ;
#3349 = EDGE_LOOP ( 'NONE', ( #2354, #1390 ) ) ;
#3350 = AXIS2_PLACEMENT_3D ( 'NONE', #2377, #2343, #3204 ) ;
#3351 = EDGE_CURVE ( 'NONE', #3242, #3340, #1493, .T. ) ;
#3352 = AXIS2_PLACEMENT_3D ( 'NONE', #1513, #2608, #2885 ) ;
#3353 = DIRECTION ( 'NONE',  ( -1.734723475976807341E-16, 1.000000000000000000, 0.000000000000000000 ) ) ;
#3354 = ORIENTED_EDGE ( 'NONE', *, *, #1606, .F. ) ;
#3355 = EDGE_CURVE ( 'NONE', #418, #2981, #953, .T. ) ;
#3356 = DIRECTION ( 'NONE',  ( 1.734723475976807341E-16, 1.000000000000000000, 0.000000000000000000 ) ) ;
#3357 = CARTESIAN_POINT ( 'NONE',  ( -1.647987302177966740E-14, -15.00000000000000533, -363.5000000000000000 ) ) ;
#3358 = CARTESIAN_POINT ( 'NONE',  ( 7.499999999999998224, 32.50000000000000000, -430.0000000000000000 ) ) ;
#3359 = CARTESIAN_POINT ( 'NONE',  ( 3.000000000000001776, 14.99999999999999467, -365.0000000000000000 ) ) ;
#3360 = VERTEX_POINT ( 'NONE', #3357 ) ;
#3361 = DIRECTION ( 'NONE',  ( 0.000000000000000000, 0.000000000000000000, -1.000000000000000000 ) ) ;
#3362 = DIRECTION ( 'NONE',  ( 1.000000000000000000, -0.000000000000000000, -0.000000000000000000 ) ) ;
#3363 = LINE ( 'NONE', #592, #2578 ) ;
#3364 = LINE ( 'NONE', #238, #1432 ) ;
#3365 = CARTESIAN_POINT ( 'NONE',  ( 5.000000000000001776, 32.50000000000000000, -430.0000000000000000 ) ) ;
#3366 = EDGE_LOOP ( 'NONE', ( #378, #1883, #543, #3154 ) ) ;
#3367 = DIRECTION ( 'NONE',  ( 1.000000000000000000, -0.000000000000000000, -0.000000000000000000 ) ) ;
#3368 = VERTEX_POINT ( 'NONE', #1439 ) ;
#3369 = DIRECTION ( 'NONE',  ( 1.000000000000000000, -0.000000000000000000, -0.000000000000000000 ) ) ;
#3370 = ORIENTED_EDGE ( 'NONE', *, *, #3216, .T. ) ;
#3371 = LINE ( 'NONE', #76, #513 ) ;
#3372 = DIRECTION ( 'NONE',  ( 1.000000000000000000, -0.000000000000000000, -0.000000000000000000 ) ) ;
#3373 = CARTESIAN_POINT ( 'NONE',  ( -1.647987302177966740E-14, 14.99999999999999467, -426.5000000000000000 ) ) ;
#3374 = VERTEX_POINT ( 'NONE', #3339 ) ;
#3375 = CARTESIAN_POINT ( 'NONE',  ( 3.000000000000001776, -25.00000000000000000, 450.0000000000000000 ) ) ;
#3376 = EDGE_CURVE ( 'NONE', #1326, #540, #2728, .T. ) ;
#3377 = CARTESIAN_POINT ( 'NONE',  ( 3.000000000000001776, 14.99999999999999467, -425.0000000000000000 ) ) ;
#3378 = CARTESIAN_POINT ( 'NONE',  ( 10.00000000000000178, -20.00000000000000000, 450.0000000000000000 ) ) ;
#3379 = EDGE_CURVE ( 'NONE', #1931, #1605, #3305, .T. ) ;
#3380 = FACE_OUTER_BOUND ( 'NONE', #1167, .T. ) ;
#3381 = EDGE_CURVE ( 'NONE', #3181, #761, #1152, .T. ) ;
#3382 = EDGE_LOOP ( 'NONE', ( #2956, #3300, #2262, #1485 ) ) ;
#3383 = DIRECTION ( 'NONE',  ( -1.000000000000000000, 0.000000000000000000, 0.000000000000000000 ) ) ;
#3384 = ORIENTED_EDGE ( 'NONE', *, *, #1653, .T. ) ;
#3385 = CIRCLE ( 'NONE', #2182, 30.00000000000004974 ) ;
#3386 = PLANE ( 'NONE',  #2839 ) ;
#3387 = ORIENTED_EDGE ( 'NONE', *, *, #2503, .T. ) ;
#3388 = CARTESIAN_POINT ( 'NONE',  ( 3.000000000000001776, 25.00000000000000000, 450.0000000000000000 ) ) ;
#3389 = EDGE_LOOP ( 'NONE', ( #2422, #456, #571, #1263 ) ) ;
#3390 = CARTESIAN_POINT ( 'NONE',  ( 7.000000000000002665, -10.00000000000000000, 423.2842712474619589 ) ) ;
#3391 = LINE ( 'NONE', #914, #1038 ) ;
#3392 = CARTESIAN_POINT ( 'NONE',  ( 3.000000000000001776, 5.000000000000000888, -365.4196010845018918 ) ) ;
#3393 = AXIS2_PLACEMENT_3D ( 'NONE', #2265, #1166, #3082 ) ;
#3394 = EDGE_LOOP ( 'NONE', ( #777, #3200, #3436, #1031 ) ) ;
#3395 = DIRECTION ( 'NONE',  ( 1.000000000000000000, -0.000000000000000000, -0.000000000000000000 ) ) ;
#3396 = VECTOR ( 'NONE', #2883, 1000.000000000000000 ) ;
#3397 = CARTESIAN_POINT ( 'NONE',  ( 7.000000000000001776, -5.000000000000000888, 450.0000000000000000 ) ) ;
#3398 = DIRECTION ( 'NONE',  ( 0.000000000000000000, -0.000000000000000000, 1.000000000000000000 ) ) ;
#3399 = LINE ( 'NONE', #922, #1424 ) ;
#3400 = CARTESIAN_POINT ( 'NONE',  ( 2.500000000000005773, 32.50000000000000000, 430.0000000000000000 ) ) ;
#3401 = VECTOR ( 'NONE', #701, 1000.000000000000000 ) ;
#3402 = AXIS2_PLACEMENT_3D ( 'NONE', #1593, #1823, #1406 ) ;
#3403 = VERTEX_POINT ( 'NONE', #1680 ) ;
#3404 = DIRECTION ( 'NONE',  ( 0.000000000000000000, 0.000000000000000000, -1.000000000000000000 ) ) ;
#3405 = VECTOR ( 'NONE', #1151, 1000.000000000000000 ) ;
#3406 = CARTESIAN_POINT ( 'NONE',  ( 10.00000000000000711, 0.000000000000000000, 350.0000000000000000 ) ) ;
#3407 = EDGE_LOOP ( 'NONE', ( #1824, #83, #760, #3040, #773 ) ) ;
#3408 = AXIS2_PLACEMENT_3D ( 'NONE', #2389, #767, #3496 ) ;
#3409 = PLANE ( 'NONE',  #2177 ) ;
#3410 = ORIENTED_EDGE ( 'NONE', *, *, #2392, .F. ) ;
#3411 = DIRECTION ( 'NONE',  ( -1.734723475976806848E-16, -1.000000000000000000, -0.000000000000000000 ) ) ;
#3412 = CARTESIAN_POINT ( 'NONE',  ( 3.000000000000001776, 5.000000000000000888, 450.0000000000000000 ) ) ;
#3413 = CARTESIAN_POINT ( 'NONE',  ( 3.000000000000001776, 14.99999999999999467, -427.7499999999999432 ) ) ;
#3414 = VECTOR ( 'NONE', #2842, 1000.000000000000000 ) ;
#3415 = CARTESIAN_POINT ( 'NONE',  ( 7.000000000000001776, 25.00000000000000000, 450.0000000000000000 ) ) ;
#3416 = DIRECTION ( 'NONE',  ( -1.734723475976804136E-16, 1.000000000000000000, 0.000000000000000000 ) ) ;
#3417 = EDGE_CURVE ( 'NONE', #3368, #1378, #3008, .T. ) ;
#3418 = FACE_OUTER_BOUND ( 'NONE', #998, .T. ) ;
#3419 = FACE_BOUND ( 'NONE', #2670, .T. ) ;
#3420 = EDGE_CURVE ( 'NONE', #2919, #3028, #3022, .T. ) ;
#3421 = DIRECTION ( 'NONE',  ( -0.000000000000000000, -0.000000000000000000, 1.000000000000000000 ) ) ;
#3422 = VERTEX_POINT ( 'NONE', #223 ) ;
#3423 = DIRECTION ( 'NONE',  ( 0.7071067811865470176, 0.000000000000000000, -0.7071067811865481278 ) ) ;
#3424 = EDGE_CURVE ( 'NONE', #2753, #1303, #551, .T. ) ;
#3425 = FACE_OUTER_BOUND ( 'NONE', #3014, .T. ) ;
#3426 = ORIENTED_EDGE ( 'NONE', *, *, #2073, .F. ) ;
#3427 = LINE ( 'NONE', #406, #1256 ) ;
#3428 = VERTEX_POINT ( 'NONE', #2162 ) ;
#3429 = DIRECTION ( 'NONE',  ( 0.7071067811865470176, 0.000000000000000000, -0.7071067811865481278 ) ) ;
#3430 = CARTESIAN_POINT ( 'NONE',  ( -1.647987302177966740E-14, -15.00000000000000533, 366.5000000000000000 ) ) ;
#3431 = LINE ( 'NONE', #3375, #1509 ) ;
#3432 = DIRECTION ( 'NONE',  ( 1.000000000000000000, -0.000000000000000000, -0.000000000000000000 ) ) ;
#3433 = DIRECTION ( 'NONE',  ( -0.000000000000000000, -0.000000000000000000, -1.000000000000000000 ) ) ;
#3434 = CARTESIAN_POINT ( 'NONE',  ( -1.647987302177966740E-14, 14.99999999999999467, 423.5000000000000000 ) ) ;
#3435 = CARTESIAN_POINT ( 'NONE',  ( 7.300000000000005151, 0.000000000000000000, 350.0000000000000000 ) ) ;
#3436 = ORIENTED_EDGE ( 'NONE', *, *, #170, .T. ) ;
#3437 = FACE_OUTER_BOUND ( 'NONE', #5, .T. ) ;
#3438 = EDGE_CURVE ( 'NONE', #3283, #2458, #3034, .T. ) ;
#3439 = VERTEX_POINT ( 'NONE', #2468 ) ;
#3440 = ORIENTED_EDGE ( 'NONE', *, *, #1943, .F. ) ;
#3441 = FACE_OUTER_BOUND ( 'NONE', #1217, .T. ) ;
#3442 = ADVANCED_FACE ( 'NONE', ( #2761 ), #3262, .F. ) ;
#3443 = VECTOR ( 'NONE', #539, 1000.000000000000000 ) ;
#3444 = DIRECTION ( 'NONE',  ( 1.000000000000000000, -0.000000000000000000, -0.000000000000000000 ) ) ;
#3445 = LINE ( 'NONE', #2860, #1671 ) ;
#3446 = FACE_OUTER_BOUND ( 'NONE', #1361, .T. ) ;
#3447 = AXIS2_PLACEMENT_3D ( 'NONE', #51, #1668, #2825 ) ;
#3448 = DIRECTION ( 'NONE',  ( 0.000000000000000000, 0.000000000000000000, -1.000000000000000000 ) ) ;
#3449 = CARTESIAN_POINT ( 'NONE',  ( 5.000000000000001776, 32.50000000000000000, -430.0000000000000000 ) ) ;
#3450 = ORIENTED_EDGE ( 'NONE', *, *, #2206, .T. ) ;
#3451 = DIRECTION ( 'NONE',  ( 1.000000000000000000, -0.000000000000000000, -0.000000000000000000 ) ) ;
#3452 = VECTOR ( 'NONE', #1870, 1000.000000000000000 ) ;
#3453 = VERTEX_POINT ( 'NONE', #2486 ) ;
#3454 = EDGE_CURVE ( 'NONE', #1336, #2719, #1403, .T. ) ;
#3455 = AXIS2_PLACEMENT_3D ( 'NONE', #2924, #2292, #172 ) ;
#3456 = ORIENTED_EDGE ( 'NONE', *, *, #2029, .F. ) ;
#3457 = ORIENTED_EDGE ( 'NONE', *, *, #2552, .T. ) ;
#3458 = ORIENTED_EDGE ( 'NONE', *, *, #3381, .T. ) ;
#3459 = CARTESIAN_POINT ( 'NONE',  ( 7.300000000000005151, 3.061616997868377225E-16, 352.5000000000000000 ) ) ;
#3460 = AXIS2_PLACEMENT_3D ( 'NONE', #1917, #1932, #1103 ) ;
#3461 = EDGE_CURVE ( 'NONE', #3250, #3494, #2007, .T. ) ;
#3462 = VECTOR ( 'NONE', #296, 1000.000000000000000 ) ;
#3463 = AXIS2_PLACEMENT_3D ( 'NONE', #2219, #2488, #1420 ) ;
#3464 = EDGE_CURVE ( 'NONE', #1868, #3508, #2755, .T. ) ;
#3465 = LINE ( 'NONE', #1804, #632 ) ;
#3466 = AXIS2_PLACEMENT_3D ( 'NONE', #2443, #1398, #3047 ) ;
#3467 = DIRECTION ( 'NONE',  ( 0.000000000000000000, 1.000000000000000000, 0.000000000000000000 ) ) ;
#3468 = ADVANCED_FACE ( 'NONE', ( #1895 ), #3499, .F. ) ;
#3469 = CARTESIAN_POINT ( 'NONE',  ( -1.561251128379126385E-14, 0.000000000000000000, -425.0000000000000568 ) ) ;
#3470 = CARTESIAN_POINT ( 'NONE',  ( 10.00000000000000533, 0.000000000000000000, -395.0000000000000000 ) ) ;
#3471 = DIRECTION ( 'NONE',  ( -1.000000000000000000, 0.000000000000000000, 0.000000000000000000 ) ) ;
#3472 = EDGE_LOOP ( 'NONE', ( #128, #990, #2168, #2159 ) ) ;
#3473 = CARTESIAN_POINT ( 'NONE',  ( 10.00000000000000533, 0.000000000000000000, 395.0000000000000000 ) ) ;
#3474 = VERTEX_POINT ( 'NONE', #1114 ) ;
#3475 = ORIENTED_EDGE ( 'NONE', *, *, #3420, .F. ) ;
#3476 = ORIENTED_EDGE ( 'NONE', *, *, #3438, .F. ) ;
#3477 = VERTEX_POINT ( 'NONE', #24 ) ;
#3478 = CARTESIAN_POINT ( 'NONE',  ( 6.999999999999997335, 0.000000000000000000, 395.0000000000000000 ) ) ;
#3479 = DIRECTION ( 'NONE',  ( -1.734723475976804136E-16, 1.000000000000000000, 0.000000000000000000 ) ) ;
#3480 = DIRECTION ( 'NONE',  ( 8.673617379884020681E-16, -1.000000000000000000, 0.000000000000000000 ) ) ;
#3481 = EDGE_CURVE ( 'NONE', #1796, #253, #2217, .T. ) ;
#3482 = DIRECTION ( 'NONE',  ( 0.000000000000000000, 1.000000000000000000, -0.000000000000000000 ) ) ;
#3483 = CARTESIAN_POINT ( 'NONE',  ( 7.000000000000000888, -20.00000000000000000, 450.0000000000000000 ) ) ;
#3484 = LINE ( 'NONE', #1898, #1669 ) ;
#3485 = ADVANCED_FACE ( 'NONE', ( #515 ), #569, .F. ) ;
#3486 = EDGE_LOOP ( 'NONE', ( #1344, #707 ) ) ;
#3487 = EDGE_CURVE ( 'NONE', #225, #1045, #1602, .T. ) ;
#3488 = EDGE_CURVE ( 'NONE', #1349, #2509, #3072, .T. ) ;
#3489 = DIRECTION ( 'NONE',  ( 1.000000000000000000, 0.000000000000000000, 0.000000000000000000 ) ) ;
#3490 = VERTEX_POINT ( 'NONE', #3287 ) ;
#3491 = ORIENTED_EDGE ( 'NONE', *, *, #1057, .F. ) ;
#3492 = APPLICATION_CONTEXT ( 'automotive_design' ) ;
#3493 = ORIENTED_EDGE ( 'NONE', *, *, #1943, .T. ) ;
#3494 = VERTEX_POINT ( 'NONE', #811 ) ;
#3495 = CARTESIAN_POINT ( 'NONE',  ( 3.000000000000001776, 14.99999999999999467, 422.2500000000000000 ) ) ;
#3496 = DIRECTION ( 'NONE',  ( 0.000000000000000000, 0.000000000000000000, -1.000000000000000000 ) ) ;
#3497 =( LENGTH_UNIT ( ) NAMED_UNIT ( * ) SI_UNIT ( .MILLI., .METRE. ) );
#3498 = CIRCLE ( 'NONE', #2513, 2.749999999999974687 ) ;
#3499 = CONICAL_SURFACE ( 'NONE', #789, 2.749999999999974687, 0.7853981633974490562 ) ;
#3500 = EDGE_LOOP ( 'NONE', ( #1628, #2814, #2869, #2264, #178, #318, #2952, #1249, #1100, #2223, #2624, #745, #3510, #218, #1817, #2912, #2387, #1177, #862, #2867 ) ) ;
#3501 = DIRECTION ( 'NONE',  ( -0.000000000000000000, -0.000000000000000000, -1.000000000000000000 ) ) ;
#3502 = CARTESIAN_POINT ( 'NONE',  ( 7.000000000000001776, -5.000000000000000888, -450.0000000000000000 ) ) ;
#3503 = CIRCLE ( 'NONE', #379, 2.499999999999990230 ) ;
#3504 = CIRCLE ( 'NONE', #89, 2.749999999999974687 ) ;
#3505 = DIRECTION ( 'NONE',  ( 0.000000000000000000, 0.000000000000000000, -1.000000000000000000 ) ) ;
#3506 = AXIS2_PLACEMENT_3D ( 'NONE', #1930, #1354, #3319 ) ;
#3507 = AXIS2_PLACEMENT_3D ( 'NONE', #2222, #1470, #1958 ) ;
#3508 = VERTEX_POINT ( 'NONE', #1914 ) ;
#3509 = CYLINDRICAL_SURFACE ( 'NONE', #2345, 2.499999999999992895 ) ;
#3510 = ORIENTED_EDGE ( 'NONE', *, *, #1350, .F. ) ;
#3511 = ORIENTED_EDGE ( 'NONE', *, *, #2824, .F. ) ;
#3512 = ORIENTED_EDGE ( 'NONE', *, *, #3464, .T. ) ;
#3513 = VERTEX_POINT ( 'NONE', #3413 ) ;
#3514 = LINE ( 'NONE', #1255, #1374 ) ;
#3515 = AXIS2_PLACEMENT_3D ( 'NONE', #3561, #1956, #538 ) ;
#3516 = CARTESIAN_POINT ( 'NONE',  ( -1.647987302177966740E-14, 14.99999999999999467, 363.5000000000000000 ) ) ;
#3517 = VECTOR ( 'NONE', #2042, 1000.000000000000000 ) ;
#3518 = VECTOR ( 'NONE', #2556, 1000.000000000000000 ) ;
#3519 = ORIENTED_EDGE ( 'NONE', *, *, #523, .F. ) ;
#3520 = CARTESIAN_POINT ( 'NONE',  ( 10.00000000000000533, 0.000000000000000000, -425.0000000000000568 ) ) ;
#3521 = CARTESIAN_POINT ( 'NONE',  ( 3.000000000000001776, -15.00000000000000533, -425.0000000000000000 ) ) ;
#3522 = AXIS2_PLACEMENT_3D ( 'NONE', #2598, #895, #2005 ) ;
#3523 = LINE ( 'NONE', #1066, #216 ) ;
#3524 = EDGE_CURVE ( 'NONE', #1022, #2621, #678, .T. ) ;
#3525 = VECTOR ( 'NONE', #1229, 1000.000000000000000 ) ;
#3526 = EDGE_LOOP ( 'NONE', ( #214, #2164, #1239, #2436 ) ) ;
#3527 = EDGE_CURVE ( 'NONE', #1201, #1911, #2838, .T. ) ;
#3528 = PLANE ( 'NONE',  #2574 ) ;
#3529 = ORIENTED_EDGE ( 'NONE', *, *, #1189, .T. ) ;
#3530 = EDGE_LOOP ( 'NONE', ( #3493, #1542, #1855, #2102 ) ) ;
#3531 = EDGE_CURVE ( 'NONE', #1304, #3250, #954, .T. ) ;
#3532 = ORIENTED_EDGE ( 'NONE', *, *, #591, .F. ) ;
#3533 = VERTEX_POINT ( 'NONE', #3392 ) ;
#3534 = DIRECTION ( 'NONE',  ( 1.000000000000000000, -0.000000000000000000, -0.000000000000000000 ) ) ;
#3535 = EDGE_CURVE ( 'NONE', #2640, #3167, #1442, .T. ) ;
#3536 = CARTESIAN_POINT ( 'NONE',  ( 10.00000000000000178, -20.00000000000000000, 450.0000000000000000 ) ) ;
#3537 = VERTEX_POINT ( 'NONE', #3373 ) ;
#3538 = EDGE_CURVE ( 'NONE', #3315, #1022, #620, .T. ) ;
#3539 = DIRECTION ( 'NONE',  ( 0.000000000000000000, -0.000000000000000000, -1.000000000000000000 ) ) ;
#3540 = DIRECTION ( 'NONE',  ( 1.000000000000000000, -0.000000000000000000, -0.000000000000000000 ) ) ;
#3541 = CARTESIAN_POINT ( 'NONE',  ( 3.000000000000001776, 14.99999999999999467, -366.5000000000000000 ) ) ;
#3542 = EDGE_LOOP ( 'NONE', ( #454, #55 ) ) ;
#3543 = ORIENTED_EDGE ( 'NONE', *, *, #2830, .F. ) ;
#3544 = LINE ( 'NONE', #2165, #3269 ) ;
#3545 = CARTESIAN_POINT ( 'NONE',  ( 7.499999999999994671, -32.50000000000000000, -450.0000000000000000 ) ) ;
#3546 = CARTESIAN_POINT ( 'NONE',  ( 3.000000000000001776, 14.99999999999999467, 425.0000000000000000 ) ) ;
#3547 = PLANE ( 'NONE',  #1194 ) ;
#3548 = ORIENTED_EDGE ( 'NONE', *, *, #3424, .F. ) ;
#3549 = ORIENTED_EDGE ( 'NONE', *, *, #896, .F. ) ;
#3550 = VERTEX_POINT ( 'NONE', #3141 ) ;
#3551 = ORIENTED_EDGE ( 'NONE', *, *, #2959, .T. ) ;
#3552 = DIRECTION ( 'NONE',  ( -0.000000000000000000, -0.000000000000000000, -1.000000000000000000 ) ) ;
#3553 = CARTESIAN_POINT ( 'NONE',  ( 10.00000000000000533, 10.00000000000000000, 450.0000000000000000 ) ) ;
#3554 = ORIENTED_EDGE ( 'NONE', *, *, #1915, .T. ) ;
#3555 = CARTESIAN_POINT ( 'NONE',  ( -1.647987302177966740E-14, -15.00000000000000533, -425.0000000000000000 ) ) ;
#3556 = ADVANCED_FACE ( 'NONE', ( #893 ), #1149, .F. ) ;
#3557 = FILL_AREA_STYLE ('',( #3021 ) ) ;
#3558 = DIRECTION ( 'NONE',  ( 1.000000000000000000, 0.000000000000000000, -0.000000000000000000 ) ) ;
#3559 = VERTEX_POINT ( 'NONE', #385 ) ;
#3560 = DIRECTION ( 'NONE',  ( -0.000000000000000000, -0.000000000000000000, -1.000000000000000000 ) ) ;
#3561 = CARTESIAN_POINT ( 'NONE',  ( -1.647987302177966740E-14, 14.99999999999999467, -425.0000000000000000 ) ) ;
#3562 = VECTOR ( 'NONE', #2733, 1000.000000000000000 ) ;
#3563 = LINE ( 'NONE', #3296, #3042 ) ;
#3564 = VECTOR ( 'NONE', #2572, 1000.000000000000000 ) ;
#3565 = ORIENTED_EDGE ( 'NONE', *, *, #2546, .T. ) ;
#3566 = AXIS2_PLACEMENT_3D ( 'NONE', #74, #2247, #1182 ) ;
#3567 = ORIENTED_EDGE ( 'NONE', *, *, #1465, .F. ) ;
#3568 = AXIS2_PLACEMENT_3D ( 'NONE', #2865, #2587, #108 ) ;
#3569 = ORIENTED_EDGE ( 'NONE', *, *, #2577, .T. ) ;
#3570 = EDGE_CURVE ( 'NONE', #1179, #3374, #1496, .T. ) ;
#3571 = CARTESIAN_POINT ( 'NONE',  ( 7.000000000000001776, 5.000000000000000888, 450.0000000000000000 ) ) ;
#3572 = ORIENTED_EDGE ( 'NONE', *, *, #2527, .T. ) ;
#3573 = PRODUCT_RELATED_PRODUCT_CATEGORY ( 'part', '', ( #2448 ) ) ;
#3574 = LINE ( 'NONE', #1629, #920 ) ;
#3575 = DIRECTION ( 'NONE',  ( 0.000000000000000000, 1.000000000000000000, -0.000000000000000000 ) ) ;
#3576 = DIRECTION ( 'NONE',  ( -0.000000000000000000, -0.000000000000000000, -1.000000000000000000 ) ) ;
#3577 = ORIENTED_EDGE ( 'NONE', *, *, #2580, .F. ) ;
#3578 = EDGE_CURVE ( 'NONE', #3183, #675, #2402, .T. ) ;
#3579 = AXIS2_PLACEMENT_3D ( 'NONE', #1353, #1858, #2183 ) ;
#3580 = ORIENTED_EDGE ( 'NONE', *, *, #926, .T. ) ;
#3581 = CARTESIAN_POINT ( 'NONE',  ( 1.750000000000002442, 14.99999999999999467, 363.5000000000000000 ) ) ;
#3582 = CIRCLE ( 'NONE', #2530, 1.500000000000001332 ) ;
#3583 = DIRECTION ( 'NONE',  ( 1.000000000000000000, -0.000000000000000000, -0.000000000000000000 ) ) ;
#3584 = VECTOR ( 'NONE', #831, 1000.000000000000000 ) ;
#3585 = ADVANCED_FACE ( 'NONE', ( #43 ), #2694, .F. ) ;
#3586 = AXIS2_PLACEMENT_3D ( 'NONE', #185, #2961, #2409 ) ;
#3587 = DIRECTION ( 'NONE',  ( 1.000000000000000000, -0.000000000000000000, -0.000000000000000000 ) ) ;
ENDSEC;
END-ISO-10303-21;
