ISO-10303-21;
HEADER;
FILE_DESCRIPTION (( 'STEP AP214' ),
    '1' );
FILE_NAME ('SLD_ASSEM.STEP',
    '2025-07-15T13:06:52',
    ( '' ),
    ( '' ),
    'SwSTEP 2.0',
    'SolidWorks 2023',
    '' );
FILE_SCHEMA (( 'AUTOMOTIVE_DESIGN' ));
ENDSEC;

DATA;
#1 = CIRCLE ( 'NONE', #2498, 2.499999999999995115 ) ;
#2 = CARTESIAN_POINT ( 'NONE',  ( 11.00000000000000355, -17.50000000000000000, -67.50000000000000000 ) ) ;
#3 = CARTESIAN_POINT ( 'NONE',  ( 7.500000000000001776, -10.50000000000000533, 30.00000000000000000 ) ) ;
#4 = ORIENTED_EDGE ( 'NONE', *, *, #3398, .T. ) ;
#5 = DIRECTION ( 'NONE',  ( -0.000000000000000000, -0.000000000000000000, 1.000000000000000000 ) ) ;
#6 = CARTESIAN_POINT ( 'NONE',  ( -7.500000000000001776, 32.50000000000000000, 59.50000000000000711 ) ) ;
#7 = ORIENTED_EDGE ( 'NONE', *, *, #873, .F. ) ;
#8 = DIRECTION ( 'NONE',  ( -0.8571673007021118895, 0.000000000000000000, -0.5150380749100549327 ) ) ;
#9 = DIRECTION ( 'NONE',  ( 0.000000000000000000, -0.000000000000000000, 1.000000000000000000 ) ) ;
#10 = CYLINDRICAL_SURFACE ( 'NONE', #2060, 4.875000000000000000 ) ;
#11 = ORIENTED_EDGE ( 'NONE', *, *, #4771, .F. ) ;
#12 = LINE ( 'NONE', #74, #1443 ) ;
#13 = ORIENTED_EDGE ( 'NONE', *, *, #5621, .T. ) ;
#14 = VERTEX_POINT ( 'NONE', #3113 ) ;
#15 = DIRECTION ( 'NONE',  ( -1.000000000000000000, -0.000000000000000000, -0.000000000000000000 ) ) ;
#16 = ADVANCED_FACE ( 'NONE', ( #2593 ), #4823, .F. ) ;
#17 = DIRECTION ( 'NONE',  ( -1.000000000000000000, -0.000000000000000000, -0.000000000000000000 ) ) ;
#18 = CARTESIAN_POINT ( 'NONE',  ( 6.049999999999999822, 11.05000000000000071, 0.000000000000000000 ) ) ;
#19 = CARTESIAN_POINT ( 'NONE',  ( -15.50000000000000178, -20.50000000000000355, 30.00000000000000000 ) ) ;
#20 = EDGE_LOOP ( 'NONE', ( #6074, #566, #6268, #3759 ) ) ;
#21 = DIRECTION ( 'NONE',  ( 0.000000000000000000, 0.000000000000000000, -1.000000000000000000 ) ) ;
#22 = ORIENTED_EDGE ( 'NONE', *, *, #919, .T. ) ;
#23 = EDGE_CURVE ( 'NONE', #1054, #2355, #122, .T. ) ;
#24 = EDGE_CURVE ( 'NONE', #1189, #5172, #912, .T. ) ;
#25 = FACE_OUTER_BOUND ( 'NONE', #3234, .T. ) ;
#26 = EDGE_LOOP ( 'NONE', ( #6376, #2426, #2701, #466 ) ) ;
#27 = DIRECTION ( 'NONE',  ( -1.000000000000000000, 0.000000000000000000, 0.000000000000000000 ) ) ;
#28 = ADVANCED_FACE ( 'NONE', ( #722 ), #4139, .T. ) ;
#29 = ADVANCED_FACE ( 'NONE', ( #819, #5189, #2784, #684, #1293, #6217 ), #1232, .F. ) ;
#30 = DIRECTION ( 'NONE',  ( -2.775557561562891351E-17, 0.000000000000000000, -1.000000000000000000 ) ) ;
#31 = PRESENTATION_STYLE_ASSIGNMENT (( #4990 ) ) ;
#32 = ORIENTED_EDGE ( 'NONE', *, *, #3788, .T. ) ;
#33 = CARTESIAN_POINT ( 'NONE',  ( -15.00000000000000000, 32.50000000000000000, -64.99999999999998579 ) ) ;
#34 = VECTOR ( 'NONE', #3029, 1000.000000000000000 ) ;
#35 = DIRECTION ( 'NONE',  ( -0.000000000000000000, -0.000000000000000000, -1.000000000000000000 ) ) ;
#36 = ORIENTED_EDGE ( 'NONE', *, *, #4135, .T. ) ;
#37 = DIRECTION ( 'NONE',  ( 0.8571673007021118895, 0.000000000000000000, 0.5150380749100549327 ) ) ;
#38 = FACE_OUTER_BOUND ( 'NONE', #5842, .T. ) ;
#39 = DIRECTION ( 'NONE',  ( -1.000000000000000000, 0.000000000000000000, 0.000000000000000000 ) ) ;
#40 = ORIENTED_EDGE ( 'NONE', *, *, #2621, .F. ) ;
#41 = FACE_OUTER_BOUND ( 'NONE', #903, .T. ) ;
#42 = ORIENTED_EDGE ( 'NONE', *, *, #3197, .T. ) ;
#43 = ORIENTED_EDGE ( 'NONE', *, *, #193, .F. ) ;
#44 = DIRECTION ( 'NONE',  ( 1.000000000000000000, 0.000000000000000000, 0.000000000000000000 ) ) ;
#45 = LINE ( 'NONE', #577, #3809 ) ;
#46 = LINE ( 'NONE', #3037, #5149 ) ;
#47 = CYLINDRICAL_SURFACE ( 'NONE', #3690, 1.000000000000000888 ) ;
#48 = VERTEX_POINT ( 'NONE', #4174 ) ;
#49 = CYLINDRICAL_SURFACE ( 'NONE', #3201, 1.000000000000000888 ) ;
#50 = ORIENTED_EDGE ( 'NONE', *, *, #3703, .F. ) ;
#51 = ORIENTED_EDGE ( 'NONE', *, *, #2416, .T. ) ;
#52 = ADVANCED_FACE ( 'NONE', ( #4202 ), #2651, .T. ) ;
#53 = LINE ( 'NONE', #4075, #1509 ) ;
#54 = MECHANICAL_DESIGN_GEOMETRIC_PRESENTATION_REPRESENTATION (  '', ( #3174 ), #384 ) ;
#55 = CIRCLE ( 'NONE', #2963, 0.9999999999999991118 ) ;
#56 = AXIS2_PLACEMENT_3D ( 'NONE', #2320, #4700, #6287 ) ;
#57 = DIRECTION ( 'NONE',  ( 0.000000000000000000, 0.000000000000000000, -1.000000000000000000 ) ) ;
#58 = ORIENTED_EDGE ( 'NONE', *, *, #2852, .T. ) ;
#59 = ADVANCED_FACE ( 'NONE', ( #3169 ), #2149, .T. ) ;
#60 = VECTOR ( 'NONE', #6371, 1000.000000000000000 ) ;
#61 = EDGE_CURVE ( 'NONE', #3542, #4199, #3621, .T. ) ;
#62 = AXIS2_PLACEMENT_3D ( 'NONE', #5782, #1339, #5197 ) ;
#63 = ORIENTED_EDGE ( 'NONE', *, *, #3003, .T. ) ;
#64 = FACE_OUTER_BOUND ( 'NONE', #2822, .T. ) ;
#65 = FACE_OUTER_BOUND ( 'NONE', #2373, .T. ) ;
#66 = VECTOR ( 'NONE', #2400, 1000.000000000000000 ) ;
#67 = VECTOR ( 'NONE', #523, 999.9999999999998863 ) ;
#68 = ORIENTED_EDGE ( 'NONE', *, *, #1980, .T. ) ;
#69 = CARTESIAN_POINT ( 'NONE',  ( -17.50000000000000000, 20.49999999999999289, 33.99999999999999289 ) ) ;
#70 = DIRECTION ( 'NONE',  ( -0.000000000000000000, -0.000000000000000000, 1.000000000000000000 ) ) ;
#71 = EDGE_CURVE ( 'NONE', #2009, #5895, #329, .T. ) ;
#72 = CARTESIAN_POINT ( 'NONE',  ( -9.500000000000001776, 32.50000000000000000, 57.50000000000000000 ) ) ;
#73 = VERTEX_POINT ( 'NONE', #191 ) ;
#74 = CARTESIAN_POINT ( 'NONE',  ( -14.99999999999998401, 32.50000000000000000, 60.00000000000000711 ) ) ;
#75 = VECTOR ( 'NONE', #2843, 1000.000000000000000 ) ;
#76 = EDGE_LOOP ( 'NONE', ( #2743, #2139, #732, #4502 ) ) ;
#77 = DIRECTION ( 'NONE',  ( -0.000000000000000000, -0.000000000000000000, 1.000000000000000000 ) ) ;
#78 = ORIENTED_EDGE ( 'NONE', *, *, #920, .T. ) ;
#79 = CARTESIAN_POINT ( 'NONE',  ( -11.00000000000000000, 17.50000000000000000, -67.50000000000000000 ) ) ;
#80 = VECTOR ( 'NONE', #1669, 1000.000000000000000 ) ;
#81 = DIRECTION ( 'NONE',  ( -0.000000000000000000, -0.000000000000000000, 1.000000000000000000 ) ) ;
#82 = DIRECTION ( 'NONE',  ( 0.8571673007021132218, 0.000000000000000000, 0.5150380749100526012 ) ) ;
#83 = ORIENTED_EDGE ( 'NONE', *, *, #3123, .F. ) ;
#84 = CARTESIAN_POINT ( 'NONE',  ( 0.000000000000000000, 0.000000000000000000, 30.00000000000000000 ) ) ;
#85 = AXIS2_PLACEMENT_3D ( 'NONE', #2281, #4246, #5192 ) ;
#86 = ORIENTED_EDGE ( 'NONE', *, *, #5457, .F. ) ;
#87 = AXIS2_PLACEMENT_3D ( 'NONE', #1220, #3158, #3608 ) ;
#88 = CYLINDRICAL_SURFACE ( 'NONE', #3385, 1.000000000000000000 ) ;
#89 = ORIENTED_EDGE ( 'NONE', *, *, #5138, .T. ) ;
#90 = AXIS2_PLACEMENT_3D ( 'NONE', #5919, #2512, #2956 ) ;
#91 = CARTESIAN_POINT ( 'NONE',  ( -2.499999999999995115, 0.000000000000000000, -345.0000000000000000 ) ) ;
#92 = ORIENTED_EDGE ( 'NONE', *, *, #1856, .T. ) ;
#93 = CARTESIAN_POINT ( 'NONE',  ( 4.999999999999999112, 10.00000000000000178, 345.0000000000000000 ) ) ;
#94 = ADVANCED_FACE ( 'NONE', ( #3261 ), #5347, .F. ) ;
#95 = ITEM_DEFINED_TRANSFORMATION ( 'NONE', 'NONE', #3236,  #1582 ) ;
#96 = DIRECTION ( 'NONE',  ( 1.000000000000000000, 0.000000000000000000, 0.000000000000000000 ) ) ;
#97 = AXIS2_PLACEMENT_3D ( 'NONE', #5029, #2578, #743 ) ;
#98 = ORIENTED_EDGE ( 'NONE', *, *, #3980, .T. ) ;
#99 = CARTESIAN_POINT ( 'NONE',  ( -5.000000000000000888, 10.00000000000000178, 345.0000000000000000 ) ) ;
#100 = FACE_OUTER_BOUND ( 'NONE', #1075, .T. ) ;
#101 = ADVANCED_FACE ( 'NONE', ( #1683 ), #5025, .F. ) ;
#102 = EDGE_CURVE ( 'NONE', #1309, #1879, #1010, .T. ) ;
#103 = DIRECTION ( 'NONE',  ( 0.000000000000000000, -0.5000000000000002220, 0.8660254037844384856 ) ) ;
#104 = DIRECTION ( 'NONE',  ( -1.000000000000000000, -0.000000000000000000, -0.000000000000000000 ) ) ;
#105 = LINE ( 'NONE', #72, #606 ) ;
#106 = ORIENTED_EDGE ( 'NONE', *, *, #2100, .T. ) ;
#107 = DIRECTION ( 'NONE',  ( 0.000000000000000000, -1.000000000000000000, 0.000000000000000000 ) ) ;
#108 = ORIENTED_EDGE ( 'NONE', *, *, #994, .F. ) ;
#109 = VERTEX_POINT ( 'NONE', #1750 ) ;
#110 = CARTESIAN_POINT ( 'NONE',  ( 1.899999999999999911, -0.8660254037844388186, 1.500000000000000222 ) ) ;
#111 = UNCERTAINTY_MEASURE_WITH_UNIT (LENGTH_MEASURE( 1.000000000000000082E-05 ), #564, 'distance_accuracy_value', 'NONE');
#112 = EDGE_CURVE ( 'NONE', #6230, #6149, #2458, .T. ) ;
#113 = DIRECTION ( 'NONE',  ( -1.000000000000000000, -0.000000000000000000, -0.000000000000000000 ) ) ;
#114 = CARTESIAN_POINT ( 'NONE',  ( -14.99999999999998401, 22.50000000000000000, 65.00000000000000000 ) ) ;
#115 = FACE_OUTER_BOUND ( 'NONE', #5076, .T. ) ;
#116 = ORIENTED_EDGE ( 'NONE', *, *, #6365, .F. ) ;
#117 = DIRECTION ( 'NONE',  ( 0.000000000000000000, 0.000000000000000000, -1.000000000000000000 ) ) ;
#118 = ORIENTED_EDGE ( 'NONE', *, *, #764, .T. ) ;
#119 = ORIENTED_EDGE ( 'NONE', *, *, #2190, .T. ) ;
#120 = PRODUCT_DEFINITION ( 'UNKNOWN', '', #6098, #1675 ) ;
#121 = PRESENTATION_STYLE_ASSIGNMENT (( #624 ) ) ;
#122 = LINE ( 'NONE', #2113, #1109 ) ;
#123 =( NAMED_UNIT ( * ) SI_UNIT ( $, .STERADIAN. ) SOLID_ANGLE_UNIT ( ) );
#124 = CARTESIAN_POINT ( 'NONE',  ( 4.999999999999999112, 8.673617379884034486E-16, 0.000000000000000000 ) ) ;
#125 = DIRECTION ( 'NONE',  ( -0.000000000000000000, 1.000000000000000000, -0.000000000000000000 ) ) ;
#126 =( REPRESENTATION_RELATIONSHIP ('NONE','NONE', #5522, #5350 ) REPRESENTATION_RELATIONSHIP_WITH_TRANSFORMATION ( #4765 )SHAPE_REPRESENTATION_RELATIONSHIP( ) );
#127 = SHAPE_DEFINITION_REPRESENTATION ( #860, #5350 ) ;
#128 = EDGE_LOOP ( 'NONE', ( #3822, #4796, #5696, #3758 ) ) ;
#129 = ORIENTED_EDGE ( 'NONE', *, *, #1092, .F. ) ;
#130 = CARTESIAN_POINT ( 'NONE',  ( -21.67157287525381193, 22.50000000000000000, -57.49999999999997868 ) ) ;
#131 = LINE ( 'NONE', #5162, #380 ) ;
#132 = CARTESIAN_POINT ( 'NONE',  ( -15.50000000000000178, 22.49999999999999645, 30.00000000000000000 ) ) ;
#133 = DIRECTION ( 'NONE',  ( 0.000000000000000000, 0.5000000000000002220, -0.8660254037844384856 ) ) ;
#134 = CARTESIAN_POINT ( 'NONE',  ( 12.50000000000000178, 17.50000000000000000, -58.70000000000000284 ) ) ;
#135 = VECTOR ( 'NONE', #1872, 1000.000000000000114 ) ;
#136 = EDGE_CURVE ( 'NONE', #4306, #6143, #6152, .T. ) ;
#137 = ORIENTED_EDGE ( 'NONE', *, *, #5620, .T. ) ;
#138 = DIRECTION ( 'NONE',  ( 1.000000000000000000, -0.000000000000000000, -0.000000000000000000 ) ) ;
#139 = ORIENTED_EDGE ( 'NONE', *, *, #2339, .T. ) ;
#140 = ORIENTED_EDGE ( 'NONE', *, *, #4150, .T. ) ;
#141 = CARTESIAN_POINT ( 'NONE',  ( 0.000000000000000000, 0.000000000000000000, 30.00000000000000000 ) ) ;
#142 = ORIENTED_EDGE ( 'NONE', *, *, #2602, .T. ) ;
#143 = DIRECTION ( 'NONE',  ( 0.000000000000000000, 0.000000000000000000, 1.000000000000000000 ) ) ;
#144 = CARTESIAN_POINT ( 'NONE',  ( 9.500000000000001776, 32.50000000000000000, 59.50000000000000711 ) ) ;
#145 = CARTESIAN_POINT ( 'NONE',  ( 1.300000000000000044, 0.7390083445627230185, 1.279999999999998916 ) ) ;
#146 = ADVANCED_FACE ( 'NONE', ( #2722 ), #1171, .F. ) ;
#147 = EDGE_CURVE ( 'NONE', #1309, #5987, #2278, .T. ) ;
#148 = EDGE_LOOP ( 'NONE', ( #1216, #5509, #1983, #1042, #2378 ) ) ;
#149 = DIRECTION ( 'NONE',  ( -0.000000000000000000, -0.000000000000000000, -1.000000000000000000 ) ) ;
#150 = ORIENTED_EDGE ( 'NONE', *, *, #4021, .F. ) ;
#151 = EDGE_LOOP ( 'NONE', ( #672, #4459, #5907, #219, #5851, #4554, #4347, #3045 ) ) ;
#152 = EDGE_LOOP ( 'NONE', ( #5072, #3750, #3616, #954 ) ) ;
#153 = EDGE_LOOP ( 'NONE', ( #51, #4197, #474, #6034 ) ) ;
#154 = DIRECTION ( 'NONE',  ( -1.000000000000000000, -0.000000000000000000, -0.000000000000000000 ) ) ;
#155 = ORIENTED_EDGE ( 'NONE', *, *, #4314, .F. ) ;
#156 = EDGE_CURVE ( 'NONE', #3469, #6221, #3752, .T. ) ;
#157 = LINE ( 'NONE', #2146, #2068 ) ;
#158 = DIRECTION ( 'NONE',  ( 0.000000000000000000, 0.000000000000000000, 1.000000000000000000 ) ) ;
#159 = APPLICATION_PROTOCOL_DEFINITION ( 'draft international standard', 'automotive_design', 1998, #2945 ) ;
#160 = ORIENTED_EDGE ( 'NONE', *, *, #1856, .F. ) ;
#161 = CIRCLE ( 'NONE', #1507, 1.219500000000000028 ) ;
#162 = VECTOR ( 'NONE', #1755, 1000.000000000000000 ) ;
#163 = ORIENTED_EDGE ( 'NONE', *, *, #1470, .T. ) ;
#164 = DIRECTION ( 'NONE',  ( 0.000000000000000000, 0.000000000000000000, -1.000000000000000000 ) ) ;
#165 = PRODUCT ( 'socket countersunk head screw_am_B18.3.5M - 5 x 0.8 x 30 Socket FCHS  -- 30N', 'socket countersunk head screw_am_B18.3.5M - 5 x 0.8 x 30 Socket FCHS  -- 30N', '', ( #3050 ) ) ;
#166 = CARTESIAN_POINT ( 'NONE',  ( 12.50000000000000178, 17.50000000000000000, -67.50000000000000000 ) ) ;
#167 = DIRECTION ( 'NONE',  ( 1.000000000000000000, 0.000000000000000000, 0.000000000000000000 ) ) ;
#168 = CARTESIAN_POINT ( 'NONE',  ( 1.899999999999999911, -1.732050807568877859, -1.728583000645028615E-17 ) ) ;
#169 = CLOSED_SHELL ( 'NONE', ( #6252, #980, #1604, #1108, #4889, #2067, #5778, #5818, #4265, #1300, #6007, #4625, #2499, #6400, #5337, #3155, #2890, #3753, #3124, #1782, #2295, #6104, #2682, #327, #5310, #833 ) ) ;
#170 = CIRCLE ( 'NONE', #2756, 2.000000000000001776 ) ;
#171 = DIRECTION ( 'NONE',  ( 0.000000000000000000, 1.000000000000000000, 0.000000000000000000 ) ) ;
#172 = EDGE_LOOP ( 'NONE', ( #3646, #905, #1792, #5837 ) ) ;
#173 = CARTESIAN_POINT ( 'NONE',  ( 9.499999999999998224, 14.50000000000000178, -67.50000000000000000 ) ) ;
#174 = AXIS2_PLACEMENT_3D ( 'NONE', #4230, #3862, #5793 ) ;
#175 = EDGE_LOOP ( 'NONE', ( #3925, #5066, #3606, #4124 ) ) ;
#176 = ORIENTED_EDGE ( 'NONE', *, *, #5125, .T. ) ;
#177 = LINE ( 'NONE', #6044, #1855 ) ;
#178 = PRODUCT_DEFINITION_CONTEXT ( 'detailed design', #2455, 'design' ) ;
#179 = VERTEX_POINT ( 'NONE', #5766 ) ;
#180 = COLOUR_RGB ( '',0.7921568627450980005, 0.8196078431372548767, 0.9333333333333333481 ) ;
#181 = CARTESIAN_POINT ( 'NONE',  ( 7.500000000000002665, -12.50000000000000000, -66.67157287525381548 ) ) ;
#182 = DIRECTION ( 'NONE',  ( 1.000000000000000000, 0.000000000000000000, 0.000000000000000000 ) ) ;
#183 = EDGE_CURVE ( 'NONE', #2647, #3219, #4398, .T. ) ;
#184 = VECTOR ( 'NONE', #848, 1000.000000000000000 ) ;
#185 = DIRECTION ( 'NONE',  ( -0.000000000000000000, -0.000000000000000000, 1.000000000000000000 ) ) ;
#186 = ORIENTED_EDGE ( 'NONE', *, *, #3540, .F. ) ;
#187 = DIRECTION ( 'NONE',  ( -1.000000000000000000, 0.000000000000000000, 0.000000000000000000 ) ) ;
#188 = ORIENTED_EDGE ( 'NONE', *, *, #1693, .T. ) ;
#189 = ORIENTED_EDGE ( 'NONE', *, *, #711, .T. ) ;
#190 = VECTOR ( 'NONE', #339, 1000.000000000000114 ) ;
#191 = CARTESIAN_POINT ( 'NONE',  ( -20.49999999999999645, 32.50000000000000000, 57.50000000000000000 ) ) ;
#192 = VECTOR ( 'NONE', #4165, 1000.000000000000000 ) ;
#193 = EDGE_CURVE ( 'NONE', #473, #4267, #4310, .T. ) ;
#194 = ADVANCED_FACE ( 'NONE', ( #5282 ), #3375, .F. ) ;
#195 = VECTOR ( 'NONE', #5357, 1000.000000000000114 ) ;
#196 = CYLINDRICAL_SURFACE ( 'NONE', #815, 1.499999999999999556 ) ;
#197 = DIRECTION ( 'NONE',  ( 0.000000000000000000, 0.000000000000000000, -1.000000000000000000 ) ) ;
#198 = DIRECTION ( 'NONE',  ( -1.000000000000000000, -0.000000000000000000, -0.000000000000000000 ) ) ;
#199 = CIRCLE ( 'NONE', #303, 1.000000000000000888 ) ;
#200 = EDGE_LOOP ( 'NONE', ( #4853, #3448 ) ) ;
#201 = ADVANCED_FACE ( 'NONE', ( #5312 ), #6311, .T. ) ;
#202 = APPLICATION_PROTOCOL_DEFINITION ( 'draft international standard', 'automotive_design', 1998, #1573 ) ;
#203 = PRODUCT_DEFINITION_FORMATION_WITH_SPECIFIED_SOURCE ( 'ANY', '', #5303, .NOT_KNOWN. ) ;
#204 = VECTOR ( 'NONE', #1064, 1000.000000000000000 ) ;
#205 = CARTESIAN_POINT ( 'NONE',  ( -12.49999999999999822, -17.50000000000000000, -67.50000000000000000 ) ) ;
#206 = CARTESIAN_POINT ( 'NONE',  ( -12.50000000000000533, -17.50000000000000355, 34.99999999999999289 ) ) ;
#207 =( NAMED_UNIT ( * ) SI_UNIT ( $, .STERADIAN. ) SOLID_ANGLE_UNIT ( ) );
#208 = AXIS2_PLACEMENT_3D ( 'NONE', #3926, #1924, #1994 ) ;
#209 = DIRECTION ( 'NONE',  ( -0.000000000000000000, -0.000000000000000000, 1.000000000000000000 ) ) ;
#210 = ORIENTED_EDGE ( 'NONE', *, *, #2470, .F. ) ;
#211 = CARTESIAN_POINT ( 'NONE',  ( 22.50000000000000000, 32.50000000000000000, 67.50000000000000000 ) ) ;
#212 = ORIENTED_EDGE ( 'NONE', *, *, #5140, .T. ) ;
#213 = ORIENTED_EDGE ( 'NONE', *, *, #844, .T. ) ;
#214 = LINE ( 'NONE', #3707, #3602 ) ;
#215 = VERTEX_POINT ( 'NONE', #1326 ) ;
#216 = CARTESIAN_POINT ( 'NONE',  ( 1.300000000000000044, 1.108512516844082807, 0.6399999999999993472 ) ) ;
#217 = FACE_OUTER_BOUND ( 'NONE', #4664, .T. ) ;
#218 = DIRECTION ( 'NONE',  ( -0.000000000000000000, -1.000000000000000000, -0.000000000000000000 ) ) ;
#219 = ORIENTED_EDGE ( 'NONE', *, *, #1980, .F. ) ;
#220 = CARTESIAN_POINT ( 'NONE',  ( -16.50000000000000000, 20.49999999999999289, 33.99999999999999289 ) ) ;
#221 = EDGE_CURVE ( 'NONE', #4239, #1302, #2248, .T. ) ;
#222 = ORIENTED_EDGE ( 'NONE', *, *, #2016, .T. ) ;
#223 = EDGE_LOOP ( 'NONE', ( #1219, #3032, #4649, #5762 ) ) ;
#224 = DIRECTION ( 'NONE',  ( -3.469446951953613696E-16, -0.000000000000000000, 1.000000000000000000 ) ) ;
#225 = DIRECTION ( 'NONE',  ( -1.000000000000000000, 0.000000000000000000, 0.000000000000000000 ) ) ;
#226 =( NAMED_UNIT ( * ) PLANE_ANGLE_UNIT ( ) SI_UNIT ( $, .RADIAN. ) );
#227 = PRODUCT ( 'socket head cap screw_am_B18.3.1M - 3 x 0.5 x 10 Hex SHCS -- 10NHX', 'socket head cap screw_am_B18.3.1M - 3 x 0.5 x 10 Hex SHCS -- 10NHX', '', ( #1111 ) ) ;
#228 = FACE_OUTER_BOUND ( 'NONE', #3881, .T. ) ;
#229 = ADVANCED_FACE ( 'NONE', ( #5377 ), #5900, .T. ) ;
#230 = EDGE_CURVE ( 'NONE', #1708, #3518, #355, .T. ) ;
#231 = CARTESIAN_POINT ( 'NONE',  ( -16.50000000000000000, 0.000000000000000000, 33.99999999999999289 ) ) ;
#232 = ORIENTED_EDGE ( 'NONE', *, *, #2345, .F. ) ;
#233 = EDGE_CURVE ( 'NONE', #4643, #491, #4910, .T. ) ;
#234 = ADVANCED_FACE ( 'NONE', ( #2370 ), #2844, .T. ) ;
#235 = CARTESIAN_POINT ( 'NONE',  ( -2.499999999999995115, 3.061616997868377225E-16, 9.999999999999998224 ) ) ;
#236 = CARTESIAN_POINT ( 'NONE',  ( 7.499999999999998224, 12.50000000000000178, 67.50000000000000000 ) ) ;
#237 = DIRECTION ( 'NONE',  ( 1.000000000000000000, -0.000000000000000000, 0.000000000000000000 ) ) ;
#238 = CARTESIAN_POINT ( 'NONE',  ( -7.500000000000002665, 12.50000000000000000, -66.67157287525381548 ) ) ;
#239 = VERTEX_POINT ( 'NONE', #4273 ) ;
#240 = CARTESIAN_POINT ( 'NONE',  ( 11.00000000000000355, 17.50000000000000000, -67.50000000000000000 ) ) ;
#241 = EDGE_CURVE ( 'NONE', #6143, #2954, #1453, .T. ) ;
#242 = ORIENTED_EDGE ( 'NONE', *, *, #3979, .F. ) ;
#243 = LINE ( 'NONE', #211, #1975 ) ;
#244 = VERTEX_POINT ( 'NONE', #3846 ) ;
#245 = CARTESIAN_POINT ( 'NONE',  ( 2.499999999999996447, 0.000000000000000000, 30.00000000000000000 ) ) ;
#246 = EDGE_LOOP ( 'NONE', ( #275, #5659, #5230 ) ) ;
#247 = ORIENTED_EDGE ( 'NONE', *, *, #842, .F. ) ;
#248 = FACE_OUTER_BOUND ( 'NONE', #2025, .T. ) ;
#249 = DIRECTION ( 'NONE',  ( 1.000000000000000000, -0.000000000000000000, -0.000000000000000000 ) ) ;
#250 = DIRECTION ( 'NONE',  ( -1.000000000000000000, 0.000000000000000000, 0.000000000000000000 ) ) ;
#251 = ORIENTED_EDGE ( 'NONE', *, *, #2104, .T. ) ;
#252 = CARTESIAN_POINT ( 'NONE',  ( -22.49999999999999645, 32.50000000000000000, 59.50000000000000711 ) ) ;
#253 = ORIENTED_EDGE ( 'NONE', *, *, #2224, .F. ) ;
#254 = ORIENTED_EDGE ( 'NONE', *, *, #6333, .T. ) ;
#255 = CARTESIAN_POINT ( 'NONE',  ( -22.49999999999999645, 32.50000000000000000, -59.50000000000000711 ) ) ;
#256 = DIRECTION ( 'NONE',  ( 1.000000000000000000, 0.000000000000000000, -0.000000000000000000 ) ) ;
#257 =( REPRESENTATION_RELATIONSHIP ('NONE','NONE', #5522, #5350 ) REPRESENTATION_RELATIONSHIP_WITH_TRANSFORMATION ( #828 )SHAPE_REPRESENTATION_RELATIONSHIP( ) );
#258 = LINE ( 'NONE', #5643, #4204 ) ;
#259 =( BOUNDED_CURVE ( )  B_SPLINE_CURVE ( 3, ( #5649, #4675, #238, #2223 ),
 .UNSPECIFIED., .F., .T. ) 
 B_SPLINE_CURVE_WITH_KNOTS ( ( 4, 4 ),
 ( 1.570796326794896558, 3.141592653589793116 ),
 .UNSPECIFIED. ) 
 CURVE ( )  GEOMETRIC_REPRESENTATION_ITEM ( )  RATIONAL_B_SPLINE_CURVE ( ( 1.000000000000000000, 0.8047378541243649375, 0.8047378541243649375, 1.000000000000000000 ) ) 
 REPRESENTATION_ITEM ( '' )  );
#260 = ORIENTED_EDGE ( 'NONE', *, *, #3577, .T. ) ;
#261 = EDGE_CURVE ( 'NONE', #4486, #4270, #383, .T. ) ;
#262 = DIRECTION ( 'NONE',  ( 0.000000000000000000, 0.000000000000000000, -1.000000000000000000 ) ) ;
#263 = CYLINDRICAL_SURFACE ( 'NONE', #1720, 2.000000000000001776 ) ;
#264 = SHAPE_REPRESENTATION_RELATIONSHIP ( 'NONE' , 'NONE' ,  #3520, #5220 ) ;
#265 = CARTESIAN_POINT ( 'NONE',  ( -5.000000000000000000, -9.999999999999998224, -30.00000000000000000 ) ) ;
#266 = EDGE_CURVE ( 'NONE', #2226, #569, #2761, .T. ) ;
#267 = EDGE_CURVE ( 'NONE', #1867, #4049, #2559, .T. ) ;
#268 = AXIS2_PLACEMENT_3D ( 'NONE', #1473, #3931, #4902 ) ;
#269 = AXIS2_PLACEMENT_3D ( 'NONE', #5541, #5514, #5013 ) ;
#270 = LINE ( 'NONE', #5692, #1740 ) ;
#271 = ORIENTED_EDGE ( 'NONE', *, *, #1664, .T. ) ;
#272 = CARTESIAN_POINT ( 'NONE',  ( 0.000000000000000000, 0.000000000000000000, 9.999999999999998224 ) ) ;
#273 = ORIENTED_EDGE ( 'NONE', *, *, #23, .T. ) ;
#274 = CARTESIAN_POINT ( 'NONE',  ( -5.000000000000004441, 8.673617379884034486E-16, -2.499999999999997780 ) ) ;
#275 = ORIENTED_EDGE ( 'NONE', *, *, #3872, .F. ) ;
#276 = VECTOR ( 'NONE', #3405, 1000.000000000000000 ) ;
#277 = CARTESIAN_POINT ( 'NONE',  ( -22.49999999999999645, 32.50000000000000000, 57.50000000000000000 ) ) ;
#278 = LINE ( 'NONE', #2808, #4483 ) ;
#279 = DIRECTION ( 'NONE',  ( 0.8571673007021110013, 1.049727191138617093E-16, -0.5150380749100563760 ) ) ;
#280 = AXIS2_PLACEMENT_3D ( 'NONE', #2601, #2220, #4078 ) ;
#281 = PRODUCT_DEFINITION_SHAPE ( 'NONE', 'NONE',  #6414 ) ;
#282 = ADVANCED_FACE ( 'NONE', ( #1812 ), #4299, .T. ) ;
#283 = AXIS2_PLACEMENT_3D ( 'NONE', #277, #5325, #1403 ) ;
#284 = DIRECTION ( 'NONE',  ( 0.000000000000000000, -1.000000000000000000, 1.173683280263405955E-15 ) ) ;
#285 = AXIS2_PLACEMENT_3D ( 'NONE', #2714, #2739, #6117 ) ;
#286 = VERTEX_POINT ( 'NONE', #1847 ) ;
#287 = CARTESIAN_POINT ( 'NONE',  ( -5.049999999999999822, 11.05000000000000071, 1.000000000000000888 ) ) ;
#288 = CIRCLE ( 'NONE', #5254, 2.500000000000002220 ) ;
#289 = ORIENTED_EDGE ( 'NONE', *, *, #357, .T. ) ;
#290 = ORIENTED_EDGE ( 'NONE', *, *, #6210, .T. ) ;
#291 = FACE_OUTER_BOUND ( 'NONE', #3935, .T. ) ;
#292 = AXIS2_PLACEMENT_3D ( 'NONE', #3381, #5367, #5950 ) ;
#293 = CARTESIAN_POINT ( 'NONE',  ( -12.49999999999999822, -17.50000000000000000, -58.70000000000000284 ) ) ;
#294 = LINE ( 'NONE', #6218, #6175 ) ;
#295 = DIRECTION ( 'NONE',  ( -1.000000000000000000, 0.000000000000000000, 0.000000000000000000 ) ) ;
#296 = VECTOR ( 'NONE', #1866, 1000.000000000000000 ) ;
#297 = ORIENTED_EDGE ( 'NONE', *, *, #6365, .T. ) ;
#298 = FACE_OUTER_BOUND ( 'NONE', #4466, .T. ) ;
#299 =( REPRESENTATION_RELATIONSHIP ('NONE','NONE', #5522, #685 ) REPRESENTATION_RELATIONSHIP_WITH_TRANSFORMATION ( #2187 )SHAPE_REPRESENTATION_RELATIONSHIP( ) );
#300 = VERTEX_POINT ( 'NONE', #5802 ) ;
#301 = LINE ( 'NONE', #5809, #4251 ) ;
#302 = ORIENTED_EDGE ( 'NONE', *, *, #6319, .F. ) ;
#303 = AXIS2_PLACEMENT_3D ( 'NONE', #220, #6083, #3679 ) ;
#304 = EDGE_CURVE ( 'NONE', #370, #1879, #1910, .T. ) ;
#305 = CARTESIAN_POINT ( 'NONE',  ( -4.999999999999999112, -9.999999999999998224, 345.0000000000000000 ) ) ;
#306 = AXIS2_PLACEMENT_3D ( 'NONE', #1311, #2805, #800 ) ;
#307 =( NAMED_UNIT ( * ) SI_UNIT ( $, .STERADIAN. ) SOLID_ANGLE_UNIT ( ) );
#308 = CARTESIAN_POINT ( 'NONE',  ( 12.49999999999999467, 17.49999999999999645, 34.99999999999999289 ) ) ;
#309 = DIRECTION ( 'NONE',  ( -0.000000000000000000, -0.000000000000000000, -1.000000000000000000 ) ) ;
#310 = AXIS2_PLACEMENT_3D ( 'NONE', #4268, #2366, #2402 ) ;
#311 = DIRECTION ( 'NONE',  ( 1.000000000000000000, -0.000000000000000000, 0.000000000000000000 ) ) ;
#312 = VERTEX_POINT ( 'NONE', #4882 ) ;
#313 = CARTESIAN_POINT ( 'NONE',  ( 15.50000000000000000, -22.50000000000000355, 33.99999999999999289 ) ) ;
#314 = EDGE_CURVE ( 'NONE', #4647, #3139, #454, .T. ) ;
#315 = CARTESIAN_POINT ( 'NONE',  ( 1.300000000000002709, 0.000000000000000000, 0.000000000000000000 ) ) ;
#316 = EDGE_CURVE ( 'NONE', #1198, #959, #5564, .T. ) ;
#317 = VECTOR ( 'NONE', #891, 1000.000000000000000 ) ;
#318 = VERTEX_POINT ( 'NONE', #114 ) ;
#319 = LINE ( 'NONE', #2301, #5773 ) ;
#320 = CARTESIAN_POINT ( 'NONE',  ( 2.766025403784448500, 0.000000000000000000, 0.000000000000000000 ) ) ;
#321 = DIRECTION ( 'NONE',  ( -0.000000000000000000, 1.000000000000000000, -0.000000000000000000 ) ) ;
#322 = AXIS2_PLACEMENT_3D ( 'NONE', #2219, #1336, #1272 ) ;
#323 = DIRECTION ( 'NONE',  ( 1.000000000000000000, 0.000000000000000000, 0.000000000000000000 ) ) ;
#324 = ORIENTED_EDGE ( 'NONE', *, *, #4827, .T. ) ;
#325 = LINE ( 'NONE', #6305, #3102 ) ;
#326 = ORIENTED_EDGE ( 'NONE', *, *, #3038, .F. ) ;
#327 = ADVANCED_FACE ( 'NONE', ( #4518 ), #2548, .F. ) ;
#328 = CYLINDRICAL_SURFACE ( 'NONE', #5889, 1.499999999999999556 ) ;
#329 = LINE ( 'NONE', #5610, #1831 ) ;
#330 = LINE ( 'NONE', #5736, #703 ) ;
#331 = CARTESIAN_POINT ( 'NONE',  ( 3.000000000000003109, 0.000000000000000000, 0.000000000000000000 ) ) ;
#332 = ORIENTED_EDGE ( 'NONE', *, *, #2017, .T. ) ;
#333 = ORIENTED_EDGE ( 'NONE', *, *, #5531, .T. ) ;
#334 = LINE ( 'NONE', #4699, #5068 ) ;
#335 = EDGE_LOOP ( 'NONE', ( #2353, #2591 ) ) ;
#336 = PRODUCT_DEFINITION_SHAPE ( 'NONE', 'NONE',  #6410 ) ;
#337 = DIRECTION ( 'NONE',  ( 0.000000000000000000, 0.000000000000000000, -1.000000000000000000 ) ) ;
#338 = CARTESIAN_POINT ( 'NONE',  ( -12.49999999999999822, 17.50000000000000000, -58.70000000000000284 ) ) ;
#339 = DIRECTION ( 'NONE',  ( 0.000000000000000000, 0.4999999999999993339, -0.8660254037844389297 ) ) ;
#340 = ORIENTED_EDGE ( 'NONE', *, *, #4021, .T. ) ;
#341 = LINE ( 'NONE', #6295, #3410 ) ;
#342 = CARTESIAN_POINT ( 'NONE',  ( -12.50000000000000533, -17.50000000000000355, 34.99999999999999289 ) ) ;
#343 = AXIS2_PLACEMENT_3D ( 'NONE', #5843, #464, #30 ) ;
#344 = DIRECTION ( 'NONE',  ( -1.000000000000000000, 0.000000000000000000, 0.000000000000000000 ) ) ;
#345 = LINE ( 'NONE', #1378, #1181 ) ;
#346 = DIRECTION ( 'NONE',  ( 0.000000000000000000, 0.000000000000000000, -1.000000000000000000 ) ) ;
#347 = EDGE_CURVE ( 'NONE', #14, #3386, #2047, .T. ) ;
#348 = CARTESIAN_POINT ( 'NONE',  ( -2.499999999999997780, 3.061616997868380183E-16, 30.00000000000000000 ) ) ;
#349 =( GEOMETRIC_REPRESENTATION_CONTEXT ( 3 ) GLOBAL_UNCERTAINTY_ASSIGNED_CONTEXT ( ( #5698 ) ) GLOBAL_UNIT_ASSIGNED_CONTEXT ( ( #2387, #3490, #4448 ) ) REPRESENTATION_CONTEXT ( 'NONE', 'WORKASPACE' ) );
#350 = ORIENTED_EDGE ( 'NONE', *, *, #4939, .T. ) ;
#351 = CARTESIAN_POINT ( 'NONE',  ( 14.00000000000000178, 17.50000000000000000, 67.50000000000000000 ) ) ;
#352 = VERTEX_POINT ( 'NONE', #3498 ) ;
#353 = ORIENTED_EDGE ( 'NONE', *, *, #1817, .T. ) ;
#354 = FACE_OUTER_BOUND ( 'NONE', #3922, .T. ) ;
#355 = LINE ( 'NONE', #3331, #60 ) ;
#356 = EDGE_CURVE ( 'NONE', #5439, #3285, #2051, .T. ) ;
#357 = EDGE_CURVE ( 'NONE', #3518, #1391, #4932, .T. ) ;
#358 = DIRECTION ( 'NONE',  ( 1.734723475976806848E-16, -1.000000000000000000, -0.000000000000000000 ) ) ;
#359 = CARTESIAN_POINT ( 'NONE',  ( -13.99999999999999645, 17.50000000000000000, 58.70000000000000284 ) ) ;
#360 = VERTEX_POINT ( 'NONE', #1001 ) ;
#361 = ORIENTED_EDGE ( 'NONE', *, *, #4780, .T. ) ;
#362 = EDGE_CURVE ( 'NONE', #1626, #5212, #4463, .T. ) ;
#363 = DIRECTION ( 'NONE',  ( 1.387778780781445676E-16, -1.000000000000000000, -0.000000000000000000 ) ) ;
#364 = PLANE ( 'NONE',  #4825 ) ;
#365 = SHAPE_REPRESENTATION_RELATIONSHIP ( 'NONE' , 'NONE' ,  #2876, #4369 ) ;
#366 = FACE_OUTER_BOUND ( 'NONE', #2946, .T. ) ;
#367 = LINE ( 'NONE', #3247, #921 ) ;
#368 = ORIENTED_EDGE ( 'NONE', *, *, #2694, .T. ) ;
#369 = CARTESIAN_POINT ( 'NONE',  ( 0.000000000000000000, 0.000000000000000000, 30.00000000000000000 ) ) ;
#370 = VERTEX_POINT ( 'NONE', #3476 ) ;
#371 = FACE_OUTER_BOUND ( 'NONE', #2949, .T. ) ;
#372 = DIRECTION ( 'NONE',  ( -0.000000000000000000, 0.000000000000000000, -1.000000000000000000 ) ) ;
#373 = CARTESIAN_POINT ( 'NONE',  ( 22.50000000000000000, -22.50000000000000000, 67.50000000000000000 ) ) ;
#374 = DIRECTION ( 'NONE',  ( 0.000000000000000000, 0.000000000000000000, -1.000000000000000000 ) ) ;
#375 = ORIENTED_EDGE ( 'NONE', *, *, #112, .T. ) ;
#376 = DIRECTION ( 'NONE',  ( 1.000000000000000000, -0.000000000000000000, -0.000000000000000000 ) ) ;
#377 = AXIS2_PLACEMENT_3D ( 'NONE', #4996, #5459, #1026 ) ;
#378 = VERTEX_POINT ( 'NONE', #2006 ) ;
#379 = VECTOR ( 'NONE', #758, 1000.000000000000000 ) ;
#380 = VECTOR ( 'NONE', #5686, 1000.000000000000000 ) ;
#381 = EDGE_CURVE ( 'NONE', #3820, #73, #3966, .T. ) ;
#382 = CARTESIAN_POINT ( 'NONE',  ( 20.49999999999999645, -22.50000000000000000, -67.50000000000000000 ) ) ;
#383 = LINE ( 'NONE', #5832, #3178 ) ;
#384 =( GEOMETRIC_REPRESENTATION_CONTEXT ( 3 ) GLOBAL_UNCERTAINTY_ASSIGNED_CONTEXT ( ( #1736 ) ) GLOBAL_UNIT_ASSIGNED_CONTEXT ( ( #5844, #1862, #4830 ) ) REPRESENTATION_CONTEXT ( 'NONE', 'WORKASPACE' ) );
#385 = AXIS2_PLACEMENT_3D ( 'NONE', #1389, #3420, #4809 ) ;
#386 = CARTESIAN_POINT ( 'NONE',  ( 9.500000000000001776, 32.50000000000000000, -59.50000000000000711 ) ) ;
#387 = CIRCLE ( 'NONE', #1213, 1.499999999999997780 ) ;
#388 = PRODUCT_DEFINITION_SHAPE ( 'NONE', 'NONE',  #6408 ) ;
#389 = VERTEX_POINT ( 'NONE', #1038 ) ;
#390 = CARTESIAN_POINT ( 'NONE',  ( 1.899999999999999911, 0.000000000000000000, 0.000000000000000000 ) ) ;
#391 = VERTEX_POINT ( 'NONE', #6020 ) ;
#392 = AXIS2_PLACEMENT_3D ( 'NONE', #386, #4760, #5803 ) ;
#393 = ADVANCED_FACE ( 'NONE', ( #5956 ), #2462, .F. ) ;
#394 = AXIS2_PLACEMENT_3D ( 'NONE', #486, #2523, #4979 ) ;
#395 = EDGE_CURVE ( 'NONE', #1947, #244, #2254, .T. ) ;
#396 = VERTEX_POINT ( 'NONE', #2106 ) ;
#397 = CIRCLE ( 'NONE', #1730, 2.558578643762691840 ) ;
#398 = AXIS2_PLACEMENT_3D ( 'NONE', #5863, #2914, #5245 ) ;
#399 = DIRECTION ( 'NONE',  ( -1.000000000000000000, 0.000000000000000000, 0.000000000000000000 ) ) ;
#400 = ADVANCED_FACE ( 'NONE', ( #551 ), #1979, .F. ) ;
#401 = DIRECTION ( 'NONE',  ( 0.000000000000000000, 0.000000000000000000, 1.000000000000000000 ) ) ;
#402 = AXIS2_PLACEMENT_3D ( 'NONE', #1902, #572, #5622 ) ;
#403 = DIRECTION ( 'NONE',  ( 0.000000000000000000, 0.000000000000000000, 1.000000000000000000 ) ) ;
#404 = DIRECTION ( 'NONE',  ( 0.000000000000000000, 0.000000000000000000, 1.000000000000000000 ) ) ;
#405 = CIRCLE ( 'NONE', #3594, 1.499999999999997780 ) ;
#406 = CARTESIAN_POINT ( 'NONE',  ( 29.55500000000001748, 3.061616997868384127E-16, -2.500000000000000888 ) ) ;
#407 = ORIENTED_EDGE ( 'NONE', *, *, #2500, .F. ) ;
#408 = DIRECTION ( 'NONE',  ( 0.000000000000000000, -1.000000000000000000, 0.000000000000000000 ) ) ;
#409 = DIRECTION ( 'NONE',  ( 0.000000000000000000, 0.000000000000000000, 1.000000000000000000 ) ) ;
#410 = CARTESIAN_POINT ( 'NONE',  ( 0.000000000000000000, 0.000000000000000000, 0.000000000000000000 ) ) ;
#411 = DIRECTION ( 'NONE',  ( -0.000000000000000000, -0.000000000000000000, -1.000000000000000000 ) ) ;
#412 = AXIS2_PLACEMENT_3D ( 'NONE', #2468, #1984, #1006 ) ;
#413 = CYLINDRICAL_SURFACE ( 'NONE', #500, 1.000000000000000888 ) ;
#414 = AXIS2_PLACEMENT_3D ( 'NONE', #2864, #2356, #4837 ) ;
#415 = CARTESIAN_POINT ( 'NONE',  ( 1.899999999999999911, 0.8660254037844380415, -1.499999999999999556 ) ) ;
#416 = EDGE_LOOP ( 'NONE', ( #5404, #6214, #3680, #3153 ) ) ;
#417 = CARTESIAN_POINT ( 'NONE',  ( -5.499999999999998224, -12.50000000000000533, 30.00000000000000000 ) ) ;
#418 = VECTOR ( 'NONE', #5826, 1000.000000000000000 ) ;
#419 = ORIENTED_EDGE ( 'NONE', *, *, #2934, .T. ) ;
#420 = EDGE_LOOP ( 'NONE', ( #5828, #5250, #3461, #2689 ) ) ;
#421 = FACE_OUTER_BOUND ( 'NONE', #5836, .T. ) ;
#422 = FACE_OUTER_BOUND ( 'NONE', #2851, .T. ) ;
#423 = CARTESIAN_POINT ( 'NONE',  ( 3.000000000000002665, 0.000000000000000000, 0.000000000000000000 ) ) ;
#424 = AXIS2_PLACEMENT_3D ( 'NONE', #272, #2258, #4225 ) ;
#425 = LINE ( 'NONE', #1294, #5975 ) ;
#426 = EDGE_CURVE ( 'NONE', #634, #2842, #46, .T. ) ;
#427 = EDGE_LOOP ( 'NONE', ( #273, #5279, #1082, #3853 ) ) ;
#428 = FACE_OUTER_BOUND ( 'NONE', #1357, .T. ) ;
#429 = ORIENTED_EDGE ( 'NONE', *, *, #4048, .F. ) ;
#430 = AXIS2_PLACEMENT_3D ( 'NONE', #1209, #3630, #3119 ) ;
#431 = EDGE_LOOP ( 'NONE', ( #5501, #2309, #254, #6042 ) ) ;
#432 = EDGE_CURVE ( 'NONE', #5890, #5225, #4035, .T. ) ;
#433 = DIRECTION ( 'NONE',  ( 1.000000000000000000, 0.000000000000000000, 0.000000000000000000 ) ) ;
#434 = VERTEX_POINT ( 'NONE', #5929 ) ;
#435 = CARTESIAN_POINT ( 'NONE',  ( 12.50000000000000178, -17.50000000000000000, 75.50000000000001421 ) ) ;
#436 = FILL_AREA_STYLE_COLOUR ( '', #1830 ) ;
#437 =( BOUNDED_CURVE ( )  B_SPLINE_CURVE ( 3, ( #1436, #4044, #2927, #986 ),
 .UNSPECIFIED., .F., .T. ) 
 B_SPLINE_CURVE_WITH_KNOTS ( ( 4, 4 ),
 ( 1.570796326794896558, 3.141592653589794004 ),
 .UNSPECIFIED. ) 
 CURVE ( )  GEOMETRIC_REPRESENTATION_ITEM ( )  RATIONAL_B_SPLINE_CURVE ( ( 1.000000000000000000, 0.8047378541243648264, 0.8047378541243648264, 1.000000000000000000 ) ) 
 REPRESENTATION_ITEM ( '' )  );
#438 = EDGE_CURVE ( 'NONE', #441, #2437, #4000, .T. ) ;
#439 = EDGE_CURVE ( 'NONE', #4631, #4496, #2364, .T. ) ;
#440 = CARTESIAN_POINT ( 'NONE',  ( -7.500000000000000000, 22.50000000000000355, -67.50000000000000000 ) ) ;
#441 = VERTEX_POINT ( 'NONE', #2077 ) ;
#442 = CARTESIAN_POINT ( 'NONE',  ( -5.264751262380698570E-15, 0.000000000000000000, 8.497848452431094657 ) ) ;
#443 = DIRECTION ( 'NONE',  ( -1.000000000000000000, 0.000000000000000000, 0.000000000000000000 ) ) ;
#444 = VERTEX_POINT ( 'NONE', #5530 ) ;
#445 = CARTESIAN_POINT ( 'NONE',  ( -17.50000000000000000, -22.50000000000000355, 33.99999999999999289 ) ) ;
#446 = CARTESIAN_POINT ( 'NONE',  ( 1.899999999999999911, -0.8660254037844388186, 1.500000000000000222 ) ) ;
#447 = LINE ( 'NONE', #1474, #5153 ) ;
#448 = EDGE_LOOP ( 'NONE', ( #4120, #1700, #3832, #5238 ) ) ;
#449 = CYLINDRICAL_SURFACE ( 'NONE', #5388, 1.499999999999999556 ) ;
#450 = ORIENTED_EDGE ( 'NONE', *, *, #5054, .F. ) ;
#451 = ORIENTED_EDGE ( 'NONE', *, *, #3428, .T. ) ;
#452 = CARTESIAN_POINT ( 'NONE',  ( 15.00000000000000000, 32.50000000000000000, -62.49999999999999289 ) ) ;
#453 = CARTESIAN_POINT ( 'NONE',  ( 20.49999999999999645, 22.50000000000000355, -57.50000000000000000 ) ) ;
#454 = LINE ( 'NONE', #2431, #3892 ) ;
#455 =( GEOMETRIC_REPRESENTATION_CONTEXT ( 3 ) GLOBAL_UNCERTAINTY_ASSIGNED_CONTEXT ( ( #5102 ) ) GLOBAL_UNIT_ASSIGNED_CONTEXT ( ( #5688, #6227, #307 ) ) REPRESENTATION_CONTEXT ( 'NONE', 'WORKASPACE' ) );
#456 = CARTESIAN_POINT ( 'NONE',  ( 1.300000000000000044, 1.478016689125442928, -1.734723475976807094E-15 ) ) ;
#457 = ORIENTED_EDGE ( 'NONE', *, *, #640, .F. ) ;
#458 = CARTESIAN_POINT ( 'NONE',  ( -17.50000000000000000, 22.49999999999999645, 34.99999999999999289 ) ) ;
#459 = ORIENTED_EDGE ( 'NONE', *, *, #2803, .F. ) ;
#460 = ORIENTED_EDGE ( 'NONE', *, *, #4385, .T. ) ;
#461 = AXIS2_PLACEMENT_3D ( 'NONE', #1533, #2026, #3377 ) ;
#462 = CARTESIAN_POINT ( 'NONE',  ( -15.50000000000000178, -21.50000000000000355, 33.99999999999999289 ) ) ;
#463 = EDGE_CURVE ( 'NONE', #396, #2525, #2976, .T. ) ;
#464 = DIRECTION ( 'NONE',  ( 1.000000000000000000, -2.775557561562891351E-17, -1.469423981653546870E-17 ) ) ;
#465 = PLANE ( 'NONE',  #5136 ) ;
#466 = ORIENTED_EDGE ( 'NONE', *, *, #2898, .T. ) ;
#467 =( REPRESENTATION_RELATIONSHIP ('NONE','NONE', #5522, #1796 ) REPRESENTATION_RELATIONSHIP_WITH_TRANSFORMATION ( #5645 )SHAPE_REPRESENTATION_RELATIONSHIP( ) );
#468 = FACE_OUTER_BOUND ( 'NONE', #2577, .T. ) ;
#469 = ORIENTED_EDGE ( 'NONE', *, *, #2806, .T. ) ;
#470 = DIRECTION ( 'NONE',  ( 1.000000000000000000, 0.000000000000000000, 0.000000000000000000 ) ) ;
#471 = CARTESIAN_POINT ( 'NONE',  ( -7.500000000000001776, 32.50000000000000000, -59.50000000000000711 ) ) ;
#472 = EDGE_CURVE ( 'NONE', #2073, #1412, #1625, .T. ) ;
#473 = VERTEX_POINT ( 'NONE', #6078 ) ;
#474 = ORIENTED_EDGE ( 'NONE', *, *, #3046, .F. ) ;
#475 = EDGE_CURVE ( 'NONE', #5343, #2411, #4831, .T. ) ;
#476 = DIRECTION ( 'NONE',  ( 1.000000000000000000, 0.000000000000000000, 0.000000000000000000 ) ) ;
#477 =( BOUNDED_CURVE ( )  B_SPLINE_CURVE ( 3, ( #5661, #181, #2583, #1738 ),
 .UNSPECIFIED., .F., .T. ) 
 B_SPLINE_CURVE_WITH_KNOTS ( ( 4, 4 ),
 ( 0.000000000000000000, 1.570796326794897002 ),
 .UNSPECIFIED. ) 
 CURVE ( )  GEOMETRIC_REPRESENTATION_ITEM ( )  RATIONAL_B_SPLINE_CURVE ( ( 1.000000000000000000, 0.8047378541243649375, 0.8047378541243649375, 1.000000000000000000 ) ) 
 REPRESENTATION_ITEM ( '' )  );
#478 = CARTESIAN_POINT ( 'NONE',  ( 20.49999999999999645, -22.50000000000000000, 67.50000000000000000 ) ) ;
#479 = LINE ( 'NONE', #4390, #1331 ) ;
#480 = VERTEX_POINT ( 'NONE', #5629 ) ;
#481 = FILL_AREA_STYLE_COLOUR ( '', #2488 ) ;
#482 = ORIENTED_EDGE ( 'NONE', *, *, #6136, .T. ) ;
#483 = CARTESIAN_POINT ( 'NONE',  ( 0.000000000000000000, 0.8660254037844380415, -1.499999999999999556 ) ) ;
#484 = EDGE_CURVE ( 'NONE', #704, #5716, #1164, .T. ) ;
#485 = DIRECTION ( 'NONE',  ( 0.000000000000000000, 0.000000000000000000, 1.000000000000000000 ) ) ;
#486 = CARTESIAN_POINT ( 'NONE',  ( 0.000000000000000000, 0.000000000000000000, -345.0000000000000000 ) ) ;
#487 = LINE ( 'NONE', #4465, #1325 ) ;
#488 = CONICAL_SURFACE ( 'NONE', #6269, 1.499999999999997780, 1.029744258676653645 ) ;
#489 = ORIENTED_EDGE ( 'NONE', *, *, #1499, .T. ) ;
#490 = DIRECTION ( 'NONE',  ( 0.000000000000000000, -1.000000000000000000, 0.000000000000000000 ) ) ;
#491 = VERTEX_POINT ( 'NONE', #4166 ) ;
#492 = AXIS2_PLACEMENT_3D ( 'NONE', #2440, #5516, #1052 ) ;
#493 = ORIENTED_EDGE ( 'NONE', *, *, #1470, .F. ) ;
#494 = AXIS2_PLACEMENT_3D ( 'NONE', #5673, #4100, #5214 ) ;
#495 = AXIS2_PLACEMENT_3D ( 'NONE', #3243, #3792, #3216 ) ;
#496 = AXIS2_PLACEMENT_3D ( 'NONE', #3875, #4721, #5769 ) ;
#497 = CYLINDRICAL_SURFACE ( 'NONE', #5806, 1.499999999999999556 ) ;
#498 = DIRECTION ( 'NONE',  ( 0.000000000000000000, 0.000000000000000000, 1.000000000000000000 ) ) ;
#499 = CIRCLE ( 'NONE', #1846, 2.000000000000000000 ) ;
#500 = AXIS2_PLACEMENT_3D ( 'NONE', #3294, #5795, #3254 ) ;
#501 = VECTOR ( 'NONE', #1388, 1000.000000000000000 ) ;
#502 = CARTESIAN_POINT ( 'NONE',  ( -22.50000000000000000, 32.50000000000000000, -67.50000000000000000 ) ) ;
#503 = ADVANCED_FACE ( 'NONE', ( #217 ), #3195, .F. ) ;
#504 = VERTEX_POINT ( 'NONE', #1739 ) ;
#505 = FACE_OUTER_BOUND ( 'NONE', #621, .T. ) ;
#506 = AXIS2_PLACEMENT_3D ( 'NONE', #1278, #1727, #837 ) ;
#507 = CARTESIAN_POINT ( 'NONE',  ( 15.00000000000001421, 32.50000000000000000, 62.49999999999999289 ) ) ;
#508 = CONICAL_SURFACE ( 'NONE', #5784, 2.055000000000000160, 0.7853981633974717047 ) ;
#509 = EDGE_LOOP ( 'NONE', ( #4826, #2948, #2228, #5154 ) ) ;
#510 = FACE_OUTER_BOUND ( 'NONE', #20, .T. ) ;
#511 = CARTESIAN_POINT ( 'NONE',  ( 0.000000000000000000, 0.000000000000000000, -2.450000000000002398 ) ) ;
#512 = LINE ( 'NONE', #1930, #5360 ) ;
#513 = CIRCLE ( 'NONE', #2992, 2.000000000000000000 ) ;
#514 = ADVANCED_FACE ( 'NONE', ( #3133 ), #677, .F. ) ;
#515 = EDGE_CURVE ( 'NONE', #5788, #5652, #1194, .T. ) ;
#516 = ORIENTED_EDGE ( 'NONE', *, *, #1989, .T. ) ;
#517 = FACE_OUTER_BOUND ( 'NONE', #3057, .T. ) ;
#518 = ORIENTED_EDGE ( 'NONE', *, *, #1611, .T. ) ;
#519 = DIRECTION ( 'NONE',  ( -0.000000000000000000, 1.000000000000000000, -0.000000000000000000 ) ) ;
#520 = AXIS2_PLACEMENT_3D ( 'NONE', #3449, #21, #2010 ) ;
#521 = ORIENTED_EDGE ( 'NONE', *, *, #4143, .T. ) ;
#522 = DIRECTION ( 'NONE',  ( -0.000000000000000000, 1.000000000000000000, -0.000000000000000000 ) ) ;
#523 = DIRECTION ( 'NONE',  ( -0.7071067811865334729, 8.659560562355107887E-17, -0.7071067811865617836 ) ) ;
#524 = VERTEX_POINT ( 'NONE', #132 ) ;
#525 = AXIS2_PLACEMENT_3D ( 'NONE', #4552, #4644, #4056 ) ;
#526 = DIRECTION ( 'NONE',  ( 0.000000000000000000, 0.000000000000000000, 1.000000000000000000 ) ) ;
#527 = EDGE_CURVE ( 'NONE', #5614, #179, #4090, .T. ) ;
#528 = EDGE_CURVE ( 'NONE', #352, #1598, #2201, .T. ) ;
#529 = ORIENTED_EDGE ( 'NONE', *, *, #1530, .F. ) ;
#530 = DIRECTION ( 'NONE',  ( 1.000000000000000000, 0.000000000000000000, 0.000000000000000000 ) ) ;
#531 = ORIENTED_EDGE ( 'NONE', *, *, #5223, .F. ) ;
#532 = DIRECTION ( 'NONE',  ( 0.000000000000000000, -1.000000000000000000, 0.000000000000000000 ) ) ;
#533 = VECTOR ( 'NONE', #1468, 1000.000000000000000 ) ;
#534 = ORIENTED_EDGE ( 'NONE', *, *, #4157, .T. ) ;
#535 = EDGE_CURVE ( 'NONE', #3086, #179, #1318, .T. ) ;
#536 = AXIS2_PLACEMENT_3D ( 'NONE', #4730, #1791, #3761 ) ;
#537 = DIRECTION ( 'NONE',  ( -1.000000000000000000, 0.000000000000000000, 0.000000000000000000 ) ) ;
#538 = CARTESIAN_POINT ( 'NONE',  ( 7.589415207398531038E-15, 3.686287386450715076E-15, 37.50000000000000711 ) ) ;
#539 = DIRECTION ( 'NONE',  ( 0.000000000000000000, 0.000000000000000000, -1.000000000000000000 ) ) ;
#540 = ORIENTED_EDGE ( 'NONE', *, *, #3283, .T. ) ;
#541 = FACE_OUTER_BOUND ( 'NONE', #5962, .T. ) ;
#542 = ORIENTED_EDGE ( 'NONE', *, *, #649, .T. ) ;
#543 = CARTESIAN_POINT ( 'NONE',  ( 15.00000000000001421, 22.50000000000000000, 64.99999999999998579 ) ) ;
#544 = DIRECTION ( 'NONE',  ( 0.7071067811865526798, 0.000000000000000000, -0.7071067811865423547 ) ) ;
#545 = CARTESIAN_POINT ( 'NONE',  ( 0.000000000000000000, 14.50000000000000178, -65.50000000000000000 ) ) ;
#546 = ORIENTED_EDGE ( 'NONE', *, *, #6351, .F. ) ;
#547 = SURFACE_STYLE_FILL_AREA ( #5499 ) ;
#548 = ORIENTED_EDGE ( 'NONE', *, *, #6284, .F. ) ;
#549 = FACE_OUTER_BOUND ( 'NONE', #1681, .T. ) ;
#550 = CARTESIAN_POINT ( 'NONE',  ( 15.00000000000001421, 22.50000000000000000, 62.49999999999999289 ) ) ;
#551 = FACE_OUTER_BOUND ( 'NONE', #2443, .T. ) ;
#552 = EDGE_CURVE ( 'NONE', #2234, #1733, #709, .T. ) ;
#553 = CARTESIAN_POINT ( 'NONE',  ( 2.499999999999992895, 0.000000000000000000, 314.9999999999999432 ) ) ;
#554 = ORIENTED_EDGE ( 'NONE', *, *, #4697, .F. ) ;
#555 = DIRECTION ( 'NONE',  ( 1.049727191138618079E-16, 0.5150380749100549327, -0.8571673007021118895 ) ) ;
#556 = ORIENTED_EDGE ( 'NONE', *, *, #3974, .F. ) ;
#557 = CARTESIAN_POINT ( 'NONE',  ( 21.67157287525381193, 22.50000000000000355, -57.49999999999999289 ) ) ;
#558 = ORIENTED_EDGE ( 'NONE', *, *, #6087, .T. ) ;
#559 = EDGE_CURVE ( 'NONE', #3900, #1437, #5355, .T. ) ;
#560 = ADVANCED_FACE ( 'NONE', ( #3712 ), #3641, .F. ) ;
#561 = DIRECTION ( 'NONE',  ( 0.000000000000000000, 0.000000000000000000, 1.000000000000000000 ) ) ;
#562 = EDGE_CURVE ( 'NONE', #4886, #3354, #2167, .T. ) ;
#563 = CONTEXT_DEPENDENT_SHAPE_REPRESENTATION ( #467, #4206 ) ;
#564 =( LENGTH_UNIT ( ) NAMED_UNIT ( * ) SI_UNIT ( .MILLI., .METRE. ) );
#565 = VECTOR ( 'NONE', #1497, 1000.000000000000000 ) ;
#566 = ORIENTED_EDGE ( 'NONE', *, *, #267, .T. ) ;
#567 = CYLINDRICAL_SURFACE ( 'NONE', #5908, 2.499999999999996447 ) ;
#568 = CARTESIAN_POINT ( 'NONE',  ( -22.50000000000000000, 21.67157287525381193, 58.32842712474619873 ) ) ;
#569 = VERTEX_POINT ( 'NONE', #1286 ) ;
#570 = LINE ( 'NONE', #936, #6249 ) ;
#571 = DIRECTION ( 'NONE',  ( 0.000000000000000000, 0.000000000000000000, 1.000000000000000000 ) ) ;
#572 = DIRECTION ( 'NONE',  ( -0.000000000000000000, -0.000000000000000000, -1.000000000000000000 ) ) ;
#573 = ORIENTED_EDGE ( 'NONE', *, *, #4659, .T. ) ;
#574 = FACE_OUTER_BOUND ( 'NONE', #5986, .T. ) ;
#575 = ORIENTED_EDGE ( 'NONE', *, *, #4054, .F. ) ;
#576 = DIRECTION ( 'NONE',  ( -0.000000000000000000, -0.000000000000000000, -1.000000000000000000 ) ) ;
#577 = CARTESIAN_POINT ( 'NONE',  ( 12.99999999999999822, 0.000000000000000000, 1.219500000000000028 ) ) ;
#578 = DIRECTION ( 'NONE',  ( -0.000000000000000000, 1.000000000000000000, -0.000000000000000000 ) ) ;
#579 = LINE ( 'NONE', #456, #4007 ) ;
#580 = ORIENTED_EDGE ( 'NONE', *, *, #23, .F. ) ;
#581 = DIRECTION ( 'NONE',  ( -1.387778780781445676E-16, 1.000000000000000000, 0.000000000000000000 ) ) ;
#582 = EDGE_CURVE ( 'NONE', #3900, #389, #5037, .T. ) ;
#583 = ORIENTED_EDGE ( 'NONE', *, *, #3329, .T. ) ;
#584 = DIRECTION ( 'NONE',  ( 0.000000000000000000, 0.000000000000000000, -1.000000000000000000 ) ) ;
#585 = ORIENTED_EDGE ( 'NONE', *, *, #6136, .F. ) ;
#586 = ADVANCED_FACE ( 'NONE', ( #648, #1255 ), #1222, .F. ) ;
#587 = ADVANCED_FACE ( 'NONE', ( #4232 ), #4586, .T. ) ;
#588 = DIRECTION ( 'NONE',  ( -1.000000000000000000, -0.000000000000000000, -0.000000000000000000 ) ) ;
#589 = COLOUR_RGB ( '',0.7921568627450980005, 0.8196078431372548767, 0.9333333333333333481 ) ;
#590 = VECTOR ( 'NONE', #688, 1000.000000000000000 ) ;
#591 = CIRCLE ( 'NONE', #5026, 2.499999999999997780 ) ;
#592 = ITEM_DEFINED_TRANSFORMATION ( 'NONE', 'NONE', #2213,  #1582 ) ;
#593 = LINE ( 'NONE', #4047, #6273 ) ;
#594 = AXIS2_PLACEMENT_3D ( 'NONE', #5866, #1784, #1421 ) ;
#595 = VECTOR ( 'NONE', #3816, 1000.000000000000000 ) ;
#596 = VECTOR ( 'NONE', #3582, 1000.000000000000000 ) ;
#597 = EDGE_CURVE ( 'NONE', #2137, #1065, #5236, .T. ) ;
#598 = EDGE_LOOP ( 'NONE', ( #575, #5960, #6203, #2409 ) ) ;
#599 = FACE_OUTER_BOUND ( 'NONE', #1291, .T. ) ;
#600 = DIRECTION ( 'NONE',  ( 1.734723475976806848E-16, -1.000000000000000000, 0.000000000000000000 ) ) ;
#601 = CIRCLE ( 'NONE', #2669, 1.499999999999999556 ) ;
#602 = AXIS2_PLACEMENT_3D ( 'NONE', #3446, #1603, #1131 ) ;
#603 = DIRECTION ( 'NONE',  ( 1.000000000000000000, 0.000000000000000000, 0.000000000000000000 ) ) ;
#604 = CARTESIAN_POINT ( 'NONE',  ( 1.300000000000000044, -1.478016689125442040, 1.626303258728256651E-15 ) ) ;
#605 = CONICAL_SURFACE ( 'NONE', #1519, 2.499999999999995115, 1.029744258676651869 ) ;
#606 = VECTOR ( 'NONE', #1595, 1000.000000000000000 ) ;
#607 = FACE_OUTER_BOUND ( 'NONE', #2031, .T. ) ;
#608 = ORIENTED_EDGE ( 'NONE', *, *, #994, .T. ) ;
#609 = LINE ( 'NONE', #4606, #3610 ) ;
#610 = VECTOR ( 'NONE', #4061, 1000.000000000000114 ) ;
#611 = ORIENTED_EDGE ( 'NONE', *, *, #2176, .T. ) ;
#612 = EDGE_LOOP ( 'NONE', ( #6102, #3603, #6316 ) ) ;
#613 = CARTESIAN_POINT ( 'NONE',  ( 15.00000000000000000, 22.50000000000000000, -62.49999999999999289 ) ) ;
#614 = DIRECTION ( 'NONE',  ( 0.000000000000000000, 1.000000000000000000, 2.503857664561932376E-16 ) ) ;
#615 = CIRCLE ( 'NONE', #2568, 0.9999999999999991118 ) ;
#616 = DIRECTION ( 'NONE',  ( 1.301042606982605321E-16, -1.000000000000000000, 0.000000000000000000 ) ) ;
#617 = DIRECTION ( 'NONE',  ( -1.734723475976806848E-16, 0.000000000000000000, -1.000000000000000000 ) ) ;
#618 = ORIENTED_EDGE ( 'NONE', *, *, #3046, .T. ) ;
#619 = DIRECTION ( 'NONE',  ( -0.000000000000000000, 0.000000000000000000, -1.000000000000000000 ) ) ;
#620 = TOROIDAL_SURFACE ( 'NONE', #520, 1.000000000000000000, 1.000000000000000000 ) ;
#621 = EDGE_LOOP ( 'NONE', ( #6084, #996, #1428 ) ) ;
#622 = ORIENTED_EDGE ( 'NONE', *, *, #3350, .T. ) ;
#623 = AXIS2_PLACEMENT_3D ( 'NONE', #5173, #2128, #1251 ) ;
#624 = SURFACE_STYLE_USAGE ( .BOTH. , #3072 ) ;
#625 = VERTEX_POINT ( 'NONE', #2909 ) ;
#626 = VECTOR ( 'NONE', #3353, 1000.000000000000000 ) ;
#627 = VECTOR ( 'NONE', #35, 1000.000000000000000 ) ;
#628 = CARTESIAN_POINT ( 'NONE',  ( -12.49999999999999822, -17.50000000000000000, 67.50000000000000000 ) ) ;
#629 = CARTESIAN_POINT ( 'NONE',  ( -6.049999999999999822, -10.05000000000000071, 1.000000000000000888 ) ) ;
#630 = FACE_OUTER_BOUND ( 'NONE', #1553, .T. ) ;
#631 = CIRCLE ( 'NONE', #5485, 1.499999999999999556 ) ;
#632 = EDGE_CURVE ( 'NONE', #5009, #5208, #5302, .T. ) ;
#633 = CIRCLE ( 'NONE', #1552, 2.055000000000000160 ) ;
#634 = VERTEX_POINT ( 'NONE', #2774 ) ;
#635 = CARTESIAN_POINT ( 'NONE',  ( -20.49999999999999645, 32.50000000000000000, -59.50000000000000711 ) ) ;
#636 = CARTESIAN_POINT ( 'NONE',  ( 1.899999999999999911, -0.8660254037844387076, -1.500000000000000000 ) ) ;
#637 = DIRECTION ( 'NONE',  ( 1.000000000000000000, 0.000000000000000000, 0.000000000000000000 ) ) ;
#638 = CARTESIAN_POINT ( 'NONE',  ( 17.50000000000000000, -22.50000000000000355, 34.99999999999999289 ) ) ;
#639 = EDGE_CURVE ( 'NONE', #2984, #3386, #3895, .T. ) ;
#640 = EDGE_CURVE ( 'NONE', #2937, #4857, #4087, .T. ) ;
#641 = DIRECTION ( 'NONE',  ( -1.000000000000000000, 0.000000000000000000, 0.000000000000000000 ) ) ;
#642 = EDGE_LOOP ( 'NONE', ( #4443, #4438, #83, #5772 ) ) ;
#643 = DIRECTION ( 'NONE',  ( -1.000000000000000000, 0.000000000000000000, 0.000000000000000000 ) ) ;
#644 = VERTEX_POINT ( 'NONE', #4326 ) ;
#645 = CARTESIAN_POINT ( 'NONE',  ( 20.49999999999999645, 32.50000000000000000, -59.50000000000000000 ) ) ;
#646 = PRODUCT_DEFINITION_CONTEXT ( 'detailed design', #1703, 'design' ) ;
#647 = DIRECTION ( 'NONE',  ( -1.000000000000000000, 0.000000000000000000, 0.000000000000000000 ) ) ;
#648 = FACE_BOUND ( 'NONE', #3563, .T. ) ;
#649 = EDGE_CURVE ( 'NONE', #1757, #6345, #4841, .T. ) ;
#650 = LINE ( 'NONE', #1605, #3380 ) ;
#651 = ORIENTED_EDGE ( 'NONE', *, *, #2657, .T. ) ;
#652 = LINE ( 'NONE', #4589, #4017 ) ;
#653 = VERTEX_POINT ( 'NONE', #897 ) ;
#654 = ORIENTED_EDGE ( 'NONE', *, *, #233, .T. ) ;
#655 = ORIENTED_EDGE ( 'NONE', *, *, #3908, .F. ) ;
#656 = ORIENTED_EDGE ( 'NONE', *, *, #2694, .F. ) ;
#657 = FILL_AREA_STYLE ('',( #3114 ) ) ;
#658 = CARTESIAN_POINT ( 'NONE',  ( 0.000000000000000000, 0.000000000000000000, 9.999999999999998224 ) ) ;
#659 = DIRECTION ( 'NONE',  ( -1.734723475976807094E-16, 1.000000000000000000, -0.000000000000000000 ) ) ;
#660 = SHAPE_DEFINITION_REPRESENTATION ( #2145, #5522 ) ;
#661 = ORIENTED_EDGE ( 'NONE', *, *, #952, .F. ) ;
#662 = CARTESIAN_POINT ( 'NONE',  ( -5.000000000000000888, 10.00000000000000178, 345.0000000000000000 ) ) ;
#663 = EDGE_CURVE ( 'NONE', #3242, #6241, #846, .T. ) ;
#664 = DIRECTION ( 'NONE',  ( 0.000000000000000000, 0.000000000000000000, -1.000000000000000000 ) ) ;
#665 = DIRECTION ( 'NONE',  ( -1.000000000000000000, -0.000000000000000000, -0.000000000000000000 ) ) ;
#666 = DIRECTION ( 'NONE',  ( -0.000000000000000000, -0.000000000000000000, -1.000000000000000000 ) ) ;
#667 = AXIS2_PLACEMENT_3D ( 'NONE', #4506, #5853, #1404 ) ;
#668 = EDGE_LOOP ( 'NONE', ( #1076, #2710, #1728, #2673, #970, #3328, #1538, #5589, #4712, #1017 ) ) ;
#669 = FACE_OUTER_BOUND ( 'NONE', #3729, .T. ) ;
#670 = EDGE_CURVE ( 'NONE', #1437, #4579, #5443, .T. ) ;
#671 = ORIENTED_EDGE ( 'NONE', *, *, #3509, .F. ) ;
#672 = ORIENTED_EDGE ( 'NONE', *, *, #3596, .F. ) ;
#673 = CARTESIAN_POINT ( 'NONE',  ( 0.7250000000000105249, 0.000000000000000000, 4.875000000000000000 ) ) ;
#674 = EDGE_CURVE ( 'NONE', #5781, #73, #2868, .T. ) ;
#675 = ORIENTED_EDGE ( 'NONE', *, *, #1865, .T. ) ;
#676 = DIRECTION ( 'NONE',  ( -1.000000000000000000, 0.000000000000000000, 0.000000000000000000 ) ) ;
#677 = PLANE ( 'NONE',  #2464 ) ;
#678 = DIRECTION ( 'NONE',  ( -1.000000000000000000, 0.000000000000000000, 0.000000000000000000 ) ) ;
#679 = ORIENTED_EDGE ( 'NONE', *, *, #1335, .T. ) ;
#680 = LINE ( 'NONE', #5077, #1756 ) ;
#681 = VERTEX_POINT ( 'NONE', #4359 ) ;
#682 = ADVANCED_FACE ( 'NONE', ( #938 ), #5130, .F. ) ;
#683 = CARTESIAN_POINT ( 'NONE',  ( -20.49999999999999645, 20.50000000000000355, 67.50000000000000000 ) ) ;
#684 = FACE_BOUND ( 'NONE', #3638, .T. ) ;
#685 = SHAPE_REPRESENTATION ( 'PRT-16', ( #1582 ), #3142 ) ;
#686 = SURFACE_STYLE_USAGE ( .BOTH. , #5675 ) ;
#687 = LINE ( 'NONE', #1267, #3711 ) ;
#688 = DIRECTION ( 'NONE',  ( 1.734723475976806848E-16, -0.000000000000000000, -1.000000000000000000 ) ) ;
#689 = VERTEX_POINT ( 'NONE', #6301 ) ;
#690 = CONTEXT_DEPENDENT_SHAPE_REPRESENTATION ( #299, #2313 ) ;
#691 = CIRCLE ( 'NONE', #3566, 1.499999999999999556 ) ;
#692 = CIRCLE ( 'NONE', #1929, 2.500000000000002220 ) ;
#693 = CARTESIAN_POINT ( 'NONE',  ( -22.50000000000000000, 21.67157287525381548, -58.32842712474618452 ) ) ;
#694 = DIRECTION ( 'NONE',  ( -1.000000000000000000, -0.000000000000000000, -0.000000000000000000 ) ) ;
#695 =( LENGTH_UNIT ( ) NAMED_UNIT ( * ) SI_UNIT ( .MILLI., .METRE. ) );
#696 = AXIS2_PLACEMENT_3D ( 'NONE', #2321, #1823, #4221 ) ;
#697 = DIRECTION ( 'NONE',  ( 0.000000000000000000, 0.000000000000000000, 1.000000000000000000 ) ) ;
#698 = VECTOR ( 'NONE', #5611, 1000.000000000000000 ) ;
#699 = ADVANCED_FACE ( 'NONE', ( #4389 ), #413, .T. ) ;
#700 = CARTESIAN_POINT ( 'NONE',  ( 7.500000000000002665, -12.49999999999999822, -65.50000000000000000 ) ) ;
#701 = ORIENTED_EDGE ( 'NONE', *, *, #5691, .T. ) ;
#702 = DIRECTION ( 'NONE',  ( -1.000000000000000000, 0.000000000000000000, 0.000000000000000000 ) ) ;
#703 = VECTOR ( 'NONE', #3818, 1000.000000000000000 ) ;
#704 = VERTEX_POINT ( 'NONE', #4777 ) ;
#705 = AXIS2_PLACEMENT_3D ( 'NONE', #1069, #2035, #4489 ) ;
#706 = FACE_OUTER_BOUND ( 'NONE', #1926, .T. ) ;
#707 = VERTEX_POINT ( 'NONE', #1873 ) ;
#708 = FACE_OUTER_BOUND ( 'NONE', #2998, .T. ) ;
#709 = LINE ( 'NONE', #2643, #1732 ) ;
#710 = VECTOR ( 'NONE', #968, 1000.000000000000000 ) ;
#711 = EDGE_CURVE ( 'NONE', #3458, #625, #3864, .T. ) ;
#712 = EDGE_CURVE ( 'NONE', #5797, #2619, #2472, .T. ) ;
#713 = CARTESIAN_POINT ( 'NONE',  ( 9.499999999999998224, 12.50000000000000178, -67.50000000000000000 ) ) ;
#714 = AXIS2_PLACEMENT_3D ( 'NONE', #5011, #584, #5936 ) ;
#715 = ORIENTED_EDGE ( 'NONE', *, *, #1564, .T. ) ;
#716 = CARTESIAN_POINT ( 'NONE',  ( 12.99999999999999822, 0.000000000000000000, 0.000000000000000000 ) ) ;
#717 = ORIENTED_EDGE ( 'NONE', *, *, #5151, .T. ) ;
#718 = VERTEX_POINT ( 'NONE', #446 ) ;
#719 = ORIENTED_EDGE ( 'NONE', *, *, #230, .T. ) ;
#720 = VECTOR ( 'NONE', #6257, 1000.000000000000000 ) ;
#721 = CARTESIAN_POINT ( 'NONE',  ( -22.50000000000000000, 32.50000000000000000, 67.50000000000000000 ) ) ;
#722 = FACE_OUTER_BOUND ( 'NONE', #5371, .T. ) ;
#723 = AXIS2_PLACEMENT_3D ( 'NONE', #4517, #2522, #2497 ) ;
#724 = EDGE_CURVE ( 'NONE', #6230, #3786, #5854, .T. ) ;
#725 = EDGE_CURVE ( 'NONE', #1859, #5089, #5756, .T. ) ;
#726 = AXIS2_PLACEMENT_3D ( 'NONE', #4340, #4401, #1814 ) ;
#727 = DIRECTION ( 'NONE',  ( 0.000000000000000000, 0.000000000000000000, -1.000000000000000000 ) ) ;
#728 = CARTESIAN_POINT ( 'NONE',  ( -5.049999999999999822, 10.05000000000000071, 1.000000000000000888 ) ) ;
#729 = CIRCLE ( 'NONE', #5580, 2.000000000000001776 ) ;
#730 = DIRECTION ( 'NONE',  ( -1.000000000000000000, 0.000000000000000000, 0.000000000000000000 ) ) ;
#731 = AXIS2_PLACEMENT_3D ( 'NONE', #1134, #149, #1709 ) ;
#732 = ORIENTED_EDGE ( 'NONE', *, *, #3829, .T. ) ;
#733 = ADVANCED_FACE ( 'NONE', ( #807 ), #2423, .F. ) ;
#734 = ORIENTED_EDGE ( 'NONE', *, *, #1821, .F. ) ;
#735 = AXIS2_PLACEMENT_3D ( 'NONE', #3667, #5067, #702 ) ;
#736 = CYLINDRICAL_SURFACE ( 'NONE', #6009, 2.499999999999996447 ) ;
#737 = DIRECTION ( 'NONE',  ( 1.000000000000000000, 0.000000000000000000, 0.000000000000000000 ) ) ;
#738 = SHAPE_REPRESENTATION_RELATIONSHIP ( 'NONE' , 'NONE' ,  #685, #3658 ) ;
#739 = VECTOR ( 'NONE', #4354, 1000.000000000000000 ) ;
#740 = LINE ( 'NONE', #2706, #3683 ) ;
#741 = FACE_OUTER_BOUND ( 'NONE', #5840, .T. ) ;
#742 = EDGE_LOOP ( 'NONE', ( #350, #4158 ) ) ;
#743 = DIRECTION ( 'NONE',  ( -1.000000000000000000, 0.000000000000000000, 0.000000000000000000 ) ) ;
#744 = AXIS2_PLACEMENT_3D ( 'NONE', #2923, #2383, #3948 ) ;
#745 = ORIENTED_EDGE ( 'NONE', *, *, #356, .T. ) ;
#746 = CARTESIAN_POINT ( 'NONE',  ( 11.00000000000000533, 17.50000000000000000, 58.70000000000000284 ) ) ;
#747 = ORIENTED_EDGE ( 'NONE', *, *, #4894, .F. ) ;
#748 = CYLINDRICAL_SURFACE ( 'NONE', #3591, 2.499999999999995115 ) ;
#749 = CARTESIAN_POINT ( 'NONE',  ( 1.300000000000000044, 1.478016689125442928, -1.734723475976807094E-15 ) ) ;
#750 = CARTESIAN_POINT ( 'NONE',  ( -15.50000000000000178, -20.50000000000000355, 34.99999999999999289 ) ) ;
#751 = VERTEX_POINT ( 'NONE', #6361 ) ;
#752 = DIRECTION ( 'NONE',  ( 1.000000000000000000, 0.000000000000000000, 0.000000000000000000 ) ) ;
#753 = EDGE_LOOP ( 'NONE', ( #4650, #3961, #5626, #4040 ) ) ;
#754 = EDGE_CURVE ( 'NONE', #785, #2300, #1928, .T. ) ;
#755 = CARTESIAN_POINT ( 'NONE',  ( -7.500000000000000000, 32.50000000000000000, 67.50000000000000000 ) ) ;
#756 = DIRECTION ( 'NONE',  ( 1.000000000000000000, 0.000000000000000000, 0.000000000000000000 ) ) ;
#757 = FACE_OUTER_BOUND ( 'NONE', #5623, .T. ) ;
#758 = DIRECTION ( 'NONE',  ( -1.000000000000000000, -0.000000000000000000, -0.000000000000000000 ) ) ;
#759 = EDGE_CURVE ( 'NONE', #1098, #3258, #3528, .T. ) ;
#760 = EDGE_CURVE ( 'NONE', #4764, #3480, #2140, .T. ) ;
#761 = VERTEX_POINT ( 'NONE', #5523 ) ;
#762 = CARTESIAN_POINT ( 'NONE',  ( -2.499999999999997780, 0.000000000000000000, -30.00000000000000000 ) ) ;
#763 = DIRECTION ( 'NONE',  ( 1.000000000000000000, 0.000000000000000000, 0.000000000000000000 ) ) ;
#764 = EDGE_CURVE ( 'NONE', #3720, #3442, #794, .T. ) ;
#765 =( NAMED_UNIT ( * ) SI_UNIT ( $, .STERADIAN. ) SOLID_ANGLE_UNIT ( ) );
#766 = CARTESIAN_POINT ( 'NONE',  ( 29.55500000000001748, 0.000000000000000000, 0.000000000000000000 ) ) ;
#767 = AXIS2_PLACEMENT_3D ( 'NONE', #4409, #403, #1489 ) ;
#768 = DIRECTION ( 'NONE',  ( -0.000000000000000000, -0.000000000000000000, 1.000000000000000000 ) ) ;
#769 = ORIENTED_EDGE ( 'NONE', *, *, #2104, .F. ) ;
#770 = PLANE ( 'NONE',  #4345 ) ;
#771 = EDGE_LOOP ( 'NONE', ( #2677, #1409 ) ) ;
#772 = DIRECTION ( 'NONE',  ( -0.000000000000000000, -0.000000000000000000, 1.000000000000000000 ) ) ;
#773 = CARTESIAN_POINT ( 'NONE',  ( -12.49999999999999822, -17.50000000000000000, 58.70000000000000284 ) ) ;
#774 = DIRECTION ( 'NONE',  ( 0.000000000000000000, -1.000000000000000000, 0.000000000000000000 ) ) ;
#775 = VECTOR ( 'NONE', #1968, 1000.000000000000114 ) ;
#776 = CARTESIAN_POINT ( 'NONE',  ( 3.000000000000002665, 3.367778697655221012E-16, -2.750000000000000000 ) ) ;
#777 = VERTEX_POINT ( 'NONE', #1444 ) ;
#778 = FACE_OUTER_BOUND ( 'NONE', #4859, .T. ) ;
#779 = EDGE_LOOP ( 'NONE', ( #4058, #6164, #3016, #5527 ) ) ;
#780 = CARTESIAN_POINT ( 'NONE',  ( 1.899999999999999911, 0.8660254037844380415, -1.499999999999999556 ) ) ;
#781 = CARTESIAN_POINT ( 'NONE',  ( 0.000000000000000000, 0.000000000000000000, -67.50000000000000000 ) ) ;
#782 = CARTESIAN_POINT ( 'NONE',  ( 1.300000000000000044, -1.478016689125442040, 1.626303258728256651E-15 ) ) ;
#783 = EDGE_CURVE ( 'NONE', #1356, #4559, #2450, .T. ) ;
#784 = DIRECTION ( 'NONE',  ( -0.000000000000000000, -0.000000000000000000, 1.000000000000000000 ) ) ;
#785 = VERTEX_POINT ( 'NONE', #1970 ) ;
#786 = CARTESIAN_POINT ( 'NONE',  ( -2.499999999999996447, 3.061616997868378704E-16, 30.00000000000000000 ) ) ;
#787 = EDGE_LOOP ( 'NONE', ( #1972, #108, #3251, #4122 ) ) ;
#788 = ADVANCED_FACE ( 'NONE', ( #2489 ), #5494, .T. ) ;
#789 = EDGE_CURVE ( 'NONE', #3720, #4643, #5426, .T. ) ;
#790 = DIRECTION ( 'NONE',  ( 0.000000000000000000, 1.000000000000000000, 0.000000000000000000 ) ) ;
#791 = DIRECTION ( 'NONE',  ( 1.000000000000000000, 0.000000000000000000, 0.000000000000000000 ) ) ;
#792 =( LENGTH_UNIT ( ) NAMED_UNIT ( * ) SI_UNIT ( .MILLI., .METRE. ) );
#793 = DIRECTION ( 'NONE',  ( -1.000000000000000000, 0.000000000000000000, 0.000000000000000000 ) ) ;
#794 = CIRCLE ( 'NONE', #3463, 1.279999999999999805 ) ;
#795 = VECTOR ( 'NONE', #4725, 1000.000000000000000 ) ;
#796 = EDGE_CURVE ( 'NONE', #4496, #4631, #691, .T. ) ;
#797 = CYLINDRICAL_SURFACE ( 'NONE', #2671, 1.499999999999999556 ) ;
#798 = ORIENTED_EDGE ( 'NONE', *, *, #3238, .F. ) ;
#799 = FACE_OUTER_BOUND ( 'NONE', #4260, .T. ) ;
#800 = DIRECTION ( 'NONE',  ( 0.000000000000000000, 0.000000000000000000, 1.000000000000000000 ) ) ;
#801 = ORIENTED_EDGE ( 'NONE', *, *, #1492, .T. ) ;
#802 = AXIS2_PLACEMENT_3D ( 'NONE', #308, #862, #6322 ) ;
#803 =( REPRESENTATION_RELATIONSHIP ('NONE','NONE', #5522, #5350 ) REPRESENTATION_RELATIONSHIP_WITH_TRANSFORMATION ( #1758 )SHAPE_REPRESENTATION_RELATIONSHIP( ) );
#804 = VECTOR ( 'NONE', #2746, 1000.000000000000000 ) ;
#805 = DIRECTION ( 'NONE',  ( 0.000000000000000000, 1.000000000000000000, 0.000000000000000000 ) ) ;
#806 = FACE_OUTER_BOUND ( 'NONE', #2127, .T. ) ;
#807 = FACE_OUTER_BOUND ( 'NONE', #2091, .T. ) ;
#808 = VECTOR ( 'NONE', #664, 1000.000000000000000 ) ;
#809 = ADVANCED_FACE ( 'NONE', ( #4481 ), #3464, .F. ) ;
#810 = AXIS2_PLACEMENT_3D ( 'NONE', #3940, #5470, #5436 ) ;
#811 = DIRECTION ( 'NONE',  ( 1.000000000000000000, -0.000000000000000000, 1.734723475976806848E-16 ) ) ;
#812 = AXIS2_PLACEMENT_3D ( 'NONE', #5408, #854, #2818 ) ;
#813 = EDGE_LOOP ( 'NONE', ( #2537, #2023, #1877 ) ) ;
#814 = LINE ( 'NONE', #3384, #2284 ) ;
#815 = AXIS2_PLACEMENT_3D ( 'NONE', #628, #5712, #756 ) ;
#816 = ORIENTED_EDGE ( 'NONE', *, *, #221, .T. ) ;
#817 = CARTESIAN_POINT ( 'NONE',  ( 12.49999999999999467, -17.50000000000000355, 34.99999999999999289 ) ) ;
#818 = CONICAL_SURFACE ( 'NONE', #3693, 2.450000000000002398, 0.7853981633974410625 ) ;
#819 = FACE_BOUND ( 'NONE', #3963, .T. ) ;
#820 = AXIS2_PLACEMENT_3D ( 'NONE', #144, #2130, #374 ) ;
#821 = AXIS2_PLACEMENT_3D ( 'NONE', #2622, #4592, #6088 ) ;
#822 = FACE_OUTER_BOUND ( 'NONE', #5381, .T. ) ;
#823 = FACE_OUTER_BOUND ( 'NONE', #509, .T. ) ;
#824 = VECTOR ( 'NONE', #4550, 1000.000000000000000 ) ;
#825 = ORIENTED_EDGE ( 'NONE', *, *, #3282, .F. ) ;
#826 = CONICAL_SURFACE ( 'NONE', #4635, 2.499999999999995115, 1.029744258676651869 ) ;
#827 = ORIENTED_EDGE ( 'NONE', *, *, #4033, .T. ) ;
#828 = ITEM_DEFINED_TRANSFORMATION ( 'NONE', 'NONE', #4063,  #1582 ) ;
#829 = LINE ( 'NONE', #2347, #3512 ) ;
#830 = VECTOR ( 'NONE', #4789, 1000.000000000000000 ) ;
#831 = CARTESIAN_POINT ( 'NONE',  ( 15.00000000000000000, 22.50000000000000000, -60.00000000000000000 ) ) ;
#832 = CONICAL_SURFACE ( 'NONE', #3495, 1.279999999999999805, 1.047197551196595633 ) ;
#833 = ADVANCED_FACE ( 'NONE', ( #6011 ), #4305, .F. ) ;
#834 = FILL_AREA_STYLE ('',( #5260 ) ) ;
#835 = CYLINDRICAL_SURFACE ( 'NONE', #1435, 1.499999999999999556 ) ;
#836 = STYLED_ITEM ( 'NONE', ( #2427 ), #3290 ) ;
#837 = DIRECTION ( 'NONE',  ( -1.000000000000000000, 0.000000000000000000, 0.000000000000000000 ) ) ;
#838 = ORIENTED_EDGE ( 'NONE', *, *, #6131, .F. ) ;
#839 = DIRECTION ( 'NONE',  ( 0.000000000000000000, -0.000000000000000000, -1.000000000000000000 ) ) ;
#840 = CARTESIAN_POINT ( 'NONE',  ( 16.50000000000000000, -20.50000000000000355, 34.99999999999999289 ) ) ;
#841 = VECTOR ( 'NONE', #3494, 1000.000000000000000 ) ;
#842 = EDGE_CURVE ( 'NONE', #3335, #3433, #3585, .T. ) ;
#843 = CARTESIAN_POINT ( 'NONE',  ( 4.999999999999999112, 10.00000000000000178, 345.0000000000000000 ) ) ;
#844 = EDGE_CURVE ( 'NONE', #1626, #751, #161, .T. ) ;
#845 = DIRECTION ( 'NONE',  ( 0.000000000000000000, 0.000000000000000000, 1.000000000000000000 ) ) ;
#846 = LINE ( 'NONE', #5327, #5017 ) ;
#847 = VECTOR ( 'NONE', #5120, 1000.000000000000000 ) ;
#848 = DIRECTION ( 'NONE',  ( 0.000000000000000000, 0.000000000000000000, -1.000000000000000000 ) ) ;
#849 = ORIENTED_EDGE ( 'NONE', *, *, #5375, .T. ) ;
#850 = CARTESIAN_POINT ( 'NONE',  ( 1.300000000000000044, -0.7390083445627192438, 1.280000000000000915 ) ) ;
#851 = ORIENTED_EDGE ( 'NONE', *, *, #3038, .T. ) ;
#852 = ADVANCED_FACE ( 'NONE', ( #2933 ), #5949, .T. ) ;
#853 = DIRECTION ( 'NONE',  ( 0.000000000000000000, 0.000000000000000000, 1.000000000000000000 ) ) ;
#854 = DIRECTION ( 'NONE',  ( 0.000000000000000000, 0.000000000000000000, -1.000000000000000000 ) ) ;
#855 = CARTESIAN_POINT ( 'NONE',  ( 1.300000000000000044, 0.7390083445627199099, -1.280000000000000693 ) ) ;
#856 = DIRECTION ( 'NONE',  ( -0.000000000000000000, 0.000000000000000000, 1.000000000000000000 ) ) ;
#857 = EDGE_LOOP ( 'NONE', ( #5999, #978, #4495, #1394 ) ) ;
#858 = VERTEX_POINT ( 'NONE', #478 ) ;
#859 = DIRECTION ( 'NONE',  ( -0.000000000000000000, -0.000000000000000000, -1.000000000000000000 ) ) ;
#860 = PRODUCT_DEFINITION_SHAPE ( 'NONE', 'NONE',  #2432 ) ;
#861 = CARTESIAN_POINT ( 'NONE',  ( 12.50000000000000178, -17.50000000000000000, 58.70000000000000284 ) ) ;
#862 = DIRECTION ( 'NONE',  ( -0.000000000000000000, -0.000000000000000000, 1.000000000000000000 ) ) ;
#863 = LINE ( 'NONE', #5720, #720 ) ;
#864 = ADVANCED_FACE ( 'NONE', ( #2573, #5979, #1060, #1498, #5922, #6396 ), #3438, .T. ) ;
#865 = ORIENTED_EDGE ( 'NONE', *, *, #5217, .T. ) ;
#866 = FACE_BOUND ( 'NONE', #1033, .T. ) ;
#867 = DIRECTION ( 'NONE',  ( -1.000000000000000000, -0.000000000000000000, -0.000000000000000000 ) ) ;
#868 = CARTESIAN_POINT ( 'NONE',  ( -5.499999999999998224, -10.50000000000000533, 30.00000000000000000 ) ) ;
#869 = DIRECTION ( 'NONE',  ( 1.000000000000000000, -0.000000000000000000, 0.000000000000000000 ) ) ;
#870 = DIRECTION ( 'NONE',  ( 1.000000000000000000, 0.000000000000000000, 0.000000000000000000 ) ) ;
#871 = CARTESIAN_POINT ( 'NONE',  ( -5.464213562373093858, -10.46421356237309652, 34.99999999999999289 ) ) ;
#872 = ADVANCED_FACE ( 'NONE', ( #38 ), #2027, .F. ) ;
#873 = EDGE_CURVE ( 'NONE', #3504, #3647, #3079, .T. ) ;
#874 = ORIENTED_EDGE ( 'NONE', *, *, #1748, .F. ) ;
#875 = DIRECTION ( 'NONE',  ( 0.000000000000000000, 0.000000000000000000, 1.000000000000000000 ) ) ;
#876 = ORIENTED_EDGE ( 'NONE', *, *, #5003, .F. ) ;
#877 = ORIENTED_EDGE ( 'NONE', *, *, #1764, .F. ) ;
#878 = FACE_OUTER_BOUND ( 'NONE', #642, .T. ) ;
#879 = CARTESIAN_POINT ( 'NONE',  ( -15.00000000000000000, 22.50000000000000000, -62.49999999999998579 ) ) ;
#880 = PLANE ( 'NONE',  #5454 ) ;
#881 = EDGE_CURVE ( 'NONE', #4362, #4217, #2255, .T. ) ;
#882 = LINE ( 'NONE', #1361, #2687 ) ;
#883 = VECTOR ( 'NONE', #8, 1000.000000000000000 ) ;
#884 = ORIENTED_EDGE ( 'NONE', *, *, #559, .F. ) ;
#885 = ORIENTED_EDGE ( 'NONE', *, *, #4218, .F. ) ;
#886 = CARTESIAN_POINT ( 'NONE',  ( 3.000000000000002665, 0.000000000000000000, 2.750000000000000000 ) ) ;
#887 = CARTESIAN_POINT ( 'NONE',  ( 29.55500000000001748, 0.000000000000000000, 0.000000000000000000 ) ) ;
#888 =( BOUNDED_CURVE ( )  B_SPLINE_CURVE ( 3, ( #5304, #899, #1876, #6303 ),
 .UNSPECIFIED., .F., .F. ) 
 B_SPLINE_CURVE_WITH_KNOTS ( ( 4, 4 ),
 ( 1.570796326794896558, 3.141592653589793116 ),
 .UNSPECIFIED. ) 
 CURVE ( )  GEOMETRIC_REPRESENTATION_ITEM ( )  RATIONAL_B_SPLINE_CURVE ( ( 1.000000000000000000, 0.8047378541243649375, 0.8047378541243649375, 1.000000000000000000 ) ) 
 REPRESENTATION_ITEM ( '' )  );
#889 = FACE_OUTER_BOUND ( 'NONE', #6280, .T. ) ;
#890 = ORIENTED_EDGE ( 'NONE', *, *, #1530, .T. ) ;
#891 = DIRECTION ( 'NONE',  ( -1.000000000000000000, -0.000000000000000000, -0.000000000000000000 ) ) ;
#892 = VERTEX_POINT ( 'NONE', #5063 ) ;
#893 = CARTESIAN_POINT ( 'NONE',  ( 9.500000000000005329, 32.50000000000000000, -57.50000000000000000 ) ) ;
#894 = ORIENTED_EDGE ( 'NONE', *, *, #3553, .F. ) ;
#895 = FACE_OUTER_BOUND ( 'NONE', #4905, .T. ) ;
#896 = LINE ( 'NONE', #2834, #2221 ) ;
#897 = CARTESIAN_POINT ( 'NONE',  ( 15.50000000000000000, 22.49999999999999645, 30.00000000000000000 ) ) ;
#898 = EDGE_CURVE ( 'NONE', #4239, #5343, #5551, .T. ) ;
#899 = CARTESIAN_POINT ( 'NONE',  ( -5.464213562373093858, 10.46421356237309652, 34.99999999999999289 ) ) ;
#900 = VERTEX_POINT ( 'NONE', #3699 ) ;
#901 = DIRECTION ( 'NONE',  ( -1.000000000000000000, -0.000000000000000000, -0.000000000000000000 ) ) ;
#902 = CIRCLE ( 'NONE', #802, 1.499999999999999556 ) ;
#903 = EDGE_LOOP ( 'NONE', ( #3192, #5266, #4332, #2911 ) ) ;
#904 = AXIS2_PLACEMENT_3D ( 'NONE', #1049, #3022, #4108 ) ;
#905 = ORIENTED_EDGE ( 'NONE', *, *, #381, .F. ) ;
#906 = FACE_OUTER_BOUND ( 'NONE', #153, .T. ) ;
#907 = VECTOR ( 'NONE', #1368, 1000.000000000000000 ) ;
#908 = DIRECTION ( 'NONE',  ( -0.000000000000000000, -0.000000000000000000, 1.000000000000000000 ) ) ;
#909 = DIRECTION ( 'NONE',  ( 0.000000000000000000, 0.000000000000000000, -1.000000000000000000 ) ) ;
#910 = ADVANCED_FACE ( 'NONE', ( #1725 ), #5689, .T. ) ;
#911 = CIRCLE ( 'NONE', #2463, 2.499999999999997780 ) ;
#912 = CIRCLE ( 'NONE', #3273, 2.500000000000002220 ) ;
#913 = CARTESIAN_POINT ( 'NONE',  ( -12.49999999999999822, -17.50000000000000000, -67.50000000000000000 ) ) ;
#914 = ORIENTED_EDGE ( 'NONE', *, *, #438, .F. ) ;
#915 = CARTESIAN_POINT ( 'NONE',  ( 1.300000000000002709, -1.502314598737159228E-15, -1.279999999999999805 ) ) ;
#916 = ORIENTED_EDGE ( 'NONE', *, *, #5054, .T. ) ;
#917 = VECTOR ( 'NONE', #2501, 1000.000000000000000 ) ;
#918 = ORIENTED_EDGE ( 'NONE', *, *, #527, .F. ) ;
#919 = EDGE_CURVE ( 'NONE', #998, #2504, #1613, .T. ) ;
#920 = EDGE_CURVE ( 'NONE', #1467, #644, #2732, .T. ) ;
#921 = VECTOR ( 'NONE', #2352, 1000.000000000000000 ) ;
#922 = LINE ( 'NONE', #5839, #3315 ) ;
#923 = ORIENTED_EDGE ( 'NONE', *, *, #5595, .F. ) ;
#924 = VECTOR ( 'NONE', #1236, 1000.000000000000000 ) ;
#925 = ADVANCED_FACE ( 'NONE', ( #2156 ), #2670, .F. ) ;
#926 = CARTESIAN_POINT ( 'NONE',  ( -3.903127820947815962E-15, 2.602085213965210642E-15, -37.50000000000000711 ) ) ;
#927 = FACE_OUTER_BOUND ( 'NONE', #2540, .T. ) ;
#928 = VECTOR ( 'NONE', #3419, 1000.000000000000114 ) ;
#929 =( REPRESENTATION_RELATIONSHIP ('NONE','NONE', #5522, #6186 ) REPRESENTATION_RELATIONSHIP_WITH_TRANSFORMATION ( #5158 )SHAPE_REPRESENTATION_RELATIONSHIP( ) );
#930 = AXIS2_PLACEMENT_3D ( 'NONE', #124, #4381, #4895 ) ;
#931 = FACE_OUTER_BOUND ( 'NONE', #2790, .T. ) ;
#932 = VERTEX_POINT ( 'NONE', #2191 ) ;
#933 = CARTESIAN_POINT ( 'NONE',  ( -12.49999999999999822, -17.50000000000000000, 58.70000000000000284 ) ) ;
#934 = DIRECTION ( 'NONE',  ( 0.000000000000000000, 0.000000000000000000, 1.000000000000000000 ) ) ;
#935 = CARTESIAN_POINT ( 'NONE',  ( 2.499999999999996447, 3.061616997868378704E-16, -30.00000000000000000 ) ) ;
#936 = CARTESIAN_POINT ( 'NONE',  ( -22.50000000000000000, 20.50000000000000355, 67.50000000000000000 ) ) ;
#937 = AXIS2_PLACEMENT_3D ( 'NONE', #2204, #2618, #5142 ) ;
#938 = FACE_OUTER_BOUND ( 'NONE', #1273, .T. ) ;
#939 = DIRECTION ( 'NONE',  ( 0.000000000000000000, 0.000000000000000000, -1.000000000000000000 ) ) ;
#940 = ORIENTED_EDGE ( 'NONE', *, *, #956, .T. ) ;
#941 =( LENGTH_UNIT ( ) NAMED_UNIT ( * ) SI_UNIT ( .MILLI., .METRE. ) );
#942 = AXIS2_PLACEMENT_3D ( 'NONE', #3058, #6110, #643 ) ;
#943 = VERTEX_POINT ( 'NONE', #4118 ) ;
#944 = ORIENTED_EDGE ( 'NONE', *, *, #4955, .T. ) ;
#945 = DIRECTION ( 'NONE',  ( -0.000000000000000000, 1.000000000000000000, -0.000000000000000000 ) ) ;
#946 = DIRECTION ( 'NONE',  ( -0.000000000000000000, -0.000000000000000000, 1.000000000000000000 ) ) ;
#947 = DIRECTION ( 'NONE',  ( -0.8571673007021118895, 0.000000000000000000, -0.5150380749100549327 ) ) ;
#948 = AXIS2_PLACEMENT_3D ( 'NONE', #5323, #4741, #2297 ) ;
#949 = DIRECTION ( 'NONE',  ( 0.000000000000000000, 0.000000000000000000, -1.000000000000000000 ) ) ;
#950 = VERTEX_POINT ( 'NONE', #6106 ) ;
#951 = CARTESIAN_POINT ( 'NONE',  ( 1.899999999999999911, -0.8660254037844387076, -1.500000000000000000 ) ) ;
#952 = EDGE_CURVE ( 'NONE', #2639, #1672, #6061, .T. ) ;
#953 = ORIENTED_EDGE ( 'NONE', *, *, #6181, .F. ) ;
#954 = ORIENTED_EDGE ( 'NONE', *, *, #136, .T. ) ;
#955 = EDGE_CURVE ( 'NONE', #2842, #4199, #5198, .T. ) ;
#956 = EDGE_CURVE ( 'NONE', #109, #5606, #1668, .T. ) ;
#957 = FACE_OUTER_BOUND ( 'NONE', #6321, .T. ) ;
#958 = CARTESIAN_POINT ( 'NONE',  ( 12.50000000000000178, 17.50000000000000000, 75.50000000000001421 ) ) ;
#959 = VERTEX_POINT ( 'NONE', #3598 ) ;
#960 = DIRECTION ( 'NONE',  ( 0.000000000000000000, 1.000000000000000000, 0.000000000000000000 ) ) ;
#961 = ADVANCED_FACE ( 'NONE', ( #3183 ), #2253, .F. ) ;
#962 = ORIENTED_EDGE ( 'NONE', *, *, #5307, .T. ) ;
#963 = CARTESIAN_POINT ( 'NONE',  ( -6.049999999999999822, 11.05000000000000071, 0.000000000000000000 ) ) ;
#964 = CARTESIAN_POINT ( 'NONE',  ( -12.50000000000000533, 17.49999999999999645, 34.99999999999999289 ) ) ;
#965 = ORIENTED_EDGE ( 'NONE', *, *, #844, .F. ) ;
#966 = CARTESIAN_POINT ( 'NONE',  ( 1.899999999999999911, -1.732050807568877859, -1.728583000645028615E-17 ) ) ;
#967 = DIRECTION ( 'NONE',  ( 0.000000000000000000, 0.000000000000000000, 1.000000000000000000 ) ) ;
#968 = DIRECTION ( 'NONE',  ( -0.000000000000000000, 1.000000000000000000, -0.000000000000000000 ) ) ;
#969 = ORIENTED_EDGE ( 'NONE', *, *, #5087, .F. ) ;
#970 = ORIENTED_EDGE ( 'NONE', *, *, #5981, .T. ) ;
#971 = DIRECTION ( 'NONE',  ( 0.000000000000000000, 0.000000000000000000, 1.000000000000000000 ) ) ;
#972 = DIRECTION ( 'NONE',  ( -0.7071067811865334729, 0.000000000000000000, 0.7071067811865617836 ) ) ;
#973 = DIRECTION ( 'NONE',  ( 0.000000000000000000, 0.000000000000000000, 1.000000000000000000 ) ) ;
#974 = AXIS2_PLACEMENT_3D ( 'NONE', #958, #5352, #2900 ) ;
#975 = CARTESIAN_POINT ( 'NONE',  ( 30.00000000000000000, 0.000000000000000000, 0.000000000000000000 ) ) ;
#976 = ORIENTED_EDGE ( 'NONE', *, *, #4780, .F. ) ;
#977 = CARTESIAN_POINT ( 'NONE',  ( 15.00000000000001421, 22.50000000000000000, 60.00000000000000000 ) ) ;
#978 = ORIENTED_EDGE ( 'NONE', *, *, #754, .F. ) ;
#979 = VERTEX_POINT ( 'NONE', #3091 ) ;
#980 = ADVANCED_FACE ( 'NONE', ( #6068 ), #3994, .F. ) ;
#981 = LINE ( 'NONE', #3975, #3620 ) ;
#982 = ORIENTED_EDGE ( 'NONE', *, *, #1110, .F. ) ;
#983 = DIRECTION ( 'NONE',  ( -1.000000000000000000, 0.000000000000000000, 0.000000000000000000 ) ) ;
#984 = EDGE_CURVE ( 'NONE', #4386, #5750, #740, .T. ) ;
#985 = EDGE_CURVE ( 'NONE', #1189, #2012, #3151, .T. ) ;
#986 = CARTESIAN_POINT ( 'NONE',  ( 5.049999999999999822, -10.05000000000000071, 1.000000000000000888 ) ) ;
#987 = ORIENTED_EDGE ( 'NONE', *, *, #5981, .F. ) ;
#988 = LINE ( 'NONE', #2955, #1347 ) ;
#989 = DIRECTION ( 'NONE',  ( 0.000000000000000000, 0.000000000000000000, 1.000000000000000000 ) ) ;
#990 = ORIENTED_EDGE ( 'NONE', *, *, #1748, .T. ) ;
#991 = FACE_OUTER_BOUND ( 'NONE', #5807, .T. ) ;
#992 = DIRECTION ( 'NONE',  ( 0.000000000000000000, 0.000000000000000000, 1.000000000000000000 ) ) ;
#993 = EDGE_CURVE ( 'NONE', #3417, #352, #259, .T. ) ;
#994 = EDGE_CURVE ( 'NONE', #1412, #932, #4184, .T. ) ;
#995 = DIRECTION ( 'NONE',  ( -1.734723475976806848E-16, -0.000000000000000000, 1.000000000000000000 ) ) ;
#996 = ORIENTED_EDGE ( 'NONE', *, *, #4818, .T. ) ;
#997 = VERTEX_POINT ( 'NONE', #4866 ) ;
#998 = VERTEX_POINT ( 'NONE', #3764 ) ;
#999 = DIRECTION ( 'NONE',  ( 0.000000000000000000, 0.000000000000000000, 1.000000000000000000 ) ) ;
#1000 = DIRECTION ( 'NONE',  ( -1.000000000000000000, 0.000000000000000000, 0.000000000000000000 ) ) ;
#1001 = CARTESIAN_POINT ( 'NONE',  ( 4.999999999999999112, 10.00000000000000178, -345.0000000000000000 ) ) ;
#1002 = EDGE_CURVE ( 'NONE', #6040, #2063, #3367, .T. ) ;
#1003 = CARTESIAN_POINT ( 'NONE',  ( 0.000000000000000000, -21.50000000000000000, 33.99999999999999289 ) ) ;
#1004 = AXIS2_PLACEMENT_3D ( 'NONE', #2988, #2018, #27 ) ;
#1005 = ORIENTED_EDGE ( 'NONE', *, *, #136, .F. ) ;
#1006 = DIRECTION ( 'NONE',  ( 0.000000000000000000, 0.5000000000000003331, -0.8660254037844384856 ) ) ;
#1007 = EDGE_LOOP ( 'NONE', ( #2392, #163, #3576, #5287, #68, #460 ) ) ;
#1008 = VECTOR ( 'NONE', #2562, 1000.000000000000000 ) ;
#1009 = ORIENTED_EDGE ( 'NONE', *, *, #6055, .F. ) ;
#1010 = CIRCLE ( 'NONE', #1620, 1.499999999999997780 ) ;
#1011 = AXIS2_PLACEMENT_3D ( 'NONE', #410, #2772, #4799 ) ;
#1012 = AXIS2_PLACEMENT_3D ( 'NONE', #6046, #5435, #5469 ) ;
#1013 = CYLINDRICAL_SURFACE ( 'NONE', #1004, 1.499999999999999556 ) ;
#1014 = DIRECTION ( 'NONE',  ( 0.3492159816564088248, -0.9370422606028774304, 5.551115123125782702E-17 ) ) ;
#1015 = CIRCLE ( 'NONE', #2558, 2.000000000000001776 ) ;
#1016 = CARTESIAN_POINT ( 'NONE',  ( 1.300000000000000044, 1.478016689125442928, -1.734723475976807094E-15 ) ) ;
#1017 = ORIENTED_EDGE ( 'NONE', *, *, #4578, .T. ) ;
#1018 = AXIS2_PLACEMENT_3D ( 'NONE', #3140, #3231, #4718 ) ;
#1019 = VERTEX_POINT ( 'NONE', #4769 ) ;
#1020 = CARTESIAN_POINT ( 'NONE',  ( 12.50000000000000178, -17.50000000000000000, -58.70000000000000284 ) ) ;
#1021 = ADVANCED_FACE ( 'NONE', ( #927 ), #5971, .F. ) ;
#1022 = CYLINDRICAL_SURFACE ( 'NONE', #3105, 2.000000000000001776 ) ;
#1023 = VECTOR ( 'NONE', #4089, 1000.000000000000000 ) ;
#1024 = VERTEX_POINT ( 'NONE', #1892 ) ;
#1025 = LINE ( 'NONE', #4901, #565 ) ;
#1026 = DIRECTION ( 'NONE',  ( 1.000000000000000000, 0.000000000000000000, -0.000000000000000000 ) ) ;
#1027 = CIRCLE ( 'NONE', #2276, 1.000000000000000888 ) ;
#1028 = CARTESIAN_POINT ( 'NONE',  ( 16.50000000000000000, 20.49999999999999289, 34.99999999999999289 ) ) ;
#1029 = VECTOR ( 'NONE', #5203, 1000.000000000000000 ) ;
#1030 = ORIENTED_EDGE ( 'NONE', *, *, #4186, .T. ) ;
#1031 = CARTESIAN_POINT ( 'NONE',  ( 5.500000000000001776, -10.50000000000000533, 0.000000000000000000 ) ) ;
#1032 = EDGE_CURVE ( 'NONE', #5716, #3298, #6256, .T. ) ;
#1033 = EDGE_LOOP ( 'NONE', ( #4754, #1396 ) ) ;
#1034 = CARTESIAN_POINT ( 'NONE',  ( 20.49999999999999645, -20.49999999999999645, -67.50000000000000000 ) ) ;
#1035 = ADVANCED_FACE ( 'NONE', ( #6228, #6290 ), #5228, .T. ) ;
#1036 = AXIS2_PLACEMENT_3D ( 'NONE', #5472, #619, #1549 ) ;
#1037 = FACE_OUTER_BOUND ( 'NONE', #4027, .T. ) ;
#1038 = CARTESIAN_POINT ( 'NONE',  ( 3.100000000000005418, 0.000000000000000000, 1.500000000000000222 ) ) ;
#1039 = VERTEX_POINT ( 'NONE', #3121 ) ;
#1040 = VECTOR ( 'NONE', #3562, 1000.000000000000000 ) ;
#1041 = CARTESIAN_POINT ( 'NONE',  ( -12.49999999999999822, -17.50000000000000000, 58.70000000000000284 ) ) ;
#1042 = ORIENTED_EDGE ( 'NONE', *, *, #1611, .F. ) ;
#1043 = CYLINDRICAL_SURFACE ( 'NONE', #1036, 2.000000000000000000 ) ;
#1044 = ORIENTED_EDGE ( 'NONE', *, *, #6096, .T. ) ;
#1045 = EDGE_CURVE ( 'NONE', #239, #1024, #902, .T. ) ;
#1046 = AXIS2_PLACEMENT_3D ( 'NONE', #933, #5, #4965 ) ;
#1047 = ORIENTED_EDGE ( 'NONE', *, *, #304, .T. ) ;
#1048 = AXIS2_PLACEMENT_3D ( 'NONE', #5348, #1918, #537 ) ;
#1049 = CARTESIAN_POINT ( 'NONE',  ( -5.499999999999998224, -10.50000000000000533, 30.00000000000000000 ) ) ;
#1050 = MANIFOLD_SOLID_BREP ( 'CSK for M5 Flat Head Machine Screw1', #2358 ) ;
#1051 = DIRECTION ( 'NONE',  ( -2.775557561562890735E-17, 2.311115933264681655E-33, -1.000000000000000000 ) ) ;
#1052 = DIRECTION ( 'NONE',  ( 0.000000000000000000, 0.000000000000000000, 1.000000000000000000 ) ) ;
#1053 = ORIENTED_EDGE ( 'NONE', *, *, #2375, .F. ) ;
#1054 = VERTEX_POINT ( 'NONE', #3736 ) ;
#1055 = CARTESIAN_POINT ( 'NONE',  ( -5.464213562373093858, 10.46421356237309652, 1.191809395359062509E-15 ) ) ;
#1056 = ORIENTED_EDGE ( 'NONE', *, *, #632, .T. ) ;
#1057 = CARTESIAN_POINT ( 'NONE',  ( -22.50000000000000000, 20.50000000000000355, 59.50000000000000711 ) ) ;
#1058 = ORIENTED_EDGE ( 'NONE', *, *, #5328, .T. ) ;
#1059 = CARTESIAN_POINT ( 'NONE',  ( -11.00000000000000000, 17.50000000000000000, 67.50000000000000000 ) ) ;
#1060 = FACE_BOUND ( 'NONE', #3766, .T. ) ;
#1061 = EDGE_CURVE ( 'NONE', #4813, #4647, #1304, .T. ) ;
#1062 = DIRECTION ( 'NONE',  ( -0.5000000000000042188, 1.060575238724903710E-16, -0.8660254037844361541 ) ) ;
#1063 = VERTEX_POINT ( 'NONE', #5719 ) ;
#1064 = DIRECTION ( 'NONE',  ( 0.8571673007021118895, 1.049727191138618079E-16, -0.5150380749100549327 ) ) ;
#1065 = VERTEX_POINT ( 'NONE', #1276 ) ;
#1066 = FACE_OUTER_BOUND ( 'NONE', #5100, .T. ) ;
#1067 = EDGE_LOOP ( 'NONE', ( #2661, #1945, #5176, #3108, #4018 ) ) ;
#1068 = CARTESIAN_POINT ( 'NONE',  ( 0.3000000000000016542, 0.000000000000000000, 0.000000000000000000 ) ) ;
#1069 = CARTESIAN_POINT ( 'NONE',  ( -17.50000000000000000, -22.50000000000000355, 34.99999999999999289 ) ) ;
#1070 = ADVANCED_FACE ( 'NONE', ( #366 ), #1794, .T. ) ;
#1071 = ADVANCED_FACE ( 'NONE', ( #2350 ), #3279, .T. ) ;
#1072 = DIRECTION ( 'NONE',  ( -0.000000000000000000, -0.000000000000000000, 1.000000000000000000 ) ) ;
#1073 = ORIENTED_EDGE ( 'NONE', *, *, #5621, .F. ) ;
#1074 = FACE_OUTER_BOUND ( 'NONE', #4590, .T. ) ;
#1075 = EDGE_LOOP ( 'NONE', ( #1425, #232, #6028, #6010, #654 ) ) ;
#1076 = ORIENTED_EDGE ( 'NONE', *, *, #515, .F. ) ;
#1077 = EDGE_CURVE ( 'NONE', #2504, #998, #4615, .T. ) ;
#1078 = DIRECTION ( 'NONE',  ( 0.000000000000000000, 0.000000000000000000, -1.000000000000000000 ) ) ;
#1079 = APPLICATION_PROTOCOL_DEFINITION ( 'draft international standard', 'automotive_design', 1998, #5931 ) ;
#1080 = CARTESIAN_POINT ( 'NONE',  ( 0.000000000000000000, 0.000000000000000000, 0.000000000000000000 ) ) ;
#1081 = AXIS2_PLACEMENT_3D ( 'NONE', #2360, #869, #3863 ) ;
#1082 = ORIENTED_EDGE ( 'NONE', *, *, #4972, .F. ) ;
#1083 = DIRECTION ( 'NONE',  ( 0.000000000000000000, -1.000000000000000000, 0.000000000000000000 ) ) ;
#1084 = CARTESIAN_POINT ( 'NONE',  ( 9.500000000000005329, 32.50000000000000000, 57.50000000000000000 ) ) ;
#1085 = MANIFOLD_SOLID_BREP ( 'Fillet2', #4515 ) ;
#1086 = CARTESIAN_POINT ( 'NONE',  ( -5.049999999999999822, -10.05000000000000071, 34.99999999999999289 ) ) ;
#1087 = LINE ( 'NONE', #3056, #5990 ) ;
#1088 = ORIENTED_EDGE ( 'NONE', *, *, #3944, .F. ) ;
#1089 = CARTESIAN_POINT ( 'NONE',  ( 9.500000000000005329, 22.50000000000000355, -57.50000000000000000 ) ) ;
#1090 = VERTEX_POINT ( 'NONE', #1920 ) ;
#1091 = DIRECTION ( 'NONE',  ( 1.000000000000000000, 0.000000000000000000, 0.000000000000000000 ) ) ;
#1092 = EDGE_CURVE ( 'NONE', #4879, #2164, #2388, .T. ) ;
#1093 = DIRECTION ( 'NONE',  ( 0.000000000000000000, -1.000000000000000000, 0.000000000000000000 ) ) ;
#1094 = CARTESIAN_POINT ( 'NONE',  ( 15.00000000000000000, 22.50000000000000000, -60.00000000000000000 ) ) ;
#1095 = CYLINDRICAL_SURFACE ( 'NONE', #1117, 1.499999999999999556 ) ;
#1096 = ORIENTED_EDGE ( 'NONE', *, *, #5015, .F. ) ;
#1097 = DIRECTION ( 'NONE',  ( 1.000000000000000000, 0.000000000000000000, 0.000000000000000000 ) ) ;
#1098 = VERTEX_POINT ( 'NONE', #3885 ) ;
#1099 = ORIENTED_EDGE ( 'NONE', *, *, #5328, .F. ) ;
#1100 = ADVANCED_FACE ( 'NONE', ( #5447 ), #2967, .T. ) ;
#1101 = SURFACE_STYLE_FILL_AREA ( #1580 ) ;
#1102 = ORIENTED_EDGE ( 'NONE', *, *, #2816, .T. ) ;
#1103 = VECTOR ( 'NONE', #1834, 1000.000000000000000 ) ;
#1104 = AXIS2_PLACEMENT_3D ( 'NONE', #3116, #588, #158 ) ;
#1105 = FACE_OUTER_BOUND ( 'NONE', #1636, .T. ) ;
#1106 = DIRECTION ( 'NONE',  ( 0.000000000000000000, 0.000000000000000000, 1.000000000000000000 ) ) ;
#1107 = VECTOR ( 'NONE', #3455, 1000.000000000000000 ) ;
#1108 = ADVANCED_FACE ( 'NONE', ( #4962 ), #4380, .T. ) ;
#1109 = VECTOR ( 'NONE', #4071, 1000.000000000000000 ) ;
#1110 = EDGE_CURVE ( 'NONE', #4991, #5781, #2660, .T. ) ;
#1111 = PRODUCT_CONTEXT ( 'NONE', #4269, 'mechanical' ) ;
#1112 = CARTESIAN_POINT ( 'NONE',  ( 3.100000000000005418, 0.000000000000000000, 0.000000000000000000 ) ) ;
#1113 = CIRCLE ( 'NONE', #1517, 1.499999999999999556 ) ;
#1114 = ORIENTED_EDGE ( 'NONE', *, *, #2597, .T. ) ;
#1115 = CARTESIAN_POINT ( 'NONE',  ( 30.00000000000000000, 0.000000000000000000, 0.000000000000000000 ) ) ;
#1116 = CARTESIAN_POINT ( 'NONE',  ( -13.99999999999999645, 17.50000000000000000, -58.70000000000000284 ) ) ;
#1117 = AXIS2_PLACEMENT_3D ( 'NONE', #1707, #4587, #2588 ) ;
#1118 = VECTOR ( 'NONE', #6236, 1000.000000000000000 ) ;
#1119 = CARTESIAN_POINT ( 'NONE',  ( 7.500000000000002665, -12.49999999999999822, 67.50000000000000000 ) ) ;
#1120 = DIRECTION ( 'NONE',  ( 0.000000000000000000, 0.000000000000000000, 1.000000000000000000 ) ) ;
#1121 = CIRCLE ( 'NONE', #1230, 1.499999999999999556 ) ;
#1122 = CARTESIAN_POINT ( 'NONE',  ( -5.000000000000000888, 10.00000000000000178, -345.0000000000000000 ) ) ;
#1123 = ORIENTED_EDGE ( 'NONE', *, *, #5588, .T. ) ;
#1124 = CARTESIAN_POINT ( 'NONE',  ( 0.000000000000000000, -12.50000000000000533, 0.000000000000000000 ) ) ;
#1125 = VECTOR ( 'NONE', #3568, 1000.000000000000000 ) ;
#1126 = EDGE_LOOP ( 'NONE', ( #585, #4, #1455, #4057 ) ) ;
#1127 = ORIENTED_EDGE ( 'NONE', *, *, #670, .T. ) ;
#1128 = CARTESIAN_POINT ( 'NONE',  ( 30.00000000000000000, 2.789133085058097101E-16, -2.055000000000000160 ) ) ;
#1129 = CARTESIAN_POINT ( 'NONE',  ( 1.300000000000000044, 1.478016689125442928, -1.734723475976807094E-15 ) ) ;
#1130 = CONICAL_SURFACE ( 'NONE', #930, 5.000000000000000000, 0.7853981633974485010 ) ;
#1131 = DIRECTION ( 'NONE',  ( 0.000000000000000000, 0.000000000000000000, -1.000000000000000000 ) ) ;
#1132 = CARTESIAN_POINT ( 'NONE',  ( -6.049999999999999822, 0.000000000000000000, 0.000000000000000000 ) ) ;
#1133 = ORIENTED_EDGE ( 'NONE', *, *, #528, .F. ) ;
#1134 = CARTESIAN_POINT ( 'NONE',  ( 0.000000000000000000, 0.000000000000000000, -9.999999999999998224 ) ) ;
#1135 = AXIS2_PLACEMENT_3D ( 'NONE', #2503, #490, #4005 ) ;
#1136 = ORIENTED_EDGE ( 'NONE', *, *, #4150, .F. ) ;
#1137 = ORIENTED_EDGE ( 'NONE', *, *, #3282, .T. ) ;
#1138 = CYLINDRICAL_SURFACE ( 'NONE', #810, 1.499999999999999556 ) ;
#1139 = VECTOR ( 'NONE', #6159, 1000.000000000000000 ) ;
#1140 = CARTESIAN_POINT ( 'NONE',  ( -11.00000000000000178, -17.50000000000000000, 58.70000000000000284 ) ) ;
#1141 = EDGE_CURVE ( 'NONE', #6149, #434, #4922, .T. ) ;
#1142 = CARTESIAN_POINT ( 'NONE',  ( -12.50000000000000533, -17.50000000000000355, 30.00000000000000000 ) ) ;
#1143 = CARTESIAN_POINT ( 'NONE',  ( -7.500000000000000000, 22.50000000000000355, -67.50000000000000000 ) ) ;
#1144 = VECTOR ( 'NONE', #5695, 1000.000000000000000 ) ;
#1145 = ITEM_DEFINED_TRANSFORMATION ( 'NONE', 'NONE', #5207,  #1582 ) ;
#1146 = VECTOR ( 'NONE', #6035, 1000.000000000000000 ) ;
#1147 = EDGE_CURVE ( 'NONE', #5788, #5750, #4720, .T. ) ;
#1148 = EDGE_CURVE ( 'NONE', #1149, #3407, #1434, .T. ) ;
#1149 = VERTEX_POINT ( 'NONE', #3 ) ;
#1150 = DIRECTION ( 'NONE',  ( 0.000000000000000000, -1.000000000000000000, 0.000000000000000000 ) ) ;
#1151 = DIRECTION ( 'NONE',  ( -1.000000000000000000, 0.000000000000000000, 0.000000000000000000 ) ) ;
#1152 = DIRECTION ( 'NONE',  ( -1.000000000000000000, -0.000000000000000000, -0.000000000000000000 ) ) ;
#1153 = ADVANCED_FACE ( 'NONE', ( #1490 ), #465, .F. ) ;
#1154 = ORIENTED_EDGE ( 'NONE', *, *, #1215, .F. ) ;
#1155 = CARTESIAN_POINT ( 'NONE',  ( 1.899999999999999911, 1.732050807568877193, 1.845044017635222066E-16 ) ) ;
#1156 = VERTEX_POINT ( 'NONE', #1556 ) ;
#1157 = LINE ( 'NONE', #4678, #5587 ) ;
#1158 = ORIENTED_EDGE ( 'NONE', *, *, #649, .F. ) ;
#1159 = ORIENTED_EDGE ( 'NONE', *, *, #4868, .F. ) ;
#1160 = FACE_BOUND ( 'NONE', #5878, .T. ) ;
#1161 = UNCERTAINTY_MEASURE_WITH_UNIT (LENGTH_MEASURE( 1.000000000000000082E-05 ), #3484, 'distance_accuracy_value', 'NONE');
#1162 = VERTEX_POINT ( 'NONE', #2020 ) ;
#1163 = CARTESIAN_POINT ( 'NONE',  ( 15.50000000000000000, 20.49999999999999645, 30.00000000000000000 ) ) ;
#1164 = LINE ( 'NONE', #1677, #5674 ) ;
#1165 = DIRECTION ( 'NONE',  ( -0.000000000000000000, -0.000000000000000000, 1.000000000000000000 ) ) ;
#1166 = EDGE_LOOP ( 'NONE', ( #6071, #944, #962 ) ) ;
#1167 = DIRECTION ( 'NONE',  ( -1.000000000000000000, 0.000000000000000000, 0.000000000000000000 ) ) ;
#1168 = EDGE_LOOP ( 'NONE', ( #618, #3028, #5932, #5012 ) ) ;
#1169 = ORIENTED_EDGE ( 'NONE', *, *, #1299, .T. ) ;
#1170 = LINE ( 'NONE', #5113, #3291 ) ;
#1171 = PLANE ( 'NONE',  #1413 ) ;
#1172 = LINE ( 'NONE', #3143, #4728 ) ;
#1173 = CARTESIAN_POINT ( 'NONE',  ( -12.50000000000000533, -17.50000000000000355, 30.00000000000000000 ) ) ;
#1174 = CARTESIAN_POINT ( 'NONE',  ( 22.49999999999999645, 32.50000000000000000, -57.50000000000000000 ) ) ;
#1175 = ORIENTED_EDGE ( 'NONE', *, *, #304, .F. ) ;
#1176 = ADVANCED_FACE ( 'NONE', ( #1523 ), #3024, .F. ) ;
#1177 = PRODUCT_CONTEXT ( 'NONE', #3267, 'mechanical' ) ;
#1178 = AXIS2_PLACEMENT_3D ( 'NONE', #2222, #2990, #5484 ) ;
#1179 = DIRECTION ( 'NONE',  ( 0.7071067811865526798, 8.659560562354869996E-17, 0.7071067811865423547 ) ) ;
#1180 = CARTESIAN_POINT ( 'NONE',  ( 15.00000000000001421, 32.50000000000000000, 64.99999999999998579 ) ) ;
#1181 = VECTOR ( 'NONE', #1254, 1000.000000000000000 ) ;
#1182 = EDGE_CURVE ( 'NONE', #4872, #6086, #3272, .T. ) ;
#1183 = EDGE_CURVE ( 'NONE', #1279, #4927, #4016, .T. ) ;
#1184 = DIRECTION ( 'NONE',  ( -1.000000000000000000, 0.000000000000000000, 0.000000000000000000 ) ) ;
#1185 = CARTESIAN_POINT ( 'NONE',  ( 1.300000000000000044, -0.7390083445627192438, 1.280000000000000915 ) ) ;
#1186 = ORIENTED_EDGE ( 'NONE', *, *, #1373, .F. ) ;
#1187 = DIRECTION ( 'NONE',  ( 1.000000000000000000, 0.000000000000000000, 0.000000000000000000 ) ) ;
#1188 = ORIENTED_EDGE ( 'NONE', *, *, #233, .F. ) ;
#1189 = VERTEX_POINT ( 'NONE', #3522 ) ;
#1190 = DIRECTION ( 'NONE',  ( 0.000000000000000000, 0.000000000000000000, -1.000000000000000000 ) ) ;
#1191 = ADVANCED_FACE ( 'NONE', ( #6385 ), #2148, .F. ) ;
#1192 = EDGE_CURVE ( 'NONE', #5861, #4772, #3083, .T. ) ;
#1193 = CARTESIAN_POINT ( 'NONE',  ( 3.100000000000005418, 0.000000000000000000, 0.000000000000000000 ) ) ;
#1194 = LINE ( 'NONE', #5133, #6075 ) ;
#1195 = FACE_OUTER_BOUND ( 'NONE', #6242, .T. ) ;
#1196 = ORIENTED_EDGE ( 'NONE', *, *, #3798, .T. ) ;
#1197 = CARTESIAN_POINT ( 'NONE',  ( -6.049999999999999822, 0.000000000000000000, 34.99999999999999289 ) ) ;
#1198 = VERTEX_POINT ( 'NONE', #6032 ) ;
#1199 = ORIENTED_EDGE ( 'NONE', *, *, #1988, .T. ) ;
#1200 = CARTESIAN_POINT ( 'NONE',  ( 1.300000000000002709, 0.000000000000000000, 1.279999999999999805 ) ) ;
#1201 = DIRECTION ( 'NONE',  ( 0.000000000000000000, 0.000000000000000000, -1.000000000000000000 ) ) ;
#1202 = LINE ( 'NONE', #1753, #596 ) ;
#1203 = DIRECTION ( 'NONE',  ( -1.734723475976807094E-16, 1.000000000000000000, 0.000000000000000000 ) ) ;
#1204 = DIRECTION ( 'NONE',  ( 1.000000000000000000, 0.000000000000000000, 0.000000000000000000 ) ) ;
#1205 = ORIENTED_EDGE ( 'NONE', *, *, #6014, .T. ) ;
#1206 = ITEM_DEFINED_TRANSFORMATION ( 'NONE', 'NONE', #974,  #1582 ) ;
#1207 = VECTOR ( 'NONE', #1692, 1000.000000000000000 ) ;
#1208 = CIRCLE ( 'NONE', #3196, 2.499999999999995115 ) ;
#1209 = CARTESIAN_POINT ( 'NONE',  ( 0.000000000000000000, 0.000000000000000000, -30.00000000000000000 ) ) ;
#1210 = LINE ( 'NONE', #1180, #2041 ) ;
#1211 = LINE ( 'NONE', #5023, #3348 ) ;
#1212 = DIRECTION ( 'NONE',  ( 0.000000000000000000, 0.000000000000000000, 1.000000000000000000 ) ) ;
#1213 = AXIS2_PLACEMENT_3D ( 'NONE', #861, #2826, #791 ) ;
#1214 = LINE ( 'NONE', #4511, #824 ) ;
#1215 = EDGE_CURVE ( 'NONE', #2164, #959, #593, .T. ) ;
#1216 = ORIENTED_EDGE ( 'NONE', *, *, #4498, .T. ) ;
#1217 = FACE_OUTER_BOUND ( 'NONE', #4884, .T. ) ;
#1218 = AXIS2_PLACEMENT_3D ( 'NONE', #5035, #2584, #3613 ) ;
#1219 = ORIENTED_EDGE ( 'NONE', *, *, #6210, .F. ) ;
#1220 = CARTESIAN_POINT ( 'NONE',  ( 3.100000000000005418, 1.959434878635765477E-16, 1.600000000000000311 ) ) ;
#1221 = CARTESIAN_POINT ( 'NONE',  ( 0.000000000000000000, 0.000000000000000000, 345.0000000000000000 ) ) ;
#1222 = PLANE ( 'NONE',  #6267 ) ;
#1223 = AXIS2_PLACEMENT_3D ( 'NONE', #975, #2916, #526 ) ;
#1224 = CIRCLE ( 'NONE', #6393, 2.000000000000000000 ) ;
#1225 = EDGE_CURVE ( 'NONE', #3504, #2404, #3552, .T. ) ;
#1226 = EDGE_CURVE ( 'NONE', #5606, #3458, #3471, .T. ) ;
#1227 = ORIENTED_EDGE ( 'NONE', *, *, #5112, .F. ) ;
#1228 = DIRECTION ( 'NONE',  ( -0.000000000000000000, 1.000000000000000000, -0.000000000000000000 ) ) ;
#1229 = VERTEX_POINT ( 'NONE', #1871 ) ;
#1230 = AXIS2_PLACEMENT_3D ( 'NONE', #2192, #4156, #5065 ) ;
#1231 = CARTESIAN_POINT ( 'NONE',  ( 1.300000000000000044, -0.7390083445627192438, 1.280000000000000915 ) ) ;
#1232 = PLANE ( 'NONE',  #2046 ) ;
#1233 = PRODUCT_RELATED_PRODUCT_CATEGORY ( 'part', '', ( #227 ) ) ;
#1234 = VECTOR ( 'NONE', #4413, 1000.000000000000000 ) ;
#1235 = EDGE_CURVE ( 'NONE', #4217, #2545, #3741, .T. ) ;
#1236 = DIRECTION ( 'NONE',  ( -0.000000000000000000, -0.000000000000000000, 1.000000000000000000 ) ) ;
#1237 = DIRECTION ( 'NONE',  ( 0.000000000000000000, 0.000000000000000000, -1.000000000000000000 ) ) ;
#1238 = VECTOR ( 'NONE', #4134, 1000.000000000000000 ) ;
#1239 = EDGE_LOOP ( 'NONE', ( #5253, #1137, #3992 ) ) ;
#1240 = AXIS2_PLACEMENT_3D ( 'NONE', #4086, #4126, #5657 ) ;
#1241 = CIRCLE ( 'NONE', #5799, 2.000000000000000000 ) ;
#1242 = DIRECTION ( 'NONE',  ( 0.8571673007021118895, 1.049727191138618079E-16, -0.5150380749100549327 ) ) ;
#1243 = CYLINDRICAL_SURFACE ( 'NONE', #495, 1.499999999999999556 ) ;
#1244 = CIRCLE ( 'NONE', #4963, 2.450000000000002398 ) ;
#1245 = CARTESIAN_POINT ( 'NONE',  ( -31.74999999999995737, 0.000000000000000000, 0.000000000000000000 ) ) ;
#1246 = DIRECTION ( 'NONE',  ( 1.000000000000000000, 0.000000000000000000, 0.000000000000000000 ) ) ;
#1247 = ORIENTED_EDGE ( 'NONE', *, *, #4185, .F. ) ;
#1248 = CARTESIAN_POINT ( 'NONE',  ( 0.000000000000000000, 32.50000000000000000, 0.000000000000000000 ) ) ;
#1249 = VECTOR ( 'NONE', #1179, 1000.000000000000000 ) ;
#1250 = ORIENTED_EDGE ( 'NONE', *, *, #562, .T. ) ;
#1251 = DIRECTION ( 'NONE',  ( 1.000000000000000000, 0.000000000000000000, 0.000000000000000000 ) ) ;
#1252 = ORIENTED_EDGE ( 'NONE', *, *, #2143, .F. ) ;
#1253 =( REPRESENTATION_RELATIONSHIP ('NONE','NONE', #5522, #2876 ) REPRESENTATION_RELATIONSHIP_WITH_TRANSFORMATION ( #3551 )SHAPE_REPRESENTATION_RELATIONSHIP( ) );
#1254 = DIRECTION ( 'NONE',  ( -0.7071067811865462405, 8.659560562354950115E-17, -0.7071067811865489050 ) ) ;
#1255 = FACE_OUTER_BOUND ( 'NONE', #4815, .T. ) ;
#1256 = ADVANCED_FACE ( 'NONE', ( #5852 ), #6261, .F. ) ;
#1257 = CARTESIAN_POINT ( 'NONE',  ( 1.300000000000000044, 0.7390083445627230185, 1.279999999999998916 ) ) ;
#1258 = ORIENTED_EDGE ( 'NONE', *, *, #5943, .T. ) ;
#1259 = CARTESIAN_POINT ( 'NONE',  ( -2.499999999999995115, 0.000000000000000000, -9.999999999999998224 ) ) ;
#1260 = VERTEX_POINT ( 'NONE', #3804 ) ;
#1261 = EDGE_LOOP ( 'NONE', ( #1127, #368 ) ) ;
#1262 =( NAMED_UNIT ( * ) PLANE_ANGLE_UNIT ( ) SI_UNIT ( $, .RADIAN. ) );
#1263 = DIRECTION ( 'NONE',  ( -1.000000000000000000, 0.000000000000000000, 0.000000000000000000 ) ) ;
#1264 = ADVANCED_FACE ( 'NONE', ( #3345 ), #1832, .F. ) ;
#1265 = ADVANCED_FACE ( 'NONE', ( #895 ), #1313, .T. ) ;
#1266 = LINE ( 'NONE', #4662, #1422 ) ;
#1267 = CARTESIAN_POINT ( 'NONE',  ( 7.500000000000000000, 1.040834085586084257E-15, 30.00000000000000000 ) ) ;
#1268 = ORIENTED_EDGE ( 'NONE', *, *, #2264, .F. ) ;
#1269 = DIRECTION ( 'NONE',  ( 0.000000000000000000, 1.000000000000000000, 0.000000000000000000 ) ) ;
#1270 = ORIENTED_EDGE ( 'NONE', *, *, #5856, .T. ) ;
#1271 = EDGE_CURVE ( 'NONE', #5471, #5841, #4931, .T. ) ;
#1272 = DIRECTION ( 'NONE',  ( 0.000000000000000000, -0.000000000000000000, -1.000000000000000000 ) ) ;
#1273 = EDGE_LOOP ( 'NONE', ( #43, #1985, #5926, #5194 ) ) ;
#1274 = LINE ( 'NONE', #2290, #907 ) ;
#1275 = PRODUCT_RELATED_PRODUCT_CATEGORY ( 'part', '', ( #4598 ) ) ;
#1276 = CARTESIAN_POINT ( 'NONE',  ( 15.50000000000000000, -22.50000000000000355, 30.00000000000000000 ) ) ;
#1277 =( GEOMETRIC_REPRESENTATION_CONTEXT ( 3 ) GLOBAL_UNCERTAINTY_ASSIGNED_CONTEXT ( ( #3609 ) ) GLOBAL_UNIT_ASSIGNED_CONTEXT ( ( #695, #2095, #207 ) ) REPRESENTATION_CONTEXT ( 'NONE', 'WORKASPACE' ) );
#1278 = CARTESIAN_POINT ( 'NONE',  ( 15.50000000000000000, 20.49999999999999645, 34.99999999999999289 ) ) ;
#1279 = VERTEX_POINT ( 'NONE', #6330 ) ;
#1280 = CARTESIAN_POINT ( 'NONE',  ( -12.49999999999999822, -17.50000000000000000, 67.50000000000000000 ) ) ;
#1281 = ORIENTED_EDGE ( 'NONE', *, *, #5140, .F. ) ;
#1282 = DIRECTION ( 'NONE',  ( -0.8571673007021118895, 1.049727191138618079E-16, 0.5150380749100549327 ) ) ;
#1283 = ORIENTED_EDGE ( 'NONE', *, *, #2266, .T. ) ;
#1284 = DIRECTION ( 'NONE',  ( 0.000000000000000000, 0.000000000000000000, -1.000000000000000000 ) ) ;
#1285 = CARTESIAN_POINT ( 'NONE',  ( -7.500000000000000000, 22.50000000000000355, 67.50000000000000000 ) ) ;
#1286 = CARTESIAN_POINT ( 'NONE',  ( 3.182842712474619251, 0.000000000000000000, 2.500000000000000888 ) ) ;
#1287 = CARTESIAN_POINT ( 'NONE',  ( 0.000000000000000000, 0.000000000000000000, 345.0000000000000000 ) ) ;
#1288 = ORIENTED_EDGE ( 'NONE', *, *, #3207, .T. ) ;
#1289 = DIRECTION ( 'NONE',  ( 0.000000000000000000, -0.8660254037844384856, 0.5000000000000003331 ) ) ;
#1290 = EDGE_LOOP ( 'NONE', ( #2968, #679, #1885 ) ) ;
#1291 = EDGE_LOOP ( 'NONE', ( #297, #4505, #4621, #469 ) ) ;
#1292 = DIRECTION ( 'NONE',  ( 0.000000000000000000, -0.000000000000000000, 1.000000000000000000 ) ) ;
#1293 = FACE_BOUND ( 'NONE', #4954, .T. ) ;
#1294 = CARTESIAN_POINT ( 'NONE',  ( 7.500000000000002665, -14.49999999999999822, -67.50000000000000000 ) ) ;
#1295 = DIRECTION ( 'NONE',  ( 0.000000000000000000, 0.000000000000000000, -1.000000000000000000 ) ) ;
#1296 = EDGE_CURVE ( 'NONE', #2441, #360, #3252, .T. ) ;
#1297 = ORIENTED_EDGE ( 'NONE', *, *, #6130, .F. ) ;
#1298 = ORIENTED_EDGE ( 'NONE', *, *, #2093, .T. ) ;
#1299 = EDGE_CURVE ( 'NONE', #1947, #239, #2265, .T. ) ;
#1300 = ADVANCED_FACE ( 'NONE', ( #4839 ), #3321, .T. ) ;
#1301 = CYLINDRICAL_SURFACE ( 'NONE', #4348, 2.000000000000000000 ) ;
#1302 = VERTEX_POINT ( 'NONE', #5300 ) ;
#1303 = DIRECTION ( 'NONE',  ( -1.000000000000000000, 0.000000000000000000, 0.000000000000000000 ) ) ;
#1304 = LINE ( 'NONE', #4255, #2247 ) ;
#1305 = AXIS2_PLACEMENT_3D ( 'NONE', #3806, #4748, #3324 ) ;
#1306 = AXIS2_PLACEMENT_3D ( 'NONE', #6381, #1956, #4917 ) ;
#1307 = CARTESIAN_POINT ( 'NONE',  ( 1.899999999999999911, 0.8660254037844380415, 1.500000000000000000 ) ) ;
#1308 = EDGE_CURVE ( 'NONE', #3708, #3973, #319, .T. ) ;
#1309 = VERTEX_POINT ( 'NONE', #6234 ) ;
#1310 = CARTESIAN_POINT ( 'NONE',  ( 20.49999999999999645, 22.50000000000000355, 67.50000000000000000 ) ) ;
#1311 = CARTESIAN_POINT ( 'NONE',  ( 15.00000000000001421, 22.50000000000000000, 62.49999999999999289 ) ) ;
#1312 = AXIS2_PLACEMENT_3D ( 'NONE', #4593, #1610, #4563 ) ;
#1313 = CYLINDRICAL_SURFACE ( 'NONE', #4822, 2.000000000000001776 ) ;
#1314 = DIRECTION ( 'NONE',  ( 0.000000000000000000, 0.8660254037844379305, -0.5000000000000013323 ) ) ;
#1315 = CARTESIAN_POINT ( 'NONE',  ( -5.000000000000004441, 8.673617379884034486E-16, 0.000000000000000000 ) ) ;
#1316 = PRODUCT_DEFINITION_SHAPE ( 'NONE', 'NONE',  #6413 ) ;
#1317 = LINE ( 'NONE', #2838, #4423 ) ;
#1318 = CIRCLE ( 'NONE', #4520, 2.499999999999995115 ) ;
#1319 = ORIENTED_EDGE ( 'NONE', *, *, #2456, .F. ) ;
#1320 = FACE_OUTER_BOUND ( 'NONE', #1067, .T. ) ;
#1321 = COLOUR_RGB ( '',0.7921568627450980005, 0.8196078431372548767, 0.9333333333333333481 ) ;
#1322 = EDGE_LOOP ( 'NONE', ( #1798, #5729, #2419, #3526 ) ) ;
#1323 = ORIENTED_EDGE ( 'NONE', *, *, #6096, .F. ) ;
#1324 = CARTESIAN_POINT ( 'NONE',  ( -5.000000000000002665, 10.00000000000000178, 30.00000000000000000 ) ) ;
#1325 = VECTOR ( 'NONE', #2036, 1000.000000000000114 ) ;
#1326 = CARTESIAN_POINT ( 'NONE',  ( -22.50000000000000000, 20.50000000000000355, 59.50000000000000711 ) ) ;
#1327 = VECTOR ( 'NONE', #5892, 1000.000000000000000 ) ;
#1328 = CIRCLE ( 'NONE', #2157, 2.500000000000000888 ) ;
#1329 = DIRECTION ( 'NONE',  ( -0.000000000000000000, 0.000000000000000000, -1.000000000000000000 ) ) ;
#1330 = DIRECTION ( 'NONE',  ( 1.000000000000000000, -0.000000000000000000, 0.000000000000000000 ) ) ;
#1331 = VECTOR ( 'NONE', #4424, 1000.000000000000000 ) ;
#1332 = ORIENTED_EDGE ( 'NONE', *, *, #2314, .T. ) ;
#1333 = ORIENTED_EDGE ( 'NONE', *, *, #3908, .T. ) ;
#1334 = AXIS2_PLACEMENT_3D ( 'NONE', #1684, #3115, #2724 ) ;
#1335 = EDGE_CURVE ( 'NONE', #2839, #5172, #5725, .T. ) ;
#1336 = DIRECTION ( 'NONE',  ( 0.000000000000000000, -1.000000000000000000, 0.000000000000000000 ) ) ;
#1337 = EDGE_LOOP ( 'NONE', ( #769, #2719, #534, #5030, #3352 ) ) ;
#1338 = AXIS2_PLACEMENT_3D ( 'NONE', #458, #1424, #2820 ) ;
#1339 = DIRECTION ( 'NONE',  ( -0.000000000000000000, 1.000000000000000000, -0.000000000000000000 ) ) ;
#1340 = EDGE_CURVE ( 'NONE', #4038, #4318, #3073, .T. ) ;
#1341 = ADVANCED_FACE ( 'NONE', ( #3292 ), #4315, .F. ) ;
#1342 = AXIS2_PLACEMENT_3D ( 'NONE', #2099, #2161, #5127 ) ;
#1343 = CARTESIAN_POINT ( 'NONE',  ( 1.300000000000000044, -0.7390083445627192438, 1.280000000000000915 ) ) ;
#1344 = ORIENTED_EDGE ( 'NONE', *, *, #881, .T. ) ;
#1345 = CARTESIAN_POINT ( 'NONE',  ( 11.00000000000000533, -17.50000000000000000, -58.70000000000000284 ) ) ;
#1346 = CARTESIAN_POINT ( 'NONE',  ( 0.000000000000000000, 0.000000000000000000, 34.99999999999999289 ) ) ;
#1347 = VECTOR ( 'NONE', #3372, 1000.000000000000000 ) ;
#1348 = CARTESIAN_POINT ( 'NONE',  ( 13.99999999999999467, 17.49999999999999645, 34.99999999999999289 ) ) ;
#1349 = LINE ( 'NONE', #3253, #135 ) ;
#1350 = CARTESIAN_POINT ( 'NONE',  ( 12.50000000000000178, 17.50000000000000000, 58.70000000000000284 ) ) ;
#1351 = ADVANCED_FACE ( 'NONE', ( #2807 ), #3770, .T. ) ;
#1352 = CIRCLE ( 'NONE', #4968, 1.499999999999999556 ) ;
#1353 = LINE ( 'NONE', #415, #5353 ) ;
#1354 = ORIENTED_EDGE ( 'NONE', *, *, #5103, .T. ) ;
#1355 = DIRECTION ( 'NONE',  ( 0.000000000000000000, -1.000000000000000000, 1.320393690296331133E-15 ) ) ;
#1356 = VERTEX_POINT ( 'NONE', #4324 ) ;
#1357 = EDGE_LOOP ( 'NONE', ( #1801, #1807, #3678, #3018 ) ) ;
#1358 = CARTESIAN_POINT ( 'NONE',  ( 22.49999999999999645, 32.50000000000000000, 57.50000000000000000 ) ) ;
#1359 = DIRECTION ( 'NONE',  ( -0.000000000000000000, -0.000000000000000000, 1.000000000000000000 ) ) ;
#1360 = CARTESIAN_POINT ( 'NONE',  ( 22.49999999999999645, 32.50000000000000000, 59.50000000000000711 ) ) ;
#1361 = CARTESIAN_POINT ( 'NONE',  ( 4.999999999999999112, 8.673617379884034486E-16, -5.000000000000000000 ) ) ;
#1362 = ORIENTED_EDGE ( 'NONE', *, *, #985, .F. ) ;
#1363 = EDGE_LOOP ( 'NONE', ( #1099, #419, #2039, #5721 ) ) ;
#1364 = DIRECTION ( 'NONE',  ( -0.000000000000000000, -0.000000000000000000, 1.000000000000000000 ) ) ;
#1365 = ORIENTED_EDGE ( 'NONE', *, *, #5702, .T. ) ;
#1366 = PRODUCT_DEFINITION_SHAPE ( 'NONE', 'NONE',  #6404 ) ;
#1367 = EDGE_CURVE ( 'NONE', #179, #1697, #6298, .T. ) ;
#1368 = DIRECTION ( 'NONE',  ( -0.000000000000000000, -1.000000000000000000, -0.000000000000000000 ) ) ;
#1369 = DIRECTION ( 'NONE',  ( 1.000000000000000000, 0.000000000000000000, 0.000000000000000000 ) ) ;
#1370 = FACE_OUTER_BOUND ( 'NONE', #3893, .T. ) ;
#1371 = ORIENTED_EDGE ( 'NONE', *, *, #3021, .F. ) ;
#1372 = FACE_OUTER_BOUND ( 'NONE', #1007, .T. ) ;
#1373 = EDGE_CURVE ( 'NONE', #3442, #3418, #5251, .T. ) ;
#1374 = FACE_BOUND ( 'NONE', #4781, .T. ) ;
#1375 = EDGE_CURVE ( 'NONE', #5895, #3258, #2044, .T. ) ;
#1376 =( GEOMETRIC_REPRESENTATION_CONTEXT ( 3 ) GLOBAL_UNCERTAINTY_ASSIGNED_CONTEXT ( ( #2641 ) ) GLOBAL_UNIT_ASSIGNED_CONTEXT ( ( #3698, #1822, #3735 ) ) REPRESENTATION_CONTEXT ( 'NONE', 'WORKASPACE' ) );
#1377 = CARTESIAN_POINT ( 'NONE',  ( 4.999999999999999112, 8.673617379884034486E-16, 0.000000000000000000 ) ) ;
#1378 = CARTESIAN_POINT ( 'NONE',  ( 0.7250000000000105249, 5.970153145843347347E-16, -4.875000000000000000 ) ) ;
#1379 = DIRECTION ( 'NONE',  ( -0.000000000000000000, -0.000000000000000000, 1.000000000000000000 ) ) ;
#1380 = DIRECTION ( 'NONE',  ( -0.8571673007021132218, 0.000000000000000000, -0.5150380749100526012 ) ) ;
#1381 = ORIENTED_EDGE ( 'NONE', *, *, #2925, .F. ) ;
#1382 = CARTESIAN_POINT ( 'NONE',  ( 1.300000000000002709, 0.000000000000000000, 0.000000000000000000 ) ) ;
#1383 = EDGE_CURVE ( 'NONE', #689, #4318, #294, .T. ) ;
#1384 = ORIENTED_EDGE ( 'NONE', *, *, #1693, .F. ) ;
#1385 = ORIENTED_EDGE ( 'NONE', *, *, #261, .F. ) ;
#1386 = DIRECTION ( 'NONE',  ( 0.000000000000000000, 0.000000000000000000, 1.000000000000000000 ) ) ;
#1387 = EDGE_CURVE ( 'NONE', #4267, #473, #1724, .T. ) ;
#1388 = DIRECTION ( 'NONE',  ( 1.301042606982605321E-16, -1.000000000000000000, 0.000000000000000000 ) ) ;
#1389 = CARTESIAN_POINT ( 'NONE',  ( -12.49999999999999822, 17.50000000000000000, 58.70000000000000284 ) ) ;
#1390 = CARTESIAN_POINT ( 'NONE',  ( 5.499999999999998224, 10.49999999999999467, 30.00000000000000000 ) ) ;
#1391 = VERTEX_POINT ( 'NONE', #5833 ) ;
#1392 = DIRECTION ( 'NONE',  ( -0.000000000000000000, -0.000000000000000000, -1.000000000000000000 ) ) ;
#1393 = VERTEX_POINT ( 'NONE', #782 ) ;
#1394 = ORIENTED_EDGE ( 'NONE', *, *, #2252, .F. ) ;
#1395 = DIRECTION ( 'NONE',  ( -0.000000000000000000, -0.000000000000000000, 1.000000000000000000 ) ) ;
#1396 = ORIENTED_EDGE ( 'NONE', *, *, #2852, .F. ) ;
#1397 = DIRECTION ( 'NONE',  ( 0.000000000000000000, 0.000000000000000000, 1.000000000000000000 ) ) ;
#1398 = DIRECTION ( 'NONE',  ( 0.000000000000000000, -1.000000000000000000, 0.000000000000000000 ) ) ;
#1399 = CARTESIAN_POINT ( 'NONE',  ( 1.899999999999999911, 0.000000000000000000, 1.500000000000000000 ) ) ;
#1400 = EDGE_LOOP ( 'NONE', ( #838, #5243 ) ) ;
#1401 = DIRECTION ( 'NONE',  ( -1.000000000000000000, 0.000000000000000000, 0.000000000000000000 ) ) ;
#1402 = DIRECTION ( 'NONE',  ( 0.000000000000000000, 0.000000000000000000, -1.000000000000000000 ) ) ;
#1403 = DIRECTION ( 'NONE',  ( 1.000000000000000000, 0.000000000000000000, -0.000000000000000000 ) ) ;
#1404 = DIRECTION ( 'NONE',  ( 0.000000000000000000, 0.000000000000000000, 1.000000000000000000 ) ) ;
#1405 = CARTESIAN_POINT ( 'NONE',  ( -17.50000000000000000, 20.49999999999999289, 34.99999999999999289 ) ) ;
#1406 = CONICAL_SURFACE ( 'NONE', #3062, 1.499999999999997780, 1.029744258676653645 ) ;
#1407 = ADVANCED_FACE ( 'NONE', ( #2340 ), #3262, .T. ) ;
#1408 = CARTESIAN_POINT ( 'NONE',  ( -4.999999999999999112, -9.999999999999998224, 345.0000000000000000 ) ) ;
#1409 = ORIENTED_EDGE ( 'NONE', *, *, #4472, .F. ) ;
#1410 = FACE_OUTER_BOUND ( 'NONE', #6107, .T. ) ;
#1411 = PRESENTATION_LAYER_ASSIGNMENT (  '', '', ( #4203 ) ) ;
#1412 = VERTEX_POINT ( 'NONE', #2280 ) ;
#1413 = AXIS2_PLACEMENT_3D ( 'NONE', #3724, #3232, #3141 ) ;
#1414 = CARTESIAN_POINT ( 'NONE',  ( 12.50000000000000178, -17.50000000000000000, 58.70000000000000284 ) ) ;
#1415 = AXIS2_PLACEMENT_3D ( 'NONE', #2668, #3054, #2705 ) ;
#1416 = CARTESIAN_POINT ( 'NONE',  ( -14.99999999999998401, 22.50000000000000000, 65.00000000000000000 ) ) ;
#1417 = DIRECTION ( 'NONE',  ( 0.000000000000000000, 1.000000000000000000, 0.000000000000000000 ) ) ;
#1418 = CIRCLE ( 'NONE', #2152, 2.000000000000000000 ) ;
#1419 = ADVANCED_FACE ( 'NONE', ( #2788 ), #880, .F. ) ;
#1420 = EDGE_CURVE ( 'NONE', #5987, #2102, #1113, .T. ) ;
#1421 = DIRECTION ( 'NONE',  ( 0.000000000000000000, 0.000000000000000000, 1.000000000000000000 ) ) ;
#1422 = VECTOR ( 'NONE', #3726, 1000.000000000000000 ) ;
#1423 = ORIENTED_EDGE ( 'NONE', *, *, #663, .F. ) ;
#1424 = DIRECTION ( 'NONE',  ( 0.000000000000000000, -1.000000000000000000, 0.000000000000000000 ) ) ;
#1425 = ORIENTED_EDGE ( 'NONE', *, *, #2305, .F. ) ;
#1426 = AXIS2_PLACEMENT_3D ( 'NONE', #5275, #6176, #4750 ) ;
#1427 = VECTOR ( 'NONE', #774, 1000.000000000000000 ) ;
#1428 = ORIENTED_EDGE ( 'NONE', *, *, #4697, .T. ) ;
#1429 = EDGE_CURVE ( 'NONE', #2063, #2811, #6281, .T. ) ;
#1430 = AXIS2_PLACEMENT_3D ( 'NONE', #2935, #4904, #39 ) ;
#1431 = DIRECTION ( 'NONE',  ( -0.000000000000000000, 1.000000000000000000, -0.000000000000000000 ) ) ;
#1432 = CIRCLE ( 'NONE', #5046, 2.000000000000000000 ) ;
#1433 = DIRECTION ( 'NONE',  ( 1.000000000000000000, 0.000000000000000000, 0.000000000000000000 ) ) ;
#1434 = LINE ( 'NONE', #5016, #1619 ) ;
#1435 = AXIS2_PLACEMENT_3D ( 'NONE', #3041, #1511, #3942 ) ;
#1436 = CARTESIAN_POINT ( 'NONE',  ( 6.049999999999999822, -11.05000000000000071, 0.000000000000000000 ) ) ;
#1437 = VERTEX_POINT ( 'NONE', #4300 ) ;
#1438 = CARTESIAN_POINT ( 'NONE',  ( -5.049999999999999822, 10.05000000000000071, 0.4142135623730961447 ) ) ;
#1439 = AXIS2_PLACEMENT_3D ( 'NONE', #645, #2610, #2678 ) ;
#1440 = DIRECTION ( 'NONE',  ( -0.000000000000000000, -0.000000000000000000, 1.000000000000000000 ) ) ;
#1441 = ORIENTED_EDGE ( 'NONE', *, *, #1658, .T. ) ;
#1442 = LINE ( 'NONE', #445, #2830 ) ;
#1443 = VECTOR ( 'NONE', #2072, 1000.000000000000000 ) ;
#1444 = CARTESIAN_POINT ( 'NONE',  ( -13.99999999999999822, 17.50000000000000000, -67.50000000000000000 ) ) ;
#1445 = LINE ( 'NONE', #5855, #4433 ) ;
#1446 = VERTEX_POINT ( 'NONE', #1360 ) ;
#1447 =( NAMED_UNIT ( * ) SI_UNIT ( $, .STERADIAN. ) SOLID_ANGLE_UNIT ( ) );
#1448 = AXIS2_PLACEMENT_3D ( 'NONE', #3053, #4151, #4541 ) ;
#1449 = ORIENTED_EDGE ( 'NONE', *, *, #6170, .T. ) ;
#1450 = DIRECTION ( 'NONE',  ( -0.000000000000000000, 0.000000000000000000, -1.000000000000000000 ) ) ;
#1451 = EDGE_CURVE ( 'NONE', #4270, #3642, #6247, .T. ) ;
#1452 = CARTESIAN_POINT ( 'NONE',  ( -5.049999999999999822, -11.05000000000000071, 33.99999999999999289 ) ) ;
#1453 = LINE ( 'NONE', #4335, #3796 ) ;
#1454 = CARTESIAN_POINT ( 'NONE',  ( 2.499999999999997780, 0.000000000000000000, 30.00000000000000000 ) ) ;
#1455 = ORIENTED_EDGE ( 'NONE', *, *, #515, .T. ) ;
#1456 = DIRECTION ( 'NONE',  ( 0.000000000000000000, 0.000000000000000000, 1.000000000000000000 ) ) ;
#1457 = ORIENTED_EDGE ( 'NONE', *, *, #1420, .F. ) ;
#1458 = EDGE_CURVE ( 'NONE', #5471, #48, #6344, .T. ) ;
#1459 = EDGE_CURVE ( 'NONE', #3126, #2979, #2747, .T. ) ;
#1460 = ORIENTED_EDGE ( 'NONE', *, *, #1663, .F. ) ;
#1461 = CARTESIAN_POINT ( 'NONE',  ( 0.000000000000000000, 0.000000000000000000, 314.9999999999999432 ) ) ;
#1462 = ORIENTED_EDGE ( 'NONE', *, *, #4297, .T. ) ;
#1463 = ADVANCED_FACE ( 'NONE', ( #822 ), #3780, .F. ) ;
#1464 = DIRECTION ( 'NONE',  ( -1.110223024625156540E-16, 8.326672684688674053E-17, 1.000000000000000000 ) ) ;
#1465 =( NAMED_UNIT ( * ) SI_UNIT ( $, .STERADIAN. ) SOLID_ANGLE_UNIT ( ) );
#1466 = DIRECTION ( 'NONE',  ( 1.000000000000000000, 0.000000000000000000, 0.000000000000000000 ) ) ;
#1467 = VERTEX_POINT ( 'NONE', #6275 ) ;
#1468 = DIRECTION ( 'NONE',  ( -1.734723475976807094E-16, 1.000000000000000000, -0.000000000000000000 ) ) ;
#1469 = DIRECTION ( 'NONE',  ( -0.000000000000000000, -1.000000000000000000, -0.000000000000000000 ) ) ;
#1470 = EDGE_CURVE ( 'NONE', #391, #4886, #5664, .T. ) ;
#1471 = ORIENTED_EDGE ( 'NONE', *, *, #1340, .T. ) ;
#1472 = CARTESIAN_POINT ( 'NONE',  ( 4.999999999999999112, 8.673617379884034486E-16, 0.000000000000000000 ) ) ;
#1473 = CARTESIAN_POINT ( 'NONE',  ( 7.500000000000000000, 1.040834085586084257E-15, 30.00000000000000000 ) ) ;
#1474 = CARTESIAN_POINT ( 'NONE',  ( 7.500000000000000000, 22.50000000000000355, 67.50000000000000000 ) ) ;
#1475 = ORIENTED_EDGE ( 'NONE', *, *, #4673, .T. ) ;
#1476 = CARTESIAN_POINT ( 'NONE',  ( -12.50000000000000533, -17.50000000000000355, 34.99999999999999289 ) ) ;
#1477 = ORIENTED_EDGE ( 'NONE', *, *, #2665, .T. ) ;
#1478 = DIRECTION ( 'NONE',  ( 0.000000000000000000, 0.000000000000000000, -1.000000000000000000 ) ) ;
#1479 = DIRECTION ( 'NONE',  ( 0.000000000000000000, 0.000000000000000000, 1.000000000000000000 ) ) ;
#1480 = DIRECTION ( 'NONE',  ( -0.000000000000000000, -0.000000000000000000, 1.000000000000000000 ) ) ;
#1481 = DIRECTION ( 'NONE',  ( 1.000000000000000000, 0.000000000000000000, 0.000000000000000000 ) ) ;
#1482 = ORIENTED_EDGE ( 'NONE', *, *, #5455, .T. ) ;
#1483 = FACE_OUTER_BOUND ( 'NONE', #1168, .T. ) ;
#1484 = ORIENTED_EDGE ( 'NONE', *, *, #1694, .F. ) ;
#1485 = ORIENTED_EDGE ( 'NONE', *, *, #472, .F. ) ;
#1486 = AXIS2_PLACEMENT_3D ( 'NONE', #1927, #3412, #476 ) ;
#1487 = EDGE_CURVE ( 'NONE', #1879, #2102, #330, .T. ) ;
#1488 = PLANE ( 'NONE',  #2798 ) ;
#1489 = DIRECTION ( 'NONE',  ( 1.000000000000000000, 0.000000000000000000, 0.000000000000000000 ) ) ;
#1490 = FACE_OUTER_BOUND ( 'NONE', #5429, .T. ) ;
#1491 = EDGE_CURVE ( 'NONE', #2510, #3126, #1418, .T. ) ;
#1492 = EDGE_CURVE ( 'NONE', #2801, #4992, #425, .T. ) ;
#1493 = ORIENTED_EDGE ( 'NONE', *, *, #3868, .F. ) ;
#1494 = CARTESIAN_POINT ( 'NONE',  ( -20.49999999999999645, 22.50000000000000355, -57.50000000000000000 ) ) ;
#1495 = CARTESIAN_POINT ( 'NONE',  ( 5.049999999999999822, 10.05000000000000071, 33.99999999999999289 ) ) ;
#1496 = ORIENTED_EDGE ( 'NONE', *, *, #4426, .F. ) ;
#1497 = DIRECTION ( 'NONE',  ( -1.387778780781445676E-16, 1.000000000000000000, -0.000000000000000000 ) ) ;
#1498 = FACE_BOUND ( 'NONE', #5858, .T. ) ;
#1499 = EDGE_CURVE ( 'NONE', #1880, #892, #2372, .T. ) ;
#1500 = DIRECTION ( 'NONE',  ( -1.000000000000000000, 0.000000000000000000, 0.000000000000000000 ) ) ;
#1501 = ORIENTED_EDGE ( 'NONE', *, *, #3715, .F. ) ;
#1502 = CARTESIAN_POINT ( 'NONE',  ( 2.499999999999996891, 0.000000000000000000, 345.0000000000000000 ) ) ;
#1503 = ORIENTED_EDGE ( 'NONE', *, *, #4275, .T. ) ;
#1504 = CARTESIAN_POINT ( 'NONE',  ( -7.500000000000000000, 32.50000000000000000, -67.50000000000000000 ) ) ;
#1505 = DIRECTION ( 'NONE',  ( -0.000000000000000000, -0.000000000000000000, -1.000000000000000000 ) ) ;
#1506 = DIRECTION ( 'NONE',  ( -1.000000000000000000, 0.000000000000000000, 0.000000000000000000 ) ) ;
#1507 = AXIS2_PLACEMENT_3D ( 'NONE', #1998, #104, #2542 ) ;
#1508 = CARTESIAN_POINT ( 'NONE',  ( 20.49999999999999645, -20.49999999999999645, 67.50000000000000000 ) ) ;
#1509 = VECTOR ( 'NONE', #1660, 1000.000000000000000 ) ;
#1510 = ORIENTED_EDGE ( 'NONE', *, *, #1458, .F. ) ;
#1511 = DIRECTION ( 'NONE',  ( -0.000000000000000000, -0.000000000000000000, 1.000000000000000000 ) ) ;
#1512 = ORIENTED_EDGE ( 'NONE', *, *, #527, .T. ) ;
#1513 = CARTESIAN_POINT ( 'NONE',  ( 15.00000000000000000, 32.50000000000000000, -60.00000000000000000 ) ) ;
#1514 = AXIS2_PLACEMENT_3D ( 'NONE', #4316, #5320, #4736 ) ;
#1515 = EDGE_LOOP ( 'NONE', ( #1297, #1123, #2921, #5456 ) ) ;
#1516 =( GEOMETRIC_REPRESENTATION_CONTEXT ( 3 ) GLOBAL_UNCERTAINTY_ASSIGNED_CONTEXT ( ( #1161 ) ) GLOBAL_UNIT_ASSIGNED_CONTEXT ( ( #3484, #2531, #3451 ) ) REPRESENTATION_CONTEXT ( 'NONE', 'WORKASPACE' ) );
#1517 = AXIS2_PLACEMENT_3D ( 'NONE', #913, #1813, #3847 ) ;
#1518 = LINE ( 'NONE', #5482, #2351 ) ;
#1519 = AXIS2_PLACEMENT_3D ( 'NONE', #3681, #4070, #4622 ) ;
#1520 = EDGE_CURVE ( 'NONE', #5890, #2170, #1912, .T. ) ;
#1521 = CARTESIAN_POINT ( 'NONE',  ( 0.05000000000010999812, -0.05000000000005754702, -356.0348971102517339 ) ) ;
#1522 = VECTOR ( 'NONE', #4132, 1000.000000000000000 ) ;
#1523 = FACE_OUTER_BOUND ( 'NONE', #2205, .T. ) ;
#1524 = STYLED_ITEM ( 'NONE', ( #121 ), #5500 ) ;
#1525 = ORIENTED_EDGE ( 'NONE', *, *, #3872, .T. ) ;
#1526 = LINE ( 'NONE', #3459, #4450 ) ;
#1527 = AXIS2_PLACEMENT_3D ( 'NONE', #4564, #1893, #3887 ) ;
#1528 = DIRECTION ( 'NONE',  ( 0.000000000000000000, 0.000000000000000000, 1.000000000000000000 ) ) ;
#1529 = AXIS2_PLACEMENT_3D ( 'NONE', #5734, #1292, #4758 ) ;
#1530 = EDGE_CURVE ( 'NONE', #4879, #6040, #2977, .T. ) ;
#1531 = VERTEX_POINT ( 'NONE', #1942 ) ;
#1532 = ADVANCED_FACE ( 'NONE', ( #6372 ), #47, .T. ) ;
#1533 = CARTESIAN_POINT ( 'NONE',  ( 12.50000000000000178, 17.50000000000000000, 67.50000000000000000 ) ) ;
#1534 = DIRECTION ( 'NONE',  ( -0.000000000000000000, -0.000000000000000000, 1.000000000000000000 ) ) ;
#1535 = LINE ( 'NONE', #3503, #5783 ) ;
#1536 = ORIENTED_EDGE ( 'NONE', *, *, #6351, .T. ) ;
#1537 = PLANE ( 'NONE',  #525 ) ;
#1538 = ORIENTED_EDGE ( 'NONE', *, *, #1932, .F. ) ;
#1539 = CARTESIAN_POINT ( 'NONE',  ( 0.000000000000000000, 1.478016689125442928, -1.734723475976807094E-15 ) ) ;
#1540 = VECTOR ( 'NONE', #1392, 1000.000000000000000 ) ;
#1541 = ADVANCED_FACE ( 'NONE', ( #2080 ), #1138, .F. ) ;
#1542 = CARTESIAN_POINT ( 'NONE',  ( -7.499999999999999112, -12.50000000000000000, -66.67157287525381548 ) ) ;
#1543 = DIRECTION ( 'NONE',  ( -1.000000000000000000, 0.000000000000000000, 0.000000000000000000 ) ) ;
#1544 = EDGE_CURVE ( 'NONE', #3850, #3542, #5521, .T. ) ;
#1545 =( BOUNDED_CURVE ( )  B_SPLINE_CURVE ( 3, ( #6006, #130, #693, #2059 ),
 .UNSPECIFIED., .F., .T. ) 
 B_SPLINE_CURVE_WITH_KNOTS ( ( 4, 4 ),
 ( 3.141592653589793116, 4.712388980384692339 ),
 .UNSPECIFIED. ) 
 CURVE ( )  GEOMETRIC_REPRESENTATION_ITEM ( )  RATIONAL_B_SPLINE_CURVE ( ( 1.000000000000000000, 0.8047378541243643824, 0.8047378541243643824, 1.000000000000000000 ) ) 
 REPRESENTATION_ITEM ( '' )  );
#1546 = CIRCLE ( 'NONE', #942, 2.000000000000000000 ) ;
#1547 = DIRECTION ( 'NONE',  ( 0.000000000000000000, -1.000000000000000000, 0.000000000000000000 ) ) ;
#1548 = EDGE_LOOP ( 'NONE', ( #4468, #2274, #6115 ) ) ;
#1549 = DIRECTION ( 'NONE',  ( -1.000000000000000000, 0.000000000000000000, 0.000000000000000000 ) ) ;
#1550 = ORIENTED_EDGE ( 'NONE', *, *, #1764, .T. ) ;
#1551 = SURFACE_STYLE_FILL_AREA ( #4562 ) ;
#1552 = AXIS2_PLACEMENT_3D ( 'NONE', #1115, #1559, #2119 ) ;
#1553 = EDGE_LOOP ( 'NONE', ( #1088, #1250, #4607, #1561 ) ) ;
#1554 = CIRCLE ( 'NONE', #4138, 1.499999999999999556 ) ;
#1555 = CYLINDRICAL_SURFACE ( 'NONE', #4088, 1.499999999999999556 ) ;
#1556 = CARTESIAN_POINT ( 'NONE',  ( 4.999999999999997335, 10.00000000000000178, 30.00000000000000000 ) ) ;
#1557 = EDGE_CURVE ( 'NONE', #1672, #625, #5506, .T. ) ;
#1558 = EDGE_LOOP ( 'NONE', ( #1158, #5398, #3813, #5707 ) ) ;
#1559 = DIRECTION ( 'NONE',  ( -1.000000000000000000, -0.000000000000000000, -0.000000000000000000 ) ) ;
#1560 = CARTESIAN_POINT ( 'NONE',  ( 5.000000000000002665, -9.999999999999998224, 345.0000000000000000 ) ) ;
#1561 = ORIENTED_EDGE ( 'NONE', *, *, #2132, .T. ) ;
#1562 = CARTESIAN_POINT ( 'NONE',  ( 2.499999999999995115, 0.000000000000000000, 345.0000000000000000 ) ) ;
#1563 = LINE ( 'NONE', #1185, #5259 ) ;
#1564 = EDGE_CURVE ( 'NONE', #3981, #1697, #911, .T. ) ;
#1565 = ORIENTED_EDGE ( 'NONE', *, *, #4350, .F. ) ;
#1566 = CARTESIAN_POINT ( 'NONE',  ( -4.999999999999999112, -9.999999999999998224, -345.0000000000000000 ) ) ;
#1567 = ORIENTED_EDGE ( 'NONE', *, *, #4820, .F. ) ;
#1568 = DIRECTION ( 'NONE',  ( 1.000000000000000000, 0.000000000000000000, 0.000000000000000000 ) ) ;
#1569 = ORIENTED_EDGE ( 'NONE', *, *, #1783, .F. ) ;
#1570 = CARTESIAN_POINT ( 'NONE',  ( -31.74999999999995737, 0.000000000000000000, 0.000000000000000000 ) ) ;
#1571 = CARTESIAN_POINT ( 'NONE',  ( 12.49999999999999467, 17.49999999999999645, 30.00000000000000000 ) ) ;
#1572 = DIRECTION ( 'NONE',  ( 1.000000000000000000, 0.000000000000000000, 0.000000000000000000 ) ) ;
#1573 = APPLICATION_CONTEXT ( 'automotive_design' ) ;
#1574 = ADVANCED_FACE ( 'NONE', ( #5930 ), #4099, .F. ) ;
#1575 = EDGE_CURVE ( 'NONE', #1393, #3720, #4982, .T. ) ;
#1576 = ORIENTED_EDGE ( 'NONE', *, *, #1817, .F. ) ;
#1577 = CARTESIAN_POINT ( 'NONE',  ( 5.499999999999998224, 10.49999999999999467, 0.000000000000000000 ) ) ;
#1578 = ORIENTED_EDGE ( 'NONE', *, *, #5466, .F. ) ;
#1579 = ORIENTED_EDGE ( 'NONE', *, *, #4054, .T. ) ;
#1580 = FILL_AREA_STYLE ('',( #5536 ) ) ;
#1581 = ORIENTED_EDGE ( 'NONE', *, *, #2657, .F. ) ;
#1582 = AXIS2_PLACEMENT_3D ( 'NONE', #5164, #4117, #603 ) ;
#1583 = ADVANCED_FACE ( 'NONE', ( #4883 ), #3910, .T. ) ;
#1584 = CARTESIAN_POINT ( 'NONE',  ( -15.50000000000000178, -20.50000000000000355, 34.99999999999999289 ) ) ;
#1585 = FACE_OUTER_BOUND ( 'NONE', #4762, .T. ) ;
#1586 = APPLICATION_PROTOCOL_DEFINITION ( 'draft international standard', 'automotive_design', 1998, #6337 ) ;
#1587 = DIRECTION ( 'NONE',  ( 0.000000000000000000, -0.4999999999999991673, 0.8660254037844390407 ) ) ;
#1588 = CIRCLE ( 'NONE', #3967, 2.499999999999996891 ) ;
#1589 = ORIENTED_EDGE ( 'NONE', *, *, #5970, .T. ) ;
#1590 = ORIENTED_EDGE ( 'NONE', *, *, #3754, .F. ) ;
#1591 = CARTESIAN_POINT ( 'NONE',  ( -4.999999999999999112, -9.999999999999998224, 345.0000000000000000 ) ) ;
#1592 = CARTESIAN_POINT ( 'NONE',  ( 22.50000000000000000, 32.50000000000000000, -67.50000000000000000 ) ) ;
#1593 = LINE ( 'NONE', #1691, #1696 ) ;
#1594 = CARTESIAN_POINT ( 'NONE',  ( -5.049999999999999822, -10.05000000000000071, 1.000000000000000888 ) ) ;
#1595 = DIRECTION ( 'NONE',  ( 0.000000000000000000, -1.000000000000000000, 0.000000000000000000 ) ) ;
#1596 = EDGE_LOOP ( 'NONE', ( #747, #450 ) ) ;
#1597 = CARTESIAN_POINT ( 'NONE',  ( 1.899999999999999911, 3.755786496842899550E-16, -1.500000000000000000 ) ) ;
#1598 = VERTEX_POINT ( 'NONE', #4399 ) ;
#1599 = ORIENTED_EDGE ( 'NONE', *, *, #5969, .T. ) ;
#1600 = DIRECTION ( 'NONE',  ( 0.000000000000000000, -1.000000000000000000, 1.251928832280966188E-16 ) ) ;
#1601 = UNCERTAINTY_MEASURE_WITH_UNIT (LENGTH_MEASURE( 1.000000000000000082E-05 ), #941, 'distance_accuracy_value', 'NONE');
#1602 = CARTESIAN_POINT ( 'NONE',  ( -7.500000000000001776, 10.49999999999999467, 30.00000000000000000 ) ) ;
#1603 = DIRECTION ( 'NONE',  ( 1.000000000000000000, -0.000000000000000000, 0.000000000000000000 ) ) ;
#1604 = ADVANCED_FACE ( 'NONE', ( #5904 ), #2767, .T. ) ;
#1605 = CARTESIAN_POINT ( 'NONE',  ( -5.049999999999999822, 10.05000000000000071, 1.000000000000000888 ) ) ;
#1606 = VERTEX_POINT ( 'NONE', #1454 ) ;
#1607 = DIRECTION ( 'NONE',  ( 0.000000000000000000, 0.000000000000000000, -1.000000000000000000 ) ) ;
#1608 = ORIENTED_EDGE ( 'NONE', *, *, #2762, .T. ) ;
#1609 = DIRECTION ( 'NONE',  ( -0.000000000000000000, 1.000000000000000000, -0.000000000000000000 ) ) ;
#1610 = DIRECTION ( 'NONE',  ( -0.000000000000000000, 1.000000000000000000, -0.000000000000000000 ) ) ;
#1611 = EDGE_CURVE ( 'NONE', #4879, #2063, #579, .T. ) ;
#1612 = EDGE_CURVE ( 'NONE', #858, #5474, #1015, .T. ) ;
#1613 = CIRCLE ( 'NONE', #5240, 2.500000000000000888 ) ;
#1614 = CONICAL_SURFACE ( 'NONE', #1718, 4.875000000000000000, 0.7853981633974502774 ) ;
#1615 = FACE_OUTER_BOUND ( 'NONE', #2236, .T. ) ;
#1616 = LINE ( 'NONE', #91, #5685 ) ;
#1617 = CARTESIAN_POINT ( 'NONE',  ( -13.99999999999999645, 17.50000000000000000, 58.70000000000000284 ) ) ;
#1618 = PRODUCT_DEFINITION ( 'UNKNOWN', '', #5481, #178 ) ;
#1619 = VECTOR ( 'NONE', #2991, 1000.000000000000000 ) ;
#1620 = AXIS2_PLACEMENT_3D ( 'NONE', #293, #6184, #1263 ) ;
#1621 = VECTOR ( 'NONE', #3826, 1000.000000000000000 ) ;
#1622 = EDGE_CURVE ( 'NONE', #5678, #2954, #4836, .T. ) ;
#1623 = CONTEXT_DEPENDENT_SHAPE_REPRESENTATION ( #5007, #388 ) ;
#1624 = AXIS2_PLACEMENT_3D ( 'NONE', #4357, #1898, #1771 ) ;
#1625 = CIRCLE ( 'NONE', #285, 1.000000000000000888 ) ;
#1626 = VERTEX_POINT ( 'NONE', #3513 ) ;
#1627 = DIRECTION ( 'NONE',  ( -8.673617379884036705E-17, 1.000000000000000000, 0.000000000000000000 ) ) ;
#1628 = LINE ( 'NONE', #5591, #1139 ) ;
#1629 = VECTOR ( 'NONE', #284, 1000.000000000000000 ) ;
#1630 = AXIS2_PLACEMENT_3D ( 'NONE', #2096, #4422, #3413 ) ;
#1631 = DIRECTION ( 'NONE',  ( -1.000000000000000000, -0.000000000000000000, -0.000000000000000000 ) ) ;
#1632 = DIRECTION ( 'NONE',  ( 0.000000000000000000, 1.000000000000000000, -0.000000000000000000 ) ) ;
#1633 = EDGE_LOOP ( 'NONE', ( #242, #1512, #2727 ) ) ;
#1634 = CIRCLE ( 'NONE', #5683, 0.2000000000000000944 ) ;
#1635 = DIRECTION ( 'NONE',  ( 1.000000000000000000, 0.000000000000000000, 0.000000000000000000 ) ) ;
#1636 = EDGE_LOOP ( 'NONE', ( #3110, #3221, #2544, #4966 ) ) ;
#1637 = CARTESIAN_POINT ( 'NONE',  ( 6.049999999999999822, 11.05000000000000071, 0.000000000000000000 ) ) ;
#1638 = ORIENTED_EDGE ( 'NONE', *, *, #955, .T. ) ;
#1639 = CARTESIAN_POINT ( 'NONE',  ( -12.50000000000000000, -17.50000000000000000, 57.79870907145865999 ) ) ;
#1640 = VERTEX_POINT ( 'NONE', #3013 ) ;
#1641 = CARTESIAN_POINT ( 'NONE',  ( 0.000000000000000000, 0.000000000000000000, -9.999999999999998224 ) ) ;
#1642 = AXIS2_PLACEMENT_3D ( 'NONE', #2442, #6388, #1466 ) ;
#1643 = CARTESIAN_POINT ( 'NONE',  ( 4.999999999999999112, 10.00000000000000178, 345.0000000000000000 ) ) ;
#1644 = AXIS2_PLACEMENT_3D ( 'NONE', #5465, #5502, #999 ) ;
#1645 = DIRECTION ( 'NONE',  ( 0.000000000000000000, 0.000000000000000000, 1.000000000000000000 ) ) ;
#1646 = ORIENTED_EDGE ( 'NONE', *, *, #2381, .T. ) ;
#1647 = CARTESIAN_POINT ( 'NONE',  ( 6.049999999999999822, -11.05000000000000071, 0.000000000000000000 ) ) ;
#1648 = VECTOR ( 'NONE', #3515, 1000.000000000000000 ) ;
#1649 = EDGE_CURVE ( 'NONE', #1054, #2532, #4521, .T. ) ;
#1650 = ORIENTED_EDGE ( 'NONE', *, *, #3003, .F. ) ;
#1651 = EDGE_LOOP ( 'NONE', ( #2163, #6367, #1950, #715 ) ) ;
#1652 = VECTOR ( 'NONE', #1282, 1000.000000000000000 ) ;
#1653 = DIRECTION ( 'NONE',  ( 1.000000000000000000, 0.000000000000000000, 0.000000000000000000 ) ) ;
#1654 = DIRECTION ( 'NONE',  ( -0.000000000000000000, -1.000000000000000000, -0.000000000000000000 ) ) ;
#1655 = AXIS2_PLACEMENT_3D ( 'NONE', #5634, #3645, #4685 ) ;
#1656 = PLANE ( 'NONE',  #2978 ) ;
#1657 = CARTESIAN_POINT ( 'NONE',  ( 15.50000000000000178, -21.50000000000000000, 33.99999999999999289 ) ) ;
#1658 = EDGE_CURVE ( 'NONE', #2186, #1098, #2008, .T. ) ;
#1659 = EDGE_CURVE ( 'NONE', #950, #2811, #2433, .T. ) ;
#1660 = DIRECTION ( 'NONE',  ( -1.000000000000000000, -0.000000000000000000, -0.000000000000000000 ) ) ;
#1661 = VECTOR ( 'NONE', #3739, 1000.000000000000000 ) ;
#1662 = CIRCLE ( 'NONE', #5288, 2.000000000000001776 ) ;
#1663 = EDGE_CURVE ( 'NONE', #3480, #998, #487, .T. ) ;
#1664 = EDGE_CURVE ( 'NONE', #2137, #4807, #499, .T. ) ;
#1665 = EDGE_LOOP ( 'NONE', ( #42, #3493, #2457, #3738 ) ) ;
#1666 = FACE_OUTER_BOUND ( 'NONE', #6348, .T. ) ;
#1667 = FACE_OUTER_BOUND ( 'NONE', #3129, .T. ) ;
#1668 = LINE ( 'NONE', #2605, #5247 ) ;
#1669 = DIRECTION ( 'NONE',  ( -0.000000000000000000, 1.000000000000000000, -0.000000000000000000 ) ) ;
#1670 = EDGE_LOOP ( 'NONE', ( #6347, #6024, #353, #2199 ) ) ;
#1671 = DIRECTION ( 'NONE',  ( 0.000000000000000000, 0.000000000000000000, -1.000000000000000000 ) ) ;
#1672 = VERTEX_POINT ( 'NONE', #4616 ) ;
#1673 = EDGE_LOOP ( 'NONE', ( #825, #719, #289 ) ) ;
#1674 = DIRECTION ( 'NONE',  ( -1.000000000000000000, 0.000000000000000000, -0.000000000000000000 ) ) ;
#1675 = PRODUCT_DEFINITION_CONTEXT ( 'detailed design', #1573, 'design' ) ;
#1676 = FACE_OUTER_BOUND ( 'NONE', #4460, .T. ) ;
#1677 = CARTESIAN_POINT ( 'NONE',  ( -7.500000000000001776, 12.50000000000000178, 67.50000000000000000 ) ) ;
#1678 = DIRECTION ( 'NONE',  ( 0.000000000000000000, 0.000000000000000000, -1.000000000000000000 ) ) ;
#1679 = ORIENTED_EDGE ( 'NONE', *, *, #2972, .F. ) ;
#1680 = FACE_OUTER_BOUND ( 'NONE', #4658, .T. ) ;
#1681 = EDGE_LOOP ( 'NONE', ( #2815, #5805 ) ) ;
#1682 = CYLINDRICAL_SURFACE ( 'NONE', #3803, 2.000000000000001776 ) ;
#1683 = FACE_OUTER_BOUND ( 'NONE', #246, .T. ) ;
#1684 = CARTESIAN_POINT ( 'NONE',  ( 15.00000000000001421, 22.50000000000000000, 62.49999999999999289 ) ) ;
#1685 = CARTESIAN_POINT ( 'NONE',  ( 6.049999999999999822, -10.05000000000000071, 33.99999999999999289 ) ) ;
#1686 = ORIENTED_EDGE ( 'NONE', *, *, #2011, .F. ) ;
#1687 = ADVANCED_FACE ( 'NONE', ( #3162 ), #1095, .F. ) ;
#1688 = DIRECTION ( 'NONE',  ( 1.734723475976807094E-16, -1.000000000000000000, 0.000000000000000000 ) ) ;
#1689 = DIRECTION ( 'NONE',  ( -1.000000000000000000, -1.734723475976806848E-16, 0.000000000000000000 ) ) ;
#1690 = CONICAL_SURFACE ( 'NONE', #4177, 2.450000000000002398, 0.7853981633974410625 ) ;
#1691 = CARTESIAN_POINT ( 'NONE',  ( 1.899999999999999911, -1.732050807568877859, -1.728583000645028615E-17 ) ) ;
#1692 = DIRECTION ( 'NONE',  ( -0.000000000000000000, 1.000000000000000000, -0.000000000000000000 ) ) ;
#1693 = EDGE_CURVE ( 'NONE', #2545, #14, #650, .T. ) ;
#1694 = EDGE_CURVE ( 'NONE', #4992, #3436, #2616, .T. ) ;
#1695 = DIRECTION ( 'NONE',  ( -1.000000000000000000, 0.000000000000000000, 0.000000000000000000 ) ) ;
#1696 = VECTOR ( 'NONE', #1631, 1000.000000000000000 ) ;
#1697 = VERTEX_POINT ( 'NONE', #2202 ) ;
#1698 = DIRECTION ( 'NONE',  ( 0.000000000000000000, 0.000000000000000000, -1.000000000000000000 ) ) ;
#1699 = ORIENTED_EDGE ( 'NONE', *, *, #1296, .F. ) ;
#1700 = ORIENTED_EDGE ( 'NONE', *, *, #4943, .F. ) ;
#1701 = DIRECTION ( 'NONE',  ( 0.000000000000000000, 0.000000000000000000, 1.000000000000000000 ) ) ;
#1702 = EDGE_LOOP ( 'NONE', ( #2136, #516, #6378, #1362 ) ) ;
#1703 = APPLICATION_CONTEXT ( 'automotive_design' ) ;
#1704 = DIRECTION ( 'NONE',  ( -0.000000000000000000, -0.000000000000000000, -1.000000000000000000 ) ) ;
#1705 = DIRECTION ( 'NONE',  ( -1.000000000000000000, -0.000000000000000000, -0.000000000000000000 ) ) ;
#1706 = EDGE_CURVE ( 'NONE', #3229, #2979, #5632, .T. ) ;
#1707 = CARTESIAN_POINT ( 'NONE',  ( 12.49999999999999467, 17.49999999999999645, 34.99999999999999289 ) ) ;
#1708 = VERTEX_POINT ( 'NONE', #4558 ) ;
#1709 = DIRECTION ( 'NONE',  ( -1.000000000000000000, 0.000000000000000000, 0.000000000000000000 ) ) ;
#1710 = ORIENTED_EDGE ( 'NONE', *, *, #4101, .F. ) ;
#1711 =( NAMED_UNIT ( * ) SI_UNIT ( $, .STERADIAN. ) SOLID_ANGLE_UNIT ( ) );
#1712 = DIRECTION ( 'NONE',  ( 0.000000000000000000, 1.000000000000000000, 0.000000000000000000 ) ) ;
#1713 = PLANE ( 'NONE',  #2048 ) ;
#1714 = DIRECTION ( 'NONE',  ( -0.000000000000000000, -0.000000000000000000, 1.000000000000000000 ) ) ;
#1715 = DIRECTION ( 'NONE',  ( -0.000000000000000000, 1.000000000000000000, -0.000000000000000000 ) ) ;
#1716 = VERTEX_POINT ( 'NONE', #145 ) ;
#1717 = CONTEXT_DEPENDENT_SHAPE_REPRESENTATION ( #2377, #336 ) ;
#1718 = AXIS2_PLACEMENT_3D ( 'NONE', #6030, #198, #561 ) ;
#1719 = PLANE ( 'NONE',  #1981 ) ;
#1720 = AXIS2_PLACEMENT_3D ( 'NONE', #5810, #3277, #1860 ) ;
#1721 = PRODUCT_DEFINITION_SHAPE ( 'NONE', 'NONE',  #6402 ) ;
#1722 = ADVANCED_FACE ( 'NONE', ( #1195 ), #2684, .T. ) ;
#1723 = CARTESIAN_POINT ( 'NONE',  ( 0.000000000000000000, 0.000000000000000000, 9.999999999999998224 ) ) ;
#1724 = CIRCLE ( 'NONE', #2865, 2.499999999999998668 ) ;
#1725 = FACE_OUTER_BOUND ( 'NONE', #4180, .T. ) ;
#1726 = CLOSED_SHELL ( 'NONE', ( #4811, #1191, #5710, #3379, #910, #1857, #5733, #6253, #6279, #1035, #5846, #3004, #5670, #6026, #5740, #3208, #2413, #5064, #1419, #6171, #1153, #5414, #560, #5581, #2564, #2066, #3185 ) ) ;
#1727 = DIRECTION ( 'NONE',  ( 0.000000000000000000, 0.000000000000000000, -1.000000000000000000 ) ) ;
#1728 = ORIENTED_EDGE ( 'NONE', *, *, #984, .F. ) ;
#1729 = CARTESIAN_POINT ( 'NONE',  ( -20.49999999999999645, 32.50000000000000000, -57.50000000000000000 ) ) ;
#1730 = AXIS2_PLACEMENT_3D ( 'NONE', #2644, #4196, #1645 ) ;
#1731 = ADVANCED_FACE ( 'NONE', ( #115 ), #4729, .T. ) ;
#1732 = VECTOR ( 'NONE', #1705, 1000.000000000000000 ) ;
#1733 = VERTEX_POINT ( 'NONE', #3571 ) ;
#1734 = DIRECTION ( 'NONE',  ( 1.000000000000000000, -0.000000000000000000, -0.000000000000000000 ) ) ;
#1735 = ADVANCED_FACE ( 'NONE', ( #6081 ), #4654, .F. ) ;
#1736 = UNCERTAINTY_MEASURE_WITH_UNIT (LENGTH_MEASURE( 1.000000000000000082E-05 ), #5844, 'distance_accuracy_value', 'NONE');
#1737 = CIRCLE ( 'NONE', #821, 1.500000000000000000 ) ;
#1738 = CARTESIAN_POINT ( 'NONE',  ( 9.500000000000003553, -14.49999999999999822, -67.50000000000000000 ) ) ;
#1739 = CARTESIAN_POINT ( 'NONE',  ( 4.999999999999999112, 1.479685137562079880E-15, 5.000000000000000000 ) ) ;
#1740 = VECTOR ( 'NONE', #4285, 1000.000000000000000 ) ;
#1741 = ADVANCED_BREP_SHAPE_REPRESENTATION ( '', ( #5500, #1582 ), #1376 ) ;
#1742 = FACE_OUTER_BOUND ( 'NONE', #2403, .T. ) ;
#1743 = VECTOR ( 'NONE', #5407, 1000.000000000000000 ) ;
#1744 = ORIENTED_EDGE ( 'NONE', *, *, #3662, .F. ) ;
#1745 = CARTESIAN_POINT ( 'NONE',  ( 20.49999999999999645, -22.50000000000000000, -59.50000000000000000 ) ) ;
#1746 = VERTEX_POINT ( 'NONE', #5038 ) ;
#1747 = ORIENTED_EDGE ( 'NONE', *, *, #640, .T. ) ;
#1748 = EDGE_CURVE ( 'NONE', #2102, #5987, #2054, .T. ) ;
#1749 = CARTESIAN_POINT ( 'NONE',  ( 12.50000000000000000, 17.50000000000000000, -57.79870907145865999 ) ) ;
#1750 = CARTESIAN_POINT ( 'NONE',  ( -22.50000000000000000, 20.50000000000000355, -59.50000000000000711 ) ) ;
#1751 = AXIS2_PLACEMENT_3D ( 'NONE', #3035, #4431, #1091 ) ;
#1752 = AXIS2_PLACEMENT_3D ( 'NONE', #6179, #5109, #2648 ) ;
#1753 = CARTESIAN_POINT ( 'NONE',  ( 17.50000000000000000, -20.50000000000000355, 34.99999999999999289 ) ) ;
#1754 = FACE_OUTER_BOUND ( 'NONE', #5752, .T. ) ;
#1755 = DIRECTION ( 'NONE',  ( -0.000000000000000000, -0.000000000000000000, -1.000000000000000000 ) ) ;
#1756 = VECTOR ( 'NONE', #4169, 1000.000000000000000 ) ;
#1757 = VERTEX_POINT ( 'NONE', #2715 ) ;
#1758 = ITEM_DEFINED_TRANSFORMATION ( 'NONE', 'NONE', #3240,  #1582 ) ;
#1759 = AXIS2_PLACEMENT_3D ( 'NONE', #4871, #443, #989 ) ;
#1760 =( BOUNDED_CURVE ( )  B_SPLINE_CURVE ( 3, ( #2084, #2043, #557, #3546 ),
 .UNSPECIFIED., .F., .T. ) 
 B_SPLINE_CURVE_WITH_KNOTS ( ( 4, 4 ),
 ( 1.570796326794896558, 3.141592653589793116 ),
 .UNSPECIFIED. ) 
 CURVE ( )  GEOMETRIC_REPRESENTATION_ITEM ( )  RATIONAL_B_SPLINE_CURVE ( ( 1.000000000000000000, 0.8047378541243649375, 0.8047378541243649375, 1.000000000000000000 ) ) 
 REPRESENTATION_ITEM ( '' )  );
#1761 = LINE ( 'NONE', #235, #2087 ) ;
#1762 = CARTESIAN_POINT ( 'NONE',  ( 7.500000000000000000, 32.50000000000000000, 67.50000000000000000 ) ) ;
#1763 = CIRCLE ( 'NONE', #2395, 1.499999999999997780 ) ;
#1764 = EDGE_CURVE ( 'NONE', #1098, #2009, #4213, .T. ) ;
#1765 = CARTESIAN_POINT ( 'NONE',  ( 9.499999999999998224, 14.50000000000000178, -67.50000000000000000 ) ) ;
#1766 = ORIENTED_EDGE ( 'NONE', *, *, #4195, .T. ) ;
#1767 = CARTESIAN_POINT ( 'NONE',  ( 22.50000000000000000, -22.50000000000000000, 67.50000000000000000 ) ) ;
#1768 = DIRECTION ( 'NONE',  ( 0.000000000000000000, 0.000000000000000000, -1.000000000000000000 ) ) ;
#1769 = ORIENTED_EDGE ( 'NONE', *, *, #6157, .F. ) ;
#1770 = ORIENTED_EDGE ( 'NONE', *, *, #1459, .F. ) ;
#1771 = DIRECTION ( 'NONE',  ( 1.000000000000000000, 0.000000000000000000, 0.000000000000000000 ) ) ;
#1772 = CARTESIAN_POINT ( 'NONE',  ( -5.500000000000001776, 12.49999999999999467, 30.00000000000000000 ) ) ;
#1773 = CARTESIAN_POINT ( 'NONE',  ( 3.100000000000005418, 0.000000000000000000, 0.000000000000000000 ) ) ;
#1774 = EDGE_CURVE ( 'NONE', #5871, #2226, #397, .T. ) ;
#1775 = DIRECTION ( 'NONE',  ( -0.000000000000000000, -0.000000000000000000, 1.000000000000000000 ) ) ;
#1776 = EDGE_LOOP ( 'NONE', ( #1905, #375, #2904, #2712 ) ) ;
#1777 = PLANE ( 'NONE',  #3206 ) ;
#1778 = ORIENTED_EDGE ( 'NONE', *, *, #5615, .F. ) ;
#1779 = ORIENTED_EDGE ( 'NONE', *, *, #754, .T. ) ;
#1780 = DIRECTION ( 'NONE',  ( 0.000000000000000000, 0.000000000000000000, 1.000000000000000000 ) ) ;
#1781 = DIRECTION ( 'NONE',  ( -0.000000000000000000, -0.000000000000000000, -1.000000000000000000 ) ) ;
#1782 = ADVANCED_FACE ( 'NONE', ( #3541 ), #3615, .F. ) ;
#1783 = EDGE_CURVE ( 'NONE', #5750, #3973, #5532, .T. ) ;
#1784 = DIRECTION ( 'NONE',  ( -1.000000000000000000, -0.000000000000000000, -0.000000000000000000 ) ) ;
#1785 = CARTESIAN_POINT ( 'NONE',  ( 15.50000000000000000, 20.49999999999999645, 33.99999999999999289 ) ) ;
#1786 = ORIENTED_EDGE ( 'NONE', *, *, #4501, .T. ) ;
#1787 = ORIENTED_EDGE ( 'NONE', *, *, #2424, .T. ) ;
#1788 = ORIENTED_EDGE ( 'NONE', *, *, #1148, .T. ) ;
#1789 = EDGE_CURVE ( 'NONE', #4807, #2282, #2169, .T. ) ;
#1790 =( REPRESENTATION_RELATIONSHIP ('NONE','NONE', #5522, #3520 ) REPRESENTATION_RELATIONSHIP_WITH_TRANSFORMATION ( #3626 )SHAPE_REPRESENTATION_RELATIONSHIP( ) );
#1791 = DIRECTION ( 'NONE',  ( -0.000000000000000000, 1.000000000000000000, -0.000000000000000000 ) ) ;
#1792 = ORIENTED_EDGE ( 'NONE', *, *, #5014, .F. ) ;
#1793 = FACE_OUTER_BOUND ( 'NONE', #26, .T. ) ;
#1794 = CYLINDRICAL_SURFACE ( 'NONE', #6169, 2.000000000000001776 ) ;
#1795 = AXIS2_PLACEMENT_3D ( 'NONE', #5592, #5094, #103 ) ;
#1796 = SHAPE_REPRESENTATION ( 'PRT-17', ( #1582 ), #1277 ) ;
#1797 = DIRECTION ( 'NONE',  ( 0.000000000000000000, 0.000000000000000000, -1.000000000000000000 ) ) ;
#1798 = ORIENTED_EDGE ( 'NONE', *, *, #5014, .T. ) ;
#1799 = PLANE ( 'NONE',  #3311 ) ;
#1800 = CARTESIAN_POINT ( 'NONE',  ( 14.00000000000000000, 17.50000000000000000, 58.70000000000000284 ) ) ;
#1801 = ORIENTED_EDGE ( 'NONE', *, *, #3956, .T. ) ;
#1802 = DIRECTION ( 'NONE',  ( -0.000000000000000000, 1.000000000000000000, -0.000000000000000000 ) ) ;
#1803 = DIRECTION ( 'NONE',  ( -0.000000000000000000, 1.000000000000000000, -0.000000000000000000 ) ) ;
#1804 = DIRECTION ( 'NONE',  ( 0.000000000000000000, 0.000000000000000000, -1.000000000000000000 ) ) ;
#1805 = VECTOR ( 'NONE', #2738, 1000.000000000000000 ) ;
#1806 = LINE ( 'NONE', #4778, #3801 ) ;
#1807 = ORIENTED_EDGE ( 'NONE', *, *, #1458, .T. ) ;
#1808 = DIRECTION ( 'NONE',  ( 1.734723475976807094E-16, -1.000000000000000000, 0.000000000000000000 ) ) ;
#1809 = ORIENTED_EDGE ( 'NONE', *, *, #2056, .T. ) ;
#1810 = EDGE_CURVE ( 'NONE', #4161, #4362, #5567, .T. ) ;
#1811 = DIRECTION ( 'NONE',  ( 0.000000000000000000, 0.4999999999999992228, -0.8660254037844390407 ) ) ;
#1812 = FACE_OUTER_BOUND ( 'NONE', #6233, .T. ) ;
#1813 = DIRECTION ( 'NONE',  ( -0.000000000000000000, -0.000000000000000000, -1.000000000000000000 ) ) ;
#1814 = DIRECTION ( 'NONE',  ( 0.000000000000000000, 0.000000000000000000, -1.000000000000000000 ) ) ;
#1815 = ORIENTED_EDGE ( 'NONE', *, *, #1491, .T. ) ;
#1816 = EDGE_CURVE ( 'NONE', #4657, #3418, #3107, .T. ) ;
#1817 = EDGE_CURVE ( 'NONE', #3285, #5439, #601, .T. ) ;
#1818 = ORIENTED_EDGE ( 'NONE', *, *, #4613, .F. ) ;
#1819 = DIRECTION ( 'NONE',  ( 0.000000000000000000, 0.000000000000000000, 1.000000000000000000 ) ) ;
#1820 = DIRECTION ( 'NONE',  ( -1.000000000000000000, 0.000000000000000000, 0.000000000000000000 ) ) ;
#1821 = EDGE_CURVE ( 'NONE', #3669, #5464, #1838, .T. ) ;
#1822 =( NAMED_UNIT ( * ) PLANE_ANGLE_UNIT ( ) SI_UNIT ( $, .RADIAN. ) );
#1823 = DIRECTION ( 'NONE',  ( -1.000000000000000000, -0.000000000000000000, -0.000000000000000000 ) ) ;
#1824 = AXIS2_PLACEMENT_3D ( 'NONE', #4935, #4547, #571 ) ;
#1825 = AXIS2_PLACEMENT_3D ( 'NONE', #1907, #1269, #3235 ) ;
#1826 = LINE ( 'NONE', #3765, #296 ) ;
#1827 = ORIENTED_EDGE ( 'NONE', *, *, #3661, .T. ) ;
#1828 = LINE ( 'NONE', #2829, #5062 ) ;
#1829 = CARTESIAN_POINT ( 'NONE',  ( -13.99999999999999645, -17.50000000000000000, 58.70000000000000284 ) ) ;
#1830 = COLOUR_RGB ( '',0.7921568627450980005, 0.8196078431372548767, 0.9333333333333333481 ) ;
#1831 = VECTOR ( 'NONE', #6089, 1000.000000000000000 ) ;
#1832 = PLANE ( 'NONE',  #283 ) ;
#1833 = DIRECTION ( 'NONE',  ( -0.000000000000000000, -0.000000000000000000, 1.000000000000000000 ) ) ;
#1834 = DIRECTION ( 'NONE',  ( -1.000000000000000000, -0.000000000000000000, -0.000000000000000000 ) ) ;
#1835 = CIRCLE ( 'NONE', #4821, 1.499999999999999556 ) ;
#1836 = PRODUCT ( 'PRT-14', 'PRT-14', '', ( #5088 ) ) ;
#1837 = VECTOR ( 'NONE', #805, 1000.000000000000000 ) ;
#1838 = LINE ( 'NONE', #2363, #3584 ) ;
#1839 = VECTOR ( 'NONE', #578, 1000.000000000000000 ) ;
#1840 = EDGE_LOOP ( 'NONE', ( #2716, #3363, #222, #407 ) ) ;
#1841 = CARTESIAN_POINT ( 'NONE',  ( -5.500000000000001776, 10.49999999999999467, 0.000000000000000000 ) ) ;
#1842 = AXIS2_PLACEMENT_3D ( 'NONE', #2723, #5084, #2697 ) ;
#1843 = ORIENTED_EDGE ( 'NONE', *, *, #2621, .T. ) ;
#1844 = ORIENTED_EDGE ( 'NONE', *, *, #4820, .T. ) ;
#1845 = DIRECTION ( 'NONE',  ( -0.000000000000000000, 0.000000000000000000, 1.000000000000000000 ) ) ;
#1846 = AXIS2_PLACEMENT_3D ( 'NONE', #19, #3479, #678 ) ;
#1847 = CARTESIAN_POINT ( 'NONE',  ( -16.50000000000000000, 20.49999999999999289, 34.99999999999999289 ) ) ;
#1848 = CARTESIAN_POINT ( 'NONE',  ( 2.499999999999998668, 8.673617379884034486E-16, 0.000000000000000000 ) ) ;
#1849 = EDGE_CURVE ( 'NONE', #1716, #959, #3349, .T. ) ;
#1850 = LINE ( 'NONE', #5835, #4637 ) ;
#1851 = VERTEX_POINT ( 'NONE', #4843 ) ;
#1852 = TOROIDAL_SURFACE ( 'NONE', #3487, 1.600000000000000311, 0.1000000000000000056 ) ;
#1853 = EDGE_LOOP ( 'NONE', ( #5825, #2609, #3411, #4687 ) ) ;
#1854 = CONICAL_SURFACE ( 'NONE', #1334, 2.499999999999995115, 1.029744258676653645 ) ;
#1855 = VECTOR ( 'NONE', #1600, 1000.000000000000000 ) ;
#1856 = EDGE_CURVE ( 'NONE', #3335, #2234, #1353, .T. ) ;
#1857 = ADVANCED_FACE ( 'NONE', ( #3296 ), #818, .T. ) ;
#1858 = CARTESIAN_POINT ( 'NONE',  ( 12.50000000000000178, -17.50000000000000000, 67.50000000000000000 ) ) ;
#1859 = VERTEX_POINT ( 'NONE', #2270 ) ;
#1860 = DIRECTION ( 'NONE',  ( 0.000000000000000000, 0.000000000000000000, -1.000000000000000000 ) ) ;
#1861 = AXIS2_PLACEMENT_3D ( 'NONE', #5071, #5129, #3191 ) ;
#1862 =( NAMED_UNIT ( * ) PLANE_ANGLE_UNIT ( ) SI_UNIT ( $, .RADIAN. ) );
#1863 = VECTOR ( 'NONE', #6266, 1000.000000000000000 ) ;
#1864 = ADVANCED_FACE ( 'NONE', ( #4328 ), #3808, .F. ) ;
#1865 = EDGE_CURVE ( 'NONE', #3580, #2676, #888, .T. ) ;
#1866 = DIRECTION ( 'NONE',  ( 1.000000000000000000, 0.000000000000000000, 0.000000000000000000 ) ) ;
#1867 = VERTEX_POINT ( 'NONE', #776 ) ;
#1868 = CARTESIAN_POINT ( 'NONE',  ( 5.049999999999999822, -11.05000000000000071, 0.000000000000000000 ) ) ;
#1869 = FACE_OUTER_BOUND ( 'NONE', #5694, .T. ) ;
#1870 = AXIS2_PLACEMENT_3D ( 'NONE', #205, #5519, #5616 ) ;
#1871 = CARTESIAN_POINT ( 'NONE',  ( 12.50000000000000000, 17.50000000000000000, 57.79870907145865999 ) ) ;
#1872 = DIRECTION ( 'NONE',  ( 0.000000000000000000, -0.4999999999999991673, 0.8660254037844390407 ) ) ;
#1873 = CARTESIAN_POINT ( 'NONE',  ( 0.3000000000000016542, 3.367778697655221012E-16, 2.750000000000000000 ) ) ;
#1874 = APPLICATION_CONTEXT ( 'automotive_design' ) ;
#1875 = AXIS2_PLACEMENT_3D ( 'NONE', #3336, #5684, #1819 ) ;
#1876 = CARTESIAN_POINT ( 'NONE',  ( -5.049999999999999822, 10.05000000000000071, 34.58578643762690064 ) ) ;
#1877 = ORIENTED_EDGE ( 'NONE', *, *, #2891, .F. ) ;
#1878 = CARTESIAN_POINT ( 'NONE',  ( 1.899999999999999911, 0.8660254037844380415, -1.499999999999999556 ) ) ;
#1879 = VERTEX_POINT ( 'NONE', #5824 ) ;
#1880 = VERTEX_POINT ( 'NONE', #5703 ) ;
#1881 = LINE ( 'NONE', #5715, #379 ) ;
#1882 = DIRECTION ( 'NONE',  ( -0.000000000000000000, -0.000000000000000000, 1.000000000000000000 ) ) ;
#1883 = CARTESIAN_POINT ( 'NONE',  ( 0.000000000000000000, -14.49999999999999822, -65.50000000000000000 ) ) ;
#1884 = CARTESIAN_POINT ( 'NONE',  ( 0.000000000000000000, -0.8660254037844388186, 1.500000000000000222 ) ) ;
#1885 = ORIENTED_EDGE ( 'NONE', *, *, #3085, .T. ) ;
#1886 = LINE ( 'NONE', #3849, #1540 ) ;
#1887 = ORIENTED_EDGE ( 'NONE', *, *, #5419, .F. ) ;
#1888 = ORIENTED_EDGE ( 'NONE', *, *, #6357, .T. ) ;
#1889 = DIRECTION ( 'NONE',  ( -0.000000000000000000, 0.000000000000000000, 1.000000000000000000 ) ) ;
#1890 = PRODUCT_DEFINITION_SHAPE ( 'NONE', 'NONE',  #120 ) ;
#1891 = ADVANCED_FACE ( 'NONE', ( #3746 ), #2872, .F. ) ;
#1892 = CARTESIAN_POINT ( 'NONE',  ( 10.99999999999999645, 17.49999999999999645, 34.99999999999999289 ) ) ;
#1893 = DIRECTION ( 'NONE',  ( 0.000000000000000000, 1.000000000000000000, -0.000000000000000000 ) ) ;
#1894 = VERTEX_POINT ( 'NONE', #348 ) ;
#1895 = LINE ( 'NONE', #6390, #841 ) ;
#1896 = LINE ( 'NONE', #5792, #2695 ) ;
#1897 = EDGE_CURVE ( 'NONE', #5474, #1859, #2740, .T. ) ;
#1898 = DIRECTION ( 'NONE',  ( -0.000000000000000000, -0.000000000000000000, 1.000000000000000000 ) ) ;
#1899 = EDGE_CURVE ( 'NONE', #1279, #2469, #3976, .T. ) ;
#1900 = DIRECTION ( 'NONE',  ( 0.000000000000000000, 0.000000000000000000, 1.000000000000000000 ) ) ;
#1901 = DIRECTION ( 'NONE',  ( -0.000000000000000000, -0.000000000000000000, 1.000000000000000000 ) ) ;
#1902 = CARTESIAN_POINT ( 'NONE',  ( 12.50000000000000178, -17.50000000000000000, -58.70000000000000284 ) ) ;
#1903 = VERTEX_POINT ( 'NONE', #5206 ) ;
#1904 = DIRECTION ( 'NONE',  ( 0.000000000000000000, 0.8660254037844385966, -0.5000000000000001110 ) ) ;
#1905 = ORIENTED_EDGE ( 'NONE', *, *, #724, .F. ) ;
#1906 = ORIENTED_EDGE ( 'NONE', *, *, #1147, .F. ) ;
#1907 = CARTESIAN_POINT ( 'NONE',  ( -5.000000000000000000, -9.999999999999998224, 30.00000000000000000 ) ) ;
#1908 = EDGE_CURVE ( 'NONE', #1063, #5602, #1317, .T. ) ;
#1909 = CARTESIAN_POINT ( 'NONE',  ( 12.99999999999999822, 0.000000000000000000, 0.000000000000000000 ) ) ;
#1910 = LINE ( 'NONE', #3390, #3478 ) ;
#1911 = VECTOR ( 'NONE', #2422, 1000.000000000000000 ) ;
#1912 = LINE ( 'NONE', #5338, #4001 ) ;
#1913 = ORIENTED_EDGE ( 'NONE', *, *, #5195, .F. ) ;
#1914 = DIRECTION ( 'NONE',  ( -0.8571673007021118895, 1.049727191138618079E-16, 0.5150380749100549327 ) ) ;
#1915 = ORIENTED_EDGE ( 'NONE', *, *, #1706, .T. ) ;
#1916 =( REPRESENTATION_RELATIONSHIP ('NONE','NONE', #5522, #6186 ) REPRESENTATION_RELATIONSHIP_WITH_TRANSFORMATION ( #2246 )SHAPE_REPRESENTATION_RELATIONSHIP( ) );
#1917 = ORIENTED_EDGE ( 'NONE', *, *, #314, .F. ) ;
#1918 = DIRECTION ( 'NONE',  ( -0.000000000000000000, -0.000000000000000000, -1.000000000000000000 ) ) ;
#1919 = DIRECTION ( 'NONE',  ( -1.665334536937734811E-16, 1.665334536937734811E-16, 1.000000000000000000 ) ) ;
#1920 = CARTESIAN_POINT ( 'NONE',  ( 14.00000000000000178, -17.50000000000000000, 67.50000000000000000 ) ) ;
#1921 = DIRECTION ( 'NONE',  ( 1.000000000000000000, 0.000000000000000000, 0.000000000000000000 ) ) ;
#1922 = EDGE_CURVE ( 'NONE', #1746, #491, #4711, .T. ) ;
#1923 = ORIENTED_EDGE ( 'NONE', *, *, #147, .F. ) ;
#1924 = DIRECTION ( 'NONE',  ( -0.000000000000000000, -0.000000000000000000, -1.000000000000000000 ) ) ;
#1925 = CYLINDRICAL_SURFACE ( 'NONE', #5693, 1.499999999999999556 ) ;
#1926 = EDGE_LOOP ( 'NONE', ( #2555, #324, #1787 ) ) ;
#1927 = CARTESIAN_POINT ( 'NONE',  ( 5.500000000000001776, -10.50000000000000533, 30.00000000000000000 ) ) ;
#1928 = LINE ( 'NONE', #4263, #1118 ) ;
#1929 = AXIS2_PLACEMENT_3D ( 'NONE', #5583, #5613, #2052 ) ;
#1930 = CARTESIAN_POINT ( 'NONE',  ( -15.00000000000000000, 22.50000000000000000, -59.99999999999998579 ) ) ;
#1931 = ADVANCED_FACE ( 'NONE', ( #1742 ), #5728, .F. ) ;
#1932 = EDGE_CURVE ( 'NONE', #3383, #1054, #2304, .T. ) ;
#1933 = ORIENTED_EDGE ( 'NONE', *, *, #3539, .T. ) ;
#1934 = FACE_OUTER_BOUND ( 'NONE', #2332, .T. ) ;
#1935 = AXIS2_PLACEMENT_3D ( 'NONE', #5942, #3491, #2479 ) ;
#1936 = ORIENTED_EDGE ( 'NONE', *, *, #1789, .F. ) ;
#1937 = CARTESIAN_POINT ( 'NONE',  ( -7.499999999999998224, -12.49999999999999822, 67.50000000000000000 ) ) ;
#1938 = VECTOR ( 'NONE', #2189, 1000.000000000000000 ) ;
#1939 = CARTESIAN_POINT ( 'NONE',  ( -8.328427124746188071, -13.32842712474618985, -67.50000000000000000 ) ) ;
#1940 = CARTESIAN_POINT ( 'NONE',  ( 1.300000000000000044, -0.7390083445627219083, -1.279999999999998916 ) ) ;
#1941 = VECTOR ( 'NONE', #2907, 1000.000000000000000 ) ;
#1942 = CARTESIAN_POINT ( 'NONE',  ( -2.499999999999996891, 0.000000000000000000, -345.0000000000000000 ) ) ;
#1943 = CIRCLE ( 'NONE', #5562, 2.750000000000000000 ) ;
#1944 = EDGE_CURVE ( 'NONE', #1757, #681, #1806, .T. ) ;
#1945 = ORIENTED_EDGE ( 'NONE', *, *, #1849, .F. ) ;
#1946 = DIRECTION ( 'NONE',  ( 1.000000000000000000, 0.000000000000000000, 0.000000000000000000 ) ) ;
#1947 = VERTEX_POINT ( 'NONE', #4292 ) ;
#1948 = AXIS2_PLACEMENT_3D ( 'NONE', #3198, #5181, #617 ) ;
#1949 = AXIS2_PLACEMENT_3D ( 'NONE', #2121, #1632, #5095 ) ;
#1950 = ORIENTED_EDGE ( 'NONE', *, *, #3270, .T. ) ;
#1951 = ORIENTED_EDGE ( 'NONE', *, *, #71, .F. ) ;
#1952 = VECTOR ( 'NONE', #224, 1000.000000000000000 ) ;
#1953 = AXIS2_PLACEMENT_3D ( 'NONE', #4642, #209, #1635 ) ;
#1954 = EDGE_CURVE ( 'NONE', #5289, #2720, #6264, .T. ) ;
#1955 = CIRCLE ( 'NONE', #2563, 2.750000000000000000 ) ;
#1956 = DIRECTION ( 'NONE',  ( -1.000000000000000000, -0.000000000000000000, -0.000000000000000000 ) ) ;
#1957 = DIRECTION ( 'NONE',  ( 0.000000000000000000, 5.551115123125782702E-17, -1.000000000000000000 ) ) ;
#1958 = SURFACE_SIDE_STYLE ('',( #3951 ) ) ;
#1959 = VECTOR ( 'NONE', #2971, 1000.000000000000000 ) ;
#1960 = CIRCLE ( 'NONE', #5479, 1.000000000000000888 ) ;
#1961 = DIRECTION ( 'NONE',  ( -0.000000000000000000, -0.000000000000000000, 1.000000000000000000 ) ) ;
#1962 = ORIENTED_EDGE ( 'NONE', *, *, #472, .T. ) ;
#1963 = DIRECTION ( 'NONE',  ( 0.000000000000000000, 0.000000000000000000, 1.000000000000000000 ) ) ;
#1964 = CIRCLE ( 'NONE', #2484, 2.499999999999995115 ) ;
#1965 = ORIENTED_EDGE ( 'NONE', *, *, #3329, .F. ) ;
#1966 = CARTESIAN_POINT ( 'NONE',  ( 5.049999999999999822, 10.05000000000000071, 33.99999999999999289 ) ) ;
#1967 = ORIENTED_EDGE ( 'NONE', *, *, #6245, .T. ) ;
#1968 = DIRECTION ( 'NONE',  ( 0.000000000000000000, 0.5000000000000002220, -0.8660254037844384856 ) ) ;
#1969 = VECTOR ( 'NONE', #3748, 1000.000000000000114 ) ;
#1970 = CARTESIAN_POINT ( 'NONE',  ( 6.049999999999999822, 11.05000000000000071, 34.99999999999999289 ) ) ;
#1971 = CARTESIAN_POINT ( 'NONE',  ( -16.50000000000000000, -20.50000000000000355, 34.99999999999999289 ) ) ;
#1972 = ORIENTED_EDGE ( 'NONE', *, *, #3069, .T. ) ;
#1973 = CARTESIAN_POINT ( 'NONE',  ( -2.499999999999996447, 0.000000000000000000, -30.00000000000000000 ) ) ;
#1974 =( BOUNDED_CURVE ( )  B_SPLINE_CURVE ( 3, ( #2795, #3695, #4766, #4311 ),
 .UNSPECIFIED., .F., .F. ) 
 B_SPLINE_CURVE_WITH_KNOTS ( ( 4, 4 ),
 ( 3.141592653589793116, 4.712388980384689674 ),
 .UNSPECIFIED. ) 
 CURVE ( )  GEOMETRIC_REPRESENTATION_ITEM ( )  RATIONAL_B_SPLINE_CURVE ( ( 1.000000000000000000, 0.8047378541243649375, 0.8047378541243649375, 1.000000000000000000 ) ) 
 REPRESENTATION_ITEM ( '' )  );
#1975 = VECTOR ( 'NONE', #5624, 1000.000000000000000 ) ;
#1976 = ORIENTED_EDGE ( 'NONE', *, *, #2049, .F. ) ;
#1977 = CARTESIAN_POINT ( 'NONE',  ( 20.49999999999999645, -20.49999999999999645, 67.50000000000000000 ) ) ;
#1978 = DIRECTION ( 'NONE',  ( 0.000000000000000000, 0.000000000000000000, 1.000000000000000000 ) ) ;
#1979 = PLANE ( 'NONE',  #705 ) ;
#1980 = EDGE_CURVE ( 'NONE', #4813, #5089, #5401, .T. ) ;
#1981 = AXIS2_PLACEMENT_3D ( 'NONE', #5257, #790, #3312 ) ;
#1982 = DIRECTION ( 'NONE',  ( 1.049727191138618326E-16, 0.5150380749100547106, -0.8571673007021120005 ) ) ;
#1983 = ORIENTED_EDGE ( 'NONE', *, *, #5980, .F. ) ;
#1984 = DIRECTION ( 'NONE',  ( 0.000000000000000000, -0.8660254037844384856, -0.5000000000000003331 ) ) ;
#1985 = ORIENTED_EDGE ( 'NONE', *, *, #6198, .T. ) ;
#1986 = DIRECTION ( 'NONE',  ( -1.000000000000000000, 0.000000000000000000, 0.000000000000000000 ) ) ;
#1987 = ORIENTED_EDGE ( 'NONE', *, *, #528, .T. ) ;
#1988 = EDGE_CURVE ( 'NONE', #2226, #5871, #3077, .T. ) ;
#1989 = EDGE_CURVE ( 'NONE', #5172, #3777, #3932, .T. ) ;
#1990 = DIRECTION ( 'NONE',  ( 1.000000000000000000, 0.000000000000000000, 0.000000000000000000 ) ) ;
#1991 = ADVANCED_FACE ( 'NONE', ( #2910 ), #4875, .T. ) ;
#1992 = DIRECTION ( 'NONE',  ( 0.9160696267350908473, 0.4010192501282595634, 0.000000000000000000 ) ) ;
#1993 = ORIENTED_EDGE ( 'NONE', *, *, #2184, .F. ) ;
#1994 = DIRECTION ( 'NONE',  ( -1.000000000000000000, 0.000000000000000000, 0.000000000000000000 ) ) ;
#1995 = CARTESIAN_POINT ( 'NONE',  ( 5.464213562373093858, 10.46421356237309652, 34.99999999999999289 ) ) ;
#1996 = EDGE_LOOP ( 'NONE', ( #4584, #1815, #4247, #865, #1365, #5316, #3163, #4731 ) ) ;
#1997 = CARTESIAN_POINT ( 'NONE',  ( 15.00000000000000000, 32.50000000000000000, -64.99999999999998579 ) ) ;
#1998 = CARTESIAN_POINT ( 'NONE',  ( 12.99999999999999822, 0.000000000000000000, 0.000000000000000000 ) ) ;
#1999 = CARTESIAN_POINT ( 'NONE',  ( 0.000000000000000000, 0.000000000000000000, 0.000000000000000000 ) ) ;
#2000 = VERTEX_POINT ( 'NONE', #1971 ) ;
#2001 = LINE ( 'NONE', #3962, #3309 ) ;
#2002 =( GEOMETRIC_REPRESENTATION_CONTEXT ( 3 ) GLOBAL_UNCERTAINTY_ASSIGNED_CONTEXT ( ( #4127 ) ) GLOBAL_UNIT_ASSIGNED_CONTEXT ( ( #792, #2291, #765 ) ) REPRESENTATION_CONTEXT ( 'NONE', 'WORKASPACE' ) );
#2003 = VERTEX_POINT ( 'NONE', #4458 ) ;
#2004 = CYLINDRICAL_SURFACE ( 'NONE', #2168, 2.000000000000001776 ) ;
#2005 = CARTESIAN_POINT ( 'NONE',  ( -5.000000000000002665, 10.00000000000000178, 30.00000000000000000 ) ) ;
#2006 = CARTESIAN_POINT ( 'NONE',  ( -11.00000000000000178, -17.50000000000000000, 58.70000000000000284 ) ) ;
#2007 = AXIS2_PLACEMENT_3D ( 'NONE', #1521, #3023, #1464 ) ;
#2008 = LINE ( 'NONE', #553, #3897 ) ;
#2009 = VERTEX_POINT ( 'NONE', #3414 ) ;
#2010 = DIRECTION ( 'NONE',  ( -1.000000000000000000, 0.000000000000000000, 0.000000000000000000 ) ) ;
#2011 = EDGE_CURVE ( 'NONE', #681, #4375, #447, .T. ) ;
#2012 = VERTEX_POINT ( 'NONE', #6334 ) ;
#2013 = AXIS2_PLACEMENT_3D ( 'NONE', #773, #5271, #4708 ) ;
#2014 = ORIENTED_EDGE ( 'NONE', *, *, #3457, .F. ) ;
#2015 = VECTOR ( 'NONE', #637, 1000.000000000000000 ) ;
#2016 = EDGE_CURVE ( 'NONE', #5118, #1531, #2471, .T. ) ;
#2017 = EDGE_CURVE ( 'NONE', #777, #6223, #4011, .T. ) ;
#2018 = DIRECTION ( 'NONE',  ( -0.000000000000000000, -0.000000000000000000, -1.000000000000000000 ) ) ;
#2019 = DIRECTION ( 'NONE',  ( -0.6946710603779256976, -0.7193275456100707288, 2.775557561562891351E-17 ) ) ;
#2020 = CARTESIAN_POINT ( 'NONE',  ( 13.99999999999999467, -17.50000000000000355, 34.99999999999999289 ) ) ;
#2021 = ORIENTED_EDGE ( 'NONE', *, *, #1002, .F. ) ;
#2022 = EDGE_CURVE ( 'NONE', #6329, #389, #479, .T. ) ;
#2023 = ORIENTED_EDGE ( 'NONE', *, *, #6285, .F. ) ;
#2024 = CARTESIAN_POINT ( 'NONE',  ( 9.500000000000003553, -14.49999999999999822, -67.50000000000000000 ) ) ;
#2025 = EDGE_LOOP ( 'NONE', ( #1965, #3757, #4916, #6294 ) ) ;
#2026 = DIRECTION ( 'NONE',  ( -0.000000000000000000, -0.000000000000000000, 1.000000000000000000 ) ) ;
#2027 = CYLINDRICAL_SURFACE ( 'NONE', #5256, 1.499999999999999556 ) ;
#2028 = DIRECTION ( 'NONE',  ( 1.000000000000000000, 0.000000000000000000, 0.000000000000000000 ) ) ;
#2029 = ORIENTED_EDGE ( 'NONE', *, *, #4378, .F. ) ;
#2030 = CARTESIAN_POINT ( 'NONE',  ( 12.49999999999999467, 17.49999999999999645, 34.99999999999999289 ) ) ;
#2031 = EDGE_LOOP ( 'NONE', ( #1744, #4784, #2042, #2344 ) ) ;
#2032 = ORIENTED_EDGE ( 'NONE', *, *, #475, .F. ) ;
#2033 = DIRECTION ( 'NONE',  ( 0.000000000000000000, 0.000000000000000000, -1.000000000000000000 ) ) ;
#2034 = CARTESIAN_POINT ( 'NONE',  ( 11.00000000000000533, 17.50000000000000000, 58.70000000000000284 ) ) ;
#2035 = DIRECTION ( 'NONE',  ( 1.000000000000000000, 0.000000000000000000, 0.000000000000000000 ) ) ;
#2036 = DIRECTION ( 'NONE',  ( -0.7071067811865310304, 0.000000000000000000, 0.7071067811865641151 ) ) ;
#2037 =( REPRESENTATION_RELATIONSHIP ('NONE','NONE', #5522, #1796 ) REPRESENTATION_RELATIONSHIP_WITH_TRANSFORMATION ( #592 )SHAPE_REPRESENTATION_RELATIONSHIP( ) );
#2038 = VECTOR ( 'NONE', #2560, 1000.000000000000000 ) ;
#2039 = ORIENTED_EDGE ( 'NONE', *, *, #5910, .F. ) ;
#2040 = CARTESIAN_POINT ( 'NONE',  ( 17.50000000000000000, 20.49999999999999289, 33.99999999999999289 ) ) ;
#2041 = VECTOR ( 'NONE', #3150, 1000.000000000000000 ) ;
#2042 = ORIENTED_EDGE ( 'NONE', *, *, #6319, .T. ) ;
#2043 = CARTESIAN_POINT ( 'NONE',  ( 22.50000000000000000, 21.67157287525381193, -58.32842712474618452 ) ) ;
#2044 = CIRCLE ( 'NONE', #496, 2.499999999999996891 ) ;
#2045 = ORIENTED_EDGE ( 'NONE', *, *, #4939, .F. ) ;
#2046 = AXIS2_PLACEMENT_3D ( 'NONE', #781, #5114, #256 ) ;
#2047 =( BOUNDED_CURVE ( )  B_SPLINE_CURVE ( 3, ( #5991, #3569, #3011, #18 ),
 .UNSPECIFIED., .F., .F. ) 
 B_SPLINE_CURVE_WITH_KNOTS ( ( 4, 4 ),
 ( 0.000000000000000000, 1.570796326794896558 ),
 .UNSPECIFIED. ) 
 CURVE ( )  GEOMETRIC_REPRESENTATION_ITEM ( )  RATIONAL_B_SPLINE_CURVE ( ( 1.000000000000000000, 0.8047378541243649375, 0.8047378541243649375, 1.000000000000000000 ) ) 
 REPRESENTATION_ITEM ( '' )  );
#2048 = AXIS2_PLACEMENT_3D ( 'NONE', #3171, #2209, #5150 ) ;
#2049 = EDGE_CURVE ( 'NONE', #4527, #1733, #3439, .T. ) ;
#2050 = AXIS2_PLACEMENT_3D ( 'NONE', #868, #372, #344 ) ;
#2051 = CIRCLE ( 'NONE', #1012, 1.499999999999999556 ) ;
#2052 = DIRECTION ( 'NONE',  ( 0.000000000000000000, 0.000000000000000000, 1.000000000000000000 ) ) ;
#2053 = CONTEXT_DEPENDENT_SHAPE_REPRESENTATION ( #3684, #3744 ) ;
#2054 = CIRCLE ( 'NONE', #5565, 1.499999999999999556 ) ;
#2055 = CARTESIAN_POINT ( 'NONE',  ( -17.50000000000000000, 22.49999999999999645, 33.99999999999999289 ) ) ;
#2056 = EDGE_CURVE ( 'NONE', #2839, #1189, #512, .T. ) ;
#2057 = AXIS2_PLACEMENT_3D ( 'NONE', #5989, #17, #485 ) ;
#2058 = EDGE_LOOP ( 'NONE', ( #874, #1457 ) ) ;
#2059 = CARTESIAN_POINT ( 'NONE',  ( -22.50000000000000000, 20.50000000000000355, -59.50000000000000711 ) ) ;
#2060 = AXIS2_PLACEMENT_3D ( 'NONE', #1999, #3960, #3468 ) ;
#2061 = CARTESIAN_POINT ( 'NONE',  ( -20.49999999999999645, 22.50000000000000355, 57.50000000000000000 ) ) ;
#2062 = VECTOR ( 'NONE', #5988, 1000.000000000000000 ) ;
#2063 = VERTEX_POINT ( 'NONE', #3002 ) ;
#2064 = CYLINDRICAL_SURFACE ( 'NONE', #461, 1.499999999999999556 ) ;
#2065 = DIRECTION ( 'NONE',  ( -0.000000000000000000, -0.000000000000000000, -1.000000000000000000 ) ) ;
#2066 = ADVANCED_FACE ( 'NONE', ( #5428 ), #2964, .F. ) ;
#2067 = ADVANCED_FACE ( 'NONE', ( #5894 ), #10, .T. ) ;
#2068 = VECTOR ( 'NONE', #4142, 1000.000000000000000 ) ;
#2069 = CARTESIAN_POINT ( 'NONE',  ( 0.000000000000000000, 1.478016689125442928, -1.734723475976807094E-15 ) ) ;
#2070 = CIRCLE ( 'NONE', #5687, 1.499999999999999556 ) ;
#2071 = ORIENTED_EDGE ( 'NONE', *, *, #2891, .T. ) ;
#2072 = DIRECTION ( 'NONE',  ( -0.000000000000000000, 1.000000000000000000, -0.000000000000000000 ) ) ;
#2073 = VERTEX_POINT ( 'NONE', #1028 ) ;
#2074 = LINE ( 'NONE', #3964, #3396 ) ;
#2075 = CIRCLE ( 'NONE', #2172, 2.499999999999997780 ) ;
#2076 = CARTESIAN_POINT ( 'NONE',  ( -2.499999999999996891, 3.061616997868379197E-16, 345.0000000000000000 ) ) ;
#2077 = CARTESIAN_POINT ( 'NONE',  ( 5.500000000000001776, -12.50000000000000533, 0.000000000000000000 ) ) ;
#2078 = CIRCLE ( 'NONE', #2899, 1.499999999999999556 ) ;
#2079 = AXIS2_PLACEMENT_3D ( 'NONE', #3775, #1904, #5798 ) ;
#2080 = FACE_OUTER_BOUND ( 'NONE', #5341, .T. ) ;
#2081 = ORIENTED_EDGE ( 'NONE', *, *, #4344, .F. ) ;
#2082 = PLANE ( 'NONE',  #2897 ) ;
#2083 = ORIENTED_EDGE ( 'NONE', *, *, #6211, .T. ) ;
#2084 = CARTESIAN_POINT ( 'NONE',  ( 22.50000000000000000, 20.50000000000000355, -59.50000000000000000 ) ) ;
#2085 = AXIS2_PLACEMENT_3D ( 'NONE', #635, #1083, #164 ) ;
#2086 = ORIENTED_EDGE ( 'NONE', *, *, #1183, .T. ) ;
#2087 = VECTOR ( 'NONE', #3790, 1000.000000000000000 ) ;
#2088 = CARTESIAN_POINT ( 'NONE',  ( 5.000000000000000888, -9.999999999999998224, -30.00000000000000000 ) ) ;
#2089 = PRODUCT_CONTEXT ( 'NONE', #2945, 'mechanical' ) ;
#2090 = DIRECTION ( 'NONE',  ( 0.000000000000000000, 0.000000000000000000, -1.000000000000000000 ) ) ;
#2091 = EDGE_LOOP ( 'NONE', ( #2589, #2886, #1482, #4229 ) ) ;
#2092 = LINE ( 'NONE', #4050, #1146 ) ;
#2093 = EDGE_CURVE ( 'NONE', #2504, #444, #1445, .T. ) ;
#2094 = CARTESIAN_POINT ( 'NONE',  ( -17.50000000000000000, 22.49999999999999645, 30.00000000000000000 ) ) ;
#2095 =( NAMED_UNIT ( * ) PLANE_ANGLE_UNIT ( ) SI_UNIT ( $, .RADIAN. ) );
#2096 = CARTESIAN_POINT ( 'NONE',  ( 1.899999999999999911, 0.000000000000000000, 0.000000000000000000 ) ) ;
#2097 = FACE_OUTER_BOUND ( 'NONE', #223, .T. ) ;
#2098 = ORIENTED_EDGE ( 'NONE', *, *, #3159, .T. ) ;
#2099 = CARTESIAN_POINT ( 'NONE',  ( -31.74999999999995737, 0.000000000000000000, 0.000000000000000000 ) ) ;
#2100 = EDGE_CURVE ( 'NONE', #480, #2623, #3186, .T. ) ;
#2101 = ORIENTED_EDGE ( 'NONE', *, *, #1226, .T. ) ;
#2102 = VERTEX_POINT ( 'NONE', #5982 ) ;
#2103 = CARTESIAN_POINT ( 'NONE',  ( 22.50000000000000000, 20.50000000000000355, -59.50000000000000000 ) ) ;
#2104 = EDGE_CURVE ( 'NONE', #6052, #3433, #1535, .T. ) ;
#2105 = DIRECTION ( 'NONE',  ( 0.000000000000000000, 0.000000000000000000, -1.000000000000000000 ) ) ;
#2106 = CARTESIAN_POINT ( 'NONE',  ( -11.00000000000000711, 17.49999999999999645, 30.00000000000000000 ) ) ;
#2107 = DIRECTION ( 'NONE',  ( 1.000000000000000000, 0.000000000000000000, 0.000000000000000000 ) ) ;
#2108 = ORIENTED_EDGE ( 'NONE', *, *, #1367, .T. ) ;
#2109 = CARTESIAN_POINT ( 'NONE',  ( -15.50000000000000178, 21.49999999999999645, 33.99999999999999289 ) ) ;
#2110 = VERTEX_POINT ( 'NONE', #3031 ) ;
#2111 = ADVANCED_FACE ( 'NONE', ( #4997 ), #2888, .F. ) ;
#2112 = DIRECTION ( 'NONE',  ( -1.734723475976806848E-16, 0.000000000000000000, 1.000000000000000000 ) ) ;
#2113 = CARTESIAN_POINT ( 'NONE',  ( 7.500000000000000000, 22.50000000000000355, -67.50000000000000000 ) ) ;
#2114 =( GEOMETRIC_REPRESENTATION_CONTEXT ( 3 ) GLOBAL_UNCERTAINTY_ASSIGNED_CONTEXT ( ( #2581 ) ) GLOBAL_UNIT_ASSIGNED_CONTEXT ( ( #3793, #5227, #4735 ) ) REPRESENTATION_CONTEXT ( 'NONE', 'WORKASPACE' ) );
#2115 = LINE ( 'NONE', #4072, #698 ) ;
#2116 = CARTESIAN_POINT ( 'NONE',  ( -6.049999999999999822, -11.05000000000000071, 34.99999999999999289 ) ) ;
#2117 = DIRECTION ( 'NONE',  ( 0.000000000000000000, -1.000000000000000000, 0.000000000000000000 ) ) ;
#2118 = ORIENTED_EDGE ( 'NONE', *, *, #5582, .T. ) ;
#2119 = DIRECTION ( 'NONE',  ( 0.000000000000000000, 0.000000000000000000, 1.000000000000000000 ) ) ;
#2120 = DIRECTION ( 'NONE',  ( 1.000000000000000000, 0.000000000000000000, 0.000000000000000000 ) ) ;
#2121 = CARTESIAN_POINT ( 'NONE',  ( 22.50000000000000000, -22.50000000000000000, 67.50000000000000000 ) ) ;
#2122 = EDGE_CURVE ( 'NONE', #1019, #312, #5524, .T. ) ;
#2123 = DIRECTION ( 'NONE',  ( -0.000000000000000000, -0.000000000000000000, -1.000000000000000000 ) ) ;
#2124 = ORIENTED_EDGE ( 'NONE', *, *, #3496, .F. ) ;
#2125 = DIRECTION ( 'NONE',  ( 0.000000000000000000, -1.000000000000000000, 0.000000000000000000 ) ) ;
#2126 = VERTEX_POINT ( 'NONE', #1122 ) ;
#2127 = EDGE_LOOP ( 'NONE', ( #4951, #1679, #1096 ) ) ;
#2128 = DIRECTION ( 'NONE',  ( -0.000000000000000000, -0.000000000000000000, 1.000000000000000000 ) ) ;
#2129 = ORIENTED_EDGE ( 'NONE', *, *, #4498, .F. ) ;
#2130 = DIRECTION ( 'NONE',  ( 0.000000000000000000, -1.000000000000000000, 0.000000000000000000 ) ) ;
#2131 = ADVANCED_FACE ( 'NONE', ( #607 ), #5124, .T. ) ;
#2132 = EDGE_CURVE ( 'NONE', #5905, #5700, #1087, .T. ) ;
#2133 = CARTESIAN_POINT ( 'NONE',  ( -12.49999999999999822, -17.50000000000000000, -67.50000000000000000 ) ) ;
#2134 = VERTEX_POINT ( 'NONE', #700 ) ;
#2135 = DIRECTION ( 'NONE',  ( 0.000000000000000000, 0.000000000000000000, 1.000000000000000000 ) ) ;
#2136 = ORIENTED_EDGE ( 'NONE', *, *, #3085, .F. ) ;
#2137 = VERTEX_POINT ( 'NONE', #2672 ) ;
#2138 = DIRECTION ( 'NONE',  ( -0.000000000000000000, 0.000000000000000000, 1.000000000000000000 ) ) ;
#2139 = ORIENTED_EDGE ( 'NONE', *, *, #4861, .F. ) ;
#2140 = CIRCLE ( 'NONE', #1824, 2.055000000000000160 ) ;
#2141 = EDGE_CURVE ( 'NONE', #1733, #1640, #3634, .T. ) ;
#2142 = AXIS2_PLACEMENT_3D ( 'NONE', #231, #5333, #4250 ) ;
#2143 = EDGE_CURVE ( 'NONE', #4657, #3442, #1563, .T. ) ;
#2144 = CARTESIAN_POINT ( 'NONE',  ( -14.99999999999998401, 32.50000000000000000, 62.50000000000000000 ) ) ;
#2145 = PRODUCT_DEFINITION_SHAPE ( 'NONE', 'NONE',  #4710 ) ;
#2146 = CARTESIAN_POINT ( 'NONE',  ( -11.00000000000000711, 17.49999999999999645, 34.99999999999999289 ) ) ;
#2147 = DIRECTION ( 'NONE',  ( -0.000000000000000000, -0.000000000000000000, -1.000000000000000000 ) ) ;
#2148 = TOROIDAL_SURFACE ( 'NONE', #5767, 1.600000000000000311, 0.1000000000000000056 ) ;
#2149 = TOROIDAL_SURFACE ( 'NONE', #494, 1.000000000000000000, 1.000000000000000000 ) ;
#2150 = APPLICATION_PROTOCOL_DEFINITION ( 'draft international standard', 'automotive_design', 1998, #3267 ) ;
#2151 = PRODUCT_RELATED_PRODUCT_CATEGORY ( 'part', '', ( #165 ) ) ;
#2152 = AXIS2_PLACEMENT_3D ( 'NONE', #1390, #2819, #3332 ) ;
#2153 = ORIENTED_EDGE ( 'NONE', *, *, #4426, .T. ) ;
#2154 = LINE ( 'NONE', #5549, #4865 ) ;
#2155 = CARTESIAN_POINT ( 'NONE',  ( -20.49999999999998224, -22.50000000000000000, 67.50000000000000000 ) ) ;
#2156 = FACE_OUTER_BOUND ( 'NONE', #1126, .T. ) ;
#2157 = AXIS2_PLACEMENT_3D ( 'NONE', #2277, #5376, #1780 ) ;
#2158 = AXIS2_PLACEMENT_3D ( 'NONE', #5495, #2491, #3865 ) ;
#2159 = LINE ( 'NONE', #6108, #80 ) ;
#2160 = ORIENTED_EDGE ( 'NONE', *, *, #1225, .F. ) ;
#2161 = DIRECTION ( 'NONE',  ( -1.000000000000000000, -0.000000000000000000, -0.000000000000000000 ) ) ;
#2162 = VECTOR ( 'NONE', #5105, 1000.000000000000114 ) ;
#2163 = ORIENTED_EDGE ( 'NONE', *, *, #1367, .F. ) ;
#2164 = VERTEX_POINT ( 'NONE', #2069 ) ;
#2165 = CARTESIAN_POINT ( 'NONE',  ( -5.000000000000002665, 10.00000000000000178, 30.00000000000000000 ) ) ;
#2166 = LINE ( 'NONE', #4129, #3297 ) ;
#2167 = LINE ( 'NONE', #6173, #1427 ) ;
#2168 = AXIS2_PLACEMENT_3D ( 'NONE', #1977, #1478, #3936 ) ;
#2169 = LINE ( 'NONE', #3065, #1522 ) ;
#2170 = VERTEX_POINT ( 'NONE', #5651 ) ;
#2171 = CYLINDRICAL_SURFACE ( 'NONE', #2787, 2.000000000000001776 ) ;
#2172 = AXIS2_PLACEMENT_3D ( 'NONE', #84, #2590, #3017 ) ;
#2173 = ORIENTED_EDGE ( 'NONE', *, *, #2575, .F. ) ;
#2174 = ORIENTED_EDGE ( 'NONE', *, *, #426, .F. ) ;
#2175 = AXIS2_PLACEMENT_3D ( 'NONE', #1346, #1402, #4774 ) ;
#2176 = EDGE_CURVE ( 'NONE', #3580, #785, #1214, .T. ) ;
#2177 = CARTESIAN_POINT ( 'NONE',  ( -7.500000000000000000, 32.50000000000000000, -67.50000000000000000 ) ) ;
#2178 = CARTESIAN_POINT ( 'NONE',  ( -15.00000000000000000, 22.50000000000000000, -62.49999999999998579 ) ) ;
#2179 = PRODUCT_DEFINITION_FORMATION_WITH_SPECIFIED_SOURCE ( 'ANY', '', #1836, .NOT_KNOWN. ) ;
#2180 = CIRCLE ( 'NONE', #5278, 1.500000000000000444 ) ;
#2181 = PRESENTATION_STYLE_ASSIGNMENT (( #686 ) ) ;
#2182 = CARTESIAN_POINT ( 'NONE',  ( 1.300000000000000044, 1.478016689125442928, -1.734723475976807094E-15 ) ) ;
#2183 = DIRECTION ( 'NONE',  ( -1.000000000000000000, 0.000000000000000000, 0.000000000000000000 ) ) ;
#2184 = EDGE_CURVE ( 'NONE', #5781, #5678, #105, .T. ) ;
#2185 = ADVANCED_FACE ( 'NONE', ( #2097 ), #5554, .F. ) ;
#2186 = VERTEX_POINT ( 'NONE', #3093 ) ;
#2187 = ITEM_DEFINED_TRANSFORMATION ( 'NONE', 'NONE', #5938,  #1582 ) ;
#2188 = CYLINDRICAL_SURFACE ( 'NONE', #2085, 2.000000000000001776 ) ;
#2189 = DIRECTION ( 'NONE',  ( 1.000000000000000000, 0.000000000000000000, 0.000000000000000000 ) ) ;
#2190 = EDGE_CURVE ( 'NONE', #244, #1947, #1121, .T. ) ;
#2191 = CARTESIAN_POINT ( 'NONE',  ( -15.50000000000000178, 21.49999999999999645, 34.99999999999999289 ) ) ;
#2192 = CARTESIAN_POINT ( 'NONE',  ( 12.49999999999999467, 17.49999999999999645, 30.00000000000000000 ) ) ;
#2193 = ORIENTED_EDGE ( 'NONE', *, *, #1459, .T. ) ;
#2194 = CARTESIAN_POINT ( 'NONE',  ( 6.049999999999999822, 0.000000000000000000, 1.000000000000000000 ) ) ;
#2195 = ORIENTED_EDGE ( 'NONE', *, *, #5179, .F. ) ;
#2196 = ORIENTED_EDGE ( 'NONE', *, *, #1032, .T. ) ;
#2197 = LINE ( 'NONE', #746, #5053 ) ;
#2198 = ORIENTED_EDGE ( 'NONE', *, *, #4603, .T. ) ;
#2199 = ORIENTED_EDGE ( 'NONE', *, *, #3230, .F. ) ;
#2200 = CARTESIAN_POINT ( 'NONE',  ( 0.000000000000000000, 0.000000000000000000, -345.0000000000000000 ) ) ;
#2201 = LINE ( 'NONE', #2268, #2873 ) ;
#2202 = CARTESIAN_POINT ( 'NONE',  ( 2.499999999999997780, 3.061616997868380183E-16, -30.00000000000000000 ) ) ;
#2203 = ORIENTED_EDGE ( 'NONE', *, *, #3015, .F. ) ;
#2204 = CARTESIAN_POINT ( 'NONE',  ( 20.49999999999999645, 32.50000000000000000, 59.50000000000000711 ) ) ;
#2205 = EDGE_LOOP ( 'NONE', ( #4430, #540, #5951, #2779 ) ) ;
#2206 = ORIENTED_EDGE ( 'NONE', *, *, #3979, .T. ) ;
#2207 = DIRECTION ( 'NONE',  ( -1.000000000000000000, -0.000000000000000000, -0.000000000000000000 ) ) ;
#2208 = DIRECTION ( 'NONE',  ( 0.000000000000000000, 0.000000000000000000, 1.000000000000000000 ) ) ;
#2209 = DIRECTION ( 'NONE',  ( 0.000000000000000000, -2.503857664561932376E-16, 1.000000000000000000 ) ) ;
#2210 = EDGE_CURVE ( 'NONE', #5602, #2376, #2986, .T. ) ;
#2211 = DIRECTION ( 'NONE',  ( 0.000000000000000000, 0.000000000000000000, -1.000000000000000000 ) ) ;
#2212 = CARTESIAN_POINT ( 'NONE',  ( 12.50000000000000178, -17.50000000000000000, -67.50000000000000000 ) ) ;
#2213 = AXIS2_PLACEMENT_3D ( 'NONE', #538, #2478, #1433 ) ;
#2214 = ORIENTED_EDGE ( 'NONE', *, *, #1520, .T. ) ;
#2215 = CONTEXT_DEPENDENT_SHAPE_REPRESENTATION ( #803, #281 ) ;
#2216 = ADVANCED_FACE ( 'NONE', ( #2606 ), #2776, .F. ) ;
#2217 = ADVANCED_FACE ( 'NONE', ( #6070 ), #4946, .F. ) ;
#2218 =( BOUNDED_CURVE ( )  B_SPLINE_CURVE ( 3, ( #2241, #4106, #3172, #4207 ),
 .UNSPECIFIED., .F., .F. ) 
 B_SPLINE_CURVE_WITH_KNOTS ( ( 4, 4 ),
 ( 0.000000000000000000, 1.570796326794896558 ),
 .UNSPECIFIED. ) 
 CURVE ( )  GEOMETRIC_REPRESENTATION_ITEM ( )  RATIONAL_B_SPLINE_CURVE ( ( 1.000000000000000000, 0.8047378541243649375, 0.8047378541243649375, 1.000000000000000000 ) ) 
 REPRESENTATION_ITEM ( '' )  );
#2219 = CARTESIAN_POINT ( 'NONE',  ( 0.000000000000000000, 32.50000000000000000, 0.000000000000000000 ) ) ;
#2220 = DIRECTION ( 'NONE',  ( -0.000000000000000000, 0.8660254037844390407, 0.4999999999999993894 ) ) ;
#2221 = VECTOR ( 'NONE', #5326, 1000.000000000000000 ) ;
#2222 = CARTESIAN_POINT ( 'NONE',  ( 0.000000000000000000, 0.000000000000000000, 0.000000000000000000 ) ) ;
#2223 = CARTESIAN_POINT ( 'NONE',  ( -7.500000000000001776, 12.50000000000000178, -65.50000000000000000 ) ) ;
#2224 = EDGE_CURVE ( 'NONE', #2447, #4082, #3697, .T. ) ;
#2225 = CARTESIAN_POINT ( 'NONE',  ( -11.00000000000000000, 17.50000000000000000, 67.50000000000000000 ) ) ;
#2226 = VERTEX_POINT ( 'NONE', #5594 ) ;
#2227 = FACE_OUTER_BOUND ( 'NONE', #5909, .T. ) ;
#2228 = ORIENTED_EDGE ( 'NONE', *, *, #3548, .T. ) ;
#2229 = DIRECTION ( 'NONE',  ( 1.000000000000000000, 0.000000000000000000, 0.000000000000000000 ) ) ;
#2230 = EDGE_LOOP ( 'NONE', ( #2014, #2032 ) ) ;
#2231 = DIRECTION ( 'NONE',  ( -1.000000000000000000, 0.000000000000000000, 0.000000000000000000 ) ) ;
#2232 = DIRECTION ( 'NONE',  ( 1.000000000000000000, 1.301042606982605321E-16, -0.000000000000000000 ) ) ;
#2233 = CARTESIAN_POINT ( 'NONE',  ( 0.000000000000000000, 0.000000000000000000, 314.9999999999999432 ) ) ;
#2234 = VERTEX_POINT ( 'NONE', #1155 ) ;
#2235 = DIRECTION ( 'NONE',  ( -0.000000000000000000, -0.000000000000000000, -1.000000000000000000 ) ) ;
#2236 = EDGE_LOOP ( 'NONE', ( #5533, #953, #5742, #1471 ) ) ;
#2237 = ORIENTED_EDGE ( 'NONE', *, *, #439, .F. ) ;
#2238 = DIRECTION ( 'NONE',  ( -1.000000000000000000, -0.000000000000000000, -0.000000000000000000 ) ) ;
#2239 = CARTESIAN_POINT ( 'NONE',  ( -14.99999999999998401, 22.50000000000000000, 62.50000000000000000 ) ) ;
#2240 = LINE ( 'NONE', #3650, #4624 ) ;
#2241 = CARTESIAN_POINT ( 'NONE',  ( 20.49999999999999645, 22.50000000000000355, 57.50000000000000000 ) ) ;
#2242 = DIRECTION ( 'NONE',  ( 0.000000000000000000, 0.000000000000000000, -1.000000000000000000 ) ) ;
#2243 = ORIENTED_EDGE ( 'NONE', *, *, #952, .T. ) ;
#2244 = EDGE_CURVE ( 'NONE', #5871, #444, #1634, .T. ) ;
#2245 = CIRCLE ( 'NONE', #2752, 2.500000000000002220 ) ;
#2246 = ITEM_DEFINED_TRANSFORMATION ( 'NONE', 'NONE', #2007,  #1582 ) ;
#2247 = VECTOR ( 'NONE', #1398, 1000.000000000000000 ) ;
#2248 = CIRCLE ( 'NONE', #385, 1.499999999999997780 ) ;
#2249 = DIRECTION ( 'NONE',  ( 0.000000000000000000, 0.000000000000000000, -1.000000000000000000 ) ) ;
#2250 = PRODUCT_DEFINITION_SHAPE ( 'NONE', 'NONE',  #6411 ) ;
#2251 = FACE_OUTER_BOUND ( 'NONE', #5920, .T. ) ;
#2252 = EDGE_CURVE ( 'NONE', #4927, #5001, #3665, .T. ) ;
#2253 = PLANE ( 'NONE',  #3986 ) ;
#2254 = CIRCLE ( 'NONE', #4002, 1.499999999999999556 ) ;
#2255 =( BOUNDED_CURVE ( )  B_SPLINE_CURVE ( 3, ( #4080, #3217, #5619, #1594 ),
 .UNSPECIFIED., .F., .F. ) 
 B_SPLINE_CURVE_WITH_KNOTS ( ( 4, 4 ),
 ( 1.570796326794896558, 3.141592653589793560 ),
 .UNSPECIFIED. ) 
 CURVE ( )  GEOMETRIC_REPRESENTATION_ITEM ( )  RATIONAL_B_SPLINE_CURVE ( ( 1.000000000000000000, 0.8047378541243649375, 0.8047378541243649375, 1.000000000000000000 ) ) 
 REPRESENTATION_ITEM ( '' )  );
#2256 = CARTESIAN_POINT ( 'NONE',  ( 7.500000000000001776, 22.50000000000000355, -59.50000000000000711 ) ) ;
#2257 = ORIENTED_EDGE ( 'NONE', *, *, #2416, .F. ) ;
#2258 = DIRECTION ( 'NONE',  ( -0.000000000000000000, -0.000000000000000000, 1.000000000000000000 ) ) ;
#2259 = VECTOR ( 'NONE', #5461, 1000.000000000000000 ) ;
#2260 = VECTOR ( 'NONE', #81, 1000.000000000000000 ) ;
#2261 = FACE_BOUND ( 'NONE', #1596, .T. ) ;
#2262 = ORIENTED_EDGE ( 'NONE', *, *, #3727, .T. ) ;
#2263 = AXIS2_PLACEMENT_3D ( 'NONE', #5574, #2138, #1653 ) ;
#2264 = EDGE_CURVE ( 'NONE', #318, #6013, #2159, .T. ) ;
#2265 = LINE ( 'NONE', #1348, #3794 ) ;
#2266 = EDGE_CURVE ( 'NONE', #1598, #3436, #5775, .T. ) ;
#2267 = CARTESIAN_POINT ( 'NONE',  ( 15.00000000000000000, 32.50000000000000000, -62.49999999999999289 ) ) ;
#2268 = CARTESIAN_POINT ( 'NONE',  ( 7.499999999999998224, 12.50000000000000178, -65.50000000000000000 ) ) ;
#2269 = VECTOR ( 'NONE', #5027, 1000.000000000000227 ) ;
#2270 = CARTESIAN_POINT ( 'NONE',  ( 22.50000000000000000, -20.49999999999999645, -67.50000000000000000 ) ) ;
#2271 = ORIENTED_EDGE ( 'NONE', *, *, #5647, .F. ) ;
#2272 = DIRECTION ( 'NONE',  ( 1.000000000000000000, 0.000000000000000000, 0.000000000000000000 ) ) ;
#2273 = ORIENTED_EDGE ( 'NONE', *, *, #3391, .F. ) ;
#2274 = ORIENTED_EDGE ( 'NONE', *, *, #3553, .T. ) ;
#2275 = EDGE_LOOP ( 'NONE', ( #554, #5295, #4188, #2335 ) ) ;
#2276 = AXIS2_PLACEMENT_3D ( 'NONE', #1657, #4693, #4663 ) ;
#2277 = CARTESIAN_POINT ( 'NONE',  ( 3.182842712474619251, 0.000000000000000000, 0.000000000000000000 ) ) ;
#2278 = LINE ( 'NONE', #4243, #6069 ) ;
#2279 = CIRCLE ( 'NONE', #731, 2.499999999999995115 ) ;
#2280 = CARTESIAN_POINT ( 'NONE',  ( 15.50000000000000000, 21.49999999999999645, 34.99999999999999289 ) ) ;
#2281 = CARTESIAN_POINT ( 'NONE',  ( 0.000000000000000000, 12.49999999999999467, 30.00000000000000000 ) ) ;
#2282 = VERTEX_POINT ( 'NONE', #4770 ) ;
#2283 = CARTESIAN_POINT ( 'NONE',  ( 22.50000000000000000, 32.50000000000000000, -67.50000000000000000 ) ) ;
#2284 = VECTOR ( 'NONE', #1808, 1000.000000000000000 ) ;
#2285 = ORIENTED_EDGE ( 'NONE', *, *, #267, .F. ) ;
#2286 = VECTOR ( 'NONE', #6392, 1000.000000000000000 ) ;
#2287 = CIRCLE ( 'NONE', #2794, 1.499999999999999556 ) ;
#2288 = FACE_OUTER_BOUND ( 'NONE', #1776, .T. ) ;
#2289 = ORIENTED_EDGE ( 'NONE', *, *, #1564, .F. ) ;
#2290 = CARTESIAN_POINT ( 'NONE',  ( -17.50000000000000000, -22.50000000000000355, 30.00000000000000000 ) ) ;
#2291 =( NAMED_UNIT ( * ) PLANE_ANGLE_UNIT ( ) SI_UNIT ( $, .RADIAN. ) );
#2292 = SURFACE_STYLE_USAGE ( .BOTH. , #4284 ) ;
#2293 = APPLICATION_CONTEXT ( 'automotive_design' ) ;
#2294 = FACE_OUTER_BOUND ( 'NONE', #4575, .T. ) ;
#2295 = ADVANCED_FACE ( 'NONE', ( #4187 ), #5199, .F. ) ;
#2296 = ORIENTED_EDGE ( 'NONE', *, *, #5856, .F. ) ;
#2297 = DIRECTION ( 'NONE',  ( -1.000000000000000000, 0.000000000000000000, 0.000000000000000000 ) ) ;
#2298 = ORIENTED_EDGE ( 'NONE', *, *, #3633, .T. ) ;
#2299 = CARTESIAN_POINT ( 'NONE',  ( 22.49999999999999645, 32.50000000000000000, -59.50000000000000000 ) ) ;
#2300 = VERTEX_POINT ( 'NONE', #2800 ) ;
#2301 = CARTESIAN_POINT ( 'NONE',  ( -22.50000000000000000, -22.50000000000000000, 67.50000000000000000 ) ) ;
#2302 = LINE ( 'NONE', #1772, #3043 ) ;
#2303 = CARTESIAN_POINT ( 'NONE',  ( 3.000000000000003109, 0.000000000000000000, 0.000000000000000000 ) ) ;
#2304 = LINE ( 'NONE', #4266, #3181 ) ;
#2305 = EDGE_CURVE ( 'NONE', #5791, #491, #6163, .T. ) ;
#2306 = ADVANCED_FACE ( 'NONE', ( #5787 ), #3807, .F. ) ;
#2307 = ORIENTED_EDGE ( 'NONE', *, *, #4494, .F. ) ;
#2308 = DIRECTION ( 'NONE',  ( 1.387778780781445676E-16, -1.000000000000000000, 0.000000000000000000 ) ) ;
#2309 = ORIENTED_EDGE ( 'NONE', *, *, #5092, .F. ) ;
#2310 = DIRECTION ( 'NONE',  ( 1.000000000000000000, 0.000000000000000000, 0.000000000000000000 ) ) ;
#2311 = DIRECTION ( 'NONE',  ( -1.000000000000000000, 0.000000000000000000, 0.000000000000000000 ) ) ;
#2312 = DIRECTION ( 'NONE',  ( 0.000000000000000000, 0.000000000000000000, -1.000000000000000000 ) ) ;
#2313 = PRODUCT_DEFINITION_SHAPE ( 'NONE', 'NONE',  #6401 ) ;
#2314 = EDGE_CURVE ( 'NONE', #2319, #1640, #863, .T. ) ;
#2315 = CARTESIAN_POINT ( 'NONE',  ( -14.99999999999998757, 20.99784845243109999, 62.50000000000000000 ) ) ;
#2316 = ORIENTED_EDGE ( 'NONE', *, *, #552, .T. ) ;
#2317 = EDGE_LOOP ( 'NONE', ( #3554, #5170, #5599, #5019 ) ) ;
#2318 = DIRECTION ( 'NONE',  ( -0.000000000000000000, -0.000000000000000000, 1.000000000000000000 ) ) ;
#2319 = VERTEX_POINT ( 'NONE', #1307 ) ;
#2320 = CARTESIAN_POINT ( 'NONE',  ( 16.50000000000000000, 20.49999999999999289, 33.99999999999999289 ) ) ;
#2321 = CARTESIAN_POINT ( 'NONE',  ( 1.300000000000002709, 0.000000000000000000, 0.000000000000000000 ) ) ;
#2322 = CARTESIAN_POINT ( 'NONE',  ( -22.50000000000000000, 32.50000000000000000, -67.50000000000000000 ) ) ;
#2323 = ORIENTED_EDGE ( 'NONE', *, *, #156, .F. ) ;
#2324 = PLANE ( 'NONE',  #5180 ) ;
#2325 = LINE ( 'NONE', #3373, #4851 ) ;
#2326 = DIRECTION ( 'NONE',  ( 0.000000000000000000, -1.000000000000000000, 0.000000000000000000 ) ) ;
#2327 = FACE_OUTER_BOUND ( 'NONE', #4355, .T. ) ;
#2328 = DIRECTION ( 'NONE',  ( 1.000000000000000000, 0.000000000000000000, 0.000000000000000000 ) ) ;
#2329 = ADVANCED_FACE ( 'NONE', ( #2294 ), #3702, .F. ) ;
#2330 = AXIS2_PLACEMENT_3D ( 'NONE', #2267, #2397, #1900 ) ;
#2331 = DIRECTION ( 'NONE',  ( 0.000000000000000000, -1.000000000000000000, 0.000000000000000000 ) ) ;
#2332 = EDGE_LOOP ( 'NONE', ( #2174, #1827, #4512, #2638 ) ) ;
#2333 = CARTESIAN_POINT ( 'NONE',  ( 7.500000000000000000, 1.040834085586084257E-15, 0.000000000000000000 ) ) ;
#2334 = ORIENTED_EDGE ( 'NONE', *, *, #639, .T. ) ;
#2335 = ORIENTED_EDGE ( 'NONE', *, *, #2536, .F. ) ;
#2336 = PLANE ( 'NONE',  #4329 ) ;
#2337 = DIRECTION ( 'NONE',  ( 0.000000000000000000, 0.000000000000000000, 1.000000000000000000 ) ) ;
#2338 = ADVANCED_FACE ( 'NONE', ( #1370 ), #4795, .T. ) ;
#2339 = EDGE_CURVE ( 'NONE', #1903, #4386, #4256, .T. ) ;
#2340 = FACE_OUTER_BOUND ( 'NONE', #4514, .T. ) ;
#2341 = PLANE ( 'NONE',  #5161 ) ;
#2342 = ORIENTED_EDGE ( 'NONE', *, *, #2507, .F. ) ;
#2343 = ORIENTED_EDGE ( 'NONE', *, *, #562, .F. ) ;
#2344 = ORIENTED_EDGE ( 'NONE', *, *, #3320, .T. ) ;
#2345 = EDGE_CURVE ( 'NONE', #1393, #5791, #367, .T. ) ;
#2346 = EDGE_CURVE ( 'NONE', #3514, #943, #270, .T. ) ;
#2347 = CARTESIAN_POINT ( 'NONE',  ( 11.00000000000000355, -17.50000000000000000, -67.50000000000000000 ) ) ;
#2348 = ORIENTED_EDGE ( 'NONE', *, *, #4344, .T. ) ;
#2349 = CARTESIAN_POINT ( 'NONE',  ( 1.899999999999999911, -6.505213034913026604E-16, -2.999999999999998224 ) ) ;
#2350 = FACE_OUTER_BOUND ( 'NONE', #5633, .T. ) ;
#2351 = VECTOR ( 'NONE', #2853, 1000.000000000000000 ) ;
#2352 = DIRECTION ( 'NONE',  ( -1.000000000000000000, -0.000000000000000000, -0.000000000000000000 ) ) ;
#2353 = ORIENTED_EDGE ( 'NONE', *, *, #1045, .F. ) ;
#2354 = DIRECTION ( 'NONE',  ( 1.000000000000000000, 0.000000000000000000, 0.000000000000000000 ) ) ;
#2355 = VERTEX_POINT ( 'NONE', #2256 ) ;
#2356 = DIRECTION ( 'NONE',  ( -1.000000000000000000, -0.000000000000000000, -0.000000000000000000 ) ) ;
#2357 = VECTOR ( 'NONE', #5270, 1000.000000000000000 ) ;
#2358 = CLOSED_SHELL ( 'NONE', ( #682, #3465, #3854, #5939, #3655, #2556, #586, #4471, #2613, #3950, #3588, #3351, #3589, #2445, #5513, #3909, #1256, #2417 ) ) ;
#2359 = CARTESIAN_POINT ( 'NONE',  ( -9.500000000000001776, 32.50000000000000000, 59.50000000000000711 ) ) ;
#2360 = CARTESIAN_POINT ( 'NONE',  ( 1.899999999999999911, -6.505213034913026604E-16, -2.999999999999998224 ) ) ;
#2361 = DIRECTION ( 'NONE',  ( 0.000000000000000000, 0.000000000000000000, -1.000000000000000000 ) ) ;
#2362 = VECTOR ( 'NONE', #2885, 1000.000000000000000 ) ;
#2363 = CARTESIAN_POINT ( 'NONE',  ( 2.499999999999995115, 0.000000000000000000, 9.999999999999998224 ) ) ;
#2364 = CIRCLE ( 'NONE', #3280, 1.499999999999999556 ) ;
#2365 = ORIENTED_EDGE ( 'NONE', *, *, #2210, .T. ) ;
#2366 = DIRECTION ( 'NONE',  ( 0.000000000000000000, -1.000000000000000000, 0.000000000000000000 ) ) ;
#2367 = EDGE_LOOP ( 'NONE', ( #5569, #3482, #5884, #5241 ) ) ;
#2368 = FACE_OUTER_BOUND ( 'NONE', #5739, .T. ) ;
#2369 = VECTOR ( 'NONE', #3677, 1000.000000000000000 ) ;
#2370 = FACE_OUTER_BOUND ( 'NONE', #1363, .T. ) ;
#2371 = VECTOR ( 'NONE', #1882, 1000.000000000000000 ) ;
#2372 = LINE ( 'NONE', #1884, #2758 ) ;
#2373 = EDGE_LOOP ( 'NONE', ( #5111, #2902, #36, #2741 ) ) ;
#2374 = DIRECTION ( 'NONE',  ( -1.000000000000000000, -0.000000000000000000, -0.000000000000000000 ) ) ;
#2375 = EDGE_CURVE ( 'NONE', #300, #5464, #2561, .T. ) ;
#2376 = VERTEX_POINT ( 'NONE', #3339 ) ;
#2377 =( REPRESENTATION_RELATIONSHIP ('NONE','NONE', #5522, #5350 ) REPRESENTATION_RELATIONSHIP_WITH_TRANSFORMATION ( #5682 )SHAPE_REPRESENTATION_RELATIONSHIP( ) );
#2378 = ORIENTED_EDGE ( 'NONE', *, *, #1092, .T. ) ;
#2379 = CONICAL_SURFACE ( 'NONE', #5996, 2.500000000000002220, 1.029744258676653867 ) ;
#2380 = CIRCLE ( 'NONE', #6296, 1.500000000000000444 ) ;
#2381 = EDGE_CURVE ( 'NONE', #3708, #4306, #1826, .T. ) ;
#2382 = ADVANCED_FACE ( 'NONE', ( #6229 ), #797, .F. ) ;
#2383 = DIRECTION ( 'NONE',  ( -0.000000000000000000, -0.000000000000000000, -1.000000000000000000 ) ) ;
#2384 = ORIENTED_EDGE ( 'NONE', *, *, #5151, .F. ) ;
#2385 = CONICAL_SURFACE ( 'NONE', #4641, 1.219500000000000028, 0.7853981633974683740 ) ;
#2386 = CONICAL_SURFACE ( 'NONE', #414, 4.875000000000000000, 0.7853981633974502774 ) ;
#2387 =( LENGTH_UNIT ( ) NAMED_UNIT ( * ) SI_UNIT ( .MILLI., .METRE. ) );
#2388 = LINE ( 'NONE', #5915, #276 ) ;
#2389 = VECTOR ( 'NONE', #4805, 999.9999999999998863 ) ;
#2390 = LINE ( 'NONE', #1399, #195 ) ;
#2391 = ADVANCED_FACE ( 'NONE', ( #741 ), #4633, .F. ) ;
#2392 = ORIENTED_EDGE ( 'NONE', *, *, #4972, .T. ) ;
#2393 = CARTESIAN_POINT ( 'NONE',  ( 22.50000000000000000, 32.50000000000000000, 67.50000000000000000 ) ) ;
#2394 = LINE ( 'NONE', #1829, #1652 ) ;
#2395 = AXIS2_PLACEMENT_3D ( 'NONE', #1020, #2538, #1401 ) ;
#2396 = DIRECTION ( 'NONE',  ( 1.049727191138618326E-16, 0.5150380749100547106, -0.8571673007021120005 ) ) ;
#2397 = DIRECTION ( 'NONE',  ( -0.000000000000000000, 1.000000000000000000, -0.000000000000000000 ) ) ;
#2398 = DIRECTION ( 'NONE',  ( -1.000000000000000000, -0.000000000000000000, -0.000000000000000000 ) ) ;
#2399 = VECTOR ( 'NONE', #6350, 1000.000000000000000 ) ;
#2400 = DIRECTION ( 'NONE',  ( -1.000000000000000000, -0.000000000000000000, -0.000000000000000000 ) ) ;
#2401 = ORIENTED_EDGE ( 'NONE', *, *, #5785, .T. ) ;
#2402 = DIRECTION ( 'NONE',  ( 0.000000000000000000, 0.000000000000000000, -1.000000000000000000 ) ) ;
#2403 = EDGE_LOOP ( 'NONE', ( #1951, #877, #3393, #4224 ) ) ;
#2404 = VERTEX_POINT ( 'NONE', #240 ) ;
#2405 = DIRECTION ( 'NONE',  ( 0.000000000000000000, 0.000000000000000000, -1.000000000000000000 ) ) ;
#2406 = CARTESIAN_POINT ( 'NONE',  ( -14.99999999999998401, 32.50000000000000000, 60.00000000000000000 ) ) ;
#2407 = CARTESIAN_POINT ( 'NONE',  ( -9.500000000000000000, -1.318389841742373392E-15, -65.50000000000000000 ) ) ;
#2408 = CARTESIAN_POINT ( 'NONE',  ( 9.500000000000000000, 1.647987302177966542E-15, -65.50000000000000000 ) ) ;
#2409 = ORIENTED_EDGE ( 'NONE', *, *, #4226, .T. ) ;
#2410 = CYLINDRICAL_SURFACE ( 'NONE', #6300, 1.499999999999999556 ) ;
#2411 = VERTEX_POINT ( 'NONE', #2225 ) ;
#2412 = ORIENTED_EDGE ( 'NONE', *, *, #1387, .T. ) ;
#2413 = ADVANCED_FACE ( 'NONE', ( #4223 ), #4676, .T. ) ;
#2414 = FACE_OUTER_BOUND ( 'NONE', #6339, .T. ) ;
#2415 = DIRECTION ( 'NONE',  ( -1.000000000000000000, 5.551115123125781470E-17, 2.775557561562890735E-17 ) ) ;
#2416 = EDGE_CURVE ( 'NONE', #2282, #2000, #4327, .T. ) ;
#2417 = ADVANCED_FACE ( 'NONE', ( #1105 ), #1130, .F. ) ;
#2418 = FACE_OUTER_BOUND ( 'NONE', #3888, .T. ) ;
#2419 = ORIENTED_EDGE ( 'NONE', *, *, #3763, .T. ) ;
#2420 = CARTESIAN_POINT ( 'NONE',  ( 1.899999999999999911, -0.8660254037844387076, -1.500000000000000000 ) ) ;
#2421 = ORIENTED_EDGE ( 'NONE', *, *, #5055, .F. ) ;
#2422 = DIRECTION ( 'NONE',  ( 0.000000000000000000, -1.000000000000000000, 0.000000000000000000 ) ) ;
#2423 = CYLINDRICAL_SURFACE ( 'NONE', #4407, 2.499999999999995115 ) ;
#2424 = EDGE_CURVE ( 'NONE', #2619, #5797, #3194, .T. ) ;
#2425 = CARTESIAN_POINT ( 'NONE',  ( 0.000000000000000000, 0.000000000000000000, -345.0000000000000000 ) ) ;
#2426 = ORIENTED_EDGE ( 'NONE', *, *, #24, .F. ) ;
#2427 = PRESENTATION_STYLE_ASSIGNMENT (( #5403 ) ) ;
#2428 = ORIENTED_EDGE ( 'NONE', *, *, #5538, .T. ) ;
#2429 = DIRECTION ( 'NONE',  ( -0.000000000000000000, 1.000000000000000000, -0.000000000000000000 ) ) ;
#2430 = LINE ( 'NONE', #3905, #2778 ) ;
#2431 = CARTESIAN_POINT ( 'NONE',  ( 22.50000000000000000, 20.50000000000000355, 67.50000000000000000 ) ) ;
#2432 = PRODUCT_DEFINITION ( 'UNKNOWN', '', #5386, #3101 ) ;
#2433 = LINE ( 'NONE', #4912, #917 ) ;
#2434 = ORIENTED_EDGE ( 'NONE', *, *, #1783, .T. ) ;
#2435 = CARTESIAN_POINT ( 'NONE',  ( -4.999999999999999112, -9.999999999999998224, -345.0000000000000000 ) ) ;
#2436 = ORIENTED_EDGE ( 'NONE', *, *, #4073, .F. ) ;
#2437 = VERTEX_POINT ( 'NONE', #6325 ) ;
#2438 = DIRECTION ( 'NONE',  ( -1.000000000000000000, -0.000000000000000000, -0.000000000000000000 ) ) ;
#2439 = CARTESIAN_POINT ( 'NONE',  ( 12.49999999999999822, -17.50000000000000000, -75.50000000000001421 ) ) ;
#2440 = CARTESIAN_POINT ( 'NONE',  ( 16.50000000000000000, -20.50000000000000355, 33.99999999999999289 ) ) ;
#2441 = VERTEX_POINT ( 'NONE', #6354 ) ;
#2442 = CARTESIAN_POINT ( 'NONE',  ( 0.000000000000000000, 0.000000000000000000, 314.9999999999999432 ) ) ;
#2443 = EDGE_LOOP ( 'NONE', ( #2519, #2083, #3095, #3098 ) ) ;
#2444 = CARTESIAN_POINT ( 'NONE',  ( -5.499999999999998224, -10.50000000000000533, 0.000000000000000000 ) ) ;
#2445 = ADVANCED_FACE ( 'NONE', ( #889 ), #5845, .F. ) ;
#2446 = CYLINDRICAL_SURFACE ( 'NONE', #90, 2.499999999999995115 ) ;
#2447 = VERTEX_POINT ( 'NONE', #5048 ) ;
#2448 = DIRECTION ( 'NONE',  ( 0.000000000000000000, 0.000000000000000000, 1.000000000000000000 ) ) ;
#2449 = VECTOR ( 'NONE', #133, 1000.000000000000114 ) ;
#2450 = LINE ( 'NONE', #511, #5761 ) ;
#2451 = VECTOR ( 'NONE', #3550, 1000.000000000000000 ) ;
#2452 = CARTESIAN_POINT ( 'NONE',  ( 0.000000000000000000, 0.8660254037844380415, -1.499999999999999556 ) ) ;
#2453 = ORIENTED_EDGE ( 'NONE', *, *, #993, .T. ) ;
#2454 = SURFACE_SIDE_STYLE ('',( #547 ) ) ;
#2455 = APPLICATION_CONTEXT ( 'automotive_design' ) ;
#2456 = EDGE_CURVE ( 'NONE', #1879, #1309, #405, .T. ) ;
#2457 = ORIENTED_EDGE ( 'NONE', *, *, #5702, .F. ) ;
#2458 = CIRCLE ( 'NONE', #4617, 2.000000000000000000 ) ;
#2459 = CARTESIAN_POINT ( 'NONE',  ( 12.50000000000000178, -17.50000000000000000, 67.50000000000000000 ) ) ;
#2460 = EDGE_CURVE ( 'NONE', #6178, #997, #4925, .T. ) ;
#2461 = DIRECTION ( 'NONE',  ( -0.000000000000000000, -0.000000000000000000, -1.000000000000000000 ) ) ;
#2462 = CYLINDRICAL_SURFACE ( 'NONE', #394, 2.499999999999995115 ) ;
#2463 = AXIS2_PLACEMENT_3D ( 'NONE', #5380, #4037, #6021 ) ;
#2464 = AXIS2_PLACEMENT_3D ( 'NONE', #4130, #4682, #3161 ) ;
#2465 = CARTESIAN_POINT ( 'NONE',  ( 16.50000000000000000, 0.000000000000000000, 33.99999999999999289 ) ) ;
#2466 = AXIS2_PLACEMENT_3D ( 'NONE', #4442, #309, #1986 ) ;
#2467 = ORIENTED_EDGE ( 'NONE', *, *, #5811, .F. ) ;
#2468 = CARTESIAN_POINT ( 'NONE',  ( 1.899999999999999911, 1.732050807568877193, 1.845044017635222066E-16 ) ) ;
#2469 = VERTEX_POINT ( 'NONE', #2116 ) ;
#2470 = EDGE_CURVE ( 'NONE', #4386, #5606, #5394, .T. ) ;
#2471 = CIRCLE ( 'NONE', #6079, 2.499999999999996891 ) ;
#2472 = CIRCLE ( 'NONE', #2768, 1.499999999999997780 ) ;
#2473 = LINE ( 'NONE', #1513, #2763 ) ;
#2474 = ORIENTED_EDGE ( 'NONE', *, *, #1492, .F. ) ;
#2475 = VECTOR ( 'NONE', #6116, 1000.000000000000000 ) ;
#2476 = FACE_OUTER_BOUND ( 'NONE', #128, .T. ) ;
#2477 = AXIS2_PLACEMENT_3D ( 'NONE', #4723, #6092, #295 ) ;
#2478 = DIRECTION ( 'NONE',  ( 0.000000000000000000, 0.000000000000000000, 1.000000000000000000 ) ) ;
#2479 = DIRECTION ( 'NONE',  ( 1.000000000000000000, 0.000000000000000000, 0.000000000000000000 ) ) ;
#2480 = VECTOR ( 'NONE', #4555, 1000.000000000000000 ) ;
#2481 = AXIS2_PLACEMENT_3D ( 'NONE', #3362, #3819, #5804 ) ;
#2482 = ORIENTED_EDGE ( 'NONE', *, *, #4228, .F. ) ;
#2483 = CARTESIAN_POINT ( 'NONE',  ( -5.049999999999999822, 10.05000000000000071, 1.000000000000000888 ) ) ;
#2484 = AXIS2_PLACEMENT_3D ( 'NONE', #4259, #2769, #409 ) ;
#2485 = LINE ( 'NONE', #3409, #3722 ) ;
#2486 = ORIENTED_EDGE ( 'NONE', *, *, #2141, .T. ) ;
#2487 = CYLINDRICAL_SURFACE ( 'NONE', #1486, 2.000000000000000000 ) ;
#2488 = COLOUR_RGB ( '',0.7921568627450980005, 0.8196078431372548767, 0.9333333333333333481 ) ;
#2489 = FACE_OUTER_BOUND ( 'NONE', #5827, .T. ) ;
#2490 = EDGE_CURVE ( 'NONE', #2000, #6387, #4115, .T. ) ;
#2491 = DIRECTION ( 'NONE',  ( 1.000000000000000000, 0.000000000000000000, 0.000000000000000000 ) ) ;
#2492 = ORIENTED_EDGE ( 'NONE', *, *, #24, .T. ) ;
#2493 = VECTOR ( 'NONE', #3026, 1000.000000000000000 ) ;
#2494 = ORIENTED_EDGE ( 'NONE', *, *, #4464, .F. ) ;
#2495 = ORIENTED_EDGE ( 'NONE', *, *, #3496, .T. ) ;
#2496 = LINE ( 'NONE', #1504, #2062 ) ;
#2497 = DIRECTION ( 'NONE',  ( -0.000000000000000000, 0.000000000000000000, 1.000000000000000000 ) ) ;
#2498 = AXIS2_PLACEMENT_3D ( 'NONE', #4890, #3880, #5877 ) ;
#2499 = ADVANCED_FACE ( 'NONE', ( #468 ), #3913, .F. ) ;
#2500 = EDGE_CURVE ( 'NONE', #5602, #1531, #1616, .T. ) ;
#2501 = DIRECTION ( 'NONE',  ( 0.000000000000000000, -1.000000000000000000, 1.173683280263405955E-15 ) ) ;
#2502 = ORIENTED_EDGE ( 'NONE', *, *, #1557, .F. ) ;
#2503 = CARTESIAN_POINT ( 'NONE',  ( 9.500000000000001776, 22.50000000000000355, 59.50000000000000711 ) ) ;
#2504 = VERTEX_POINT ( 'NONE', #406 ) ;
#2505 = CARTESIAN_POINT ( 'NONE',  ( 10.99999999999999645, -17.50000000000000355, 30.00000000000000000 ) ) ;
#2506 = ORIENTED_EDGE ( 'NONE', *, *, #6181, .T. ) ;
#2507 = EDGE_CURVE ( 'NONE', #2984, #6363, #437, .T. ) ;
#2508 = DIRECTION ( 'NONE',  ( -0.000000000000000000, -0.000000000000000000, 1.000000000000000000 ) ) ;
#2509 = DIRECTION ( 'NONE',  ( 0.000000000000000000, 0.000000000000000000, -1.000000000000000000 ) ) ;
#2510 = VERTEX_POINT ( 'NONE', #5321 ) ;
#2511 = LINE ( 'NONE', #2420, #4553 ) ;
#2512 = DIRECTION ( 'NONE',  ( -0.000000000000000000, 1.000000000000000000, -0.000000000000000000 ) ) ;
#2513 = ORIENTED_EDGE ( 'NONE', *, *, #919, .F. ) ;
#2514 = CARTESIAN_POINT ( 'NONE',  ( -11.00000000000000000, 17.50000000000000000, -67.50000000000000000 ) ) ;
#2515 = DIRECTION ( 'NONE',  ( 1.000000000000000000, 0.000000000000000000, 0.000000000000000000 ) ) ;
#2516 = CARTESIAN_POINT ( 'NONE',  ( 0.000000000000000000, 0.000000000000000000, 0.000000000000000000 ) ) ;
#2517 = ORIENTED_EDGE ( 'NONE', *, *, #5391, .F. ) ;
#2518 = CARTESIAN_POINT ( 'NONE',  ( 9.500000000000001776, 32.50000000000000000, 57.50000000000000000 ) ) ;
#2519 = ORIENTED_EDGE ( 'NONE', *, *, #1789, .T. ) ;
#2520 = PLANE ( 'NONE',  #6093 ) ;
#2521 = EDGE_CURVE ( 'NONE', #6052, #3415, #2390, .T. ) ;
#2522 = DIRECTION ( 'NONE',  ( -1.000000000000000000, 0.000000000000000000, -0.000000000000000000 ) ) ;
#2523 = DIRECTION ( 'NONE',  ( -0.000000000000000000, -0.000000000000000000, -1.000000000000000000 ) ) ;
#2524 = DIRECTION ( 'NONE',  ( -0.000000000000000000, 1.000000000000000000, -0.000000000000000000 ) ) ;
#2525 = VERTEX_POINT ( 'NONE', #6029 ) ;
#2526 = FACE_OUTER_BOUND ( 'NONE', #1665, .T. ) ;
#2527 = ORIENTED_EDGE ( 'NONE', *, *, #3974, .T. ) ;
#2528 = AXIS2_PLACEMENT_3D ( 'NONE', #5794, #6262, #6299 ) ;
#2529 = ADVANCED_FACE ( 'NONE', ( #931 ), #3406, .T. ) ;
#2530 = EDGE_CURVE ( 'NONE', #2355, #391, #2901, .T. ) ;
#2531 =( NAMED_UNIT ( * ) PLANE_ANGLE_UNIT ( ) SI_UNIT ( $, .RADIAN. ) );
#2532 = VERTEX_POINT ( 'NONE', #440 ) ;
#2533 = CIRCLE ( 'NONE', #3657, 5.000000000000000000 ) ;
#2534 = CARTESIAN_POINT ( 'NONE',  ( -12.49999999999999822, 17.50000000000000000, -67.50000000000000000 ) ) ;
#2535 = ADVANCED_FACE ( 'NONE', ( #2418 ), #4440, .F. ) ;
#2536 = EDGE_CURVE ( 'NONE', #378, #4038, #5612, .T. ) ;
#2537 = ORIENTED_EDGE ( 'NONE', *, *, #3672, .F. ) ;
#2538 = DIRECTION ( 'NONE',  ( -0.000000000000000000, -0.000000000000000000, -1.000000000000000000 ) ) ;
#2539 = CARTESIAN_POINT ( 'NONE',  ( -21.67157287525381193, 22.50000000000000355, 57.50000000000000711 ) ) ;
#2540 = EDGE_LOOP ( 'NONE', ( #3915, #4155, #6212 ) ) ;
#2541 = CYLINDRICAL_SURFACE ( 'NONE', #3545, 2.750000000000000000 ) ;
#2542 = DIRECTION ( 'NONE',  ( 0.000000000000000000, 0.000000000000000000, 1.000000000000000000 ) ) ;
#2543 = DIRECTION ( 'NONE',  ( 0.000000000000000000, 0.000000000000000000, 1.000000000000000000 ) ) ;
#2544 = ORIENTED_EDGE ( 'NONE', *, *, #2796, .T. ) ;
#2545 = VERTEX_POINT ( 'NONE', #728 ) ;
#2546 = DIRECTION ( 'NONE',  ( -1.000000000000000000, 0.000000000000000000, 0.000000000000000000 ) ) ;
#2547 = CARTESIAN_POINT ( 'NONE',  ( 12.50000000000000178, 17.50000000000000000, -67.50000000000000000 ) ) ;
#2548 = PLANE ( 'NONE',  #602 ) ;
#2549 = DIRECTION ( 'NONE',  ( 0.000000000000000000, 0.4999999999999993339, -0.8660254037844389297 ) ) ;
#2550 = ORIENTED_EDGE ( 'NONE', *, *, #3237, .F. ) ;
#2551 = CARTESIAN_POINT ( 'NONE',  ( 15.50000000000000178, -20.50000000000000355, 33.99999999999999289 ) ) ;
#2552 = CIRCLE ( 'NONE', #6276, 2.000000000000001776 ) ;
#2553 = ORIENTED_EDGE ( 'NONE', *, *, #347, .T. ) ;
#2554 = PLANE ( 'NONE',  #2985 ) ;
#2555 = ORIENTED_EDGE ( 'NONE', *, *, #4779, .F. ) ;
#2556 = ADVANCED_FACE ( 'NONE', ( #5152 ), #4222, .F. ) ;
#2557 = DIRECTION ( 'NONE',  ( -0.000000000000000000, -0.000000000000000000, -1.000000000000000000 ) ) ;
#2558 = AXIS2_PLACEMENT_3D ( 'NONE', #1508, #3421, #4003 ) ;
#2559 = CIRCLE ( 'NONE', #3075, 2.750000000000000000 ) ;
#2560 = DIRECTION ( 'NONE',  ( -0.000000000000000000, -0.000000000000000000, 1.000000000000000000 ) ) ;
#2561 = CIRCLE ( 'NONE', #5573, 2.499999999999995115 ) ;
#2562 = DIRECTION ( 'NONE',  ( 0.8571673007021118895, 1.049727191138618079E-16, -0.5150380749100549327 ) ) ;
#2563 = AXIS2_PLACEMENT_3D ( 'NONE', #1068, #3605, #6370 ) ;
#2564 = ADVANCED_FACE ( 'NONE', ( #228 ), #4628, .F. ) ;
#2565 = ADVANCED_FACE ( 'NONE', ( #1754 ), #5579, .T. ) ;
#2566 = EDGE_LOOP ( 'NONE', ( #2751, #5410, #2506 ) ) ;
#2567 = CYLINDRICAL_SURFACE ( 'NONE', #1870, 1.499999999999999556 ) ;
#2568 = AXIS2_PLACEMENT_3D ( 'NONE', #5642, #784, #2748 ) ;
#2569 = CARTESIAN_POINT ( 'NONE',  ( -20.49999999999999645, -20.49999999999999645, 67.50000000000000000 ) ) ;
#2570 = CIRCLE ( 'NONE', #1751, 1.499999999999999556 ) ;
#2571 = FACE_OUTER_BOUND ( 'NONE', #3341, .T. ) ;
#2572 = PRODUCT_DEFINITION ( 'UNKNOWN', '', #2179, #646 ) ;
#2573 = FACE_BOUND ( 'NONE', #2230, .T. ) ;
#2574 = CONICAL_SURFACE ( 'NONE', #5584, 1.499999999999997780, 1.029744258676653645 ) ;
#2575 = EDGE_CURVE ( 'NONE', #396, #4631, #157, .T. ) ;
#2576 = DIRECTION ( 'NONE',  ( 0.000000000000000000, -0.5000000000000011102, -0.8660254037844380415 ) ) ;
#2577 = EDGE_LOOP ( 'NONE', ( #4588, #3995, #3842, #2271 ) ) ;
#2578 = DIRECTION ( 'NONE',  ( -0.000000000000000000, -0.000000000000000000, -1.000000000000000000 ) ) ;
#2579 = VERTEX_POINT ( 'NONE', #2698 ) ;
#2580 = LINE ( 'NONE', #2940, #1959 ) ;
#2581 = UNCERTAINTY_MEASURE_WITH_UNIT (LENGTH_MEASURE( 1.000000000000000082E-05 ), #3793, 'distance_accuracy_value', 'NONE');
#2582 = AXIS2_PLACEMENT_3D ( 'NONE', #2686, #1228, #3200 ) ;
#2583 = CARTESIAN_POINT ( 'NONE',  ( 8.328427124746189847, -13.32842712474618985, -67.50000000000000000 ) ) ;
#2584 = DIRECTION ( 'NONE',  ( 0.000000000000000000, 0.000000000000000000, -1.000000000000000000 ) ) ;
#2585 = AXIS2_PLACEMENT_3D ( 'NONE', #5520, #3027, #5423 ) ;
#2586 = EDGE_CURVE ( 'NONE', #1162, #48, #5638, .T. ) ;
#2587 = CIRCLE ( 'NONE', #3501, 2.000000000000000000 ) ;
#2588 = DIRECTION ( 'NONE',  ( 1.000000000000000000, 0.000000000000000000, 0.000000000000000000 ) ) ;
#2589 = ORIENTED_EDGE ( 'NONE', *, *, #5588, .F. ) ;
#2590 = DIRECTION ( 'NONE',  ( -0.000000000000000000, -0.000000000000000000, 1.000000000000000000 ) ) ;
#2591 = ORIENTED_EDGE ( 'NONE', *, *, #4549, .F. ) ;
#2592 = FACE_OUTER_BOUND ( 'NONE', #3769, .T. ) ;
#2593 = FACE_OUTER_BOUND ( 'NONE', #4190, .T. ) ;
#2594 = DIRECTION ( 'NONE',  ( 0.000000000000000000, 0.000000000000000000, 1.000000000000000000 ) ) ;
#2595 = CARTESIAN_POINT ( 'NONE',  ( 7.500000000000001776, 32.50000000000000000, -59.50000000000000711 ) ) ;
#2596 = DIRECTION ( 'NONE',  ( 1.000000000000000000, 0.000000000000000000, 0.000000000000000000 ) ) ;
#2597 = EDGE_CURVE ( 'NONE', #6178, #3469, #5264, .T. ) ;
#2598 = APPLICATION_PROTOCOL_DEFINITION ( 'draft international standard', 'automotive_design', 1998, #2293 ) ;
#2599 = ORIENTED_EDGE ( 'NONE', *, *, #3506, .T. ) ;
#2600 = FACE_OUTER_BOUND ( 'NONE', #5451, .T. ) ;
#2601 = CARTESIAN_POINT ( 'NONE',  ( 1.300000000000000044, -1.478016689125442040, 1.626303258728256651E-15 ) ) ;
#2602 = EDGE_CURVE ( 'NONE', #2510, #1149, #687, .T. ) ;
#2603 = ADVANCED_FACE ( 'NONE', ( #757 ), #1854, .F. ) ;
#2604 = DIRECTION ( 'NONE',  ( 0.000000000000000000, -0.5000000000000002220, 0.8660254037844384856 ) ) ;
#2605 = CARTESIAN_POINT ( 'NONE',  ( -22.50000000000000000, -22.50000000000000000, -59.50000000000000000 ) ) ;
#2606 = FACE_OUTER_BOUND ( 'NONE', #2958, .T. ) ;
#2607 = ORIENTED_EDGE ( 'NONE', *, *, #4578, .F. ) ;
#2608 = CYLINDRICAL_SURFACE ( 'NONE', #3614, 2.499999999999998224 ) ;
#2609 = ORIENTED_EDGE ( 'NONE', *, *, #3754, .T. ) ;
#2610 = DIRECTION ( 'NONE',  ( -0.000000000000000000, 1.000000000000000000, -0.000000000000000000 ) ) ;
#2611 = ORIENTED_EDGE ( 'NONE', *, *, #5138, .F. ) ;
#2612 = APPLICATION_CONTEXT ( 'automotive_design' ) ;
#2613 = ADVANCED_FACE ( 'NONE', ( #6126, #3233 ), #6220, .T. ) ;
#2614 = DIRECTION ( 'NONE',  ( 0.000000000000000000, 0.000000000000000000, -1.000000000000000000 ) ) ;
#2615 = CARTESIAN_POINT ( 'NONE',  ( -5.000000000000002665, 10.00000000000000178, 30.00000000000000000 ) ) ;
#2616 = LINE ( 'NONE', #713, #2369 ) ;
#2617 = ORIENTED_EDGE ( 'NONE', *, *, #4788, .F. ) ;
#2618 = DIRECTION ( 'NONE',  ( 0.000000000000000000, -1.000000000000000000, 0.000000000000000000 ) ) ;
#2619 = VERTEX_POINT ( 'NONE', #2625 ) ;
#2620 = ORIENTED_EDGE ( 'NONE', *, *, #5420, .T. ) ;
#2621 = EDGE_CURVE ( 'NONE', #4427, #3514, #1027, .T. ) ;
#2622 = CARTESIAN_POINT ( 'NONE',  ( 1.899999999999999911, 0.000000000000000000, 0.000000000000000000 ) ) ;
#2623 = VERTEX_POINT ( 'NONE', #3583 ) ;
#2624 = SURFACE_STYLE_FILL_AREA ( #657 ) ;
#2625 = CARTESIAN_POINT ( 'NONE',  ( 14.00000000000000000, 17.50000000000000000, 58.70000000000000284 ) ) ;
#2626 = CARTESIAN_POINT ( 'NONE',  ( -12.49999999999999822, -17.50000000000000000, 67.50000000000000000 ) ) ;
#2627 = PRODUCT_CONTEXT ( 'NONE', #1874, 'mechanical' ) ;
#2628 = VECTOR ( 'NONE', #4262, 1000.000000000000000 ) ;
#2629 = ORIENTED_EDGE ( 'NONE', *, *, #3314, .T. ) ;
#2630 = DIRECTION ( 'NONE',  ( 8.673617379884035472E-17, -1.000000000000000000, 0.000000000000000000 ) ) ;
#2631 = CARTESIAN_POINT ( 'NONE',  ( -15.00000000000000000, 22.50000000000000000, -64.99999999999998579 ) ) ;
#2632 = CARTESIAN_POINT ( 'NONE',  ( -15.50000000000000178, -21.50000000000000355, 34.99999999999999289 ) ) ;
#2633 = DIRECTION ( 'NONE',  ( -1.000000000000000000, -0.000000000000000000, -0.000000000000000000 ) ) ;
#2634 = DIRECTION ( 'NONE',  ( 0.000000000000000000, -1.224646799147353207E-16, 1.000000000000000000 ) ) ;
#2635 = EDGE_CURVE ( 'NONE', #4270, #3139, #2218, .T. ) ;
#2636 = ORIENTED_EDGE ( 'NONE', *, *, #3134, .F. ) ;
#2637 = CYLINDRICAL_SURFACE ( 'NONE', #3725, 1.000000000000000000 ) ;
#2638 = ORIENTED_EDGE ( 'NONE', *, *, #955, .F. ) ;
#2639 = VERTEX_POINT ( 'NONE', #3728 ) ;
#2640 = FACE_OUTER_BOUND ( 'NONE', #6140, .T. ) ;
#2641 = UNCERTAINTY_MEASURE_WITH_UNIT (LENGTH_MEASURE( 1.000000000000000082E-05 ), #3698, 'distance_accuracy_value', 'NONE');
#2642 = DIRECTION ( 'NONE',  ( 0.000000000000000000, 0.000000000000000000, -1.000000000000000000 ) ) ;
#2643 = CARTESIAN_POINT ( 'NONE',  ( 1.899999999999999911, 1.732050807568877193, 1.845044017635222066E-16 ) ) ;
#2644 = CARTESIAN_POINT ( 'NONE',  ( 3.041421356237309581, 0.000000000000000000, 0.000000000000000000 ) ) ;
#2645 = EDGE_CURVE ( 'NONE', #932, #286, #615, .T. ) ;
#2646 = EDGE_CURVE ( 'NONE', #4772, #5028, #2680, .T. ) ;
#2647 = VERTEX_POINT ( 'NONE', #3624 ) ;
#2648 = DIRECTION ( 'NONE',  ( 0.000000000000000000, 0.000000000000000000, 1.000000000000000000 ) ) ;
#2649 = ORIENTED_EDGE ( 'NONE', *, *, #4538, .T. ) ;
#2650 = DIRECTION ( 'NONE',  ( 0.000000000000000000, -0.5000000000000011102, -0.8660254037844380415 ) ) ;
#2651 = PLANE ( 'NONE',  #5553 ) ;
#2652 = PRODUCT_DEFINITION ( 'UNKNOWN', '', #3821, #4583 ) ;
#2653 = VECTOR ( 'NONE', #346, 1000.000000000000000 ) ;
#2654 = VECTOR ( 'NONE', #125, 1000.000000000000000 ) ;
#2655 = DIRECTION ( 'NONE',  ( -1.734723475976807094E-16, 1.000000000000000000, -0.000000000000000000 ) ) ;
#2656 = PRODUCT_DEFINITION_SHAPE ( 'NONE', 'NONE',  #6406 ) ;
#2657 = EDGE_CURVE ( 'NONE', #3469, #6178, #4953, .T. ) ;
#2658 = DIRECTION ( 'NONE',  ( -1.000000000000000000, 0.000000000000000000, 0.000000000000000000 ) ) ;
#2659 = CARTESIAN_POINT ( 'NONE',  ( 2.499999999999998668, 8.673617379884034486E-16, -2.499999999999998668 ) ) ;
#2660 = CIRCLE ( 'NONE', #3886, 2.000000000000001776 ) ;
#2661 = ORIENTED_EDGE ( 'NONE', *, *, #316, .T. ) ;
#2662 = VECTOR ( 'NONE', #5060, 1000.000000000000000 ) ;
#2663 = SHAPE_DEFINITION_REPRESENTATION ( #5135, #2876 ) ;
#2664 = AXIS2_PLACEMENT_3D ( 'NONE', #6272, #6342, #3779 ) ;
#2665 = EDGE_CURVE ( 'NONE', #2525, #4496, #4176, .T. ) ;
#2666 = AXIS2_PLACEMENT_3D ( 'NONE', #5115, #4627, #2594 ) ;
#2667 = CYLINDRICAL_SURFACE ( 'NONE', #1448, 2.500000000000002220 ) ;
#2668 = CARTESIAN_POINT ( 'NONE',  ( 3.182842712474619251, 0.000000000000000000, 0.000000000000000000 ) ) ;
#2669 = AXIS2_PLACEMENT_3D ( 'NONE', #3643, #1775, #3325 ) ;
#2670 = PLANE ( 'NONE',  #1949 ) ;
#2671 = AXIS2_PLACEMENT_3D ( 'NONE', #4739, #3831, #5749 ) ;
#2672 = CARTESIAN_POINT ( 'NONE',  ( -15.50000000000000178, -22.50000000000000355, 30.00000000000000000 ) ) ;
#2673 = ORIENTED_EDGE ( 'NONE', *, *, #2339, .F. ) ;
#2674 = FACE_OUTER_BOUND ( 'NONE', #3857, .T. ) ;
#2675 = AXIS2_PLACEMENT_3D ( 'NONE', #2547, #2461, #5467 ) ;
#2676 = VERTEX_POINT ( 'NONE', #3688 ) ;
#2677 = ORIENTED_EDGE ( 'NONE', *, *, #6323, .F. ) ;
#2678 = DIRECTION ( 'NONE',  ( 0.000000000000000000, 0.000000000000000000, -1.000000000000000000 ) ) ;
#2679 = LINE ( 'NONE', #5603, #2475 ) ;
#2680 = CIRCLE ( 'NONE', #2477, 1.499999999999997780 ) ;
#2681 = DIRECTION ( 'NONE',  ( 1.000000000000000000, 0.000000000000000000, 0.000000000000000000 ) ) ;
#2682 = ADVANCED_FACE ( 'NONE', ( #5676 ), #3333, .F. ) ;
#2683 = AXIS2_PLACEMENT_3D ( 'NONE', #5560, #772, #2229 ) ;
#2684 = CYLINDRICAL_SURFACE ( 'NONE', #5677, 2.000000000000000000 ) ;
#2685 = ORIENTED_EDGE ( 'NONE', *, *, #5913, .T. ) ;
#2686 = CARTESIAN_POINT ( 'NONE',  ( -15.00000000000000000, 22.50000000000000000, -62.49999999999998579 ) ) ;
#2687 = VECTOR ( 'NONE', #2849, 999.9999999999998863 ) ;
#2688 = VERTEX_POINT ( 'NONE', #2315 ) ;
#2689 = ORIENTED_EDGE ( 'NONE', *, *, #5785, .F. ) ;
#2690 = ORIENTED_EDGE ( 'NONE', *, *, #2184, .T. ) ;
#2691 = CONICAL_SURFACE ( 'NONE', #306, 2.499999999999995115, 1.029744258676653645 ) ;
#2692 = DIRECTION ( 'NONE',  ( -0.5000000000000017764, 0.000000000000000000, 0.8660254037844377084 ) ) ;
#2693 = DIRECTION ( 'NONE',  ( -0.000000000000000000, -0.000000000000000000, -1.000000000000000000 ) ) ;
#2694 = EDGE_CURVE ( 'NONE', #4579, #1437, #6192, .T. ) ;
#2695 = VECTOR ( 'NONE', #2905, 1000.000000000000000 ) ;
#2696 = EDGE_CURVE ( 'NONE', #434, #2896, #1432, .T. ) ;
#2697 = DIRECTION ( 'NONE',  ( 1.000000000000000000, 0.000000000000000000, 0.000000000000000000 ) ) ;
#2698 = CARTESIAN_POINT ( 'NONE',  ( -7.499999999999998224, -10.50000000000000533, 30.00000000000000000 ) ) ;
#2699 = DIRECTION ( 'NONE',  ( -0.000000000000000000, -0.000000000000000000, -1.000000000000000000 ) ) ;
#2700 = VECTOR ( 'NONE', #1150, 1000.000000000000000 ) ;
#2701 = ORIENTED_EDGE ( 'NONE', *, *, #985, .T. ) ;
#2702 = EDGE_CURVE ( 'NONE', #3199, #2437, #5285, .T. ) ;
#2703 = CONTEXT_DEPENDENT_SHAPE_REPRESENTATION ( #1916, #4671 ) ;
#2704 = LINE ( 'NONE', #4114, #2700 ) ;
#2705 = DIRECTION ( 'NONE',  ( 0.000000000000000000, 0.000000000000000000, 1.000000000000000000 ) ) ;
#2706 = CARTESIAN_POINT ( 'NONE',  ( -22.50000000000000000, -22.50000000000000000, -67.50000000000000000 ) ) ;
#2707 = DIRECTION ( 'NONE',  ( -0.000000000000000000, -0.000000000000000000, -1.000000000000000000 ) ) ;
#2708 = ORIENTED_EDGE ( 'NONE', *, *, #2762, .F. ) ;
#2709 = DIRECTION ( 'NONE',  ( 0.000000000000000000, -0.000000000000000000, 1.000000000000000000 ) ) ;
#2710 = ORIENTED_EDGE ( 'NONE', *, *, #1147, .T. ) ;
#2711 = DIRECTION ( 'NONE',  ( -0.8571673007021118895, 1.049727191138618079E-16, 0.5150380749100549327 ) ) ;
#2712 = ORIENTED_EDGE ( 'NONE', *, *, #5940, .F. ) ;
#2713 = FACE_OUTER_BOUND ( 'NONE', #1633, .T. ) ;
#2714 = CARTESIAN_POINT ( 'NONE',  ( 15.50000000000000000, 20.49999999999999645, 34.99999999999999289 ) ) ;
#2715 = CARTESIAN_POINT ( 'NONE',  ( 7.500000000000001776, 32.50000000000000000, 59.50000000000000711 ) ) ;
#2716 = ORIENTED_EDGE ( 'NONE', *, *, #3014, .F. ) ;
#2717 = DIRECTION ( 'NONE',  ( 0.000000000000000000, 1.000000000000000000, 0.000000000000000000 ) ) ;
#2718 = EDGE_CURVE ( 'NONE', #718, #6120, #1850, .T. ) ;
#2719 = ORIENTED_EDGE ( 'NONE', *, *, #2521, .T. ) ;
#2720 = VERTEX_POINT ( 'NONE', #2435 ) ;
#2721 = CARTESIAN_POINT ( 'NONE',  ( -5.049999999999999822, 10.05000000000000071, 33.99999999999999289 ) ) ;
#2722 = FACE_OUTER_BOUND ( 'NONE', #3890, .T. ) ;
#2723 = CARTESIAN_POINT ( 'NONE',  ( 0.000000000000000000, 0.000000000000000000, 314.9999999999999432 ) ) ;
#2724 = DIRECTION ( 'NONE',  ( 0.000000000000000000, 0.000000000000000000, 1.000000000000000000 ) ) ;
#2725 = ADVANCED_FACE ( 'NONE', ( #6346, #3264 ), #2887, .F. ) ;
#2726 = CYLINDRICAL_SURFACE ( 'NONE', #2142, 1.000000000000000888 ) ;
#2727 = ORIENTED_EDGE ( 'NONE', *, *, #2959, .T. ) ;
#2728 = EDGE_CURVE ( 'NONE', #3152, #4239, #5314, .T. ) ;
#2729 = ADVANCED_FACE ( 'NONE', ( #4885 ), #2379, .F. ) ;
#2730 = DIRECTION ( 'NONE',  ( 1.000000000000000000, 0.000000000000000000, 0.000000000000000000 ) ) ;
#2731 = DIRECTION ( 'NONE',  ( 1.000000000000000000, 0.000000000000000000, 0.000000000000000000 ) ) ;
#2732 = LINE ( 'NONE', #168, #2449 ) ;
#2733 = CARTESIAN_POINT ( 'NONE',  ( 7.499999999999999112, 12.50000000000000000, -66.67157287525381548 ) ) ;
#2734 = ORIENTED_EDGE ( 'NONE', *, *, #1922, .T. ) ;
#2735 = DIRECTION ( 'NONE',  ( -0.000000000000000000, 0.000000000000000000, 1.000000000000000000 ) ) ;
#2736 = ORIENTED_EDGE ( 'NONE', *, *, #102, .F. ) ;
#2737 = FACE_BOUND ( 'NONE', #1996, .T. ) ;
#2738 = DIRECTION ( 'NONE',  ( 1.000000000000000000, -0.000000000000000000, -0.000000000000000000 ) ) ;
#2739 = DIRECTION ( 'NONE',  ( -0.000000000000000000, -0.000000000000000000, 1.000000000000000000 ) ) ;
#2740 = LINE ( 'NONE', #5237, #184 ) ;
#2741 = ORIENTED_EDGE ( 'NONE', *, *, #5191, .F. ) ;
#2742 = CARTESIAN_POINT ( 'NONE',  ( 1.300000000000002709, 1.567547902908611839E-16, -1.279999999999999805 ) ) ;
#2743 = ORIENTED_EDGE ( 'NONE', *, *, #3167, .F. ) ;
#2744 = ORIENTED_EDGE ( 'NONE', *, *, #1235, .F. ) ;
#2745 = PLANE ( 'NONE',  #2263 ) ;
#2746 = DIRECTION ( 'NONE',  ( -0.000000000000000000, -0.000000000000000000, -1.000000000000000000 ) ) ;
#2747 = LINE ( 'NONE', #3755, #5557 ) ;
#2748 = DIRECTION ( 'NONE',  ( -1.000000000000000000, 0.000000000000000000, 0.000000000000000000 ) ) ;
#2749 = ORIENTED_EDGE ( 'NONE', *, *, #674, .T. ) ;
#2750 = CARTESIAN_POINT ( 'NONE',  ( 7.500000000000003553, 22.50000000000000355, 67.50000000000000000 ) ) ;
#2751 = ORIENTED_EDGE ( 'NONE', *, *, #4818, .F. ) ;
#2752 = AXIS2_PLACEMENT_3D ( 'NONE', #3211, #1715, #1386 ) ;
#2753 = ADVANCED_FACE ( 'NONE', ( #5771, #5249 ), #2341, .F. ) ;
#2754 = LINE ( 'NONE', #6254, #4454 ) ;
#2755 = EDGE_LOOP ( 'NONE', ( #4470, #5008 ) ) ;
#2756 = AXIS2_PLACEMENT_3D ( 'NONE', #4672, #5021, #6103 ) ;
#2757 = LINE ( 'NONE', #1762, #1621 ) ;
#2758 = VECTOR ( 'NONE', #3359, 1000.000000000000114 ) ;
#2759 = DIRECTION ( 'NONE',  ( 0.000000000000000000, 0.000000000000000000, -1.000000000000000000 ) ) ;
#2760 = ADVANCED_FACE ( 'NONE', ( #823 ), #2789, .F. ) ;
#2761 = CIRCLE ( 'NONE', #3382, 0.2000000000000000944 ) ;
#2762 = EDGE_CURVE ( 'NONE', #5097, #2003, #5382, .T. ) ;
#2763 = VECTOR ( 'NONE', #3827, 1000.000000000000000 ) ;
#2764 = CARTESIAN_POINT ( 'NONE',  ( -12.49999999999999822, 17.50000000000000000, 58.70000000000000284 ) ) ;
#2765 = ORIENTED_EDGE ( 'NONE', *, *, #4911, .F. ) ;
#2766 = CARTESIAN_POINT ( 'NONE',  ( -7.500000000000001776, 12.50000000000000178, 67.50000000000000000 ) ) ;
#2767 = CONICAL_SURFACE ( 'NONE', #1223, 2.055000000000000160, 0.7853981633974717047 ) ;
#2768 = AXIS2_PLACEMENT_3D ( 'NONE', #1350, #1901, #870 ) ;
#2769 = DIRECTION ( 'NONE',  ( -0.000000000000000000, 1.000000000000000000, -0.000000000000000000 ) ) ;
#2770 = ORIENTED_EDGE ( 'NONE', *, *, #3197, .F. ) ;
#2771 = CIRCLE ( 'NONE', #4109, 2.499999999999995115 ) ;
#2772 = DIRECTION ( 'NONE',  ( -1.000000000000000000, -0.000000000000000000, -0.000000000000000000 ) ) ;
#2773 = LINE ( 'NONE', #4747, #4694 ) ;
#2774 = CARTESIAN_POINT ( 'NONE',  ( -5.000000000000002665, 10.00000000000000178, -30.00000000000000000 ) ) ;
#2775 = ADVANCED_FACE ( 'NONE', ( #2919, #4301 ), #6278, .T. ) ;
#2776 = CONICAL_SURFACE ( 'NONE', #6288, 1.499999999999997780, 1.029744258676653645 ) ;
#2777 = DIRECTION ( 'NONE',  ( 1.734723475976806848E-16, 0.000000000000000000, -1.000000000000000000 ) ) ;
#2778 = VECTOR ( 'NONE', #4193, 1000.000000000000000 ) ;
#2779 = ORIENTED_EDGE ( 'NONE', *, *, #261, .T. ) ;
#2780 = FACE_OUTER_BOUND ( 'NONE', #6270, .T. ) ;
#2781 = ORIENTED_EDGE ( 'NONE', *, *, #559, .T. ) ;
#2782 = AXIS2_PLACEMENT_3D ( 'NONE', #3369, #5916, #6057 ) ;
#2783 = CARTESIAN_POINT ( 'NONE',  ( -7.500000000000000000, -1.040834085586084257E-15, 30.00000000000000000 ) ) ;
#2784 = FACE_BOUND ( 'NONE', #2058, .T. ) ;
#2785 = CIRCLE ( 'NONE', #5268, 2.499999999999995115 ) ;
#2786 =( REPRESENTATION_RELATIONSHIP ('NONE','NONE', #5522, #2876 ) REPRESENTATION_RELATIONSHIP_WITH_TRANSFORMATION ( #4147 )SHAPE_REPRESENTATION_RELATIONSHIP( ) );
#2787 = AXIS2_PLACEMENT_3D ( 'NONE', #1745, #6121, #117 ) ;
#2788 = FACE_OUTER_BOUND ( 'NONE', #4696, .T. ) ;
#2789 = PLANE ( 'NONE',  #1338 ) ;
#2790 = EDGE_LOOP ( 'NONE', ( #4279, #2744, #3523, #3706 ) ) ;
#2791 = VECTOR ( 'NONE', #3532, 1000.000000000000000 ) ;
#2792 = ORIENTED_EDGE ( 'NONE', *, *, #5940, .T. ) ;
#2793 = CONTEXT_DEPENDENT_SHAPE_REPRESENTATION ( #929, #2870 ) ;
#2794 = AXIS2_PLACEMENT_3D ( 'NONE', #1280, #3249, #5231 ) ;
#2795 = CARTESIAN_POINT ( 'NONE',  ( 5.049999999999999822, -10.05000000000000071, 33.99999999999999289 ) ) ;
#2796 = EDGE_CURVE ( 'NONE', #4267, #1260, #882, .T. ) ;
#2797 = FACE_OUTER_BOUND ( 'NONE', #3903, .T. ) ;
#2798 = AXIS2_PLACEMENT_3D ( 'NONE', #3429, #6320, #5415 ) ;
#2799 = SURFACE_STYLE_FILL_AREA ( #6195 ) ;
#2800 = CARTESIAN_POINT ( 'NONE',  ( 6.049999999999999822, -11.05000000000000071, 34.99999999999999289 ) ) ;
#2801 = VERTEX_POINT ( 'NONE', #4814 ) ;
#2802 = DIRECTION ( 'NONE',  ( 0.000000000000000000, -0.000000000000000000, -1.000000000000000000 ) ) ;
#2803 = EDGE_CURVE ( 'NONE', #5417, #3335, #3916, .T. ) ;
#2804 = ORIENTED_EDGE ( 'NONE', *, *, #1774, .T. ) ;
#2805 = DIRECTION ( 'NONE',  ( -0.000000000000000000, 1.000000000000000000, -0.000000000000000000 ) ) ;
#2806 = EDGE_CURVE ( 'NONE', #3422, #2126, #1886, .T. ) ;
#2807 = FACE_OUTER_BOUND ( 'NONE', #3136, .T. ) ;
#2808 = CARTESIAN_POINT ( 'NONE',  ( 4.999999999999999112, 1.479685137562079880E-15, 5.000000000000000000 ) ) ;
#2809 = CARTESIAN_POINT ( 'NONE',  ( -22.49999999999999645, 32.50000000000000000, 57.50000000000000000 ) ) ;
#2810 = CARTESIAN_POINT ( 'NONE',  ( -6.049999999999999822, -11.05000000000000071, 34.99999999999999289 ) ) ;
#2811 = VERTEX_POINT ( 'NONE', #915 ) ;
#2812 = CARTESIAN_POINT ( 'NONE',  ( -5.500000000000001776, 12.49999999999999467, 0.000000000000000000 ) ) ;
#2813 = ADVANCED_FACE ( 'NONE', ( #428 ), #2410, .F. ) ;
#2814 = ORIENTED_EDGE ( 'NONE', *, *, #3727, .F. ) ;
#2815 = ORIENTED_EDGE ( 'NONE', *, *, #3788, .F. ) ;
#2816 = EDGE_CURVE ( 'NONE', #312, #5009, #5374, .T. ) ;
#2817 = CARTESIAN_POINT ( 'NONE',  ( -7.500000000000001776, 12.50000000000000178, 67.50000000000000000 ) ) ;
#2818 = DIRECTION ( 'NONE',  ( -1.000000000000000000, 0.000000000000000000, 0.000000000000000000 ) ) ;
#2819 = DIRECTION ( 'NONE',  ( -0.000000000000000000, -0.000000000000000000, 1.000000000000000000 ) ) ;
#2820 = DIRECTION ( 'NONE',  ( 0.000000000000000000, -0.000000000000000000, -1.000000000000000000 ) ) ;
#2821 = ORIENTED_EDGE ( 'NONE', *, *, #920, .F. ) ;
#2822 = EDGE_LOOP ( 'NONE', ( #5503, #2629, #3066, #1268 ) ) ;
#2823 = CONTEXT_DEPENDENT_SHAPE_REPRESENTATION ( #3812, #2250 ) ;
#2824 = AXIS2_PLACEMENT_3D ( 'NONE', #5967, #3921, #5879 ) ;
#2825 = DIRECTION ( 'NONE',  ( -1.000000000000000000, 0.000000000000000000, 0.000000000000000000 ) ) ;
#2826 = DIRECTION ( 'NONE',  ( -0.000000000000000000, -0.000000000000000000, 1.000000000000000000 ) ) ;
#2827 = CARTESIAN_POINT ( 'NONE',  ( -5.049999999999999822, 10.05000000000000071, 34.99999999999999289 ) ) ;
#2828 = EDGE_LOOP ( 'NONE', ( #2821, #5126, #2939 ) ) ;
#2829 = CARTESIAN_POINT ( 'NONE',  ( 14.00000000000000000, 17.50000000000000000, -58.70000000000000284 ) ) ;
#2830 = VECTOR ( 'NONE', #5458, 1000.000000000000000 ) ;
#2831 = ORIENTED_EDGE ( 'NONE', *, *, #4614, .T. ) ;
#2832 = LINE ( 'NONE', #3768, #4445 ) ;
#2833 = DIRECTION ( 'NONE',  ( 1.000000000000000000, -0.000000000000000000, -0.000000000000000000 ) ) ;
#2834 = CARTESIAN_POINT ( 'NONE',  ( -7.499999999999998224, -12.49999999999999822, -65.50000000000000000 ) ) ;
#2835 = CARTESIAN_POINT ( 'NONE',  ( -17.50000000000000000, -22.50000000000000355, 30.00000000000000000 ) ) ;
#2836 = AXIS2_PLACEMENT_3D ( 'NONE', #3597, #5122, #167 ) ;
#2837 = EDGE_CURVE ( 'NONE', #681, #3642, #4234, .T. ) ;
#2838 = CARTESIAN_POINT ( 'NONE',  ( -2.499999999999992895, 0.000000000000000000, -314.9999999999999432 ) ) ;
#2839 = VERTEX_POINT ( 'NONE', #5995 ) ;
#2840 = LINE ( 'NONE', #2742, #2389 ) ;
#2841 = ORIENTED_EDGE ( 'NONE', *, *, #2346, .F. ) ;
#2842 = VERTEX_POINT ( 'NONE', #3481 ) ;
#2843 = DIRECTION ( 'NONE',  ( 1.387778780781445676E-16, -1.000000000000000000, 0.000000000000000000 ) ) ;
#2844 = CYLINDRICAL_SURFACE ( 'NONE', #812, 2.000000000000000000 ) ;
#2845 = ADVANCED_FACE ( 'NONE', ( #1074 ), #1043, .T. ) ;
#2846 = EDGE_CURVE ( 'NONE', #950, #1746, #5933, .T. ) ;
#2847 = DIRECTION ( 'NONE',  ( 1.000000000000000000, -0.000000000000000000, -0.000000000000000000 ) ) ;
#2848 = ORIENTED_EDGE ( 'NONE', *, *, #2530, .F. ) ;
#2849 = DIRECTION ( 'NONE',  ( 0.7071067811865473507, 0.000000000000000000, -0.7071067811865477948 ) ) ;
#2850 = ORIENTED_EDGE ( 'NONE', *, *, #1774, .F. ) ;
#2851 = EDGE_LOOP ( 'NONE', ( #1510, #4876, #521, #5897 ) ) ;
#2852 = EDGE_CURVE ( 'NONE', #1894, #1606, #2075, .T. ) ;
#2853 = DIRECTION ( 'NONE',  ( -0.000000000000000000, 1.000000000000000000, -0.000000000000000000 ) ) ;
#2854 = ORIENTED_EDGE ( 'NONE', *, *, #3673, .T. ) ;
#2855 = CARTESIAN_POINT ( 'NONE',  ( 12.50000000000000178, -17.50000000000000000, 58.70000000000000284 ) ) ;
#2856 = CARTESIAN_POINT ( 'NONE',  ( 0.000000000000000000, 0.000000000000000000, 0.000000000000000000 ) ) ;
#2857 = DIRECTION ( 'NONE',  ( -1.000000000000000000, -0.000000000000000000, -0.000000000000000000 ) ) ;
#2858 = AXIS2_PLACEMENT_3D ( 'NONE', #3795, #1369, #4349 ) ;
#2859 = VECTOR ( 'NONE', #1889, 1000.000000000000000 ) ;
#2860 = DIRECTION ( 'NONE',  ( 3.469446951953613696E-16, 0.000000000000000000, 1.000000000000000000 ) ) ;
#2861 = CIRCLE ( 'NONE', #56, 1.000000000000000888 ) ;
#2862 = EDGE_LOOP ( 'NONE', ( #5315, #2804, #717, #2617 ) ) ;
#2863 = CARTESIAN_POINT ( 'NONE',  ( -0.000000000000000000, 11.05000000000000071, 0.000000000000000000 ) ) ;
#2864 = CARTESIAN_POINT ( 'NONE',  ( 0.7250000000000105249, 0.000000000000000000, 0.000000000000000000 ) ) ;
#2865 = AXIS2_PLACEMENT_3D ( 'NONE', #1848, #2847, #2312 ) ;
#2866 = CARTESIAN_POINT ( 'NONE',  ( 12.49999999999999467, -17.50000000000000355, 30.00000000000000000 ) ) ;
#2867 = PLANE ( 'NONE',  #1081 ) ;
#2868 = LINE ( 'NONE', #2809, #1103 ) ;
#2869 =( GEOMETRIC_REPRESENTATION_CONTEXT ( 3 ) GLOBAL_UNCERTAINTY_ASSIGNED_CONTEXT ( ( #4060 ) ) GLOBAL_UNIT_ASSIGNED_CONTEXT ( ( #3209, #226, #123 ) ) REPRESENTATION_CONTEXT ( 'NONE', 'WORKASPACE' ) );
#2870 = PRODUCT_DEFINITION_SHAPE ( 'NONE', 'NONE',  #6415 ) ;
#2871 = VECTOR ( 'NONE', #4683, 1000.000000000000000 ) ;
#2872 = PLANE ( 'NONE',  #1426 ) ;
#2873 = VECTOR ( 'NONE', #5106, 1000.000000000000000 ) ;
#2874 = EDGE_LOOP ( 'NONE', ( #548, #4484, #816 ) ) ;
#2875 = LINE ( 'NONE', #4294, #4024 ) ;
#2876 = SHAPE_REPRESENTATION ( 'PRT-14', ( #1582 ), #455 ) ;
#2877 = PRESENTATION_LAYER_ASSIGNMENT (  '', '', ( #1524 ) ) ;
#2878 = EDGE_LOOP ( 'NONE', ( #5935, #573, #6085, #271, #531, #2792, #4476, #1589 ) ) ;
#2879 = ORIENTED_EDGE ( 'NONE', *, *, #5582, .F. ) ;
#2880 = LINE ( 'NONE', #1937, #162 ) ;
#2881 = ADVANCED_FACE ( 'NONE', ( #3423 ), #49, .T. ) ;
#2882 = DIRECTION ( 'NONE',  ( -1.000000000000000000, 0.000000000000000000, 0.000000000000000000 ) ) ;
#2883 = VECTOR ( 'NONE', #218, 1000.000000000000000 ) ;
#2884 = CARTESIAN_POINT ( 'NONE',  ( 3.182842712474619251, 0.000000000000000000, 2.700000000000001066 ) ) ;
#2885 = DIRECTION ( 'NONE',  ( -1.000000000000000000, 0.000000000000000000, 0.000000000000000000 ) ) ;
#2886 = ORIENTED_EDGE ( 'NONE', *, *, #4582, .F. ) ;
#2887 = PLANE ( 'NONE',  #726 ) ;
#2888 = CONICAL_SURFACE ( 'NONE', #402, 1.499999999999997780, 1.029744258676653645 ) ;
#2889 = ORIENTED_EDGE ( 'NONE', *, *, #4955, .F. ) ;
#2890 = ADVANCED_FACE ( 'NONE', ( #4439 ), #3970, .T. ) ;
#2891 = EDGE_CURVE ( 'NONE', #3433, #644, #3599, .T. ) ;
#2892 = ORIENTED_EDGE ( 'NONE', *, *, #1373, .T. ) ;
#2893 = AXIS2_PLACEMENT_3D ( 'NONE', #1173, #6187, #2658 ) ;
#2894 = CIRCLE ( 'NONE', #4855, 1.000000000000000888 ) ;
#2895 = CARTESIAN_POINT ( 'NONE',  ( -12.49999999999999822, 17.50000000000000000, 67.50000000000000000 ) ) ;
#2896 = VERTEX_POINT ( 'NONE', #2040 ) ;
#2897 = AXIS2_PLACEMENT_3D ( 'NONE', #6023, #4493, #581 ) ;
#2898 = EDGE_CURVE ( 'NONE', #2012, #3777, #4444, .T. ) ;
#2899 = AXIS2_PLACEMENT_3D ( 'NONE', #206, #6036, #737 ) ;
#2900 = DIRECTION ( 'NONE',  ( 0.000000000000000000, 0.000000000000000000, -1.000000000000000000 ) ) ;
#2901 = LINE ( 'NONE', #2595, #1234 ) ;
#2902 = ORIENTED_EDGE ( 'NONE', *, *, #4185, .T. ) ;
#2903 = LINE ( 'NONE', #5422, #4029 ) ;
#2904 = ORIENTED_EDGE ( 'NONE', *, *, #4303, .F. ) ;
#2905 = DIRECTION ( 'NONE',  ( 1.000000000000000000, -0.000000000000000000, -0.000000000000000000 ) ) ;
#2906 = CIRCLE ( 'NONE', #208, 2.499999999999997780 ) ;
#2907 = DIRECTION ( 'NONE',  ( -0.000000000000000000, -0.000000000000000000, -1.000000000000000000 ) ) ;
#2908 = LINE ( 'NONE', #2960, #1911 ) ;
#2909 = CARTESIAN_POINT ( 'NONE',  ( -9.500000000000005329, 32.50000000000000000, -57.50000000000000000 ) ) ;
#2910 = FACE_OUTER_BOUND ( 'NONE', #3034, .T. ) ;
#2911 = ORIENTED_EDGE ( 'NONE', *, *, #1299, .F. ) ;
#2912 = ORIENTED_EDGE ( 'NONE', *, *, #2141, .F. ) ;
#2913 = DIRECTION ( 'NONE',  ( 1.000000000000000000, 0.000000000000000000, 0.000000000000000000 ) ) ;
#2914 = DIRECTION ( 'NONE',  ( 1.000000000000000000, 0.000000000000000000, 0.000000000000000000 ) ) ;
#2915 = DIRECTION ( 'NONE',  ( -1.387778780781445676E-16, 1.000000000000000000, 0.000000000000000000 ) ) ;
#2916 = DIRECTION ( 'NONE',  ( -1.000000000000000000, -0.000000000000000000, -0.000000000000000000 ) ) ;
#2917 = ADVANCED_FACE ( 'NONE', ( #4984 ), #835, .F. ) ;
#2918 = VERTEX_POINT ( 'NONE', #3543 ) ;
#2919 = FACE_BOUND ( 'NONE', #1400, .T. ) ;
#2920 = EDGE_LOOP ( 'NONE', ( #5211, #3450, #247 ) ) ;
#2921 = ORIENTED_EDGE ( 'NONE', *, *, #4494, .T. ) ;
#2922 = ADVANCED_FACE ( 'NONE', ( #1483 ), #620, .T. ) ;
#2923 = CARTESIAN_POINT ( 'NONE',  ( -12.49999999999999822, 17.50000000000000000, -67.50000000000000000 ) ) ;
#2924 = DIRECTION ( 'NONE',  ( 0.5066262871615913044, -0.8621657643149956973, -2.453103856296383946E-17 ) ) ;
#2925 = EDGE_CURVE ( 'NONE', #3242, #3627, #5534, .T. ) ;
#2926 = ADVANCED_FACE ( 'NONE', ( #2526 ), #2082, .F. ) ;
#2927 = CARTESIAN_POINT ( 'NONE',  ( 5.049999999999999822, -10.05000000000000426, 0.4142135623730957006 ) ) ;
#2928 = ORIENTED_EDGE ( 'NONE', *, *, #3980, .F. ) ;
#2929 = DIRECTION ( 'NONE',  ( -0.000000000000000000, -0.000000000000000000, 1.000000000000000000 ) ) ;
#2930 = DIRECTION ( 'NONE',  ( -0.8571673007021118895, 1.049727191138618079E-16, 0.5150380749100549327 ) ) ;
#2931 = ORIENTED_EDGE ( 'NONE', *, *, #5647, .T. ) ;
#2932 = LINE ( 'NONE', #5921, #3245 ) ;
#2933 = FACE_OUTER_BOUND ( 'NONE', #3156, .T. ) ;
#2934 = EDGE_CURVE ( 'NONE', #6086, #3514, #3400, .T. ) ;
#2935 = CARTESIAN_POINT ( 'NONE',  ( -12.49999999999999822, 17.50000000000000000, -67.50000000000000000 ) ) ;
#2936 = AXIS2_PLACEMENT_3D ( 'NONE', #3977, #1992, #2509 ) ;
#2937 = VERTEX_POINT ( 'NONE', #4914 ) ;
#2938 = DIRECTION ( 'NONE',  ( -0.000000000000000000, 1.000000000000000000, -0.000000000000000000 ) ) ;
#2939 = ORIENTED_EDGE ( 'NONE', *, *, #5531, .F. ) ;
#2940 = CARTESIAN_POINT ( 'NONE',  ( 1.300000000000000044, -0.7390083445627192438, 1.280000000000000915 ) ) ;
#2941 = CYLINDRICAL_SURFACE ( 'NONE', #2057, 4.875000000000000000 ) ;
#2942 = CARTESIAN_POINT ( 'NONE',  ( 2.499999999999998668, 8.673617379884034486E-16, 0.000000000000000000 ) ) ;
#2943 = AXIS2_PLACEMENT_3D ( 'NONE', #5755, #1803, #845 ) ;
#2944 = DIRECTION ( 'NONE',  ( -1.000000000000000000, 0.000000000000000000, 0.000000000000000000 ) ) ;
#2945 = APPLICATION_CONTEXT ( 'automotive_design' ) ;
#2946 = EDGE_LOOP ( 'NONE', ( #3040, #1917, #5489, #186 ) ) ;
#2947 = DIRECTION ( 'NONE',  ( 0.000000000000000000, 0.000000000000000000, 1.000000000000000000 ) ) ;
#2948 = ORIENTED_EDGE ( 'NONE', *, *, #1141, .T. ) ;
#2949 = EDGE_LOOP ( 'NONE', ( #1199, #5815, #6141, #2384 ) ) ;
#2950 = CARTESIAN_POINT ( 'NONE',  ( 15.00000000000001421, 32.50000000000000000, 59.99999999999999289 ) ) ;
#2951 = EDGE_CURVE ( 'NONE', #2979, #900, #4119, .T. ) ;
#2952 = DIRECTION ( 'NONE',  ( 0.000000000000000000, 0.000000000000000000, 1.000000000000000000 ) ) ;
#2953 = CARTESIAN_POINT ( 'NONE',  ( 0.000000000000000000, 0.000000000000000000, 30.00000000000000000 ) ) ;
#2954 = VERTEX_POINT ( 'NONE', #3137 ) ;
#2955 = CARTESIAN_POINT ( 'NONE',  ( -5.499999999999998224, -12.50000000000000533, 30.00000000000000000 ) ) ;
#2956 = DIRECTION ( 'NONE',  ( 0.000000000000000000, 0.000000000000000000, 1.000000000000000000 ) ) ;
#2957 = ADVANCED_FACE ( 'NONE', ( #4656 ), #5209, .T. ) ;
#2958 = EDGE_LOOP ( 'NONE', ( #894, #2854, #3157 ) ) ;
#2959 = EDGE_CURVE ( 'NONE', #179, #3086, #2279, .T. ) ;
#2960 = CARTESIAN_POINT ( 'NONE',  ( -16.50000000000000000, 0.000000000000000000, 34.99999999999999289 ) ) ;
#2961 = AXIS2_PLACEMENT_3D ( 'NONE', #3959, #2962, #967 ) ;
#2962 = DIRECTION ( 'NONE',  ( -0.000000000000000000, 1.000000000000000000, -0.000000000000000000 ) ) ;
#2963 = AXIS2_PLACEMENT_3D ( 'NONE', #4824, #3852, #399 ) ;
#2964 = PLANE ( 'NONE',  #2158 ) ;
#2965 = ORIENTED_EDGE ( 'NONE', *, *, #582, .T. ) ;
#2966 = CARTESIAN_POINT ( 'NONE',  ( 11.00000000000000355, 17.50000000000000000, 67.50000000000000000 ) ) ;
#2967 = TOROIDAL_SURFACE ( 'NONE', #5449, 1.000000000000000000, 1.000000000000000000 ) ;
#2968 = ORIENTED_EDGE ( 'NONE', *, *, #2056, .F. ) ;
#2969 = AXIS2_PLACEMENT_3D ( 'NONE', #5709, #5246, #2208 ) ;
#2970 = ORIENTED_EDGE ( 'NONE', *, *, #432, .T. ) ;
#2971 = DIRECTION ( 'NONE',  ( 0.000000000000000000, 1.000000000000000000, -1.320393690296331133E-15 ) ) ;
#2972 = EDGE_CURVE ( 'NONE', #3415, #718, #680, .T. ) ;
#2973 = DIRECTION ( 'NONE',  ( -1.000000000000000000, -0.000000000000000000, -0.000000000000000000 ) ) ;
#2974 = CARTESIAN_POINT ( 'NONE',  ( 12.50000000000000178, -17.50000000000000000, -58.70000000000000284 ) ) ;
#2975 = VECTOR ( 'NONE', #4436, 1000.000000000000114 ) ;
#2976 = CIRCLE ( 'NONE', #1218, 1.499999999999999556 ) ;
#2977 = LINE ( 'NONE', #3968, #2975 ) ;
#2978 = AXIS2_PLACEMENT_3D ( 'NONE', #4594, #6124, #5578 ) ;
#2979 = VERTEX_POINT ( 'NONE', #3109 ) ;
#2980 = CARTESIAN_POINT ( 'NONE',  ( 1.300000000000000044, 0.7390083445627199099, -1.280000000000000693 ) ) ;
#2981 = ORIENTED_EDGE ( 'NONE', *, *, #5571, .F. ) ;
#2982 = AXIS2_PLACEMENT_3D ( 'NONE', #4064, #1678, #250 ) ;
#2983 = FILL_AREA_STYLE_COLOUR ( '', #180 ) ;
#2984 = VERTEX_POINT ( 'NONE', #1647 ) ;
#2985 = AXIS2_PLACEMENT_3D ( 'NONE', #4956, #532, #4469 ) ;
#2986 = CIRCLE ( 'NONE', #5886, 2.499999999999992895 ) ;
#2987 = AXIS2_PLACEMENT_3D ( 'NONE', #3260, #6310, #1811 ) ;
#2988 = CARTESIAN_POINT ( 'NONE',  ( -12.49999999999999822, 17.50000000000000000, -67.50000000000000000 ) ) ;
#2989 = VECTOR ( 'NONE', #1714, 1000.000000000000000 ) ;
#2990 = DIRECTION ( 'NONE',  ( 0.000000000000000000, 0.000000000000000000, 1.000000000000000000 ) ) ;
#2991 = DIRECTION ( 'NONE',  ( 0.000000000000000000, 0.000000000000000000, -1.000000000000000000 ) ) ;
#2992 = AXIS2_PLACEMENT_3D ( 'NONE', #4707, #1190, #3222 ) ;
#2993 = AXIS2_PLACEMENT_3D ( 'NONE', #2551, #4523, #5411 ) ;
#2994 = EDGE_CURVE ( 'NONE', #4957, #1757, #4336, .T. ) ;
#2995 = ORIENTED_EDGE ( 'NONE', *, *, #5857, .T. ) ;
#2996 = DIRECTION ( 'NONE',  ( 0.000000000000000000, -1.251928832280966188E-16, -1.000000000000000000 ) ) ;
#2997 = DIRECTION ( 'NONE',  ( -1.000000000000000000, 0.000000000000000000, 0.000000000000000000 ) ) ;
#2998 = EDGE_LOOP ( 'NONE', ( #4339, #4599, #5437, #260 ) ) ;
#2999 = FACE_OUTER_BOUND ( 'NONE', #4382, .T. ) ;
#3000 = AXIS2_PLACEMENT_3D ( 'NONE', #287, #2272, #6213 ) ;
#3001 = CARTESIAN_POINT ( 'NONE',  ( 1.300000000000002709, 0.000000000000000000, 0.000000000000000000 ) ) ;
#3002 = CARTESIAN_POINT ( 'NONE',  ( 1.300000000000000044, 1.108512516844080809, -0.6400000000000017897 ) ) ;
#3003 = EDGE_CURVE ( 'NONE', #4375, #6143, #652, .T. ) ;
#3004 = ADVANCED_FACE ( 'NONE', ( #778 ), #2385, .T. ) ;
#3005 = VERTEX_POINT ( 'NONE', #252 ) ;
#3006 = DIRECTION ( 'NONE',  ( 1.000000000000000000, 0.000000000000000000, 0.000000000000000000 ) ) ;
#3007 = CONICAL_SURFACE ( 'NONE', #424, 2.499999999999995115, 1.029744258676651869 ) ;
#3008 = ORIENTED_EDGE ( 'NONE', *, *, #674, .F. ) ;
#3009 = CARTESIAN_POINT ( 'NONE',  ( 12.71950000000000891, 0.000000000000000000, 0.000000000000000000 ) ) ;
#3010 = FACE_OUTER_BOUND ( 'NONE', #598, .T. ) ;
#3011 = CARTESIAN_POINT ( 'NONE',  ( 5.464213562373093858, 10.46421356237309652, 6.863903777824886525E-16 ) ) ;
#3012 = VECTOR ( 'NONE', #2630, 1000.000000000000000 ) ;
#3013 = CARTESIAN_POINT ( 'NONE',  ( 0.000000000000000000, 0.8660254037844380415, 1.500000000000000000 ) ) ;
#3014 = EDGE_CURVE ( 'NONE', #2376, #5602, #3092, .T. ) ;
#3015 = EDGE_CURVE ( 'NONE', #2811, #4643, #4095, .T. ) ;
#3016 = ORIENTED_EDGE ( 'NONE', *, *, #2837, .F. ) ;
#3017 = DIRECTION ( 'NONE',  ( 1.000000000000000000, 0.000000000000000000, 0.000000000000000000 ) ) ;
#3018 = ORIENTED_EDGE ( 'NONE', *, *, #4143, .F. ) ;
#3019 = SURFACE_SIDE_STYLE ('',( #1551 ) ) ;
#3020 = EDGE_LOOP ( 'NONE', ( #4677, #5972, #2081, #4567 ) ) ;
#3021 = EDGE_CURVE ( 'NONE', #3418, #6040, #5379, .T. ) ;
#3022 = DIRECTION ( 'NONE',  ( -0.000000000000000000, -0.000000000000000000, 1.000000000000000000 ) ) ;
#3023 = DIRECTION ( 'NONE',  ( 0.2358530453348782197, 0.9717887327018480681, -5.473271882289274567E-17 ) ) ;
#3024 = PLANE ( 'NONE',  #6067 ) ;
#3025 = ORIENTED_EDGE ( 'NONE', *, *, #1664, .F. ) ;
#3026 = DIRECTION ( 'NONE',  ( -0.000000000000000000, -0.000000000000000000, -1.000000000000000000 ) ) ;
#3027 = DIRECTION ( 'NONE',  ( -1.000000000000000000, -0.000000000000000000, -0.000000000000000000 ) ) ;
#3028 = ORIENTED_EDGE ( 'NONE', *, *, #2645, .F. ) ;
#3029 = DIRECTION ( 'NONE',  ( -0.000000000000000000, -0.000000000000000000, 1.000000000000000000 ) ) ;
#3030 = DIRECTION ( 'NONE',  ( 1.000000000000000000, 0.000000000000000000, 0.000000000000000000 ) ) ;
#3031 = CARTESIAN_POINT ( 'NONE',  ( 4.999999999999997335, 10.00000000000000178, -30.00000000000000000 ) ) ;
#3032 = ORIENTED_EDGE ( 'NONE', *, *, #357, .F. ) ;
#3033 = DIRECTION ( 'NONE',  ( -0.000000000000000000, -0.000000000000000000, -1.000000000000000000 ) ) ;
#3034 = EDGE_LOOP ( 'NONE', ( #4743, #1133, #4302, #4411 ) ) ;
#3035 = CARTESIAN_POINT ( 'NONE',  ( 12.49999999999999467, 17.49999999999999645, 34.99999999999999289 ) ) ;
#3036 = CARTESIAN_POINT ( 'NONE',  ( 13.99999999999999467, -17.50000000000000355, 30.00000000000000000 ) ) ;
#3037 = CARTESIAN_POINT ( 'NONE',  ( -5.000000000000002665, 10.00000000000000178, -30.00000000000000000 ) ) ;
#3038 = EDGE_CURVE ( 'NONE', #2469, #3580, #6051, .T. ) ;
#3039 = CARTESIAN_POINT ( 'NONE',  ( -9.500000000000001776, 22.50000000000000355, 59.50000000000000711 ) ) ;
#3040 = ORIENTED_EDGE ( 'NONE', *, *, #2635, .T. ) ;
#3041 = CARTESIAN_POINT ( 'NONE',  ( -12.49999999999999822, 17.50000000000000000, 67.50000000000000000 ) ) ;
#3042 = ORIENTED_EDGE ( 'NONE', *, *, #3917, .F. ) ;
#3043 = VECTOR ( 'NONE', #4776, 1000.000000000000000 ) ;
#3044 = PLANE ( 'NONE',  #714 ) ;
#3045 = ORIENTED_EDGE ( 'NONE', *, *, #3539, .F. ) ;
#3046 = EDGE_CURVE ( 'NONE', #6230, #286, #199, .T. ) ;
#3047 = ADVANCED_FACE ( 'NONE', ( #3574 ), #2574, .F. ) ;
#3048 = CARTESIAN_POINT ( 'NONE',  ( 20.49999999999999645, 22.50000000000000355, 57.50000000000000000 ) ) ;
#3049 = ADVANCED_FACE ( 'NONE', ( #1680 ), #2171, .T. ) ;
#3050 = PRODUCT_CONTEXT ( 'NONE', #5931, 'mechanical' ) ;
#3051 = DIRECTION ( 'NONE',  ( 0.000000000000000000, -0.000000000000000000, 1.000000000000000000 ) ) ;
#3052 = ORIENTED_EDGE ( 'NONE', *, *, #183, .T. ) ;
#3053 = CARTESIAN_POINT ( 'NONE',  ( -14.99999999999998401, 32.50000000000000000, 62.50000000000000000 ) ) ;
#3054 = DIRECTION ( 'NONE',  ( 1.000000000000000000, 0.000000000000000000, 0.000000000000000000 ) ) ;
#3055 = CARTESIAN_POINT ( 'NONE',  ( -12.50000000000000533, 17.49999999999999645, 34.99999999999999289 ) ) ;
#3056 = CARTESIAN_POINT ( 'NONE',  ( 20.49999999999999645, 32.50000000000000000, -57.50000000000000000 ) ) ;
#3057 = EDGE_LOOP ( 'NONE', ( #2323, #651, #4479, #4402 ) ) ;
#3058 = CARTESIAN_POINT ( 'NONE',  ( -15.50000000000000178, -20.50000000000000355, 33.99999999999999289 ) ) ;
#3059 = ORIENTED_EDGE ( 'NONE', *, *, #5385, .F. ) ;
#3060 = CARTESIAN_POINT ( 'NONE',  ( 3.000000000000004441, 1.959434878635765477E-16, 1.600000000000000311 ) ) ;
#3061 = AXIS2_PLACEMENT_3D ( 'NONE', #2303, #2398, #1804 ) ;
#3062 = AXIS2_PLACEMENT_3D ( 'NONE', #1414, #4695, #6189 ) ;
#3063 = DIRECTION ( 'NONE',  ( -1.000000000000000000, 0.000000000000000000, 0.000000000000000000 ) ) ;
#3064 = CARTESIAN_POINT ( 'NONE',  ( -12.50000000000000533, 17.49999999999999645, 34.99999999999999289 ) ) ;
#3065 = CARTESIAN_POINT ( 'NONE',  ( -17.50000000000000000, -20.50000000000000355, 34.99999999999999289 ) ) ;
#3066 = ORIENTED_EDGE ( 'NONE', *, *, #4343, .T. ) ;
#3067 = DIRECTION ( 'NONE',  ( 0.000000000000000000, -0.000000000000000000, -1.000000000000000000 ) ) ;
#3068 = AXIS2_PLACEMENT_3D ( 'NONE', #4571, #694, #3089 ) ;
#3069 = EDGE_CURVE ( 'NONE', #6149, #932, #1960, .T. ) ;
#3070 = EDGE_LOOP ( 'NONE', ( #140, #2841, #40, #546 ) ) ;
#3071 = ORIENTED_EDGE ( 'NONE', *, *, #5711, .F. ) ;
#3072 = SURFACE_SIDE_STYLE ('',( #1101 ) ) ;
#3073 = CIRCLE ( 'NONE', #1624, 1.499999999999999556 ) ;
#3074 = EDGE_LOOP ( 'NONE', ( #1462, #6118, #6109, #655 ) ) ;
#3075 = AXIS2_PLACEMENT_3D ( 'NONE', #423, #6244, #2337 ) ;
#3076 = DIRECTION ( 'NONE',  ( -0.000000000000000000, -0.000000000000000000, 1.000000000000000000 ) ) ;
#3077 = CIRCLE ( 'NONE', #292, 2.558578643762691840 ) ;
#3078 = EDGE_CURVE ( 'NONE', #318, #979, #4960, .T. ) ;
#3079 = CIRCLE ( 'NONE', #3785, 1.499999999999997780 ) ;
#3080 = EDGE_CURVE ( 'NONE', #6025, #4296, #5667, .T. ) ;
#3081 = DIRECTION ( 'NONE',  ( -0.000000000000000000, 1.000000000000000000, -0.000000000000000000 ) ) ;
#3082 = VECTOR ( 'NONE', #2692, 999.9999999999998863 ) ;
#3083 = LINE ( 'NONE', #4536, #1008 ) ;
#3084 = VECTOR ( 'NONE', #1505, 1000.000000000000000 ) ;
#3085 = EDGE_CURVE ( 'NONE', #5172, #1189, #6202, .T. ) ;
#3086 = VERTEX_POINT ( 'NONE', #1259 ) ;
#3087 = FACE_OUTER_BOUND ( 'NONE', #3564, .T. ) ;
#3088 = VECTOR ( 'NONE', #3394, 1000.000000000000000 ) ;
#3089 = DIRECTION ( 'NONE',  ( 0.000000000000000000, 0.000000000000000000, 1.000000000000000000 ) ) ;
#3090 = CARTESIAN_POINT ( 'NONE',  ( -5.000000000000000000, -9.999999999999998224, 30.00000000000000000 ) ) ;
#3091 = CARTESIAN_POINT ( 'NONE',  ( -14.99999999999998401, 22.50000000000000000, 60.00000000000000711 ) ) ;
#3092 = CIRCLE ( 'NONE', #4539, 2.499999999999992895 ) ;
#3093 = CARTESIAN_POINT ( 'NONE',  ( -7.719712582092880024E-15, 0.000000000000000000, 313.4978484524310716 ) ) ;
#3094 = AXIS2_PLACEMENT_3D ( 'NONE', #4742, #867, #934 ) ;
#3095 = ORIENTED_EDGE ( 'NONE', *, *, #724, .T. ) ;
#3096 = DIRECTION ( 'NONE',  ( -0.000000000000000000, -0.000000000000000000, 1.000000000000000000 ) ) ;
#3098 = ORIENTED_EDGE ( 'NONE', *, *, #5223, .T. ) ;
#3097 = PRODUCT_DEFINITION_FORMATION_WITH_SPECIFIED_SOURCE ( 'ANY', '', #4598, .NOT_KNOWN. ) ;
#3099 = ORIENTED_EDGE ( 'NONE', *, *, #395, .F. ) ;
#3100 = DIRECTION ( 'NONE',  ( -1.000000000000000000, 0.000000000000000000, 0.000000000000000000 ) ) ;
#3101 = PRODUCT_DEFINITION_CONTEXT ( 'detailed design', #3147, 'design' ) ;
#3102 = VECTOR ( 'NONE', #2308, 1000.000000000000000 ) ;
#3103 = DIRECTION ( 'NONE',  ( 0.000000000000000000, -0.5000000000000002220, 0.8660254037844384856 ) ) ;
#3104 = DIRECTION ( 'NONE',  ( -0.000000000000000000, -0.000000000000000000, -1.000000000000000000 ) ) ;
#3105 = AXIS2_PLACEMENT_3D ( 'NONE', #5490, #5888, #2997 ) ;
#3106 = VECTOR ( 'NONE', #4773, 1000.000000000000000 ) ;
#3107 = LINE ( 'NONE', #5075, #5672 ) ;
#3108 = ORIENTED_EDGE ( 'NONE', *, *, #1816, .F. ) ;
#3109 = CARTESIAN_POINT ( 'NONE',  ( 5.499999999999998224, 12.49999999999999467, 0.000000000000000000 ) ) ;
#3110 = ORIENTED_EDGE ( 'NONE', *, *, #6198, .F. ) ;
#3111 = EDGE_LOOP ( 'NONE', ( #3131, #160, #459 ) ) ;
#3112 = CIRCLE ( 'NONE', #1875, 1.279999999999999805 ) ;
#3113 = CARTESIAN_POINT ( 'NONE',  ( 5.049999999999999822, 10.05000000000000071, 1.000000000000000888 ) ) ;
#3114 = FILL_AREA_STYLE_COLOUR ( '', #1321 ) ;
#3115 = DIRECTION ( 'NONE',  ( -0.000000000000000000, 1.000000000000000000, -0.000000000000000000 ) ) ;
#3116 = CARTESIAN_POINT ( 'NONE',  ( 0.7250000000000105249, 0.000000000000000000, 0.000000000000000000 ) ) ;
#3117 = EDGE_CURVE ( 'NONE', #6329, #5212, #2180, .T. ) ;
#3118 = ORIENTED_EDGE ( 'NONE', *, *, #2898, .F. ) ;
#3119 = DIRECTION ( 'NONE',  ( -1.000000000000000000, 0.000000000000000000, 0.000000000000000000 ) ) ;
#3120 = LINE ( 'NONE', #5091, #808 ) ;
#3121 = CARTESIAN_POINT ( 'NONE',  ( 22.50000000000000000, 32.50000000000000000, 67.50000000000000000 ) ) ;
#3122 = DIRECTION ( 'NONE',  ( -0.000000000000000000, -1.000000000000000000, -0.000000000000000000 ) ) ;
#3123 = EDGE_CURVE ( 'NONE', #4296, #3229, #2587, .T. ) ;
#3124 = ADVANCED_FACE ( 'NONE', ( #1410 ), #6240, .T. ) ;
#3125 = CARTESIAN_POINT ( 'NONE',  ( 3.182842712474619251, 3.306546357697854719E-16, -2.700000000000001066 ) ) ;
#3126 = VERTEX_POINT ( 'NONE', #3811 ) ;
#3127 = CARTESIAN_POINT ( 'NONE',  ( -5.000000000000000888, 10.00000000000000178, 345.0000000000000000 ) ) ;
#3128 = EDGE_LOOP ( 'NONE', ( #2889, #3361, #1102 ) ) ;
#3129 = EDGE_LOOP ( 'NONE', ( #2098, #5498, #6180, #6113 ) ) ;
#3130 = DIRECTION ( 'NONE',  ( 0.000000000000000000, 0.000000000000000000, -1.000000000000000000 ) ) ;
#3131 = ORIENTED_EDGE ( 'NONE', *, *, #6357, .F. ) ;
#3132 = DIRECTION ( 'NONE',  ( 1.000000000000000000, 0.000000000000000000, 0.000000000000000000 ) ) ;
#3133 = FACE_OUTER_BOUND ( 'NONE', #152, .T. ) ;
#3134 = EDGE_CURVE ( 'NONE', #1198, #5791, #5331, .T. ) ;
#3135 = CARTESIAN_POINT ( 'NONE',  ( -22.50000000000000000, -20.49999999999999645, 67.50000000000000000 ) ) ;
#3136 = EDGE_LOOP ( 'NONE', ( #885, #4888, #3440, #1590 ) ) ;
#3137 = CARTESIAN_POINT ( 'NONE',  ( -7.500000000000001776, 22.50000000000000355, 59.50000000000000711 ) ) ;
#3138 = ORIENTED_EDGE ( 'NONE', *, *, #5087, .T. ) ;
#3139 = VERTEX_POINT ( 'NONE', #3327 ) ;
#3140 = CARTESIAN_POINT ( 'NONE',  ( 1.300000000000000044, 1.478016689125442928, -1.734723475976807094E-15 ) ) ;
#3141 = DIRECTION ( 'NONE',  ( 0.000000000000000000, -0.000000000000000000, -1.000000000000000000 ) ) ;
#3142 =( GEOMETRIC_REPRESENTATION_CONTEXT ( 3 ) GLOBAL_UNCERTAINTY_ASSIGNED_CONTEXT ( ( #5561 ) ) GLOBAL_UNIT_ASSIGNED_CONTEXT ( ( #3558, #3663, #3182 ) ) REPRESENTATION_CONTEXT ( 'NONE', 'WORKASPACE' ) );
#3143 = CARTESIAN_POINT ( 'NONE',  ( 7.499999999999998224, 12.50000000000000178, 67.50000000000000000 ) ) ;
#3144 = CARTESIAN_POINT ( 'NONE',  ( 4.999999999999997335, 10.00000000000000178, 30.00000000000000000 ) ) ;
#3145 = CARTESIAN_POINT ( 'NONE',  ( -15.50000000000000178, 22.49999999999999645, 34.99999999999999289 ) ) ;
#3146 = ORIENTED_EDGE ( 'NONE', *, *, #4734, .T. ) ;
#3147 = APPLICATION_CONTEXT ( 'automotive_design' ) ;
#3148 = CARTESIAN_POINT ( 'NONE',  ( 0.000000000000000000, 0.000000000000000000, 4.875000000000000000 ) ) ;
#3149 = EDGE_CURVE ( 'NONE', #4857, #4267, #2875, .T. ) ;
#3150 = DIRECTION ( 'NONE',  ( -0.000000000000000000, 1.000000000000000000, -0.000000000000000000 ) ) ;
#3151 = LINE ( 'NONE', #4640, #1207 ) ;
#3152 = VERTEX_POINT ( 'NONE', #4752 ) ;
#3153 = ORIENTED_EDGE ( 'NONE', *, *, #5969, .F. ) ;
#3154 = CYLINDRICAL_SURFACE ( 'NONE', #1342, 1.500000000000000222 ) ;
#3155 = ADVANCED_FACE ( 'NONE', ( #3841 ), #1777, .T. ) ;
#3156 = EDGE_LOOP ( 'NONE', ( #142, #1788, #2550, #5559 ) ) ;
#3157 = ORIENTED_EDGE ( 'NONE', *, *, #873, .T. ) ;
#3158 = DIRECTION ( 'NONE',  ( 0.000000000000000000, 1.000000000000000000, -1.224646799147353207E-16 ) ) ;
#3159 = EDGE_CURVE ( 'NONE', #704, #1598, #4845, .T. ) ;
#3160 = DIRECTION ( 'NONE',  ( 1.000000000000000000, 0.000000000000000000, 0.000000000000000000 ) ) ;
#3161 = DIRECTION ( 'NONE',  ( 1.734723475976806848E-16, 0.000000000000000000, 1.000000000000000000 ) ) ;
#3162 = FACE_OUTER_BOUND ( 'NONE', #6239, .T. ) ;
#3163 = ORIENTED_EDGE ( 'NONE', *, *, #2702, .T. ) ;
#3164 = CARTESIAN_POINT ( 'NONE',  ( -7.500000000000001776, 10.49999999999999467, 0.000000000000000000 ) ) ;
#3165 = VERTEX_POINT ( 'NONE', #5306 ) ;
#3166 = ORIENTED_EDGE ( 'NONE', *, *, #4810, .F. ) ;
#3167 = EDGE_CURVE ( 'NONE', #2110, #4199, #814, .T. ) ;
#3168 = CARTESIAN_POINT ( 'NONE',  ( -2.499999999999992895, 0.000000000000000000, -314.9999999999999432 ) ) ;
#3169 = FACE_OUTER_BOUND ( 'NONE', #5714, .T. ) ;
#3170 = VECTOR ( 'NONE', #1237, 1000.000000000000000 ) ;
#3171 = CARTESIAN_POINT ( 'NONE',  ( 1.899999999999999911, -0.8660254037844387076, -1.500000000000000000 ) ) ;
#3172 = CARTESIAN_POINT ( 'NONE',  ( 22.50000000000000000, 21.67157287525381193, 58.32842712474619873 ) ) ;
#3173 = DIRECTION ( 'NONE',  ( -1.000000000000000000, 0.000000000000000000, 0.000000000000000000 ) ) ;
#3174 = STYLED_ITEM ( 'NONE', ( #3855 ), #1050 ) ;
#3175 = AXIS2_PLACEMENT_3D ( 'NONE', #2407, #2915, #3303 ) ;
#3176 = ORIENTED_EDGE ( 'NONE', *, *, #3937, .F. ) ;
#3177 = CONTEXT_DEPENDENT_SHAPE_REPRESENTATION ( #257, #1316 ) ;
#3178 = VECTOR ( 'NONE', #3358, 1000.000000000000000 ) ;
#3179 = LINE ( 'NONE', #3148, #847 ) ;
#3180 = DIRECTION ( 'NONE',  ( -0.000000000000000000, -0.000000000000000000, 1.000000000000000000 ) ) ;
#3181 = VECTOR ( 'NONE', #6238, 1000.000000000000000 ) ;
#3182 =( NAMED_UNIT ( * ) SI_UNIT ( $, .STERADIAN. ) SOLID_ANGLE_UNIT ( ) );
#3183 = FACE_OUTER_BOUND ( 'NONE', #6250, .T. ) ;
#3184 = AXIS2_PLACEMENT_3D ( 'NONE', #550, #522, #1479 ) ;
#3185 = ADVANCED_FACE ( 'NONE', ( #2780 ), #3403, .F. ) ;
#3186 = CIRCLE ( 'NONE', #3295, 4.875000000000000000 ) ;
#3187 = CARTESIAN_POINT ( 'NONE',  ( 14.00000000000000000, -17.50000000000000000, 58.70000000000000284 ) ) ;
#3188 = ORIENTED_EDGE ( 'NONE', *, *, #6369, .T. ) ;
#3189 = CARTESIAN_POINT ( 'NONE',  ( -5.049999999999999822, -10.05000000000000071, 34.99999999999999289 ) ) ;
#3190 = ORIENTED_EDGE ( 'NONE', *, *, #5195, .T. ) ;
#3191 = DIRECTION ( 'NONE',  ( 1.000000000000000000, 0.000000000000000000, 0.000000000000000000 ) ) ;
#3192 = ORIENTED_EDGE ( 'NONE', *, *, #395, .T. ) ;
#3193 = LINE ( 'NONE', #5073, #1023 ) ;
#3194 = CIRCLE ( 'NONE', #2782, 1.499999999999997780 ) ;
#3195 = PLANE ( 'NONE',  #5252 ) ;
#3196 = AXIS2_PLACEMENT_3D ( 'NONE', #452, #2429, #4395 ) ;
#3197 = EDGE_CURVE ( 'NONE', #4296, #6060, #325, .T. ) ;
#3198 = CARTESIAN_POINT ( 'NONE',  ( 7.500000000000000000, 32.50000000000000000, -67.50000000000000000 ) ) ;
#3199 = VERTEX_POINT ( 'NONE', #417 ) ;
#3200 = DIRECTION ( 'NONE',  ( 0.000000000000000000, 0.000000000000000000, 1.000000000000000000 ) ) ;
#3201 = AXIS2_PLACEMENT_3D ( 'NONE', #6375, #1946, #3912 ) ;
#3202 = EDGE_LOOP ( 'NONE', ( #4985, #1576 ) ) ;
#3203 = VECTOR ( 'NONE', #4356, 1000.000000000000000 ) ;
#3204 = LINE ( 'NONE', #2721, #5568 ) ;
#3205 = DIRECTION ( 'NONE',  ( -0.000000000000000000, 1.000000000000000000, -0.000000000000000000 ) ) ;
#3206 = AXIS2_PLACEMENT_3D ( 'NONE', #1878, #1289, #5239 ) ;
#3207 = EDGE_CURVE ( 'NONE', #3354, #2355, #6099, .T. ) ;
#3208 = ADVANCED_FACE ( 'NONE', ( #1320 ), #3299, .F. ) ;
#3209 =( LENGTH_UNIT ( ) NAMED_UNIT ( * ) SI_UNIT ( .MILLI., .METRE. ) );
#3210 = DIRECTION ( 'NONE',  ( 1.000000000000000000, 0.000000000000000000, 0.000000000000000000 ) ) ;
#3211 = CARTESIAN_POINT ( 'NONE',  ( -14.99999999999998401, 22.50000000000000000, 62.50000000000000000 ) ) ;
#3212 = AXIS2_PLACEMENT_3D ( 'NONE', #2444, #4870, #5359 ) ;
#3213 = ORIENTED_EDGE ( 'NONE', *, *, #3628, .T. ) ;
#3214 = CIRCLE ( 'NONE', #536, 2.499999999999995115 ) ;
#3215 = FACE_BOUND ( 'NONE', #4441, .T. ) ;
#3216 = DIRECTION ( 'NONE',  ( -1.000000000000000000, 0.000000000000000000, 0.000000000000000000 ) ) ;
#3217 = CARTESIAN_POINT ( 'NONE',  ( -5.464213562373093858, -10.46421356237309652, 6.146522292001166683E-16 ) ) ;
#3218 = CARTESIAN_POINT ( 'NONE',  ( 0.000000000000000000, -1.478016689125442040, 1.626303258728256651E-15 ) ) ;
#3219 = VERTEX_POINT ( 'NONE', #4331 ) ;
#3220 = CARTESIAN_POINT ( 'NONE',  ( 0.000000000000000000, 0.000000000000000000, -345.0000000000000000 ) ) ;
#3221 = ORIENTED_EDGE ( 'NONE', *, *, #1387, .F. ) ;
#3222 = DIRECTION ( 'NONE',  ( -1.000000000000000000, 0.000000000000000000, 0.000000000000000000 ) ) ;
#3223 = ORIENTED_EDGE ( 'NONE', *, *, #426, .T. ) ;
#3224 = DIRECTION ( 'NONE',  ( 0.000000000000000000, 0.5000000000000013323, 0.8660254037844379305 ) ) ;
#3225 = CARTESIAN_POINT ( 'NONE',  ( 3.100000000000005418, 0.000000000000000000, -1.600000000000000311 ) ) ;
#3226 = CARTESIAN_POINT ( 'NONE',  ( -5.049999999999999822, -10.05000000000000071, 34.58578643762690064 ) ) ;
#3227 = ORIENTED_EDGE ( 'NONE', *, *, #3798, .F. ) ;
#3228 = CARTESIAN_POINT ( 'NONE',  ( 12.71950000000000891, 0.000000000000000000, 0.000000000000000000 ) ) ;
#3229 = VERTEX_POINT ( 'NONE', #2812 ) ;
#3230 = EDGE_CURVE ( 'NONE', #2619, #5439, #4782, .T. ) ;
#3231 = DIRECTION ( 'NONE',  ( 1.000000000000000000, 0.000000000000000000, 0.000000000000000000 ) ) ;
#3232 = DIRECTION ( 'NONE',  ( 0.000000000000000000, -1.000000000000000000, 0.000000000000000000 ) ) ;
#3233 = FACE_OUTER_BOUND ( 'NONE', #76, .T. ) ;
#3234 = EDGE_LOOP ( 'NONE', ( #1344, #1567, #2342, #4271 ) ) ;
#3235 = DIRECTION ( 'NONE',  ( 0.000000000000000000, -0.000000000000000000, 1.000000000000000000 ) ) ;
#3236 = AXIS2_PLACEMENT_3D ( 'NONE', #5416, #5446, #4379 ) ;
#3237 = EDGE_CURVE ( 'NONE', #900, #3407, #4236, .T. ) ;
#3238 = EDGE_CURVE ( 'NONE', #4608, #2811, #2840, .T. ) ;
#3239 = ORIENTED_EDGE ( 'NONE', *, *, #2016, .F. ) ;
#3240 = AXIS2_PLACEMENT_3D ( 'NONE', #2439, #4961, #4921 ) ;
#3241 = CARTESIAN_POINT ( 'NONE',  ( 0.000000000000000000, 0.000000000000000000, -30.00000000000000000 ) ) ;
#3242 = VERTEX_POINT ( 'NONE', #4363 ) ;
#3243 = CARTESIAN_POINT ( 'NONE',  ( 12.50000000000000178, 17.50000000000000000, -67.50000000000000000 ) ) ;
#3244 = ADVANCED_FACE ( 'NONE', ( #6336 ), #4713, .T. ) ;
#3245 = VECTOR ( 'NONE', #3500, 1000.000000000000000 ) ;
#3246 = DIRECTION ( 'NONE',  ( -1.000000000000000000, 0.000000000000000000, 0.000000000000000000 ) ) ;
#3247 = CARTESIAN_POINT ( 'NONE',  ( 1.300000000000000044, -1.478016689125442040, 1.626303258728256651E-15 ) ) ;
#3248 = EDGE_LOOP ( 'NONE', ( #2649, #1323, #1371 ) ) ;
#3249 = DIRECTION ( 'NONE',  ( -0.000000000000000000, -0.000000000000000000, 1.000000000000000000 ) ) ;
#3250 = DIRECTION ( 'NONE',  ( 0.000000000000000000, 0.000000000000000000, 1.000000000000000000 ) ) ;
#3251 = ORIENTED_EDGE ( 'NONE', *, *, #4903, .F. ) ;
#3252 = LINE ( 'NONE', #843, #4829 ) ;
#3253 = CARTESIAN_POINT ( 'NONE',  ( 1.300000000000000044, 1.478016689125442928, -1.734723475976807094E-15 ) ) ;
#3254 = DIRECTION ( 'NONE',  ( 0.000000000000000000, 0.000000000000000000, 1.000000000000000000 ) ) ;
#3255 = DIRECTION ( 'NONE',  ( -0.000000000000000000, -0.000000000000000000, 1.000000000000000000 ) ) ;
#3256 = ORIENTED_EDGE ( 'NONE', *, *, #1899, .F. ) ;
#3257 = CARTESIAN_POINT ( 'NONE',  ( 0.000000000000000000, -0.7390083445627192438, 1.280000000000000915 ) ) ;
#3258 = VERTEX_POINT ( 'NONE', #1502 ) ;
#3259 = ORIENTED_EDGE ( 'NONE', *, *, #4396, .T. ) ;
#3260 = CARTESIAN_POINT ( 'NONE',  ( 1.300000000000000044, 1.478016689125442928, -1.734723475976807094E-15 ) ) ;
#3261 = FACE_OUTER_BOUND ( 'NONE', #3709, .T. ) ;
#3262 = CYLINDRICAL_SURFACE ( 'NONE', #3374, 2.000000000000000000 ) ;
#3263 = ADVANCED_FACE ( 'NONE', ( #517 ), #449, .F. ) ;
#3264 = FACE_OUTER_BOUND ( 'NONE', #4146, .T. ) ;
#3265 = ORIENTED_EDGE ( 'NONE', *, *, #5796, .F. ) ;
#3266 = AXIS2_PLACEMENT_3D ( 'NONE', #6135, #4702, #3559 ) ;
#3267 = APPLICATION_CONTEXT ( 'automotive_design' ) ;
#3268 = ORIENTED_EDGE ( 'NONE', *, *, #2575, .T. ) ;
#3269 = ITEM_DEFINED_TRANSFORMATION ( 'NONE', 'NONE', #4577,  #1582 ) ;
#3270 = EDGE_CURVE ( 'NONE', #3086, #3981, #3505, .T. ) ;
#3271 = ADVANCED_FACE ( 'NONE', ( #574 ), #3934, .F. ) ;
#3272 = CIRCLE ( 'NONE', #492, 1.000000000000000888 ) ;
#3273 = AXIS2_PLACEMENT_3D ( 'NONE', #2178, #4690, #4759 ) ;
#3274 = CARTESIAN_POINT ( 'NONE',  ( 22.49999999999999645, 32.50000000000000000, -57.50000000000000000 ) ) ;
#3275 = ORIENTED_EDGE ( 'NONE', *, *, #2093, .F. ) ;
#3276 = PRODUCT_DEFINITION_SHAPE ( 'NONE', 'NONE',  #6407 ) ;
#3277 = DIRECTION ( 'NONE',  ( 0.000000000000000000, -1.000000000000000000, 0.000000000000000000 ) ) ;
#3278 = VECTOR ( 'NONE', #2549, 1000.000000000000114 ) ;
#3279 = PLANE ( 'NONE',  #1514 ) ;
#3280 = AXIS2_PLACEMENT_3D ( 'NONE', #3064, #5005, #3538 ) ;
#3281 = STYLED_ITEM ( 'NONE', ( #5043 ), #5477 ) ;
#3282 = EDGE_CURVE ( 'NONE', #1708, #1391, #5000, .T. ) ;
#3283 = EDGE_CURVE ( 'NONE', #3642, #4957, #5896, .T. ) ;
#3284 = DIRECTION ( 'NONE',  ( 0.000000000000000000, -0.000000000000000000, 1.000000000000000000 ) ) ;
#3285 = VERTEX_POINT ( 'NONE', #2966 ) ;
#3286 = DIRECTION ( 'NONE',  ( 0.000000000000000000, 0.000000000000000000, -1.000000000000000000 ) ) ;
#3287 = VECTOR ( 'NONE', #2944, 1000.000000000000000 ) ;
#3288 = AXIS2_PLACEMENT_3D ( 'NONE', #1315, #4291, #2361 ) ;
#3289 = LINE ( 'NONE', #3319, #5274 ) ;
#3290 = MANIFOLD_SOLID_BREP ( 'Mirror1', #3572 ) ;
#3291 = VECTOR ( 'NONE', #1609, 1000.000000000000000 ) ;
#3292 = FACE_OUTER_BOUND ( 'NONE', #5724, .T. ) ;
#3293 = CARTESIAN_POINT ( 'NONE',  ( -15.50000000000000178, 22.49999999999999645, 33.99999999999999289 ) ) ;
#3294 = CARTESIAN_POINT ( 'NONE',  ( 0.000000000000000000, 21.49999999999999645, 33.99999999999999289 ) ) ;
#3295 = AXIS2_PLACEMENT_3D ( 'NONE', #2516, #4482, #3991 ) ;
#3296 = FACE_OUTER_BOUND ( 'NONE', #2367, .T. ) ;
#3297 = VECTOR ( 'NONE', #614, 1000.000000000000000 ) ;
#3298 = VERTEX_POINT ( 'NONE', #4428 ) ;
#3299 = PLANE ( 'NONE',  #5699 ) ;
#3300 = EDGE_LOOP ( 'NONE', ( #734, #3869, #3776 ) ) ;
#3301 = AXIS2_PLACEMENT_3D ( 'NONE', #3549, #3431, #3924 ) ;
#3302 = PLANE ( 'NONE',  #398 ) ;
#3303 = DIRECTION ( 'NONE',  ( -1.000000000000000000, -1.387778780781445922E-16, 0.000000000000000000 ) ) ;
#3304 = CONICAL_SURFACE ( 'NONE', #5790, 1.499999999999997780, 1.029744258676653645 ) ;
#3305 = CARTESIAN_POINT ( 'NONE',  ( 12.50000000000000178, 17.50000000000000000, -67.50000000000000000 ) ) ;
#3306 = CARTESIAN_POINT ( 'NONE',  ( 0.000000000000000000, 0.000000000000000000, -345.0000000000000000 ) ) ;
#3307 = VECTOR ( 'NONE', #4322, 1000.000000000000000 ) ;
#3308 = ORIENTED_EDGE ( 'NONE', *, *, #1491, .F. ) ;
#3309 = VECTOR ( 'NONE', #4485, 1000.000000000000000 ) ;
#3310 = ORIENTED_EDGE ( 'NONE', *, *, #3937, .T. ) ;
#3311 = AXIS2_PLACEMENT_3D ( 'NONE', #2766, #3318, #839 ) ;
#3312 = DIRECTION ( 'NONE',  ( 0.000000000000000000, -0.000000000000000000, 1.000000000000000000 ) ) ;
#3313 = CARTESIAN_POINT ( 'NONE',  ( 0.000000000000000000, 0.000000000000000000, 30.00000000000000000 ) ) ;
#3314 = EDGE_CURVE ( 'NONE', #979, #5637, #12, .T. ) ;
#3315 = VECTOR ( 'NONE', #2438, 1000.000000000000000 ) ;
#3316 = CARTESIAN_POINT ( 'NONE',  ( 8.328427124746188071, 13.32842712474619518, -67.50000000000000000 ) ) ;
#3317 = ORIENTED_EDGE ( 'NONE', *, *, #5777, .F. ) ;
#3318 = DIRECTION ( 'NONE',  ( 0.000000000000000000, -1.000000000000000000, 0.000000000000000000 ) ) ;
#3319 = CARTESIAN_POINT ( 'NONE',  ( -5.049999999999999822, -10.05000000000000071, 33.99999999999999289 ) ) ;
#3320 = EDGE_CURVE ( 'NONE', #14, #6363, #2001, .T. ) ;
#3321 = CYLINDRICAL_SURFACE ( 'NONE', #1011, 2.500000000000000888 ) ;
#3322 = EDGE_CURVE ( 'NONE', #2720, #4817, #5952, .T. ) ;
#3323 = CYLINDRICAL_SURFACE ( 'NONE', #2330, 2.499999999999995115 ) ;
#3324 = DIRECTION ( 'NONE',  ( 0.000000000000000000, 0.000000000000000000, -1.000000000000000000 ) ) ;
#3325 = DIRECTION ( 'NONE',  ( 1.000000000000000000, 0.000000000000000000, 0.000000000000000000 ) ) ;
#3326 = ORIENTED_EDGE ( 'NONE', *, *, #1816, .T. ) ;
#3327 = CARTESIAN_POINT ( 'NONE',  ( 22.50000000000000000, 20.50000000000000355, 59.50000000000000711 ) ) ;
#3328 = ORIENTED_EDGE ( 'NONE', *, *, #1649, .F. ) ;
#3329 = EDGE_CURVE ( 'NONE', #4764, #2504, #4877, .T. ) ;
#3330 = CARTESIAN_POINT ( 'NONE',  ( -20.49999999999999645, 22.50000000000000355, 67.50000000000000000 ) ) ;
#3331 = CARTESIAN_POINT ( 'NONE',  ( 11.00000000000000533, -17.50000000000000000, -58.70000000000000284 ) ) ;
#3332 = DIRECTION ( 'NONE',  ( -1.000000000000000000, 0.000000000000000000, 0.000000000000000000 ) ) ;
#3333 = PLANE ( 'NONE',  #6090 ) ;
#3334 = ORIENTED_EDGE ( 'NONE', *, *, #2470, .T. ) ;
#3335 = VERTEX_POINT ( 'NONE', #6364 ) ;
#3336 = CARTESIAN_POINT ( 'NONE',  ( 1.300000000000002709, 0.000000000000000000, 0.000000000000000000 ) ) ;
#3337 =( LENGTH_UNIT ( ) NAMED_UNIT ( * ) SI_UNIT ( .MILLI., .METRE. ) );
#3338 = CARTESIAN_POINT ( 'NONE',  ( 20.49999999999999645, 20.50000000000000355, 67.50000000000000000 ) ) ;
#3339 = CARTESIAN_POINT ( 'NONE',  ( 2.499999999999992895, 3.061616997868374760E-16, -314.9999999999999432 ) ) ;
#3340 = ADVANCED_FACE ( 'NONE', ( #41 ), #3901, .F. ) ;
#3341 = EDGE_LOOP ( 'NONE', ( #4524, #4041, #78, #5994, #1608 ) ) ;
#3342 = CARTESIAN_POINT ( 'NONE',  ( 30.00000000000000000, 0.000000000000000000, 2.055000000000000160 ) ) ;
#3343 = VECTOR ( 'NONE', #4231, 1000.000000000000000 ) ;
#3344 = CARTESIAN_POINT ( 'NONE',  ( 5.000000000000002665, -9.999999999999998224, -345.0000000000000000 ) ) ;
#3345 = FACE_OUTER_BOUND ( 'NONE', #4030, .T. ) ;
#3346 = FACE_OUTER_BOUND ( 'NONE', #1515, .T. ) ;
#3347 = CARTESIAN_POINT ( 'NONE',  ( 22.50000000000000000, -22.50000000000000000, -67.50000000000000000 ) ) ;
#3348 = VECTOR ( 'NONE', #2604, 1000.000000000000227 ) ;
#3349 = LINE ( 'NONE', #1257, #66 ) ;
#3350 = EDGE_CURVE ( 'NONE', #3407, #441, #1241, .T. ) ;
#3351 = ADVANCED_FACE ( 'NONE', ( #5984, #1934 ), #1537, .F. ) ;
#3352 = ORIENTED_EDGE ( 'NONE', *, *, #842, .T. ) ;
#3353 = DIRECTION ( 'NONE',  ( -0.000000000000000000, -0.000000000000000000, 1.000000000000000000 ) ) ;
#3354 = VERTEX_POINT ( 'NONE', #1089 ) ;
#3355 = EDGE_LOOP ( 'NONE', ( #675, #4371, #876, #6138 ) ) ;
#3356 = CARTESIAN_POINT ( 'NONE',  ( 12.50000000000000178, 17.50000000000000000, 58.70000000000000284 ) ) ;
#3357 = CARTESIAN_POINT ( 'NONE',  ( 5.500000000000001776, -10.50000000000000533, 30.00000000000000000 ) ) ;
#3358 = DIRECTION ( 'NONE',  ( 0.000000000000000000, -1.000000000000000000, 0.000000000000000000 ) ) ;
#3359 = DIRECTION ( 'NONE',  ( 0.000000000000000000, -0.5000000000000001110, -0.8660254037844385966 ) ) ;
#3360 = EDGE_CURVE ( 'NONE', #900, #2510, #1157, .T. ) ;
#3361 = ORIENTED_EDGE ( 'NONE', *, *, #2122, .T. ) ;
#3362 = CARTESIAN_POINT ( 'NONE',  ( 0.000000000000000000, 0.000000000000000000, 345.0000000000000000 ) ) ;
#3363 = ORIENTED_EDGE ( 'NONE', *, *, #6160, .T. ) ;
#3364 = EDGE_LOOP ( 'NONE', ( #1976, #3870, #3876, #92, #2316 ) ) ;
#3365 = DIRECTION ( 'NONE',  ( 1.000000000000000000, 0.000000000000000000, 0.000000000000000000 ) ) ;
#3366 = CARTESIAN_POINT ( 'NONE',  ( 0.05000000000001097317, -0.04999999999999883010, 348.9651028897483229 ) ) ;
#3367 = CIRCLE ( 'NONE', #696, 1.279999999999999805 ) ;
#3368 = CIRCLE ( 'NONE', #904, 2.000000000000000000 ) ;
#3369 = CARTESIAN_POINT ( 'NONE',  ( 12.50000000000000178, 17.50000000000000000, 58.70000000000000284 ) ) ;
#3370 = VECTOR ( 'NONE', #1820, 1000.000000000000000 ) ;
#3371 = ORIENTED_EDGE ( 'NONE', *, *, #6017, .T. ) ;
#3372 = DIRECTION ( 'NONE',  ( -0.000000000000000000, 0.000000000000000000, -1.000000000000000000 ) ) ;
#3373 = CARTESIAN_POINT ( 'NONE',  ( 1.899999999999999911, 0.8660254037844380415, -1.499999999999999556 ) ) ;
#3374 = AXIS2_PLACEMENT_3D ( 'NONE', #2408, #358, #5215 ) ;
#3375 = CONICAL_SURFACE ( 'NONE', #5139, 2.500000000000002220, 1.029744258676653867 ) ;
#3376 = CARTESIAN_POINT ( 'NONE',  ( 15.00000000000000000, 22.50000000000000000, -62.49999999999999289 ) ) ;
#3377 = DIRECTION ( 'NONE',  ( 1.000000000000000000, 0.000000000000000000, 0.000000000000000000 ) ) ;
#3378 = DIRECTION ( 'NONE',  ( 0.000000000000000000, 0.000000000000000000, 1.000000000000000000 ) ) ;
#3379 = ADVANCED_FACE ( 'NONE', ( #1217 ), #3154, .T. ) ;
#3380 = VECTOR ( 'NONE', #2107, 1000.000000000000000 ) ;
#3381 = CARTESIAN_POINT ( 'NONE',  ( 3.041421356237309581, 0.000000000000000000, 0.000000000000000000 ) ) ;
#3382 = AXIS2_PLACEMENT_3D ( 'NONE', #2884, #4368, #4850 ) ;
#3383 = VERTEX_POINT ( 'NONE', #3604 ) ;
#3384 = CARTESIAN_POINT ( 'NONE',  ( 4.999999999999997335, 10.00000000000000178, -30.00000000000000000 ) ) ;
#3385 = AXIS2_PLACEMENT_3D ( 'NONE', #5961, #4526, #4042 ) ;
#3386 = VERTEX_POINT ( 'NONE', #1637 ) ;
#3387 = EDGE_LOOP ( 'NONE', ( #1779, #3929, #851, #611 ) ) ;
#3388 = CARTESIAN_POINT ( 'NONE',  ( -12.50000000000000533, 17.49999999999999645, 30.00000000000000000 ) ) ;
#3389 = FACE_OUTER_BOUND ( 'NONE', #742, .T. ) ;
#3390 = CARTESIAN_POINT ( 'NONE',  ( -13.99999999999999645, -17.50000000000000000, -58.70000000000000284 ) ) ;
#3391 = EDGE_CURVE ( 'NONE', #1279, #4217, #6041, .T. ) ;
#3392 = DIRECTION ( 'NONE',  ( 0.000000000000000000, -0.5000000000000012212, -0.8660254037844379305 ) ) ;
#3393 = ORIENTED_EDGE ( 'NONE', *, *, #759, .T. ) ;
#3394 = DIRECTION ( 'NONE',  ( 1.000000000000000000, 0.000000000000000000, 0.000000000000000000 ) ) ;
#3395 = EDGE_LOOP ( 'NONE', ( #5596, #4646, #1333, #969 ) ) ;
#3396 = VECTOR ( 'NONE', #5954, 1000.000000000000114 ) ;
#3397 = ORIENTED_EDGE ( 'NONE', *, *, #1908, .T. ) ;
#3398 = EDGE_CURVE ( 'NONE', #5186, #5788, #609, .T. ) ;
#3399 = ADVANCED_FACE ( 'NONE', ( #6139 ), #2637, .T. ) ;
#3400 = CIRCLE ( 'NONE', #2993, 2.000000000000000000 ) ;
#3401 = CIRCLE ( 'NONE', #87, 0.1000000000000000472 ) ;
#3402 = CARTESIAN_POINT ( 'NONE',  ( -20.49999999999999645, 32.50000000000000000, 59.50000000000000711 ) ) ;
#3403 = CONICAL_SURFACE ( 'NONE', #6306, 1.279999999999999805, 1.047197551196595633 ) ;
#3404 = CARTESIAN_POINT ( 'NONE',  ( 12.50000000000000178, 17.50000000000000000, -75.50000000000001421 ) ) ;
#3405 = DIRECTION ( 'NONE',  ( -1.000000000000000000, -0.000000000000000000, -0.000000000000000000 ) ) ;
#3406 = CYLINDRICAL_SURFACE ( 'NONE', #4013, 1.000000000000000000 ) ;
#3407 = VERTEX_POINT ( 'NONE', #5098 ) ;
#3408 = CARTESIAN_POINT ( 'NONE',  ( 4.999999999999999112, 10.00000000000000178, -345.0000000000000000 ) ) ;
#3409 = CARTESIAN_POINT ( 'NONE',  ( 11.00000000000000533, -17.50000000000000000, 58.70000000000000284 ) ) ;
#3410 = VECTOR ( 'NONE', #5722, 1000.000000000000000 ) ;
#3411 = ORIENTED_EDGE ( 'NONE', *, *, #3453, .T. ) ;
#3412 = DIRECTION ( 'NONE',  ( 0.000000000000000000, -0.000000000000000000, 1.000000000000000000 ) ) ;
#3413 = DIRECTION ( 'NONE',  ( 0.000000000000000000, 0.000000000000000000, 1.000000000000000000 ) ) ;
#3414 = CARTESIAN_POINT ( 'NONE',  ( -2.499999999999992895, 3.061616997868374760E-16, 314.9999999999999432 ) ) ;
#3415 = VERTEX_POINT ( 'NONE', #4159 ) ;
#3416 = DIRECTION ( 'NONE',  ( -0.000000000000000000, -0.000000000000000000, 1.000000000000000000 ) ) ;
#3417 = VERTEX_POINT ( 'NONE', #5653 ) ;
#3418 = VERTEX_POINT ( 'NONE', #5597 ) ;
#3419 = DIRECTION ( 'NONE',  ( 0.000000000000000000, -0.5000000000000012212, -0.8660254037844379305 ) ) ;
#3420 = DIRECTION ( 'NONE',  ( -0.000000000000000000, -0.000000000000000000, 1.000000000000000000 ) ) ;
#3421 = DIRECTION ( 'NONE',  ( 0.000000000000000000, -0.000000000000000000, 1.000000000000000000 ) ) ;
#3422 = VERTEX_POINT ( 'NONE', #3127 ) ;
#3423 = FACE_OUTER_BOUND ( 'NONE', #3355, .T. ) ;
#3424 = ADVANCED_FACE ( 'NONE', ( #669 ), #6165, .F. ) ;
#3425 = ORIENTED_EDGE ( 'NONE', *, *, #3456, .F. ) ;
#3426 = ORIENTED_EDGE ( 'NONE', *, *, #789, .F. ) ;
#3427 = ADVANCED_FACE ( 'NONE', ( #5556 ), #4083, .T. ) ;
#3428 = EDGE_CURVE ( 'NONE', #943, #2282, #1546, .T. ) ;
#3429 = CARTESIAN_POINT ( 'NONE',  ( -22.50000000000000000, -22.50000000000000000, 67.50000000000000000 ) ) ;
#3430 = ORIENTED_EDGE ( 'NONE', *, *, #6219, .T. ) ;
#3431 = DIRECTION ( 'NONE',  ( -1.000000000000000000, -0.000000000000000000, -0.000000000000000000 ) ) ;
#3432 = ADVANCED_FACE ( 'NONE', ( #2674 ), #6208, .F. ) ;
#3433 = VERTEX_POINT ( 'NONE', #1597 ) ;
#3434 = DIRECTION ( 'NONE',  ( 0.000000000000000000, 1.000000000000000000, -1.251928832280966188E-16 ) ) ;
#3435 = CARTESIAN_POINT ( 'NONE',  ( 5.049999999999999822, -10.05000000000000071, 33.99999999999999289 ) ) ;
#3436 = VERTEX_POINT ( 'NONE', #173 ) ;
#3437 = DIRECTION ( 'NONE',  ( 0.000000000000000000, 0.000000000000000000, -1.000000000000000000 ) ) ;
#3438 = PLANE ( 'NONE',  #377 ) ;
#3439 = LINE ( 'NONE', #2452, #6188 ) ;
#3440 = ORIENTED_EDGE ( 'NONE', *, *, #3628, .F. ) ;
#3441 = DIRECTION ( 'NONE',  ( -0.000000000000000000, -0.000000000000000000, -1.000000000000000000 ) ) ;
#3442 = VERTEX_POINT ( 'NONE', #4123 ) ;
#3443 = ORIENTED_EDGE ( 'NONE', *, *, #796, .T. ) ;
#3444 = LINE ( 'NONE', #3508, #2480 ) ;
#3445 = CARTESIAN_POINT ( 'NONE',  ( -20.49999999999998224, -22.50000000000000000, -67.50000000000000000 ) ) ;
#3446 = CARTESIAN_POINT ( 'NONE',  ( 1.899999999999999911, -6.505213034913026604E-16, -2.999999999999998224 ) ) ;
#3447 = CARTESIAN_POINT ( 'NONE',  ( 1.300000000000000044, -1.478016689125442040, 1.626303258728256651E-15 ) ) ;
#3448 = ORIENTED_EDGE ( 'NONE', *, *, #5820, .F. ) ;
#3449 = CARTESIAN_POINT ( 'NONE',  ( -15.50000000000000178, 20.49999999999999289, 33.99999999999999289 ) ) ;
#3450 = ORIENTED_EDGE ( 'NONE', *, *, #6017, .F. ) ;
#3451 =( NAMED_UNIT ( * ) SI_UNIT ( $, .STERADIAN. ) SOLID_ANGLE_UNIT ( ) );
#3452 = EDGE_LOOP ( 'NONE', ( #3499, #3843, #1475, #5535, #3947 ) ) ;
#3453 = EDGE_CURVE ( 'NONE', #761, #441, #6072, .T. ) ;
#3454 = DIRECTION ( 'NONE',  ( 1.000000000000000000, 0.000000000000000000, -0.000000000000000000 ) ) ;
#3455 = DIRECTION ( 'NONE',  ( 1.000000000000000000, -0.000000000000000000, -0.000000000000000000 ) ) ;
#3456 = EDGE_CURVE ( 'NONE', #6345, #1039, #243, .T. ) ;
#3457 = EDGE_CURVE ( 'NONE', #2411, #5343, #631, .T. ) ;
#3458 = VERTEX_POINT ( 'NONE', #1729 ) ;
#3459 = CARTESIAN_POINT ( 'NONE',  ( -7.499999999999998224, -10.50000000000000533, 30.00000000000000000 ) ) ;
#3460 = CARTESIAN_POINT ( 'NONE',  ( 11.00000000000000533, -17.50000000000000000, 58.70000000000000284 ) ) ;
#3461 = ORIENTED_EDGE ( 'NONE', *, *, #3117, .F. ) ;
#3462 = DIRECTION ( 'NONE',  ( -0.000000000000000000, -0.000000000000000000, -1.000000000000000000 ) ) ;
#3463 = AXIS2_PLACEMENT_3D ( 'NONE', #3001, #4025, #992 ) ;
#3464 = CYLINDRICAL_SURFACE ( 'NONE', #2961, 2.500000000000002220 ) ;
#3465 = ADVANCED_FACE ( 'NONE', ( #2227 ), #2608, .F. ) ;
#3466 = AXIS2_PLACEMENT_3D ( 'NONE', #462, #3454, #4405 ) ;
#3467 = ADVANCED_FACE ( 'NONE', ( #3833 ), #3731, .F. ) ;
#3468 = DIRECTION ( 'NONE',  ( 0.000000000000000000, 0.000000000000000000, 1.000000000000000000 ) ) ;
#3469 = VERTEX_POINT ( 'NONE', #4258 ) ;
#3470 = DIRECTION ( 'NONE',  ( -0.7071067811865310304, 8.659560562355135004E-17, -0.7071067811865641151 ) ) ;
#3471 = CIRCLE ( 'NONE', #174, 2.000000000000001776 ) ;
#3472 = ORIENTED_EDGE ( 'NONE', *, *, #3428, .F. ) ;
#3473 = AXIS2_PLACEMENT_3D ( 'NONE', #2942, #4786, #909 ) ;
#3474 = CARTESIAN_POINT ( 'NONE',  ( -14.00000000000000533, 17.49999999999999645, 34.99999999999999289 ) ) ;
#3475 = FACE_BOUND ( 'NONE', #6308, .T. ) ;
#3476 = CARTESIAN_POINT ( 'NONE',  ( -12.50000000000000000, -17.50000000000000000, -57.79870907145865999 ) ) ;
#3477 = AXIS2_PLACEMENT_3D ( 'NONE', #3305, #4852, #5284 ) ;
#3478 = VECTOR ( 'NONE', #947, 1000.000000000000000 ) ;
#3479 = DIRECTION ( 'NONE',  ( 0.000000000000000000, 0.000000000000000000, -1.000000000000000000 ) ) ;
#3480 = VERTEX_POINT ( 'NONE', #3342 ) ;
#3481 = CARTESIAN_POINT ( 'NONE',  ( -5.000000000000000000, -9.999999999999998224, -30.00000000000000000 ) ) ;
#3482 = ORIENTED_EDGE ( 'NONE', *, *, #3859, .T. ) ;
#3483 = VECTOR ( 'NONE', #6398, 1000.000000000000000 ) ;
#3484 =( LENGTH_UNIT ( ) NAMED_UNIT ( * ) SI_UNIT ( .MILLI., .METRE. ) );
#3485 = ORIENTED_EDGE ( 'NONE', *, *, #1308, .T. ) ;
#3486 = AXIS2_PLACEMENT_3D ( 'NONE', #2764, #768, #4317 ) ;
#3487 = AXIS2_PLACEMENT_3D ( 'NONE', #1193, #3160, #2105 ) ;
#3488 = CYLINDRICAL_SURFACE ( 'NONE', #3928, 1.499999999999999556 ) ;
#3489 = AXIS2_PLACEMENT_3D ( 'NONE', #2182, #5713, #197 ) ;
#3490 =( NAMED_UNIT ( * ) PLANE_ANGLE_UNIT ( ) SI_UNIT ( $, .RADIAN. ) );
#3491 = DIRECTION ( 'NONE',  ( -0.000000000000000000, 0.000000000000000000, -1.000000000000000000 ) ) ;
#3492 = VECTOR ( 'NONE', #5627, 1000.000000000000000 ) ;
#3493 = ORIENTED_EDGE ( 'NONE', *, *, #3629, .T. ) ;
#3494 = DIRECTION ( 'NONE',  ( 0.000000000000000000, 0.000000000000000000, -1.000000000000000000 ) ) ;
#3495 = AXIS2_PLACEMENT_3D ( 'NONE', #315, #5232, #3250 ) ;
#3496 = EDGE_CURVE ( 'NONE', #3386, #4161, #5751, .T. ) ;
#3497 = CARTESIAN_POINT ( 'NONE',  ( 6.049999999999999822, 11.05000000000000071, 34.99999999999999289 ) ) ;
#3498 = CARTESIAN_POINT ( 'NONE',  ( -7.500000000000001776, 12.50000000000000178, -65.50000000000000000 ) ) ;
#3499 = ORIENTED_EDGE ( 'NONE', *, *, #4591, .F. ) ;
#3500 = DIRECTION ( 'NONE',  ( 0.000000000000000000, 0.000000000000000000, -1.000000000000000000 ) ) ;
#3501 = AXIS2_PLACEMENT_3D ( 'NONE', #1841, #3867, #5277 ) ;
#3502 = CARTESIAN_POINT ( 'NONE',  ( 12.50000000000000178, 17.50000000000000000, -58.70000000000000284 ) ) ;
#3503 = CARTESIAN_POINT ( 'NONE',  ( 1.899999999999999911, 1.836970198721029934E-16, -1.500000000000000000 ) ) ;
#3504 = VERTEX_POINT ( 'NONE', #5816 ) ;
#3505 = LINE ( 'NONE', #1973, #4753 ) ;
#3506 = EDGE_CURVE ( 'NONE', #4362, #2984, #5267, .T. ) ;
#3507 = ORIENTED_EDGE ( 'NONE', *, *, #2696, .F. ) ;
#3508 = CARTESIAN_POINT ( 'NONE',  ( 0.000000000000000000, 0.8660254037844380415, 1.500000000000000000 ) ) ;
#3509 = EDGE_CURVE ( 'NONE', #1598, #2134, #341, .T. ) ;
#3510 = CARTESIAN_POINT ( 'NONE',  ( -12.50000000000000000, 17.50000000000000000, -57.79870907145865999 ) ) ;
#3511 = DIRECTION ( 'NONE',  ( 0.000000000000000000, 1.000000000000000000, -1.320393690296331133E-15 ) ) ;
#3512 = VECTOR ( 'NONE', #859, 1000.000000000000000 ) ;
#3513 = CARTESIAN_POINT ( 'NONE',  ( 12.99999999999999822, 1.665213485140614119E-16, -1.219500000000000028 ) ) ;
#3514 = VERTEX_POINT ( 'NONE', #313 ) ;
#3515 = DIRECTION ( 'NONE',  ( -1.000000000000000000, -0.000000000000000000, -0.000000000000000000 ) ) ;
#3516 = ORIENTED_EDGE ( 'NONE', *, *, #4033, .F. ) ;
#3517 = ADVANCED_FACE ( 'NONE', ( #6231, #1372 ), #2324, .F. ) ;
#3518 = VERTEX_POINT ( 'NONE', #1345 ) ;
#3519 = DIRECTION ( 'NONE',  ( -0.000000000000000000, -0.000000000000000000, 1.000000000000000000 ) ) ;
#3520 = SHAPE_REPRESENTATION ( 'PRT-15', ( #1582 ), #2002 ) ;
#3521 = APPLICATION_PROTOCOL_DEFINITION ( 'draft international standard', 'automotive_design', 1998, #2612 ) ;
#3522 = CARTESIAN_POINT ( 'NONE',  ( -15.00000000000000000, 22.50000000000000000, -59.99999999999998579 ) ) ;
#3523 = ORIENTED_EDGE ( 'NONE', *, *, #881, .F. ) ;
#3524 = CYLINDRICAL_SURFACE ( 'NONE', #430, 2.499999999999996447 ) ;
#3525 = DIRECTION ( 'NONE',  ( 0.000000000000000000, 0.000000000000000000, 1.000000000000000000 ) ) ;
#3526 = ORIENTED_EDGE ( 'NONE', *, *, #6219, .F. ) ;
#3527 = DIRECTION ( 'NONE',  ( -0.000000000000000000, -0.000000000000000000, -1.000000000000000000 ) ) ;
#3528 = LINE ( 'NONE', #1562, #5566 ) ;
#3529 = ADVANCED_FACE ( 'NONE', ( #799 ), #1799, .T. ) ;
#3530 = DIRECTION ( 'NONE',  ( -1.000000000000000000, 0.000000000000000000, 0.000000000000000000 ) ) ;
#3531 = ORIENTED_EDGE ( 'NONE', *, *, #597, .T. ) ;
#3532 = DIRECTION ( 'NONE',  ( 1.000000000000000000, 0.000000000000000000, 0.000000000000000000 ) ) ;
#3533 = AXIS2_PLACEMENT_3D ( 'NONE', #926, #1051, #2415 ) ;
#3534 = EDGE_LOOP ( 'NONE', ( #2289, #2814 ) ) ;
#3535 = DIRECTION ( 'NONE',  ( -1.000000000000000000, -0.000000000000000000, -0.000000000000000000 ) ) ;
#3536 = PRODUCT_DEFINITION_CONTEXT ( 'detailed design', #6337, 'design' ) ;
#3537 = CARTESIAN_POINT ( 'NONE',  ( -22.50000000000000000, -22.50000000000000000, 59.50000000000000711 ) ) ;
#3538 = DIRECTION ( 'NONE',  ( 1.000000000000000000, 0.000000000000000000, 0.000000000000000000 ) ) ;
#3539 = EDGE_CURVE ( 'NONE', #1039, #1446, #3767, .T. ) ;
#3540 = EDGE_CURVE ( 'NONE', #4270, #5905, #6327, .T. ) ;
#3541 = FACE_OUTER_BOUND ( 'NONE', #813, .T. ) ;
#3542 = VERTEX_POINT ( 'NONE', #4287 ) ;
#3543 = CARTESIAN_POINT ( 'NONE',  ( 15.00000000000000000, 32.50000000000000000, -60.00000000000000000 ) ) ;
#3544 = ORIENTED_EDGE ( 'NONE', *, *, #4501, .F. ) ;
#3545 = AXIS2_PLACEMENT_3D ( 'NONE', #6395, #5891, #2448 ) ;
#3546 = CARTESIAN_POINT ( 'NONE',  ( 20.49999999999999645, 22.50000000000000355, -57.50000000000000000 ) ) ;
#3547 = ORIENTED_EDGE ( 'NONE', *, *, #1544, .T. ) ;
#3548 = EDGE_CURVE ( 'NONE', #434, #653, #3705, .T. ) ;
#3549 = CARTESIAN_POINT ( 'NONE',  ( 3.182842712474619251, 0.000000000000000000, 0.000000000000000000 ) ) ;
#3550 = DIRECTION ( 'NONE',  ( 0.000000000000000000, 1.000000000000000000, 2.503857664561932376E-16 ) ) ;
#3551 = ITEM_DEFINED_TRANSFORMATION ( 'NONE', 'NONE', #343,  #1582 ) ;
#3552 = LINE ( 'NONE', #5545, #2357 ) ;
#3553 = EDGE_CURVE ( 'NONE', #5572, #3647, #1828, .T. ) ;
#3554 = ORIENTED_EDGE ( 'NONE', *, *, #3314, .F. ) ;
#3555 = EDGE_LOOP ( 'NONE', ( #3485, #3190, #482, #4097, #4084, #3425, #4964, #63, #1005, #4391 ) ) ;
#3556 = LINE ( 'NONE', #4019, #1249 ) ;
#3557 = LINE ( 'NONE', #5550, #1938 ) ;
#3558 =( LENGTH_UNIT ( ) NAMED_UNIT ( * ) SI_UNIT ( .MILLI., .METRE. ) );
#3559 = DIRECTION ( 'NONE',  ( 0.000000000000000000, 0.000000000000000000, -1.000000000000000000 ) ) ;
#3560 = DIRECTION ( 'NONE',  ( -0.000000000000000000, 1.000000000000000000, -0.000000000000000000 ) ) ;
#3561 = ORIENTED_EDGE ( 'NONE', *, *, #4135, .F. ) ;
#3562 = DIRECTION ( 'NONE',  ( 0.000000000000000000, 0.000000000000000000, -1.000000000000000000 ) ) ;
#3563 = EDGE_LOOP ( 'NONE', ( #3911, #1747 ) ) ;
#3564 = EDGE_LOOP ( 'NONE', ( #4365, #3676, #4257, #3227 ) ) ;
#3565 = PLANE ( 'NONE',  #4639 ) ;
#3566 = AXIS2_PLACEMENT_3D ( 'NONE', #3055, #4052, #2515 ) ;
#3567 = VECTOR ( 'NONE', #659, 1000.000000000000000 ) ;
#3568 = DIRECTION ( 'NONE',  ( -0.000000000000000000, -0.000000000000000000, -1.000000000000000000 ) ) ;
#3569 = CARTESIAN_POINT ( 'NONE',  ( 5.049999999999999822, 10.05000000000000071, 0.4142135623730956451 ) ) ;
#3570 =( GEOMETRIC_REPRESENTATION_CONTEXT ( 3 ) GLOBAL_UNCERTAINTY_ASSIGNED_CONTEXT ( ( #111 ) ) GLOBAL_UNIT_ASSIGNED_CONTEXT ( ( #564, #3978, #1465 ) ) REPRESENTATION_CONTEXT ( 'NONE', 'WORKASPACE' ) );
#3571 = CARTESIAN_POINT ( 'NONE',  ( 0.000000000000000000, 1.732050807568877193, 1.845044017635222066E-16 ) ) ;
#3572 = CLOSED_SHELL ( 'NONE', ( #393, #3432, #6047, #2535, #503, #146, #3838, #3789, #2775, #2753, #4091, #1931, #2391, #5911 ) ) ;
#3573 = VERTEX_POINT ( 'NONE', #3800 ) ;
#3574 = FACE_OUTER_BOUND ( 'NONE', #1673, .T. ) ;
#3575 = AXIS2_PLACEMENT_3D ( 'NONE', #2569, #4543, #763 ) ;
#3576 = ORIENTED_EDGE ( 'NONE', *, *, #3944, .T. ) ;
#3577 = EDGE_CURVE ( 'NONE', #1531, #5118, #5593, .T. ) ;
#3578 = LINE ( 'NONE', #1324, #501 ) ;
#3579 = VECTOR ( 'NONE', #2524, 1000.000000000000000 ) ;
#3580 = VERTEX_POINT ( 'NONE', #5201 ) ;
#3581 = MECHANICAL_DESIGN_GEOMETRIC_PRESENTATION_REPRESENTATION (  '', ( #4212 ), #2869 ) ;
#3582 = DIRECTION ( 'NONE',  ( 0.000000000000000000, 0.000000000000000000, -1.000000000000000000 ) ) ;
#3583 = CARTESIAN_POINT ( 'NONE',  ( 0.000000000000000000, 5.970153145843347347E-16, -4.875000000000000000 ) ) ;
#3584 = VECTOR ( 'NONE', #6209, 1000.000000000000000 ) ;
#3585 = CIRCLE ( 'NONE', #4107, 1.500000000000000000 ) ;
#3586 = DIRECTION ( 'NONE',  ( -1.000000000000000000, 0.000000000000000000, -0.000000000000000000 ) ) ;
#3587 = MECHANICAL_DESIGN_GEOMETRIC_PRESENTATION_REPRESENTATION (  '', ( #1524 ), #4215 ) ;
#3588 = ADVANCED_FACE ( 'NONE', ( #866, #4797 ), #770, .T. ) ;
#3589 = ADVANCED_FACE ( 'NONE', ( #4319 ), #3007, .F. ) ;
#3590 = AXIS2_PLACEMENT_3D ( 'NONE', #1343, #5294, #4074 ) ;
#3591 = AXIS2_PLACEMENT_3D ( 'NONE', #2200, #4556, #647 ) ;
#3592 = ORIENTED_EDGE ( 'NONE', *, *, #4673, .F. ) ;
#3593 = DIRECTION ( 'NONE',  ( 0.000000000000000000, -0.000000000000000000, 1.000000000000000000 ) ) ;
#3594 = AXIS2_PLACEMENT_3D ( 'NONE', #4352, #4531, #3856 ) ;
#3595 = DIRECTION ( 'NONE',  ( -0.000000000000000000, -0.000000000000000000, -1.000000000000000000 ) ) ;
#3596 = EDGE_CURVE ( 'NONE', #5474, #1039, #6200, .T. ) ;
#3597 = CARTESIAN_POINT ( 'NONE',  ( 12.49999999999999467, -17.50000000000000355, 34.99999999999999289 ) ) ;
#3598 = CARTESIAN_POINT ( 'NONE',  ( 0.000000000000000000, 0.7390083445627230185, 1.279999999999998916 ) ) ;
#3599 = CIRCLE ( 'NONE', #4958, 1.500000000000000000 ) ;
#3600 = ORIENTED_EDGE ( 'NONE', *, *, #5387, .T. ) ;
#3601 = CARTESIAN_POINT ( 'NONE',  ( 12.50000000000000178, -17.50000000000000000, -67.50000000000000000 ) ) ;
#3602 = VECTOR ( 'NONE', #1734, 1000.000000000000000 ) ;
#3603 = ORIENTED_EDGE ( 'NONE', *, *, #1659, .T. ) ;
#3604 = CARTESIAN_POINT ( 'NONE',  ( 7.500000000000000000, 32.50000000000000000, -67.50000000000000000 ) ) ;
#3605 = DIRECTION ( 'NONE',  ( -1.000000000000000000, -0.000000000000000000, -0.000000000000000000 ) ) ;
#3606 = ORIENTED_EDGE ( 'NONE', *, *, #1375, .T. ) ;
#3607 = ORIENTED_EDGE ( 'NONE', *, *, #2597, .F. ) ;
#3608 = DIRECTION ( 'NONE',  ( 0.000000000000000000, 1.224646799147353207E-16, 1.000000000000000000 ) ) ;
#3609 = UNCERTAINTY_MEASURE_WITH_UNIT (LENGTH_MEASURE( 1.000000000000000082E-05 ), #695, 'distance_accuracy_value', 'NONE');
#3610 = VECTOR ( 'NONE', #5526, 1000.000000000000000 ) ;
#3611 = ORIENTED_EDGE ( 'NONE', *, *, #2022, .F. ) ;
#3612 = CARTESIAN_POINT ( 'NONE',  ( -13.99999999999999822, 17.50000000000000000, -67.50000000000000000 ) ) ;
#3613 = DIRECTION ( 'NONE',  ( -1.000000000000000000, 0.000000000000000000, 0.000000000000000000 ) ) ;
#3614 = AXIS2_PLACEMENT_3D ( 'NONE', #4576, #138, #3286 ) ;
#3615 = PLANE ( 'NONE',  #6384 ) ;
#3616 = ORIENTED_EDGE ( 'NONE', *, *, #5420, .F. ) ;
#3617 = CARTESIAN_POINT ( 'NONE',  ( 9.500000000000001776, 32.50000000000000000, 59.50000000000000711 ) ) ;
#3618 = ORIENTED_EDGE ( 'NONE', *, *, #1849, .T. ) ;
#3619 = FACE_OUTER_BOUND ( 'NONE', #3248, .T. ) ;
#3620 = VECTOR ( 'NONE', #1395, 1000.000000000000000 ) ;
#3621 = LINE ( 'NONE', #4623, #804 ) ;
#3622 = CARTESIAN_POINT ( 'NONE',  ( 1.899999999999999911, 1.299038105676657340, 0.7500000000000001110 ) ) ;
#3623 = EDGE_CURVE ( 'NONE', #4318, #4038, #2287, .T. ) ;
#3624 = CARTESIAN_POINT ( 'NONE',  ( 17.50000000000000000, -20.50000000000000355, 30.00000000000000000 ) ) ;
#3625 = CYLINDRICAL_SURFACE ( 'NONE', #6373, 1.000000000000000888 ) ;
#3626 = ITEM_DEFINED_TRANSFORMATION ( 'NONE', 'NONE', #767,  #1582 ) ;
#3627 = VERTEX_POINT ( 'NONE', #3953 ) ;
#3628 = EDGE_CURVE ( 'NONE', #761, #6060, #6105, .T. ) ;
#3629 = EDGE_CURVE ( 'NONE', #6060, #2579, #1526, .T. ) ;
#3630 = DIRECTION ( 'NONE',  ( -0.000000000000000000, -0.000000000000000000, -1.000000000000000000 ) ) ;
#3631 = PLANE ( 'NONE',  #280 ) ;
#3632 = DIRECTION ( 'NONE',  ( -0.000000000000000000, 1.000000000000000000, -0.000000000000000000 ) ) ;
#3633 = EDGE_CURVE ( 'NONE', #2545, #4161, #4686, .T. ) ;
#3634 = LINE ( 'NONE', #4574, #2269 ) ;
#3635 = ORIENTED_EDGE ( 'NONE', *, *, #1544, .F. ) ;
#3636 = DIRECTION ( 'NONE',  ( 1.000000000000000000, 0.000000000000000000, 0.000000000000000000 ) ) ;
#3637 = ORIENTED_EDGE ( 'NONE', *, *, #796, .F. ) ;
#3638 = EDGE_LOOP ( 'NONE', ( #1565, #253 ) ) ;
#3639 = DIRECTION ( 'NONE',  ( 1.000000000000000000, 0.000000000000000000, 0.000000000000000000 ) ) ;
#3640 = CARTESIAN_POINT ( 'NONE',  ( -15.50000000000000178, 20.49999999999999289, 30.00000000000000000 ) ) ;
#3641 = PLANE ( 'NONE',  #4214 ) ;
#3642 = VERTEX_POINT ( 'NONE', #4417 ) ;
#3643 = CARTESIAN_POINT ( 'NONE',  ( 12.50000000000000178, 17.50000000000000000, 67.50000000000000000 ) ) ;
#3644 = EDGE_LOOP ( 'NONE', ( #4164, #2879, #5339 ) ) ;
#3645 = DIRECTION ( 'NONE',  ( -0.000000000000000000, 1.000000000000000000, -0.000000000000000000 ) ) ;
#3646 = ORIENTED_EDGE ( 'NONE', *, *, #4144, .F. ) ;
#3647 = VERTEX_POINT ( 'NONE', #4452 ) ;
#3648 = DIRECTION ( 'NONE',  ( -1.000000000000000000, 0.000000000000000000, 0.000000000000000000 ) ) ;
#3649 = DIRECTION ( 'NONE',  ( 0.000000000000000000, 0.000000000000000000, 1.000000000000000000 ) ) ;
#3650 = CARTESIAN_POINT ( 'NONE',  ( -2.499999999999992895, 3.061616997868374760E-16, 314.9999999999999432 ) ) ;
#3651 = DIRECTION ( 'NONE',  ( 1.000000000000000000, 1.734723475976807094E-16, -0.000000000000000000 ) ) ;
#3652 = CIRCLE ( 'NONE', #2943, 2.499999999999995115 ) ;
#3653 = LINE ( 'NONE', #4989, #2654 ) ;
#3654 = EDGE_LOOP ( 'NONE', ( #5081, #2502, #661, #150 ) ) ;
#3655 = ADVANCED_FACE ( 'NONE', ( #3858 ), #567, .F. ) ;
#3656 = SHAPE_DEFINITION_REPRESENTATION ( #4312, #685 ) ;
#3657 = AXIS2_PLACEMENT_3D ( 'NONE', #1472, #3985, #3437 ) ;
#3658 = ADVANCED_BREP_SHAPE_REPRESENTATION ( '', ( #5477, #1582 ), #3142 ) ;
#3659 = DIRECTION ( 'NONE',  ( 1.000000000000000000, 8.673617379884036705E-17, -0.000000000000000000 ) ) ;
#3660 = CARTESIAN_POINT ( 'NONE',  ( 2.499999999999996891, 3.061616997868379197E-16, -345.0000000000000000 ) ) ;
#3661 = EDGE_CURVE ( 'NONE', #634, #2110, #2903, .T. ) ;
#3662 = EDGE_CURVE ( 'NONE', #4927, #6363, #1895, .T. ) ;
#3663 =( NAMED_UNIT ( * ) PLANE_ANGLE_UNIT ( ) SI_UNIT ( $, .RADIAN. ) );
#3664 = DIRECTION ( 'NONE',  ( -0.000000000000000000, -0.000000000000000000, 1.000000000000000000 ) ) ;
#3665 = LINE ( 'NONE', #4604, #4842 ) ;
#3666 = EDGE_LOOP ( 'NONE', ( #3118, #6394 ) ) ;
#3667 = CARTESIAN_POINT ( 'NONE',  ( -12.49999999999999822, -17.50000000000000000, -67.50000000000000000 ) ) ;
#3668 = ORIENTED_EDGE ( 'NONE', *, *, #4343, .F. ) ;
#3669 = VERTEX_POINT ( 'NONE', #442 ) ;
#3670 = LINE ( 'NONE', #2165, #3492 ) ;
#3671 = ORIENTED_EDGE ( 'NONE', *, *, #1694, .T. ) ;
#3672 = EDGE_CURVE ( 'NONE', #5097, #3433, #2511, .T. ) ;
#3673 = EDGE_CURVE ( 'NONE', #5572, #3504, #3889, .T. ) ;
#3674 = CYLINDRICAL_SURFACE ( 'NONE', #5838, 2.499999999999995115 ) ;
#3675 = DIRECTION ( 'NONE',  ( 0.000000000000000000, 0.000000000000000000, -1.000000000000000000 ) ) ;
#3676 = ORIENTED_EDGE ( 'NONE', *, *, #956, .F. ) ;
#3677 = DIRECTION ( 'NONE',  ( -1.734723475976806848E-16, 1.000000000000000000, 0.000000000000000000 ) ) ;
#3678 = ORIENTED_EDGE ( 'NONE', *, *, #4746, .T. ) ;
#3679 = DIRECTION ( 'NONE',  ( 0.000000000000000000, 0.000000000000000000, 1.000000000000000000 ) ) ;
#3680 = ORIENTED_EDGE ( 'NONE', *, *, #4101, .T. ) ;
#3681 = CARTESIAN_POINT ( 'NONE',  ( 0.000000000000000000, 0.000000000000000000, -9.999999999999998224 ) ) ;
#3682 = DIRECTION ( 'NONE',  ( 0.000000000000000000, -0.000000000000000000, 1.000000000000000000 ) ) ;
#3683 = VECTOR ( 'NONE', #3122, 1000.000000000000000 ) ;
#3684 =( REPRESENTATION_RELATIONSHIP ('NONE','NONE', #5522, #5350 ) REPRESENTATION_RELATIONSHIP_WITH_TRANSFORMATION ( #1145 )SHAPE_REPRESENTATION_RELATIONSHIP( ) );
#3685 = CIRCLE ( 'NONE', #1306, 1.500000000000000000 ) ;
#3686 = CARTESIAN_POINT ( 'NONE',  ( -13.99999999999999822, 17.50000000000000000, 67.50000000000000000 ) ) ;
#3687 = AXIS2_PLACEMENT_3D ( 'NONE', #5226, #5718, #1303 ) ;
#3688 = CARTESIAN_POINT ( 'NONE',  ( -5.049999999999999822, 10.05000000000000071, 33.99999999999999289 ) ) ;
#3689 = DIRECTION ( 'NONE',  ( -1.000000000000000000, 0.000000000000000000, 0.000000000000000000 ) ) ;
#3690 = AXIS2_PLACEMENT_3D ( 'NONE', #2465, #5409, #5993 ) ;
#3691 = ORIENTED_EDGE ( 'NONE', *, *, #2665, .F. ) ;
#3692 = CIRCLE ( 'NONE', #2666, 1.219500000000000028 ) ;
#3693 = AXIS2_PLACEMENT_3D ( 'NONE', #4233, #5329, #5758 ) ;
#3694 = AXIS2_PLACEMENT_3D ( 'NONE', #3743, #5074, #182 ) ;
#3695 = CARTESIAN_POINT ( 'NONE',  ( 5.049999999999999822, -10.05000000000000071, 34.58578643762690064 ) ) ;
#3696 = LINE ( 'NONE', #2094, #4205 ) ;
#3697 = CIRCLE ( 'NONE', #6391, 1.499999999999999556 ) ;
#3698 =( LENGTH_UNIT ( ) NAMED_UNIT ( * ) SI_UNIT ( .MILLI., .METRE. ) );
#3699 = CARTESIAN_POINT ( 'NONE',  ( 7.499999999999998224, 10.49999999999999467, 0.000000000000000000 ) ) ;
#3700 = CONICAL_SURFACE ( 'NONE', #5985, 2.499999999999995115, 1.029744258676653867 ) ;
#3701 = AXIS2_PLACEMENT_3D ( 'NONE', #2827, #4704, #3284 ) ;
#3702 = PLANE ( 'NONE',  #3701 ) ;
#3703 = EDGE_CURVE ( 'NONE', #5716, #352, #5452, .T. ) ;
#3704 = ORIENTED_EDGE ( 'NONE', *, *, #2190, .F. ) ;
#3705 = LINE ( 'NONE', #6259, #1144 ) ;
#3706 = ORIENTED_EDGE ( 'NONE', *, *, #1810, .F. ) ;
#3707 = CARTESIAN_POINT ( 'NONE',  ( 22.49999999999999645, 22.50000000000000355, -57.50000000000000000 ) ) ;
#3708 = VERTEX_POINT ( 'NONE', #4383 ) ;
#3709 = EDGE_LOOP ( 'NONE', ( #1175, #2527, #4580 ) ) ;
#3710 = CARTESIAN_POINT ( 'NONE',  ( -11.00000000000000000, -17.50000000000000000, -67.50000000000000000 ) ) ;
#3711 = VECTOR ( 'NONE', #5216, 1000.000000000000000 ) ;
#3712 = FACE_OUTER_BOUND ( 'NONE', #4994, .T. ) ;
#3713 = CARTESIAN_POINT ( 'NONE',  ( -5.049999999999999822, -10.05000000000000071, 33.99999999999999289 ) ) ;
#3714 = EDGE_CURVE ( 'NONE', #4974, #1356, #1244, .T. ) ;
#3715 = EDGE_CURVE ( 'NONE', #1391, #3518, #1763, .T. ) ;
#3716 = VERTEX_POINT ( 'NONE', #1494 ) ;
#3717 = DIRECTION ( 'NONE',  ( 0.000000000000000000, 0.000000000000000000, -1.000000000000000000 ) ) ;
#3718 = VECTOR ( 'NONE', #555, 1000.000000000000000 ) ;
#3719 = ORIENTED_EDGE ( 'NONE', *, *, #4103, .F. ) ;
#3720 = VERTEX_POINT ( 'NONE', #4503 ) ;
#3721 = EDGE_LOOP ( 'NONE', ( #3166, #2307 ) ) ;
#3722 = VECTOR ( 'NONE', #2930, 1000.000000000000000 ) ;
#3723 = DIRECTION ( 'NONE',  ( 0.000000000000000000, 0.000000000000000000, -1.000000000000000000 ) ) ;
#3724 = CARTESIAN_POINT ( 'NONE',  ( -5.000000000000000888, 10.00000000000000178, 345.0000000000000000 ) ) ;
#3725 = AXIS2_PLACEMENT_3D ( 'NONE', #2194, #107, #1671 ) ;
#3726 = DIRECTION ( 'NONE',  ( -0.000000000000000000, -0.000000000000000000, 1.000000000000000000 ) ) ;
#3727 = EDGE_CURVE ( 'NONE', #1697, #3981, #2906, .T. ) ;
#3728 = CARTESIAN_POINT ( 'NONE',  ( -7.500000000000001776, 22.50000000000000355, -59.50000000000000711 ) ) ;
#3729 = EDGE_LOOP ( 'NONE', ( #1923, #1319, #5332, #990 ) ) ;
#3730 = LINE ( 'NONE', #786, #795 ) ;
#3731 = CONICAL_SURFACE ( 'NONE', #948, 1.499999999999997780, 1.029744258676653645 ) ;
#3732 = ORIENTED_EDGE ( 'NONE', *, *, #5047, .T. ) ;
#3733 = DIRECTION ( 'NONE',  ( 1.000000000000000000, -0.000000000000000000, -0.000000000000000000 ) ) ;
#3734 = CARTESIAN_POINT ( 'NONE',  ( 12.71950000000000891, 1.836970198721030674E-16, -1.500000000000000666 ) ) ;
#3735 =( NAMED_UNIT ( * ) SI_UNIT ( $, .STERADIAN. ) SOLID_ANGLE_UNIT ( ) );
#3736 = CARTESIAN_POINT ( 'NONE',  ( 7.500000000000003553, 22.50000000000000355, -67.50000000000000000 ) ) ;
#3737 = CARTESIAN_POINT ( 'NONE',  ( 1.899999999999999911, -6.505213034913026604E-16, -2.999999999999998224 ) ) ;
#3738 = ORIENTED_EDGE ( 'NONE', *, *, #3080, .T. ) ;
#3739 = DIRECTION ( 'NONE',  ( 0.000000000000000000, 1.000000000000000000, 0.000000000000000000 ) ) ;
#3740 = LINE ( 'NONE', #1800, #3307 ) ;
#3741 = LINE ( 'NONE', #4289, #1837 ) ;
#3742 = PLANE ( 'NONE',  #2528 ) ;
#3743 = CARTESIAN_POINT ( 'NONE',  ( -12.49999999999999822, 17.50000000000000000, 67.50000000000000000 ) ) ;
#3744 = PRODUCT_DEFINITION_SHAPE ( 'NONE', 'NONE',  #6409 ) ;
#3745 = EDGE_CURVE ( 'NONE', #4817, #360, #5885, .T. ) ;
#3746 = FACE_OUTER_BOUND ( 'NONE', #1853, .T. ) ;
#3747 = ORIENTED_EDGE ( 'NONE', *, *, #4827, .F. ) ;
#3748 = DIRECTION ( 'NONE',  ( 0.000000000000000000, -0.5000000000000011102, -0.8660254037844380415 ) ) ;
#3749 = ORIENTED_EDGE ( 'NONE', *, *, #4911, .T. ) ;
#3750 = ORIENTED_EDGE ( 'NONE', *, *, #4360, .T. ) ;
#3751 = CYLINDRICAL_SURFACE ( 'NONE', #1529, 2.000000000000000000 ) ;
#3752 = LINE ( 'NONE', #5735, #5874 ) ;
#3753 = ADVANCED_FACE ( 'NONE', ( #5848 ), #5396, .T. ) ;
#3754 = EDGE_CURVE ( 'NONE', #3199, #761, #988, .T. ) ;
#3755 = CARTESIAN_POINT ( 'NONE',  ( 5.499999999999998224, 12.49999999999999467, 30.00000000000000000 ) ) ;
#3756 = DIRECTION ( 'NONE',  ( 0.000000000000000000, 0.000000000000000000, -1.000000000000000000 ) ) ;
#3757 = ORIENTED_EDGE ( 'NONE', *, *, #760, .T. ) ;
#3758 = ORIENTED_EDGE ( 'NONE', *, *, #6333, .F. ) ;
#3759 = ORIENTED_EDGE ( 'NONE', *, *, #4703, .F. ) ;
#3760 = ADVANCED_FACE ( 'NONE', ( #505 ), #3824, .F. ) ;
#3761 = DIRECTION ( 'NONE',  ( 0.000000000000000000, 0.000000000000000000, 1.000000000000000000 ) ) ;
#3762 = CYLINDRICAL_SURFACE ( 'NONE', #62, 2.500000000000002220 ) ;
#3763 = EDGE_CURVE ( 'NONE', #3716, #109, #1545, .T. ) ;
#3764 = CARTESIAN_POINT ( 'NONE',  ( 29.55500000000001748, 0.000000000000000000, 2.500000000000000888 ) ) ;
#3765 = CARTESIAN_POINT ( 'NONE',  ( -22.50000000000000000, 32.50000000000000000, 67.50000000000000000 ) ) ;
#3766 = EDGE_LOOP ( 'NONE', ( #5233, #6168 ) ) ;
#3767 = LINE ( 'NONE', #2393, #739 ) ;
#3768 = CARTESIAN_POINT ( 'NONE',  ( 4.999999999999997335, 10.00000000000000178, 30.00000000000000000 ) ) ;
#3769 = EDGE_LOOP ( 'NONE', ( #3334, #2101, #189, #176, #2198, #139 ) ) ;
#3770 = CYLINDRICAL_SURFACE ( 'NONE', #2050, 2.000000000000000000 ) ;
#3771 = FACE_OUTER_BOUND ( 'NONE', #148, .T. ) ;
#3772 = DIRECTION ( 'NONE',  ( -1.734723475976806848E-16, -0.000000000000000000, 1.000000000000000000 ) ) ;
#3773 = DIRECTION ( 'NONE',  ( 0.000000000000000000, 0.5000000000000002220, 0.8660254037844384856 ) ) ;
#3774 = EDGE_LOOP ( 'NONE', ( #5732, #340, #4252, #987 ) ) ;
#3775 = CARTESIAN_POINT ( 'NONE',  ( 1.899999999999999911, -0.8660254037844388186, 1.500000000000000222 ) ) ;
#3776 = ORIENTED_EDGE ( 'NONE', *, *, #2375, .T. ) ;
#3777 = VERTEX_POINT ( 'NONE', #33 ) ;
#3778 = DIRECTION ( 'NONE',  ( 0.000000000000000000, 0.5150380749100549327, 0.8571673007021118895 ) ) ;
#3779 = DIRECTION ( 'NONE',  ( 0.000000000000000000, 0.000000000000000000, -1.000000000000000000 ) ) ;
#3780 = CYLINDRICAL_SURFACE ( 'NONE', #3477, 1.499999999999999556 ) ;
#3781 = CARTESIAN_POINT ( 'NONE',  ( -15.00000000000000000, 22.50000000000000000, -62.49999999999998579 ) ) ;
#3782 = ADVANCED_FACE ( 'NONE', ( #2600 ), #2567, .F. ) ;
#3783 = EDGE_LOOP ( 'NONE', ( #2685, #1962, #608, #3791, #1967, #6282, #1536, #1030 ) ) ;
#3784 = ORIENTED_EDGE ( 'NONE', *, *, #4195, .F. ) ;
#3785 = AXIS2_PLACEMENT_3D ( 'NONE', #3502, #2065, #6162 ) ;
#3786 = VERTEX_POINT ( 'NONE', #6132 ) ;
#3787 = AXIS2_PLACEMENT_3D ( 'NONE', #887, #2857, #404 ) ;
#3788 = EDGE_CURVE ( 'NONE', #3480, #4764, #633, .T. ) ;
#3789 = ADVANCED_FACE ( 'NONE', ( #1666 ), #5058, .F. ) ;
#3790 = DIRECTION ( 'NONE',  ( -0.8571673007021110013, 1.049727191138617093E-16, 0.5150380749100563760 ) ) ;
#3791 = ORIENTED_EDGE ( 'NONE', *, *, #2645, .T. ) ;
#3792 = DIRECTION ( 'NONE',  ( -0.000000000000000000, -0.000000000000000000, -1.000000000000000000 ) ) ;
#3793 =( LENGTH_UNIT ( ) NAMED_UNIT ( * ) SI_UNIT ( .MILLI., .METRE. ) );
#3794 = VECTOR ( 'NONE', #5754, 1000.000000000000000 ) ;
#3795 = CARTESIAN_POINT ( 'NONE',  ( 3.000000000000003109, 2.750000000000000000, 0.000000000000000000 ) ) ;
#3796 = VECTOR ( 'NONE', #5864, 1000.000000000000000 ) ;
#3797 = DIRECTION ( 'NONE',  ( -1.000000000000000000, 0.000000000000000000, 0.000000000000000000 ) ) ;
#3798 = EDGE_CURVE ( 'NONE', #3458, #3716, #2704, .T. ) ;
#3799 = ORIENTED_EDGE ( 'NONE', *, *, #5092, .T. ) ;
#3800 = CARTESIAN_POINT ( 'NONE',  ( 5.000000000000002665, -9.999999999999998224, 345.0000000000000000 ) ) ;
#3801 = VECTOR ( 'NONE', #2331, 1000.000000000000000 ) ;
#3802 = DIRECTION ( 'NONE',  ( -1.000000000000000000, -0.000000000000000000, -0.000000000000000000 ) ) ;
#3803 = AXIS2_PLACEMENT_3D ( 'NONE', #683, #3723, #3648 ) ;
#3804 = CARTESIAN_POINT ( 'NONE',  ( 4.999999999999999112, 8.673617379884034486E-16, -5.000000000000000000 ) ) ;
#3805 = CARTESIAN_POINT ( 'NONE',  ( -7.499999999999998224, -10.50000000000000533, 0.000000000000000000 ) ) ;
#3806 = CARTESIAN_POINT ( 'NONE',  ( 4.999999999999999112, 8.673617379884034486E-16, 0.000000000000000000 ) ) ;
#3807 = CONICAL_SURFACE ( 'NONE', #3486, 1.499999999999997780, 1.029744258676653645 ) ;
#3808 = PLANE ( 'NONE',  #5036 ) ;
#3809 = VECTOR ( 'NONE', #972, 999.9999999999998863 ) ;
#3810 = ORIENTED_EDGE ( 'NONE', *, *, #2490, .F. ) ;
#3811 = CARTESIAN_POINT ( 'NONE',  ( 5.499999999999998224, 12.49999999999999467, 30.00000000000000000 ) ) ;
#3812 =( REPRESENTATION_RELATIONSHIP ('NONE','NONE', #5522, #5350 ) REPRESENTATION_RELATIONSHIP_WITH_TRANSFORMATION ( #3269 )SHAPE_REPRESENTATION_RELATIONSHIP( ) );
#3813 = ORIENTED_EDGE ( 'NONE', *, *, #2011, .T. ) ;
#3814 = AXIS2_PLACEMENT_3D ( 'NONE', #331, #4277, #6248 ) ;
#3815 = DIRECTION ( 'NONE',  ( -1.000000000000000000, 0.000000000000000000, 0.000000000000000000 ) ) ;
#3816 = DIRECTION ( 'NONE',  ( -1.000000000000000000, -0.000000000000000000, -0.000000000000000000 ) ) ;
#3817 = AXIS2_PLACEMENT_3D ( 'NONE', #5040, #5906, #530 ) ;
#3818 = DIRECTION ( 'NONE',  ( -0.000000000000000000, -0.000000000000000000, -1.000000000000000000 ) ) ;
#3819 = DIRECTION ( 'NONE',  ( -0.000000000000000000, 0.000000000000000000, 1.000000000000000000 ) ) ;
#3820 = VERTEX_POINT ( 'NONE', #6101 ) ;
#3821 = PRODUCT_DEFINITION_FORMATION_WITH_SPECIFIED_SOURCE ( 'ANY', '', #6065, .NOT_KNOWN. ) ;
#3822 = ORIENTED_EDGE ( 'NONE', *, *, #221, .F. ) ;
#3823 = ADVANCED_FACE ( 'NONE', ( #3087 ), #2188, .T. ) ;
#3824 = CONICAL_SURFACE ( 'NONE', #1046, 1.499999999999997780, 1.029744258676653645 ) ;
#3825 = CARTESIAN_POINT ( 'NONE',  ( -11.00000000000000000, -17.50000000000000000, 67.50000000000000000 ) ) ;
#3826 = DIRECTION ( 'NONE',  ( -0.000000000000000000, -1.000000000000000000, -0.000000000000000000 ) ) ;
#3827 = DIRECTION ( 'NONE',  ( -0.000000000000000000, 1.000000000000000000, -0.000000000000000000 ) ) ;
#3828 = CIRCLE ( 'NONE', #1048, 1.499999999999997780 ) ;
#3829 = EDGE_CURVE ( 'NONE', #1156, #3542, #6064, .T. ) ;
#3830 = ADVANCED_FACE ( 'NONE', ( #64 ), #2667, .F. ) ;
#3831 = DIRECTION ( 'NONE',  ( -0.000000000000000000, -0.000000000000000000, 1.000000000000000000 ) ) ;
#3832 = ORIENTED_EDGE ( 'NONE', *, *, #5210, .F. ) ;
#3833 = FACE_OUTER_BOUND ( 'NONE', #5069, .T. ) ;
#3834 = FACE_BOUND ( 'NONE', #5869, .T. ) ;
#3835 = DIRECTION ( 'NONE',  ( 0.000000000000000000, 0.000000000000000000, -1.000000000000000000 ) ) ;
#3836 = LINE ( 'NONE', #5821, #2628 ) ;
#3837 = DIRECTION ( 'NONE',  ( 1.000000000000000000, 0.000000000000000000, 0.000000000000000000 ) ) ;
#3838 = ADVANCED_FACE ( 'NONE', ( #599 ), #4077, .F. ) ;
#3839 = CARTESIAN_POINT ( 'NONE',  ( 7.500000000000000000, 32.50000000000000000, 67.50000000000000000 ) ) ;
#3840 = EDGE_LOOP ( 'NONE', ( #3851, #1196, #89, #5322 ) ) ;
#3841 = FACE_OUTER_BOUND ( 'NONE', #3364, .T. ) ;
#3842 = ORIENTED_EDGE ( 'NONE', *, *, #266, .T. ) ;
#3843 = ORIENTED_EDGE ( 'NONE', *, *, #2314, .F. ) ;
#3844 = CARTESIAN_POINT ( 'NONE',  ( 4.999999999999999112, 8.673617379884034486E-16, 0.000000000000000000 ) ) ;
#3845 = CARTESIAN_POINT ( 'NONE',  ( 15.00000000000000000, 22.50000000000000000, -62.49999999999999289 ) ) ;
#3846 = CARTESIAN_POINT ( 'NONE',  ( 10.99999999999999645, 17.49999999999999645, 30.00000000000000000 ) ) ;
#3847 = DIRECTION ( 'NONE',  ( -1.000000000000000000, 0.000000000000000000, 0.000000000000000000 ) ) ;
#3848 = ORIENTED_EDGE ( 'NONE', *, *, #3322, .F. ) ;
#3849 = CARTESIAN_POINT ( 'NONE',  ( -5.000000000000000888, 10.00000000000000178, 345.0000000000000000 ) ) ;
#3850 = VERTEX_POINT ( 'NONE', #5020 ) ;
#3851 = ORIENTED_EDGE ( 'NONE', *, *, #711, .F. ) ;
#3852 = DIRECTION ( 'NONE',  ( -0.000000000000000000, -0.000000000000000000, 1.000000000000000000 ) ) ;
#3853 = ORIENTED_EDGE ( 'NONE', *, *, #1932, .T. ) ;
#3854 = ADVANCED_FACE ( 'NONE', ( #5590 ), #3524, .F. ) ;
#3855 = PRESENTATION_STYLE_ASSIGNMENT (( #2292 ) ) ;
#3856 = DIRECTION ( 'NONE',  ( -1.000000000000000000, 0.000000000000000000, 0.000000000000000000 ) ) ;
#3857 = EDGE_LOOP ( 'NONE', ( #4933, #6359, #4755 ) ) ;
#3858 = FACE_OUTER_BOUND ( 'NONE', #4055, .T. ) ;
#3859 = EDGE_CURVE ( 'NONE', #4974, #707, #3556, .T. ) ;
#3860 = CARTESIAN_POINT ( 'NONE',  ( 1.300000000000000044, 1.478016689125442928, -1.734723475976807094E-15 ) ) ;
#3861 = EDGE_LOOP ( 'NONE', ( #2850, #6349, #1227, #4568 ) ) ;
#3862 = DIRECTION ( 'NONE',  ( -0.000000000000000000, 1.000000000000000000, -0.000000000000000000 ) ) ;
#3863 = DIRECTION ( 'NONE',  ( 0.000000000000000000, 0.000000000000000000, -1.000000000000000000 ) ) ;
#3864 = LINE ( 'NONE', #6332, #4714 ) ;
#3865 = DIRECTION ( 'NONE',  ( 0.000000000000000000, 0.000000000000000000, -1.000000000000000000 ) ) ;
#3866 = ORIENTED_EDGE ( 'NONE', *, *, #1954, .T. ) ;
#3867 = DIRECTION ( 'NONE',  ( 0.000000000000000000, -0.000000000000000000, -1.000000000000000000 ) ) ;
#3868 = EDGE_CURVE ( 'NONE', #1063, #2376, #2092, .T. ) ;
#3869 = ORIENTED_EDGE ( 'NONE', *, *, #3917, .T. ) ;
#3870 = ORIENTED_EDGE ( 'NONE', *, *, #5538, .F. ) ;
#3871 = CARTESIAN_POINT ( 'NONE',  ( -7.500000000000001776, 32.50000000000000000, 59.50000000000000711 ) ) ;
#3872 = EDGE_CURVE ( 'NONE', #2688, #979, #2154, .T. ) ;
#3873 = LINE ( 'NONE', #1416, #4948 ) ;
#3874 = DIRECTION ( 'NONE',  ( -0.000000000000000000, 1.000000000000000000, -0.000000000000000000 ) ) ;
#3875 = CARTESIAN_POINT ( 'NONE',  ( 0.000000000000000000, 0.000000000000000000, 345.0000000000000000 ) ) ;
#3876 = ORIENTED_EDGE ( 'NONE', *, *, #4893, .T. ) ;
#3877 = CARTESIAN_POINT ( 'NONE',  ( 0.000000000000000000, -12.50000000000000533, 30.00000000000000000 ) ) ;
#3878 = ORIENTED_EDGE ( 'NONE', *, *, #4248, .F. ) ;
#3879 = ORIENTED_EDGE ( 'NONE', *, *, #2934, .F. ) ;
#3880 = DIRECTION ( 'NONE',  ( -0.000000000000000000, 1.000000000000000000, -0.000000000000000000 ) ) ;
#3881 = EDGE_LOOP ( 'NONE', ( #529, #518, #2021 ) ) ;
#3882 = AXIS2_PLACEMENT_3D ( 'NONE', #1773, #4652, #5662 ) ;
#3883 = CIRCLE ( 'NONE', #3466, 1.000000000000000888 ) ;
#3884 = CARTESIAN_POINT ( 'NONE',  ( -12.50000000000000178, -17.50000000000000000, -75.50000000000001421 ) ) ;
#3885 = CARTESIAN_POINT ( 'NONE',  ( 2.499999999999992895, 0.000000000000000000, 314.9999999999999432 ) ) ;
#3886 = AXIS2_PLACEMENT_3D ( 'NONE', #5393, #5968, #4449 ) ;
#3887 = DIRECTION ( 'NONE',  ( 0.000000000000000000, 0.000000000000000000, 1.000000000000000000 ) ) ;
#3888 = EDGE_LOOP ( 'NONE', ( #5849, #849, #3600 ) ) ;
#3889 = LINE ( 'NONE', #5945, #5283 ) ;
#3890 = EDGE_LOOP ( 'NONE', ( #1786, #3957, #4846, #4125 ) ) ;
#3891 = CYLINDRICAL_SURFACE ( 'NONE', #3920, 2.499999999999995115 ) ;
#3892 = VECTOR ( 'NONE', #1480, 1000.000000000000000 ) ;
#3893 = EDGE_LOOP ( 'NONE', ( #5372, #4342, #3317, #5608 ) ) ;
#3894 = DIRECTION ( 'NONE',  ( 0.000000000000000000, 0.000000000000000000, -1.000000000000000000 ) ) ;
#3895 = LINE ( 'NONE', #5272, #1327 ) ;
#3896 = EDGE_CURVE ( 'NONE', #3422, #5289, #5090, .T. ) ;
#3897 = VECTOR ( 'NONE', #82, 1000.000000000000000 ) ;
#3898 = DIRECTION ( 'NONE',  ( 0.000000000000000000, 0.5150380749100547106, 0.8571673007021120005 ) ) ;
#3899 = VECTOR ( 'NONE', #3664, 1000.000000000000000 ) ;
#3900 = VERTEX_POINT ( 'NONE', #4600 ) ;
#3901 = CYLINDRICAL_SURFACE ( 'NONE', #4128, 1.499999999999999556 ) ;
#3902 = ORIENTED_EDGE ( 'NONE', *, *, #5191, .T. ) ;
#3903 = EDGE_LOOP ( 'NONE', ( #2611, #701, #2494, #4240, #3954, #1650, #1686, #5745, #4330, #4096, #4727, #1288, #580, #5079, #3878, #2243 ) ) ;
#3904 = FACE_OUTER_BOUND ( 'NONE', #1702, .T. ) ;
#3905 = CARTESIAN_POINT ( 'NONE',  ( 15.50000000000000000, -22.50000000000000355, 34.99999999999999289 ) ) ;
#3906 = CARTESIAN_POINT ( 'NONE',  ( 17.50000000000000000, -22.50000000000000355, 30.00000000000000000 ) ) ;
#3907 = VECTOR ( 'NONE', #4488, 1000.000000000000000 ) ;
#3908 = EDGE_CURVE ( 'NONE', #4655, #480, #3179, .T. ) ;
#3909 = ADVANCED_FACE ( 'NONE', ( #5160 ), #736, .F. ) ;
#3910 = CYLINDRICAL_SURFACE ( 'NONE', #4519, 1.000000000000000888 ) ;
#3911 = ORIENTED_EDGE ( 'NONE', *, *, #5273, .T. ) ;
#3912 = DIRECTION ( 'NONE',  ( 0.000000000000000000, 0.000000000000000000, -1.000000000000000000 ) ) ;
#3913 = TOROIDAL_SURFACE ( 'NONE', #3301, 2.700000000000001066, 0.2000000000000000111 ) ;
#3914 = ORIENTED_EDGE ( 'NONE', *, *, #5104, .T. ) ;
#3915 = ORIENTED_EDGE ( 'NONE', *, *, #1192, .F. ) ;
#3916 = CIRCLE ( 'NONE', #5051, 1.500000000000000000 ) ;
#3917 = EDGE_CURVE ( 'NONE', #3669, #300, #1761, .T. ) ;
#3918 = CARTESIAN_POINT ( 'NONE',  ( -6.049999999999999822, 11.05000000000000071, 0.000000000000000000 ) ) ;
#3919 = MECHANICAL_DESIGN_GEOMETRIC_PRESENTATION_REPRESENTATION (  '', ( #836 ), #4237 ) ;
#3920 = AXIS2_PLACEMENT_3D ( 'NONE', #507, #4504, #1528 ) ;
#3921 = DIRECTION ( 'NONE',  ( -0.6245965205100580953, -0.7809476208855038459, 2.775557561562891351E-17 ) ) ;
#3922 = EDGE_LOOP ( 'NONE', ( #6366, #2214, #4160 ) ) ;
#3923 = AXIS2_PLACEMENT_3D ( 'NONE', #3220, #5789, #5296 ) ;
#3924 = DIRECTION ( 'NONE',  ( 0.000000000000000000, 0.000000000000000000, 1.000000000000000000 ) ) ;
#3925 = ORIENTED_EDGE ( 'NONE', *, *, #5387, .F. ) ;
#3926 = CARTESIAN_POINT ( 'NONE',  ( 0.000000000000000000, 0.000000000000000000, -30.00000000000000000 ) ) ;
#3927 = CARTESIAN_POINT ( 'NONE',  ( 14.00000000000000178, -17.50000000000000000, 67.50000000000000000 ) ) ;
#3928 = AXIS2_PLACEMENT_3D ( 'NONE', #4446, #5912, #3365 ) ;
#3929 = ORIENTED_EDGE ( 'NONE', *, *, #5571, .T. ) ;
#3930 = CARTESIAN_POINT ( 'NONE',  ( 0.7250000000000105249, 5.970153145843347347E-16, -4.875000000000000000 ) ) ;
#3931 = DIRECTION ( 'NONE',  ( 1.000000000000000000, 1.387778780781445676E-16, -0.000000000000000000 ) ) ;
#3932 = LINE ( 'NONE', #4937, #710 ) ;
#3933 = ORIENTED_EDGE ( 'NONE', *, *, #1706, .F. ) ;
#3934 = CYLINDRICAL_SURFACE ( 'NONE', #5174, 1.499999999999999556 ) ;
#3935 = EDGE_LOOP ( 'NONE', ( #1154, #129, #890, #1044, #3618 ) ) ;
#3936 = DIRECTION ( 'NONE',  ( -1.000000000000000000, 0.000000000000000000, 0.000000000000000000 ) ) ;
#3937 = EDGE_CURVE ( 'NONE', #5208, #1090, #1554, .T. ) ;
#3938 = LINE ( 'NONE', #2005, #5576 ) ;
#3939 = CARTESIAN_POINT ( 'NONE',  ( 0.000000000000000000, -0.7390083445627192438, 1.280000000000000915 ) ) ;
#3940 = CARTESIAN_POINT ( 'NONE',  ( 12.50000000000000178, -17.50000000000000000, 67.50000000000000000 ) ) ;
#3941 = ORIENTED_EDGE ( 'NONE', *, *, #1183, .F. ) ;
#3942 = DIRECTION ( 'NONE',  ( 1.000000000000000000, 0.000000000000000000, 0.000000000000000000 ) ) ;
#3943 = ORIENTED_EDGE ( 'NONE', *, *, #1215, .T. ) ;
#3944 = EDGE_CURVE ( 'NONE', #4886, #5700, #6158, .T. ) ;
#3945 = ADVANCED_FACE ( 'NONE', ( #2288 ), #1301, .T. ) ;
#3946 = DIRECTION ( 'NONE',  ( -1.000000000000000000, -0.000000000000000000, -0.000000000000000000 ) ) ;
#3947 = ORIENTED_EDGE ( 'NONE', *, *, #4613, .T. ) ;
#3948 = DIRECTION ( 'NONE',  ( -1.000000000000000000, 0.000000000000000000, 0.000000000000000000 ) ) ;
#3949 = ADVANCED_FACE ( 'NONE', ( #3215, #5290 ), #4670, .F. ) ;
#3950 = ADVANCED_FACE ( 'NONE', ( #5224 ), #1719, .T. ) ;
#3951 = SURFACE_STYLE_FILL_AREA ( #834 ) ;
#3952 = ORIENTED_EDGE ( 'NONE', *, *, #61, .F. ) ;
#3953 = CARTESIAN_POINT ( 'NONE',  ( 15.00000000000001421, 22.50000000000000000, 60.00000000000000000 ) ) ;
#3954 = ORIENTED_EDGE ( 'NONE', *, *, #241, .F. ) ;
#3955 = CARTESIAN_POINT ( 'NONE',  ( 5.049999999999999822, 10.05000000000000071, 34.58578643762690064 ) ) ;
#3956 = EDGE_CURVE ( 'NONE', #5841, #5471, #5491, .T. ) ;
#3957 = ORIENTED_EDGE ( 'NONE', *, *, #2806, .F. ) ;
#3958 = CARTESIAN_POINT ( 'NONE',  ( 12.71950000000000891, 0.000000000000000000, 1.500000000000000444 ) ) ;
#3959 = CARTESIAN_POINT ( 'NONE',  ( -14.99999999999998401, 32.50000000000000000, 62.50000000000000000 ) ) ;
#3960 = DIRECTION ( 'NONE',  ( -1.000000000000000000, -0.000000000000000000, -0.000000000000000000 ) ) ;
#3961 = ORIENTED_EDGE ( 'NONE', *, *, #5786, .F. ) ;
#3962 = CARTESIAN_POINT ( 'NONE',  ( 5.049999999999999822, -10.05000000000000071, 1.000000000000000000 ) ) ;
#3963 = EDGE_LOOP ( 'NONE', ( #4941, #1710 ) ) ;
#3964 = CARTESIAN_POINT ( 'NONE',  ( 1.899999999999999911, -0.8660254037844388186, 1.500000000000000222 ) ) ;
#3965 = CYLINDRICAL_SURFACE ( 'NONE', #5362, 1.000000000000000888 ) ;
#3966 = LINE ( 'NONE', #4062, #1839 ) ;
#3967 = AXIS2_PLACEMENT_3D ( 'NONE', #4800, #4290, #5726 ) ;
#3968 = CARTESIAN_POINT ( 'NONE',  ( 1.300000000000000044, 1.478016689125442928, -1.734723475976807094E-15 ) ) ;
#3969 = EDGE_LOOP ( 'NONE', ( #2636, #3719, #5039, #2118, #4679 ) ) ;
#3970 = PLANE ( 'NONE',  #412 ) ;
#3971 = ORIENTED_EDGE ( 'NONE', *, *, #4703, .T. ) ;
#3972 = SURFACE_STYLE_USAGE ( .BOTH. , #3019 ) ;
#3973 = VERTEX_POINT ( 'NONE', #4281 ) ;
#3974 = EDGE_CURVE ( 'NONE', #370, #1309, #2754, .T. ) ;
#3975 = CARTESIAN_POINT ( 'NONE',  ( 13.99999999999999467, -17.50000000000000355, 34.99999999999999289 ) ) ;
#3976 =( BOUNDED_CURVE ( )  B_SPLINE_CURVE ( 3, ( #3713, #3226, #871, #2810 ),
 .UNSPECIFIED., .F., .T. ) 
 B_SPLINE_CURVE_WITH_KNOTS ( ( 4, 4 ),
 ( 0.000000000000000000, 1.570796326794896558 ),
 .UNSPECIFIED. ) 
 CURVE ( )  GEOMETRIC_REPRESENTATION_ITEM ( )  RATIONAL_B_SPLINE_CURVE ( ( 1.000000000000000000, 0.8047378541243649375, 0.8047378541243649375, 1.000000000000000000 ) ) 
 REPRESENTATION_ITEM ( '' )  );
#3977 = CARTESIAN_POINT ( 'NONE',  ( 0.05000000000001097317, -0.04999999999999796274, 353.9651028897483229 ) ) ;
#3978 =( NAMED_UNIT ( * ) PLANE_ANGLE_UNIT ( ) SI_UNIT ( $, .RADIAN. ) );
#3979 = EDGE_CURVE ( 'NONE', #5614, #3086, #301, .T. ) ;
#3980 = EDGE_CURVE ( 'NONE', #4394, #4170, #3214, .T. ) ;
#3981 = VERTEX_POINT ( 'NONE', #762 ) ;
#3982 = DIRECTION ( 'NONE',  ( 0.000000000000000000, -0.000000000000000000, 1.000000000000000000 ) ) ;
#3983 = CARTESIAN_POINT ( 'NONE',  ( 0.000000000000000000, 3.184081677783119670E-16, 2.450000000000002398 ) ) ;
#3984 = ORIENTED_EDGE ( 'NONE', *, *, #3896, .T. ) ;
#3985 = DIRECTION ( 'NONE',  ( 1.000000000000000000, -0.000000000000000000, -0.000000000000000000 ) ) ;
#3986 = AXIS2_PLACEMENT_3D ( 'NONE', #638, #1184, #1212 ) ;
#3987 = CARTESIAN_POINT ( 'NONE',  ( 1.899999999999999911, 0.000000000000000000, 0.000000000000000000 ) ) ;
#3988 = CIRCLE ( 'NONE', #5444, 5.000000000000000000 ) ;
#3989 = CIRCLE ( 'NONE', #5134, 1.499999999999997780 ) ;
#3990 = EDGE_CURVE ( 'NONE', #3518, #4082, #829, .T. ) ;
#3991 = DIRECTION ( 'NONE',  ( 0.000000000000000000, 0.000000000000000000, 1.000000000000000000 ) ) ;
#3992 = ORIENTED_EDGE ( 'NONE', *, *, #3715, .T. ) ;
#3993 = DIRECTION ( 'NONE',  ( 0.000000000000000000, -0.000000000000000000, -1.000000000000000000 ) ) ;
#3994 = TOROIDAL_SURFACE ( 'NONE', #4923, 2.700000000000001066, 0.2000000000000000111 ) ;
#3995 = ORIENTED_EDGE ( 'NONE', *, *, #1988, .F. ) ;
#3996 = CLOSED_SHELL ( 'NONE', ( #4181, #4351, #1463, #4626, #3782, #94, #3271, #2111, #4065, #2217, #2382, #4474, #4280, #3760, #1541, #5507, #4497, #2729, #6048, #5747, #4929, #4802, #3830, #16, #5255, #864, #29, #4110, #925, #4981, #5190, #3529, #1071, #52, #1735, #4241, #3517, #5486, #5508, #5496, #1176, #1864, #2725, #514, #1264, #3949, #3427, #3823, #5539, #2957, #3049, #1070, #5010, #4570, #5222, #282, #1265, #587, #1991, #201, #1407, #229, #101, #809, #2603, #4980, #1341, #733, #194, #5297, #4437, #4529, #1574, #5345, #4757, #6293, #2306, #2917, #3047, #2185, #3467, #3424, #2216, #5291, #1021, #4274 ) ) ;
#3997 = FACE_OUTER_BOUND ( 'NONE', #1548, .T. ) ;
#3998 = CIRCLE ( 'NONE', #5143, 2.499999999999997780 ) ;
#3999 = DIRECTION ( 'NONE',  ( -0.000000000000000000, -0.000000000000000000, -1.000000000000000000 ) ) ;
#4000 = LINE ( 'NONE', #5505, #2260 ) ;
#4001 = VECTOR ( 'NONE', #1982, 1000.000000000000000 ) ;
#4002 = AXIS2_PLACEMENT_3D ( 'NONE', #1571, #4434, #1506 ) ;
#4003 = DIRECTION ( 'NONE',  ( 1.000000000000000000, 0.000000000000000000, 0.000000000000000000 ) ) ;
#4004 = ORIENTED_EDGE ( 'NONE', *, *, #1045, .T. ) ;
#4005 = DIRECTION ( 'NONE',  ( 0.000000000000000000, 0.000000000000000000, -1.000000000000000000 ) ) ;
#4006 = ORIENTED_EDGE ( 'NONE', *, *, #4988, .F. ) ;
#4007 = VECTOR ( 'NONE', #3392, 1000.000000000000114 ) ;
#4008 = FACE_OUTER_BOUND ( 'NONE', #3840, .T. ) ;
#4009 = ORIENTED_EDGE ( 'NONE', *, *, #5934, .F. ) ;
#4010 = AXIS2_PLACEMENT_3D ( 'NONE', #1570, #2973, #5928 ) ;
#4011 = CIRCLE ( 'NONE', #1430, 1.499999999999999556 ) ;
#4012 = PLANE ( 'NONE',  #4509 ) ;
#4013 = AXIS2_PLACEMENT_3D ( 'NONE', #629, #960, #5540 ) ;
#4014 = EDGE_CURVE ( 'NONE', #4927, #2300, #1974, .T. ) ;
#4015 = SHAPE_DEFINITION_REPRESENTATION ( #6277, #1796 ) ;
#4016 = LINE ( 'NONE', #4410, #4092 ) ;
#4017 = VECTOR ( 'NONE', #1167, 1000.000000000000000 ) ;
#4018 = ORIENTED_EDGE ( 'NONE', *, *, #4103, .T. ) ;
#4019 = CARTESIAN_POINT ( 'NONE',  ( 0.000000000000000000, 3.000384657911018328E-16, 2.450000000000002398 ) ) ;
#4020 = CARTESIAN_POINT ( 'NONE',  ( 1.899999999999999911, 0.000000000000000000, 0.000000000000000000 ) ) ;
#4021 = EDGE_CURVE ( 'NONE', #4918, #2639, #334, .T. ) ;
#4022 = ORIENTED_EDGE ( 'NONE', *, *, #1612, .F. ) ;
#4023 = EDGE_CURVE ( 'NONE', #2811, #3720, #3112, .T. ) ;
#4024 = VECTOR ( 'NONE', #376, 1000.000000000000000 ) ;
#4025 = DIRECTION ( 'NONE',  ( -1.000000000000000000, -0.000000000000000000, -0.000000000000000000 ) ) ;
#4026 = DIRECTION ( 'NONE',  ( 0.8571673007021118895, 0.000000000000000000, 0.5150380749100549327 ) ) ;
#4027 = EDGE_LOOP ( 'NONE', ( #106, #3138 ) ) ;
#4028 = CARTESIAN_POINT ( 'NONE',  ( 14.00000000000000000, -17.50000000000000000, -58.70000000000000284 ) ) ;
#4029 = VECTOR ( 'NONE', #4928, 1000.000000000000000 ) ;
#4030 = EDGE_LOOP ( 'NONE', ( #4896, #5953, #3008, #2690 ) ) ;
#4031 = ORIENTED_EDGE ( 'NONE', *, *, #463, .T. ) ;
#4032 = FACE_BOUND ( 'NONE', #2755, .T. ) ;
#4033 = EDGE_CURVE ( 'NONE', #3417, #2801, #5780, .T. ) ;
#4034 = LINE ( 'NONE', #5434, #3907 ) ;
#4035 = LINE ( 'NONE', #1094, #6380 ) ;
#4036 = CIRCLE ( 'NONE', #744, 1.499999999999999556 ) ;
#4037 = DIRECTION ( 'NONE',  ( -0.000000000000000000, -0.000000000000000000, -1.000000000000000000 ) ) ;
#4038 = VERTEX_POINT ( 'NONE', #3825 ) ;
#4039 = CARTESIAN_POINT ( 'NONE',  ( 1.899999999999999911, 0.000000000000000000, 0.000000000000000000 ) ) ;
#4040 = ORIENTED_EDGE ( 'NONE', *, *, #4861, .T. ) ;
#4041 = ORIENTED_EDGE ( 'NONE', *, *, #6369, .F. ) ;
#4042 = DIRECTION ( 'NONE',  ( 0.000000000000000000, 0.000000000000000000, 1.000000000000000000 ) ) ;
#4043 = ORIENTED_EDGE ( 'NONE', *, *, #2646, .T. ) ;
#4044 = CARTESIAN_POINT ( 'NONE',  ( 5.464213562373094746, -10.46421356237309475, 1.809713602059148700E-16 ) ) ;
#4045 = FACE_OUTER_BOUND ( 'NONE', #2862, .T. ) ;
#4046 = APPLICATION_PROTOCOL_DEFINITION ( 'draft international standard', 'automotive_design', 1998, #4140 ) ;
#4047 = CARTESIAN_POINT ( 'NONE',  ( 0.000000000000000000, 1.478016689125442928, -1.734723475976807094E-15 ) ) ;
#4048 = EDGE_CURVE ( 'NONE', #1090, #5208, #1352, .T. ) ;
#4049 = VERTEX_POINT ( 'NONE', #886 ) ;
#4050 = CARTESIAN_POINT ( 'NONE',  ( 2.499999999999992895, 3.061616997868374760E-16, -314.9999999999999432 ) ) ;
#4051 = DIRECTION ( 'NONE',  ( -0.000000000000000000, -0.000000000000000000, 1.000000000000000000 ) ) ;
#4052 = DIRECTION ( 'NONE',  ( -0.000000000000000000, -0.000000000000000000, 1.000000000000000000 ) ) ;
#4053 = CARTESIAN_POINT ( 'NONE',  ( 12.50000000000000178, -17.50000000000000000, -67.50000000000000000 ) ) ;
#4054 = EDGE_CURVE ( 'NONE', #5212, #3900, #922, .T. ) ;
#4055 = EDGE_LOOP ( 'NONE', ( #1053, #4211, #58, #976 ) ) ;
#4056 = DIRECTION ( 'NONE',  ( 1.000000000000000000, 0.000000000000000000, 0.000000000000000000 ) ) ;
#4057 = ORIENTED_EDGE ( 'NONE', *, *, #4149, .T. ) ;
#4058 = ORIENTED_EDGE ( 'NONE', *, *, #2994, .F. ) ;
#4059 = FACE_BOUND ( 'NONE', #4406, .T. ) ;
#4060 = UNCERTAINTY_MEASURE_WITH_UNIT (LENGTH_MEASURE( 1.000000000000000082E-05 ), #3209, 'distance_accuracy_value', 'NONE');
#4061 = DIRECTION ( 'NONE',  ( 0.000000000000000000, 0.5000000000000002220, -0.8660254037844384856 ) ) ;
#4062 = CARTESIAN_POINT ( 'NONE',  ( -20.49999999999999645, 32.50000000000000000, 57.50000000000000000 ) ) ;
#4063 = AXIS2_PLACEMENT_3D ( 'NONE', #3884, #2924, #4891 ) ;
#4064 = CARTESIAN_POINT ( 'NONE',  ( 15.50000000000000000, 20.49999999999999645, 33.99999999999999289 ) ) ;
#4065 = ADVANCED_FACE ( 'NONE', ( #2476 ), #497, .F. ) ;
#4066 = ADVANCED_FACE ( 'NONE', ( #957 ), #3488, .F. ) ;
#4067 = EDGE_LOOP ( 'NONE', ( #6100, #3239 ) ) ;
#4068 = CARTESIAN_POINT ( 'NONE',  ( 1.300000000000000044, 0.7390083445627199099, -1.280000000000000693 ) ) ;
#4069 = EDGE_LOOP ( 'NONE', ( #5099, #4987 ) ) ;
#4070 = DIRECTION ( 'NONE',  ( -0.000000000000000000, -0.000000000000000000, -1.000000000000000000 ) ) ;
#4071 = DIRECTION ( 'NONE',  ( 1.734723475976806848E-16, 0.000000000000000000, 1.000000000000000000 ) ) ;
#4072 = CARTESIAN_POINT ( 'NONE',  ( -7.500000000000000000, 32.50000000000000000, 67.50000000000000000 ) ) ;
#4073 = EDGE_CURVE ( 'NONE', #3647, #3504, #3828, .T. ) ;
#4074 = DIRECTION ( 'NONE',  ( 0.000000000000000000, 0.5000000000000011102, 0.8660254037844380415 ) ) ;
#4075 = CARTESIAN_POINT ( 'NONE',  ( -31.74999999999995737, 0.000000000000000000, 2.750000000000000000 ) ) ;
#4076 = ORIENTED_EDGE ( 'NONE', *, *, #582, .F. ) ;
#4077 = PLANE ( 'NONE',  #4244 ) ;
#4078 = DIRECTION ( 'NONE',  ( 0.000000000000000000, -0.4999999999999993894, 0.8660254037844390407 ) ) ;
#4079 = CARTESIAN_POINT ( 'NONE',  ( -5.000000000000000888, 10.00000000000000178, -345.0000000000000000 ) ) ;
#4080 = CARTESIAN_POINT ( 'NONE',  ( -6.049999999999999822, -11.05000000000000071, 0.000000000000000000 ) ) ;
#4081 = DIRECTION ( 'NONE',  ( -1.000000000000000000, 0.000000000000000000, 0.000000000000000000 ) ) ;
#4082 = VERTEX_POINT ( 'NONE', #2 ) ;
#4083 = CYLINDRICAL_SURFACE ( 'NONE', #4546, 2.000000000000001776 ) ;
#4084 = ORIENTED_EDGE ( 'NONE', *, *, #3596, .T. ) ;
#4085 = EDGE_LOOP ( 'NONE', ( #13, #3547, #5057, #4767 ) ) ;
#4086 = CARTESIAN_POINT ( 'NONE',  ( 0.3000000000000016542, 0.000000000000000000, 0.000000000000000000 ) ) ;
#4087 = CIRCLE ( 'NONE', #3288, 2.499999999999997780 ) ;
#4088 = AXIS2_PLACEMENT_3D ( 'NONE', #2626, #3519, #2596 ) ;
#4089 = DIRECTION ( 'NONE',  ( 0.000000000000000000, 1.000000000000000000, 0.000000000000000000 ) ) ;
#4090 = LINE ( 'NONE', #5205, #4102 ) ;
#4091 = ADVANCED_FACE ( 'NONE', ( #2414 ), #5188, .F. ) ;
#4092 = VECTOR ( 'NONE', #6003, 1000.000000000000000 ) ;
#4093 = DIRECTION ( 'NONE',  ( -1.000000000000000000, 0.000000000000000000, 0.000000000000000000 ) ) ;
#4094 = ORIENTED_EDGE ( 'NONE', *, *, #1810, .T. ) ;
#4095 = LINE ( 'NONE', #4068, #1238 ) ;
#4096 = ORIENTED_EDGE ( 'NONE', *, *, #3540, .T. ) ;
#4097 = ORIENTED_EDGE ( 'NONE', *, *, #1612, .T. ) ;
#4098 = PLANE ( 'NONE',  #6283 ) ;
#4099 = CONICAL_SURFACE ( 'NONE', #4513, 1.499999999999997780, 1.029744258676653645 ) ;
#4100 = DIRECTION ( 'NONE',  ( 0.000000000000000000, 0.000000000000000000, -1.000000000000000000 ) ) ;
#4101 = EDGE_CURVE ( 'NONE', #6223, #777, #4036, .T. ) ;
#4102 = VECTOR ( 'NONE', #279, 1000.000000000000000 ) ;
#4103 = EDGE_CURVE ( 'NONE', #4657, #1198, #4377, .T. ) ;
#4104 = PRESENTATION_LAYER_ASSIGNMENT (  '', '', ( #3281 ) ) ;
#4105 = DIRECTION ( 'NONE',  ( 0.000000000000000000, 0.000000000000000000, 1.000000000000000000 ) ) ;
#4106 = CARTESIAN_POINT ( 'NONE',  ( 21.67157287525381193, 22.50000000000000355, 57.50000000000000711 ) ) ;
#4107 = AXIS2_PLACEMENT_3D ( 'NONE', #3987, #5400, #5024 ) ;
#4108 = DIRECTION ( 'NONE',  ( -1.000000000000000000, 0.000000000000000000, 0.000000000000000000 ) ) ;
#4109 = AXIS2_PLACEMENT_3D ( 'NONE', #6216, #6341, #4334 ) ;
#4110 = ADVANCED_FACE ( 'NONE', ( #5941 ), #1488, .F. ) ;
#4111 = APPLICATION_PROTOCOL_DEFINITION ( 'draft international standard', 'automotive_design', 1998, #5552 ) ;
#4112 = VECTOR ( 'NONE', #5814, 1000.000000000000000 ) ;
#4113 = ORIENTED_EDGE ( 'NONE', *, *, #5654, .T. ) ;
#4114 = CARTESIAN_POINT ( 'NONE',  ( -20.49999999999999645, 32.50000000000000000, -57.50000000000000000 ) ) ;
#4115 = CIRCLE ( 'NONE', #4738, 0.9999999999999991118 ) ;
#4116 = CARTESIAN_POINT ( 'NONE',  ( -9.500000000000001776, 32.50000000000000000, -59.50000000000000711 ) ) ;
#4117 = DIRECTION ( 'NONE',  ( 0.000000000000000000, 0.000000000000000000, 1.000000000000000000 ) ) ;
#4118 = CARTESIAN_POINT ( 'NONE',  ( -15.50000000000000178, -22.50000000000000355, 33.99999999999999289 ) ) ;
#4119 = CIRCLE ( 'NONE', #6097, 2.000000000000000000 ) ;
#4120 = ORIENTED_EDGE ( 'NONE', *, *, #1182, .T. ) ;
#4121 = CARTESIAN_POINT ( 'NONE',  ( 0.000000000000000000, 0.000000000000000000, -314.9999999999999432 ) ) ;
#4122 = ORIENTED_EDGE ( 'NONE', *, *, #1141, .F. ) ;
#4123 = CARTESIAN_POINT ( 'NONE',  ( 1.300000000000000044, -1.108512516844080587, 0.6400000000000013456 ) ) ;
#4124 = ORIENTED_EDGE ( 'NONE', *, *, #759, .F. ) ;
#4125 = ORIENTED_EDGE ( 'NONE', *, *, #1296, .T. ) ;
#4126 = DIRECTION ( 'NONE',  ( -1.000000000000000000, -0.000000000000000000, -0.000000000000000000 ) ) ;
#4127 = UNCERTAINTY_MEASURE_WITH_UNIT (LENGTH_MEASURE( 1.000000000000000082E-05 ), #792, 'distance_accuracy_value', 'NONE');
#4128 = AXIS2_PLACEMENT_3D ( 'NONE', #2030, #3416, #5463 ) ;
#4129 = CARTESIAN_POINT ( 'NONE',  ( 1.899999999999999911, -0.8660254037844387076, -1.500000000000000000 ) ) ;
#4130 = CARTESIAN_POINT ( 'NONE',  ( -7.500000000000000000, 32.50000000000000000, 67.50000000000000000 ) ) ;
#4131 = AXIS2_PLACEMENT_3D ( 'NONE', #5918, #2996, #3434 ) ;
#4132 = DIRECTION ( 'NONE',  ( -0.000000000000000000, -0.000000000000000000, 1.000000000000000000 ) ) ;
#4133 = ORIENTED_EDGE ( 'NONE', *, *, #5770, .F. ) ;
#4134 = DIRECTION ( 'NONE',  ( 0.000000000000000000, -1.000000000000000000, 1.173683280263405955E-15 ) ) ;
#4135 = EDGE_CURVE ( 'NONE', #4170, #4394, #1, .T. ) ;
#4136 = ORIENTED_EDGE ( 'NONE', *, *, #3117, .T. ) ;
#4137 = LINE ( 'NONE', #1231, #5156 ) ;
#4138 = AXIS2_PLACEMENT_3D ( 'NONE', #4216, #2318, #2730 ) ;
#4139 = CYLINDRICAL_SURFACE ( 'NONE', #2969, 1.000000000000000888 ) ;
#4140 = APPLICATION_CONTEXT ( 'automotive_design' ) ;
#4141 = DIRECTION ( 'NONE',  ( 0.8571673007021118895, 0.000000000000000000, 0.5150380749100549327 ) ) ;
#4142 = DIRECTION ( 'NONE',  ( -0.000000000000000000, -0.000000000000000000, 1.000000000000000000 ) ) ;
#4143 = EDGE_CURVE ( 'NONE', #5841, #1162, #981, .T. ) ;
#4144 = EDGE_CURVE ( 'NONE', #73, #3005, #1662, .T. ) ;
#4145 = LINE ( 'NONE', #4499, #2451 ) ;
#4146 = EDGE_LOOP ( 'NONE', ( #4113, #5286, #542, #5635, #1933, #4393 ) ) ;
#4147 = ITEM_DEFINED_TRANSFORMATION ( 'NONE', 'NONE', #4376,  #1582 ) ;
#4148 = ORIENTED_EDGE ( 'NONE', *, *, #632, .F. ) ;
#4149 = EDGE_CURVE ( 'NONE', #5652, #858, #5964, .T. ) ;
#4150 = EDGE_CURVE ( 'NONE', #6387, #943, #3883, .T. ) ;
#4151 = DIRECTION ( 'NONE',  ( -0.000000000000000000, 1.000000000000000000, -0.000000000000000000 ) ) ;
#4152 = LINE ( 'NONE', #6133, #2662 ) ;
#4153 = CARTESIAN_POINT ( 'NONE',  ( 7.500000000000000000, 32.50000000000000000, 67.50000000000000000 ) ) ;
#4154 = CARTESIAN_POINT ( 'NONE',  ( 0.000000000000000000, 21.49999999999999645, 34.99999999999999289 ) ) ;
#4155 = ORIENTED_EDGE ( 'NONE', *, *, #6324, .T. ) ;
#4156 = DIRECTION ( 'NONE',  ( 0.000000000000000000, 0.000000000000000000, -1.000000000000000000 ) ) ;
#4157 = EDGE_CURVE ( 'NONE', #3415, #5417, #3685, .T. ) ;
#4158 = ORIENTED_EDGE ( 'NONE', *, *, #3714, .T. ) ;
#4159 = CARTESIAN_POINT ( 'NONE',  ( 1.899999999999999911, 1.877893248421449775E-16, 1.500000000000000000 ) ) ;
#4160 = ORIENTED_EDGE ( 'NONE', *, *, #6130, .T. ) ;
#4161 = VERTEX_POINT ( 'NONE', #3918 ) ;
#4162 = LINE ( 'NONE', #5697, #1029 ) ;
#4163 = ORIENTED_EDGE ( 'NONE', *, *, #6397, .T. ) ;
#4164 = ORIENTED_EDGE ( 'NONE', *, *, #1575, .F. ) ;
#4165 = DIRECTION ( 'NONE',  ( -0.000000000000000000, -0.000000000000000000, -1.000000000000000000 ) ) ;
#4166 = CARTESIAN_POINT ( 'NONE',  ( 0.000000000000000000, -0.7390083445627219083, -1.279999999999998916 ) ) ;
#4167 = CARTESIAN_POINT ( 'NONE',  ( -0.000000000000000000, 12.49999999999999467, 0.000000000000000000 ) ) ;
#4168 = ORIENTED_EDGE ( 'NONE', *, *, #3238, .T. ) ;
#4169 = DIRECTION ( 'NONE',  ( 0.000000000000000000, -1.000000000000000000, 1.251928832280966188E-16 ) ) ;
#4170 = VERTEX_POINT ( 'NONE', #2950 ) ;
#4171 = ORIENTED_EDGE ( 'NONE', *, *, #316, .F. ) ;
#4172 = EDGE_LOOP ( 'NONE', ( #3275, #4969, #5847, #4999 ) ) ;
#4173 = FACE_OUTER_BOUND ( 'NONE', #4420, .T. ) ;
#4174 = CARTESIAN_POINT ( 'NONE',  ( 10.99999999999999645, -17.50000000000000355, 34.99999999999999289 ) ) ;
#4175 = DIRECTION ( 'NONE',  ( -0.8571673007021132218, 1.049727191138619805E-16, 0.5150380749100526012 ) ) ;
#4176 = LINE ( 'NONE', #6154, #2989 ) ;
#4177 = AXIS2_PLACEMENT_3D ( 'NONE', #4970, #4388, #3894 ) ;
#4178 = ORIENTED_EDGE ( 'NONE', *, *, #4856, .F. ) ;
#4179 = CARTESIAN_POINT ( 'NONE',  ( -12.49999999999999822, 17.50000000000000000, -58.70000000000000284 ) ) ;
#4180 = EDGE_LOOP ( 'NONE', ( #5776, #1354, #2467, #155 ) ) ;
#4181 = ADVANCED_FACE ( 'NONE', ( #4959 ), #1013, .F. ) ;
#4182 = DIRECTION ( 'NONE',  ( 1.000000000000000000, 0.000000000000000000, 0.000000000000000000 ) ) ;
#4183 = DIRECTION ( 'NONE',  ( 1.000000000000000000, 0.000000000000000000, 0.000000000000000000 ) ) ;
#4184 = LINE ( 'NONE', #4154, #4507 ) ;
#4185 = EDGE_CURVE ( 'NONE', #3627, #4170, #1518, .T. ) ;
#4186 = EDGE_CURVE ( 'NONE', #4427, #4872, #55, .T. ) ;
#4187 = FACE_OUTER_BOUND ( 'NONE', #2828, .T. ) ;
#4188 = ORIENTED_EDGE ( 'NONE', *, *, #3623, .T. ) ;
#4189 = CARTESIAN_POINT ( 'NONE',  ( -12.49999999999999822, 17.50000000000000000, 67.50000000000000000 ) ) ;
#4190 = EDGE_LOOP ( 'NONE', ( #3071, #1525, #6355 ) ) ;
#4191 = FACE_BOUND ( 'NONE', #4069, .T. ) ;
#4192 = PRODUCT_RELATED_PRODUCT_CATEGORY ( 'part', '', ( #6065 ) ) ;
#4193 = DIRECTION ( 'NONE',  ( -0.000000000000000000, -0.000000000000000000, 1.000000000000000000 ) ) ;
#4194 = DIRECTION ( 'NONE',  ( -1.301042606982605321E-16, 1.000000000000000000, 0.000000000000000000 ) ) ;
#4195 = EDGE_CURVE ( 'NONE', #3573, #2441, #4346, .T. ) ;
#4196 = DIRECTION ( 'NONE',  ( -1.000000000000000000, -0.000000000000000000, -0.000000000000000000 ) ) ;
#4197 = ORIENTED_EDGE ( 'NONE', *, *, #6245, .F. ) ;
#4198 = CARTESIAN_POINT ( 'NONE',  ( 0.000000000000000000, 0.000000000000000000, -314.9999999999999432 ) ) ;
#4199 = VERTEX_POINT ( 'NONE', #2088 ) ;
#4200 = CIRCLE ( 'NONE', #4307, 2.500000000000002220 ) ;
#4201 = LINE ( 'NONE', #1200, #3082 ) ;
#4202 = FACE_OUTER_BOUND ( 'NONE', #6166, .T. ) ;
#4203 = STYLED_ITEM ( 'NONE', ( #31 ), #1085 ) ;
#4204 = VECTOR ( 'NONE', #1204, 1000.000000000000000 ) ;
#4205 = VECTOR ( 'NONE', #6066, 1000.000000000000000 ) ;
#4206 = PRODUCT_DEFINITION_SHAPE ( 'NONE', 'NONE',  #6403 ) ;
#4207 = CARTESIAN_POINT ( 'NONE',  ( 22.50000000000000000, 20.50000000000000355, 59.50000000000000711 ) ) ;
#4208 = ORIENTED_EDGE ( 'NONE', *, *, #4014, .F. ) ;
#4209 = LINE ( 'NONE', #5679, #3170 ) ;
#4210 = VECTOR ( 'NONE', #4245, 1000.000000000000000 ) ;
#4211 = ORIENTED_EDGE ( 'NONE', *, *, #4378, .T. ) ;
#4212 = STYLED_ITEM ( 'NONE', ( #2181 ), #5418 ) ;
#4213 = CIRCLE ( 'NONE', #6183, 2.499999999999992895 ) ;
#4214 = AXIS2_PLACEMENT_3D ( 'NONE', #749, #2681, #4612 ) ;
#4215 =( GEOMETRIC_REPRESENTATION_CONTEXT ( 3 ) GLOBAL_UNCERTAINTY_ASSIGNED_CONTEXT ( ( #5032 ) ) GLOBAL_UNIT_ASSIGNED_CONTEXT ( ( #3337, #1262, #1711 ) ) REPRESENTATION_CONTEXT ( 'NONE', 'WORKASPACE' ) );
#4216 = CARTESIAN_POINT ( 'NONE',  ( 12.50000000000000178, -17.50000000000000000, 67.50000000000000000 ) ) ;
#4217 = VERTEX_POINT ( 'NONE', #5117 ) ;
#4218 = EDGE_CURVE ( 'NONE', #2579, #3199, #3368, .T. ) ;
#4219 = CARTESIAN_POINT ( 'NONE',  ( 11.00000000000000355, -17.50000000000000000, 67.50000000000000000 ) ) ;
#4220 = AXIS2_PLACEMENT_3D ( 'NONE', #5168, #3530, #2543 ) ;
#4221 = DIRECTION ( 'NONE',  ( 0.000000000000000000, 0.000000000000000000, 1.000000000000000000 ) ) ;
#4222 = CONICAL_SURFACE ( 'NONE', #4530, 2.499999999999995115, 1.029744258676651869 ) ;
#4223 = FACE_OUTER_BOUND ( 'NONE', #3969, .T. ) ;
#4224 = ORIENTED_EDGE ( 'NONE', *, *, #6131, .T. ) ;
#4225 = DIRECTION ( 'NONE',  ( 1.000000000000000000, 0.000000000000000000, 0.000000000000000000 ) ) ;
#4226 = EDGE_CURVE ( 'NONE', #389, #3900, #5242, .T. ) ;
#4227 = PLANE ( 'NONE',  #2175 ) ;
#4228 = EDGE_CURVE ( 'NONE', #3139, #1446, #3653, .T. ) ;
#4229 = ORIENTED_EDGE ( 'NONE', *, *, #4810, .T. ) ;
#4230 = CARTESIAN_POINT ( 'NONE',  ( -20.49999999999999645, 32.50000000000000000, -59.50000000000000711 ) ) ;
#4231 = DIRECTION ( 'NONE',  ( -1.000000000000000000, -0.000000000000000000, -0.000000000000000000 ) ) ;
#4232 = FACE_OUTER_BOUND ( 'NONE', #779, .T. ) ;
#4233 = CARTESIAN_POINT ( 'NONE',  ( 0.000000000000000000, 0.000000000000000000, 0.000000000000000000 ) ) ;
#4234 = CIRCLE ( 'NONE', #1135, 2.000000000000001776 ) ;
#4235 = EDGE_LOOP ( 'NONE', ( #3059, #5512, #5309, #745 ) ) ;
#4236 = LINE ( 'NONE', #2333, #1863 ) ;
#4237 =( GEOMETRIC_REPRESENTATION_CONTEXT ( 3 ) GLOBAL_UNCERTAINTY_ASSIGNED_CONTEXT ( ( #1601 ) ) GLOBAL_UNIT_ASSIGNED_CONTEXT ( ( #941, #4906, #1447 ) ) REPRESENTATION_CONTEXT ( 'NONE', 'WORKASPACE' ) );
#4238 = ORIENTED_EDGE ( 'NONE', *, *, #1622, .F. ) ;
#4239 = VERTEX_POINT ( 'NONE', #1617 ) ;
#4240 = ORIENTED_EDGE ( 'NONE', *, *, #1622, .T. ) ;
#4241 = ADVANCED_FACE ( 'NONE', ( #630 ), #4012, .F. ) ;
#4242 = FACE_OUTER_BOUND ( 'NONE', #420, .T. ) ;
#4243 = CARTESIAN_POINT ( 'NONE',  ( -11.00000000000000000, -17.50000000000000000, -67.50000000000000000 ) ) ;
#4244 = AXIS2_PLACEMENT_3D ( 'NONE', #99, #3659, #1627 ) ;
#4245 = DIRECTION ( 'NONE',  ( -0.000000000000000000, -0.000000000000000000, 1.000000000000000000 ) ) ;
#4246 = DIRECTION ( 'NONE',  ( 0.000000000000000000, 1.000000000000000000, 0.000000000000000000 ) ) ;
#4247 = ORIENTED_EDGE ( 'NONE', *, *, #4734, .F. ) ;
#4248 = EDGE_CURVE ( 'NONE', #2639, #2532, #6001, .T. ) ;
#4249 = EDGE_LOOP ( 'NONE', ( #5492, #2708, #4286, #3371, #2428 ) ) ;
#4250 = DIRECTION ( 'NONE',  ( 0.000000000000000000, 0.000000000000000000, -1.000000000000000000 ) ) ;
#4251 = VECTOR ( 'NONE', #5744, 1000.000000000000000 ) ;
#4252 = ORIENTED_EDGE ( 'NONE', *, *, #4248, .T. ) ;
#4253 = DIRECTION ( 'NONE',  ( -1.000000000000000000, 0.000000000000000000, 0.000000000000000000 ) ) ;
#4254 = LINE ( 'NONE', #4282, #3370 ) ;
#4255 = CARTESIAN_POINT ( 'NONE',  ( 22.50000000000000000, -22.50000000000000000, -59.50000000000000000 ) ) ;
#4256 = LINE ( 'NONE', #2322, #4112 ) ;
#4257 = ORIENTED_EDGE ( 'NONE', *, *, #3763, .F. ) ;
#4258 = CARTESIAN_POINT ( 'NONE',  ( -14.00000000000000533, -17.50000000000000355, 30.00000000000000000 ) ) ;
#4259 = CARTESIAN_POINT ( 'NONE',  ( 15.00000000000000000, 32.50000000000000000, -62.49999999999999289 ) ) ;
#4260 = EDGE_LOOP ( 'NONE', ( #4900, #1987, #6307, #5650 ) ) ;
#4261 = DIRECTION ( 'NONE',  ( -0.000000000000000000, -1.000000000000000000, -0.000000000000000000 ) ) ;
#4262 = DIRECTION ( 'NONE',  ( -1.000000000000000000, -0.000000000000000000, -0.000000000000000000 ) ) ;
#4263 = CARTESIAN_POINT ( 'NONE',  ( 6.049999999999999822, -10.05000000000000071, 34.99999999999999289 ) ) ;
#4264 = PRODUCT_DEFINITION_SHAPE ( 'NONE', 'NONE',  #1618 ) ;
#4265 = ADVANCED_FACE ( 'NONE', ( #4045 ), #1614, .T. ) ;
#4266 = CARTESIAN_POINT ( 'NONE',  ( 7.500000000000000000, 32.50000000000000000, -67.50000000000000000 ) ) ;
#4267 = VERTEX_POINT ( 'NONE', #2659 ) ;
#4268 = CARTESIAN_POINT ( 'NONE',  ( 9.500000000000001776, 22.50000000000000355, -59.50000000000000711 ) ) ;
#4269 = APPLICATION_CONTEXT ( 'automotive_design' ) ;
#4270 = VERTEX_POINT ( 'NONE', #3048 ) ;
#4271 = ORIENTED_EDGE ( 'NONE', *, *, #3506, .F. ) ;
#4272 = FACE_BOUND ( 'NONE', #5402, .T. ) ;
#4273 = CARTESIAN_POINT ( 'NONE',  ( 13.99999999999999467, 17.49999999999999645, 34.99999999999999289 ) ) ;
#4274 = ADVANCED_FACE ( 'NONE', ( #1585 ), #5050, .F. ) ;
#4275 = EDGE_CURVE ( 'NONE', #2003, #4527, #4145, .T. ) ;
#4276 = DIRECTION ( 'NONE',  ( -1.000000000000000000, -0.000000000000000000, -0.000000000000000000 ) ) ;
#4277 = DIRECTION ( 'NONE',  ( -1.000000000000000000, -0.000000000000000000, -0.000000000000000000 ) ) ;
#4278 = ORIENTED_EDGE ( 'NONE', *, *, #5055, .T. ) ;
#4279 = ORIENTED_EDGE ( 'NONE', *, *, #3633, .F. ) ;
#4280 = ADVANCED_FACE ( 'NONE', ( #5086 ), #1555, .F. ) ;
#4281 = CARTESIAN_POINT ( 'NONE',  ( -22.50000000000000000, -20.49999999999999645, 67.50000000000000000 ) ) ;
#4282 = CARTESIAN_POINT ( 'NONE',  ( -7.500000000000001776, 14.50000000000000178, -67.50000000000000000 ) ) ;
#4283 = ADVANCED_BREP_SHAPE_REPRESENTATION ( '', ( #5418, #1582 ), #2114 ) ;
#4284 = SURFACE_SIDE_STYLE ('',( #2799 ) ) ;
#4285 = DIRECTION ( 'NONE',  ( -1.000000000000000000, 0.000000000000000000, -0.000000000000000000 ) ) ;
#4286 = ORIENTED_EDGE ( 'NONE', *, *, #3672, .T. ) ;
#4287 = CARTESIAN_POINT ( 'NONE',  ( 5.000000000000000888, -9.999999999999998224, 30.00000000000000000 ) ) ;
#4288 = DIRECTION ( 'NONE',  ( -0.000000000000000000, -0.000000000000000000, 1.000000000000000000 ) ) ;
#4289 = CARTESIAN_POINT ( 'NONE',  ( -5.049999999999999822, -10.05000000000000071, 1.000000000000000888 ) ) ;
#4290 = DIRECTION ( 'NONE',  ( -0.000000000000000000, -0.000000000000000000, 1.000000000000000000 ) ) ;
#4291 = DIRECTION ( 'NONE',  ( 1.000000000000000000, -0.000000000000000000, -0.000000000000000000 ) ) ;
#4292 = CARTESIAN_POINT ( 'NONE',  ( 13.99999999999999467, 17.49999999999999645, 30.00000000000000000 ) ) ;
#4293 = ORIENTED_EDGE ( 'NONE', *, *, #2507, .T. ) ;
#4294 = CARTESIAN_POINT ( 'NONE',  ( 4.999999999999999112, 8.673617379884034486E-16, -2.499999999999998224 ) ) ;
#4295 = ORIENTED_EDGE ( 'NONE', *, *, #4548, .F. ) ;
#4296 = VERTEX_POINT ( 'NONE', #4596 ) ;
#4297 = EDGE_CURVE ( 'NONE', #4655, #6199, #5763, .T. ) ;
#4298 = LINE ( 'NONE', #3330, #2371 ) ;
#4299 = CYLINDRICAL_SURFACE ( 'NONE', #2664, 2.000000000000001776 ) ;
#4300 = CARTESIAN_POINT ( 'NONE',  ( 3.000000000000004441, 0.000000000000000000, -1.600000000000000311 ) ) ;
#4301 = FACE_OUTER_BOUND ( 'NONE', #5704, .T. ) ;
#4302 = ORIENTED_EDGE ( 'NONE', *, *, #993, .F. ) ;
#4303 = EDGE_CURVE ( 'NONE', #524, #6149, #6094, .T. ) ;
#4304 = EDGE_CURVE ( 'NONE', #3777, #2012, #4200, .T. ) ;
#4305 = CONICAL_SURFACE ( 'NONE', #1630, 1.500000000000000000, 1.047197551196592746 ) ;
#4306 = VERTEX_POINT ( 'NONE', #4565 ) ;
#4307 = AXIS2_PLACEMENT_3D ( 'NONE', #4630, #3081, #1106 ) ;
#4308 = CIRCLE ( 'NONE', #5875, 2.499999999999995115 ) ;
#4309 = PRESENTATION_LAYER_ASSIGNMENT (  '', '', ( #3174 ) ) ;
#4310 = CIRCLE ( 'NONE', #3473, 2.499999999999998668 ) ;
#4311 = CARTESIAN_POINT ( 'NONE',  ( 6.049999999999999822, -11.05000000000000071, 34.99999999999999289 ) ) ;
#4312 = PRODUCT_DEFINITION_SHAPE ( 'NONE', 'NONE',  #2652 ) ;
#4313 = DIRECTION ( 'NONE',  ( 1.000000000000000000, -0.000000000000000000, 0.000000000000000000 ) ) ;
#4314 = EDGE_CURVE ( 'NONE', #4049, #707, #53, .T. ) ;
#4315 = CONICAL_SURFACE ( 'NONE', #5147, 2.499999999999995115, 1.029744258676653867 ) ;
#4316 = CARTESIAN_POINT ( 'NONE',  ( -7.500000000000001776, 12.50000000000000178, 67.50000000000000000 ) ) ;
#4317 = DIRECTION ( 'NONE',  ( 1.000000000000000000, 0.000000000000000000, 0.000000000000000000 ) ) ;
#4318 = VERTEX_POINT ( 'NONE', #4533 ) ;
#4319 = FACE_OUTER_BOUND ( 'NONE', #6251, .T. ) ;
#4320 = AXIS2_PLACEMENT_3D ( 'NONE', #545, #2028, #939 ) ;
#4321 = ORIENTED_EDGE ( 'NONE', *, *, #4144, .T. ) ;
#4322 = DIRECTION ( 'NONE',  ( 0.8571673007021118895, 0.000000000000000000, 0.5150380749100549327 ) ) ;
#4323 = COLOUR_RGB ( '',0.7921568627450980005, 0.8196078431372548767, 0.9333333333333333481 ) ;
#4324 = CARTESIAN_POINT ( 'NONE',  ( 0.000000000000000000, 0.000000000000000000, -2.450000000000002398 ) ) ;
#4325 = CARTESIAN_POINT ( 'NONE',  ( 0.000000000000000000, 0.000000000000000000, 2.500000000000000888 ) ) ;
#4326 = CARTESIAN_POINT ( 'NONE',  ( 1.899999999999999911, -1.299038105676658450, -0.7500000000000005551 ) ) ;
#4327 = CIRCLE ( 'NONE', #1527, 1.000000000000000888 ) ;
#4328 = FACE_OUTER_BOUND ( 'NONE', #1558, .T. ) ;
#4329 = AXIS2_PLACEMENT_3D ( 'NONE', #4785, #5311, #1845 ) ;
#4330 = ORIENTED_EDGE ( 'NONE', *, *, #1451, .F. ) ;
#4331 = CARTESIAN_POINT ( 'NONE',  ( 17.50000000000000000, 20.49999999999997868, 30.00000000000000000 ) ) ;
#4332 = ORIENTED_EDGE ( 'NONE', *, *, #4549, .T. ) ;
#4333 = VECTOR ( 'NONE', #1914, 1000.000000000000000 ) ;
#4334 = DIRECTION ( 'NONE',  ( 0.000000000000000000, 0.000000000000000000, 1.000000000000000000 ) ) ;
#4335 = CARTESIAN_POINT ( 'NONE',  ( -7.500000000000000000, 22.50000000000000355, 67.50000000000000000 ) ) ;
#4336 = CIRCLE ( 'NONE', #5166, 2.000000000000001776 ) ;
#4337 = CARTESIAN_POINT ( 'NONE',  ( 22.49999999999999645, 22.50000000000000355, 57.50000000000000000 ) ) ;
#4338 = ADVANCED_FACE ( 'NONE', ( #6127 ), #3625, .T. ) ;
#4339 = ORIENTED_EDGE ( 'NONE', *, *, #6160, .F. ) ;
#4340 = CARTESIAN_POINT ( 'NONE',  ( 0.000000000000000000, 32.50000000000000000, 0.000000000000000000 ) ) ;
#4341 = ORIENTED_EDGE ( 'NONE', *, *, #2951, .F. ) ;
#4342 = ORIENTED_EDGE ( 'NONE', *, *, #2696, .T. ) ;
#4343 = EDGE_CURVE ( 'NONE', #5637, #6013, #692, .T. ) ;
#4344 = EDGE_CURVE ( 'NONE', #3298, #1851, #258, .T. ) ;
#4345 = AXIS2_PLACEMENT_3D ( 'NONE', #369, #2735, #2354 ) ;
#4346 = LINE ( 'NONE', #93, #3567 ) ;
#4347 = ORIENTED_EDGE ( 'NONE', *, *, #4228, .T. ) ;
#4348 = AXIS2_PLACEMENT_3D ( 'NONE', #5196, #262, #5717 ) ;
#4349 = DIRECTION ( 'NONE',  ( 0.000000000000000000, 0.000000000000000000, -1.000000000000000000 ) ) ;
#4350 = EDGE_CURVE ( 'NONE', #4082, #2447, #4819, .T. ) ;
#4351 = ADVANCED_FACE ( 'NONE', ( #298 ), #488, .F. ) ;
#4352 = CARTESIAN_POINT ( 'NONE',  ( -12.49999999999999822, -17.50000000000000000, -58.70000000000000284 ) ) ;
#4353 = ORIENTED_EDGE ( 'NONE', *, *, #5777, .T. ) ;
#4354 = DIRECTION ( 'NONE',  ( -3.469446951953613696E-16, 0.000000000000000000, -1.000000000000000000 ) ) ;
#4355 = EDGE_LOOP ( 'NONE', ( #5167, #5656, #2153, #3531 ) ) ;
#4356 = DIRECTION ( 'NONE',  ( -0.000000000000000000, -0.000000000000000000, 1.000000000000000000 ) ) ;
#4357 = CARTESIAN_POINT ( 'NONE',  ( -12.49999999999999822, -17.50000000000000000, 67.50000000000000000 ) ) ;
#4358 = PLANE ( 'NONE',  #4792 ) ;
#4359 = CARTESIAN_POINT ( 'NONE',  ( 7.500000000000001776, 22.50000000000000355, 59.50000000000000711 ) ) ;
#4360 = EDGE_CURVE ( 'NONE', #2954, #4991, #5219, .T. ) ;
#4361 = CARTESIAN_POINT ( 'NONE',  ( 22.50000000000000000, 32.50000000000000000, -67.50000000000000000 ) ) ;
#4362 = VERTEX_POINT ( 'NONE', #4665 ) ;
#4363 = CARTESIAN_POINT ( 'NONE',  ( 15.00000000000001243, 20.99784845243109999, 62.49999999999999289 ) ) ;
#4364 = ORIENTED_EDGE ( 'NONE', *, *, #3207, .F. ) ;
#4365 = ORIENTED_EDGE ( 'NONE', *, *, #1226, .F. ) ;
#4366 = DIRECTION ( 'NONE',  ( -0.000000000000000000, -0.000000000000000000, 1.000000000000000000 ) ) ;
#4367 = CARTESIAN_POINT ( 'NONE',  ( 20.49999999999999645, 32.50000000000000000, -57.50000000000000000 ) ) ;
#4368 = DIRECTION ( 'NONE',  ( 0.000000000000000000, -1.000000000000000000, 0.000000000000000000 ) ) ;
#4369 = ADVANCED_BREP_SHAPE_REPRESENTATION ( '', ( #1050, #1582 ), #455 ) ;
#4370 = DIRECTION ( 'NONE',  ( 0.000000000000000000, 1.000000000000000000, -1.173683280263405955E-15 ) ) ;
#4371 = ORIENTED_EDGE ( 'NONE', *, *, #5620, .F. ) ;
#4372 = CARTESIAN_POINT ( 'NONE',  ( 1.899999999999999911, -6.505213034913026604E-16, -2.999999999999998224 ) ) ;
#4373 = EDGE_LOOP ( 'NONE', ( #4022, #5555, #2607, #4645 ) ) ;
#4374 = ORIENTED_EDGE ( 'NONE', *, *, #2586, .F. ) ;
#4375 = VERTEX_POINT ( 'NONE', #2750 ) ;
#4376 = AXIS2_PLACEMENT_3D ( 'NONE', #3366, #5392, #498 ) ;
#4377 = LINE ( 'NONE', #5442, #2399 ) ;
#4378 = EDGE_CURVE ( 'NONE', #300, #1894, #3730, .T. ) ;
#4379 = DIRECTION ( 'NONE',  ( 2.775557561562891351E-17, 0.000000000000000000, -1.000000000000000000 ) ) ;
#4380 = CYLINDRICAL_SURFACE ( 'NONE', #4412, 2.500000000000000888 ) ;
#4381 = DIRECTION ( 'NONE',  ( 1.000000000000000000, -0.000000000000000000, -0.000000000000000000 ) ) ;
#4382 = EDGE_LOOP ( 'NONE', ( #5441, #2045, #4684, #3971 ) ) ;
#4383 = CARTESIAN_POINT ( 'NONE',  ( -22.50000000000000000, 32.50000000000000000, 67.50000000000000000 ) ) ;
#4384 = CARTESIAN_POINT ( 'NONE',  ( 7.500000000000000000, 32.50000000000000000, -67.50000000000000000 ) ) ;
#4385 = EDGE_CURVE ( 'NONE', #5089, #3383, #5155, .T. ) ;
#4386 = VERTEX_POINT ( 'NONE', #6155 ) ;
#4387 = EDGE_CURVE ( 'NONE', #979, #318, #2245, .T. ) ;
#4388 = DIRECTION ( 'NONE',  ( 1.000000000000000000, 0.000000000000000000, 0.000000000000000000 ) ) ;
#4389 = FACE_OUTER_BOUND ( 'NONE', #787, .T. ) ;
#4390 = CARTESIAN_POINT ( 'NONE',  ( -31.74999999999995737, 0.000000000000000000, 1.500000000000000222 ) ) ;
#4391 = ORIENTED_EDGE ( 'NONE', *, *, #2381, .F. ) ;
#4392 = CARTESIAN_POINT ( 'NONE',  ( 30.00000000000000000, 2.516649172247811061E-16, -2.055000000000000160 ) ) ;
#4393 = ORIENTED_EDGE ( 'NONE', *, *, #5179, .T. ) ;
#4394 = VERTEX_POINT ( 'NONE', #6368 ) ;
#4395 = DIRECTION ( 'NONE',  ( 0.000000000000000000, 0.000000000000000000, 1.000000000000000000 ) ) ;
#4396 = EDGE_CURVE ( 'NONE', #2525, #396, #4408, .T. ) ;
#4397 = PLANE ( 'NONE',  #723 ) ;
#4398 = LINE ( 'NONE', #3906, #6274 ) ;
#4399 = CARTESIAN_POINT ( 'NONE',  ( 7.499999999999998224, 12.50000000000000178, -65.50000000000000000 ) ) ;
#4400 = ORIENTED_EDGE ( 'NONE', *, *, #2460, .F. ) ;
#4401 = DIRECTION ( 'NONE',  ( 0.000000000000000000, -1.000000000000000000, -0.000000000000000000 ) ) ;
#4402 = ORIENTED_EDGE ( 'NONE', *, *, #4894, .T. ) ;
#4403 =( BOUNDED_CURVE ( )  B_SPLINE_CURVE ( 3, ( #3497, #1995, #3955, #1495 ),
 .UNSPECIFIED., .F., .T. ) 
 B_SPLINE_CURVE_WITH_KNOTS ( ( 4, 4 ),
 ( 4.712388980384689674, 6.283185307179586232 ),
 .UNSPECIFIED. ) 
 CURVE ( )  GEOMETRIC_REPRESENTATION_ITEM ( )  RATIONAL_B_SPLINE_CURVE ( ( 1.000000000000000000, 0.8047378541243649375, 0.8047378541243649375, 1.000000000000000000 ) ) 
 REPRESENTATION_ITEM ( '' )  );
#4404 = ORIENTED_EDGE ( 'NONE', *, *, #535, .T. ) ;
#4405 = DIRECTION ( 'NONE',  ( 0.000000000000000000, 0.000000000000000000, -1.000000000000000000 ) ) ;
#4406 = EDGE_LOOP ( 'NONE', ( #3099, #3704 ) ) ;
#4407 = AXIS2_PLACEMENT_3D ( 'NONE', #5822, #321, #3378 ) ;
#4408 = CIRCLE ( 'NONE', #4920, 1.499999999999999556 ) ;
#4409 = CARTESIAN_POINT ( 'NONE',  ( 0.05000000000001097317, -0.04999999999999796274, -1.034897110251675745 ) ) ;
#4410 = CARTESIAN_POINT ( 'NONE',  ( 5.049999999999999822, -10.05000000000000071, 33.99999999999999289 ) ) ;
#4411 = ORIENTED_EDGE ( 'NONE', *, *, #5263, .F. ) ;
#4412 = AXIS2_PLACEMENT_3D ( 'NONE', #1080, #4500, #2952 ) ;
#4413 = DIRECTION ( 'NONE',  ( -0.000000000000000000, 1.000000000000000000, -0.000000000000000000 ) ) ;
#4414 = CIRCLE ( 'NONE', #3687, 2.000000000000000000 ) ;
#4415 = ADVANCED_FACE ( 'NONE', ( #906 ), #2726, .T. ) ;
#4416 = ORIENTED_EDGE ( 'NONE', *, *, #1225, .T. ) ;
#4417 = CARTESIAN_POINT ( 'NONE',  ( 9.500000000000005329, 22.50000000000000355, 57.50000000000000000 ) ) ;
#4418 = CARTESIAN_POINT ( 'NONE',  ( 17.50000000000000000, -22.50000000000000355, 33.99999999999999289 ) ) ;
#4419 = AXIS2_PLACEMENT_3D ( 'NONE', #6205, #4276, #4787 ) ;
#4420 = EDGE_LOOP ( 'NONE', ( #918, #2206, #4404 ) ) ;
#4421 = CARTESIAN_POINT ( 'NONE',  ( -11.00000000000000178, 17.50000000000000000, 58.70000000000000284 ) ) ;
#4422 = DIRECTION ( 'NONE',  ( -1.000000000000000000, -0.000000000000000000, -0.000000000000000000 ) ) ;
#4423 = VECTOR ( 'NONE', #1380, 1000.000000000000000 ) ;
#4424 = DIRECTION ( 'NONE',  ( -1.000000000000000000, -0.000000000000000000, -0.000000000000000000 ) ) ;
#4425 = EDGE_CURVE ( 'NONE', #3298, #4790, #2880, .T. ) ;
#4426 = EDGE_CURVE ( 'NONE', #943, #2137, #4209, .T. ) ;
#4427 = VERTEX_POINT ( 'NONE', #6309 ) ;
#4428 = CARTESIAN_POINT ( 'NONE',  ( -7.499999999999998224, -12.49999999999999822, 67.50000000000000000 ) ) ;
#4429 = AXIS2_PLACEMENT_3D ( 'NONE', #2855, #5671, #5082 ) ;
#4430 = ORIENTED_EDGE ( 'NONE', *, *, #1451, .T. ) ;
#4431 = DIRECTION ( 'NONE',  ( -0.000000000000000000, -0.000000000000000000, 1.000000000000000000 ) ) ;
#4432 = CARTESIAN_POINT ( 'NONE',  ( -9.500000000000005329, 32.50000000000000000, 57.50000000000000000 ) ) ;
#4433 = VECTOR ( 'NONE', #4973, 1000.000000000000000 ) ;
#4434 = DIRECTION ( 'NONE',  ( 0.000000000000000000, 0.000000000000000000, -1.000000000000000000 ) ) ;
#4435 = AXIS2_PLACEMENT_3D ( 'NONE', #3357, #908, #2882 ) ;
#4436 = DIRECTION ( 'NONE',  ( 0.000000000000000000, -0.4999999999999991673, 0.8660254037844390407 ) ) ;
#4437 = ADVANCED_FACE ( 'NONE', ( #5193 ), #1406, .F. ) ;
#4438 = ORIENTED_EDGE ( 'NONE', *, *, #6087, .F. ) ;
#4439 = FACE_OUTER_BOUND ( 'NONE', #5144, .T. ) ;
#4440 = CONICAL_SURFACE ( 'NONE', #1642, 2.499999999999992895, 1.029744258676656310 ) ;
#4441 = EDGE_LOOP ( 'NONE', ( #1887, #3668 ) ) ;
#4442 = CARTESIAN_POINT ( 'NONE',  ( -12.49999999999999822, 17.50000000000000000, -58.70000000000000284 ) ) ;
#4443 = ORIENTED_EDGE ( 'NONE', *, *, #5217, .F. ) ;
#4444 = CIRCLE ( 'NONE', #5690, 2.500000000000002220 ) ;
#4445 = VECTOR ( 'NONE', #4798, 1000.000000000000000 ) ;
#4446 = CARTESIAN_POINT ( 'NONE',  ( -12.50000000000000533, 17.49999999999999645, 34.99999999999999289 ) ) ;
#4447 = ORIENTED_EDGE ( 'NONE', *, *, #4226, .F. ) ;
#4448 =( NAMED_UNIT ( * ) SI_UNIT ( $, .STERADIAN. ) SOLID_ANGLE_UNIT ( ) );
#4449 = DIRECTION ( 'NONE',  ( 5.204170427930416550E-15, 0.000000000000000000, -1.000000000000000000 ) ) ;
#4450 = VECTOR ( 'NONE', #3982, 1000.000000000000000 ) ;
#4451 = ORIENTED_EDGE ( 'NONE', *, *, #6237, .F. ) ;
#4452 = CARTESIAN_POINT ( 'NONE',  ( 14.00000000000000000, 17.50000000000000000, -58.70000000000000284 ) ) ;
#4453 = LINE ( 'NONE', #1560, #627 ) ;
#4454 = VECTOR ( 'NONE', #1242, 1000.000000000000000 ) ;
#4455 = ORIENTED_EDGE ( 'NONE', *, *, #3391, .T. ) ;
#4456 = FACE_OUTER_BOUND ( 'NONE', #4235, .T. ) ;
#4457 = DIRECTION ( 'NONE',  ( -0.000000000000000000, 1.000000000000000000, 0.000000000000000000 ) ) ;
#4458 = CARTESIAN_POINT ( 'NONE',  ( 0.000000000000000000, -0.8660254037844387076, -1.500000000000000000 ) ) ;
#4459 = ORIENTED_EDGE ( 'NONE', *, *, #1897, .T. ) ;
#4460 = EDGE_LOOP ( 'NONE', ( #6054, #4076, #2781, #656 ) ) ;
#4461 = LINE ( 'NONE', #110, #5368 ) ;
#4462 = CARTESIAN_POINT ( 'NONE',  ( -7.499999999999998224, -12.49999999999999822, -65.50000000000000000 ) ) ;
#4463 = LINE ( 'NONE', #4947, #67 ) ;
#4464 = EDGE_CURVE ( 'NONE', #5678, #3820, #1881, .T. ) ;
#4465 = CARTESIAN_POINT ( 'NONE',  ( 30.00000000000000000, 0.000000000000000000, 2.055000000000000160 ) ) ;
#4466 = EDGE_LOOP ( 'NONE', ( #5625, #5330, #4043 ) ) ;
#4467 = DIRECTION ( 'NONE',  ( -0.000000000000000000, 1.000000000000000000, -0.000000000000000000 ) ) ;
#4468 = ORIENTED_EDGE ( 'NONE', *, *, #3673, .F. ) ;
#4469 = DIRECTION ( 'NONE',  ( 0.000000000000000000, -0.000000000000000000, -1.000000000000000000 ) ) ;
#4470 = ORIENTED_EDGE ( 'NONE', *, *, #463, .F. ) ;
#4471 = ADVANCED_FACE ( 'NONE', ( #4848 ), #5373, .F. ) ;
#4472 = EDGE_CURVE ( 'NONE', #504, #1260, #3988, .T. ) ;
#4473 = CARTESIAN_POINT ( 'NONE',  ( 20.49999999999999645, -22.50000000000000000, 67.50000000000000000 ) ) ;
#4474 = ADVANCED_FACE ( 'NONE', ( #421 ), #5018, .F. ) ;
#4475 = DIRECTION ( 'NONE',  ( 1.000000000000000000, 0.000000000000000000, 0.000000000000000000 ) ) ;
#4476 = ORIENTED_EDGE ( 'NONE', *, *, #5093, .F. ) ;
#4477 = CARTESIAN_POINT ( 'NONE',  ( -7.500000000000001776, 12.50000000000000178, 67.50000000000000000 ) ) ;
#4478 = LINE ( 'NONE', #4418, #6197 ) ;
#4479 = ORIENTED_EDGE ( 'NONE', *, *, #2460, .T. ) ;
#4480 = LINE ( 'NONE', #4421, #4998 ) ;
#4481 = FACE_OUTER_BOUND ( 'NONE', #2317, .T. ) ;
#4482 = DIRECTION ( 'NONE',  ( -1.000000000000000000, -0.000000000000000000, -0.000000000000000000 ) ) ;
#4483 = VECTOR ( 'NONE', #5977, 999.9999999999998863 ) ;
#4484 = ORIENTED_EDGE ( 'NONE', *, *, #2728, .T. ) ;
#4485 = DIRECTION ( 'NONE',  ( -0.000000000000000000, -1.000000000000000000, -0.000000000000000000 ) ) ;
#4486 = VERTEX_POINT ( 'NONE', #4880 ) ;
#4487 = CARTESIAN_POINT ( 'NONE',  ( 30.00000000000000000, 2.055000000000000160, 0.000000000000000000 ) ) ;
#4488 = DIRECTION ( 'NONE',  ( -0.000000000000000000, -0.000000000000000000, 1.000000000000000000 ) ) ;
#4489 = DIRECTION ( 'NONE',  ( 0.000000000000000000, 0.000000000000000000, -1.000000000000000000 ) ) ;
#4490 = VECTOR ( 'NONE', #237, 1000.000000000000000 ) ;
#4491 = DIRECTION ( 'NONE',  ( 1.000000000000000000, -0.000000000000000000, 0.000000000000000000 ) ) ;
#4492 = ORIENTED_EDGE ( 'NONE', *, *, #670, .F. ) ;
#4493 = DIRECTION ( 'NONE',  ( 1.000000000000000000, 1.387778780781445676E-16, -0.000000000000000000 ) ) ;
#4494 = EDGE_CURVE ( 'NONE', #6326, #2918, #1208, .T. ) ;
#4495 = ORIENTED_EDGE ( 'NONE', *, *, #5003, .T. ) ;
#4496 = VERTEX_POINT ( 'NONE', #3474 ) ;
#4497 = ADVANCED_FACE ( 'NONE', ( #3904 ), #5528, .F. ) ;
#4498 = EDGE_CURVE ( 'NONE', #2164, #1746, #5031, .T. ) ;
#4499 = CARTESIAN_POINT ( 'NONE',  ( 0.000000000000000000, -0.8660254037844387076, -1.500000000000000000 ) ) ;
#4500 = DIRECTION ( 'NONE',  ( -1.000000000000000000, -0.000000000000000000, -0.000000000000000000 ) ) ;
#4501 = EDGE_CURVE ( 'NONE', #360, #2126, #6016, .T. ) ;
#4502 = ORIENTED_EDGE ( 'NONE', *, *, #61, .T. ) ;
#4503 = CARTESIAN_POINT ( 'NONE',  ( 1.300000000000000044, -1.108512516844081697, -0.6399999999999991251 ) ) ;
#4504 = DIRECTION ( 'NONE',  ( -0.000000000000000000, 1.000000000000000000, -0.000000000000000000 ) ) ;
#4505 = ORIENTED_EDGE ( 'NONE', *, *, #1954, .F. ) ;
#4506 = CARTESIAN_POINT ( 'NONE',  ( 1.899999999999999911, 0.000000000000000000, 0.000000000000000000 ) ) ;
#4507 = VECTOR ( 'NONE', #5813, 1000.000000000000000 ) ;
#4508 = CARTESIAN_POINT ( 'NONE',  ( -12.50000000000000533, -17.50000000000000355, 34.99999999999999289 ) ) ;
#4509 = AXIS2_PLACEMENT_3D ( 'NONE', #1174, #1078, #3586 ) ;
#4510 = CIRCLE ( 'NONE', #3575, 2.000000000000001776 ) ;
#4511 = CARTESIAN_POINT ( 'NONE',  ( 0.000000000000000000, 11.05000000000000071, 34.99999999999999289 ) ) ;
#4512 = ORIENTED_EDGE ( 'NONE', *, *, #3167, .T. ) ;
#4513 = AXIS2_PLACEMENT_3D ( 'NONE', #1041, #1072, #1481 ) ;
#4514 = EDGE_LOOP ( 'NONE', ( #1283, #1484, #5958, #671 ) ) ;
#4515 = CLOSED_SHELL ( 'NONE', ( #4066, #3340, #2813, #872, #852, #2565, #2926, #1891, #5543, #4634, #961, #2760, #400, #6095, #4862, #4668, #788, #2131, #2329, #1351, #6246, #5741, #2845, #234, #1722, #3945, #2338, #3263, #5658, #1687, #5022, #59, #1583, #4415, #1100, #2922, #1532, #699, #1731, #28, #5830, #2881, #4338, #2529, #5497, #3244, #3399 ) ) ;
#4516 = CARTESIAN_POINT ( 'NONE',  ( -11.00000000000000711, 17.49999999999999645, 34.99999999999999289 ) ) ;
#4517 = CARTESIAN_POINT ( 'NONE',  ( 0.000000000000000000, 0.000000000000000000, 0.000000000000000000 ) ) ;
#4518 = FACE_OUTER_BOUND ( 'NONE', #3111, .T. ) ;
#4519 = AXIS2_PLACEMENT_3D ( 'NONE', #1003, #4491, #5957 ) ;
#4520 = AXIS2_PLACEMENT_3D ( 'NONE', #5727, #6145, #6207 ) ;
#4521 = LINE ( 'NONE', #4950, #3287 ) ;
#4522 = ORIENTED_EDGE ( 'NONE', *, *, #3134, .T. ) ;
#4523 = DIRECTION ( 'NONE',  ( 0.000000000000000000, 0.000000000000000000, -1.000000000000000000 ) ) ;
#4524 = ORIENTED_EDGE ( 'NONE', *, *, #5943, .F. ) ;
#4525 = AXIS2_PLACEMENT_3D ( 'NONE', #3737, #311, #1797 ) ;
#4526 = DIRECTION ( 'NONE',  ( -1.000000000000000000, 0.000000000000000000, 0.000000000000000000 ) ) ;
#4527 = VERTEX_POINT ( 'NONE', #483 ) ;
#4528 = CIRCLE ( 'NONE', #4435, 2.000000000000000000 ) ;
#4529 = ADVANCED_FACE ( 'NONE', ( #1066 ), #4977, .F. ) ;
#4530 = AXIS2_PLACEMENT_3D ( 'NONE', #658, #5085, #3210 ) ;
#4531 = DIRECTION ( 'NONE',  ( -0.000000000000000000, -0.000000000000000000, -1.000000000000000000 ) ) ;
#4532 = AXIS2_PLACEMENT_3D ( 'NONE', #2459, #77, #1568 ) ;
#4533 = CARTESIAN_POINT ( 'NONE',  ( -13.99999999999999822, -17.50000000000000000, 67.50000000000000000 ) ) ;
#4534 = AXIS2_PLACEMENT_3D ( 'NONE', #2953, #3076, #1921 ) ;
#4535 = CONTEXT_DEPENDENT_SHAPE_REPRESENTATION ( #4887, #3276 ) ;
#4536 = CARTESIAN_POINT ( 'NONE',  ( -11.00000000000000178, 17.50000000000000000, -58.70000000000000284 ) ) ;
#4537 = CIRCLE ( 'NONE', #1861, 1.499999999999999556 ) ;
#4538 = EDGE_CURVE ( 'NONE', #3418, #1716, #2580, .T. ) ;
#4539 = AXIS2_PLACEMENT_3D ( 'NONE', #4198, #6148, #5183 ) ;
#4540 = EDGE_LOOP ( 'NONE', ( #4447, #5389, #4492, #884 ) ) ;
#4541 = DIRECTION ( 'NONE',  ( 0.000000000000000000, 0.000000000000000000, 1.000000000000000000 ) ) ;
#4542 = AXIS2_PLACEMENT_3D ( 'NONE', #4020, #4967, #3525 ) ;
#4543 = DIRECTION ( 'NONE',  ( 0.000000000000000000, -0.000000000000000000, 1.000000000000000000 ) ) ;
#4544 = CARTESIAN_POINT ( 'NONE',  ( 0.3000000000000016542, 0.000000000000000000, -2.750000000000000000 ) ) ;
#4545 = CARTESIAN_POINT ( 'NONE',  ( 5.049999999999999822, -10.05000000000000071, 1.000000000000000888 ) ) ;
#4546 = AXIS2_PLACEMENT_3D ( 'NONE', #5171, #2125, #1698 ) ;
#4547 = DIRECTION ( 'NONE',  ( -1.000000000000000000, -0.000000000000000000, -0.000000000000000000 ) ) ;
#4548 = EDGE_CURVE ( 'NONE', #5212, #6329, #2380, .T. ) ;
#4549 = EDGE_CURVE ( 'NONE', #1024, #239, #2570, .T. ) ;
#4550 = DIRECTION ( 'NONE',  ( 1.000000000000000000, 0.000000000000000000, 0.000000000000000000 ) ) ;
#4551 = ORIENTED_EDGE ( 'NONE', *, *, #2728, .F. ) ;
#4552 = CARTESIAN_POINT ( 'NONE',  ( 0.000000000000000000, 0.000000000000000000, -30.00000000000000000 ) ) ;
#4553 = VECTOR ( 'NONE', #5488, 1000.000000000000000 ) ;
#4554 = ORIENTED_EDGE ( 'NONE', *, *, #314, .T. ) ;
#4555 = DIRECTION ( 'NONE',  ( 0.000000000000000000, -1.000000000000000000, 1.251928832280966188E-16 ) ) ;
#4556 = DIRECTION ( 'NONE',  ( -0.000000000000000000, -0.000000000000000000, -1.000000000000000000 ) ) ;
#4557 = DIRECTION ( 'NONE',  ( 0.000000000000000000, 0.5150380749100547106, 0.8571673007021120005 ) ) ;
#4558 = CARTESIAN_POINT ( 'NONE',  ( 12.50000000000000000, -17.50000000000000000, -57.79870907145865999 ) ) ;
#4559 = VERTEX_POINT ( 'NONE', #4544 ) ;
#4560 = DIRECTION ( 'NONE',  ( -1.000000000000000000, -0.000000000000000000, -0.000000000000000000 ) ) ;
#4561 = EDGE_LOOP ( 'NONE', ( #1843, #3879, #5185, #4976 ) ) ;
#4562 = FILL_AREA_STYLE ('',( #2983 ) ) ;
#4563 = DIRECTION ( 'NONE',  ( 0.000000000000000000, 0.000000000000000000, 1.000000000000000000 ) ) ;
#4564 = CARTESIAN_POINT ( 'NONE',  ( -16.50000000000000000, -20.50000000000000355, 33.99999999999999289 ) ) ;
#4565 = CARTESIAN_POINT ( 'NONE',  ( -7.500000000000000000, 32.50000000000000000, 67.50000000000000000 ) ) ;
#4566 = CONTEXT_DEPENDENT_SHAPE_REPRESENTATION ( #1790, #1366 ) ;
#4567 = ORIENTED_EDGE ( 'NONE', *, *, #1032, .F. ) ;
#4568 = ORIENTED_EDGE ( 'NONE', *, *, #266, .F. ) ;
#4569 = DIRECTION ( 'NONE',  ( 1.049727191138618079E-16, 0.5150380749100549327, -0.8571673007021118895 ) ) ;
#4570 = ADVANCED_FACE ( 'NONE', ( #5927 ), #2004, .T. ) ;
#4571 = CARTESIAN_POINT ( 'NONE',  ( 0.000000000000000000, 0.000000000000000000, 0.000000000000000000 ) ) ;
#4572 = DIRECTION ( 'NONE',  ( 8.673617379884035472E-17, -1.000000000000000000, 0.000000000000000000 ) ) ;
#4573 = CARTESIAN_POINT ( 'NONE',  ( -13.99999999999999822, 17.50000000000000000, 67.50000000000000000 ) ) ;
#4574 = CARTESIAN_POINT ( 'NONE',  ( 0.000000000000000000, 1.732050807568877193, 1.845044017635222066E-16 ) ) ;
#4575 = EDGE_LOOP ( 'NONE', ( #302, #137, #212, #188 ) ) ;
#4576 = CARTESIAN_POINT ( 'NONE',  ( 4.999999999999999112, 8.673617379884034486E-16, 0.000000000000000000 ) ) ;
#4577 = AXIS2_PLACEMENT_3D ( 'NONE', #4864, #6352, #1919 ) ;
#4578 = EDGE_CURVE ( 'NONE', #1859, #5652, #729, .T. ) ;
#4579 = VERTEX_POINT ( 'NONE', #3060 ) ;
#4580 = ORIENTED_EDGE ( 'NONE', *, *, #102, .T. ) ;
#4581 = CARTESIAN_POINT ( 'NONE',  ( 1.300000000000000044, -0.7390083445627192438, 1.280000000000000915 ) ) ;
#4582 = EDGE_CURVE ( 'NONE', #5225, #2170, #2785, .T. ) ;
#4583 = PRODUCT_DEFINITION_CONTEXT ( 'detailed design', #5552, 'design' ) ;
#4584 = ORIENTED_EDGE ( 'NONE', *, *, #2602, .F. ) ;
#4585 = LINE ( 'NONE', #4681, #5261 ) ;
#4586 = CYLINDRICAL_SURFACE ( 'NONE', #820, 2.000000000000001776 ) ;
#4587 = DIRECTION ( 'NONE',  ( -0.000000000000000000, -0.000000000000000000, 1.000000000000000000 ) ) ;
#4588 = ORIENTED_EDGE ( 'NONE', *, *, #2244, .F. ) ;
#4589 = CARTESIAN_POINT ( 'NONE',  ( 22.50000000000000000, 22.50000000000000355, 67.50000000000000000 ) ) ;
#4590 = EDGE_LOOP ( 'NONE', ( #3308, #5448, #4341, #1770 ) ) ;
#4591 = EDGE_CURVE ( 'NONE', #1640, #1880, #3444, .T. ) ;
#4592 = DIRECTION ( 'NONE',  ( -1.000000000000000000, -0.000000000000000000, -0.000000000000000000 ) ) ;
#4593 = CARTESIAN_POINT ( 'NONE',  ( -14.99999999999998401, 22.50000000000000000, 62.50000000000000000 ) ) ;
#4594 = CARTESIAN_POINT ( 'NONE',  ( 1.300000000000000044, 1.478016689125442928, -1.734723475976807094E-15 ) ) ;
#4595 = CARTESIAN_POINT ( 'NONE',  ( -11.00000000000000000, -17.50000000000000000, 67.50000000000000000 ) ) ;
#4596 = CARTESIAN_POINT ( 'NONE',  ( -7.500000000000001776, 10.49999999999999467, 0.000000000000000000 ) ) ;
#4597 = SHAPE_DEFINITION_REPRESENTATION ( #1890, #6186 ) ;
#4598 = PRODUCT ( 'SLD_ASSEM', 'SLD_ASSEM', '', ( #2627 ) ) ;
#4599 = ORIENTED_EDGE ( 'NONE', *, *, #2210, .F. ) ;
#4600 = CARTESIAN_POINT ( 'NONE',  ( 3.100000000000005418, 1.836970198721030181E-16, -1.500000000000000222 ) ) ;
#4601 = DIRECTION ( 'NONE',  ( -0.000000000000000000, 1.000000000000000000, -0.000000000000000000 ) ) ;
#4602 = DIRECTION ( 'NONE',  ( 0.000000000000000000, 0.000000000000000000, 1.000000000000000000 ) ) ;
#4603 = EDGE_CURVE ( 'NONE', #4918, #1903, #2496, .T. ) ;
#4604 = CARTESIAN_POINT ( 'NONE',  ( 5.049999999999999822, 10.05000000000000071, 33.99999999999999289 ) ) ;
#4605 = ORIENTED_EDGE ( 'NONE', *, *, #2456, .T. ) ;
#4606 = CARTESIAN_POINT ( 'NONE',  ( -20.49999999999999645, -22.50000000000000000, 67.50000000000000000 ) ) ;
#4607 = ORIENTED_EDGE ( 'NONE', *, *, #4698, .T. ) ;
#4608 = VERTEX_POINT ( 'NONE', #5433 ) ;
#4609 = FACE_OUTER_BOUND ( 'NONE', #2878, .T. ) ;
#4610 = VECTOR ( 'NONE', #3772, 1000.000000000000000 ) ;
#4611 = CARTESIAN_POINT ( 'NONE',  ( -14.99999999999998401, 32.50000000000000000, 65.00000000000000000 ) ) ;
#4612 = DIRECTION ( 'NONE',  ( 0.000000000000000000, 0.000000000000000000, -1.000000000000000000 ) ) ;
#4613 = EDGE_CURVE ( 'NONE', #718, #1880, #4461, .T. ) ;
#4614 = EDGE_CURVE ( 'NONE', #6120, #1467, #2074, .T. ) ;
#4615 = CIRCLE ( 'NONE', #3787, 2.500000000000000888 ) ;
#4616 = CARTESIAN_POINT ( 'NONE',  ( -9.500000000000005329, 22.50000000000000355, -57.50000000000000000 ) ) ;
#4617 = AXIS2_PLACEMENT_3D ( 'NONE', #5640, #1201, #225 ) ;
#4618 = ORIENTED_EDGE ( 'NONE', *, *, #4048, .T. ) ;
#4619 = CARTESIAN_POINT ( 'NONE',  ( 12.50000000000000178, -17.50000000000000000, -58.70000000000000284 ) ) ;
#4620 = EDGE_LOOP ( 'NONE', ( #6022, #2108, #2262, #5405 ) ) ;
#4621 = ORIENTED_EDGE ( 'NONE', *, *, #3896, .F. ) ;
#4622 = DIRECTION ( 'NONE',  ( -1.000000000000000000, 0.000000000000000000, 0.000000000000000000 ) ) ;
#4623 = CARTESIAN_POINT ( 'NONE',  ( 5.000000000000000888, -9.999999999999998224, 30.00000000000000000 ) ) ;
#4624 = VECTOR ( 'NONE', #4175, 1000.000000000000000 ) ;
#4625 = ADVANCED_FACE ( 'NONE', ( #549 ), #2520, .T. ) ;
#4626 = ADVANCED_FACE ( 'NONE', ( #3997 ), #3304, .F. ) ;
#4627 = DIRECTION ( 'NONE',  ( -1.000000000000000000, -0.000000000000000000, -0.000000000000000000 ) ) ;
#4628 = PLANE ( 'NONE',  #3489 ) ;
#4629 = AXIS2_PLACEMENT_3D ( 'NONE', #3039, #1547, #949 ) ;
#4630 = CARTESIAN_POINT ( 'NONE',  ( -15.00000000000000000, 32.50000000000000000, -62.49999999999998579 ) ) ;
#4631 = VERTEX_POINT ( 'NONE', #4516 ) ;
#4632 = APPLICATION_PROTOCOL_DEFINITION ( 'draft international standard', 'automotive_design', 1998, #2455 ) ;
#4633 = CONICAL_SURFACE ( 'NONE', #5468, 2.499999999999992895, 1.029744258676656310 ) ;
#4634 = ADVANCED_FACE ( 'NONE', ( #4032, #4059, #4191, #1160, #4609, #2737 ), #6142, .T. ) ;
#4635 = AXIS2_PLACEMENT_3D ( 'NONE', #1641, #1704, #676 ) ;
#4636 = CARTESIAN_POINT ( 'NONE',  ( 4.999999999999997335, 10.00000000000000178, 30.00000000000000000 ) ) ;
#4637 = VECTOR ( 'NONE', #5737, 1000.000000000000114 ) ;
#4638 = CARTESIAN_POINT ( 'NONE',  ( -5.000000000000002665, 10.00000000000000178, 30.00000000000000000 ) ) ;
#4639 = AXIS2_PLACEMENT_3D ( 'NONE', #5601, #3100, #1701 ) ;
#4640 = CARTESIAN_POINT ( 'NONE',  ( -15.00000000000000000, 32.50000000000000000, -59.99999999999998579 ) ) ;
#4641 = AXIS2_PLACEMENT_3D ( 'NONE', #716, #4560, #2135 ) ;
#4642 = CARTESIAN_POINT ( 'NONE',  ( -12.49999999999999822, 17.50000000000000000, 58.70000000000000284 ) ) ;
#4643 = VERTEX_POINT ( 'NONE', #5101 ) ;
#4644 = DIRECTION ( 'NONE',  ( -0.000000000000000000, 0.000000000000000000, 1.000000000000000000 ) ) ;
#4645 = ORIENTED_EDGE ( 'NONE', *, *, #1897, .F. ) ;
#4646 = ORIENTED_EDGE ( 'NONE', *, *, #4788, .T. ) ;
#4647 = VERTEX_POINT ( 'NONE', #2103 ) ;
#4648 = CARTESIAN_POINT ( 'NONE',  ( -11.00000000000000178, 17.50000000000000000, -58.70000000000000284 ) ) ;
#4649 = ORIENTED_EDGE ( 'NONE', *, *, #3990, .T. ) ;
#4650 = ORIENTED_EDGE ( 'NONE', *, *, #3661, .F. ) ;
#4651 = LINE ( 'NONE', #6045, #610 ) ;
#4652 = DIRECTION ( 'NONE',  ( 1.000000000000000000, 0.000000000000000000, 0.000000000000000000 ) ) ;
#4653 = AXIS2_PLACEMENT_3D ( 'NONE', #1591, #5646, #3593 ) ;
#4654 = PLANE ( 'NONE',  #1948 ) ;
#4655 = VERTEX_POINT ( 'NONE', #673 ) ;
#4656 = FACE_OUTER_BOUND ( 'NONE', #5924, .T. ) ;
#4657 = VERTEX_POINT ( 'NONE', #4581 ) ;
#4658 = EDGE_LOOP ( 'NONE', ( #11, #5110, #1578, #5395 ) ) ;
#4659 = EDGE_CURVE ( 'NONE', #2647, #1065, #513, .T. ) ;
#4660 = LINE ( 'NONE', #721, #1952 ) ;
#4661 = DIRECTION ( 'NONE',  ( -1.000000000000000000, 0.000000000000000000, 0.000000000000000000 ) ) ;
#4662 = CARTESIAN_POINT ( 'NONE',  ( 11.00000000000000355, 17.50000000000000000, 67.50000000000000000 ) ) ;
#4663 = DIRECTION ( 'NONE',  ( 1.734723475976805517E-15, 1.000000000000000000, 0.000000000000000000 ) ) ;
#4664 = EDGE_LOOP ( 'NONE', ( #5917, #1699, #3784, #4945 ) ) ;
#4665 = CARTESIAN_POINT ( 'NONE',  ( -6.049999999999999822, -11.05000000000000071, 0.000000000000000000 ) ) ;
#4666 = EDGE_CURVE ( 'NONE', #6199, #2623, #4162, .T. ) ;
#4667 = ORIENTED_EDGE ( 'NONE', *, *, #552, .F. ) ;
#4668 = ADVANCED_FACE ( 'NONE', ( #2640 ), #3565, .F. ) ;
#4669 = ORIENTED_EDGE ( 'NONE', *, *, #5445, .F. ) ;
#4670 = PLANE ( 'NONE',  #322 ) ;
#4671 = PRODUCT_DEFINITION_SHAPE ( 'NONE', 'NONE',  #6416 ) ;
#4672 = CARTESIAN_POINT ( 'NONE',  ( 20.49999999999999645, 32.50000000000000000, 59.50000000000000711 ) ) ;
#4673 = EDGE_CURVE ( 'NONE', #2319, #3415, #177, .T. ) ;
#4674 = LINE ( 'NONE', #6037, #4490 ) ;
#4675 = CARTESIAN_POINT ( 'NONE',  ( -8.328427124746191623, 13.32842712474619518, -67.50000000000000000 ) ) ;
#4676 = PLANE ( 'NONE',  #3590 ) ;
#4677 = ORIENTED_EDGE ( 'NONE', *, *, #484, .F. ) ;
#4678 = CARTESIAN_POINT ( 'NONE',  ( 7.499999999999998224, 10.49999999999999467, 30.00000000000000000 ) ) ;
#4679 = ORIENTED_EDGE ( 'NONE', *, *, #2345, .T. ) ;
#4680 = LINE ( 'NONE', #245, #3203 ) ;
#4681 = CARTESIAN_POINT ( 'NONE',  ( -4.999999999999999112, -9.999999999999998224, 345.0000000000000000 ) ) ;
#4682 = DIRECTION ( 'NONE',  ( -1.000000000000000000, 0.000000000000000000, 1.734723475976806848E-16 ) ) ;
#4683 = DIRECTION ( 'NONE',  ( 1.000000000000000000, 0.000000000000000000, 0.000000000000000000 ) ) ;
#4684 = ORIENTED_EDGE ( 'NONE', *, *, #783, .T. ) ;
#4685 = DIRECTION ( 'NONE',  ( 0.000000000000000000, 0.000000000000000000, 1.000000000000000000 ) ) ;
#4686 =( BOUNDED_CURVE ( )  B_SPLINE_CURVE ( 3, ( #2483, #1438, #1055, #963 ),
 .UNSPECIFIED., .F., .T. ) 
 B_SPLINE_CURVE_WITH_KNOTS ( ( 4, 4 ),
 ( 3.141592653589793116, 4.712388980384689674 ),
 .UNSPECIFIED. ) 
 CURVE ( )  GEOMETRIC_REPRESENTATION_ITEM ( )  RATIONAL_B_SPLINE_CURVE ( ( 1.000000000000000000, 0.8047378541243649375, 0.8047378541243649375, 1.000000000000000000 ) ) 
 REPRESENTATION_ITEM ( '' )  );
#4687 = ORIENTED_EDGE ( 'NONE', *, *, #438, .T. ) ;
#4688 = ORIENTED_EDGE ( 'NONE', *, *, #362, .F. ) ;
#4689 = LINE ( 'NONE', #780, #5356 ) ;
#4690 = DIRECTION ( 'NONE',  ( -0.000000000000000000, 1.000000000000000000, -0.000000000000000000 ) ) ;
#4691 = FACE_OUTER_BOUND ( 'NONE', #4249, .T. ) ;
#4692 = EDGE_CURVE ( 'NONE', #5128, #1156, #3670, .T. ) ;
#4693 = DIRECTION ( 'NONE',  ( 1.000000000000000000, -1.734723475976805319E-15, 0.000000000000000000 ) ) ;
#4694 = VECTOR ( 'NONE', #411, 1000.000000000000000 ) ;
#4695 = DIRECTION ( 'NONE',  ( -0.000000000000000000, -0.000000000000000000, 1.000000000000000000 ) ) ;
#4696 = EDGE_LOOP ( 'NONE', ( #2734, #1188, #2203, #6128, #4804 ) ) ;
#4697 = EDGE_CURVE ( 'NONE', #689, #378, #5475, .T. ) ;
#4698 = EDGE_CURVE ( 'NONE', #3354, #5905, #214, .T. ) ;
#4699 = CARTESIAN_POINT ( 'NONE',  ( -7.500000000000001776, 32.50000000000000000, -59.50000000000000711 ) ) ;
#4700 = DIRECTION ( 'NONE',  ( 0.000000000000000000, 1.000000000000000000, 0.000000000000000000 ) ) ;
#4701 = SHAPE_REPRESENTATION_RELATIONSHIP ( 'NONE' , 'NONE' ,  #1796, #5757 ) ;
#4702 = DIRECTION ( 'NONE',  ( 0.000000000000000000, -1.000000000000000000, 0.000000000000000000 ) ) ;
#4703 = EDGE_CURVE ( 'NONE', #4559, #707, #5378, .T. ) ;
#4704 = DIRECTION ( 'NONE',  ( -0.000000000000000000, 1.000000000000000000, 0.000000000000000000 ) ) ;
#4705 = ORIENTED_EDGE ( 'NONE', *, *, #984, .T. ) ;
#4706 = DIRECTION ( 'NONE',  ( 0.8571673007021118895, 1.049727191138618079E-16, -0.5150380749100549327 ) ) ;
#4707 = CARTESIAN_POINT ( 'NONE',  ( 15.50000000000000178, -20.50000000000000355, 30.00000000000000000 ) ) ;
#4708 = DIRECTION ( 'NONE',  ( 1.000000000000000000, 0.000000000000000000, 0.000000000000000000 ) ) ;
#4709 = DIRECTION ( 'NONE',  ( -1.000000000000000000, -0.000000000000000000, -0.000000000000000000 ) ) ;
#4710 = PRODUCT_DEFINITION ( 'UNKNOWN', '', #3097, #6018 ) ;
#4711 = LINE ( 'NONE', #4803, #1629 ) ;
#4712 = ORIENTED_EDGE ( 'NONE', *, *, #725, .F. ) ;
#4713 = CYLINDRICAL_SURFACE ( 'NONE', #3000, 1.000000000000000000 ) ;
#4714 = VECTOR ( 'NONE', #3837, 1000.000000000000000 ) ;
#4715 = ORIENTED_EDGE ( 'NONE', *, *, #5263, .T. ) ;
#4716 = ORIENTED_EDGE ( 'NONE', *, *, #6284, .T. ) ;
#4717 = VERTEX_POINT ( 'NONE', #6114 ) ;
#4718 = DIRECTION ( 'NONE',  ( 0.000000000000000000, 0.000000000000000000, -1.000000000000000000 ) ) ;
#4719 = CARTESIAN_POINT ( 'NONE',  ( -7.499999999999998224, -12.49999999999999822, 67.50000000000000000 ) ) ;
#4720 = CIRCLE ( 'NONE', #1935, 2.000000000000001776 ) ;
#4721 = DIRECTION ( 'NONE',  ( -0.000000000000000000, -0.000000000000000000, 1.000000000000000000 ) ) ;
#4722 = CIRCLE ( 'NONE', #1415, 2.500000000000000888 ) ;
#4723 = CARTESIAN_POINT ( 'NONE',  ( -12.49999999999999822, 17.50000000000000000, -58.70000000000000284 ) ) ;
#4724 = VERTEX_POINT ( 'NONE', #1639 ) ;
#4725 = DIRECTION ( 'NONE',  ( -0.000000000000000000, -0.000000000000000000, 1.000000000000000000 ) ) ;
#4726 = VECTOR ( 'NONE', #3511, 1000.000000000000000 ) ;
#4727 = ORIENTED_EDGE ( 'NONE', *, *, #4698, .F. ) ;
#4728 = VECTOR ( 'NONE', #2655, 1000.000000000000000 ) ;
#4729 = TOROIDAL_SURFACE ( 'NONE', #2982, 1.000000000000000000, 1.000000000000000000 ) ;
#4730 = CARTESIAN_POINT ( 'NONE',  ( 15.00000000000001421, 32.50000000000000000, 62.49999999999999289 ) ) ;
#4731 = ORIENTED_EDGE ( 'NONE', *, *, #5770, .T. ) ;
#4732 = DIRECTION ( 'NONE',  ( 1.000000000000000000, -0.000000000000000000, -0.000000000000000000 ) ) ;
#4733 = AXIS2_PLACEMENT_3D ( 'NONE', #4053, #6039, #6012 ) ;
#4734 = EDGE_CURVE ( 'NONE', #3165, #3126, #6076, .T. ) ;
#4735 =( NAMED_UNIT ( * ) SI_UNIT ( $, .STERADIAN. ) SOLID_ANGLE_UNIT ( ) );
#4736 = DIRECTION ( 'NONE',  ( -1.387778780781445676E-16, 1.000000000000000000, 0.000000000000000000 ) ) ;
#4737 = CIRCLE ( 'NONE', #6291, 2.000000000000000000 ) ;
#4738 = AXIS2_PLACEMENT_3D ( 'NONE', #1584, #4867, #4833 ) ;
#4739 = CARTESIAN_POINT ( 'NONE',  ( 12.50000000000000178, 17.50000000000000000, 67.50000000000000000 ) ) ;
#4740 = EDGE_LOOP ( 'NONE', ( #4293, #5525, #2553, #5349 ) ) ;
#4741 = DIRECTION ( 'NONE',  ( -0.000000000000000000, -0.000000000000000000, -1.000000000000000000 ) ) ;
#4742 = CARTESIAN_POINT ( 'NONE',  ( 0.7250000000000105249, 0.000000000000000000, 0.000000000000000000 ) ) ;
#4743 = ORIENTED_EDGE ( 'NONE', *, *, #2266, .F. ) ;
#4744 = EDGE_CURVE ( 'NONE', #389, #4579, #3401, .T. ) ;
#4745 = DIRECTION ( 'NONE',  ( 0.000000000000000000, 0.000000000000000000, -1.000000000000000000 ) ) ;
#4746 = EDGE_CURVE ( 'NONE', #48, #1162, #4537, .T. ) ;
#4747 = CARTESIAN_POINT ( 'NONE',  ( 2.499999999999995115, 3.061616997868377225E-16, -345.0000000000000000 ) ) ;
#4748 = DIRECTION ( 'NONE',  ( 1.000000000000000000, -0.000000000000000000, -0.000000000000000000 ) ) ;
#4749 = CIRCLE ( 'NONE', #1439, 2.000000000000001776 ) ;
#4750 = DIRECTION ( 'NONE',  ( 0.000000000000000000, -0.000000000000000000, 1.000000000000000000 ) ) ;
#4751 = ORIENTED_EDGE ( 'NONE', *, *, #5299, .T. ) ;
#4752 = CARTESIAN_POINT ( 'NONE',  ( -12.50000000000000000, 17.50000000000000000, 57.79870907145865999 ) ) ;
#4753 = VECTOR ( 'NONE', #3441, 1000.000000000000000 ) ;
#4754 = ORIENTED_EDGE ( 'NONE', *, *, #5299, .F. ) ;
#4755 = ORIENTED_EDGE ( 'NONE', *, *, #3014, .T. ) ;
#4756 = CIRCLE ( 'NONE', #2585, 2.450000000000002398 ) ;
#4757 = ADVANCED_FACE ( 'NONE', ( #706 ), #5480, .F. ) ;
#4758 = DIRECTION ( 'NONE',  ( 1.000000000000000000, 0.000000000000000000, 0.000000000000000000 ) ) ;
#4759 = DIRECTION ( 'NONE',  ( 0.000000000000000000, 0.000000000000000000, 1.000000000000000000 ) ) ;
#4760 = DIRECTION ( 'NONE',  ( -0.000000000000000000, 1.000000000000000000, -0.000000000000000000 ) ) ;
#4761 = DIRECTION ( 'NONE',  ( 0.000000000000000000, 0.000000000000000000, 1.000000000000000000 ) ) ;
#4762 = EDGE_LOOP ( 'NONE', ( #6258, #86, #1599, #332 ) ) ;
#4763 = VECTOR ( 'NONE', #3733, 1000.000000000000000 ) ;
#4764 = VERTEX_POINT ( 'NONE', #1128 ) ;
#4765 = ITEM_DEFINED_TRANSFORMATION ( 'NONE', 'NONE', #6033,  #1582 ) ;
#4766 = CARTESIAN_POINT ( 'NONE',  ( 5.464213562373093858, -10.46421356237309652, 34.99999999999999289 ) ) ;
#4767 = ORIENTED_EDGE ( 'NONE', *, *, #4692, .F. ) ;
#4768 = DIRECTION ( 'NONE',  ( 0.000000000000000000, -1.000000000000000000, 0.000000000000000000 ) ) ;
#4769 = CARTESIAN_POINT ( 'NONE',  ( 12.50000000000000000, -17.50000000000000000, 57.79870907145865999 ) ) ;
#4770 = CARTESIAN_POINT ( 'NONE',  ( -17.50000000000000000, -20.50000000000000355, 33.99999999999999289 ) ) ;
#4771 = EDGE_CURVE ( 'NONE', #5700, #4813, #4749, .T. ) ;
#4772 = VERTEX_POINT ( 'NONE', #4648 ) ;
#4773 = DIRECTION ( 'NONE',  ( 0.000000000000000000, 0.000000000000000000, -1.000000000000000000 ) ) ;
#4774 = DIRECTION ( 'NONE',  ( -1.000000000000000000, 0.000000000000000000, -0.000000000000000000 ) ) ;
#4775 = CARTESIAN_POINT ( 'NONE',  ( -15.00000000000000000, 22.50000000000000000, -64.99999999999998579 ) ) ;
#4776 = DIRECTION ( 'NONE',  ( -0.000000000000000000, -0.000000000000000000, 1.000000000000000000 ) ) ;
#4777 = CARTESIAN_POINT ( 'NONE',  ( 7.499999999999998224, 12.50000000000000178, 67.50000000000000000 ) ) ;
#4778 = CARTESIAN_POINT ( 'NONE',  ( 7.500000000000001776, 32.50000000000000000, 59.50000000000000711 ) ) ;
#4779 = EDGE_CURVE ( 'NONE', #1229, #5797, #2197, .T. ) ;
#4780 = EDGE_CURVE ( 'NONE', #5464, #1606, #4680, .T. ) ;
#4781 = EDGE_LOOP ( 'NONE', ( #4374, #5157 ) ) ;
#4782 = LINE ( 'NONE', #351, #626 ) ;
#4783 = EDGE_LOOP ( 'NONE', ( #4178, #6225, #5431, #2412 ) ) ;
#4784 = ORIENTED_EDGE ( 'NONE', *, *, #2252, .T. ) ;
#4785 = CARTESIAN_POINT ( 'NONE',  ( -2.341599136820317774E-18, 0.000000000000000000, 0.000000000000000000 ) ) ;
#4786 = DIRECTION ( 'NONE',  ( 1.000000000000000000, -0.000000000000000000, -0.000000000000000000 ) ) ;
#4787 = DIRECTION ( 'NONE',  ( 0.000000000000000000, 0.000000000000000000, 1.000000000000000000 ) ) ;
#4788 = EDGE_CURVE ( 'NONE', #6199, #4655, #6302, .T. ) ;
#4789 = DIRECTION ( 'NONE',  ( -1.000000000000000000, -0.000000000000000000, -0.000000000000000000 ) ) ;
#4790 = VERTEX_POINT ( 'NONE', #5753 ) ;
#4791 = ORIENTED_EDGE ( 'NONE', *, *, #1110, .T. ) ;
#4792 = AXIS2_PLACEMENT_3D ( 'NONE', #6331, #1314, #3224 ) ;
#4793 = CARTESIAN_POINT ( 'NONE',  ( -9.499999999999998224, -12.49999999999999822, -67.50000000000000000 ) ) ;
#4794 = FACE_OUTER_BOUND ( 'NONE', #2920, .T. ) ;
#4795 = CYLINDRICAL_SURFACE ( 'NONE', #506, 2.000000000000000000 ) ;
#4796 = ORIENTED_EDGE ( 'NONE', *, *, #898, .T. ) ;
#4797 = FACE_OUTER_BOUND ( 'NONE', #4085, .T. ) ;
#4798 = DIRECTION ( 'NONE',  ( -0.000000000000000000, -0.000000000000000000, -1.000000000000000000 ) ) ;
#4799 = DIRECTION ( 'NONE',  ( 0.000000000000000000, 0.000000000000000000, 1.000000000000000000 ) ) ;
#4800 = CARTESIAN_POINT ( 'NONE',  ( 0.000000000000000000, 0.000000000000000000, 345.0000000000000000 ) ) ;
#4801 = CARTESIAN_POINT ( 'NONE',  ( 11.00000000000000355, -17.50000000000000000, 67.50000000000000000 ) ) ;
#4802 = ADVANCED_FACE ( 'NONE', ( #6260 ), #2691, .F. ) ;
#4803 = CARTESIAN_POINT ( 'NONE',  ( 0.000000000000000000, 0.7390083445627199099, -1.280000000000000693 ) ) ;
#4804 = ORIENTED_EDGE ( 'NONE', *, *, #2846, .T. ) ;
#4805 = DIRECTION ( 'NONE',  ( -0.5000000000000017764, 1.060575238724905682E-16, -0.8660254037844377084 ) ) ;
#4806 = EDGE_LOOP ( 'NONE', ( #1913, #1569, #1906, #5358 ) ) ;
#4807 = VERTEX_POINT ( 'NONE', #6328 ) ;
#4808 = DIRECTION ( 'NONE',  ( 0.000000000000000000, 0.000000000000000000, 1.000000000000000000 ) ) ;
#4809 = DIRECTION ( 'NONE',  ( 1.000000000000000000, 0.000000000000000000, 0.000000000000000000 ) ) ;
#4810 = EDGE_CURVE ( 'NONE', #2918, #6326, #1964, .T. ) ;
#4811 = ADVANCED_FACE ( 'NONE', ( #1869 ), #832, .F. ) ;
#4812 = CARTESIAN_POINT ( 'NONE',  ( 10.99999999999999645, -17.50000000000000355, 34.99999999999999289 ) ) ;
#4813 = VERTEX_POINT ( 'NONE', #2299 ) ;
#4814 = CARTESIAN_POINT ( 'NONE',  ( -9.499999999999998224, -14.49999999999999822, -67.50000000000000000 ) ) ;
#4815 = EDGE_LOOP ( 'NONE', ( #3223, #4009, #1073, #6191 ) ) ;
#4816 = VECTOR ( 'NONE', #5293, 1000.000000000000000 ) ;
#4817 = VERTEX_POINT ( 'NONE', #3344 ) ;
#4818 = EDGE_CURVE ( 'NONE', #4724, #689, #2394, .T. ) ;
#4819 = CIRCLE ( 'NONE', #5547, 1.499999999999999556 ) ;
#4820 = EDGE_CURVE ( 'NONE', #6363, #4217, #6232, .T. ) ;
#4821 = AXIS2_PLACEMENT_3D ( 'NONE', #166, #3595, #1151 ) ;
#4822 = AXIS2_PLACEMENT_3D ( 'NONE', #2359, #2326, #4745 ) ;
#4823 = CONICAL_SURFACE ( 'NONE', #1312, 2.500000000000002220, 1.029744258676653645 ) ;
#4824 = CARTESIAN_POINT ( 'NONE',  ( 15.50000000000000178, -20.50000000000000355, 34.99999999999999289 ) ) ;
#4825 = AXIS2_PLACEMENT_3D ( 'NONE', #2349, #4313, #727 ) ;
#4826 = ORIENTED_EDGE ( 'NONE', *, *, #4303, .T. ) ;
#4827 = EDGE_CURVE ( 'NONE', #1229, #2619, #3740, .T. ) ;
#4828 = DIRECTION ( 'NONE',  ( 0.000000000000000000, 0.000000000000000000, 1.000000000000000000 ) ) ;
#4829 = VECTOR ( 'NONE', #5234, 1000.000000000000000 ) ;
#4830 =( NAMED_UNIT ( * ) SI_UNIT ( $, .STERADIAN. ) SOLID_ANGLE_UNIT ( ) );
#4831 = CIRCLE ( 'NONE', #3694, 1.499999999999999556 ) ;
#4832 = CONICAL_SURFACE ( 'NONE', #4429, 1.499999999999997780, 1.029744258676653645 ) ;
#4833 = DIRECTION ( 'NONE',  ( -1.000000000000000000, 0.000000000000000000, 0.000000000000000000 ) ) ;
#4834 = ORIENTED_EDGE ( 'NONE', *, *, #3990, .F. ) ;
#4835 = DIRECTION ( 'NONE',  ( 1.000000000000000000, -0.000000000000000000, 0.000000000000000000 ) ) ;
#4836 = CIRCLE ( 'NONE', #4629, 2.000000000000001776 ) ;
#4837 = DIRECTION ( 'NONE',  ( 0.000000000000000000, 0.000000000000000000, 1.000000000000000000 ) ) ;
#4838 = AXIS2_PLACEMENT_3D ( 'NONE', #1909, #5765, #853 ) ;
#4839 = FACE_OUTER_BOUND ( 'NONE', #4172, .T. ) ;
#4840 = LINE ( 'NONE', #373, #1805 ) ;
#4841 = LINE ( 'NONE', #5365, #4610 ) ;
#4842 = VECTOR ( 'NONE', #171, 1000.000000000000000 ) ;
#4843 = CARTESIAN_POINT ( 'NONE',  ( 7.500000000000002665, -12.49999999999999822, 67.50000000000000000 ) ) ;
#4844 = EDGE_LOOP ( 'NONE', ( #2453, #4451, #5937, #3516 ) ) ;
#4845 = LINE ( 'NONE', #5760, #418 ) ;
#4846 = ORIENTED_EDGE ( 'NONE', *, *, #6170, .F. ) ;
#4847 = ORIENTED_EDGE ( 'NONE', *, *, #1499, .F. ) ;
#4848 = FACE_OUTER_BOUND ( 'NONE', #4869, .T. ) ;
#4849 = LINE ( 'NONE', #4909, #1743 ) ;
#4850 = DIRECTION ( 'NONE',  ( 0.000000000000000000, 0.000000000000000000, -1.000000000000000000 ) ) ;
#4851 = VECTOR ( 'NONE', #5298, 1000.000000000000227 ) ;
#4852 = DIRECTION ( 'NONE',  ( -0.000000000000000000, -0.000000000000000000, -1.000000000000000000 ) ) ;
#4853 = ORIENTED_EDGE ( 'NONE', *, *, #5104, .F. ) ;
#4854 = DIRECTION ( 'NONE',  ( -1.000000000000000000, 0.000000000000000000, 0.000000000000000000 ) ) ;
#4855 = AXIS2_PLACEMENT_3D ( 'NONE', #5850, #5361, #1768 ) ;
#4856 = EDGE_CURVE ( 'NONE', #2937, #473, #1896, .T. ) ;
#4857 = VERTEX_POINT ( 'NONE', #274 ) ;
#4858 = PRESENTATION_LAYER_ASSIGNMENT (  '', '', ( #836 ) ) ;
#4859 = EDGE_LOOP ( 'NONE', ( #4688, #213, #2401, #4295 ) ) ;
#4860 = VECTOR ( 'NONE', #1688, 1000.000000000000000 ) ;
#4861 = EDGE_CURVE ( 'NONE', #1156, #2110, #2832, .T. ) ;
#4862 = ADVANCED_FACE ( 'NONE', ( #5723, #5817, #3834, #5269, #1374, #2261 ), #4227, .F. ) ;
#4863 = DIRECTION ( 'NONE',  ( -0.000000000000000000, -0.000000000000000000, 1.000000000000000000 ) ) ;
#4864 = CARTESIAN_POINT ( 'NONE',  ( -12.49999999999999822, 17.50000000000000000, -75.50000000000001421 ) ) ;
#4865 = VECTOR ( 'NONE', #4569, 1000.000000000000000 ) ;
#4866 = CARTESIAN_POINT ( 'NONE',  ( -11.00000000000000711, -17.50000000000000355, 34.99999999999999289 ) ) ;
#4867 = DIRECTION ( 'NONE',  ( -0.000000000000000000, -0.000000000000000000, 1.000000000000000000 ) ) ;
#4868 = EDGE_CURVE ( 'NONE', #2676, #1279, #3289, .T. ) ;
#4869 = EDGE_LOOP ( 'NONE', ( #1638, #3952, #3635, #5070 ) ) ;
#4870 = DIRECTION ( 'NONE',  ( 0.000000000000000000, -0.000000000000000000, -1.000000000000000000 ) ) ;
#4871 = CARTESIAN_POINT ( 'NONE',  ( 22.50000000000000000, -22.50000000000000000, 67.50000000000000000 ) ) ;
#4872 = VERTEX_POINT ( 'NONE', #840 ) ;
#4873 = FACE_OUTER_BOUND ( 'NONE', #6389, .T. ) ;
#4874 = DIRECTION ( 'NONE',  ( 0.000000000000000000, 1.000000000000000000, 0.000000000000000000 ) ) ;
#4875 = CYLINDRICAL_SURFACE ( 'NONE', #4320, 2.000000000000001776 ) ;
#4876 = ORIENTED_EDGE ( 'NONE', *, *, #1271, .T. ) ;
#4877 = LINE ( 'NONE', #4392, #5056 ) ;
#4878 = ORIENTED_EDGE ( 'NONE', *, *, #1235, .T. ) ;
#4879 = VERTEX_POINT ( 'NONE', #3860 ) ;
#4880 = CARTESIAN_POINT ( 'NONE',  ( 20.49999999999999645, 32.50000000000000000, 57.50000000000000000 ) ) ;
#4881 = FACE_OUTER_BOUND ( 'NONE', #3395, .T. ) ;
#4882 = CARTESIAN_POINT ( 'NONE',  ( 14.00000000000000000, -17.50000000000000000, 58.70000000000000284 ) ) ;
#4883 = FACE_OUTER_BOUND ( 'NONE', #3070, .T. ) ;
#4884 = EDGE_LOOP ( 'NONE', ( #4136, #1579, #2965, #3611 ) ) ;
#4885 = FACE_OUTER_BOUND ( 'NONE', #1290, .T. ) ;
#4886 = VERTEX_POINT ( 'NONE', #893 ) ;
#4887 =( REPRESENTATION_RELATIONSHIP ('NONE','NONE', #5522, #5350 ) REPRESENTATION_RELATIONSHIP_WITH_TRANSFORMATION ( #1206 )SHAPE_REPRESENTATION_RELATIONSHIP( ) );
#4888 = ORIENTED_EDGE ( 'NONE', *, *, #3629, .F. ) ;
#4889 = ADVANCED_FACE ( 'NONE', ( #371 ), #2386, .T. ) ;
#4890 = CARTESIAN_POINT ( 'NONE',  ( 15.00000000000001421, 32.50000000000000000, 62.49999999999999289 ) ) ;
#4891 = DIRECTION ( 'NONE',  ( 2.775557561562890735E-17, -1.214306433183764658E-17, 1.000000000000000000 ) ) ;
#4892 = CARTESIAN_POINT ( 'NONE',  ( 15.50000000000000178, -20.50000000000000355, 33.99999999999999289 ) ) ;
#4893 = EDGE_CURVE ( 'NONE', #4717, #3335, #2325, .T. ) ;
#4894 = EDGE_CURVE ( 'NONE', #997, #6221, #2070, .T. ) ;
#4895 = DIRECTION ( 'NONE',  ( 0.000000000000000000, 0.000000000000000000, -1.000000000000000000 ) ) ;
#4896 = ORIENTED_EDGE ( 'NONE', *, *, #4464, .T. ) ;
#4897 = DIRECTION ( 'NONE',  ( -0.8571673007021118895, 0.000000000000000000, -0.5150380749100549327 ) ) ;
#4898 = EDGE_LOOP ( 'NONE', ( #2599, #2334, #2495, #4094 ) ) ;
#4899 = FACE_OUTER_BOUND ( 'NONE', #151, .T. ) ;
#4900 = ORIENTED_EDGE ( 'NONE', *, *, #3703, .T. ) ;
#4901 = CARTESIAN_POINT ( 'NONE',  ( -7.500000000000001776, 12.50000000000000178, -65.50000000000000000 ) ) ;
#4902 = DIRECTION ( 'NONE',  ( -1.387778780781445676E-16, 1.000000000000000000, 0.000000000000000000 ) ) ;
#4903 = EDGE_CURVE ( 'NONE', #434, #1412, #2894, .T. ) ;
#4904 = DIRECTION ( 'NONE',  ( -0.000000000000000000, -0.000000000000000000, -1.000000000000000000 ) ) ;
#4905 = EDGE_LOOP ( 'NONE', ( #982, #5369, #4238, #1993 ) ) ;
#4906 =( NAMED_UNIT ( * ) PLANE_ANGLE_UNIT ( ) SI_UNIT ( $, .RADIAN. ) );
#4907 = ORIENTED_EDGE ( 'NONE', *, *, #663, .T. ) ;
#4908 = DIRECTION ( 'NONE',  ( -1.000000000000000000, -0.000000000000000000, -0.000000000000000000 ) ) ;
#4909 = CARTESIAN_POINT ( 'NONE',  ( 17.50000000000000000, 20.49999999999999289, 34.99999999999999289 ) ) ;
#4910 = LINE ( 'NONE', #1940, #595 ) ;
#4911 = EDGE_CURVE ( 'NONE', #312, #1090, #4930, .T. ) ;
#4912 = CARTESIAN_POINT ( 'NONE',  ( 1.300000000000000044, 0.7390083445627199099, -1.280000000000000693 ) ) ;
#4913 = ORIENTED_EDGE ( 'NONE', *, *, #1429, .T. ) ;
#4914 = CARTESIAN_POINT ( 'NONE',  ( -5.000000000000004441, 1.173523437775241615E-15, 2.499999999999997780 ) ) ;
#4915 = ORIENTED_EDGE ( 'NONE', *, *, #3021, .T. ) ;
#4916 = ORIENTED_EDGE ( 'NONE', *, *, #1663, .T. ) ;
#4917 = DIRECTION ( 'NONE',  ( 0.000000000000000000, 0.000000000000000000, 1.000000000000000000 ) ) ;
#4918 = VERTEX_POINT ( 'NONE', #471 ) ;
#4919 = VECTOR ( 'NONE', #2328, 1000.000000000000000 ) ;
#4920 = AXIS2_PLACEMENT_3D ( 'NONE', #3388, #2242, #3173 ) ;
#4921 = DIRECTION ( 'NONE',  ( 2.775557561562890735E-17, 4.770489558936218739E-18, 1.000000000000000000 ) ) ;
#4922 = LINE ( 'NONE', #2055, #1107 ) ;
#4923 = AXIS2_PLACEMENT_3D ( 'NONE', #5123, #1152, #697 ) ;
#4924 = VECTOR ( 'NONE', #1654, 1000.000000000000000 ) ;
#4925 = LINE ( 'NONE', #5883, #5366 ) ;
#4926 = CIRCLE ( 'NONE', #3068, 4.875000000000000000 ) ;
#4927 = VERTEX_POINT ( 'NONE', #3435 ) ;
#4928 = DIRECTION ( 'NONE',  ( 1.000000000000000000, 0.000000000000000000, 0.000000000000000000 ) ) ;
#4929 = ADVANCED_FACE ( 'NONE', ( #65 ), #2446, .F. ) ;
#4930 = LINE ( 'NONE', #3927, #5383 ) ;
#4931 = CIRCLE ( 'NONE', #5876, 1.499999999999999556 ) ;
#4932 = CIRCLE ( 'NONE', #5774, 1.499999999999997780 ) ;
#4933 = ORIENTED_EDGE ( 'NONE', *, *, #1908, .F. ) ;
#4934 = LINE ( 'NONE', #966, #775 ) ;
#4935 = CARTESIAN_POINT ( 'NONE',  ( 30.00000000000000000, 0.000000000000000000, 0.000000000000000000 ) ) ;
#4936 = MECHANICAL_DESIGN_GEOMETRIC_PRESENTATION_REPRESENTATION (  '', ( #3281 ), #1516 ) ;
#4937 = CARTESIAN_POINT ( 'NONE',  ( -15.00000000000000000, 32.50000000000000000, -64.99999999999998579 ) ) ;
#4938 = ORIENTED_EDGE ( 'NONE', *, *, #4157, .F. ) ;
#4939 = EDGE_CURVE ( 'NONE', #1356, #4974, #4756, .T. ) ;
#4940 = EDGE_LOOP ( 'NONE', ( #6399, #3213, #2770, #5600, #1915, #5800, #5731, #622 ) ) ;
#4941 = ORIENTED_EDGE ( 'NONE', *, *, #2017, .F. ) ;
#4942 = CARTESIAN_POINT ( 'NONE',  ( -5.000000000000000888, 10.00000000000000178, -345.0000000000000000 ) ) ;
#4943 = EDGE_CURVE ( 'NONE', #2896, #6086, #4478, .T. ) ;
#4944 = CARTESIAN_POINT ( 'NONE',  ( -9.499999999999998224, -14.49999999999999822, -67.50000000000000000 ) ) ;
#4945 = ORIENTED_EDGE ( 'NONE', *, *, #4988, .T. ) ;
#4946 = CONICAL_SURFACE ( 'NONE', #1953, 1.499999999999997780, 1.029744258676653645 ) ;
#4947 = CARTESIAN_POINT ( 'NONE',  ( 12.99999999999999822, 1.493456771560197319E-16, -1.219500000000000028 ) ) ;
#4948 = VECTOR ( 'NONE', #3778, 1000.000000000000000 ) ;
#4949 = PRODUCT_RELATED_PRODUCT_CATEGORY ( 'part', '', ( #1836 ) ) ;
#4950 = CARTESIAN_POINT ( 'NONE',  ( 22.50000000000000000, 22.50000000000000355, -67.50000000000000000 ) ) ;
#4951 = ORIENTED_EDGE ( 'NONE', *, *, #2718, .F. ) ;
#4952 = CARTESIAN_POINT ( 'NONE',  ( -15.00000000000000000, 32.50000000000000000, -62.49999999999998579 ) ) ;
#4953 = CIRCLE ( 'NONE', #5893, 1.499999999999999556 ) ;
#4954 = EDGE_LOOP ( 'NONE', ( #827, #801, #3671, #4715 ) ) ;
#4955 = EDGE_CURVE ( 'NONE', #1019, #5009, #2485, .T. ) ;
#4956 = CARTESIAN_POINT ( 'NONE',  ( 0.000000000000000000, 32.50000000000000000, 0.000000000000000000 ) ) ;
#4957 = VERTEX_POINT ( 'NONE', #1084 ) ;
#4958 = AXIS2_PLACEMENT_3D ( 'NONE', #4039, #5510, #1456 ) ;
#4959 = FACE_OUTER_BOUND ( 'NONE', #416, .T. ) ;
#4960 = CIRCLE ( 'NONE', #1655, 2.500000000000002220 ) ;
#4961 = DIRECTION ( 'NONE',  ( 0.6486430092966397609, -0.7610927975553304359, -1.437267484796270722E-17 ) ) ;
#4962 = FACE_OUTER_BOUND ( 'NONE', #5983, .T. ) ;
#4963 = AXIS2_PLACEMENT_3D ( 'NONE', #4993, #6356, #1963 ) ;
#4964 = ORIENTED_EDGE ( 'NONE', *, *, #5262, .T. ) ;
#4965 = DIRECTION ( 'NONE',  ( 1.000000000000000000, 0.000000000000000000, 0.000000000000000000 ) ) ;
#4966 = ORIENTED_EDGE ( 'NONE', *, *, #6323, .T. ) ;
#4967 = DIRECTION ( 'NONE',  ( -1.000000000000000000, -0.000000000000000000, -0.000000000000000000 ) ) ;
#4968 = AXIS2_PLACEMENT_3D ( 'NONE', #1858, #1364, #5318 ) ;
#4969 = ORIENTED_EDGE ( 'NONE', *, *, #1077, .T. ) ;
#4970 = CARTESIAN_POINT ( 'NONE',  ( 0.000000000000000000, 0.000000000000000000, 0.000000000000000000 ) ) ;
#4971 = DIRECTION ( 'NONE',  ( 0.000000000000000000, 0.4999999999999993339, -0.8660254037844389297 ) ) ;
#4972 = EDGE_CURVE ( 'NONE', #3383, #391, #6008, .T. ) ;
#4973 = DIRECTION ( 'NONE',  ( -1.000000000000000000, -0.000000000000000000, -0.000000000000000000 ) ) ;
#4974 = VERTEX_POINT ( 'NONE', #3983 ) ;
#4975 = DIRECTION ( 'NONE',  ( 1.000000000000000000, 0.000000000000000000, 0.000000000000000000 ) ) ;
#4976 = ORIENTED_EDGE ( 'NONE', *, *, #4186, .F. ) ;
#4977 = CYLINDRICAL_SURFACE ( 'NONE', #4532, 1.499999999999999556 ) ;
#4978 = CARTESIAN_POINT ( 'NONE',  ( 14.99999999999999645, 20.99784845243109999, -62.49999999999999289 ) ) ;
#4979 = DIRECTION ( 'NONE',  ( -1.000000000000000000, 0.000000000000000000, 0.000000000000000000 ) ) ;
#4980 = ADVANCED_FACE ( 'NONE', ( #541 ), #3891, .F. ) ;
#4981 = ADVANCED_FACE ( 'NONE', ( #4899 ), #5946, .F. ) ;
#4982 = LINE ( 'NONE', #3447, #3278 ) ;
#4983 = EDGE_LOOP ( 'NONE', ( #4705, #2434, #5083, #1778, #6204, #3430, #940, #210 ) ) ;
#4984 = FACE_OUTER_BOUND ( 'NONE', #431, .T. ) ;
#4985 = ORIENTED_EDGE ( 'NONE', *, *, #356, .F. ) ;
#4986 = CARTESIAN_POINT ( 'NONE',  ( 2.499999999999995115, 0.000000000000000000, 9.999999999999998224 ) ) ;
#4987 = ORIENTED_EDGE ( 'NONE', *, *, #1271, .F. ) ;
#4988 = EDGE_CURVE ( 'NONE', #3573, #4817, #4453, .T. ) ;
#4989 = CARTESIAN_POINT ( 'NONE',  ( 22.50000000000000000, -22.50000000000000000, 59.50000000000000711 ) ) ;
#4990 = SURFACE_STYLE_USAGE ( .BOTH. , #1958 ) ;
#4991 = VERTEX_POINT ( 'NONE', #6 ) ;
#4992 = VERTEX_POINT ( 'NONE', #2024 ) ;
#4993 = CARTESIAN_POINT ( 'NONE',  ( 0.000000000000000000, 0.000000000000000000, 0.000000000000000000 ) ) ;
#4994 = EDGE_LOOP ( 'NONE', ( #1252, #3326, #1186 ) ) ;
#4995 = CARTESIAN_POINT ( 'NONE',  ( 14.00000000000000178, -17.50000000000000000, -67.50000000000000000 ) ) ;
#4996 = CARTESIAN_POINT ( 'NONE',  ( 0.000000000000000000, 0.000000000000000000, 67.50000000000000000 ) ) ;
#4997 = FACE_OUTER_BOUND ( 'NONE', #1239, .T. ) ;
#4998 = VECTOR ( 'NONE', #37, 1000.000000000000000 ) ;
#4999 = ORIENTED_EDGE ( 'NONE', *, *, #5112, .T. ) ;
#5000 = LINE ( 'NONE', #4028, #204 ) ;
#5001 = VERTEX_POINT ( 'NONE', #1966 ) ;
#5002 = CARTESIAN_POINT ( 'NONE',  ( 12.50000000000000178, 17.50000000000000000, -58.70000000000000284 ) ) ;
#5003 = EDGE_CURVE ( 'NONE', #785, #5001, #4403, .T. ) ;
#5004 = CARTESIAN_POINT ( 'NONE',  ( 0.000000000000000000, -1.478016689125442040, 1.626303258728256651E-15 ) ) ;
#5005 = DIRECTION ( 'NONE',  ( -0.000000000000000000, -0.000000000000000000, 1.000000000000000000 ) ) ;
#5006 = CARTESIAN_POINT ( 'NONE',  ( -9.500000000000001776, 32.50000000000000000, -57.50000000000000000 ) ) ;
#5007 =( REPRESENTATION_RELATIONSHIP ('NONE','NONE', #5522, #5350 ) REPRESENTATION_RELATIONSHIP_WITH_TRANSFORMATION ( #95 )SHAPE_REPRESENTATION_RELATIONSHIP( ) );
#5008 = ORIENTED_EDGE ( 'NONE', *, *, #4396, .F. ) ;
#5009 = VERTEX_POINT ( 'NONE', #3460 ) ;
#5010 = ADVANCED_FACE ( 'NONE', ( #5453 ), #1022, .T. ) ;
#5011 = CARTESIAN_POINT ( 'NONE',  ( -22.49999999999999645, 32.50000000000000000, -57.50000000000000000 ) ) ;
#5012 = ORIENTED_EDGE ( 'NONE', *, *, #112, .F. ) ;
#5013 = DIRECTION ( 'NONE',  ( 0.000000000000000000, 0.000000000000000000, -1.000000000000000000 ) ) ;
#5014 = EDGE_CURVE ( 'NONE', #215, #3820, #6222, .T. ) ;
#5015 = EDGE_CURVE ( 'NONE', #6120, #3415, #5059, .T. ) ;
#5016 = CARTESIAN_POINT ( 'NONE',  ( 7.500000000000001776, -10.50000000000000533, 0.000000000000000000 ) ) ;
#5017 = VECTOR ( 'NONE', #6263, 1000.000000000000000 ) ;
#5018 = CONICAL_SURFACE ( 'NONE', #5867, 1.499999999999997780, 1.029744258676653645 ) ;
#5019 = ORIENTED_EDGE ( 'NONE', *, *, #5419, .T. ) ;
#5020 = CARTESIAN_POINT ( 'NONE',  ( -5.000000000000000000, -9.999999999999998224, 30.00000000000000000 ) ) ;
#5021 = DIRECTION ( 'NONE',  ( 0.000000000000000000, 1.000000000000000000, 0.000000000000000000 ) ) ;
#5022 = ADVANCED_FACE ( 'NONE', ( #6358 ), #1925, .F. ) ;
#5023 = CARTESIAN_POINT ( 'NONE',  ( 1.899999999999999911, 1.732050807568877193, 1.845044017635222066E-16 ) ) ;
#5024 = DIRECTION ( 'NONE',  ( 0.000000000000000000, 0.000000000000000000, 1.000000000000000000 ) ) ;
#5025 = CONICAL_SURFACE ( 'NONE', #5450, 2.500000000000002220, 1.029744258676653645 ) ;
#5026 = AXIS2_PLACEMENT_3D ( 'NONE', #6226, #4732, #337 ) ;
#5027 = DIRECTION ( 'NONE',  ( 0.000000000000000000, -0.5000000000000002220, 0.8660254037844384856 ) ) ;
#5028 = VERTEX_POINT ( 'NONE', #1116 ) ;
#5029 = CARTESIAN_POINT ( 'NONE',  ( 0.000000000000000000, 0.000000000000000000, -314.9999999999999432 ) ) ;
#5030 = ORIENTED_EDGE ( 'NONE', *, *, #2803, .T. ) ;
#5031 = LINE ( 'NONE', #1539, #928 ) ;
#5032 = UNCERTAINTY_MEASURE_WITH_UNIT (LENGTH_MEASURE( 1.000000000000000082E-05 ), #3337, 'distance_accuracy_value', 'NONE');
#5033 = PRESENTATION_LAYER_ASSIGNMENT (  '', '', ( #4212 ) ) ;
#5034 = CARTESIAN_POINT ( 'NONE',  ( 30.00000000000000000, 0.000000000000000000, 0.000000000000000000 ) ) ;
#5035 = CARTESIAN_POINT ( 'NONE',  ( -12.50000000000000533, 17.49999999999999645, 30.00000000000000000 ) ) ;
#5036 = AXIS2_PLACEMENT_3D ( 'NONE', #3839, #811, #2777 ) ;
#5037 = CIRCLE ( 'NONE', #3882, 1.500000000000000222 ) ;
#5038 = CARTESIAN_POINT ( 'NONE',  ( 0.000000000000000000, 0.7390083445627199099, -1.280000000000000693 ) ) ;
#5039 = ORIENTED_EDGE ( 'NONE', *, *, #2143, .T. ) ;
#5040 = CARTESIAN_POINT ( 'NONE',  ( 12.50000000000000178, -17.50000000000000000, 58.70000000000000284 ) ) ;
#5041 = ORIENTED_EDGE ( 'NONE', *, *, #193, .T. ) ;
#5042 = VECTOR ( 'NONE', #4026, 1000.000000000000000 ) ;
#5043 = PRESENTATION_STYLE_ASSIGNMENT (( #3972 ) ) ;
#5044 = ORIENTED_EDGE ( 'NONE', *, *, #5047, .F. ) ;
#5045 = CIRCLE ( 'NONE', #3184, 2.499999999999995115 ) ;
#5046 = AXIS2_PLACEMENT_3D ( 'NONE', #1785, #3756, #4854 ) ;
#5047 = EDGE_CURVE ( 'NONE', #3647, #5487, #1628, .T. ) ;
#5048 = CARTESIAN_POINT ( 'NONE',  ( 14.00000000000000178, -17.50000000000000000, -67.50000000000000000 ) ) ;
#5049 = AXIS2_PLACEMENT_3D ( 'NONE', #141, #3130, #1674 ) ;
#5050 = CYLINDRICAL_SURFACE ( 'NONE', #6062, 1.499999999999999556 ) ;
#5051 = AXIS2_PLACEMENT_3D ( 'NONE', #390, #2374, #6315 ) ;
#5052 = APPLICATION_PROTOCOL_DEFINITION ( 'draft international standard', 'automotive_design', 1998, #1874 ) ;
#5053 = VECTOR ( 'NONE', #2711, 1000.000000000000000 ) ;
#5054 = EDGE_CURVE ( 'NONE', #6221, #997, #2078, .T. ) ;
#5055 = EDGE_CURVE ( 'NONE', #5464, #300, #4308, .T. ) ;
#5056 = VECTOR ( 'NONE', #3470, 1000.000000000000114 ) ;
#5057 = ORIENTED_EDGE ( 'NONE', *, *, #3829, .F. ) ;
#5058 = PLANE ( 'NONE',  #4653 ) ;
#5059 = CIRCLE ( 'NONE', #4542, 1.500000000000000000 ) ;
#5060 = DIRECTION ( 'NONE',  ( -0.7071067811865462405, 0.000000000000000000, 0.7071067811865489050 ) ) ;
#5061 = PLANE ( 'NONE',  #1795 ) ;
#5062 = VECTOR ( 'NONE', #4706, 1000.000000000000000 ) ;
#5063 = CARTESIAN_POINT ( 'NONE',  ( 0.000000000000000000, -1.732050807568878303, -1.084202172485504434E-16 ) ) ;
#5064 = ADVANCED_FACE ( 'NONE', ( #100 ), #3631, .T. ) ;
#5065 = DIRECTION ( 'NONE',  ( -1.000000000000000000, 0.000000000000000000, 0.000000000000000000 ) ) ;
#5066 = ORIENTED_EDGE ( 'NONE', *, *, #71, .T. ) ;
#5067 = DIRECTION ( 'NONE',  ( -0.000000000000000000, -0.000000000000000000, -1.000000000000000000 ) ) ;
#5068 = VECTOR ( 'NONE', #6286, 1000.000000000000000 ) ;
#5069 = EDGE_LOOP ( 'NONE', ( #556, #1047, #4605 ) ) ;
#5070 = ORIENTED_EDGE ( 'NONE', *, *, #5934, .T. ) ;
#5071 = CARTESIAN_POINT ( 'NONE',  ( 12.49999999999999467, -17.50000000000000355, 34.99999999999999289 ) ) ;
#5072 = ORIENTED_EDGE ( 'NONE', *, *, #241, .T. ) ;
#5073 = CARTESIAN_POINT ( 'NONE',  ( 16.50000000000000000, 0.000000000000000000, 34.99999999999999289 ) ) ;
#5074 = DIRECTION ( 'NONE',  ( -0.000000000000000000, -0.000000000000000000, 1.000000000000000000 ) ) ;
#5075 = CARTESIAN_POINT ( 'NONE',  ( 1.300000000000000044, -0.7390083445627192438, 1.280000000000000915 ) ) ;
#5076 = EDGE_LOOP ( 'NONE', ( #5759, #3507, #5537, #1485 ) ) ;
#5077 = CARTESIAN_POINT ( 'NONE',  ( 1.899999999999999911, 0.8660254037844380415, 1.500000000000000000 ) ) ;
#5078 = ORIENTED_EDGE ( 'NONE', *, *, #1148, .F. ) ;
#5079 = ORIENTED_EDGE ( 'NONE', *, *, #1649, .T. ) ;
#5080 = ORIENTED_EDGE ( 'NONE', *, *, #4868, .T. ) ;
#5081 = ORIENTED_EDGE ( 'NONE', *, *, #5125, .F. ) ;
#5082 = DIRECTION ( 'NONE',  ( 1.000000000000000000, 0.000000000000000000, 0.000000000000000000 ) ) ;
#5083 = ORIENTED_EDGE ( 'NONE', *, *, #1308, .F. ) ;
#5084 = DIRECTION ( 'NONE',  ( -0.000000000000000000, -0.000000000000000000, 1.000000000000000000 ) ) ;
#5085 = DIRECTION ( 'NONE',  ( -0.000000000000000000, -0.000000000000000000, 1.000000000000000000 ) ) ;
#5086 = FACE_OUTER_BOUND ( 'NONE', #2275, .T. ) ;
#5087 = EDGE_CURVE ( 'NONE', #2623, #480, #4926, .T. ) ;
#5088 = PRODUCT_CONTEXT ( 'NONE', #2612, 'mechanical' ) ;
#5089 = VERTEX_POINT ( 'NONE', #1592 ) ;
#5090 = LINE ( 'NONE', #662, #3012 ) ;
#5091 = CARTESIAN_POINT ( 'NONE',  ( -5.049999999999999822, 10.05000000000000071, 34.99999999999999289 ) ) ;
#5092 = EDGE_CURVE ( 'NONE', #1302, #4239, #3989, .T. ) ;
#5093 = EDGE_CURVE ( 'NONE', #653, #524, #3696, .T. ) ;
#5094 = DIRECTION ( 'NONE',  ( -0.000000000000000000, 0.8660254037844385966, 0.5000000000000003331 ) ) ;
#5095 = DIRECTION ( 'NONE',  ( 0.000000000000000000, 0.000000000000000000, 1.000000000000000000 ) ) ;
#5096 = DIRECTION ( 'NONE',  ( -0.000000000000000000, 1.000000000000000000, 1.224646799147353207E-16 ) ) ;
#5097 = VERTEX_POINT ( 'NONE', #636 ) ;
#5098 = CARTESIAN_POINT ( 'NONE',  ( 7.500000000000001776, -10.50000000000000533, 0.000000000000000000 ) ) ;
#5099 = ORIENTED_EDGE ( 'NONE', *, *, #3956, .F. ) ;
#5100 = EDGE_LOOP ( 'NONE', ( #4148, #5432, #3749, #4618 ) ) ;
#5101 = CARTESIAN_POINT ( 'NONE',  ( 1.300000000000000044, -0.7390083445627219083, -1.279999999999998916 ) ) ;
#5102 = UNCERTAINTY_MEASURE_WITH_UNIT (LENGTH_MEASURE( 1.000000000000000082E-05 ), #5688, 'distance_accuracy_value', 'NONE');
#5103 = EDGE_CURVE ( 'NONE', #1867, #4559, #131, .T. ) ;
#5104 = EDGE_CURVE ( 'NONE', #2404, #5487, #1835, .T. ) ;
#5105 = DIRECTION ( 'NONE',  ( 0.000000000000000000, -0.5000000000000012212, -0.8660254037844379305 ) ) ;
#5106 = DIRECTION ( 'NONE',  ( 1.000000000000000000, -0.000000000000000000, -0.000000000000000000 ) ) ;
#5107 = DIRECTION ( 'NONE',  ( 0.000000000000000000, 0.000000000000000000, -1.000000000000000000 ) ) ;
#5108 = ORIENTED_EDGE ( 'NONE', *, *, #6038, .T. ) ;
#5109 = DIRECTION ( 'NONE',  ( -1.000000000000000000, -0.000000000000000000, -0.000000000000000000 ) ) ;
#5110 = ORIENTED_EDGE ( 'NONE', *, *, #2132, .F. ) ;
#5111 = ORIENTED_EDGE ( 'NONE', *, *, #5630, .F. ) ;
#5112 = EDGE_CURVE ( 'NONE', #569, #444, #4722, .T. ) ;
#5113 = CARTESIAN_POINT ( 'NONE',  ( 15.00000000000000000, 32.50000000000000000, -64.99999999999998579 ) ) ;
#5114 = DIRECTION ( 'NONE',  ( 0.000000000000000000, -0.000000000000000000, 1.000000000000000000 ) ) ;
#5115 = CARTESIAN_POINT ( 'NONE',  ( 12.99999999999999822, 0.000000000000000000, 0.000000000000000000 ) ) ;
#5116 = DIRECTION ( 'NONE',  ( -1.000000000000000000, 0.000000000000000000, 0.000000000000000000 ) ) ;
#5117 = CARTESIAN_POINT ( 'NONE',  ( -5.049999999999999822, -10.05000000000000071, 1.000000000000000888 ) ) ;
#5118 = VERTEX_POINT ( 'NONE', #3660 ) ;
#5119 = APPLICATION_PROTOCOL_DEFINITION ( 'draft international standard', 'automotive_design', 1998, #1703 ) ;
#5120 = DIRECTION ( 'NONE',  ( -1.000000000000000000, -0.000000000000000000, -0.000000000000000000 ) ) ;
#5121 = CARTESIAN_POINT ( 'NONE',  ( -12.49999999999999822, 17.50000000000000000, 58.70000000000000284 ) ) ;
#5122 = DIRECTION ( 'NONE',  ( -0.000000000000000000, -0.000000000000000000, 1.000000000000000000 ) ) ;
#5123 = CARTESIAN_POINT ( 'NONE',  ( 3.182842712474619251, 0.000000000000000000, 0.000000000000000000 ) ) ;
#5124 = PLANE ( 'NONE',  #4220 ) ;
#5125 = EDGE_CURVE ( 'NONE', #625, #4918, #2552, .T. ) ;
#5126 = ORIENTED_EDGE ( 'NONE', *, *, #4614, .F. ) ;
#5127 = DIRECTION ( 'NONE',  ( 0.000000000000000000, 0.000000000000000000, 1.000000000000000000 ) ) ;
#5128 = VERTEX_POINT ( 'NONE', #4638 ) ;
#5129 = DIRECTION ( 'NONE',  ( -0.000000000000000000, -0.000000000000000000, 1.000000000000000000 ) ) ;
#5130 = CONICAL_SURFACE ( 'NONE', #1305, 5.000000000000000000, 0.7853981633974485010 ) ;
#5131 = VECTOR ( 'NONE', #945, 1000.000000000000000 ) ;
#5132 = CARTESIAN_POINT ( 'NONE',  ( 1.899999999999999911, 1.732050807568877193, 1.845044017635222066E-16 ) ) ;
#5133 = CARTESIAN_POINT ( 'NONE',  ( 22.50000000000000000, -22.50000000000000000, -67.50000000000000000 ) ) ;
#5134 = AXIS2_PLACEMENT_3D ( 'NONE', #5121, #4051, #4182 ) ;
#5135 = PRODUCT_DEFINITION_SHAPE ( 'NONE', 'NONE',  #2572 ) ;
#5136 = AXIS2_PLACEMENT_3D ( 'NONE', #1016, #4475, #539 ) ;
#5137 = DIRECTION ( 'NONE',  ( 1.000000000000000000, -0.000000000000000000, 0.000000000000000000 ) ) ;
#5138 = EDGE_CURVE ( 'NONE', #3716, #1672, #3557, .T. ) ;
#5139 = AXIS2_PLACEMENT_3D ( 'NONE', #879, #3874, #5335 ) ;
#5140 = EDGE_CURVE ( 'NONE', #2676, #2545, #3120, .T. ) ;
#5141 = ORIENTED_EDGE ( 'NONE', *, *, #4591, .T. ) ;
#5142 = DIRECTION ( 'NONE',  ( 0.000000000000000000, 0.000000000000000000, -1.000000000000000000 ) ) ;
#5143 = AXIS2_PLACEMENT_3D ( 'NONE', #3313, #5292, #2731 ) ;
#5144 = EDGE_LOOP ( 'NONE', ( #2912, #4667, #1888, #5108, #1332 ) ) ;
#5145 = ORIENTED_EDGE ( 'NONE', *, *, #1899, .T. ) ;
#5146 = CARTESIAN_POINT ( 'NONE',  ( -5.264751262380698570E-15, 0.000000000000000000, -8.497848452431094657 ) ) ;
#5147 = AXIS2_PLACEMENT_3D ( 'NONE', #3376, #1802, #5363 ) ;
#5148 = CARTESIAN_POINT ( 'NONE',  ( -12.49999999999999822, -17.50000000000000000, -58.70000000000000284 ) ) ;
#5149 = VECTOR ( 'NONE', #616, 1000.000000000000000 ) ;
#5150 = DIRECTION ( 'NONE',  ( 0.000000000000000000, -1.000000000000000000, -2.503857664561932376E-16 ) ) ;
#5151 = EDGE_CURVE ( 'NONE', #2226, #4655, #4152, .T. ) ;
#5152 = FACE_OUTER_BOUND ( 'NONE', #3300, .T. ) ;
#5153 = VECTOR ( 'NONE', #995, 1000.000000000000000 ) ;
#5154 = ORIENTED_EDGE ( 'NONE', *, *, #5093, .T. ) ;
#5155 = LINE ( 'NONE', #2283, #5966 ) ;
#5156 = VECTOR ( 'NONE', #2650, 1000.000000000000114 ) ;
#5157 = ORIENTED_EDGE ( 'NONE', *, *, #4746, .F. ) ;
#5158 = ITEM_DEFINED_TRANSFORMATION ( 'NONE', 'NONE', #2936,  #1582 ) ;
#5159 = CONICAL_SURFACE ( 'NONE', #4838, 1.219500000000000028, 0.7853981633974683740 ) ;
#5160 = FACE_OUTER_BOUND ( 'NONE', #1651, .T. ) ;
#5161 = AXIS2_PLACEMENT_3D ( 'NONE', #3306, #856, #5870 ) ;
#5162 = CARTESIAN_POINT ( 'NONE',  ( -31.74999999999995737, 3.367778697655221012E-16, -2.750000000000000000 ) ) ;
#5163 = VECTOR ( 'NONE', #3535, 1000.000000000000000 ) ;
#5164 = CARTESIAN_POINT ( 'NONE',  ( 0.000000000000000000, 0.000000000000000000, 0.000000000000000000 ) ) ;
#5165 = DIRECTION ( 'NONE',  ( 1.000000000000000000, 0.000000000000000000, 0.000000000000000000 ) ) ;
#5166 = AXIS2_PLACEMENT_3D ( 'NONE', #3617, #5607, #3717 ) ;
#5167 = ORIENTED_EDGE ( 'NONE', *, *, #5910, .T. ) ;
#5168 = CARTESIAN_POINT ( 'NONE',  ( 5.049999999999999822, -10.05000000000000071, 34.99999999999999289 ) ) ;
#5169 = VECTOR ( 'NONE', #3802, 1000.000000000000000 ) ;
#5170 = ORIENTED_EDGE ( 'NONE', *, *, #3078, .F. ) ;
#5171 = CARTESIAN_POINT ( 'NONE',  ( -20.49999999999999645, -22.50000000000000000, 59.50000000000000711 ) ) ;
#5172 = VERTEX_POINT ( 'NONE', #2631 ) ;
#5173 = CARTESIAN_POINT ( 'NONE',  ( 12.50000000000000178, 17.50000000000000000, 58.70000000000000284 ) ) ;
#5174 = AXIS2_PLACEMENT_3D ( 'NONE', #5925, #3033, #5430 ) ;
#5175 = EDGE_LOOP ( 'NONE', ( #2749, #4321, #5681, #1646, #2620, #4791 ) ) ;
#5176 = ORIENTED_EDGE ( 'NONE', *, *, #4538, .F. ) ;
#5177 = LINE ( 'NONE', #6077, #192 ) ;
#5178 = DIRECTION ( 'NONE',  ( 0.000000000000000000, -1.000000000000000000, 0.000000000000000000 ) ) ;
#5179 = EDGE_CURVE ( 'NONE', #1446, #4486, #170, .T. ) ;
#5180 = AXIS2_PLACEMENT_3D ( 'NONE', #1248, #408, #2802 ) ;
#5181 = DIRECTION ( 'NONE',  ( 1.000000000000000000, 0.000000000000000000, -1.734723475976806848E-16 ) ) ;
#5182 = ORIENTED_EDGE ( 'NONE', *, *, #5820, .T. ) ;
#5183 = DIRECTION ( 'NONE',  ( -1.000000000000000000, 0.000000000000000000, 0.000000000000000000 ) ) ;
#5184 = ORIENTED_EDGE ( 'NONE', *, *, #2521, .F. ) ;
#5185 = ORIENTED_EDGE ( 'NONE', *, *, #1182, .F. ) ;
#5186 = VERTEX_POINT ( 'NONE', #2155 ) ;
#5187 = CARTESIAN_POINT ( 'NONE',  ( -5.049999999999999822, -11.05000000000000071, 34.99999999999999289 ) ) ;
#5188 = CONICAL_SURFACE ( 'NONE', #5598, 2.499999999999992895, 1.029744258676656310 ) ;
#5189 = FACE_BOUND ( 'NONE', #200, .T. ) ;
#5190 = ADVANCED_FACE ( 'NONE', ( #1667 ), #5617, .T. ) ;
#5191 = EDGE_CURVE ( 'NONE', #6241, #4394, #1210, .T. ) ;
#5192 = DIRECTION ( 'NONE',  ( 0.000000000000000000, -0.000000000000000000, 1.000000000000000000 ) ) ;
#5193 = FACE_OUTER_BOUND ( 'NONE', #3128, .T. ) ;
#5194 = ORIENTED_EDGE ( 'NONE', *, *, #2796, .F. ) ;
#5195 = EDGE_CURVE ( 'NONE', #3973, #5186, #4510, .T. ) ;
#5196 = CARTESIAN_POINT ( 'NONE',  ( -15.50000000000000178, 20.49999999999999289, 34.99999999999999289 ) ) ;
#5197 = DIRECTION ( 'NONE',  ( 0.000000000000000000, 0.000000000000000000, 1.000000000000000000 ) ) ;
#5198 = LINE ( 'NONE', #265, #5872 ) ;
#5199 = PLANE ( 'NONE',  #4525 ) ;
#5200 = ORIENTED_EDGE ( 'NONE', *, *, #1922, .F. ) ;
#5201 = CARTESIAN_POINT ( 'NONE',  ( -6.049999999999999822, 11.05000000000000071, 34.99999999999999289 ) ) ;
#5202 = ORIENTED_EDGE ( 'NONE', *, *, #1335, .F. ) ;
#5203 = DIRECTION ( 'NONE',  ( -1.000000000000000000, -0.000000000000000000, -0.000000000000000000 ) ) ;
#5204 = CARTESIAN_POINT ( 'NONE',  ( -11.00000000000000711, -17.50000000000000355, 30.00000000000000000 ) ) ;
#5205 = CARTESIAN_POINT ( 'NONE',  ( 2.499999999999995115, 3.061616997868377225E-16, -9.999999999999998224 ) ) ;
#5206 = CARTESIAN_POINT ( 'NONE',  ( -7.500000000000000000, 32.50000000000000000, -67.50000000000000000 ) ) ;
#5207 = AXIS2_PLACEMENT_3D ( 'NONE', #435, #2019, #1957 ) ;
#5208 = VERTEX_POINT ( 'NONE', #4219 ) ;
#5209 = CYLINDRICAL_SURFACE ( 'NONE', #937, 2.000000000000001776 ) ;
#5210 = EDGE_CURVE ( 'NONE', #2073, #2896, #2861, .T. ) ;
#5211 = ORIENTED_EDGE ( 'NONE', *, *, #4893, .F. ) ;
#5212 = VERTEX_POINT ( 'NONE', #3734 ) ;
#5213 = FACE_OUTER_BOUND ( 'NONE', #1166, .T. ) ;
#5214 = DIRECTION ( 'NONE',  ( -1.000000000000000000, 0.000000000000000000, 0.000000000000000000 ) ) ;
#5215 = DIRECTION ( 'NONE',  ( 1.000000000000000000, 1.734723475976807587E-16, 0.000000000000000000 ) ) ;
#5216 = DIRECTION ( 'NONE',  ( 1.387778780781445676E-16, -1.000000000000000000, 0.000000000000000000 ) ) ;
#5217 = EDGE_CURVE ( 'NONE', #3165, #6025, #4414, .T. ) ;
#5218 = ORIENTED_EDGE ( 'NONE', *, *, #1865, .F. ) ;
#5219 = LINE ( 'NONE', #3871, #5131 ) ;
#5220 = ADVANCED_BREP_SHAPE_REPRESENTATION ( '', ( #3290, #1582 ), #2002 ) ;
#5221 = ORIENTED_EDGE ( 'NONE', *, *, #1002, .T. ) ;
#5222 = ADVANCED_FACE ( 'NONE', ( #5258 ), #263, .T. ) ;
#5223 = EDGE_CURVE ( 'NONE', #3786, #4807, #1274, .T. ) ;
#5224 = FACE_OUTER_BOUND ( 'NONE', #753, .T. ) ;
#5225 = VERTEX_POINT ( 'NONE', #831 ) ;
#5226 = CARTESIAN_POINT ( 'NONE',  ( -5.500000000000001776, 10.49999999999999467, 30.00000000000000000 ) ) ;
#5227 =( NAMED_UNIT ( * ) PLANE_ANGLE_UNIT ( ) SI_UNIT ( $, .RADIAN. ) );
#5228 = PLANE ( 'NONE',  #2858 ) ;
#5229 = DIRECTION ( 'NONE',  ( -0.000000000000000000, -0.000000000000000000, 1.000000000000000000 ) ) ;
#5230 = ORIENTED_EDGE ( 'NONE', *, *, #3078, .T. ) ;
#5231 = DIRECTION ( 'NONE',  ( 1.000000000000000000, 0.000000000000000000, 0.000000000000000000 ) ) ;
#5232 = DIRECTION ( 'NONE',  ( -1.000000000000000000, -0.000000000000000000, -0.000000000000000000 ) ) ;
#5233 = ORIENTED_EDGE ( 'NONE', *, *, #1340, .F. ) ;
#5234 = DIRECTION ( 'NONE',  ( -0.000000000000000000, -0.000000000000000000, -1.000000000000000000 ) ) ;
#5235 = LINE ( 'NONE', #4325, #3343 ) ;
#5236 = LINE ( 'NONE', #2835, #4919 ) ;
#5237 = CARTESIAN_POINT ( 'NONE',  ( 22.50000000000000000, -20.49999999999999645, 67.50000000000000000 ) ) ;
#5238 = ORIENTED_EDGE ( 'NONE', *, *, #5913, .F. ) ;
#5239 = DIRECTION ( 'NONE',  ( 0.000000000000000000, -0.5000000000000003331, -0.8660254037844384856 ) ) ;
#5240 = AXIS2_PLACEMENT_3D ( 'NONE', #766, #2633, #1120 ) ;
#5241 = ORIENTED_EDGE ( 'NONE', *, *, #783, .F. ) ;
#5242 = CIRCLE ( 'NONE', #269, 1.500000000000000222 ) ;
#5243 = ORIENTED_EDGE ( 'NONE', *, *, #1375, .F. ) ;
#5244 = ORIENTED_EDGE ( 'NONE', *, *, #3322, .T. ) ;
#5245 = DIRECTION ( 'NONE',  ( 0.000000000000000000, 0.000000000000000000, -1.000000000000000000 ) ) ;
#5246 = DIRECTION ( 'NONE',  ( 0.000000000000000000, 1.000000000000000000, 0.000000000000000000 ) ) ;
#5247 = VECTOR ( 'NONE', #3632, 1000.000000000000000 ) ;
#5248 = DIRECTION ( 'NONE',  ( 0.000000000000000000, -1.173683280263405955E-15, -1.000000000000000000 ) ) ;
#5249 = FACE_OUTER_BOUND ( 'NONE', #5511, .T. ) ;
#5250 = ORIENTED_EDGE ( 'NONE', *, *, #362, .T. ) ;
#5251 = CIRCLE ( 'NONE', #4419, 1.279999999999999805 ) ;
#5252 = AXIS2_PLACEMENT_3D ( 'NONE', #1643, #5701, #5604 ) ;
#5253 = ORIENTED_EDGE ( 'NONE', *, *, #230, .F. ) ;
#5254 = AXIS2_PLACEMENT_3D ( 'NONE', #2144, #6153, #4105 ) ;
#5255 = ADVANCED_FACE ( 'NONE', ( #2797 ), #5746, .F. ) ;
#5256 = AXIS2_PLACEMENT_3D ( 'NONE', #4508, #1534, #3030 ) ;
#5257 = CARTESIAN_POINT ( 'NONE',  ( -5.000000000000002665, 10.00000000000000178, 30.00000000000000000 ) ) ;
#5258 = FACE_OUTER_BOUND ( 'NONE', #3654, .T. ) ;
#5259 = VECTOR ( 'NONE', #2576, 1000.000000000000114 ) ;
#5260 = FILL_AREA_STYLE_COLOUR ( '', #589 ) ;
#5261 = VECTOR ( 'NONE', #3132, 1000.000000000000000 ) ;
#5262 = EDGE_CURVE ( 'NONE', #6345, #4375, #2757, .T. ) ;
#5263 = EDGE_CURVE ( 'NONE', #3436, #3417, #4254, .T. ) ;
#5264 = CIRCLE ( 'NONE', #2893, 1.499999999999999556 ) ;
#5265 = CARTESIAN_POINT ( 'NONE',  ( 0.000000000000000000, 0.000000000000000000, -314.9999999999999432 ) ) ;
#5266 = ORIENTED_EDGE ( 'NONE', *, *, #5796, .T. ) ;
#5267 = LINE ( 'NONE', #1868, #6312 ) ;
#5268 = AXIS2_PLACEMENT_3D ( 'NONE', #613, #519, #971 ) ;
#5269 = FACE_BOUND ( 'NONE', #335, .T. ) ;
#5270 = DIRECTION ( 'NONE',  ( -0.000000000000000000, -0.000000000000000000, -1.000000000000000000 ) ) ;
#5271 = DIRECTION ( 'NONE',  ( -0.000000000000000000, -0.000000000000000000, 1.000000000000000000 ) ) ;
#5272 = CARTESIAN_POINT ( 'NONE',  ( 6.049999999999999822, 10.05000000000000071, 0.000000000000000000 ) ) ;
#5273 = EDGE_CURVE ( 'NONE', #4857, #2937, #591, .T. ) ;
#5274 = VECTOR ( 'NONE', #5324, 1000.000000000000000 ) ;
#5275 = CARTESIAN_POINT ( 'NONE',  ( 0.000000000000000000, -12.50000000000000533, 30.00000000000000000 ) ) ;
#5276 = ORIENTED_EDGE ( 'NONE', *, *, #4425, .T. ) ;
#5277 = DIRECTION ( 'NONE',  ( 1.000000000000000000, 0.000000000000000000, 0.000000000000000000 ) ) ;
#5278 = AXIS2_PLACEMENT_3D ( 'NONE', #3228, #901, #875 ) ;
#5279 = ORIENTED_EDGE ( 'NONE', *, *, #2530, .T. ) ;
#5280 = ORIENTED_EDGE ( 'NONE', *, *, #3350, .F. ) ;
#5281 = LINE ( 'NONE', #1358, #5779 ) ;
#5282 = FACE_OUTER_BOUND ( 'NONE', #5421, .T. ) ;
#5283 = VECTOR ( 'NONE', #4897, 1000.000000000000000 ) ;
#5284 = DIRECTION ( 'NONE',  ( -1.000000000000000000, 0.000000000000000000, 0.000000000000000000 ) ) ;
#5285 = LINE ( 'NONE', #3877, #3088 ) ;
#5286 = ORIENTED_EDGE ( 'NONE', *, *, #2994, .T. ) ;
#5287 = ORIENTED_EDGE ( 'NONE', *, *, #4771, .T. ) ;
#5288 = AXIS2_PLACEMENT_3D ( 'NONE', #3402, #1431, #5390 ) ;
#5289 = VERTEX_POINT ( 'NONE', #305 ) ;
#5290 = FACE_OUTER_BOUND ( 'NONE', #5175, .T. ) ;
#5291 = ADVANCED_FACE ( 'NONE', ( #2251 ), #1243, .F. ) ;
#5292 = DIRECTION ( 'NONE',  ( -0.000000000000000000, -0.000000000000000000, 1.000000000000000000 ) ) ;
#5293 = DIRECTION ( 'NONE',  ( 1.387778780781445676E-16, -1.000000000000000000, 0.000000000000000000 ) ) ;
#5294 = DIRECTION ( 'NONE',  ( 0.000000000000000000, 0.8660254037844380415, -0.5000000000000011102 ) ) ;
#5295 = ORIENTED_EDGE ( 'NONE', *, *, #1383, .T. ) ;
#5296 = DIRECTION ( 'NONE',  ( -1.000000000000000000, 0.000000000000000000, 0.000000000000000000 ) ) ;
#5297 = ADVANCED_FACE ( 'NONE', ( #1793 ), #3762, .F. ) ;
#5298 = DIRECTION ( 'NONE',  ( 0.000000000000000000, 0.5000000000000002220, 0.8660254037844384856 ) ) ;
#5299 = EDGE_CURVE ( 'NONE', #1606, #1894, #3998, .T. ) ;
#5300 = CARTESIAN_POINT ( 'NONE',  ( -11.00000000000000178, 17.50000000000000000, 58.70000000000000284 ) ) ;
#5301 = DIRECTION ( 'NONE',  ( 1.000000000000000000, 0.000000000000000000, 0.000000000000000000 ) ) ;
#5302 = LINE ( 'NONE', #4801, #5865 ) ;
#5303 = PRODUCT ( 'PRT-17', 'PRT-17', '', ( #2089 ) ) ;
#5304 = CARTESIAN_POINT ( 'NONE',  ( -6.049999999999999822, 11.05000000000000071, 34.99999999999999289 ) ) ;
#5305 = ORIENTED_EDGE ( 'NONE', *, *, #4023, .F. ) ;
#5306 = CARTESIAN_POINT ( 'NONE',  ( -5.500000000000001776, 12.49999999999999467, 30.00000000000000000 ) ) ;
#5307 = EDGE_CURVE ( 'NONE', #5009, #312, #387, .T. ) ;
#5308 = ORIENTED_EDGE ( 'NONE', *, *, #4943, .T. ) ;
#5309 = ORIENTED_EDGE ( 'NONE', *, *, #3230, .T. ) ;
#5310 = ADVANCED_FACE ( 'NONE', ( #4794 ), #364, .F. ) ;
#5311 = DIRECTION ( 'NONE',  ( -1.000000000000000000, 0.000000000000000000, -0.000000000000000000 ) ) ;
#5312 = FACE_OUTER_BOUND ( 'NONE', #4844, .T. ) ;
#5313 = DIRECTION ( 'NONE',  ( 1.000000000000000000, 0.000000000000000000, -0.000000000000000000 ) ) ;
#5314 = LINE ( 'NONE', #359, #4333 ) ;
#5315 = ORIENTED_EDGE ( 'NONE', *, *, #6125, .F. ) ;
#5316 = ORIENTED_EDGE ( 'NONE', *, *, #4218, .T. ) ;
#5317 = CIRCLE ( 'NONE', #2013, 1.499999999999997780 ) ;
#5318 = DIRECTION ( 'NONE',  ( 1.000000000000000000, 0.000000000000000000, 0.000000000000000000 ) ) ;
#5319 = VECTOR ( 'NONE', #3527, 1000.000000000000000 ) ;
#5320 = DIRECTION ( 'NONE',  ( 1.000000000000000000, 1.387778780781445676E-16, -0.000000000000000000 ) ) ;
#5321 = CARTESIAN_POINT ( 'NONE',  ( 7.499999999999998224, 10.49999999999999467, 30.00000000000000000 ) ) ;
#5322 = ORIENTED_EDGE ( 'NONE', *, *, #1557, .T. ) ;
#5323 = CARTESIAN_POINT ( 'NONE',  ( -12.49999999999999822, -17.50000000000000000, -58.70000000000000284 ) ) ;
#5324 = DIRECTION ( 'NONE',  ( -0.000000000000000000, -1.000000000000000000, -0.000000000000000000 ) ) ;
#5325 = DIRECTION ( 'NONE',  ( 0.000000000000000000, 0.000000000000000000, 1.000000000000000000 ) ) ;
#5326 = DIRECTION ( 'NONE',  ( -1.000000000000000000, 0.000000000000000000, -0.000000000000000000 ) ) ;
#5327 = CARTESIAN_POINT ( 'NONE',  ( 15.00000000000001421, 22.50000000000000000, 64.99999999999998579 ) ) ;
#5328 = EDGE_CURVE ( 'NONE', #6086, #2647, #1202, .T. ) ;
#5329 = DIRECTION ( 'NONE',  ( 1.000000000000000000, 0.000000000000000000, 0.000000000000000000 ) ) ;
#5330 = ORIENTED_EDGE ( 'NONE', *, *, #1192, .T. ) ;
#5331 = LINE ( 'NONE', #3257, #1969 ) ;
#5332 = ORIENTED_EDGE ( 'NONE', *, *, #1487, .T. ) ;
#5333 = DIRECTION ( 'NONE',  ( 0.000000000000000000, -1.000000000000000000, 0.000000000000000000 ) ) ;
#5334 = CARTESIAN_POINT ( 'NONE',  ( -9.500000000000005329, 22.50000000000000355, 57.50000000000000000 ) ) ;
#5335 = DIRECTION ( 'NONE',  ( 0.000000000000000000, 0.000000000000000000, 1.000000000000000000 ) ) ;
#5336 = EDGE_CURVE ( 'NONE', #4724, #378, #6091, .T. ) ;
#5337 = ADVANCED_FACE ( 'NONE', ( #4691 ), #1713, .T. ) ;
#5338 = CARTESIAN_POINT ( 'NONE',  ( 15.00000000000000000, 22.50000000000000000, -64.99999999999998579 ) ) ;
#5339 = ORIENTED_EDGE ( 'NONE', *, *, #764, .F. ) ;
#5340 = DIRECTION ( 'NONE',  ( -0.000000000000000000, 1.000000000000000000, -0.000000000000000000 ) ) ;
#5341 = EDGE_LOOP ( 'NONE', ( #5655, #1056, #3310, #2765 ) ) ;
#5342 = PRODUCT_RELATED_PRODUCT_CATEGORY ( 'part', '', ( #5663 ) ) ;
#5343 = VERTEX_POINT ( 'NONE', #3686 ) ;
#5344 = AXIS2_PLACEMENT_3D ( 'NONE', #6255, #4768, #6194 ) ;
#5345 = ADVANCED_FACE ( 'NONE', ( #1615 ), #196, .F. ) ;
#5346 = AXIS2_PLACEMENT_3D ( 'NONE', #1377, #2833, #3835 ) ;
#5347 = CONICAL_SURFACE ( 'NONE', #5768, 1.499999999999997780, 1.029744258676653645 ) ;
#5348 = CARTESIAN_POINT ( 'NONE',  ( 12.50000000000000178, 17.50000000000000000, -58.70000000000000284 ) ) ;
#5349 = ORIENTED_EDGE ( 'NONE', *, *, #639, .F. ) ;
#5350 = SHAPE_REPRESENTATION ( 'socket head cap screw_am_B18.3.1M - 3 x 0.5 x 10 Hex SHCS -- 10NHX', ( #1582 ), #2114 ) ;
#5351 = VECTOR ( 'NONE', #4141, 1000.000000000000000 ) ;
#5352 = DIRECTION ( 'NONE',  ( -0.8698341170644249276, -0.4933443105892196812, -0.000000000000000000 ) ) ;
#5353 = VECTOR ( 'NONE', #3773, 1000.000000000000227 ) ;
#5354 = CARTESIAN_POINT ( 'NONE',  ( -7.500000000000001776, 12.50000000000000178, 67.50000000000000000 ) ) ;
#5355 = CIRCLE ( 'NONE', #6185, 0.1000000000000000472 ) ;
#5356 = VECTOR ( 'NONE', #154, 1000.000000000000000 ) ;
#5357 = DIRECTION ( 'NONE',  ( -0.5000000000000042188, 0.000000000000000000, 0.8660254037844361541 ) ) ;
#5358 = ORIENTED_EDGE ( 'NONE', *, *, #3398, .F. ) ;
#5359 = DIRECTION ( 'NONE',  ( 1.000000000000000000, 0.000000000000000000, 0.000000000000000000 ) ) ;
#5360 = VECTOR ( 'NONE', #3898, 1000.000000000000000 ) ;
#5361 = DIRECTION ( 'NONE',  ( 1.000000000000000000, 0.000000000000000000, 0.000000000000000000 ) ) ;
#5362 = AXIS2_PLACEMENT_3D ( 'NONE', #1452, #1000, #1978 ) ;
#5363 = DIRECTION ( 'NONE',  ( 0.000000000000000000, 0.000000000000000000, 1.000000000000000000 ) ) ;
#5364 = LINE ( 'NONE', #4995, #5631 ) ;
#5365 = CARTESIAN_POINT ( 'NONE',  ( 7.500000000000000000, 32.50000000000000000, 67.50000000000000000 ) ) ;
#5366 = VECTOR ( 'NONE', #1961, 1000.000000000000000 ) ;
#5367 = DIRECTION ( 'NONE',  ( -1.000000000000000000, -0.000000000000000000, -0.000000000000000000 ) ) ;
#5368 = VECTOR ( 'NONE', #15, 1000.000000000000000 ) ;
#5369 = ORIENTED_EDGE ( 'NONE', *, *, #4360, .F. ) ;
#5370 = DIRECTION ( 'NONE',  ( -0.000000000000000000, 1.320393690296331133E-15, 1.000000000000000000 ) ) ;
#5371 = EDGE_LOOP ( 'NONE', ( #5218, #326, #3256, #1159 ) ) ;
#5372 = ORIENTED_EDGE ( 'NONE', *, *, #3548, .F. ) ;
#5373 = PLANE ( 'NONE',  #1825 ) ;
#5374 = CIRCLE ( 'NONE', #3817, 1.499999999999997780 ) ;
#5375 = EDGE_CURVE ( 'NONE', #2186, #2009, #2240, .T. ) ;
#5376 = DIRECTION ( 'NONE',  ( 1.000000000000000000, 0.000000000000000000, 0.000000000000000000 ) ) ;
#5377 = FACE_OUTER_BOUND ( 'NONE', #5478, .T. ) ;
#5378 = CIRCLE ( 'NONE', #1240, 2.750000000000000000 ) ;
#5379 = CIRCLE ( 'NONE', #1752, 1.279999999999999805 ) ;
#5380 = CARTESIAN_POINT ( 'NONE',  ( 0.000000000000000000, 0.000000000000000000, -30.00000000000000000 ) ) ;
#5381 = EDGE_LOOP ( 'NONE', ( #2436, #3732, #5182, #2160 ) ) ;
#5382 = LINE ( 'NONE', #951, #830 ) ;
#5383 = VECTOR ( 'NONE', #5974, 1000.000000000000000 ) ;
#5384 = ORIENTED_EDGE ( 'NONE', *, *, #2925, .T. ) ;
#5385 = EDGE_CURVE ( 'NONE', #5797, #3285, #1266, .T. ) ;
#5386 = PRODUCT_DEFINITION_FORMATION_WITH_SPECIFIED_SOURCE ( 'ANY', '', #227, .NOT_KNOWN. ) ;
#5387 = EDGE_CURVE ( 'NONE', #2009, #1098, #5668, .T. ) ;
#5388 = AXIS2_PLACEMENT_3D ( 'NONE', #1476, #5586, #4975 ) ;
#5389 = ORIENTED_EDGE ( 'NONE', *, *, #4744, .T. ) ;
#5390 = DIRECTION ( 'NONE',  ( 0.000000000000000000, 0.000000000000000000, -1.000000000000000000 ) ) ;
#5391 = EDGE_CURVE ( 'NONE', #751, #1626, #3692, .T. ) ;
#5392 = DIRECTION ( 'NONE',  ( -1.000000000000000000, -5.551115123125782702E-17, 0.000000000000000000 ) ) ;
#5393 = CARTESIAN_POINT ( 'NONE',  ( -9.500000000000001776, 32.50000000000000000, 59.50000000000000711 ) ) ;
#5394 = LINE ( 'NONE', #502, #5577 ) ;
#5395 = ORIENTED_EDGE ( 'NONE', *, *, #1061, .F. ) ;
#5396 = PLANE ( 'NONE',  #4131 ) ;
#5397 = DIRECTION ( 'NONE',  ( 1.000000000000000000, 0.000000000000000000, 0.000000000000000000 ) ) ;
#5398 = ORIENTED_EDGE ( 'NONE', *, *, #1944, .T. ) ;
#5399 = DIRECTION ( 'NONE',  ( 0.000000000000000000, 0.000000000000000000, -1.000000000000000000 ) ) ;
#5400 = DIRECTION ( 'NONE',  ( -1.000000000000000000, -0.000000000000000000, -0.000000000000000000 ) ) ;
#5401 = LINE ( 'NONE', #4361, #3483 ) ;
#5402 = EDGE_LOOP ( 'NONE', ( #3943, #4171, #4522, #6147, #5200, #2129 ) ) ;
#5403 = SURFACE_STYLE_USAGE ( .BOTH. , #2454 ) ;
#5404 = ORIENTED_EDGE ( 'NONE', *, *, #2646, .F. ) ;
#5405 = ORIENTED_EDGE ( 'NONE', *, *, #3270, .F. ) ;
#5406 = DIRECTION ( 'NONE',  ( 1.000000000000000000, 0.000000000000000000, 0.000000000000000000 ) ) ;
#5407 = DIRECTION ( 'NONE',  ( -0.000000000000000000, -0.000000000000000000, 1.000000000000000000 ) ) ;
#5408 = CARTESIAN_POINT ( 'NONE',  ( 15.50000000000000178, -20.50000000000000355, 34.99999999999999289 ) ) ;
#5409 = DIRECTION ( 'NONE',  ( 0.000000000000000000, 1.000000000000000000, 0.000000000000000000 ) ) ;
#5410 = ORIENTED_EDGE ( 'NONE', *, *, #5336, .T. ) ;
#5411 = DIRECTION ( 'NONE',  ( -1.000000000000000000, 0.000000000000000000, 0.000000000000000000 ) ) ;
#5412 = EDGE_LOOP ( 'NONE', ( #2928, #3561 ) ) ;
#5413 = ORIENTED_EDGE ( 'NONE', *, *, #4856, .T. ) ;
#5414 = ADVANCED_FACE ( 'NONE', ( #6056 ), #1656, .F. ) ;
#5415 = DIRECTION ( 'NONE',  ( 0.000000000000000000, 0.000000000000000000, -1.000000000000000000 ) ) ;
#5416 = CARTESIAN_POINT ( 'NONE',  ( -12.49999999999999822, 17.50000000000000000, 75.50000000000001421 ) ) ;
#5417 = VERTEX_POINT ( 'NONE', #3622 ) ;
#5418 = MANIFOLD_SOLID_BREP ( 'Hex', #1726 ) ;
#5419 = EDGE_CURVE ( 'NONE', #6013, #5637, #288, .T. ) ;
#5420 = EDGE_CURVE ( 'NONE', #4306, #4991, #2115, .T. ) ;
#5421 = EDGE_LOOP ( 'NONE', ( #5202, #1809, #2492 ) ) ;
#5422 = CARTESIAN_POINT ( 'NONE',  ( -5.000000000000002665, 10.00000000000000178, -30.00000000000000000 ) ) ;
#5423 = DIRECTION ( 'NONE',  ( 0.000000000000000000, 0.000000000000000000, 1.000000000000000000 ) ) ;
#5424 = ORIENTED_EDGE ( 'NONE', *, *, #1420, .T. ) ;
#5425 = CARTESIAN_POINT ( 'NONE',  ( -13.99999999999999645, 17.50000000000000000, -58.70000000000000284 ) ) ;
#5426 = LINE ( 'NONE', #604, #6386 ) ;
#5427 = EDGE_CURVE ( 'NONE', #1851, #704, #1172, .T. ) ;
#5428 = FACE_OUTER_BOUND ( 'NONE', #612, .T. ) ;
#5429 = EDGE_LOOP ( 'NONE', ( #5834, #3426, #5305 ) ) ;
#5430 = DIRECTION ( 'NONE',  ( -1.000000000000000000, 0.000000000000000000, 0.000000000000000000 ) ) ;
#5431 = ORIENTED_EDGE ( 'NONE', *, *, #3149, .T. ) ;
#5432 = ORIENTED_EDGE ( 'NONE', *, *, #2816, .F. ) ;
#5433 = CARTESIAN_POINT ( 'NONE',  ( 2.039008344562727615, 0.000000000000000000, 0.000000000000000000 ) ) ;
#5434 = CARTESIAN_POINT ( 'NONE',  ( 10.99999999999999645, 17.49999999999999645, 34.99999999999999289 ) ) ;
#5435 = DIRECTION ( 'NONE',  ( -0.000000000000000000, -0.000000000000000000, 1.000000000000000000 ) ) ;
#5436 = DIRECTION ( 'NONE',  ( 1.000000000000000000, 0.000000000000000000, 0.000000000000000000 ) ) ;
#5437 = ORIENTED_EDGE ( 'NONE', *, *, #2500, .T. ) ;
#5438 = CARTESIAN_POINT ( 'NONE',  ( 12.49999999999999467, -17.50000000000000355, 34.99999999999999289 ) ) ;
#5439 = VERTEX_POINT ( 'NONE', #5641 ) ;
#5440 = FACE_BOUND ( 'NONE', #3666, .T. ) ;
#5441 = ORIENTED_EDGE ( 'NONE', *, *, #3859, .F. ) ;
#5442 = CARTESIAN_POINT ( 'NONE',  ( 1.300000000000000044, -0.7390083445627192438, 1.280000000000000915 ) ) ;
#5443 = CIRCLE ( 'NONE', #3061, 1.600000000000000311 ) ;
#5444 = AXIS2_PLACEMENT_3D ( 'NONE', #3844, #5829, #2405 ) ;
#5445 = EDGE_CURVE ( 'NONE', #4049, #1867, #1943, .T. ) ;
#5446 = DIRECTION ( 'NONE',  ( -0.7806100580731709648, -0.6250183495186368843, 0.000000000000000000 ) ) ;
#5447 = FACE_OUTER_BOUND ( 'NONE', #4561, .T. ) ;
#5448 = ORIENTED_EDGE ( 'NONE', *, *, #3360, .F. ) ;
#5449 = AXIS2_PLACEMENT_3D ( 'NONE', #4892, #57, #983 ) ;
#5450 = AXIS2_PLACEMENT_3D ( 'NONE', #2239, #3205, #3649 ) ;
#5451 = EDGE_LOOP ( 'NONE', ( #2736, #5575, #5424, #5548 ) ) ;
#5452 = LINE ( 'NONE', #4477, #2493 ) ;
#5453 = FACE_OUTER_BOUND ( 'NONE', #4806, .T. ) ;
#5454 = AXIS2_PLACEMENT_3D ( 'NONE', #855, #5248, #4370 ) ;
#5455 = EDGE_CURVE ( 'NONE', #5225, #2918, #2473, .T. ) ;
#5456 = ORIENTED_EDGE ( 'NONE', *, *, #5455, .F. ) ;
#5457 = EDGE_CURVE ( 'NONE', #5028, #4772, #6382, .T. ) ;
#5458 = DIRECTION ( 'NONE',  ( -0.000000000000000000, 1.000000000000000000, -0.000000000000000000 ) ) ;
#5459 = DIRECTION ( 'NONE',  ( 0.000000000000000000, -0.000000000000000000, 1.000000000000000000 ) ) ;
#5460 = VECTOR ( 'NONE', #185, 1000.000000000000000 ) ;
#5461 = DIRECTION ( 'NONE',  ( -0.000000000000000000, -0.000000000000000000, -1.000000000000000000 ) ) ;
#5462 = ORIENTED_EDGE ( 'NONE', *, *, #439, .T. ) ;
#5463 = DIRECTION ( 'NONE',  ( 1.000000000000000000, 0.000000000000000000, 0.000000000000000000 ) ) ;
#5464 = VERTEX_POINT ( 'NONE', #4986 ) ;
#5465 = CARTESIAN_POINT ( 'NONE',  ( -15.00000000000000000, 32.50000000000000000, -62.49999999999998579 ) ) ;
#5466 = EDGE_CURVE ( 'NONE', #4647, #5905, #1760, .T. ) ;
#5467 = DIRECTION ( 'NONE',  ( -1.000000000000000000, 0.000000000000000000, 0.000000000000000000 ) ) ;
#5468 = AXIS2_PLACEMENT_3D ( 'NONE', #5265, #2707, #3797 ) ;
#5469 = DIRECTION ( 'NONE',  ( 1.000000000000000000, 0.000000000000000000, 0.000000000000000000 ) ) ;
#5470 = DIRECTION ( 'NONE',  ( -0.000000000000000000, -0.000000000000000000, 1.000000000000000000 ) ) ;
#5471 = VERTEX_POINT ( 'NONE', #2505 ) ;
#5472 = CARTESIAN_POINT ( 'NONE',  ( 5.499999999999998224, 10.49999999999999467, 30.00000000000000000 ) ) ;
#5473 = AXIS2_PLACEMENT_3D ( 'NONE', #3144, #3651, #1203 ) ;
#5474 = VERTEX_POINT ( 'NONE', #6027 ) ;
#5475 = CIRCLE ( 'NONE', #2683, 1.499999999999997780 ) ;
#5476 = CARTESIAN_POINT ( 'NONE',  ( 14.00000000000000178, 17.50000000000000000, -67.50000000000000000 ) ) ;
#5477 = MANIFOLD_SOLID_BREP ( 'Mirror1', #3996 ) ;
#5478 = EDGE_LOOP ( 'NONE', ( #2995, #1009, #1205, #2474 ) ) ;
#5479 = AXIS2_PLACEMENT_3D ( 'NONE', #2109, #5570, #1607 ) ;
#5480 = CONICAL_SURFACE ( 'NONE', #623, 1.499999999999997780, 1.029744258676653645 ) ;
#5481 = PRODUCT_DEFINITION_FORMATION_WITH_SPECIFIED_SOURCE ( 'ANY', '', #5663, .NOT_KNOWN. ) ;
#5482 = CARTESIAN_POINT ( 'NONE',  ( 15.00000000000001421, 32.50000000000000000, 60.00000000000000000 ) ) ;
#5483 = VECTOR ( 'NONE', #2938, 1000.000000000000000 ) ;
#5484 = DIRECTION ( 'NONE',  ( 1.000000000000000000, 0.000000000000000000, 0.000000000000000000 ) ) ;
#5485 = AXIS2_PLACEMENT_3D ( 'NONE', #4189, #3096, #1187 ) ;
#5486 = ADVANCED_FACE ( 'NONE', ( #4008 ), #3044, .F. ) ;
#5487 = VERTEX_POINT ( 'NONE', #5476 ) ;
#5488 = DIRECTION ( 'NONE',  ( 0.000000000000000000, 1.000000000000000000, 2.503857664561932376E-16 ) ) ;
#5489 = ORIENTED_EDGE ( 'NONE', *, *, #5466, .T. ) ;
#5490 = CARTESIAN_POINT ( 'NONE',  ( -20.49999999999999645, -20.49999999999999645, 67.50000000000000000 ) ) ;
#5491 = CIRCLE ( 'NONE', #6111, 1.499999999999999556 ) ;
#5492 = ORIENTED_EDGE ( 'NONE', *, *, #4275, .F. ) ;
#5493 = LINE ( 'NONE', #5425, #883 ) ;
#5494 = PLANE ( 'NONE',  #6080 ) ;
#5495 = CARTESIAN_POINT ( 'NONE',  ( 1.300000000000000044, 1.478016689125442928, -1.734723475976807094E-15 ) ) ;
#5496 = ADVANCED_FACE ( 'NONE', ( #5440, #2592 ), #2554, .F. ) ;
#5497 = ADVANCED_FACE ( 'NONE', ( #25 ), #88, .T. ) ;
#5498 = ORIENTED_EDGE ( 'NONE', *, *, #3509, .T. ) ;
#5499 = FILL_AREA_STYLE ('',( #481 ) ) ;
#5500 = MANIFOLD_SOLID_BREP ( 'Hex', #169 ) ;
#5501 = ORIENTED_EDGE ( 'NONE', *, *, #898, .F. ) ;
#5502 = DIRECTION ( 'NONE',  ( -0.000000000000000000, 1.000000000000000000, -0.000000000000000000 ) ) ;
#5503 = ORIENTED_EDGE ( 'NONE', *, *, #4387, .F. ) ;
#5504 = CARTESIAN_POINT ( 'NONE',  ( 3.041421356237309581, 4.551754146147052173E-16, -2.558578643762691840 ) ) ;
#5505 = CARTESIAN_POINT ( 'NONE',  ( 5.500000000000001776, -12.50000000000000533, 30.00000000000000000 ) ) ;
#5506 = LINE ( 'NONE', #5006, #3579 ) ;
#5507 = ADVANCED_FACE ( 'NONE', ( #5213 ), #4832, .F. ) ;
#5508 = ADVANCED_FACE ( 'NONE', ( #6151 ), #4098, .F. ) ;
#5509 = ORIENTED_EDGE ( 'NONE', *, *, #2846, .F. ) ;
#5510 = DIRECTION ( 'NONE',  ( -1.000000000000000000, -0.000000000000000000, -0.000000000000000000 ) ) ;
#5511 = EDGE_LOOP ( 'NONE', ( #5517, #3848, #116, #3544 ) ) ;
#5512 = ORIENTED_EDGE ( 'NONE', *, *, #2424, .F. ) ;
#5513 = ADVANCED_FACE ( 'NONE', ( #4173 ), #605, .F. ) ;
#5514 = DIRECTION ( 'NONE',  ( 1.000000000000000000, 0.000000000000000000, 0.000000000000000000 ) ) ;
#5515 = CONTEXT_DEPENDENT_SHAPE_REPRESENTATION ( #2037, #1721 ) ;
#5516 = DIRECTION ( 'NONE',  ( 0.000000000000000000, 1.000000000000000000, 0.000000000000000000 ) ) ;
#5517 = ORIENTED_EDGE ( 'NONE', *, *, #3745, .F. ) ;
#5518 = EDGE_LOOP ( 'NONE', ( #3592, #6374, #4938 ) ) ;
#5519 = DIRECTION ( 'NONE',  ( -0.000000000000000000, -0.000000000000000000, -1.000000000000000000 ) ) ;
#5520 = CARTESIAN_POINT ( 'NONE',  ( 0.000000000000000000, 0.000000000000000000, 0.000000000000000000 ) ) ;
#5521 = LINE ( 'NONE', #3090, #2015 ) ;
#5522 = SHAPE_REPRESENTATION ( 'SLD_ASSEM', ( #1178, #5938, #2213, #3533, #767, #4376, #343, #974, #3236, #5207, #2824, #4577, #6033, #4063, #3240, #2936, #2007 ), #349 ) ;
#5523 = CARTESIAN_POINT ( 'NONE',  ( -5.499999999999998224, -12.50000000000000533, 0.000000000000000000 ) ) ;
#5524 = LINE ( 'NONE', #3187, #5042 ) ;
#5525 = ORIENTED_EDGE ( 'NONE', *, *, #3320, .F. ) ;
#5526 = DIRECTION ( 'NONE',  ( 0.000000000000000000, -0.000000000000000000, -1.000000000000000000 ) ) ;
#5527 = ORIENTED_EDGE ( 'NONE', *, *, #1944, .F. ) ;
#5528 = CYLINDRICAL_SURFACE ( 'NONE', #1644, 2.500000000000002220 ) ;
#5529 = CYLINDRICAL_SURFACE ( 'NONE', #4010, 1.500000000000000222 ) ;
#5530 = CARTESIAN_POINT ( 'NONE',  ( 3.182842712474619251, 3.061616997868384127E-16, -2.500000000000000888 ) ) ;
#5531 = EDGE_CURVE ( 'NONE', #644, #6120, #1737, .T. ) ;
#5532 = LINE ( 'NONE', #3135, #5460 ) ;
#5533 = ORIENTED_EDGE ( 'NONE', *, *, #1383, .F. ) ;
#5534 = LINE ( 'NONE', #977, #3718 ) ;
#5535 = ORIENTED_EDGE ( 'NONE', *, *, #2972, .T. ) ;
#5536 = FILL_AREA_STYLE_COLOUR ( '', #4323 ) ;
#5537 = ORIENTED_EDGE ( 'NONE', *, *, #4903, .T. ) ;
#5538 = EDGE_CURVE ( 'NONE', #4717, #4527, #4689, .T. ) ;
#5539 = ADVANCED_FACE ( 'NONE', ( #5708 ), #1682, .T. ) ;
#5540 = DIRECTION ( 'NONE',  ( 0.000000000000000000, 0.000000000000000000, 1.000000000000000000 ) ) ;
#5541 = CARTESIAN_POINT ( 'NONE',  ( 3.100000000000005418, 0.000000000000000000, 0.000000000000000000 ) ) ;
#5542 = PRODUCT_DEFINITION ( 'UNKNOWN', '', #203, #3536 ) ;
#5543 = ADVANCED_FACE ( 'NONE', ( #6053, #6182 ), #2745, .F. ) ;
#5544 = APPLICATION_PROTOCOL_DEFINITION ( 'draft international standard', 'automotive_design', 1998, #4269 ) ;
#5545 = CARTESIAN_POINT ( 'NONE',  ( 11.00000000000000355, 17.50000000000000000, -67.50000000000000000 ) ) ;
#5546 = AXIS2_PLACEMENT_3D ( 'NONE', #1245, #665, #4602 ) ;
#5547 = AXIS2_PLACEMENT_3D ( 'NONE', #2212, #5862, #3689 ) ;
#5548 = ORIENTED_EDGE ( 'NONE', *, *, #1487, .F. ) ;
#5549 = CARTESIAN_POINT ( 'NONE',  ( -14.99999999999998401, 22.50000000000000000, 60.00000000000000711 ) ) ;
#5550 = CARTESIAN_POINT ( 'NONE',  ( -22.49999999999999645, 22.50000000000000355, -57.50000000000000000 ) ) ;
#5551 = LINE ( 'NONE', #4573, #3899 ) ;
#5552 = APPLICATION_CONTEXT ( 'automotive_design' ) ;
#5553 = AXIS2_PLACEMENT_3D ( 'NONE', #4719, #1712, #3682 ) ;
#5554 = CYLINDRICAL_SURFACE ( 'NONE', #4733, 1.499999999999999556 ) ;
#5555 = ORIENTED_EDGE ( 'NONE', *, *, #4149, .F. ) ;
#5556 = FACE_OUTER_BOUND ( 'NONE', #172, .T. ) ;
#5557 = VECTOR ( 'NONE', #1329, 1000.000000000000000 ) ;
#5558 = ORIENTED_EDGE ( 'NONE', *, *, #2718, .T. ) ;
#5559 = ORIENTED_EDGE ( 'NONE', *, *, #3360, .T. ) ;
#5560 = CARTESIAN_POINT ( 'NONE',  ( -12.49999999999999822, -17.50000000000000000, 58.70000000000000284 ) ) ;
#5561 = UNCERTAINTY_MEASURE_WITH_UNIT (LENGTH_MEASURE( 1.000000000000000082E-05 ), #3558, 'distance_accuracy_value', 'NONE');
#5562 = AXIS2_PLACEMENT_3D ( 'NONE', #5998, #3946, #401 ) ;
#5563 = LINE ( 'NONE', #1129, #2162 ) ;
#5564 = LINE ( 'NONE', #3939, #4726 ) ;
#5565 = AXIS2_PLACEMENT_3D ( 'NONE', #2133, #6049, #4093 ) ;
#5566 = VECTOR ( 'NONE', #70, 1000.000000000000000 ) ;
#5567 = LINE ( 'NONE', #1132, #2883 ) ;
#5568 = VECTOR ( 'NONE', #2207, 1000.000000000000000 ) ;
#5569 = ORIENTED_EDGE ( 'NONE', *, *, #3714, .F. ) ;
#5570 = DIRECTION ( 'NONE',  ( 1.000000000000000000, 0.000000000000000000, 0.000000000000000000 ) ) ;
#5571 = EDGE_CURVE ( 'NONE', #2300, #2469, #5639, .T. ) ;
#5572 = VERTEX_POINT ( 'NONE', #1749 ) ;
#5573 = AXIS2_PLACEMENT_3D ( 'NONE', #6292, #5229, #1246 ) ;
#5574 = CARTESIAN_POINT ( 'NONE',  ( 0.000000000000000000, 0.000000000000000000, 0.000000000000000000 ) ) ;
#5575 = ORIENTED_EDGE ( 'NONE', *, *, #147, .T. ) ;
#5576 = VECTOR ( 'NONE', #3999, 1000.000000000000000 ) ;
#5577 = VECTOR ( 'NONE', #2860, 1000.000000000000000 ) ;
#5578 = DIRECTION ( 'NONE',  ( 0.000000000000000000, 0.000000000000000000, -1.000000000000000000 ) ) ;
#5579 = PLANE ( 'NONE',  #85 ) ;
#5580 = AXIS2_PLACEMENT_3D ( 'NONE', #1034, #1450, #5406 ) ;
#5581 = ADVANCED_FACE ( 'NONE', ( #3619 ), #5609, .F. ) ;
#5582 = EDGE_CURVE ( 'NONE', #3442, #1393, #4137, .T. ) ;
#5583 = CARTESIAN_POINT ( 'NONE',  ( -14.99999999999998401, 32.50000000000000000, 62.50000000000000000 ) ) ;
#5584 = AXIS2_PLACEMENT_3D ( 'NONE', #4619, #2235, #187 ) ;
#5585 = CONTEXT_DEPENDENT_SHAPE_REPRESENTATION ( #1253, #2656 ) ;
#5586 = DIRECTION ( 'NONE',  ( -0.000000000000000000, -0.000000000000000000, 1.000000000000000000 ) ) ;
#5587 = VECTOR ( 'NONE', #2709, 1000.000000000000000 ) ;
#5588 = EDGE_CURVE ( 'NONE', #2170, #6326, #1170, .T. ) ;
#5589 = ORIENTED_EDGE ( 'NONE', *, *, #4385, .F. ) ;
#5590 = FACE_OUTER_BOUND ( 'NONE', #4620, .T. ) ;
#5591 = CARTESIAN_POINT ( 'NONE',  ( 14.00000000000000178, 17.50000000000000000, -67.50000000000000000 ) ) ;
#5592 = CARTESIAN_POINT ( 'NONE',  ( 1.899999999999999911, -1.732050807568877859, -1.728583000645028615E-17 ) ) ;
#5593 = CIRCLE ( 'NONE', #3923, 2.499999999999996891 ) ;
#5594 = CARTESIAN_POINT ( 'NONE',  ( 3.041421356237309581, 0.000000000000000000, 2.558578643762691840 ) ) ;
#5595 = EDGE_CURVE ( 'NONE', #4608, #3418, #4201, .T. ) ;
#5596 = ORIENTED_EDGE ( 'NONE', *, *, #4666, .F. ) ;
#5597 = CARTESIAN_POINT ( 'NONE',  ( 1.300000000000000044, 1.690103923579303984E-15, 1.280000000000000027 ) ) ;
#5598 = AXIS2_PLACEMENT_3D ( 'NONE', #1461, #2508, #1990 ) ;
#5599 = ORIENTED_EDGE ( 'NONE', *, *, #2264, .T. ) ;
#5600 = ORIENTED_EDGE ( 'NONE', *, *, #3123, .T. ) ;
#5601 = CARTESIAN_POINT ( 'NONE',  ( -5.049999999999999822, -10.05000000000000071, 34.99999999999999289 ) ) ;
#5602 = VERTEX_POINT ( 'NONE', #3168 ) ;
#5603 = CARTESIAN_POINT ( 'NONE',  ( -7.500000000000000000, 32.50000000000000000, -67.50000000000000000 ) ) ;
#5604 = DIRECTION ( 'NONE',  ( 1.734723475976807341E-16, -1.000000000000000000, 0.000000000000000000 ) ) ;
#5605 = CARTESIAN_POINT ( 'NONE',  ( 1.899999999999999911, -6.505213034913026604E-16, -2.999999999999998224 ) ) ;
#5606 = VERTEX_POINT ( 'NONE', #255 ) ;
#5607 = DIRECTION ( 'NONE',  ( 0.000000000000000000, 1.000000000000000000, 0.000000000000000000 ) ) ;
#5608 = ORIENTED_EDGE ( 'NONE', *, *, #5970, .F. ) ;
#5609 = PLANE ( 'NONE',  #1018 ) ;
#5610 = CARTESIAN_POINT ( 'NONE',  ( -2.499999999999995115, 3.061616997868377225E-16, 345.0000000000000000 ) ) ;
#5611 = DIRECTION ( 'NONE',  ( -1.734723475976806848E-16, 0.000000000000000000, -1.000000000000000000 ) ) ;
#5612 = LINE ( 'NONE', #4595, #924 ) ;
#5613 = DIRECTION ( 'NONE',  ( -0.000000000000000000, 1.000000000000000000, -0.000000000000000000 ) ) ;
#5614 = VERTEX_POINT ( 'NONE', #5146 ) ;
#5615 = EDGE_CURVE ( 'NONE', #3005, #3708, #4660, .T. ) ;
#5616 = DIRECTION ( 'NONE',  ( -1.000000000000000000, 0.000000000000000000, 0.000000000000000000 ) ) ;
#5617 = PLANE ( 'NONE',  #6379 ) ;
#5618 = LINE ( 'NONE', #1119, #5319 ) ;
#5619 = CARTESIAN_POINT ( 'NONE',  ( -5.049999999999999822, -10.05000000000000071, 0.4142135623730955341 ) ) ;
#5620 = EDGE_CURVE ( 'NONE', #5001, #2676, #3204, .T. ) ;
#5621 = EDGE_CURVE ( 'NONE', #5128, #3850, #3578, .T. ) ;
#5622 = DIRECTION ( 'NONE',  ( -1.000000000000000000, 0.000000000000000000, 0.000000000000000000 ) ) ;
#5623 = EDGE_LOOP ( 'NONE', ( #1381, #4907, #1270 ) ) ;
#5624 = DIRECTION ( 'NONE',  ( 1.000000000000000000, -0.000000000000000000, -0.000000000000000000 ) ) ;
#5625 = ORIENTED_EDGE ( 'NONE', *, *, #6324, .F. ) ;
#5626 = ORIENTED_EDGE ( 'NONE', *, *, #4692, .T. ) ;
#5627 = DIRECTION ( 'NONE',  ( 1.000000000000000000, 0.000000000000000000, 0.000000000000000000 ) ) ;
#5628 = LINE ( 'NONE', #5132, #5992 ) ;
#5629 = CARTESIAN_POINT ( 'NONE',  ( 0.000000000000000000, 0.000000000000000000, 4.875000000000000000 ) ) ;
#5630 = EDGE_CURVE ( 'NONE', #3627, #6241, #2771, .T. ) ;
#5631 = VECTOR ( 'NONE', #3462, 1000.000000000000000 ) ;
#5632 = LINE ( 'NONE', #4167, #2871 ) ;
#5633 = EDGE_LOOP ( 'NONE', ( #5276, #5644, #50, #2196 ) ) ;
#5634 = CARTESIAN_POINT ( 'NONE',  ( -14.99999999999998401, 22.50000000000000000, 62.50000000000000000 ) ) ;
#5635 = ORIENTED_EDGE ( 'NONE', *, *, #3456, .T. ) ;
#5636 = ORIENTED_EDGE ( 'NONE', *, *, #1520, .F. ) ;
#5637 = VERTEX_POINT ( 'NONE', #2406 ) ;
#5638 = CIRCLE ( 'NONE', #2836, 1.499999999999999556 ) ;
#5639 = LINE ( 'NONE', #5187, #5882 ) ;
#5640 = CARTESIAN_POINT ( 'NONE',  ( -15.50000000000000178, 20.49999999999999289, 33.99999999999999289 ) ) ;
#5641 = CARTESIAN_POINT ( 'NONE',  ( 14.00000000000000178, 17.50000000000000000, 67.50000000000000000 ) ) ;
#5642 = CARTESIAN_POINT ( 'NONE',  ( -15.50000000000000178, 20.49999999999999289, 34.99999999999999289 ) ) ;
#5643 = CARTESIAN_POINT ( 'NONE',  ( -7.499999999999998224, -12.49999999999999822, 67.50000000000000000 ) ) ;
#5644 = ORIENTED_EDGE ( 'NONE', *, *, #6237, .T. ) ;
#5645 = ITEM_DEFINED_TRANSFORMATION ( 'NONE', 'NONE', #3533,  #1582 ) ;
#5646 = DIRECTION ( 'NONE',  ( 0.000000000000000000, 1.000000000000000000, 0.000000000000000000 ) ) ;
#5647 = EDGE_CURVE ( 'NONE', #444, #569, #1328, .T. ) ;
#5648 = DIRECTION ( 'NONE',  ( 0.000000000000000000, 0.000000000000000000, -1.000000000000000000 ) ) ;
#5649 = CARTESIAN_POINT ( 'NONE',  ( -9.500000000000001776, 14.50000000000000178, -67.50000000000000000 ) ) ;
#5650 = ORIENTED_EDGE ( 'NONE', *, *, #484, .T. ) ;
#5651 = CARTESIAN_POINT ( 'NONE',  ( 15.00000000000000000, 22.50000000000000000, -64.99999999999998579 ) ) ;
#5652 = VERTEX_POINT ( 'NONE', #382 ) ;
#5653 = CARTESIAN_POINT ( 'NONE',  ( -9.500000000000001776, 14.50000000000000178, -67.50000000000000000 ) ) ;
#5654 = EDGE_CURVE ( 'NONE', #4486, #4957, #5281, .T. ) ;
#5655 = ORIENTED_EDGE ( 'NONE', *, *, #5307, .F. ) ;
#5656 = ORIENTED_EDGE ( 'NONE', *, *, #2346, .T. ) ;
#5657 = DIRECTION ( 'NONE',  ( 0.000000000000000000, 0.000000000000000000, 1.000000000000000000 ) ) ;
#5658 = ADVANCED_FACE ( 'NONE', ( #422 ), #328, .F. ) ;
#5659 = ORIENTED_EDGE ( 'NONE', *, *, #5711, .T. ) ;
#5660 = AXIS2_PLACEMENT_3D ( 'NONE', #338, #5748, #793 ) ;
#5661 = CARTESIAN_POINT ( 'NONE',  ( 7.500000000000002665, -12.49999999999999822, -65.50000000000000000 ) ) ;
#5662 = DIRECTION ( 'NONE',  ( 0.000000000000000000, 0.000000000000000000, -1.000000000000000000 ) ) ;
#5663 = PRODUCT ( 'PRT-15', 'PRT-15', '', ( #6059 ) ) ;
#5664 = CIRCLE ( 'NONE', #392, 2.000000000000001776 ) ;
#5665 = DIRECTION ( 'NONE',  ( 0.000000000000000000, 0.000000000000000000, -1.000000000000000000 ) ) ;
#5666 = ORIENTED_EDGE ( 'NONE', *, *, #1821, .T. ) ;
#5667 = LINE ( 'NONE', #3164, #5903 ) ;
#5668 = CIRCLE ( 'NONE', #1842, 2.499999999999992895 ) ;
#5669 = ORIENTED_EDGE ( 'NONE', *, *, #4582, .T. ) ;
#5670 = ADVANCED_FACE ( 'NONE', ( #2368 ), #3302, .T. ) ;
#5671 = DIRECTION ( 'NONE',  ( -0.000000000000000000, -0.000000000000000000, 1.000000000000000000 ) ) ;
#5672 = VECTOR ( 'NONE', #6119, 1000.000000000000000 ) ;
#5673 = CARTESIAN_POINT ( 'NONE',  ( -15.50000000000000178, -20.50000000000000355, 33.99999999999999289 ) ) ;
#5674 = VECTOR ( 'NONE', #4709, 1000.000000000000000 ) ;
#5675 = SURFACE_SIDE_STYLE ('',( #2624 ) ) ;
#5676 = FACE_OUTER_BOUND ( 'NONE', #5518, .T. ) ;
#5677 = AXIS2_PLACEMENT_3D ( 'NONE', #750, #5665, #6146 ) ;
#5678 = VERTEX_POINT ( 'NONE', #5334 ) ;
#5679 = CARTESIAN_POINT ( 'NONE',  ( -15.50000000000000178, -22.50000000000000355, 34.99999999999999289 ) ) ;
#5680 = CIRCLE ( 'NONE', #2675, 1.499999999999999556 ) ;
#5681 = ORIENTED_EDGE ( 'NONE', *, *, #5615, .T. ) ;
#5682 = ITEM_DEFINED_TRANSFORMATION ( 'NONE', 'NONE', #2824,  #1582 ) ;
#5683 = AXIS2_PLACEMENT_3D ( 'NONE', #3125, #5096, #2634 ) ;
#5684 = DIRECTION ( 'NONE',  ( -1.000000000000000000, -0.000000000000000000, -0.000000000000000000 ) ) ;
#5685 = VECTOR ( 'NONE', #2557, 1000.000000000000000 ) ;
#5686 = DIRECTION ( 'NONE',  ( -1.000000000000000000, -0.000000000000000000, -0.000000000000000000 ) ) ;
#5687 = AXIS2_PLACEMENT_3D ( 'NONE', #342, #4288, #6297 ) ;
#5688 =( LENGTH_UNIT ( ) NAMED_UNIT ( * ) SI_UNIT ( .MILLI., .METRE. ) );
#5689 = CYLINDRICAL_SURFACE ( 'NONE', #5546, 2.750000000000000000 ) ;
#5690 = AXIS2_PLACEMENT_3D ( 'NONE', #4952, #4467, #2947 ) ;
#5691 = EDGE_CURVE ( 'NONE', #3716, #3820, #4298, .T. ) ;
#5692 = CARTESIAN_POINT ( 'NONE',  ( -17.50000000000000000, -22.50000000000000355, 33.99999999999999289 ) ) ;
#5693 = AXIS2_PLACEMENT_3D ( 'NONE', #964, #1440, #5397 ) ;
#5694 = EDGE_LOOP ( 'NONE', ( #923, #4168, #6318, #118, #2892 ) ) ;
#5695 = DIRECTION ( 'NONE',  ( 0.000000000000000000, 0.000000000000000000, -1.000000000000000000 ) ) ;
#5696 = ORIENTED_EDGE ( 'NONE', *, *, #475, .T. ) ;
#5697 = CARTESIAN_POINT ( 'NONE',  ( 0.000000000000000000, 5.970153145843347347E-16, -4.875000000000000000 ) ) ;
#5698 = UNCERTAINTY_MEASURE_WITH_UNIT (LENGTH_MEASURE( 1.000000000000000082E-05 ), #2387, 'distance_accuracy_value', 'NONE');
#5699 = AXIS2_PLACEMENT_3D ( 'NONE', #850, #5370, #1355 ) ;
#5700 = VERTEX_POINT ( 'NONE', #4367 ) ;
#5701 = DIRECTION ( 'NONE',  ( -1.000000000000000000, -1.734723475976807341E-16, 0.000000000000000000 ) ) ;
#5702 = EDGE_CURVE ( 'NONE', #6025, #2579, #6271, .T. ) ;
#5703 = CARTESIAN_POINT ( 'NONE',  ( 0.000000000000000000, -0.8660254037844388186, 1.500000000000000222 ) ) ;
#5704 = EDGE_LOOP ( 'NONE', ( #1766, #1449, #3984, #6082 ) ) ;
#5705 = DIRECTION ( 'NONE',  ( 0.000000000000000000, 0.000000000000000000, -1.000000000000000000 ) ) ;
#5706 = EDGE_LOOP ( 'NONE', ( #4551, #4716, #3799 ) ) ;
#5707 = ORIENTED_EDGE ( 'NONE', *, *, #5262, .F. ) ;
#5708 = FACE_OUTER_BOUND ( 'NONE', #1322, .T. ) ;
#5709 = CARTESIAN_POINT ( 'NONE',  ( -6.049999999999999822, 0.000000000000000000, 33.99999999999999289 ) ) ;
#5710 = ADVANCED_FACE ( 'NONE', ( #4242 ), #5159, .T. ) ;
#5711 = EDGE_CURVE ( 'NONE', #2688, #318, #3873, .T. ) ;
#5712 = DIRECTION ( 'NONE',  ( -0.000000000000000000, -0.000000000000000000, 1.000000000000000000 ) ) ;
#5713 = DIRECTION ( 'NONE',  ( 1.000000000000000000, 0.000000000000000000, 0.000000000000000000 ) ) ;
#5714 = EDGE_LOOP ( 'NONE', ( #2257, #3472, #1136, #3810 ) ) ;
#5715 = CARTESIAN_POINT ( 'NONE',  ( -22.49999999999999645, 22.50000000000000355, 57.50000000000000000 ) ) ;
#5716 = VERTEX_POINT ( 'NONE', #2817 ) ;
#5717 = DIRECTION ( 'NONE',  ( -1.000000000000000000, 0.000000000000000000, 0.000000000000000000 ) ) ;
#5718 = DIRECTION ( 'NONE',  ( -0.000000000000000000, -0.000000000000000000, 1.000000000000000000 ) ) ;
#5719 = CARTESIAN_POINT ( 'NONE',  ( -7.719712582092880024E-15, 0.000000000000000000, -313.4978484524310716 ) ) ;
#5720 = CARTESIAN_POINT ( 'NONE',  ( 1.899999999999999911, 0.8660254037844380415, 1.500000000000000000 ) ) ;
#5721 = ORIENTED_EDGE ( 'NONE', *, *, #4659, .F. ) ;
#5722 = DIRECTION ( 'NONE',  ( 1.734723475976806848E-16, -1.000000000000000000, -0.000000000000000000 ) ) ;
#5723 = FACE_BOUND ( 'NONE', #3387, .T. ) ;
#5724 = EDGE_LOOP ( 'NONE', ( #5636, #2970, #5669 ) ) ;
#5725 = LINE ( 'NONE', #4775, #6073 ) ;
#5726 = DIRECTION ( 'NONE',  ( 1.000000000000000000, 0.000000000000000000, 0.000000000000000000 ) ) ;
#5727 = CARTESIAN_POINT ( 'NONE',  ( 0.000000000000000000, 0.000000000000000000, -9.999999999999998224 ) ) ;
#5728 = CYLINDRICAL_SURFACE ( 'NONE', #5880, 2.499999999999995115 ) ;
#5729 = ORIENTED_EDGE ( 'NONE', *, *, #5691, .F. ) ;
#5730 = DIRECTION ( 'NONE',  ( 0.000000000000000000, 0.000000000000000000, 1.000000000000000000 ) ) ;
#5731 = ORIENTED_EDGE ( 'NONE', *, *, #3237, .T. ) ;
#5732 = ORIENTED_EDGE ( 'NONE', *, *, #4603, .F. ) ;
#5733 = ADVANCED_FACE ( 'NONE', ( #4272, #3389 ), #2336, .T. ) ;
#5734 = CARTESIAN_POINT ( 'NONE',  ( -5.500000000000001776, 10.49999999999999467, 30.00000000000000000 ) ) ;
#5735 = CARTESIAN_POINT ( 'NONE',  ( -14.00000000000000533, -17.50000000000000355, 34.99999999999999289 ) ) ;
#5736 = CARTESIAN_POINT ( 'NONE',  ( -13.99999999999999822, -17.50000000000000000, -67.50000000000000000 ) ) ;
#5737 = DIRECTION ( 'NONE',  ( 0.000000000000000000, -0.5000000000000001110, -0.8660254037844385966 ) ) ;
#5738 = CONICAL_SURFACE ( 'NONE', #667, 1.500000000000000000, 1.047197551196592746 ) ;
#5739 = EDGE_LOOP ( 'NONE', ( #2517, #965 ) ) ;
#5740 = ADVANCED_FACE ( 'NONE', ( #291 ), #6243, .T. ) ;
#5741 = ADVANCED_FACE ( 'NONE', ( #878 ), #3751, .T. ) ;
#5742 = ORIENTED_EDGE ( 'NONE', *, *, #2536, .T. ) ;
#5743 = PRODUCT_RELATED_PRODUCT_CATEGORY ( 'part', '', ( #5303 ) ) ;
#5744 = DIRECTION ( 'NONE',  ( -0.8571673007021110013, 0.000000000000000000, -0.5150380749100563760 ) ) ;
#5745 = ORIENTED_EDGE ( 'NONE', *, *, #2837, .T. ) ;
#5746 = PLANE ( 'NONE',  #5344 ) ;
#5747 = ADVANCED_FACE ( 'NONE', ( #354 ), #3700, .F. ) ;
#5748 = DIRECTION ( 'NONE',  ( -0.000000000000000000, -0.000000000000000000, -1.000000000000000000 ) ) ;
#5749 = DIRECTION ( 'NONE',  ( 1.000000000000000000, 0.000000000000000000, 0.000000000000000000 ) ) ;
#5750 = VERTEX_POINT ( 'NONE', #5831 ) ;
#5751 = LINE ( 'NONE', #2863, #317 ) ;
#5752 = EDGE_LOOP ( 'NONE', ( #3933, #558, #3146, #2193 ) ) ;
#5753 = CARTESIAN_POINT ( 'NONE',  ( -7.499999999999998224, -12.49999999999999822, -65.50000000000000000 ) ) ;
#5754 = DIRECTION ( 'NONE',  ( -0.000000000000000000, -0.000000000000000000, 1.000000000000000000 ) ) ;
#5755 = CARTESIAN_POINT ( 'NONE',  ( 15.00000000000000000, 22.50000000000000000, -62.49999999999999289 ) ) ;
#5756 = LINE ( 'NONE', #3347, #5965 ) ;
#5757 = ADVANCED_BREP_SHAPE_REPRESENTATION ( '', ( #1085, #1582 ), #1277 ) ;
#5758 = DIRECTION ( 'NONE',  ( 0.000000000000000000, 0.000000000000000000, -1.000000000000000000 ) ) ;
#5759 = ORIENTED_EDGE ( 'NONE', *, *, #5210, .T. ) ;
#5760 = CARTESIAN_POINT ( 'NONE',  ( 7.499999999999998224, 12.50000000000000178, 67.50000000000000000 ) ) ;
#5761 = VECTOR ( 'NONE', #544, 1000.000000000000000 ) ;
#5762 = ORIENTED_EDGE ( 'NONE', *, *, #4350, .T. ) ;
#5763 = CIRCLE ( 'NONE', #1104, 4.875000000000000000 ) ;
#5764 = ORIENTED_EDGE ( 'NONE', *, *, #2049, .T. ) ;
#5765 = DIRECTION ( 'NONE',  ( -1.000000000000000000, -0.000000000000000000, -0.000000000000000000 ) ) ;
#5766 = CARTESIAN_POINT ( 'NONE',  ( 2.499999999999995115, 3.061616997868377225E-16, -9.999999999999998224 ) ) ;
#5767 = AXIS2_PLACEMENT_3D ( 'NONE', #1112, #96, #2090 ) ;
#5768 = AXIS2_PLACEMENT_3D ( 'NONE', #5148, #2693, #4661 ) ;
#5769 = DIRECTION ( 'NONE',  ( 1.000000000000000000, 0.000000000000000000, 0.000000000000000000 ) ) ;
#5770 = EDGE_CURVE ( 'NONE', #2437, #1149, #4528, .T. ) ;
#5771 = FACE_BOUND ( 'NONE', #4067, .T. ) ;
#5772 = ORIENTED_EDGE ( 'NONE', *, *, #3080, .F. ) ;
#5773 = VECTOR ( 'NONE', #4261, 1000.000000000000000 ) ;
#5774 = AXIS2_PLACEMENT_3D ( 'NONE', #2974, #3104, #1543 ) ;
#5775 =( BOUNDED_CURVE ( )  B_SPLINE_CURVE ( 3, ( #6196, #2733, #3316, #1765 ),
 .UNSPECIFIED., .F., .T. ) 
 B_SPLINE_CURVE_WITH_KNOTS ( ( 4, 4 ),
 ( 0.000000000000000000, 1.570796326794896558 ),
 .UNSPECIFIED. ) 
 CURVE ( )  GEOMETRIC_REPRESENTATION_ITEM ( )  RATIONAL_B_SPLINE_CURVE ( ( 1.000000000000000000, 0.8047378541243649375, 0.8047378541243649375, 1.000000000000000000 ) ) 
 REPRESENTATION_ITEM ( '' )  );
#5776 = ORIENTED_EDGE ( 'NONE', *, *, #5445, .T. ) ;
#5777 = EDGE_CURVE ( 'NONE', #3219, #2896, #4849, .T. ) ;
#5778 = ADVANCED_FACE ( 'NONE', ( #1037, #3475 ), #4397, .T. ) ;
#5779 = VECTOR ( 'NONE', #3815, 1000.000000000000000 ) ;
#5780 = LINE ( 'NONE', #4793, #6317 ) ;
#5781 = VERTEX_POINT ( 'NONE', #4432 ) ;
#5782 = CARTESIAN_POINT ( 'NONE',  ( -15.00000000000000000, 32.50000000000000000, -62.49999999999998579 ) ) ;
#5783 = VECTOR ( 'NONE', #1062, 1000.000000000000114 ) ;
#5784 = AXIS2_PLACEMENT_3D ( 'NONE', #5034, #113, #143 ) ;
#5785 = EDGE_CURVE ( 'NONE', #751, #6329, #45, .T. ) ;
#5786 = EDGE_CURVE ( 'NONE', #5128, #634, #3938, .T. ) ;
#5787 = FACE_OUTER_BOUND ( 'NONE', #5706, .T. ) ;
#5788 = VERTEX_POINT ( 'NONE', #3445 ) ;
#5789 = DIRECTION ( 'NONE',  ( -0.000000000000000000, -0.000000000000000000, -1.000000000000000000 ) ) ;
#5790 = AXIS2_PLACEMENT_3D ( 'NONE', #5002, #576, #2546 ) ;
#5791 = VERTEX_POINT ( 'NONE', #5004 ) ;
#5792 = CARTESIAN_POINT ( 'NONE',  ( 4.999999999999999112, 1.173523437775241615E-15, 2.499999999999998224 ) ) ;
#5793 = DIRECTION ( 'NONE',  ( 0.000000000000000000, 0.000000000000000000, -1.000000000000000000 ) ) ;
#5794 = CARTESIAN_POINT ( 'NONE',  ( -17.50000000000000000, -22.50000000000000355, 34.99999999999999289 ) ) ;
#5795 = DIRECTION ( 'NONE',  ( -1.000000000000000000, 0.000000000000000000, 0.000000000000000000 ) ) ;
#5796 = EDGE_CURVE ( 'NONE', #244, #1024, #4034, .T. ) ;
#5797 = VERTEX_POINT ( 'NONE', #2034 ) ;
#5798 = DIRECTION ( 'NONE',  ( 0.000000000000000000, 0.5000000000000001110, 0.8660254037844385966 ) ) ;
#5799 = AXIS2_PLACEMENT_3D ( 'NONE', #1031, #3993, #3006 ) ;
#5800 = ORIENTED_EDGE ( 'NONE', *, *, #2951, .T. ) ;
#5801 = DIRECTION ( 'NONE',  ( -0.000000000000000000, 1.000000000000000000, -0.000000000000000000 ) ) ;
#5802 = CARTESIAN_POINT ( 'NONE',  ( -2.499999999999995115, 3.061616997868377225E-16, 9.999999999999998224 ) ) ;
#5803 = DIRECTION ( 'NONE',  ( 0.000000000000000000, 0.000000000000000000, -1.000000000000000000 ) ) ;
#5804 = DIRECTION ( 'NONE',  ( 1.000000000000000000, 0.000000000000000000, 0.000000000000000000 ) ) ;
#5805 = ORIENTED_EDGE ( 'NONE', *, *, #760, .F. ) ;
#5806 = AXIS2_PLACEMENT_3D ( 'NONE', #2895, #4863, #433 ) ;
#5807 = EDGE_LOOP ( 'NONE', ( #4133, #914, #5280, #5078 ) ) ;
#5808 = CONTEXT_DEPENDENT_SHAPE_REPRESENTATION ( #126, #5823 ) ;
#5809 = CARTESIAN_POINT ( 'NONE',  ( -2.499999999999995115, 0.000000000000000000, -9.999999999999998224 ) ) ;
#5810 = CARTESIAN_POINT ( 'NONE',  ( -9.500000000000001776, 32.50000000000000000, -59.50000000000000711 ) ) ;
#5811 = EDGE_CURVE ( 'NONE', #707, #4559, #1955, .T. ) ;
#5812 = SHAPE_REPRESENTATION_RELATIONSHIP ( 'NONE' , 'NONE' ,  #6186, #1741 ) ;
#5813 = DIRECTION ( 'NONE',  ( -1.000000000000000000, 0.000000000000000000, 0.000000000000000000 ) ) ;
#5814 = DIRECTION ( 'NONE',  ( -1.000000000000000000, -0.000000000000000000, -0.000000000000000000 ) ) ;
#5815 = ORIENTED_EDGE ( 'NONE', *, *, #6125, .T. ) ;
#5816 = CARTESIAN_POINT ( 'NONE',  ( 11.00000000000000533, 17.50000000000000000, -58.70000000000000284 ) ) ;
#5817 = FACE_OUTER_BOUND ( 'NONE', #3783, .T. ) ;
#5818 = ADVANCED_FACE ( 'NONE', ( #4881 ), #2941, .T. ) ;
#5819 = DIRECTION ( 'NONE',  ( -1.000000000000000000, 0.000000000000000000, 0.000000000000000000 ) ) ;
#5820 = EDGE_CURVE ( 'NONE', #5487, #2404, #5680, .T. ) ;
#5821 = CARTESIAN_POINT ( 'NONE',  ( -5.000000000000000888, 10.00000000000000178, 345.0000000000000000 ) ) ;
#5822 = CARTESIAN_POINT ( 'NONE',  ( 15.00000000000000000, 32.50000000000000000, -62.49999999999999289 ) ) ;
#5823 = PRODUCT_DEFINITION_SHAPE ( 'NONE', 'NONE',  #6412 ) ;
#5824 = CARTESIAN_POINT ( 'NONE',  ( -13.99999999999999645, -17.50000000000000000, -58.70000000000000284 ) ) ;
#5825 = ORIENTED_EDGE ( 'NONE', *, *, #2702, .F. ) ;
#5826 = DIRECTION ( 'NONE',  ( -0.000000000000000000, -0.000000000000000000, -1.000000000000000000 ) ) ;
#5827 = EDGE_LOOP ( 'NONE', ( #2273, #2086, #5976, #1844 ) ) ;
#5828 = ORIENTED_EDGE ( 'NONE', *, *, #5391, .T. ) ;
#5829 = DIRECTION ( 'NONE',  ( 1.000000000000000000, -0.000000000000000000, -0.000000000000000000 ) ) ;
#5830 = ADVANCED_FACE ( 'NONE', ( #5899 ), #3965, .T. ) ;
#5831 = CARTESIAN_POINT ( 'NONE',  ( -22.50000000000000000, -20.49999999999999645, -67.50000000000000000 ) ) ;
#5832 = CARTESIAN_POINT ( 'NONE',  ( 20.49999999999999645, 32.50000000000000000, 57.50000000000000000 ) ) ;
#5833 = CARTESIAN_POINT ( 'NONE',  ( 14.00000000000000000, -17.50000000000000000, -58.70000000000000284 ) ) ;
#5834 = ORIENTED_EDGE ( 'NONE', *, *, #3015, .T. ) ;
#5835 = CARTESIAN_POINT ( 'NONE',  ( 1.899999999999999911, -0.8660254037844388186, 1.500000000000000222 ) ) ;
#5836 = EDGE_LOOP ( 'NONE', ( #3747, #6050, #6338 ) ) ;
#5837 = ORIENTED_EDGE ( 'NONE', *, *, #5902, .F. ) ;
#5838 = AXIS2_PLACEMENT_3D ( 'NONE', #1221, #1833, #5301 ) ;
#5839 = CARTESIAN_POINT ( 'NONE',  ( -31.74999999999995737, 1.836970198721030181E-16, -1.500000000000000222 ) ) ;
#5840 = EDGE_LOOP ( 'NONE', ( #1493, #3397, #2365 ) ) ;
#5841 = VERTEX_POINT ( 'NONE', #3036 ) ;
#5842 = EDGE_LOOP ( 'NONE', ( #1114, #6112, #916, #4400 ) ) ;
#5843 = CARTESIAN_POINT ( 'NONE',  ( 0.05000000000001082745, -0.04999999999999883010, -351.0348971102516771 ) ) ;
#5844 =( LENGTH_UNIT ( ) NAMED_UNIT ( * ) SI_UNIT ( .MILLI., .METRE. ) );
#5845 = CYLINDRICAL_SURFACE ( 'NONE', #4534, 2.499999999999996447 ) ;
#5846 = ADVANCED_FACE ( 'NONE', ( #3010 ), #5529, .T. ) ;
#5847 = ORIENTED_EDGE ( 'NONE', *, *, #6157, .T. ) ;
#5848 = FACE_OUTER_BOUND ( 'NONE', #3452, .T. ) ;
#5849 = ORIENTED_EDGE ( 'NONE', *, *, #1658, .F. ) ;
#5850 = CARTESIAN_POINT ( 'NONE',  ( 15.50000000000000000, 21.49999999999999645, 33.99999999999999289 ) ) ;
#5851 = ORIENTED_EDGE ( 'NONE', *, *, #1061, .T. ) ;
#5852 = FACE_OUTER_BOUND ( 'NONE', #4783, .T. ) ;
#5853 = DIRECTION ( 'NONE',  ( -1.000000000000000000, -0.000000000000000000, -0.000000000000000000 ) ) ;
#5854 = LINE ( 'NONE', #1405, #2653 ) ;
#5855 = CARTESIAN_POINT ( 'NONE',  ( 0.000000000000000000, 3.061616997868384127E-16, -2.500000000000000888 ) ) ;
#5856 = EDGE_CURVE ( 'NONE', #6241, #3627, #5045, .T. ) ;
#5857 = EDGE_CURVE ( 'NONE', #2801, #4790, #5978, .T. ) ;
#5858 = EDGE_LOOP ( 'NONE', ( #429, #3176 ) ) ;
#5859 = DIRECTION ( 'NONE',  ( -1.000000000000000000, -0.000000000000000000, -0.000000000000000000 ) ) ;
#5860 = ORIENTED_EDGE ( 'NONE', *, *, #5630, .T. ) ;
#5861 = VERTEX_POINT ( 'NONE', #3510 ) ;
#5862 = DIRECTION ( 'NONE',  ( -0.000000000000000000, -0.000000000000000000, -1.000000000000000000 ) ) ;
#5863 = CARTESIAN_POINT ( 'NONE',  ( 13.00000000000000178, 1.219500000000000028, 0.000000000000000000 ) ) ;
#5864 = DIRECTION ( 'NONE',  ( -1.734723475976806848E-16, 0.000000000000000000, -1.000000000000000000 ) ) ;
#5865 = VECTOR ( 'NONE', #1379, 1000.000000000000000 ) ;
#5866 = CARTESIAN_POINT ( 'NONE',  ( 1.300000000000002709, 0.000000000000000000, 0.000000000000000000 ) ) ;
#5867 = AXIS2_PLACEMENT_3D ( 'NONE', #3356, #4366, #2913 ) ;
#5868 = EDGE_CURVE ( 'NONE', #4772, #6223, #5955, .T. ) ;
#5869 = EDGE_LOOP ( 'NONE', ( #2237, #3637 ) ) ;
#5870 = DIRECTION ( 'NONE',  ( 1.000000000000000000, 0.000000000000000000, 0.000000000000000000 ) ) ;
#5871 = VERTEX_POINT ( 'NONE', #5504 ) ;
#5872 = VECTOR ( 'NONE', #5165, 1000.000000000000000 ) ;
#5873 = ORIENTED_EDGE ( 'NONE', *, *, #5963, .F. ) ;
#5874 = VECTOR ( 'NONE', #1359, 1000.000000000000000 ) ;
#5875 = AXIS2_PLACEMENT_3D ( 'NONE', #1723, #3180, #2120 ) ;
#5876 = AXIS2_PLACEMENT_3D ( 'NONE', #2866, #1284, #5819 ) ;
#5877 = DIRECTION ( 'NONE',  ( 0.000000000000000000, 0.000000000000000000, 1.000000000000000000 ) ) ;
#5878 = EDGE_LOOP ( 'NONE', ( #3607, #1581 ) ) ;
#5879 = DIRECTION ( 'NONE',  ( -5.551115123125782702E-17, -2.775557561562891351E-17, -1.000000000000000000 ) ) ;
#5880 = AXIS2_PLACEMENT_3D ( 'NONE', #1287, #3255, #323 ) ;
#5881 = DIRECTION ( 'NONE',  ( 1.000000000000000000, 0.000000000000000000, -0.000000000000000000 ) ) ;
#5882 = VECTOR ( 'NONE', #2238, 1000.000000000000000 ) ;
#5883 = CARTESIAN_POINT ( 'NONE',  ( -11.00000000000000711, -17.50000000000000355, 34.99999999999999289 ) ) ;
#5884 = ORIENTED_EDGE ( 'NONE', *, *, #5811, .T. ) ;
#5885 = LINE ( 'NONE', #3408, #533 ) ;
#5886 = AXIS2_PLACEMENT_3D ( 'NONE', #4121, #666, #641 ) ;
#5887 = ORIENTED_EDGE ( 'NONE', *, *, #347, .F. ) ;
#5888 = DIRECTION ( 'NONE',  ( 0.000000000000000000, -0.000000000000000000, -1.000000000000000000 ) ) ;
#5889 = AXIS2_PLACEMENT_3D ( 'NONE', #817, #946, #2310 ) ;
#5890 = VERTEX_POINT ( 'NONE', #4978 ) ;
#5891 = DIRECTION ( 'NONE',  ( -1.000000000000000000, -0.000000000000000000, -0.000000000000000000 ) ) ;
#5892 = DIRECTION ( 'NONE',  ( 0.000000000000000000, 1.000000000000000000, -0.000000000000000000 ) ) ;
#5893 = AXIS2_PLACEMENT_3D ( 'NONE', #1142, #2211, #5116 ) ;
#5894 = FACE_OUTER_BOUND ( 'NONE', #3074, .T. ) ;
#5895 = VERTEX_POINT ( 'NONE', #2076 ) ;
#5896 = LINE ( 'NONE', #2518, #5483 ) ;
#5897 = ORIENTED_EDGE ( 'NONE', *, *, #2586, .T. ) ;
#5898 = DIRECTION ( 'NONE',  ( 0.000000000000000000, 0.000000000000000000, 1.000000000000000000 ) ) ;
#5899 = FACE_OUTER_BOUND ( 'NONE', #6304, .T. ) ;
#5900 = CYLINDRICAL_SURFACE ( 'NONE', #6177, 2.000000000000001776 ) ;
#5901 = VECTOR ( 'NONE', #3639, 1000.000000000000000 ) ;
#5902 = EDGE_CURVE ( 'NONE', #3005, #215, #6019, .T. ) ;
#5903 = VECTOR ( 'NONE', #5705, 1000.000000000000000 ) ;
#5904 = FACE_OUTER_BOUND ( 'NONE', #6265, .T. ) ;
#5905 = VERTEX_POINT ( 'NONE', #453 ) ;
#5906 = DIRECTION ( 'NONE',  ( -0.000000000000000000, -0.000000000000000000, 1.000000000000000000 ) ) ;
#5907 = ORIENTED_EDGE ( 'NONE', *, *, #725, .T. ) ;
#5908 = AXIS2_PLACEMENT_3D ( 'NONE', #5973, #2929, #470 ) ;
#5909 = EDGE_LOOP ( 'NONE', ( #457, #5413, #5041, #6335 ) ) ;
#5910 = EDGE_CURVE ( 'NONE', #1065, #3514, #2430, .T. ) ;
#5911 = ADVANCED_FACE ( 'NONE', ( #708 ), #748, .F. ) ;
#5912 = DIRECTION ( 'NONE',  ( -0.000000000000000000, -0.000000000000000000, 1.000000000000000000 ) ) ;
#5913 = EDGE_CURVE ( 'NONE', #4872, #2073, #3193, .T. ) ;
#5914 = DIRECTION ( 'NONE',  ( 5.551115123125782702E-17, 3.469446951953614189E-17, 1.000000000000000000 ) ) ;
#5915 = CARTESIAN_POINT ( 'NONE',  ( 1.300000000000000044, 1.478016689125442928, -1.734723475976807094E-15 ) ) ;
#5916 = DIRECTION ( 'NONE',  ( -0.000000000000000000, -0.000000000000000000, 1.000000000000000000 ) ) ;
#5917 = ORIENTED_EDGE ( 'NONE', *, *, #3745, .T. ) ;
#5918 = CARTESIAN_POINT ( 'NONE',  ( 1.899999999999999911, 0.8660254037844380415, 1.500000000000000000 ) ) ;
#5919 = CARTESIAN_POINT ( 'NONE',  ( 15.00000000000001421, 32.50000000000000000, 62.49999999999999289 ) ) ;
#5920 = EDGE_LOOP ( 'NONE', ( #5044, #7, #4416, #3914 ) ) ;
#5921 = CARTESIAN_POINT ( 'NONE',  ( 5.049999999999999822, 10.05000000000000071, 34.99999999999999289 ) ) ;
#5922 = FACE_OUTER_BOUND ( 'NONE', #3555, .T. ) ;
#5923 = DIRECTION ( 'NONE',  ( -0.000000000000000000, -0.000000000000000000, -1.000000000000000000 ) ) ;
#5924 = EDGE_LOOP ( 'NONE', ( #2195, #2482, #6156, #1385 ) ) ;
#5925 = CARTESIAN_POINT ( 'NONE',  ( 12.50000000000000178, -17.50000000000000000, -67.50000000000000000 ) ) ;
#5926 = ORIENTED_EDGE ( 'NONE', *, *, #4472, .T. ) ;
#5927 = FACE_OUTER_BOUND ( 'NONE', #4373, .T. ) ;
#5928 = DIRECTION ( 'NONE',  ( 0.000000000000000000, 0.000000000000000000, 1.000000000000000000 ) ) ;
#5929 = CARTESIAN_POINT ( 'NONE',  ( 15.50000000000000000, 22.49999999999999645, 33.99999999999999289 ) ) ;
#5930 = FACE_OUTER_BOUND ( 'NONE', #2566, .T. ) ;
#5931 = APPLICATION_CONTEXT ( 'automotive_design' ) ;
#5932 = ORIENTED_EDGE ( 'NONE', *, *, #3069, .F. ) ;
#5933 = LINE ( 'NONE', #2980, #1648 ) ;
#5934 = EDGE_CURVE ( 'NONE', #3850, #2842, #5177, .T. ) ;
#5935 = ORIENTED_EDGE ( 'NONE', *, *, #183, .F. ) ;
#5936 = DIRECTION ( 'NONE',  ( -1.000000000000000000, 0.000000000000000000, -0.000000000000000000 ) ) ;
#5937 = ORIENTED_EDGE ( 'NONE', *, *, #5857, .F. ) ;
#5938 = AXIS2_PLACEMENT_3D ( 'NONE', #6161, #1397, #6383 ) ;
#5939 = ADVANCED_FACE ( 'NONE', ( #2713 ), #826, .F. ) ;
#5940 = EDGE_CURVE ( 'NONE', #3786, #524, #1224, .T. ) ;
#5941 = FACE_OUTER_BOUND ( 'NONE', #4983, .T. ) ;
#5942 = CARTESIAN_POINT ( 'NONE',  ( -20.49999999999999645, -20.49999999999999645, -67.50000000000000000 ) ) ;
#5943 = EDGE_CURVE ( 'NONE', #892, #2003, #4651, .T. ) ;
#5944 = EDGE_LOOP ( 'NONE', ( #1423, #5384, #5860 ) ) ;
#5945 = CARTESIAN_POINT ( 'NONE',  ( 11.00000000000000533, 17.50000000000000000, -58.70000000000000284 ) ) ;
#5946 = PLANE ( 'NONE',  #1759 ) ;
#5947 = EDGE_LOOP ( 'NONE', ( #3691, #3259, #3268, #5462 ) ) ;
#5948 = LINE ( 'NONE', #1059, #34 ) ;
#5949 = PLANE ( 'NONE',  #268 ) ;
#5950 = DIRECTION ( 'NONE',  ( 0.000000000000000000, 0.000000000000000000, 1.000000000000000000 ) ) ;
#5951 = ORIENTED_EDGE ( 'NONE', *, *, #5654, .F. ) ;
#5952 = LINE ( 'NONE', #1566, #2791 ) ;
#5953 = ORIENTED_EDGE ( 'NONE', *, *, #381, .T. ) ;
#5954 = DIRECTION ( 'NONE',  ( 0.000000000000000000, -0.5000000000000001110, -0.8660254037844385966 ) ) ;
#5955 = LINE ( 'NONE', #79, #3084 ) ;
#5956 = FACE_OUTER_BOUND ( 'NONE', #1840, .T. ) ;
#5957 = DIRECTION ( 'NONE',  ( 0.000000000000000000, 0.000000000000000000, -1.000000000000000000 ) ) ;
#5958 = ORIENTED_EDGE ( 'NONE', *, *, #6014, .F. ) ;
#5959 = DIRECTION ( 'NONE',  ( -0.000000000000000000, -0.000000000000000000, 1.000000000000000000 ) ) ;
#5960 = ORIENTED_EDGE ( 'NONE', *, *, #4548, .T. ) ;
#5961 = CARTESIAN_POINT ( 'NONE',  ( -0.000000000000000000, -11.05000000000000071, 1.000000000000000000 ) ) ;
#5962 = EDGE_LOOP ( 'NONE', ( #1247, #2296, #3902, #98 ) ) ;
#5963 = EDGE_CURVE ( 'NONE', #5289, #3573, #4585, .T. ) ;
#5964 = LINE ( 'NONE', #4473, #2859 ) ;
#5965 = VECTOR ( 'NONE', #4874, 1000.000000000000000 ) ;
#5966 = VECTOR ( 'NONE', #6340, 1000.000000000000000 ) ;
#5967 = CARTESIAN_POINT ( 'NONE',  ( -12.49999999999999822, -17.50000000000000000, 75.50000000000001421 ) ) ;
#5968 = DIRECTION ( 'NONE',  ( -0.000000000000000000, 1.000000000000000000, -0.000000000000000000 ) ) ;
#5969 = EDGE_CURVE ( 'NONE', #5028, #777, #6172, .T. ) ;
#5970 = EDGE_CURVE ( 'NONE', #653, #3219, #4737, .T. ) ;
#5971 = CONICAL_SURFACE ( 'NONE', #5660, 1.499999999999997780, 1.029744258676653645 ) ;
#5972 = ORIENTED_EDGE ( 'NONE', *, *, #5427, .F. ) ;
#5973 = CARTESIAN_POINT ( 'NONE',  ( 0.000000000000000000, 0.000000000000000000, 30.00000000000000000 ) ) ;
#5974 = DIRECTION ( 'NONE',  ( -0.000000000000000000, -0.000000000000000000, 1.000000000000000000 ) ) ;
#5975 = VECTOR ( 'NONE', #5313, 1000.000000000000000 ) ;
#5976 = ORIENTED_EDGE ( 'NONE', *, *, #3662, .T. ) ;
#5977 = DIRECTION ( 'NONE',  ( 0.7071067811865473507, 8.659560562354936556E-17, 0.7071067811865477948 ) ) ;
#5978 =( BOUNDED_CURVE ( )  B_SPLINE_CURVE ( 3, ( #4944, #1939, #1542, #4462 ),
 .UNSPECIFIED., .F., .T. ) 
 B_SPLINE_CURVE_WITH_KNOTS ( ( 4, 4 ),
 ( 1.570796326794896558, 3.141592653589793116 ),
 .UNSPECIFIED. ) 
 CURVE ( )  GEOMETRIC_REPRESENTATION_ITEM ( )  RATIONAL_B_SPLINE_CURVE ( ( 1.000000000000000000, 0.8047378541243649375, 0.8047378541243649375, 1.000000000000000000 ) ) 
 REPRESENTATION_ITEM ( '' )  );
#5979 = FACE_BOUND ( 'NONE', #3202, .T. ) ;
#5980 = EDGE_CURVE ( 'NONE', #2063, #950, #5563, .T. ) ;
#5981 = EDGE_CURVE ( 'NONE', #1903, #2532, #2679, .T. ) ;
#5982 = CARTESIAN_POINT ( 'NONE',  ( -13.99999999999999822, -17.50000000000000000, -67.50000000000000000 ) ) ;
#5983 = EDGE_LOOP ( 'NONE', ( #22, #1298, #2931, #1769 ) ) ;
#5984 = FACE_BOUND ( 'NONE', #3534, .T. ) ;
#5985 = AXIS2_PLACEMENT_3D ( 'NONE', #3845, #5801, #4808 ) ;
#5986 = EDGE_LOOP ( 'NONE', ( #1501, #290, #6005, #4834 ) ) ;
#5987 = VERTEX_POINT ( 'NONE', #3710 ) ;
#5988 = DIRECTION ( 'NONE',  ( 1.734723475976806848E-16, -0.000000000000000000, -1.000000000000000000 ) ) ;
#5989 = CARTESIAN_POINT ( 'NONE',  ( 0.000000000000000000, 0.000000000000000000, 0.000000000000000000 ) ) ;
#5990 = VECTOR ( 'NONE', #3560, 1000.000000000000000 ) ;
#5991 = CARTESIAN_POINT ( 'NONE',  ( 5.049999999999999822, 10.05000000000000071, 1.000000000000000888 ) ) ;
#5992 = VECTOR ( 'NONE', #3103, 1000.000000000000227 ) ;
#5993 = DIRECTION ( 'NONE',  ( 0.000000000000000000, 0.000000000000000000, 1.000000000000000000 ) ) ;
#5994 = ORIENTED_EDGE ( 'NONE', *, *, #6285, .T. ) ;
#5995 = CARTESIAN_POINT ( 'NONE',  ( -15.00000000000000355, 20.99784845243109999, -62.49999999999998579 ) ) ;
#5996 = AXIS2_PLACEMENT_3D ( 'NONE', #3781, #5340, #4761 ) ;
#5997 = EDGE_LOOP ( 'NONE', ( #4669, #2285 ) ) ;
#5998 = CARTESIAN_POINT ( 'NONE',  ( 3.000000000000002665, 0.000000000000000000, 0.000000000000000000 ) ) ;
#5999 = ORIENTED_EDGE ( 'NONE', *, *, #4014, .T. ) ;
#6000 = VECTOR ( 'NONE', #2717, 1000.000000000000000 ) ;
#6001 = LINE ( 'NONE', #1143, #590 ) ;
#6002 = APPLICATION_PROTOCOL_DEFINITION ( 'draft international standard', 'automotive_design', 1998, #3147 ) ;
#6003 = DIRECTION ( 'NONE',  ( 1.000000000000000000, 0.000000000000000000, 0.000000000000000000 ) ) ;
#6004 = VECTOR ( 'NONE', #3636, 1000.000000000000000 ) ;
#6005 = ORIENTED_EDGE ( 'NONE', *, *, #2224, .T. ) ;
#6006 = CARTESIAN_POINT ( 'NONE',  ( -20.49999999999999645, 22.50000000000000355, -57.50000000000000000 ) ) ;
#6007 = ADVANCED_FACE ( 'NONE', ( #248 ), #508, .T. ) ;
#6008 = LINE ( 'NONE', #4384, #2286 ) ;
#6009 = AXIS2_PLACEMENT_3D ( 'NONE', #3241, #6193, #4253 ) ;
#6010 = ORIENTED_EDGE ( 'NONE', *, *, #789, .T. ) ;
#6011 = FACE_OUTER_BOUND ( 'NONE', #1337, .T. ) ;
#6012 = DIRECTION ( 'NONE',  ( -1.000000000000000000, 0.000000000000000000, 0.000000000000000000 ) ) ;
#6013 = VERTEX_POINT ( 'NONE', #4611 ) ;
#6014 = EDGE_CURVE ( 'NONE', #2134, #4992, #477, .T. ) ;
#6015 = ORIENTED_EDGE ( 'NONE', *, *, #5015, .T. ) ;
#6016 = LINE ( 'NONE', #4942, #5163 ) ;
#6017 = EDGE_CURVE ( 'NONE', #3433, #4717, #2166, .T. ) ;
#6018 = PRODUCT_DEFINITION_CONTEXT ( 'detailed design', #4140, 'design' ) ;
#6019 = LINE ( 'NONE', #3537, #6190 ) ;
#6020 = CARTESIAN_POINT ( 'NONE',  ( 7.500000000000001776, 32.50000000000000000, -59.50000000000000711 ) ) ;
#6021 = DIRECTION ( 'NONE',  ( -1.000000000000000000, 0.000000000000000000, 0.000000000000000000 ) ) ;
#6022 = ORIENTED_EDGE ( 'NONE', *, *, #2959, .F. ) ;
#6023 = CARTESIAN_POINT ( 'NONE',  ( -7.500000000000000000, -1.040834085586084257E-15, 30.00000000000000000 ) ) ;
#6024 = ORIENTED_EDGE ( 'NONE', *, *, #5385, .T. ) ;
#6025 = VERTEX_POINT ( 'NONE', #1602 ) ;
#6026 = ADVANCED_FACE ( 'NONE', ( #1676 ), #1852, .F. ) ;
#6027 = CARTESIAN_POINT ( 'NONE',  ( 22.50000000000000000, -20.49999999999999645, 67.50000000000000000 ) ) ;
#6028 = ORIENTED_EDGE ( 'NONE', *, *, #1575, .T. ) ;
#6029 = CARTESIAN_POINT ( 'NONE',  ( -14.00000000000000533, 17.49999999999999645, 30.00000000000000000 ) ) ;
#6030 = CARTESIAN_POINT ( 'NONE',  ( 0.7250000000000105249, 0.000000000000000000, 0.000000000000000000 ) ) ;
#6031 = SHAPE_DEFINITION_REPRESENTATION ( #4264, #3520 ) ;
#6032 = CARTESIAN_POINT ( 'NONE',  ( 0.000000000000000000, -0.7390083445627192438, 1.280000000000000915 ) ) ;
#6033 = AXIS2_PLACEMENT_3D ( 'NONE', #3404, #1014, #5914 ) ;
#6034 = ORIENTED_EDGE ( 'NONE', *, *, #6211, .F. ) ;
#6035 = DIRECTION ( 'NONE',  ( 0.8571673007021132218, 1.049727191138619805E-16, -0.5150380749100526012 ) ) ;
#6036 = DIRECTION ( 'NONE',  ( -0.000000000000000000, -0.000000000000000000, 1.000000000000000000 ) ) ;
#6037 = CARTESIAN_POINT ( 'NONE',  ( 0.000000000000000000, -21.50000000000000000, 34.99999999999999289 ) ) ;
#6038 = EDGE_CURVE ( 'NONE', #5417, #2319, #5628, .T. ) ;
#6039 = DIRECTION ( 'NONE',  ( -0.000000000000000000, -0.000000000000000000, -1.000000000000000000 ) ) ;
#6040 = VERTEX_POINT ( 'NONE', #216 ) ;
#6041 = LINE ( 'NONE', #3189, #1040 ) ;
#6042 = ORIENTED_EDGE ( 'NONE', *, *, #3457, .T. ) ;
#6043 = ORIENTED_EDGE ( 'NONE', *, *, #5595, .T. ) ;
#6044 = CARTESIAN_POINT ( 'NONE',  ( 1.899999999999999911, 0.8660254037844380415, 1.500000000000000000 ) ) ;
#6045 = CARTESIAN_POINT ( 'NONE',  ( 0.000000000000000000, -1.732050807568877859, -1.728583000645028615E-17 ) ) ;
#6046 = CARTESIAN_POINT ( 'NONE',  ( 12.50000000000000178, 17.50000000000000000, 67.50000000000000000 ) ) ;
#6047 = ADVANCED_FACE ( 'NONE', ( #6144 ), #3674, .F. ) ;
#6048 = ADVANCED_FACE ( 'NONE', ( #3346 ), #3323, .F. ) ;
#6049 = DIRECTION ( 'NONE',  ( -0.000000000000000000, -0.000000000000000000, -1.000000000000000000 ) ) ;
#6050 = ORIENTED_EDGE ( 'NONE', *, *, #4779, .T. ) ;
#6051 = LINE ( 'NONE', #1197, #6000 ) ;
#6052 = VERTEX_POINT ( 'NONE', #320 ) ;
#6053 = FACE_BOUND ( 'NONE', #4898, .T. ) ;
#6054 = ORIENTED_EDGE ( 'NONE', *, *, #4744, .F. ) ;
#6055 = EDGE_CURVE ( 'NONE', #2134, #4790, #896, .T. ) ;
#6056 = FACE_OUTER_BOUND ( 'NONE', #3644, .T. ) ;
#6057 = DIRECTION ( 'NONE',  ( 1.000000000000000000, 0.000000000000000000, 0.000000000000000000 ) ) ;
#6058 = DIRECTION ( 'NONE',  ( 0.000000000000000000, 0.000000000000000000, -1.000000000000000000 ) ) ;
#6059 = PRODUCT_CONTEXT ( 'NONE', #2293, 'mechanical' ) ;
#6060 = VERTEX_POINT ( 'NONE', #3805 ) ;
#6061 = CIRCLE ( 'NONE', #3266, 2.000000000000001776 ) ;
#6062 = AXIS2_PLACEMENT_3D ( 'NONE', #2534, #2147, #2183 ) ;
#6063 = ORIENTED_EDGE ( 'NONE', *, *, #5375, .F. ) ;
#6064 = LINE ( 'NONE', #4636, #4860 ) ;
#6065 = PRODUCT ( 'PRT-16', 'PRT-16', '', ( #1177 ) ) ;
#6066 = DIRECTION ( 'NONE',  ( -1.000000000000000000, -0.000000000000000000, -0.000000000000000000 ) ) ;
#6067 = AXIS2_PLACEMENT_3D ( 'NONE', #6353, #3051, #5881 ) ;
#6068 = FACE_OUTER_BOUND ( 'NONE', #3861, .T. ) ;
#6069 = VECTOR ( 'NONE', #1781, 1000.000000000000000 ) ;
#6070 = FACE_OUTER_BOUND ( 'NONE', #2874, .T. ) ;
#6071 = ORIENTED_EDGE ( 'NONE', *, *, #2122, .F. ) ;
#6072 = LINE ( 'NONE', #1124, #6004 ) ;
#6073 = VECTOR ( 'NONE', #2396, 1000.000000000000000 ) ;
#6074 = ORIENTED_EDGE ( 'NONE', *, *, #5103, .F. ) ;
#6075 = VECTOR ( 'NONE', #249, 1000.000000000000000 ) ;
#6076 = LINE ( 'NONE', #6167, #5901 ) ;
#6077 = CARTESIAN_POINT ( 'NONE',  ( -5.000000000000000000, -9.999999999999998224, 30.00000000000000000 ) ) ;
#6078 = CARTESIAN_POINT ( 'NONE',  ( 2.499999999999998668, 1.173523437775241615E-15, 2.499999999999998668 ) ) ;
#6079 = AXIS2_PLACEMENT_3D ( 'NONE', #2425, #5923, #1500 ) ;
#6080 = AXIS2_PLACEMENT_3D ( 'NONE', #1086, #4457, #9 ) ;
#6081 = FACE_OUTER_BOUND ( 'NONE', #427, .T. ) ;
#6082 = ORIENTED_EDGE ( 'NONE', *, *, #5963, .T. ) ;
#6083 = DIRECTION ( 'NONE',  ( 0.000000000000000000, 1.000000000000000000, -0.000000000000000000 ) ) ;
#6084 = ORIENTED_EDGE ( 'NONE', *, *, #5336, .F. ) ;
#6085 = ORIENTED_EDGE ( 'NONE', *, *, #597, .F. ) ;
#6086 = VERTEX_POINT ( 'NONE', #6206 ) ;
#6087 = EDGE_CURVE ( 'NONE', #3229, #3165, #2302, .T. ) ;
#6088 = DIRECTION ( 'NONE',  ( 0.000000000000000000, 0.000000000000000000, 1.000000000000000000 ) ) ;
#6089 = DIRECTION ( 'NONE',  ( -0.000000000000000000, -0.000000000000000000, 1.000000000000000000 ) ) ;
#6090 = AXIS2_PLACEMENT_3D ( 'NONE', #4372, #1330, #1295 ) ;
#6091 = LINE ( 'NONE', #1140, #5351 ) ;
#6092 = DIRECTION ( 'NONE',  ( -0.000000000000000000, -0.000000000000000000, -1.000000000000000000 ) ) ;
#6093 = AXIS2_PLACEMENT_3D ( 'NONE', #4487, #44, #2033 ) ;
#6094 = LINE ( 'NONE', #3145, #2038 ) ;
#6095 = ADVANCED_FACE ( 'NONE', ( #2327 ), #3742, .F. ) ;
#6096 = EDGE_CURVE ( 'NONE', #6040, #1716, #1349, .T. ) ;
#6097 = AXIS2_PLACEMENT_3D ( 'NONE', #1577, #3067, #752 ) ;
#6098 = PRODUCT_DEFINITION_FORMATION_WITH_SPECIFIED_SOURCE ( 'ANY', '', #165, .NOT_KNOWN. ) ;
#6099 = CIRCLE ( 'NONE', #310, 2.000000000000001776 ) ;
#6100 = ORIENTED_EDGE ( 'NONE', *, *, #3577, .F. ) ;
#6101 = CARTESIAN_POINT ( 'NONE',  ( -20.49999999999999645, 22.50000000000000355, 57.50000000000000000 ) ) ;
#6102 = ORIENTED_EDGE ( 'NONE', *, *, #5980, .T. ) ;
#6103 = DIRECTION ( 'NONE',  ( 0.000000000000000000, 0.000000000000000000, -1.000000000000000000 ) ) ;
#6104 = ADVANCED_FACE ( 'NONE', ( #806 ), #2867, .F. ) ;
#6105 = CIRCLE ( 'NONE', #3212, 2.000000000000000000 ) ;
#6106 = CARTESIAN_POINT ( 'NONE',  ( 1.300000000000000044, 0.7390083445627199099, -1.280000000000000693 ) ) ;
#6107 = EDGE_LOOP ( 'NONE', ( #4847, #1818, #5558, #2831, #3188 ) ) ;
#6108 = CARTESIAN_POINT ( 'NONE',  ( -14.99999999999998401, 32.50000000000000000, 65.00000000000000000 ) ) ;
#6109 = ORIENTED_EDGE ( 'NONE', *, *, #2100, .F. ) ;
#6110 = DIRECTION ( 'NONE',  ( 0.000000000000000000, 0.000000000000000000, -1.000000000000000000 ) ) ;
#6111 = AXIS2_PLACEMENT_3D ( 'NONE', #6224, #2249, #2825 ) ;
#6112 = ORIENTED_EDGE ( 'NONE', *, *, #156, .T. ) ;
#6113 = ORIENTED_EDGE ( 'NONE', *, *, #5427, .T. ) ;
#6114 = CARTESIAN_POINT ( 'NONE',  ( 1.899999999999999911, 0.8660254037844380415, -1.499999999999999556 ) ) ;
#6115 = ORIENTED_EDGE ( 'NONE', *, *, #4073, .T. ) ;
#6116 = DIRECTION ( 'NONE',  ( -0.000000000000000000, -1.000000000000000000, -0.000000000000000000 ) ) ;
#6117 = DIRECTION ( 'NONE',  ( -1.000000000000000000, 0.000000000000000000, 0.000000000000000000 ) ) ;
#6118 = ORIENTED_EDGE ( 'NONE', *, *, #4666, .T. ) ;
#6119 = DIRECTION ( 'NONE',  ( 0.000000000000000000, 1.000000000000000000, -1.320393690296331133E-15 ) ) ;
#6120 = VERTEX_POINT ( 'NONE', #6235 ) ;
#6121 = DIRECTION ( 'NONE',  ( 0.000000000000000000, -1.000000000000000000, 0.000000000000000000 ) ) ;
#6122 = ORIENTED_EDGE ( 'NONE', *, *, #4425, .F. ) ;
#6123 = DIRECTION ( 'NONE',  ( -1.000000000000000000, 0.000000000000000000, -1.734723475976806848E-16 ) ) ;
#6124 = DIRECTION ( 'NONE',  ( 1.000000000000000000, 0.000000000000000000, 0.000000000000000000 ) ) ;
#6125 = EDGE_CURVE ( 'NONE', #5871, #6199, #345, .T. ) ;
#6126 = FACE_BOUND ( 'NONE', #771, .T. ) ;
#6127 = FACE_OUTER_BOUND ( 'NONE', #857, .T. ) ;
#6128 = ORIENTED_EDGE ( 'NONE', *, *, #1659, .F. ) ;
#6129 = CONTEXT_DEPENDENT_SHAPE_REPRESENTATION ( #2786, #6174 ) ;
#6130 = EDGE_CURVE ( 'NONE', #2170, #5225, #3652, .T. ) ;
#6131 = EDGE_CURVE ( 'NONE', #3258, #5895, #1588, .T. ) ;
#6132 = CARTESIAN_POINT ( 'NONE',  ( -17.50000000000000000, 20.49999999999997868, 30.00000000000000000 ) ) ;
#6133 = CARTESIAN_POINT ( 'NONE',  ( 0.7250000000000105249, 0.000000000000000000, 4.875000000000000000 ) ) ;
#6134 = LINE ( 'NONE', #4079, #6150 ) ;
#6135 = CARTESIAN_POINT ( 'NONE',  ( -9.500000000000001776, 22.50000000000000355, -59.50000000000000711 ) ) ;
#6136 = EDGE_CURVE ( 'NONE', #5186, #858, #4840, .T. ) ;
#6137 = DIRECTION ( 'NONE',  ( -0.000000000000000000, -0.000000000000000000, -1.000000000000000000 ) ) ;
#6138 = ORIENTED_EDGE ( 'NONE', *, *, #2176, .F. ) ;
#6139 = FACE_OUTER_BOUND ( 'NONE', #4740, .T. ) ;
#6140 = EDGE_LOOP ( 'NONE', ( #1281, #5080, #4455, #4878 ) ) ;
#6141 = ORIENTED_EDGE ( 'NONE', *, *, #4297, .F. ) ;
#6142 = PLANE ( 'NONE',  #5049 ) ;
#6143 = VERTEX_POINT ( 'NONE', #1285 ) ;
#6144 = FACE_OUTER_BOUND ( 'NONE', #175, .T. ) ;
#6145 = DIRECTION ( 'NONE',  ( -0.000000000000000000, -0.000000000000000000, -1.000000000000000000 ) ) ;
#6146 = DIRECTION ( 'NONE',  ( -1.000000000000000000, 0.000000000000000000, 0.000000000000000000 ) ) ;
#6147 = ORIENTED_EDGE ( 'NONE', *, *, #2305, .T. ) ;
#6148 = DIRECTION ( 'NONE',  ( -0.000000000000000000, -0.000000000000000000, -1.000000000000000000 ) ) ;
#6149 = VERTEX_POINT ( 'NONE', #3293 ) ;
#6150 = VECTOR ( 'NONE', #4572, 1000.000000000000000 ) ;
#6151 = FACE_OUTER_BOUND ( 'NONE', #3774, .T. ) ;
#6152 = LINE ( 'NONE', #755, #4924 ) ;
#6153 = DIRECTION ( 'NONE',  ( -0.000000000000000000, 1.000000000000000000, -0.000000000000000000 ) ) ;
#6154 = CARTESIAN_POINT ( 'NONE',  ( -14.00000000000000533, 17.49999999999999645, 34.99999999999999289 ) ) ;
#6155 = CARTESIAN_POINT ( 'NONE',  ( -22.50000000000000000, 32.50000000000000000, -67.50000000000000000 ) ) ;
#6156 = ORIENTED_EDGE ( 'NONE', *, *, #2635, .F. ) ;
#6157 = EDGE_CURVE ( 'NONE', #998, #569, #5235, .T. ) ;
#6158 = LINE ( 'NONE', #3274, #4763 ) ;
#6159 = DIRECTION ( 'NONE',  ( -0.000000000000000000, -0.000000000000000000, -1.000000000000000000 ) ) ;
#6160 = EDGE_CURVE ( 'NONE', #2376, #5118, #2773, .T. ) ;
#6161 = CARTESIAN_POINT ( 'NONE',  ( 0.000000000000000000, 0.000000000000000000, 0.000000000000000000 ) ) ;
#6162 = DIRECTION ( 'NONE',  ( -1.000000000000000000, 0.000000000000000000, 0.000000000000000000 ) ) ;
#6163 = LINE ( 'NONE', #3218, #190 ) ;
#6164 = ORIENTED_EDGE ( 'NONE', *, *, #3283, .F. ) ;
#6165 = CYLINDRICAL_SURFACE ( 'NONE', #735, 1.499999999999999556 ) ;
#6166 = EDGE_LOOP ( 'NONE', ( #4163, #6215, #6122, #2348 ) ) ;
#6167 = CARTESIAN_POINT ( 'NONE',  ( 0.000000000000000000, 12.49999999999999467, 30.00000000000000000 ) ) ;
#6168 = ORIENTED_EDGE ( 'NONE', *, *, #3623, .F. ) ;
#6169 = AXIS2_PLACEMENT_3D ( 'NONE', #3338, #2759, #3246 ) ;
#6170 = EDGE_CURVE ( 'NONE', #2441, #3422, #3836, .T. ) ;
#6171 = ADVANCED_FACE ( 'NONE', ( #3771 ), #4358, .F. ) ;
#6172 = LINE ( 'NONE', #3612, #1125 ) ;
#6173 = CARTESIAN_POINT ( 'NONE',  ( 9.500000000000001776, 32.50000000000000000, -57.50000000000000000 ) ) ;
#6174 = PRODUCT_DEFINITION_SHAPE ( 'NONE', 'NONE',  #6405 ) ;
#6175 = VECTOR ( 'NONE', #6313, 1000.000000000000000 ) ;
#6176 = DIRECTION ( 'NONE',  ( 0.000000000000000000, 1.000000000000000000, 0.000000000000000000 ) ) ;
#6177 = AXIS2_PLACEMENT_3D ( 'NONE', #1883, #2311, #973 ) ;
#6178 = VERTEX_POINT ( 'NONE', #5204 ) ;
#6179 = CARTESIAN_POINT ( 'NONE',  ( 1.300000000000002709, 0.000000000000000000, 0.000000000000000000 ) ) ;
#6180 = ORIENTED_EDGE ( 'NONE', *, *, #6397, .F. ) ;
#6181 = EDGE_CURVE ( 'NONE', #378, #689, #5317, .T. ) ;
#6182 = FACE_OUTER_BOUND ( 'NONE', #4940, .T. ) ;
#6183 = AXIS2_PLACEMENT_3D ( 'NONE', #2233, #1165, #1572 ) ;
#6184 = DIRECTION ( 'NONE',  ( -0.000000000000000000, -0.000000000000000000, -1.000000000000000000 ) ) ;
#6185 = AXIS2_PLACEMENT_3D ( 'NONE', #3225, #5178, #3675 ) ;
#6186 = SHAPE_REPRESENTATION ( 'socket countersunk head screw_am_B18.3.5M - 5 x 0.8 x 30 Socket FCHS  -- 30N', ( #1582 ), #1376 ) ;
#6187 = DIRECTION ( 'NONE',  ( 0.000000000000000000, 0.000000000000000000, -1.000000000000000000 ) ) ;
#6188 = VECTOR ( 'NONE', #6362, 1000.000000000000227 ) ;
#6189 = DIRECTION ( 'NONE',  ( 1.000000000000000000, 0.000000000000000000, 0.000000000000000000 ) ) ;
#6190 = VECTOR ( 'NONE', #1093, 1000.000000000000000 ) ;
#6191 = ORIENTED_EDGE ( 'NONE', *, *, #5786, .T. ) ;
#6192 = CIRCLE ( 'NONE', #3814, 1.600000000000000311 ) ;
#6193 = DIRECTION ( 'NONE',  ( -0.000000000000000000, -0.000000000000000000, -1.000000000000000000 ) ) ;
#6194 = DIRECTION ( 'NONE',  ( 0.000000000000000000, -0.000000000000000000, -1.000000000000000000 ) ) ;
#6195 = FILL_AREA_STYLE ('',( #436 ) ) ;
#6196 = CARTESIAN_POINT ( 'NONE',  ( 7.499999999999998224, 12.50000000000000178, -65.50000000000000000 ) ) ;
#6197 = VECTOR ( 'NONE', #1469, 1000.000000000000000 ) ;
#6198 = EDGE_CURVE ( 'NONE', #473, #504, #278, .T. ) ;
#6199 = VERTEX_POINT ( 'NONE', #3930 ) ;
#6200 = LINE ( 'NONE', #1767, #1661 ) ;
#6201 = CARTESIAN_POINT ( 'NONE',  ( -5.049999999999999822, -10.05000000000000071, 1.000000000000000000 ) ) ;
#6202 = CIRCLE ( 'NONE', #2582, 2.500000000000002220 ) ;
#6203 = ORIENTED_EDGE ( 'NONE', *, *, #2022, .T. ) ;
#6204 = ORIENTED_EDGE ( 'NONE', *, *, #5902, .T. ) ;
#6205 = CARTESIAN_POINT ( 'NONE',  ( 1.300000000000002709, 0.000000000000000000, 0.000000000000000000 ) ) ;
#6206 = CARTESIAN_POINT ( 'NONE',  ( 17.50000000000000000, -20.50000000000000355, 33.99999999999999289 ) ) ;
#6207 = DIRECTION ( 'NONE',  ( -1.000000000000000000, 0.000000000000000000, 0.000000000000000000 ) ) ;
#6208 = CONICAL_SURFACE ( 'NONE', #97, 2.499999999999992895, 1.029744258676656310 ) ;
#6209 = DIRECTION ( 'NONE',  ( 0.8571673007021110013, 0.000000000000000000, 0.5150380749100563760 ) ) ;
#6210 = EDGE_CURVE ( 'NONE', #1391, #2447, #5364, .T. ) ;
#6211 = EDGE_CURVE ( 'NONE', #2282, #6230, #1442, .T. ) ;
#6212 = ORIENTED_EDGE ( 'NONE', *, *, #5457, .T. ) ;
#6213 = DIRECTION ( 'NONE',  ( 0.000000000000000000, 0.000000000000000000, -1.000000000000000000 ) ) ;
#6214 = ORIENTED_EDGE ( 'NONE', *, *, #5868, .T. ) ;
#6215 = ORIENTED_EDGE ( 'NONE', *, *, #6055, .T. ) ;
#6216 = CARTESIAN_POINT ( 'NONE',  ( 15.00000000000001421, 22.50000000000000000, 62.49999999999999289 ) ) ;
#6217 = FACE_OUTER_BOUND ( 'NONE', #668, .T. ) ;
#6218 = CARTESIAN_POINT ( 'NONE',  ( -13.99999999999999822, -17.50000000000000000, 67.50000000000000000 ) ) ;
#6219 = EDGE_CURVE ( 'NONE', #215, #109, #570, .T. ) ;
#6220 = PLANE ( 'NONE',  #5473 ) ;
#6221 = VERTEX_POINT ( 'NONE', #6360 ) ;
#6222 =( BOUNDED_CURVE ( )  B_SPLINE_CURVE ( 3, ( #1057, #568, #2539, #2061 ),
 .UNSPECIFIED., .F., .T. ) 
 B_SPLINE_CURVE_WITH_KNOTS ( ( 4, 4 ),
 ( 4.712388980384689674, 6.283185307179586232 ),
 .UNSPECIFIED. ) 
 CURVE ( )  GEOMETRIC_REPRESENTATION_ITEM ( )  RATIONAL_B_SPLINE_CURVE ( ( 1.000000000000000000, 0.8047378541243649375, 0.8047378541243649375, 1.000000000000000000 ) ) 
 REPRESENTATION_ITEM ( '' )  );
#6223 = VERTEX_POINT ( 'NONE', #2514 ) ;
#6224 = CARTESIAN_POINT ( 'NONE',  ( 12.49999999999999467, -17.50000000000000355, 30.00000000000000000 ) ) ;
#6225 = ORIENTED_EDGE ( 'NONE', *, *, #5273, .F. ) ;
#6226 = CARTESIAN_POINT ( 'NONE',  ( -5.000000000000004441, 8.673617379884034486E-16, 0.000000000000000000 ) ) ;
#6227 =( NAMED_UNIT ( * ) PLANE_ANGLE_UNIT ( ) SI_UNIT ( $, .RADIAN. ) );
#6228 = FACE_BOUND ( 'NONE', #1261, .T. ) ;
#6229 = FACE_OUTER_BOUND ( 'NONE', #1670, .T. ) ;
#6230 = VERTEX_POINT ( 'NONE', #69 ) ;
#6231 = FACE_BOUND ( 'NONE', #3721, .T. ) ;
#6232 = LINE ( 'NONE', #6201, #5169 ) ;
#6233 = EDGE_LOOP ( 'NONE', ( #493, #2848, #4364, #2343 ) ) ;
#6234 = CARTESIAN_POINT ( 'NONE',  ( -11.00000000000000178, -17.50000000000000000, -58.70000000000000284 ) ) ;
#6235 = CARTESIAN_POINT ( 'NONE',  ( 1.899999999999999911, -1.299038105676657784, 0.7500000000000000000 ) ) ;
#6236 = DIRECTION ( 'NONE',  ( 0.000000000000000000, -1.000000000000000000, -0.000000000000000000 ) ) ;
#6237 = EDGE_CURVE ( 'NONE', #4790, #352, #1025, .T. ) ;
#6238 = DIRECTION ( 'NONE',  ( -0.000000000000000000, -1.000000000000000000, -0.000000000000000000 ) ) ;
#6239 = EDGE_LOOP ( 'NONE', ( #3265, #119, #1169, #4004 ) ) ;
#6240 = PLANE ( 'NONE',  #2079 ) ;
#6241 = VERTEX_POINT ( 'NONE', #543 ) ;
#6242 = EDGE_LOOP ( 'NONE', ( #1496, #451, #1936, #3025 ) ) ;
#6243 = PLANE ( 'NONE',  #2987 ) ;
#6244 = DIRECTION ( 'NONE',  ( -1.000000000000000000, -0.000000000000000000, -0.000000000000000000 ) ) ;
#6245 = EDGE_CURVE ( 'NONE', #286, #2000, #2908, .T. ) ;
#6246 = ADVANCED_FACE ( 'NONE', ( #991 ), #2487, .T. ) ;
#6247 = LINE ( 'NONE', #4337, #2362 ) ;
#6248 = DIRECTION ( 'NONE',  ( 0.000000000000000000, 0.000000000000000000, -1.000000000000000000 ) ) ;
#6249 = VECTOR ( 'NONE', #5399, 1000.000000000000000 ) ;
#6250 = EDGE_LOOP ( 'NONE', ( #4353, #5308, #1058, #3052 ) ) ;
#6251 = EDGE_LOOP ( 'NONE', ( #3042, #5666, #4278 ) ) ;
#6252 = ADVANCED_FACE ( 'NONE', ( #4873 ), #5738, .F. ) ;
#6253 = ADVANCED_FACE ( 'NONE', ( #2999 ), #1690, .T. ) ;
#6254 = CARTESIAN_POINT ( 'NONE',  ( -11.00000000000000178, -17.50000000000000000, -58.70000000000000284 ) ) ;
#6255 = CARTESIAN_POINT ( 'NONE',  ( 22.50000000000000000, 22.50000000000000355, 67.50000000000000000 ) ) ;
#6256 = LINE ( 'NONE', #5354, #4816 ) ;
#6257 = DIRECTION ( 'NONE',  ( -1.000000000000000000, -0.000000000000000000, -0.000000000000000000 ) ) ;
#6258 = ORIENTED_EDGE ( 'NONE', *, *, #5868, .F. ) ;
#6259 = CARTESIAN_POINT ( 'NONE',  ( 15.50000000000000000, 22.49999999999999645, 34.99999999999999289 ) ) ;
#6260 = FACE_OUTER_BOUND ( 'NONE', #5944, .T. ) ;
#6261 = CYLINDRICAL_SURFACE ( 'NONE', #5346, 2.499999999999998224 ) ;
#6262 = DIRECTION ( 'NONE',  ( 0.000000000000000000, 1.000000000000000000, 0.000000000000000000 ) ) ;
#6263 = DIRECTION ( 'NONE',  ( 0.000000000000000000, 0.5150380749100549327, 0.8571673007021118895 ) ) ;
#6264 = LINE ( 'NONE', #1408, #2259 ) ;
#6265 = EDGE_LOOP ( 'NONE', ( #32, #583, #2513, #1460 ) ) ;
#6266 = DIRECTION ( 'NONE',  ( 1.387778780781445676E-16, -1.000000000000000000, 0.000000000000000000 ) ) ;
#6267 = AXIS2_PLACEMENT_3D ( 'NONE', #2615, #2232, #4194 ) ;
#6268 = ORIENTED_EDGE ( 'NONE', *, *, #4314, .T. ) ;
#6269 = AXIS2_PLACEMENT_3D ( 'NONE', #4179, #2699, #730 ) ;
#6270 = EDGE_LOOP ( 'NONE', ( #798, #6043, #4915, #5221, #4913 ) ) ;
#6271 = LINE ( 'NONE', #2783, #75 ) ;
#6272 = CARTESIAN_POINT ( 'NONE',  ( 9.500000000000001776, 32.50000000000000000, -59.50000000000000711 ) ) ;
#6273 = VECTOR ( 'NONE', #1587, 1000.000000000000114 ) ;
#6274 = VECTOR ( 'NONE', #1417, 1000.000000000000000 ) ;
#6275 = CARTESIAN_POINT ( 'NONE',  ( 1.899999999999999911, -1.732050807568877859, -1.728583000645028615E-17 ) ) ;
#6276 = AXIS2_PLACEMENT_3D ( 'NONE', #4116, #4601, #5648 ) ;
#6277 = PRODUCT_DEFINITION_SHAPE ( 'NONE', 'NONE',  #5542 ) ;
#6278 = PLANE ( 'NONE',  #2481 ) ;
#6279 = ADVANCED_FACE ( 'NONE', ( #510 ), #2541, .T. ) ;
#6280 = EDGE_LOOP ( 'NONE', ( #2029, #2421, #361, #4751 ) ) ;
#6281 = CIRCLE ( 'NONE', #594, 1.279999999999999805 ) ;
#6282 = ORIENTED_EDGE ( 'NONE', *, *, #2490, .T. ) ;
#6283 = AXIS2_PLACEMENT_3D ( 'NONE', #2177, #6123, #2112 ) ;
#6284 = EDGE_CURVE ( 'NONE', #3152, #1302, #4480, .T. ) ;
#6285 = EDGE_CURVE ( 'NONE', #644, #5097, #4934, .T. ) ;
#6286 = DIRECTION ( 'NONE',  ( 0.000000000000000000, -1.000000000000000000, 0.000000000000000000 ) ) ;
#6287 = DIRECTION ( 'NONE',  ( 0.000000000000000000, 0.000000000000000000, 1.000000000000000000 ) ) ;
#6288 = AXIS2_PLACEMENT_3D ( 'NONE', #134, #2123, #4081 ) ;
#6289 = SHAPE_REPRESENTATION_RELATIONSHIP ( 'NONE' , 'NONE' ,  #5350, #4283 ) ;
#6290 = FACE_OUTER_BOUND ( 'NONE', #5997, .T. ) ;
#6291 = AXIS2_PLACEMENT_3D ( 'NONE', #1163, #2642, #3063 ) ;
#6292 = CARTESIAN_POINT ( 'NONE',  ( 0.000000000000000000, 0.000000000000000000, 9.999999999999998224 ) ) ;
#6293 = ADVANCED_FACE ( 'NONE', ( #4456 ), #2064, .F. ) ;
#6294 = ORIENTED_EDGE ( 'NONE', *, *, #1077, .F. ) ;
#6295 = CARTESIAN_POINT ( 'NONE',  ( 7.500000000000002665, -12.49999999999999822, -65.50000000000000000 ) ) ;
#6296 = AXIS2_PLACEMENT_3D ( 'NONE', #3009, #4908, #5898 ) ;
#6297 = DIRECTION ( 'NONE',  ( 1.000000000000000000, 0.000000000000000000, 0.000000000000000000 ) ) ;
#6298 = LINE ( 'NONE', #935, #1941 ) ;
#6299 = DIRECTION ( 'NONE',  ( 0.000000000000000000, -0.000000000000000000, 1.000000000000000000 ) ) ;
#6300 = AXIS2_PLACEMENT_3D ( 'NONE', #5438, #5959, #1097 ) ;
#6301 = CARTESIAN_POINT ( 'NONE',  ( -13.99999999999999645, -17.50000000000000000, 58.70000000000000284 ) ) ;
#6302 = CIRCLE ( 'NONE', #3094, 4.875000000000000000 ) ;
#6303 = CARTESIAN_POINT ( 'NONE',  ( -5.049999999999999822, 10.05000000000000071, 33.99999999999999289 ) ) ;
#6304 = EDGE_LOOP ( 'NONE', ( #5145, #2981, #4208, #3941 ) ) ;
#6305 = CARTESIAN_POINT ( 'NONE',  ( -7.500000000000000000, -1.040834085586084257E-15, 0.000000000000000000 ) ) ;
#6306 = AXIS2_PLACEMENT_3D ( 'NONE', #1382, #5859, #5730 ) ;
#6307 = ORIENTED_EDGE ( 'NONE', *, *, #3159, .F. ) ;
#6308 = EDGE_LOOP ( 'NONE', ( #489, #1258, #1503, #5764, #2486, #5141 ) ) ;
#6309 = CARTESIAN_POINT ( 'NONE',  ( 15.50000000000000178, -21.50000000000000000, 34.99999999999999289 ) ) ;
#6310 = DIRECTION ( 'NONE',  ( 0.000000000000000000, -0.8660254037844391517, -0.4999999999999992784 ) ) ;
#6311 = CYLINDRICAL_SURFACE ( 'NONE', #3175, 2.000000000000000000 ) ;
#6312 = VECTOR ( 'NONE', #4835, 1000.000000000000000 ) ;
#6313 = DIRECTION ( 'NONE',  ( -0.000000000000000000, -0.000000000000000000, 1.000000000000000000 ) ) ;
#6314 = EDGE_LOOP ( 'NONE', ( #2298, #2124, #5887, #1384 ) ) ;
#6315 = DIRECTION ( 'NONE',  ( 0.000000000000000000, 0.000000000000000000, 1.000000000000000000 ) ) ;
#6316 = ORIENTED_EDGE ( 'NONE', *, *, #1429, .F. ) ;
#6317 = VECTOR ( 'NONE', #363, 1000.000000000000000 ) ;
#6318 = ORIENTED_EDGE ( 'NONE', *, *, #4023, .T. ) ;
#6319 = EDGE_CURVE ( 'NONE', #5001, #14, #2932, .T. ) ;
#6320 = DIRECTION ( 'NONE',  ( 1.000000000000000000, 0.000000000000000000, 0.000000000000000000 ) ) ;
#6321 = EDGE_LOOP ( 'NONE', ( #4031, #1477, #3443, #2173 ) ) ;
#6322 = DIRECTION ( 'NONE',  ( 1.000000000000000000, 0.000000000000000000, 0.000000000000000000 ) ) ;
#6323 = EDGE_CURVE ( 'NONE', #1260, #504, #2533, .T. ) ;
#6324 = EDGE_CURVE ( 'NONE', #5861, #5028, #5493, .T. ) ;
#6325 = CARTESIAN_POINT ( 'NONE',  ( 5.500000000000001776, -12.50000000000000533, 30.00000000000000000 ) ) ;
#6326 = VERTEX_POINT ( 'NONE', #1997 ) ;
#6327 = LINE ( 'NONE', #1310, #3106 ) ;
#6328 = CARTESIAN_POINT ( 'NONE',  ( -17.50000000000000000, -20.50000000000000355, 30.00000000000000000 ) ) ;
#6329 = VERTEX_POINT ( 'NONE', #3958 ) ;
#6330 = CARTESIAN_POINT ( 'NONE',  ( -5.049999999999999822, -10.05000000000000071, 33.99999999999999289 ) ) ;
#6331 = CARTESIAN_POINT ( 'NONE',  ( 1.300000000000000044, 1.478016689125442928, -1.734723475976807094E-15 ) ) ;
#6332 = CARTESIAN_POINT ( 'NONE',  ( -22.49999999999999645, 32.50000000000000000, -57.50000000000000000 ) ) ;
#6333 = EDGE_CURVE ( 'NONE', #1302, #2411, #5948, .T. ) ;
#6334 = CARTESIAN_POINT ( 'NONE',  ( -15.00000000000000000, 32.50000000000000000, -59.99999999999998579 ) ) ;
#6335 = ORIENTED_EDGE ( 'NONE', *, *, #3149, .F. ) ;
#6336 = FACE_OUTER_BOUND ( 'NONE', #6314, .T. ) ;
#6337 = APPLICATION_CONTEXT ( 'automotive_design' ) ;
#6338 = ORIENTED_EDGE ( 'NONE', *, *, #712, .T. ) ;
#6339 = EDGE_LOOP ( 'NONE', ( #6063, #1441, #1550 ) ) ;
#6340 = DIRECTION ( 'NONE',  ( -1.000000000000000000, 0.000000000000000000, 0.000000000000000000 ) ) ;
#6341 = DIRECTION ( 'NONE',  ( -0.000000000000000000, 1.000000000000000000, -0.000000000000000000 ) ) ;
#6342 = DIRECTION ( 'NONE',  ( 0.000000000000000000, -1.000000000000000000, 0.000000000000000000 ) ) ;
#6343 = AXIS2_PLACEMENT_3D ( 'NONE', #2856, #4828, #4183 ) ;
#6344 = LINE ( 'NONE', #4812, #4210 ) ;
#6345 = VERTEX_POINT ( 'NONE', #4153 ) ;
#6346 = FACE_BOUND ( 'NONE', #5412, .T. ) ;
#6347 = ORIENTED_EDGE ( 'NONE', *, *, #712, .F. ) ;
#6348 = EDGE_LOOP ( 'NONE', ( #5244, #4006, #5873, #3866 ) ) ;
#6349 = ORIENTED_EDGE ( 'NONE', *, *, #2244, .T. ) ;
#6350 = DIRECTION ( 'NONE',  ( -1.000000000000000000, -0.000000000000000000, -0.000000000000000000 ) ) ;
#6351 = EDGE_CURVE ( 'NONE', #6387, #4427, #4674, .T. ) ;
#6352 = DIRECTION ( 'NONE',  ( 0.1811949252604099503, -0.9834472019686032462, 2.775557561562891351E-17 ) ) ;
#6353 = CARTESIAN_POINT ( 'NONE',  ( 22.49999999999999645, 32.50000000000000000, 57.50000000000000000 ) ) ;
#6354 = CARTESIAN_POINT ( 'NONE',  ( 4.999999999999999112, 10.00000000000000178, 345.0000000000000000 ) ) ;
#6355 = ORIENTED_EDGE ( 'NONE', *, *, #4387, .T. ) ;
#6356 = DIRECTION ( 'NONE',  ( -1.000000000000000000, -0.000000000000000000, -0.000000000000000000 ) ) ;
#6357 = EDGE_CURVE ( 'NONE', #2234, #5417, #1211, .T. ) ;
#6358 = FACE_OUTER_BOUND ( 'NONE', #5947, .T. ) ;
#6359 = ORIENTED_EDGE ( 'NONE', *, *, #3868, .T. ) ;
#6360 = CARTESIAN_POINT ( 'NONE',  ( -14.00000000000000533, -17.50000000000000355, 34.99999999999999289 ) ) ;
#6361 = CARTESIAN_POINT ( 'NONE',  ( 12.99999999999999822, 0.000000000000000000, 1.219500000000000028 ) ) ;
#6362 = DIRECTION ( 'NONE',  ( 0.000000000000000000, 0.5000000000000002220, 0.8660254037844384856 ) ) ;
#6363 = VERTEX_POINT ( 'NONE', #4545 ) ;
#6364 = CARTESIAN_POINT ( 'NONE',  ( 1.899999999999999911, 1.299038105676657340, -0.7500000000000001110 ) ) ;
#6365 = EDGE_CURVE ( 'NONE', #2126, #2720, #6134, .T. ) ;
#6366 = ORIENTED_EDGE ( 'NONE', *, *, #432, .F. ) ;
#6367 = ORIENTED_EDGE ( 'NONE', *, *, #535, .F. ) ;
#6368 = CARTESIAN_POINT ( 'NONE',  ( 15.00000000000001421, 32.50000000000000000, 64.99999999999998579 ) ) ;
#6369 = EDGE_CURVE ( 'NONE', #1467, #892, #1593, .T. ) ;
#6370 = DIRECTION ( 'NONE',  ( 0.000000000000000000, 0.000000000000000000, 1.000000000000000000 ) ) ;
#6371 = DIRECTION ( 'NONE',  ( -0.8571673007021118895, 0.000000000000000000, -0.5150380749100549327 ) ) ;
#6372 = FACE_OUTER_BOUND ( 'NONE', #448, .T. ) ;
#6373 = AXIS2_PLACEMENT_3D ( 'NONE', #1685, #2117, #6058 ) ;
#6374 = ORIENTED_EDGE ( 'NONE', *, *, #6038, .F. ) ;
#6375 = CARTESIAN_POINT ( 'NONE',  ( 0.000000000000000000, 11.05000000000000071, 33.99999999999999289 ) ) ;
#6376 = ORIENTED_EDGE ( 'NONE', *, *, #1989, .F. ) ;
#6377 = MECHANICAL_DESIGN_GEOMETRIC_PRESENTATION_REPRESENTATION (  '', ( #4203 ), #3570 ) ;
#6378 = ORIENTED_EDGE ( 'NONE', *, *, #4304, .T. ) ;
#6379 = AXIS2_PLACEMENT_3D ( 'NONE', #236, #1689, #600 ) ;
#6380 = VECTOR ( 'NONE', #4557, 1000.000000000000000 ) ;
#6381 = CARTESIAN_POINT ( 'NONE',  ( 1.899999999999999911, 0.000000000000000000, 0.000000000000000000 ) ) ;
#6382 = CIRCLE ( 'NONE', #2466, 1.499999999999997780 ) ;
#6383 = DIRECTION ( 'NONE',  ( 1.000000000000000000, 0.000000000000000000, 0.000000000000000000 ) ) ;
#6384 = AXIS2_PLACEMENT_3D ( 'NONE', #5605, #5137, #5107 ) ;
#6385 = FACE_OUTER_BOUND ( 'NONE', #4540, .T. ) ;
#6386 = VECTOR ( 'NONE', #4971, 1000.000000000000114 ) ;
#6387 = VERTEX_POINT ( 'NONE', #2632 ) ;
#6388 = DIRECTION ( 'NONE',  ( -0.000000000000000000, -0.000000000000000000, 1.000000000000000000 ) ) ;
#6389 = EDGE_LOOP ( 'NONE', ( #5184, #251, #2071, #333, #6015 ) ) ;
#6390 = CARTESIAN_POINT ( 'NONE',  ( 5.049999999999999822, -10.05000000000000071, 34.99999999999999289 ) ) ;
#6391 = AXIS2_PLACEMENT_3D ( 'NONE', #3601, #6137, #1695 ) ;
#6392 = DIRECTION ( 'NONE',  ( 1.734723475976806848E-16, 0.000000000000000000, 1.000000000000000000 ) ) ;
#6393 = AXIS2_PLACEMENT_3D ( 'NONE', #3640, #2614, #2231 ) ;
#6394 = ORIENTED_EDGE ( 'NONE', *, *, #4304, .F. ) ;
#6395 = CARTESIAN_POINT ( 'NONE',  ( -31.74999999999995737, 0.000000000000000000, 0.000000000000000000 ) ) ;
#6396 = FACE_BOUND ( 'NONE', #3020, .T. ) ;
#6397 = EDGE_CURVE ( 'NONE', #1851, #2134, #5618, .T. ) ;
#6398 = DIRECTION ( 'NONE',  ( 3.469446951953613696E-16, -0.000000000000000000, -1.000000000000000000 ) ) ;
#6399 = ORIENTED_EDGE ( 'NONE', *, *, #3453, .F. ) ;
#6400 = ADVANCED_FACE ( 'NONE', ( #2571 ), #5061, .T. ) ;
#6401 = NEXT_ASSEMBLY_USAGE_OCCURRENCE ( 'NAUO1', ' ', ' ', #4710, #2652, $ ) ;
#6402 = NEXT_ASSEMBLY_USAGE_OCCURRENCE ( 'NAUO2', ' ', ' ', #4710, #5542, $ ) ;
#6403 = NEXT_ASSEMBLY_USAGE_OCCURRENCE ( 'NAUO3', ' ', ' ', #4710, #5542, $ ) ;
#6404 = NEXT_ASSEMBLY_USAGE_OCCURRENCE ( 'NAUO4', ' ', ' ', #4710, #1618, $ ) ;
#6405 = NEXT_ASSEMBLY_USAGE_OCCURRENCE ( 'NAUO5', ' ', ' ', #4710, #2572, $ ) ;
#6406 = NEXT_ASSEMBLY_USAGE_OCCURRENCE ( 'NAUO6', ' ', ' ', #4710, #2572, $ ) ;
#6407 = NEXT_ASSEMBLY_USAGE_OCCURRENCE ( 'NAUO7', ' ', ' ', #4710, #2432, $ ) ;
#6408 = NEXT_ASSEMBLY_USAGE_OCCURRENCE ( 'NAUO8', ' ', ' ', #4710, #2432, $ ) ;
#6409 = NEXT_ASSEMBLY_USAGE_OCCURRENCE ( 'NAUO9', ' ', ' ', #4710, #2432, $ ) ;
#6410 = NEXT_ASSEMBLY_USAGE_OCCURRENCE ( 'NAUO10', ' ', ' ', #4710, #2432, $ ) ;
#6411 = NEXT_ASSEMBLY_USAGE_OCCURRENCE ( 'NAUO11', ' ', ' ', #4710, #2432, $ ) ;
#6412 = NEXT_ASSEMBLY_USAGE_OCCURRENCE ( 'NAUO12', ' ', ' ', #4710, #2432, $ ) ;
#6413 = NEXT_ASSEMBLY_USAGE_OCCURRENCE ( 'NAUO13', ' ', ' ', #4710, #2432, $ ) ;
#6414 = NEXT_ASSEMBLY_USAGE_OCCURRENCE ( 'NAUO14', ' ', ' ', #4710, #2432, $ ) ;
#6415 = NEXT_ASSEMBLY_USAGE_OCCURRENCE ( 'NAUO15', ' ', ' ', #4710, #120, $ ) ;
#6416 = NEXT_ASSEMBLY_USAGE_OCCURRENCE ( 'NAUO16', ' ', ' ', #4710, #120, $ ) ;
ENDSEC;
END-ISO-10303-21;
